month,position,industry,return,universe,weighting
1926-10,7,Books,0.0537,ff49,ew
1926-11,7,Books,-0.0662,ff49,ew
1926-12,11,MedEq,-0.0313,ff49,ew
1927-01,37,LabEq,-0.0301,ff49,ew
1927-02,12,Drugs,0.0132,ff49,ew
1927-03,36,Chips,-0.0617,ff49,ew
1927-04,41,Whlsl,-0.1568,ff49,ew
1927-05,34,Hardw,0.0518,ff49,ew
1927-06,34,Hardw,-0.0147,ff49,ew
1927-07,3,Beer,0.0659,ff49,ew
1927-08,3,Beer,-0.054400000000000004,ff49,ew
1927-09,23,Aero,0.1765,ff49,ew
1927-10,23,Aero,-0.1833,ff49,ew
1927-11,45,Insur,0.08779999999999999,ff49,ew
1927-12,0,Agric,-0.0472,ff49,ew
1928-01,45,Insur,-0.0275,ff49,ew
1928-02,23,Aero,-0.09820000000000001,ff49,ew
1928-03,23,Aero,0.2483,ff49,ew
1928-04,27,Mines,0.051399999999999994,ff49,ew
1928-05,23,Aero,0.19879999999999998,ff49,ew
1928-06,23,Aero,-0.11689999999999999,ff49,ew
1928-07,23,Aero,0.048,ff49,ew
1928-08,23,Aero,0.1528,ff49,ew
1928-09,3,Beer,-0.0178,ff49,ew
1928-10,23,Aero,-0.0622,ff49,ew
1928-11,6,Fun,0.2034,ff49,ew
1928-12,23,Aero,-0.0043,ff49,ew
1929-01,23,Aero,0.024900000000000002,ff49,ew
1929-02,23,Aero,0.0207,ff49,ew
1929-03,44,Banks,-0.023399999999999997,ff49,ew
1929-04,47,Fin,0.0256,ff49,ew
1929-05,17,Cnstr,-0.15,ff49,ew
1929-06,21,ElcEq,0.1329,ff49,ew
1929-07,30,Util,0.0799,ff49,ew
1929-08,32,PerSv,-0.1056,ff49,ew
1929-09,30,Util,0.0209,ff49,ew
1929-10,34,Hardw,-0.2377,ff49,ew
1929-11,37,LabEq,-0.15109999999999998,ff49,ew
1929-12,46,RlEst,-0.0521,ff49,ew
1930-01,7,Books,0.0171,ff49,ew
1930-02,38,Paper,-0.0776,ff49,ew
1930-03,38,Paper,0.0767,ff49,ew
1930-04,5,Toys,-0.3098,ff49,ew
1930-05,6,Fun,-0.08650000000000001,ff49,ew
1930-06,6,Fun,-0.226,ff49,ew
1930-07,12,Drugs,0.0681,ff49,ew
1930-08,12,Drugs,0.046,ff49,ew
1930-09,12,Drugs,-0.053200000000000004,ff49,ew
1930-10,32,PerSv,-0.1346,ff49,ew
1930-11,12,Drugs,-0.0256,ff49,ew
1930-12,32,PerSv,-0.134,ff49,ew
1931-01,7,Books,-0.0218,ff49,ew
1931-02,32,PerSv,0.3115,ff49,ew
1931-03,38,Paper,-0.1636,ff49,ew
1931-04,32,PerSv,-0.1739,ff49,ew
1931-05,32,PerSv,-0.15789999999999998,ff49,ew
1931-06,32,PerSv,0.2917,ff49,ew
1931-07,44,Banks,-0.1562,ff49,ew
1931-08,0,Agric,-0.1424,ff49,ew
1931-09,29,Oil,-0.369,ff49,ew
1931-10,31,Telcm,0.0101,ff49,ew
1931-11,3,Beer,-0.0673,ff49,ew
1931-12,44,Banks,-0.21309999999999998,ff49,ew
1932-01,0,Agric,-0.09820000000000001,ff49,ew
1932-02,4,Smoke,0.0103,ff49,ew
1932-03,3,Beer,-0.0199,ff49,ew
1932-04,9,Clths,-0.2133,ff49,ew
1932-05,5,Toys,-0.4301,ff49,ew
1932-06,29,Oil,0.039599999999999996,ff49,ew
1932-07,3,Beer,0.1509,ff49,ew
1932-08,0,Agric,0.7568,ff49,ew
1932-09,0,Agric,-0.2137,ff49,ew
1932-10,0,Agric,-0.1968,ff49,ew
1932-11,38,Paper,0.0,ff49,ew
1932-12,11,MedEq,-0.07690000000000001,ff49,ew
1933-01,37,LabEq,0.06849999999999999,ff49,ew
1933-02,37,LabEq,-0.1282,ff49,ew
1933-03,4,Smoke,0.08990000000000001,ff49,ew
1933-04,5,Toys,0.1471,ff49,ew
1933-05,1,Food,0.2956,ff49,ew
1933-06,38,Paper,0.0909,ff49,ew
1933-07,41,Whlsl,-0.044800000000000006,ff49,ew
1933-08,38,Paper,-0.1739,ff49,ew
1933-09,41,Whlsl,-0.2188,ff49,ew
1933-10,36,Chips,-0.1697,ff49,ew
1933-11,3,Beer,-0.0693,ff49,ew
1933-12,36,Chips,0.1955,ff49,ew
1934-01,36,Chips,0.48810000000000003,ff49,ew
1934-02,36,Chips,-0.0163,ff49,ew
1934-03,36,Chips,-0.0425,ff49,ew
1934-04,41,Whlsl,0.0103,ff49,ew
1934-05,38,Paper,-0.22949999999999998,ff49,ew
1934-06,0,Agric,0.0255,ff49,ew
1934-07,0,Agric,-0.12279999999999999,ff49,ew
1934-08,37,LabEq,0.028399999999999998,ff49,ew
1934-09,4,Smoke,-0.0088,ff49,ew
1934-10,37,LabEq,0.0576,ff49,ew
1934-11,6,Fun,0.0603,ff49,ew
1934-12,38,Paper,0.10710000000000001,ff49,ew
1935-01,38,Paper,-0.22579999999999997,ff49,ew
1935-02,38,Paper,-0.3333,ff49,ew
1935-03,44,Banks,-0.0288,ff49,ew
1935-04,37,LabEq,0.1524,ff49,ew
1935-05,36,Chips,-0.029900000000000003,ff49,ew
1935-06,38,Paper,-0.0645,ff49,ew
1935-07,38,Paper,0.10339999999999999,ff49,ew
1935-08,38,Paper,0.0,ff49,ew
1935-09,32,PerSv,0.0043,ff49,ew
1935-10,38,Paper,-0.25,ff49,ew
1935-11,17,Cnstr,-0.0011,ff49,ew
1935-12,33,BusSv,0.028900000000000002,ff49,ew
1936-01,17,Cnstr,0.18239999999999998,ff49,ew
1936-02,33,BusSv,0.0682,ff49,ew
1936-03,38,Paper,-0.0508,ff49,ew
1936-04,33,BusSv,-0.1483,ff49,ew
1936-05,14,Rubbr,0.11699999999999999,ff49,ew
1936-06,44,Banks,-0.01,ff49,ew
1936-07,32,PerSv,0.27140000000000003,ff49,ew
1936-08,32,PerSv,0.0617,ff49,ew
1936-09,32,PerSv,0.2552,ff49,ew
1936-10,32,PerSv,0.1593,ff49,ew
1936-11,32,PerSv,0.10490000000000001,ff49,ew
1936-12,32,PerSv,-0.0467,ff49,ew
1937-01,46,RlEst,0.1813,ff49,ew
1937-02,46,RlEst,-0.0475,ff49,ew
1937-03,38,Paper,-0.0919,ff49,ew
1937-04,0,Agric,-0.1833,ff49,ew
1937-05,0,Agric,0.0042,ff49,ew
1937-06,0,Agric,-0.1007,ff49,ew
1937-07,37,LabEq,0.0435,ff49,ew
1937-08,37,LabEq,0.0333,ff49,ew
1937-09,14,Rubbr,-0.16670000000000001,ff49,ew
1937-10,37,LabEq,-0.04,ff49,ew
1937-11,37,LabEq,-0.0864,ff49,ew
1937-12,37,LabEq,0.0629,ff49,ew
1938-01,23,Aero,-0.0219,ff49,ew
1938-02,23,Aero,0.0395,ff49,ew
1938-03,23,Aero,-0.23070000000000002,ff49,ew
1938-04,12,Drugs,0.1358,ff49,ew
1938-05,12,Drugs,-0.035699999999999996,ff49,ew
1938-06,23,Aero,0.163,ff49,ew
1938-07,0,Agric,0.039,ff49,ew
1938-08,32,PerSv,0.055999999999999994,ff49,ew
1938-09,32,PerSv,-0.09380000000000001,ff49,ew
1938-10,22,Autos,0.1497,ff49,ew
1938-11,17,Cnstr,-0.1766,ff49,ew
1938-12,41,Whlsl,0.0115,ff49,ew
1939-01,17,Cnstr,-0.1389,ff49,ew
1939-02,41,Whlsl,0.023,ff49,ew
1939-03,30,Util,-0.1816,ff49,ew
1939-04,31,Telcm,0.0349,ff49,ew
1939-05,5,Toys,0.1732,ff49,ew
1939-06,41,Whlsl,0.0245,ff49,ew
1939-07,41,Whlsl,0.0526,ff49,ew
1939-08,41,Whlsl,-0.13970000000000002,ff49,ew
1939-09,5,Toys,0.0556,ff49,ew
1939-10,28,Coal,-0.10619999999999999,ff49,ew
1939-11,28,Coal,-0.2659,ff49,ew
1939-12,28,Coal,-0.0105,ff49,ew
1940-01,5,Toys,0.0663,ff49,ew
1940-02,45,Insur,0.023399999999999997,ff49,ew
1940-03,4,Smoke,-0.0258,ff49,ew
1940-04,41,Whlsl,-0.0207,ff49,ew
1940-05,41,Whlsl,-0.295,ff49,ew
1940-06,11,MedEq,-0.0444,ff49,ew
1940-07,30,Util,-0.024399999999999998,ff49,ew
1940-08,30,Util,-0.0192,ff49,ew
1940-09,5,Toys,0.0766,ff49,ew
1940-10,46,RlEst,-0.0625,ff49,ew
1940-11,46,RlEst,-0.2403,ff49,ew
1940-12,0,Agric,-0.042199999999999994,ff49,ew
1941-01,0,Agric,-0.0633,ff49,ew
1941-02,11,MedEq,-0.04019999999999999,ff49,ew
1941-03,11,MedEq,-0.005,ff49,ew
1941-04,46,RlEst,-0.3011,ff49,ew
1941-05,36,Chips,-0.0066,ff49,ew
1941-06,29,Oil,0.0332,ff49,ew
1941-07,28,Coal,0.2618,ff49,ew
1941-08,28,Coal,0.051500000000000004,ff49,ew
1941-09,28,Coal,-0.06849999999999999,ff49,ew
1941-10,17,Cnstr,-0.2994,ff49,ew
1941-11,3,Beer,0.015700000000000002,ff49,ew
1941-12,12,Drugs,-0.0425,ff49,ew
1942-01,0,Agric,0.0197,ff49,ew
1942-02,0,Agric,-0.1099,ff49,ew
1942-03,40,Trans,-0.10830000000000001,ff49,ew
1942-04,17,Cnstr,0.1714,ff49,ew
1942-05,44,Banks,0.0487,ff49,ew
1942-06,17,Cnstr,0.0253,ff49,ew
1942-07,44,Banks,0.0391,ff49,ew
1942-08,17,Cnstr,-0.1573,ff49,ew
1942-09,40,Trans,0.1417,ff49,ew
1942-10,17,Cnstr,0.11789999999999999,ff49,ew
1942-11,7,Books,0.0256,ff49,ew
1942-12,17,Cnstr,-0.11960000000000001,ff49,ew
1943-01,7,Books,0.2464,ff49,ew
1943-02,17,Cnstr,0.5844,ff49,ew
1943-03,17,Cnstr,-0.0361,ff49,ew
1943-04,17,Cnstr,0.0209,ff49,ew
1943-05,7,Books,0.2414,ff49,ew
1943-06,7,Books,-0.0291,ff49,ew
1943-07,7,Books,-0.0576,ff49,ew
1943-08,32,PerSv,0.1943,ff49,ew
1943-09,32,PerSv,-0.044199999999999996,ff49,ew
1943-10,32,PerSv,-0.022799999999999997,ff49,ew
1943-11,3,Beer,0.022099999999999998,ff49,ew
1943-12,3,Beer,0.1216,ff49,ew
1944-01,3,Beer,0.0325,ff49,ew
1944-02,32,PerSv,0.0916,ff49,ew
1944-03,32,PerSv,-0.0358,ff49,ew
1944-04,43,Meals,-0.054900000000000004,ff49,ew
1944-05,28,Coal,0.0435,ff49,ew
1944-06,7,Books,0.2147,ff49,ew
1944-07,17,Cnstr,-0.0336,ff49,ew
1944-08,17,Cnstr,0.1734,ff49,ew
1944-09,17,Cnstr,-0.0206,ff49,ew
1944-10,23,Aero,0.0239,ff49,ew
1944-11,23,Aero,0.0426,ff49,ew
1944-12,23,Aero,0.0922,ff49,ew
1945-01,46,RlEst,0.0682,ff49,ew
1945-02,17,Cnstr,0.026600000000000002,ff49,ew
1945-03,46,RlEst,-0.09910000000000001,ff49,ew
1945-04,17,Cnstr,0.0992,ff49,ew
1945-05,40,Trans,0.0675,ff49,ew
1945-06,40,Trans,0.1189,ff49,ew
1945-07,40,Trans,-0.09029999999999999,ff49,ew
1945-08,17,Cnstr,0.0326,ff49,ew
1945-09,17,Cnstr,0.10369999999999999,ff49,ew
1945-10,46,RlEst,0.0964,ff49,ew
1945-11,3,Beer,0.0658,ff49,ew
1945-12,46,RlEst,0.12140000000000001,ff49,ew
1946-01,3,Beer,0.0471,ff49,ew
1946-02,17,Cnstr,-0.1604,ff49,ew
1946-03,46,RlEst,0.023799999999999998,ff49,ew
1946-04,6,Fun,0.1499,ff49,ew
1946-05,6,Fun,-0.0384,ff49,ew
1946-06,12,Drugs,-0.069,ff49,ew
1946-07,32,PerSv,-0.0068000000000000005,ff49,ew
1946-08,3,Beer,-0.0732,ff49,ew
1946-09,3,Beer,-0.11699999999999999,ff49,ew
1946-10,45,Insur,-0.0639,ff49,ew
1946-11,12,Drugs,0.0070999999999999995,ff49,ew
1946-12,12,Drugs,0.06849999999999999,ff49,ew
1947-01,38,Paper,-0.056100000000000004,ff49,ew
1947-02,37,LabEq,-0.0165,ff49,ew
1947-03,22,Autos,-0.0381,ff49,ew
1947-04,17,Cnstr,-0.135,ff49,ew
1947-05,29,Oil,-0.0088,ff49,ew
1947-06,29,Oil,0.0971,ff49,ew
1947-07,29,Oil,0.0537,ff49,ew
1947-08,28,Coal,0.056600000000000004,ff49,ew
1947-09,28,Coal,0.11109999999999999,ff49,ew
1947-10,28,Coal,0.062,ff49,ew
1947-11,28,Coal,-0.020499999999999997,ff49,ew
1947-12,28,Coal,0.0421,ff49,ew
1948-01,17,Cnstr,0.0516,ff49,ew
1948-02,17,Cnstr,-0.0799,ff49,ew
1948-03,17,Cnstr,-0.015600000000000001,ff49,ew
1948-04,23,Aero,0.0292,ff49,ew
1948-05,29,Oil,0.061,ff49,ew
1948-06,29,Oil,0.028399999999999998,ff49,ew
1948-07,29,Oil,-0.09,ff49,ew
1948-08,28,Coal,-0.011000000000000001,ff49,ew
1948-09,48,Other,-0.0174,ff49,ew
1948-10,48,Other,0.0258,ff49,ew
1948-11,45,Insur,-0.049800000000000004,ff49,ew
1948-12,45,Insur,0.0741,ff49,ew
1949-01,45,Insur,-0.0383,ff49,ew
1949-02,44,Banks,-0.020099999999999996,ff49,ew
1949-03,30,Util,0.0546,ff49,ew
1949-04,3,Beer,-0.0042,ff49,ew
1949-05,46,RlEst,-0.012199999999999999,ff49,ew
1949-06,46,RlEst,-0.029500000000000002,ff49,ew
1949-07,3,Beer,0.06269999999999999,ff49,ew
1949-08,17,Cnstr,0.011399999999999999,ff49,ew
1949-09,32,PerSv,0.11560000000000001,ff49,ew
1949-10,32,PerSv,0.0125,ff49,ew
1949-11,31,Telcm,-0.0106,ff49,ew
1949-12,31,Telcm,0.1419,ff49,ew
1950-01,0,Agric,0.037200000000000004,ff49,ew
1950-02,17,Cnstr,-0.0063,ff49,ew
1950-03,36,Chips,0.0417,ff49,ew
1950-04,36,Chips,0.1336,ff49,ew
1950-05,31,Telcm,-0.026600000000000002,ff49,ew
1950-06,31,Telcm,-0.10460000000000001,ff49,ew
1950-07,23,Aero,0.20309999999999997,ff49,ew
1950-08,0,Agric,0.0053,ff49,ew
1950-09,28,Coal,-0.0002,ff49,ew
1950-10,28,Coal,0.004699999999999999,ff49,ew
1950-11,7,Books,-0.044500000000000005,ff49,ew
1950-12,46,RlEst,0.040999999999999995,ff49,ew
1951-01,0,Agric,0.0126,ff49,ew
1951-02,40,Trans,-0.0111,ff49,ew
1951-03,0,Agric,-0.0951,ff49,ew
1951-04,36,Chips,0.0933,ff49,ew
1951-05,36,Chips,-0.04,ff49,ew
1951-06,12,Drugs,-0.0101,ff49,ew
1951-07,12,Drugs,0.1134,ff49,ew
1951-08,12,Drugs,-0.016,ff49,ew
1951-09,0,Agric,-0.0317,ff49,ew
1951-10,6,Fun,-0.047400000000000005,ff49,ew
1951-11,27,Mines,-0.0064,ff49,ew
1951-12,17,Cnstr,-0.0098,ff49,ew
1952-01,44,Banks,0.018799999999999997,ff49,ew
1952-02,37,LabEq,0.1185,ff49,ew
1952-03,37,LabEq,-0.0581,ff49,ew
1952-04,43,Meals,-0.0138,ff49,ew
1952-05,44,Banks,0.0352,ff49,ew
1952-06,45,Insur,0.0438,ff49,ew
1952-07,23,Aero,0.0005,ff49,ew
1952-08,17,Cnstr,0.0152,ff49,ew
1952-09,17,Cnstr,-0.0363,ff49,ew
1952-10,46,RlEst,-0.027200000000000002,ff49,ew
1952-11,46,RlEst,0.0437,ff49,ew
1952-12,21,ElcEq,0.013999999999999999,ff49,ew
1953-01,36,Chips,0.0181,ff49,ew
1953-02,36,Chips,-0.0226,ff49,ew
1953-03,27,Mines,-0.067,ff49,ew
1953-04,5,Toys,-0.0305,ff49,ew
1953-05,6,Fun,0.0046,ff49,ew
1953-06,0,Agric,0.0506,ff49,ew
1953-07,0,Agric,0.0011,ff49,ew
1953-08,0,Agric,-0.0452,ff49,ew
1953-09,11,MedEq,-0.0183,ff49,ew
1953-10,11,MedEq,0.0288,ff49,ew
1953-11,30,Util,0.0292,ff49,ew
1953-12,37,LabEq,-0.0101,ff49,ew
1954-01,6,Fun,0.0271,ff49,ew
1954-02,6,Fun,0.018799999999999997,ff49,ew
1954-03,0,Agric,0.0177,ff49,ew
1954-04,23,Aero,-0.0217,ff49,ew
1954-05,23,Aero,0.0765,ff49,ew
1954-06,0,Agric,0.0069,ff49,ew
1954-07,0,Agric,0.061799999999999994,ff49,ew
1954-08,23,Aero,0.0351,ff49,ew
1954-09,23,Aero,0.020499999999999997,ff49,ew
1954-10,23,Aero,0.0069,ff49,ew
1954-11,32,PerSv,0.0285,ff49,ew
1954-12,34,Hardw,0.037599999999999995,ff49,ew
1955-01,40,Trans,0.0183,ff49,ew
1955-02,24,Ships,0.071,ff49,ew
1955-03,24,Ships,0.1041,ff49,ew
1955-04,24,Ships,-0.0599,ff49,ew
1955-05,34,Hardw,-0.0015,ff49,ew
1955-06,36,Chips,-0.0191,ff49,ew
1955-07,39,Boxes,-0.028399999999999998,ff49,ew
1955-08,43,Meals,-0.0181,ff49,ew
1955-09,14,Rubbr,0.0034000000000000002,ff49,ew
1955-10,14,Rubbr,-0.0158,ff49,ew
1955-11,14,Rubbr,0.04769999999999999,ff49,ew
1955-12,23,Aero,0.0815,ff49,ew
1956-01,23,Aero,-0.058600000000000006,ff49,ew
1956-02,28,Coal,0.1436,ff49,ew
1956-03,28,Coal,0.0034999999999999996,ff49,ew
1956-04,46,RlEst,-0.08529999999999999,ff49,ew
1956-05,46,RlEst,-0.0756,ff49,ew
1956-06,34,Hardw,0.0557,ff49,ew
1956-07,37,LabEq,0.0323,ff49,ew
1956-08,28,Coal,-0.0572,ff49,ew
1956-09,0,Agric,-0.045899999999999996,ff49,ew
1956-10,5,Toys,0.0475,ff49,ew
1956-11,5,Toys,0.0225,ff49,ew
1956-12,28,Coal,0.005600000000000001,ff49,ew
1957-01,28,Coal,-0.0268,ff49,ew
1957-02,32,PerSv,-0.0075,ff49,ew
1957-03,32,PerSv,0.0837,ff49,ew
1957-04,32,PerSv,-0.0074,ff49,ew
1957-05,0,Agric,0.008,ff49,ew
1957-06,34,Hardw,0.056100000000000004,ff49,ew
1957-07,0,Agric,-0.05,ff49,ew
1957-08,37,LabEq,-0.056799999999999996,ff49,ew
1957-09,12,Drugs,-0.0161,ff49,ew
1957-10,4,Smoke,0.0089,ff49,ew
1957-11,32,PerSv,0.0371,ff49,ew
1957-12,4,Smoke,0.030699999999999998,ff49,ew
1958-01,4,Smoke,0.050199999999999995,ff49,ew
1958-02,17,Cnstr,-0.0401,ff49,ew
1958-03,45,Insur,0.0121,ff49,ew
1958-04,11,MedEq,0.1047,ff49,ew
1958-05,11,MedEq,0.0443,ff49,ew
1958-06,46,RlEst,-0.0016,ff49,ew
1958-07,46,RlEst,0.0858,ff49,ew
1958-08,46,RlEst,0.0354,ff49,ew
1958-09,38,Paper,0.0681,ff49,ew
1958-10,5,Toys,0.1191,ff49,ew
1958-11,5,Toys,-0.009300000000000001,ff49,ew
1958-12,7,Books,-0.0337,ff49,ew
1959-01,21,ElcEq,0.028999999999999998,ff49,ew
1959-02,8,Hshld,0.0378,ff49,ew
1959-03,8,Hshld,0.047599999999999996,ff49,ew
1959-04,5,Toys,0.1457,ff49,ew
1959-05,5,Toys,-0.0264,ff49,ew
1959-06,5,Toys,0.030600000000000002,ff49,ew
1959-07,37,LabEq,0.0268,ff49,ew
1959-08,15,Txtls,-0.0189,ff49,ew
1959-09,7,Books,-0.0658,ff49,ew
1959-10,7,Books,0.0592,ff49,ew
1959-11,11,MedEq,0.0339,ff49,ew
1959-12,37,LabEq,0.0755,ff49,ew
1960-01,37,LabEq,-0.0673,ff49,ew
1960-02,5,Toys,0.0493,ff49,ew
1960-03,5,Toys,0.0292,ff49,ew
1960-04,5,Toys,0.0447,ff49,ew
1960-05,37,LabEq,0.13949999999999999,ff49,ew
1960-06,37,LabEq,0.0225,ff49,ew
1960-07,5,Toys,-0.0933,ff49,ew
1960-08,7,Books,0.0599,ff49,ew
1960-09,31,Telcm,-0.0662,ff49,ew
1960-10,31,Telcm,-0.0506,ff49,ew
1960-11,31,Telcm,0.037200000000000004,ff49,ew
1960-12,29,Oil,0.0584,ff49,ew
1961-01,7,Books,0.113,ff49,ew
1961-02,17,Cnstr,0.0666,ff49,ew
1961-03,17,Cnstr,0.08,ff49,ew
1961-04,11,MedEq,-0.0791,ff49,ew
1961-05,46,RlEst,0.0739,ff49,ew
1961-06,46,RlEst,-0.0209,ff49,ew
1961-07,46,RlEst,-0.0248,ff49,ew
1961-08,27,Mines,0.0717,ff49,ew
1961-09,45,Insur,-0.0286,ff49,ew
1961-10,45,Insur,-0.0121,ff49,ew
1961-11,4,Smoke,0.1166,ff49,ew
1961-12,4,Smoke,-0.0637,ff49,ew
1962-01,46,RlEst,-0.0064,ff49,ew
1962-02,38,Paper,0.06849999999999999,ff49,ew
1962-03,38,Paper,0.005699999999999999,ff49,ew
1962-04,38,Paper,-0.0513,ff49,ew
1962-05,30,Util,-0.10300000000000001,ff49,ew
1962-06,30,Util,-0.05,ff49,ew
1962-07,29,Oil,0.048799999999999996,ff49,ew
1962-08,23,Aero,0.0555,ff49,ew
1962-09,27,Mines,-0.0644,ff49,ew
1962-10,23,Aero,-0.0077,ff49,ew
1962-11,30,Util,0.0755,ff49,ew
1962-12,46,RlEst,-0.1201,ff49,ew
1963-01,40,Trans,0.09230000000000001,ff49,ew
1963-02,40,Trans,0.0121,ff49,ew
1963-03,38,Paper,0.0297,ff49,ew
1963-04,38,Paper,0.11359999999999999,ff49,ew
1963-05,38,Paper,0.0011,ff49,ew
1963-06,0,Agric,-0.087,ff49,ew
1963-07,0,Agric,0.0381,ff49,ew
1963-08,28,Coal,0.1107,ff49,ew
1963-09,28,Coal,-0.024399999999999998,ff49,ew
1963-10,28,Coal,0.0286,ff49,ew
1963-11,27,Mines,-0.013500000000000002,ff49,ew
1963-12,27,Mines,0.0535,ff49,ew
1964-01,27,Mines,0.0207,ff49,ew
1964-02,19,FabPr,0.019799999999999998,ff49,ew
1964-03,40,Trans,0.0416,ff49,ew
1964-04,19,FabPr,0.0127,ff49,ew
1964-05,48,Other,-0.0218,ff49,ew
1964-06,48,Other,-0.0259,ff49,ew
1964-07,48,Other,0.0913,ff49,ew
1964-08,19,FabPr,-0.0633,ff49,ew
1964-09,32,PerSv,0.228,ff49,ew
1964-10,26,Gold,-0.0401,ff49,ew
1964-11,32,PerSv,0.0137,ff49,ew
1964-12,32,PerSv,-0.0259,ff49,ew
1965-01,26,Gold,-0.059699999999999996,ff49,ew
1965-02,48,Other,-0.011699999999999999,ff49,ew
1965-03,19,FabPr,0.013600000000000001,ff49,ew
1965-04,6,Fun,0.0395,ff49,ew
1965-05,25,Guns,0.036000000000000004,ff49,ew
1965-06,5,Toys,-0.0809,ff49,ew
1965-07,5,Toys,0.0333,ff49,ew
1965-08,0,Agric,0.0608,ff49,ew
1965-09,0,Agric,0.011200000000000002,ff49,ew
1965-10,25,Guns,0.0335,ff49,ew
1965-11,5,Toys,0.1211,ff49,ew
1965-12,5,Toys,-0.0126,ff49,ew
1966-01,17,Cnstr,0.1069,ff49,ew
1966-02,17,Cnstr,0.0401,ff49,ew
1966-03,27,Mines,-0.0053,ff49,ew
1966-04,26,Gold,0.0182,ff49,ew
1966-05,5,Toys,-0.1585,ff49,ew
1966-06,26,Gold,-0.0368,ff49,ew
1966-07,19,FabPr,-0.0001,ff49,ew
1966-08,26,Gold,-0.18170000000000003,ff49,ew
1966-09,24,Ships,-0.020499999999999997,ff49,ew
1966-10,28,Coal,-0.005699999999999999,ff49,ew
1966-11,30,Util,-0.018600000000000002,ff49,ew
1966-12,45,Insur,0.0001,ff49,ew
1967-01,25,Guns,0.0341,ff49,ew
1967-02,35,Softw,-0.0833,ff49,ew
1967-03,35,Softw,0.11359999999999999,ff49,ew
1967-04,17,Cnstr,-0.0118,ff49,ew
1967-05,43,Meals,0.0069,ff49,ew
1967-06,35,Softw,0.0898,ff49,ew
1967-07,14,Rubbr,0.061500000000000006,ff49,ew
1967-08,26,Gold,-0.0762,ff49,ew
1967-09,5,Toys,0.12140000000000001,ff49,ew
1967-10,32,PerSv,0.0415,ff49,ew
1967-11,35,Softw,0.135,ff49,ew
1967-12,35,Softw,0.0932,ff49,ew
1968-01,35,Softw,-0.2882,ff49,ew
1968-02,26,Gold,0.20829999999999999,ff49,ew
1968-03,26,Gold,-0.0682,ff49,ew
1968-04,26,Gold,0.0584,ff49,ew
1968-05,26,Gold,0.1182,ff49,ew
1968-06,48,Other,-0.0040999999999999995,ff49,ew
1968-07,32,PerSv,-0.055,ff49,ew
1968-08,45,Insur,0.08900000000000001,ff49,ew
1968-09,45,Insur,0.1547,ff49,ew
1968-10,46,RlEst,-0.0068000000000000005,ff49,ew
1968-11,46,RlEst,0.147,ff49,ew
1968-12,46,RlEst,0.053099999999999994,ff49,ew
1969-01,48,Other,0.1522,ff49,ew
1969-02,48,Other,-0.1381,ff49,ew
1969-03,48,Other,0.0064,ff49,ew
1969-04,0,Agric,-0.0529,ff49,ew
1969-05,38,Paper,-0.0181,ff49,ew
1969-06,17,Cnstr,-0.1624,ff49,ew
1969-07,17,Cnstr,-0.0913,ff49,ew
1969-08,11,MedEq,0.15990000000000001,ff49,ew
1969-09,11,MedEq,-0.0105,ff49,ew
1969-10,10,Hlth,0.2187,ff49,ew
1969-11,35,Softw,-0.1379,ff49,ew
1969-12,10,Hlth,0.067,ff49,ew
1970-01,10,Hlth,-0.0475,ff49,ew
1970-02,28,Coal,0.1057,ff49,ew
1970-03,28,Coal,-0.0633,ff49,ew
1970-04,26,Gold,-0.1414,ff49,ew
1970-05,4,Smoke,-0.0064,ff49,ew
1970-06,4,Smoke,0.0227,ff49,ew
1970-07,4,Smoke,0.0361,ff49,ew
1970-08,26,Gold,0.0913,ff49,ew
1970-09,26,Gold,0.030699999999999998,ff49,ew
1970-10,28,Coal,0.0582,ff49,ew
1970-11,28,Coal,0.0699,ff49,ew
1970-12,28,Coal,0.0529,ff49,ew
1971-01,28,Coal,0.09140000000000001,ff49,ew
1971-02,25,Guns,0.0003,ff49,ew
1971-03,48,Other,0.09369999999999999,ff49,ew
1971-04,10,Hlth,-0.0356,ff49,ew
1971-05,10,Hlth,-0.0638,ff49,ew
1971-06,35,Softw,0.0,ff49,ew
1971-07,35,Softw,-0.23879999999999998,ff49,ew
1971-08,30,Util,-0.0118,ff49,ew
1971-09,45,Insur,-0.0027,ff49,ew
1971-10,40,Trans,-0.058899999999999994,ff49,ew
1971-11,25,Guns,-0.005,ff49,ew
1971-12,25,Guns,0.1367,ff49,ew
1972-01,43,Meals,0.1606,ff49,ew
1972-02,36,Chips,0.0694,ff49,ew
1972-03,48,Other,-0.023,ff49,ew
1972-04,48,Other,-0.1362,ff49,ew
1972-05,0,Agric,-0.0262,ff49,ew
1972-06,35,Softw,-0.1714,ff49,ew
1972-07,26,Gold,0.0662,ff49,ew
1972-08,26,Gold,-0.043899999999999995,ff49,ew
1972-09,29,Oil,-0.025699999999999997,ff49,ew
1972-10,44,Banks,0.011000000000000001,ff49,ew
1972-11,30,Util,0.067,ff49,ew
1972-12,30,Util,-0.0087,ff49,ew
1973-01,30,Util,-0.0294,ff49,ew
1973-02,26,Gold,0.0913,ff49,ew
1973-03,26,Gold,-0.0218,ff49,ew
1973-04,26,Gold,0.0541,ff49,ew
1973-05,26,Gold,0.027999999999999997,ff49,ew
1973-06,26,Gold,-0.0252,ff49,ew
1973-07,26,Gold,0.071,ff49,ew
1973-08,27,Mines,0.030600000000000002,ff49,ew
1973-09,0,Agric,0.0966,ff49,ew
1973-10,0,Agric,-0.0354,ff49,ew
1973-11,28,Coal,0.0005,ff49,ew
1973-12,28,Coal,0.10310000000000001,ff49,ew
1974-01,26,Gold,0.3479,ff49,ew
1974-02,26,Gold,-0.010700000000000001,ff49,ew
1974-03,26,Gold,0.0241,ff49,ew
1974-04,14,Rubbr,-0.0425,ff49,ew
1974-05,25,Guns,-0.0707,ff49,ew
1974-06,28,Coal,-0.012,ff49,ew
1974-07,18,Steel,-0.0064,ff49,ew
1974-08,26,Gold,-0.14429999999999998,ff49,ew
1974-09,26,Gold,-0.2503,ff49,ew
1974-10,28,Coal,0.5069,ff49,ew
1974-11,28,Coal,0.12480000000000001,ff49,ew
1974-12,28,Coal,-0.028399999999999998,ff49,ew
1975-01,28,Coal,0.11720000000000001,ff49,ew
1975-02,31,Telcm,0.0928,ff49,ew
1975-03,6,Fun,0.0363,ff49,ew
1975-04,17,Cnstr,0.0017000000000000001,ff49,ew
1975-05,14,Rubbr,0.0095,ff49,ew
1975-06,28,Coal,-0.0481,ff49,ew
1975-07,23,Aero,-0.0784,ff49,ew
1975-08,25,Guns,-0.0931,ff49,ew
1975-09,1,Food,-0.0079,ff49,ew
1975-10,1,Food,0.049400000000000006,ff49,ew
1975-11,30,Util,0.0326,ff49,ew
1975-12,9,Clths,-0.0034999999999999996,ff49,ew
1976-01,9,Clths,0.28809999999999997,ff49,ew
1976-02,5,Toys,0.2305,ff49,ew
1976-03,5,Toys,0.0361,ff49,ew
1976-04,35,Softw,-0.013000000000000001,ff49,ew
1976-05,35,Softw,-0.054400000000000004,ff49,ew
1976-06,35,Softw,0.142,ff49,ew
1976-07,28,Coal,-0.10220000000000001,ff49,ew
1976-08,29,Oil,-0.0316,ff49,ew
1976-09,30,Util,0.0394,ff49,ew
1976-10,30,Util,-0.0018,ff49,ew
1976-11,28,Coal,0.026099999999999998,ff49,ew
1976-12,28,Coal,0.1074,ff49,ew
1977-01,19,FabPr,0.0129,ff49,ew
1977-02,24,Ships,0.0455,ff49,ew
1977-03,25,Guns,-0.0572,ff49,ew
1977-04,26,Gold,-0.0676,ff49,ew
1977-05,17,Cnstr,-0.011399999999999999,ff49,ew
1977-06,17,Cnstr,0.0332,ff49,ew
1977-07,43,Meals,0.0132,ff49,ew
1977-08,10,Hlth,0.0006,ff49,ew
1977-09,10,Hlth,0.085,ff49,ew
1977-10,10,Hlth,-0.0029,ff49,ew
1977-11,2,Soda,0.048499999999999995,ff49,ew
1977-12,10,Hlth,0.0789,ff49,ew
1978-01,7,Books,-0.0279,ff49,ew
1978-02,32,PerSv,0.044199999999999996,ff49,ew
1978-03,32,PerSv,0.0803,ff49,ew
1978-04,46,RlEst,0.08689999999999999,ff49,ew
1978-05,35,Softw,0.1404,ff49,ew
1978-06,34,Hardw,0.0069,ff49,ew
1978-07,34,Hardw,0.1184,ff49,ew
1978-08,23,Aero,0.12710000000000002,ff49,ew
1978-09,35,Softw,-0.0481,ff49,ew
1978-10,34,Hardw,-0.2581,ff49,ew
1978-11,6,Fun,0.0638,ff49,ew
1978-12,2,Soda,0.0075,ff49,ew
1979-01,2,Soda,0.054400000000000004,ff49,ew
1979-02,34,Hardw,-0.047599999999999996,ff49,ew
1979-03,26,Gold,0.0388,ff49,ew
1979-04,29,Oil,0.0513,ff49,ew
1979-05,29,Oil,-0.0027,ff49,ew
1979-06,29,Oil,0.19899999999999998,ff49,ew
1979-07,29,Oil,0.0052,ff49,ew
1979-08,28,Coal,-0.0022,ff49,ew
1979-09,25,Guns,-0.0464,ff49,ew
1979-10,26,Gold,-0.047599999999999996,ff49,ew
1979-11,26,Gold,0.0978,ff49,ew
1979-12,26,Gold,0.42979999999999996,ff49,ew
1980-01,26,Gold,0.35609999999999997,ff49,ew
1980-02,26,Gold,0.0583,ff49,ew
1980-03,26,Gold,-0.2813,ff49,ew
1980-04,26,Gold,-0.0103,ff49,ew
1980-05,30,Util,0.049699999999999994,ff49,ew
1980-06,4,Smoke,0.0305,ff49,ew
1980-07,28,Coal,0.0538,ff49,ew
1980-08,28,Coal,0.015600000000000001,ff49,ew
1980-09,35,Softw,0.0738,ff49,ew
1980-10,35,Softw,0.0977,ff49,ew
1980-11,26,Gold,0.0109,ff49,ew
1980-12,29,Oil,-0.0704,ff49,ew
1981-01,29,Oil,-0.0654,ff49,ew
1981-02,23,Aero,-0.0403,ff49,ew
1981-03,2,Soda,0.0366,ff49,ew
1981-04,4,Smoke,0.051699999999999996,ff49,ew
1981-05,15,Txtls,0.0064,ff49,ew
1981-06,10,Hlth,-0.0645,ff49,ew
1981-07,2,Soda,-0.0129,ff49,ew
1981-08,0,Agric,-0.07690000000000001,ff49,ew
1981-09,30,Util,-0.0417,ff49,ew
1981-10,30,Util,0.0471,ff49,ew
1981-11,2,Soda,0.0495,ff49,ew
1981-12,2,Soda,-0.056299999999999996,ff49,ew
1982-01,5,Toys,0.0229,ff49,ew
1982-02,5,Toys,-0.0059,ff49,ew
1982-03,25,Guns,-0.083,ff49,ew
1982-04,43,Meals,0.06709999999999999,ff49,ew
1982-05,3,Beer,-0.0152,ff49,ew
1982-06,2,Soda,0.0444,ff49,ew
1982-07,3,Beer,0.0574,ff49,ew
1982-08,3,Beer,0.0582,ff49,ew
1982-09,25,Guns,0.0315,ff49,ew
1982-10,26,Gold,0.124,ff49,ew
1982-11,25,Guns,0.0034000000000000002,ff49,ew
1982-12,35,Softw,0.0669,ff49,ew
1983-01,17,Cnstr,0.07150000000000001,ff49,ew
1983-02,26,Gold,-0.1245,ff49,ew
1983-03,26,Gold,-0.0141,ff49,ew
1983-04,27,Mines,0.0785,ff49,ew
1983-05,3,Beer,0.0409,ff49,ew
1983-06,3,Beer,0.0075,ff49,ew
1983-07,28,Coal,-0.013600000000000001,ff49,ew
1983-08,28,Coal,-0.0694,ff49,ew
1983-09,28,Coal,0.0229,ff49,ew
1983-10,30,Util,0.0192,ff49,ew
1983-11,30,Util,0.0053,ff49,ew
1983-12,2,Soda,0.0242,ff49,ew
1984-01,2,Soda,0.0034000000000000002,ff49,ew
1984-02,2,Soda,0.013500000000000002,ff49,ew
1984-03,2,Soda,0.09300000000000001,ff49,ew
1984-04,2,Soda,-0.0083,ff49,ew
1984-05,2,Soda,-0.0072,ff49,ew
1984-06,2,Soda,0.0559,ff49,ew
1984-07,19,FabPr,-0.0407,ff49,ew
1984-08,19,FabPr,0.0755,ff49,ew
1984-09,23,Aero,-0.029900000000000003,ff49,ew
1984-10,10,Hlth,-0.024399999999999998,ff49,ew
1984-11,2,Soda,-0.0254,ff49,ew
1984-12,3,Beer,0.0398,ff49,ew
1985-01,3,Beer,0.0416,ff49,ew
1985-02,31,Telcm,0.0716,ff49,ew
1985-03,31,Telcm,0.0431,ff49,ew
1985-04,31,Telcm,-0.011699999999999999,ff49,ew
1985-05,2,Soda,0.0653,ff49,ew
1985-06,26,Gold,-0.0147,ff49,ew
1985-07,2,Soda,0.0368,ff49,ew
1985-08,2,Soda,0.0126,ff49,ew
1985-09,26,Gold,-0.08410000000000001,ff49,ew
1985-10,27,Mines,-0.0655,ff49,ew
1985-11,1,Food,0.0444,ff49,ew
1985-12,39,Boxes,0.0673,ff49,ew
1986-01,39,Boxes,0.0091,ff49,ew
1986-02,28,Coal,-0.0867,ff49,ew
1986-03,6,Fun,0.1186,ff49,ew
1986-04,6,Fun,0.0441,ff49,ew
1986-05,6,Fun,0.0487,ff49,ew
1986-06,6,Fun,0.12210000000000001,ff49,ew
1986-07,6,Fun,-0.1204,ff49,ew
1986-08,30,Util,0.0675,ff49,ew
1986-09,30,Util,-0.0718,ff49,ew
1986-10,26,Gold,-0.0397,ff49,ew
1986-11,27,Mines,-0.0028000000000000004,ff49,ew
1986-12,27,Mines,0.0336,ff49,ew
1987-01,27,Mines,0.1206,ff49,ew
1987-02,38,Paper,0.0239,ff49,ew
1987-03,4,Smoke,-0.056900000000000006,ff49,ew
1987-04,26,Gold,0.1063,ff49,ew
1987-05,26,Gold,0.0109,ff49,ew
1987-06,26,Gold,-0.0371,ff49,ew
1987-07,29,Oil,0.17190000000000003,ff49,ew
1987-08,29,Oil,-0.044800000000000006,ff49,ew
1987-09,28,Coal,-0.0139,ff49,ew
1987-10,28,Coal,-0.2905,ff49,ew
1987-11,30,Util,-0.016200000000000003,ff49,ew
1987-12,30,Util,0.0116,ff49,ew
1988-01,30,Util,0.0818,ff49,ew
1988-02,18,Steel,0.0868,ff49,ew
1988-03,31,Telcm,0.023799999999999998,ff49,ew
1988-04,11,MedEq,0.0092,ff49,ew
1988-05,24,Ships,0.0528,ff49,ew
1988-06,24,Ships,0.0329,ff49,ew
1988-07,24,Ships,0.0051,ff49,ew
1988-08,17,Cnstr,-0.038900000000000004,ff49,ew
1988-09,4,Smoke,0.020499999999999997,ff49,ew
1988-10,4,Smoke,0.0062,ff49,ew
1988-11,25,Guns,-0.04769999999999999,ff49,ew
1988-12,25,Guns,-0.0632,ff49,ew
1989-01,39,Boxes,0.0447,ff49,ew
1989-02,31,Telcm,0.0085,ff49,ew
1989-03,4,Smoke,0.18460000000000001,ff49,ew
1989-04,4,Smoke,0.0196,ff49,ew
1989-05,4,Smoke,0.0048,ff49,ew
1989-06,10,Hlth,-0.042,ff49,ew
1989-07,31,Telcm,0.0449,ff49,ew
1989-08,4,Smoke,0.0176,ff49,ew
1989-09,4,Smoke,-0.009399999999999999,ff49,ew
1989-10,39,Boxes,-0.0356,ff49,ew
1989-11,39,Boxes,-0.0106,ff49,ew
1989-12,26,Gold,-0.0828,ff49,ew
1990-01,26,Gold,0.08560000000000001,ff49,ew
1990-02,26,Gold,0.0009,ff49,ew
1990-03,0,Agric,0.0599,ff49,ew
1990-04,0,Agric,0.013999999999999999,ff49,ew
1990-05,2,Soda,0.135,ff49,ew
1990-06,2,Soda,-0.0354,ff49,ew
1990-07,48,Other,-0.0332,ff49,ew
1990-08,27,Mines,-0.047599999999999996,ff49,ew
1990-09,29,Oil,0.0079,ff49,ew
1990-10,29,Oil,-0.1024,ff49,ew
1990-11,30,Util,0.0358,ff49,ew
1990-12,30,Util,0.0079,ff49,ew
1991-01,2,Soda,-0.0308,ff49,ew
1991-02,25,Guns,0.0149,ff49,ew
1991-03,12,Drugs,0.1532,ff49,ew
1991-04,12,Drugs,0.0437,ff49,ew
1991-05,12,Drugs,0.0647,ff49,ew
1991-06,10,Hlth,-0.0558,ff49,ew
1991-07,26,Gold,0.026000000000000002,ff49,ew
1991-08,26,Gold,-0.0782,ff49,ew
1991-09,15,Txtls,0.0084,ff49,ew
1991-10,12,Drugs,0.1506,ff49,ew
1991-11,12,Drugs,-0.0009,ff49,ew
1991-12,12,Drugs,0.1325,ff49,ew
1992-01,12,Drugs,0.2218,ff49,ew
1992-02,17,Cnstr,-0.0125,ff49,ew
1992-03,17,Cnstr,-0.0507,ff49,ew
1992-04,46,RlEst,-0.0641,ff49,ew
1992-05,14,Rubbr,0.0134,ff49,ew
1992-06,14,Rubbr,-0.043899999999999995,ff49,ew
1992-07,26,Gold,0.0512,ff49,ew
1992-08,26,Gold,-0.114,ff49,ew
1992-09,30,Util,0.0091,ff49,ew
1992-10,28,Coal,0.022799999999999997,ff49,ew
1992-11,43,Meals,0.09820000000000001,ff49,ew
1992-12,36,Chips,0.0638,ff49,ew
1993-01,24,Ships,0.0431,ff49,ew
1993-02,36,Chips,-0.0138,ff49,ew
1993-03,19,FabPr,0.0501,ff49,ew
1993-04,19,FabPr,-0.0034999999999999996,ff49,ew
1993-05,26,Gold,0.18239999999999998,ff49,ew
1993-06,26,Gold,-0.004699999999999999,ff49,ew
1993-07,26,Gold,0.1515,ff49,ew
1993-08,26,Gold,-0.08199999999999999,ff49,ew
1993-09,31,Telcm,0.0732,ff49,ew
1993-10,31,Telcm,0.1258,ff49,ew
1993-11,31,Telcm,-0.0932,ff49,ew
1993-12,4,Smoke,-0.0083,ff49,ew
1994-01,27,Mines,0.066,ff49,ew
1994-02,16,BldMt,0.0,ff49,ew
1994-03,18,Steel,-0.0754,ff49,ew
1994-04,14,Rubbr,0.006500000000000001,ff49,ew
1994-05,25,Guns,-0.026099999999999998,ff49,ew
1994-06,44,Banks,0.0301,ff49,ew
1994-07,44,Banks,0.0158,ff49,ew
1994-08,27,Mines,0.0341,ff49,ew
1994-09,4,Smoke,0.054299999999999994,ff49,ew
1994-10,4,Smoke,-0.06709999999999999,ff49,ew
1994-11,34,Hardw,-0.0075,ff49,ew
1994-12,25,Guns,0.0722,ff49,ew
1995-01,25,Guns,-0.0356,ff49,ew
1995-02,25,Guns,0.0184,ff49,ew
1995-03,34,Hardw,0.0152,ff49,ew
1995-04,0,Agric,0.0537,ff49,ew
1995-05,0,Agric,-0.0334,ff49,ew
1995-06,4,Smoke,0.0919,ff49,ew
1995-07,4,Smoke,-0.0692,ff49,ew
1995-08,12,Drugs,0.11460000000000001,ff49,ew
1995-09,12,Drugs,0.0559,ff49,ew
1995-10,12,Drugs,-0.069,ff49,ew
1995-11,4,Smoke,0.0431,ff49,ew
1995-12,4,Smoke,0.062,ff49,ew
1996-01,4,Smoke,-0.0067,ff49,ew
1996-02,12,Drugs,0.0393,ff49,ew
1996-03,12,Drugs,0.024399999999999998,ff49,ew
1996-04,26,Gold,0.039599999999999996,ff49,ew
1996-05,34,Hardw,0.1166,ff49,ew
1996-06,21,ElcEq,-0.0361,ff49,ew
1996-07,21,ElcEq,-0.1038,ff49,ew
1996-08,28,Coal,0.0124,ff49,ew
1996-09,2,Soda,-0.004,ff49,ew
1996-10,44,Banks,0.0385,ff49,ew
1996-11,29,Oil,0.0689,ff49,ew
1996-12,29,Oil,0.0019,ff49,ew
1997-01,23,Aero,0.0161,ff49,ew
1997-02,20,Mach,-0.0226,ff49,ew
1997-03,2,Soda,0.0254,ff49,ew
1997-04,2,Soda,-0.0351,ff49,ew
1997-05,2,Soda,0.0795,ff49,ew
1997-06,23,Aero,0.0643,ff49,ew
1997-07,31,Telcm,0.0475,ff49,ew
1997-08,25,Guns,0.0437,ff49,ew
1997-09,46,RlEst,0.14029999999999998,ff49,ew
1997-10,46,RlEst,0.0060999999999999995,ff49,ew
1997-11,23,Aero,-0.022400000000000003,ff49,ew
1997-12,23,Aero,-0.0161,ff49,ew
1998-01,30,Util,-0.0403,ff49,ew
1998-02,30,Util,0.0195,ff49,ew
1998-03,48,Other,0.0575,ff49,ew
1998-04,27,Mines,-0.022099999999999998,ff49,ew
1998-05,35,Softw,-0.09480000000000001,ff49,ew
1998-06,23,Aero,-0.01,ff49,ew
1998-07,2,Soda,0.113,ff49,ew
1998-08,2,Soda,-0.1097,ff49,ew
1998-09,2,Soda,-0.039,ff49,ew
1998-10,30,Util,0.0085,ff49,ew
1998-11,30,Util,0.0175,ff49,ew
1998-12,26,Gold,-0.1351,ff49,ew
1999-01,4,Smoke,-0.0554,ff49,ew
1999-02,35,Softw,-0.0559,ff49,ew
1999-03,6,Fun,0.020499999999999997,ff49,ew
1999-04,6,Fun,0.1326,ff49,ew
1999-05,27,Mines,0.0862,ff49,ew
1999-06,27,Mines,0.0483,ff49,ew
1999-07,19,FabPr,0.0043,ff49,ew
1999-08,36,Chips,0.0371,ff49,ew
1999-09,36,Chips,0.013500000000000002,ff49,ew
1999-10,26,Gold,-0.1364,ff49,ew
1999-11,26,Gold,-0.0783,ff49,ew
1999-12,35,Softw,0.3024,ff49,ew
2000-01,35,Softw,0.061,ff49,ew
2000-02,12,Drugs,0.6448,ff49,ew
2000-03,12,Drugs,-0.17309999999999998,ff49,ew
2000-04,12,Drugs,-0.15130000000000002,ff49,ew
2000-05,0,Agric,-0.048799999999999996,ff49,ew
2000-06,29,Oil,0.031,ff49,ew
2000-07,4,Smoke,0.049,ff49,ew
2000-08,4,Smoke,0.242,ff49,ew
2000-09,12,Drugs,0.0034999999999999996,ff49,ew
2000-10,28,Coal,0.214,ff49,ew
2000-11,28,Coal,0.0482,ff49,ew
2000-12,28,Coal,0.3248,ff49,ew
2001-01,28,Coal,0.0378,ff49,ew
2001-02,28,Coal,0.2932,ff49,ew
2001-03,28,Coal,0.2636,ff49,ew
2001-04,28,Coal,0.0557,ff49,ew
2001-05,28,Coal,-0.0255,ff49,ew
2001-06,4,Smoke,-0.018600000000000002,ff49,ew
2001-07,12,Drugs,-0.0746,ff49,ew
2001-08,10,Hlth,0.0271,ff49,ew
2001-09,10,Hlth,-0.0733,ff49,ew
2001-10,25,Guns,0.0783,ff49,ew
2001-11,25,Guns,-0.0152,ff49,ew
2001-12,25,Guns,0.024900000000000002,ff49,ew
2002-01,35,Softw,0.0383,ff49,ew
2002-02,34,Hardw,-0.14679999999999999,ff49,ew
2002-03,26,Gold,0.14859999999999998,ff49,ew
2002-04,26,Gold,0.11230000000000001,ff49,ew
2002-05,26,Gold,0.3627,ff49,ew
2002-06,26,Gold,-0.045700000000000005,ff49,ew
2002-07,26,Gold,-0.1641,ff49,ew
2002-08,26,Gold,0.22089999999999999,ff49,ew
2002-09,44,Banks,-0.0296,ff49,ew
2002-10,24,Ships,0.0556,ff49,ew
2002-11,24,Ships,0.0579,ff49,ew
2002-12,34,Hardw,-0.149,ff49,ew
2003-01,34,Hardw,0.0506,ff49,ew
2003-02,34,Hardw,-0.0236,ff49,ew
2003-03,28,Coal,-0.0085,ff49,ew
2003-04,17,Cnstr,0.1474,ff49,ew
2003-05,3,Beer,0.05,ff49,ew
2003-06,12,Drugs,0.1032,ff49,ew
2003-07,12,Drugs,0.0461,ff49,ew
2003-08,4,Smoke,-0.016399999999999998,ff49,ew
2003-09,26,Gold,-0.0721,ff49,ew
2003-10,26,Gold,0.11460000000000001,ff49,ew
2003-11,21,ElcEq,0.048,ff49,ew
2003-12,26,Gold,0.053899999999999997,ff49,ew
2004-01,26,Gold,-0.07980000000000001,ff49,ew
2004-02,27,Mines,-0.056600000000000004,ff49,ew
2004-03,25,Guns,0.0922,ff49,ew
2004-04,25,Guns,-0.0242,ff49,ew
2004-05,28,Coal,0.0717,ff49,ew
2004-06,2,Soda,0.0123,ff49,ew
2004-07,28,Coal,0.0218,ff49,ew
2004-08,27,Mines,0.028900000000000002,ff49,ew
2004-09,4,Smoke,0.0018,ff49,ew
2004-10,27,Mines,-0.08789999999999999,ff49,ew
2004-11,26,Gold,-0.1027,ff49,ew
2004-12,23,Aero,-0.0019,ff49,ew
2005-01,17,Cnstr,-0.0151,ff49,ew
2005-02,18,Steel,0.0892,ff49,ew
2005-03,17,Cnstr,-0.0818,ff49,ew
2005-04,29,Oil,-0.0736,ff49,ew
2005-05,29,Oil,0.0478,ff49,ew
2005-06,3,Beer,0.1558,ff49,ew
2005-07,3,Beer,-0.0034000000000000002,ff49,ew
2005-08,28,Coal,0.0429,ff49,ew
2005-09,28,Coal,0.0636,ff49,ew
2005-10,28,Coal,-0.08560000000000001,ff49,ew
2005-11,27,Mines,0.08810000000000001,ff49,ew
2005-12,27,Mines,0.0044,ff49,ew
2006-01,24,Ships,0.17489999999999997,ff49,ew
2006-02,26,Gold,0.0108,ff49,ew
2006-03,26,Gold,0.1093,ff49,ew
2006-04,26,Gold,0.0783,ff49,ew
2006-05,25,Guns,0.0001,ff49,ew
2006-06,25,Guns,0.0621,ff49,ew
2006-07,25,Guns,-0.024900000000000002,ff49,ew
2006-08,2,Soda,-0.0552,ff49,ew
2006-09,4,Smoke,0.048799999999999996,ff49,ew
2006-10,4,Smoke,0.050199999999999995,ff49,ew
2006-11,39,Boxes,0.0661,ff49,ew
2006-12,39,Boxes,0.057999999999999996,ff49,ew
2007-01,39,Boxes,0.0548,ff49,ew
2007-02,0,Agric,-0.0074,ff49,ew
2007-03,39,Boxes,0.028399999999999998,ff49,ew
2007-04,18,Steel,0.042800000000000005,ff49,ew
2007-05,28,Coal,0.17309999999999998,ff49,ew
2007-06,28,Coal,-0.059800000000000006,ff49,ew
2007-07,19,FabPr,0.0536,ff49,ew
2007-08,19,FabPr,-0.056900000000000006,ff49,ew
2007-09,19,FabPr,0.053200000000000004,ff49,ew
2007-10,23,Aero,0.0704,ff49,ew
2007-11,28,Coal,-0.006999999999999999,ff49,ew
2007-12,26,Gold,0.0042,ff49,ew
2008-01,28,Coal,0.013000000000000001,ff49,ew
2008-02,28,Coal,0.1381,ff49,ew
2008-03,28,Coal,-0.0583,ff49,ew
2008-04,24,Ships,0.0159,ff49,ew
2008-05,19,FabPr,0.0915,ff49,ew
2008-06,28,Coal,0.2267,ff49,ew
2008-07,28,Coal,-0.17149999999999999,ff49,ew
2008-08,28,Coal,-0.029900000000000003,ff49,ew
2008-09,4,Smoke,0.0235,ff49,ew
2008-10,4,Smoke,-0.046,ff49,ew
2008-11,4,Smoke,-0.0857,ff49,ew
2008-12,4,Smoke,0.0262,ff49,ew
2009-01,4,Smoke,-0.016200000000000003,ff49,ew
2009-02,26,Gold,0.0169,ff49,ew
2009-03,26,Gold,0.20879999999999999,ff49,ew
2009-04,17,Cnstr,0.24969999999999998,ff49,ew
2009-05,42,Rtail,0.0285,ff49,ew
2009-06,17,Cnstr,-0.0216,ff49,ew
2009-07,15,Txtls,0.2144,ff49,ew
2009-08,7,Books,0.204,ff49,ew
2009-09,7,Books,0.0817,ff49,ew
2009-10,7,Books,-0.026699999999999998,ff49,ew
2009-11,31,Telcm,0.0437,ff49,ew
2009-12,26,Gold,-0.073,ff49,ew
2010-01,15,Txtls,-0.0115,ff49,ew
2010-02,15,Txtls,0.09269999999999999,ff49,ew
2010-03,15,Txtls,0.14529999999999998,ff49,ew
2010-04,4,Smoke,-0.0352,ff49,ew
2010-05,24,Ships,-0.0875,ff49,ew
2010-06,24,Ships,-0.1419,ff49,ew
2010-07,3,Beer,0.0704,ff49,ew
2010-08,3,Beer,0.006,ff49,ew
2010-09,3,Beer,0.055,ff49,ew
2010-10,26,Gold,0.0862,ff49,ew
2010-11,26,Gold,0.1096,ff49,ew
2010-12,27,Mines,0.2207,ff49,ew
2011-01,27,Mines,-0.0712,ff49,ew
2011-02,28,Coal,-0.006999999999999999,ff49,ew
2011-03,28,Coal,0.0677,ff49,ew
2011-04,4,Smoke,0.0333,ff49,ew
2011-05,4,Smoke,0.0989,ff49,ew
2011-06,4,Smoke,-0.0683,ff49,ew
2011-07,4,Smoke,-0.021,ff49,ew
2011-08,0,Agric,-0.132,ff49,ew
2011-09,30,Util,-0.0336,ff49,ew
2011-10,30,Util,0.07,ff49,ew
2011-11,30,Util,0.0127,ff49,ew
2011-12,24,Ships,0.0005,ff49,ew
2012-01,24,Ships,0.0694,ff49,ew
2012-02,7,Books,-0.0216,ff49,ew
2012-03,5,Toys,0.0771,ff49,ew
2012-04,5,Toys,-0.010700000000000001,ff49,ew
2012-05,5,Toys,-0.0729,ff49,ew
2012-06,43,Meals,0.0282,ff49,ew
2012-07,4,Smoke,0.0187,ff49,ew
2012-08,4,Smoke,-0.018799999999999997,ff49,ew
2012-09,7,Books,0.034,ff49,ew
2012-10,26,Gold,-0.0632,ff49,ew
2012-11,46,RlEst,0.1858,ff49,ew
2012-12,46,RlEst,0.0124,ff49,ew
2013-01,46,RlEst,0.0876,ff49,ew
2013-02,46,RlEst,0.0329,ff49,ew
2013-03,17,Cnstr,0.06,ff49,ew
2013-04,15,Txtls,-0.0033,ff49,ew
2013-05,3,Beer,0.0232,ff49,ew
2013-06,31,Telcm,0.0388,ff49,ew
2013-07,31,Telcm,0.0839,ff49,ew
2013-08,7,Books,-0.018500000000000003,ff49,ew
2013-09,15,Txtls,0.056600000000000004,ff49,ew
2013-10,12,Drugs,-0.0529,ff49,ew
2013-11,25,Guns,0.0709,ff49,ew
2013-12,25,Guns,0.1223,ff49,ew
2014-01,25,Guns,0.0381,ff49,ew
2014-02,12,Drugs,0.0784,ff49,ew
2014-03,12,Drugs,-0.055,ff49,ew
2014-04,21,ElcEq,-0.07150000000000001,ff49,ew
2014-05,24,Ships,0.0373,ff49,ew
2014-06,4,Smoke,-0.0008,ff49,ew
2014-07,29,Oil,-0.083,ff49,ew
2014-08,10,Hlth,0.0276,ff49,ew
2014-09,28,Coal,-0.1857,ff49,ew
2014-10,5,Toys,-0.0276,ff49,ew
2014-11,5,Toys,0.039599999999999996,ff49,ew
2014-12,3,Beer,0.0101,ff49,ew
2015-01,12,Drugs,0.0404,ff49,ew
2015-02,26,Gold,-0.0603,ff49,ew
2015-03,12,Drugs,0.018500000000000003,ff49,ew
2015-04,25,Guns,0.022000000000000002,ff49,ew
2015-05,29,Oil,-0.07429999999999999,ff49,ew
2015-06,31,Telcm,-0.0204,ff49,ew
2015-07,31,Telcm,-0.0161,ff49,ew
2015-08,2,Soda,-0.0438,ff49,ew
2015-09,2,Soda,0.004699999999999999,ff49,ew
2015-10,4,Smoke,0.0975,ff49,ew
2015-11,4,Smoke,-0.014499999999999999,ff49,ew
2015-12,32,PerSv,-0.0613,ff49,ew
2016-01,3,Beer,-0.0404,ff49,ew
2016-02,3,Beer,-0.0169,ff49,ew
2016-03,26,Gold,0.1119,ff49,ew
2016-04,26,Gold,0.3859,ff49,ew
2016-05,26,Gold,-0.1518,ff49,ew
2016-06,29,Oil,0.0087,ff49,ew
2016-07,26,Gold,0.2868,ff49,ew
2016-08,2,Soda,0.025,ff49,ew
2016-09,2,Soda,-0.0264,ff49,ew
2016-10,2,Soda,-0.0132,ff49,ew
2016-11,28,Coal,0.42619999999999997,ff49,ew
2016-12,28,Coal,-0.09369999999999999,ff49,ew
1926-10,7,Books,0.0537,ff49,vw
1926-11,7,Books,-0.0662,ff49,vw
1926-12,11,MedEq,-0.0333,ff49,vw
1927-01,37,LabEq,-0.0301,ff49,vw
1927-02,27,Mines,0.052000000000000005,ff49,vw
1927-03,22,Autos,0.015600000000000001,ff49,vw
1927-04,13,Chems,0.0294,ff49,vw
1927-05,13,Chems,0.0385,ff49,vw
1927-06,45,Insur,0.0085,ff49,vw
1927-07,23,Aero,-0.0278,ff49,vw
1927-08,23,Aero,0.30329999999999996,ff49,vw
1927-09,23,Aero,0.1765,ff49,vw
1927-10,23,Aero,-0.1833,ff49,vw
1927-11,23,Aero,0.1941,ff49,vw
1927-12,36,Chips,-0.046900000000000004,ff49,vw
1928-01,45,Insur,-0.0078000000000000005,ff49,vw
1928-02,23,Aero,-0.09820000000000001,ff49,vw
1928-03,23,Aero,0.2483,ff49,vw
1928-04,22,Autos,0.0109,ff49,vw
1928-05,23,Aero,0.19879999999999998,ff49,vw
1928-06,23,Aero,-0.11689999999999999,ff49,vw
1928-07,23,Aero,0.0554,ff49,vw
1928-08,23,Aero,0.1422,ff49,vw
1928-09,12,Drugs,-0.0358,ff49,vw
1928-10,5,Toys,-0.1054,ff49,vw
1928-11,8,Hshld,0.16579999999999998,ff49,vw
1928-12,23,Aero,0.0053,ff49,vw
1929-01,23,Aero,0.0172,ff49,vw
1929-02,21,ElcEq,-0.0184,ff49,vw
1929-03,13,Chems,-0.0338,ff49,vw
1929-04,44,Banks,0.0723,ff49,vw
1929-05,17,Cnstr,-0.0638,ff49,vw
1929-06,34,Hardw,0.1321,ff49,vw
1929-07,30,Util,0.0917,ff49,vw
1929-08,30,Util,0.0901,ff49,vw
1929-09,21,ElcEq,-0.1148,ff49,vw
1929-10,34,Hardw,-0.2735,ff49,vw
1929-11,37,LabEq,-0.15109999999999998,ff49,vw
1929-12,0,Agric,-0.049400000000000006,ff49,vw
1930-01,17,Cnstr,0.003,ff49,vw
1930-02,38,Paper,-0.0776,ff49,vw
1930-03,23,Aero,0.281,ff49,vw
1930-04,6,Fun,0.057999999999999996,ff49,vw
1930-05,23,Aero,-0.08349999999999999,ff49,vw
1930-06,29,Oil,-0.157,ff49,vw
1930-07,17,Cnstr,0.0426,ff49,vw
1930-08,17,Cnstr,-0.032400000000000005,ff49,vw
1930-09,12,Drugs,-0.0931,ff49,vw
1930-10,32,PerSv,-0.1346,ff49,vw
1930-11,3,Beer,0.0354,ff49,vw
1930-12,32,PerSv,-0.134,ff49,vw
1931-01,1,Food,0.049,ff49,vw
1931-02,32,PerSv,0.3115,ff49,vw
1931-03,38,Paper,-0.1636,ff49,vw
1931-04,32,PerSv,-0.1739,ff49,vw
1931-05,32,PerSv,-0.15789999999999998,ff49,vw
1931-06,32,PerSv,0.2917,ff49,vw
1931-07,4,Smoke,-0.0349,ff49,vw
1931-08,48,Other,0.0146,ff49,vw
1931-09,48,Other,-0.244,ff49,vw
1931-10,9,Clths,-0.024700000000000003,ff49,vw
1931-11,3,Beer,-0.1066,ff49,vw
1931-12,9,Clths,-0.1422,ff49,vw
1932-01,12,Drugs,-0.032799999999999996,ff49,vw
1932-02,44,Banks,0.1531,ff49,vw
1932-03,4,Smoke,-0.0492,ff49,vw
1932-04,38,Paper,-0.4468,ff49,vw
1932-05,5,Toys,-0.4334,ff49,vw
1932-06,9,Clths,-0.050199999999999995,ff49,vw
1932-07,9,Clths,-0.21,ff49,vw
1932-08,29,Oil,0.1729,ff49,vw
1932-09,28,Coal,-0.059000000000000004,ff49,vw
1932-10,38,Paper,0.0,ff49,vw
1932-11,38,Paper,0.0,ff49,vw
1932-12,5,Toys,-0.22,ff49,vw
1933-01,0,Agric,0.1892,ff49,vw
1933-02,0,Agric,-0.10220000000000001,ff49,vw
1933-03,0,Agric,0.2811,ff49,vw
1933-04,0,Agric,0.4264,ff49,vw
1933-05,18,Steel,0.2334,ff49,vw
1933-06,38,Paper,0.0909,ff49,vw
1933-07,38,Paper,-0.0417,ff49,vw
1933-08,38,Paper,-0.1739,ff49,vw
1933-09,3,Beer,-0.057999999999999996,ff49,vw
1933-10,6,Fun,-0.11349999999999999,ff49,vw
1933-11,3,Beer,-0.0719,ff49,vw
1933-12,29,Oil,-0.0116,ff49,vw
1934-01,36,Chips,0.4079,ff49,vw
1934-02,36,Chips,-0.0298,ff49,vw
1934-03,36,Chips,-0.0341,ff49,vw
1934-04,32,PerSv,-0.0076,ff49,vw
1934-05,38,Paper,-0.22949999999999998,ff49,vw
1934-06,7,Books,-0.013500000000000002,ff49,vw
1934-07,37,LabEq,-0.0051,ff49,vw
1934-08,4,Smoke,0.0363,ff49,vw
1934-09,44,Banks,0.0019,ff49,vw
1934-10,4,Smoke,0.0286,ff49,vw
1934-11,6,Fun,0.1313,ff49,vw
1934-12,38,Paper,0.10710000000000001,ff49,vw
1935-01,38,Paper,-0.22579999999999997,ff49,vw
1935-02,38,Paper,-0.3333,ff49,vw
1935-03,0,Agric,0.020499999999999997,ff49,vw
1935-04,0,Agric,0.0489,ff49,vw
1935-05,36,Chips,0.0235,ff49,vw
1935-06,38,Paper,-0.0645,ff49,vw
1935-07,38,Paper,0.10339999999999999,ff49,vw
1935-08,33,BusSv,-0.37329999999999997,ff49,vw
1935-09,32,PerSv,0.0011,ff49,vw
1935-10,38,Paper,-0.25,ff49,vw
1935-11,17,Cnstr,-0.0558,ff49,vw
1935-12,33,BusSv,0.0088,ff49,vw
1936-01,46,RlEst,0.1184,ff49,vw
1936-02,46,RlEst,0.0128,ff49,vw
1936-03,38,Paper,-0.0508,ff49,vw
1936-04,38,Paper,-0.25,ff49,vw
1936-05,44,Banks,0.3043,ff49,vw
1936-06,44,Banks,-0.0506,ff49,vw
1936-07,44,Banks,0.0843,ff49,vw
1936-08,32,PerSv,0.0658,ff49,vw
1936-09,32,PerSv,0.22699999999999998,ff49,vw
1936-10,32,PerSv,0.1954,ff49,vw
1936-11,32,PerSv,0.0552,ff49,vw
1936-12,32,PerSv,-0.0547,ff49,vw
1937-01,46,RlEst,0.12269999999999999,ff49,vw
1937-02,46,RlEst,-0.0481,ff49,vw
1937-03,38,Paper,-0.0919,ff49,vw
1937-04,18,Steel,-0.1532,ff49,vw
1937-05,40,Trans,-0.0385,ff49,vw
1937-06,37,LabEq,0.0104,ff49,vw
1937-07,37,LabEq,0.0435,ff49,vw
1937-08,37,LabEq,0.0333,ff49,vw
1937-09,14,Rubbr,-0.16670000000000001,ff49,vw
1937-10,37,LabEq,-0.04,ff49,vw
1937-11,37,LabEq,-0.0864,ff49,vw
1937-12,31,Telcm,-0.0155,ff49,vw
1938-01,17,Cnstr,-0.1457,ff49,vw
1938-02,17,Cnstr,0.056799999999999996,ff49,vw
1938-03,23,Aero,-0.22899999999999998,ff49,vw
1938-04,39,Boxes,0.1186,ff49,vw
1938-05,23,Aero,-0.0478,ff49,vw
1938-06,33,BusSv,0.079,ff49,vw
1938-07,17,Cnstr,0.08900000000000001,ff49,vw
1938-08,32,PerSv,0.0375,ff49,vw
1938-09,32,PerSv,-0.0942,ff49,vw
1938-10,22,Autos,0.0708,ff49,vw
1938-11,17,Cnstr,-0.1784,ff49,vw
1938-12,5,Toys,0.0395,ff49,vw
1939-01,17,Cnstr,-0.1348,ff49,vw
1939-02,23,Aero,0.0323,ff49,vw
1939-03,0,Agric,-0.0313,ff49,vw
1939-04,0,Agric,0.0649,ff49,vw
1939-05,0,Agric,0.061500000000000006,ff49,vw
1939-06,5,Toys,-0.0533,ff49,vw
1939-07,5,Toys,0.2336,ff49,vw
1939-08,5,Toys,0.0455,ff49,vw
1939-09,5,Toys,0.0556,ff49,vw
1939-10,28,Coal,-0.102,ff49,vw
1939-11,28,Coal,-0.21359999999999998,ff49,vw
1939-12,23,Aero,0.08529999999999999,ff49,vw
1940-01,5,Toys,0.0663,ff49,vw
1940-02,46,RlEst,-0.0138,ff49,vw
1940-03,5,Toys,0.10949999999999999,ff49,vw
1940-04,5,Toys,-0.033,ff49,vw
1940-05,38,Paper,-0.3604,ff49,vw
1940-06,11,MedEq,-0.0163,ff49,vw
1940-07,31,Telcm,0.0197,ff49,vw
1940-08,31,Telcm,-0.0036,ff49,vw
1940-09,17,Cnstr,0.0196,ff49,vw
1940-10,46,RlEst,-0.048,ff49,vw
1940-11,46,RlEst,-0.2899,ff49,vw
1940-12,32,PerSv,-0.031400000000000004,ff49,vw
1941-01,6,Fun,-0.0187,ff49,vw
1941-02,6,Fun,0.006500000000000001,ff49,vw
1941-03,46,RlEst,0.2501,ff49,vw
1941-04,46,RlEst,-0.284,ff49,vw
1941-05,29,Oil,0.055099999999999996,ff49,vw
1941-06,29,Oil,0.051,ff49,vw
1941-07,28,Coal,0.2286,ff49,vw
1941-08,28,Coal,-0.0195,ff49,vw
1941-09,6,Fun,-0.0009,ff49,vw
1941-10,6,Fun,-0.0161,ff49,vw
1941-11,6,Fun,0.0218,ff49,vw
1941-12,0,Agric,-0.010700000000000001,ff49,vw
1942-01,0,Agric,-0.0987,ff49,vw
1942-02,9,Clths,-0.0213,ff49,vw
1942-03,36,Chips,0.0178,ff49,vw
1942-04,7,Books,-0.0688,ff49,vw
1942-05,22,Autos,0.1048,ff49,vw
1942-06,44,Banks,0.0168,ff49,vw
1942-07,44,Banks,0.0545,ff49,vw
1942-08,5,Toys,0.0392,ff49,vw
1942-09,11,MedEq,0.0063,ff49,vw
1942-10,11,MedEq,0.0926,ff49,vw
1942-11,7,Books,0.0006,ff49,vw
1942-12,17,Cnstr,0.0579,ff49,vw
1943-01,7,Books,0.2148,ff49,vw
1943-02,17,Cnstr,0.22899999999999998,ff49,vw
1943-03,46,RlEst,-0.09570000000000001,ff49,vw
1943-04,46,RlEst,-0.0084,ff49,vw
1943-05,7,Books,0.2501,ff49,vw
1943-06,7,Books,-0.0484,ff49,vw
1943-07,7,Books,-0.0897,ff49,vw
1943-08,32,PerSv,0.1561,ff49,vw
1943-09,32,PerSv,-0.0408,ff49,vw
1943-10,32,PerSv,-0.0255,ff49,vw
1943-11,3,Beer,-0.018500000000000003,ff49,vw
1943-12,3,Beer,0.12480000000000001,ff49,vw
1944-01,3,Beer,0.011899999999999999,ff49,vw
1944-02,32,PerSv,0.0901,ff49,vw
1944-03,32,PerSv,-0.034300000000000004,ff49,vw
1944-04,32,PerSv,-0.035,ff49,vw
1944-05,38,Paper,0.09880000000000001,ff49,vw
1944-06,38,Paper,0.047,ff49,vw
1944-07,7,Books,-0.0317,ff49,vw
1944-08,7,Books,0.1629,ff49,vw
1944-09,7,Books,-0.019,ff49,vw
1944-10,23,Aero,0.014199999999999999,ff49,vw
1944-11,23,Aero,0.0315,ff49,vw
1944-12,23,Aero,0.0584,ff49,vw
1945-01,46,RlEst,0.1159,ff49,vw
1945-02,46,RlEst,0.0144,ff49,vw
1945-03,46,RlEst,-0.07730000000000001,ff49,vw
1945-04,3,Beer,0.1574,ff49,vw
1945-05,3,Beer,-0.0059,ff49,vw
1945-06,3,Beer,0.0644,ff49,vw
1945-07,7,Books,-0.0147,ff49,vw
1945-08,7,Books,0.14800000000000002,ff49,vw
1945-09,7,Books,0.1273,ff49,vw
1945-10,46,RlEst,0.0736,ff49,vw
1945-11,3,Beer,0.041299999999999996,ff49,vw
1945-12,3,Beer,0.1948,ff49,vw
1946-01,3,Beer,0.0051,ff49,vw
1946-02,46,RlEst,-0.09789999999999999,ff49,vw
1946-03,46,RlEst,0.0316,ff49,vw
1946-04,6,Fun,0.08929999999999999,ff49,vw
1946-05,12,Drugs,0.0527,ff49,vw
1946-06,12,Drugs,-0.0538,ff49,vw
1946-07,32,PerSv,0.0062,ff49,vw
1946-08,3,Beer,-0.0646,ff49,vw
1946-09,0,Agric,-0.08349999999999999,ff49,vw
1946-10,45,Insur,-0.0849,ff49,vw
1946-11,0,Agric,0.0058,ff49,vw
1946-12,36,Chips,0.0613,ff49,vw
1947-01,36,Chips,0.0176,ff49,vw
1947-02,36,Chips,-0.0512,ff49,vw
1947-03,22,Autos,-0.0278,ff49,vw
1947-04,22,Autos,-0.0454,ff49,vw
1947-05,0,Agric,-0.016200000000000003,ff49,vw
1947-06,29,Oil,0.07719999999999999,ff49,vw
1947-07,29,Oil,0.0368,ff49,vw
1947-08,28,Coal,0.0075,ff49,vw
1947-09,28,Coal,0.1185,ff49,vw
1947-10,28,Coal,0.0262,ff49,vw
1947-11,28,Coal,0.0447,ff49,vw
1947-12,28,Coal,0.0443,ff49,vw
1948-01,29,Oil,-0.0755,ff49,vw
1948-02,45,Insur,-0.0855,ff49,vw
1948-03,17,Cnstr,0.019299999999999998,ff49,vw
1948-04,23,Aero,0.0359,ff49,vw
1948-05,23,Aero,0.0297,ff49,vw
1948-06,38,Paper,-0.0005,ff49,vw
1948-07,17,Cnstr,-0.0906,ff49,vw
1948-08,17,Cnstr,0.0416,ff49,vw
1948-09,17,Cnstr,-0.0575,ff49,vw
1948-10,4,Smoke,0.0345,ff49,vw
1948-11,11,MedEq,-0.0911,ff49,vw
1948-12,45,Insur,0.081,ff49,vw
1949-01,37,LabEq,-0.0040999999999999995,ff49,vw
1949-02,37,LabEq,0.0074,ff49,vw
1949-03,6,Fun,0.0379,ff49,vw
1949-04,14,Rubbr,-0.051100000000000007,ff49,vw
1949-05,46,RlEst,-0.0118,ff49,vw
1949-06,46,RlEst,-0.0271,ff49,vw
1949-07,32,PerSv,0.1,ff49,vw
1949-08,32,PerSv,0.027000000000000003,ff49,vw
1949-09,11,MedEq,0.0368,ff49,vw
1949-10,11,MedEq,0.0421,ff49,vw
1949-11,11,MedEq,0.0473,ff49,vw
1949-12,36,Chips,0.0364,ff49,vw
1950-01,11,MedEq,0.011699999999999999,ff49,vw
1950-02,17,Cnstr,0.0104,ff49,vw
1950-03,5,Toys,-0.0668,ff49,vw
1950-04,36,Chips,0.146,ff49,vw
1950-05,23,Aero,-0.0381,ff49,vw
1950-06,13,Chems,-0.067,ff49,vw
1950-07,22,Autos,-0.011000000000000001,ff49,vw
1950-08,28,Coal,0.049400000000000006,ff49,vw
1950-09,28,Coal,0.0321,ff49,vw
1950-10,28,Coal,-0.026699999999999998,ff49,vw
1950-11,7,Books,-0.0444,ff49,vw
1950-12,11,MedEq,0.0932,ff49,vw
1951-01,23,Aero,0.0192,ff49,vw
1951-02,40,Trans,-0.0229,ff49,vw
1951-03,17,Cnstr,-0.0747,ff49,vw
1951-04,0,Agric,0.011200000000000002,ff49,vw
1951-05,12,Drugs,0.018000000000000002,ff49,vw
1951-06,12,Drugs,0.008100000000000001,ff49,vw
1951-07,12,Drugs,0.1527,ff49,vw
1951-08,12,Drugs,-0.0218,ff49,vw
1951-09,29,Oil,-0.0085,ff49,vw
1951-10,41,Whlsl,-0.0947,ff49,vw
1951-11,6,Fun,-0.004,ff49,vw
1951-12,37,LabEq,0.028300000000000002,ff49,vw
1952-01,44,Banks,-0.0012,ff49,vw
1952-02,47,Fin,-0.0102,ff49,vw
1952-03,47,Fin,0.035,ff49,vw
1952-04,29,Oil,-0.0765,ff49,vw
1952-05,44,Banks,0.0173,ff49,vw
1952-06,40,Trans,0.0508,ff49,vw
1952-07,17,Cnstr,0.0075,ff49,vw
1952-08,23,Aero,0.0121,ff49,vw
1952-09,46,RlEst,0.039,ff49,vw
1952-10,46,RlEst,-0.0265,ff49,vw
1952-11,46,RlEst,0.0495,ff49,vw
1952-12,4,Smoke,0.0042,ff49,vw
1953-01,36,Chips,-0.0176,ff49,vw
1953-02,6,Fun,0.0443,ff49,vw
1953-03,23,Aero,-0.0572,ff49,vw
1953-04,5,Toys,-0.0264,ff49,vw
1953-05,7,Books,-0.0104,ff49,vw
1953-06,32,PerSv,0.0285,ff49,vw
1953-07,32,PerSv,-0.009000000000000001,ff49,vw
1953-08,32,PerSv,-0.0059,ff49,vw
1953-09,11,MedEq,-0.011000000000000001,ff49,vw
1953-10,11,MedEq,0.0441,ff49,vw
1953-11,37,LabEq,0.0055000000000000005,ff49,vw
1953-12,21,ElcEq,-0.0069,ff49,vw
1954-01,14,Rubbr,0.0858,ff49,vw
1954-02,6,Fun,0.0331,ff49,vw
1954-03,23,Aero,0.1625,ff49,vw
1954-04,23,Aero,0.0,ff49,vw
1954-05,21,ElcEq,-0.0345,ff49,vw
1954-06,34,Hardw,0.038599999999999995,ff49,vw
1954-07,21,ElcEq,-0.013300000000000001,ff49,vw
1954-08,23,Aero,0.028300000000000002,ff49,vw
1954-09,43,Meals,0.09230000000000001,ff49,vw
1954-10,43,Meals,-0.0132,ff49,vw
1954-11,43,Meals,0.0424,ff49,vw
1954-12,34,Hardw,-0.0084,ff49,vw
1955-01,18,Steel,0.034,ff49,vw
1955-02,23,Aero,0.027200000000000002,ff49,vw
1955-03,23,Aero,-0.0737,ff49,vw
1955-04,24,Ships,-0.0877,ff49,vw
1955-05,34,Hardw,-0.0169,ff49,vw
1955-06,36,Chips,-0.0265,ff49,vw
1955-07,13,Chems,-0.020499999999999997,ff49,vw
1955-08,22,Autos,-0.0334,ff49,vw
1955-09,14,Rubbr,0.005699999999999999,ff49,vw
1955-10,14,Rubbr,-0.0311,ff49,vw
1955-11,14,Rubbr,0.0716,ff49,vw
1955-12,23,Aero,0.0821,ff49,vw
1956-01,23,Aero,-0.0684,ff49,vw
1956-02,28,Coal,0.121,ff49,vw
1956-03,28,Coal,0.0941,ff49,vw
1956-04,46,RlEst,-0.0806,ff49,vw
1956-05,34,Hardw,0.0032,ff49,vw
1956-06,34,Hardw,0.121,ff49,vw
1956-07,34,Hardw,0.046799999999999994,ff49,vw
1956-08,7,Books,0.0426,ff49,vw
1956-09,7,Books,-0.0932,ff49,vw
1956-10,5,Toys,0.0709,ff49,vw
1956-11,5,Toys,0.08869999999999999,ff49,vw
1956-12,5,Toys,-0.0022,ff49,vw
1957-01,5,Toys,-0.0447,ff49,vw
1957-02,24,Ships,-0.009000000000000001,ff49,vw
1957-03,45,Insur,-0.0255,ff49,vw
1957-04,45,Insur,0.057800000000000004,ff49,vw
1957-05,36,Chips,0.0479,ff49,vw
1957-06,7,Books,0.0371,ff49,vw
1957-07,37,LabEq,-0.0048,ff49,vw
1957-08,34,Hardw,-0.069,ff49,vw
1957-09,12,Drugs,-0.0316,ff49,vw
1957-10,4,Smoke,0.009899999999999999,ff49,vw
1957-11,4,Smoke,0.038900000000000004,ff49,vw
1957-12,4,Smoke,0.0318,ff49,vw
1958-01,45,Insur,0.0236,ff49,vw
1958-02,17,Cnstr,-0.0392,ff49,vw
1958-03,45,Insur,0.0068000000000000005,ff49,vw
1958-04,0,Agric,0.0739,ff49,vw
1958-05,0,Agric,0.0078000000000000005,ff49,vw
1958-06,46,RlEst,0.0058,ff49,vw
1958-07,46,RlEst,0.09390000000000001,ff49,vw
1958-08,46,RlEst,0.0394,ff49,vw
1958-09,38,Paper,0.0751,ff49,vw
1958-10,5,Toys,0.1563,ff49,vw
1958-11,5,Toys,0.0236,ff49,vw
1958-12,5,Toys,-0.0436,ff49,vw
1959-01,34,Hardw,-0.053,ff49,vw
1959-02,32,PerSv,-0.0068000000000000005,ff49,vw
1959-03,31,Telcm,-0.0052,ff49,vw
1959-04,5,Toys,0.2389,ff49,vw
1959-05,5,Toys,-0.0338,ff49,vw
1959-06,5,Toys,0.0894,ff49,vw
1959-07,5,Toys,0.0161,ff49,vw
1959-08,11,MedEq,0.0572,ff49,vw
1959-09,11,MedEq,-0.0481,ff49,vw
1959-10,7,Books,0.0683,ff49,vw
1959-11,5,Toys,0.055,ff49,vw
1959-12,37,LabEq,0.013600000000000001,ff49,vw
1960-01,37,LabEq,-0.1072,ff49,vw
1960-02,5,Toys,0.0739,ff49,vw
1960-03,5,Toys,-0.0163,ff49,vw
1960-04,5,Toys,0.1295,ff49,vw
1960-05,32,PerSv,0.0036,ff49,vw
1960-06,0,Agric,-0.051699999999999996,ff49,vw
1960-07,5,Toys,-0.062400000000000004,ff49,vw
1960-08,7,Books,0.037000000000000005,ff49,vw
1960-09,6,Fun,-0.0444,ff49,vw
1960-10,27,Mines,0.0341,ff49,vw
1960-11,5,Toys,0.1655,ff49,vw
1960-12,5,Toys,0.0989,ff49,vw
1961-01,5,Toys,-0.034,ff49,vw
1961-02,17,Cnstr,0.0718,ff49,vw
1961-03,11,MedEq,0.0204,ff49,vw
1961-04,6,Fun,0.015700000000000002,ff49,vw
1961-05,46,RlEst,0.056100000000000004,ff49,vw
1961-06,46,RlEst,-0.0381,ff49,vw
1961-07,46,RlEst,-0.025099999999999997,ff49,vw
1961-08,48,Other,0.0104,ff49,vw
1961-09,4,Smoke,0.0011,ff49,vw
1961-10,44,Banks,0.0253,ff49,vw
1961-11,34,Hardw,0.0063,ff49,vw
1961-12,4,Smoke,-0.0593,ff49,vw
1962-01,46,RlEst,-0.008,ff49,vw
1962-02,28,Coal,0.0066,ff49,vw
1962-03,38,Paper,0.0287,ff49,vw
1962-04,38,Paper,-0.0346,ff49,vw
1962-05,38,Paper,-0.1506,ff49,vw
1962-06,29,Oil,-0.048,ff49,vw
1962-07,29,Oil,0.0479,ff49,vw
1962-08,23,Aero,0.061799999999999994,ff49,vw
1962-09,23,Aero,-0.0663,ff49,vw
1962-10,48,Other,-0.0334,ff49,vw
1962-11,13,Chems,0.1186,ff49,vw
1962-12,46,RlEst,-0.1301,ff49,vw
1963-01,12,Drugs,0.0535,ff49,vw
1963-02,5,Toys,-0.09789999999999999,ff49,vw
1963-03,48,Other,0.0588,ff49,vw
1963-04,38,Paper,0.1035,ff49,vw
1963-05,38,Paper,-0.0012,ff49,vw
1963-06,0,Agric,-0.0867,ff49,vw
1963-07,0,Agric,0.0304,ff49,vw
1963-08,0,Agric,-0.0032,ff49,vw
1963-09,48,Other,0.028300000000000002,ff49,vw
1963-10,48,Other,0.0345,ff49,vw
1963-11,22,Autos,-0.059000000000000004,ff49,vw
1963-12,31,Telcm,-0.0009,ff49,vw
1964-01,28,Coal,0.045,ff49,vw
1964-02,40,Trans,0.0677,ff49,vw
1964-03,40,Trans,0.0323,ff49,vw
1964-04,19,FabPr,-0.053899999999999997,ff49,vw
1964-05,27,Mines,0.0131,ff49,vw
1964-06,27,Mines,-0.0098,ff49,vw
1964-07,27,Mines,0.0209,ff49,vw
1964-08,14,Rubbr,-0.0088,ff49,vw
1964-09,19,FabPr,0.06849999999999999,ff49,vw
1964-10,26,Gold,-0.019799999999999998,ff49,vw
1964-11,32,PerSv,0.039599999999999996,ff49,vw
1964-12,32,PerSv,-0.046799999999999994,ff49,vw
1965-01,26,Gold,-0.056600000000000004,ff49,vw
1965-02,37,LabEq,0.0184,ff49,vw
1965-03,37,LabEq,-0.0149,ff49,vw
1965-04,0,Agric,0.0128,ff49,vw
1965-05,25,Guns,-0.013500000000000002,ff49,vw
1965-06,5,Toys,-0.0904,ff49,vw
1965-07,23,Aero,0.10279999999999999,ff49,vw
1965-08,23,Aero,0.022799999999999997,ff49,vw
1965-09,11,MedEq,0.0882,ff49,vw
1965-10,5,Toys,0.138,ff49,vw
1965-11,5,Toys,0.1346,ff49,vw
1965-12,5,Toys,0.018600000000000002,ff49,vw
1966-01,17,Cnstr,0.07339999999999999,ff49,vw
1966-02,17,Cnstr,-0.0288,ff49,vw
1966-03,27,Mines,-0.045899999999999996,ff49,vw
1966-04,5,Toys,0.059800000000000006,ff49,vw
1966-05,5,Toys,-0.1429,ff49,vw
1966-06,26,Gold,-0.031200000000000002,ff49,vw
1966-07,26,Gold,0.0836,ff49,vw
1966-08,26,Gold,-0.16620000000000001,ff49,vw
1966-09,39,Boxes,0.0137,ff49,vw
1966-10,28,Coal,-0.0144,ff49,vw
1966-11,45,Insur,0.014499999999999999,ff49,vw
1966-12,45,Insur,0.0040999999999999995,ff49,vw
1967-01,44,Banks,0.12179999999999999,ff49,vw
1967-02,35,Softw,-0.0833,ff49,vw
1967-03,35,Softw,0.11359999999999999,ff49,vw
1967-04,17,Cnstr,0.0252,ff49,vw
1967-05,19,FabPr,-0.1144,ff49,vw
1967-06,43,Meals,0.13,ff49,vw
1967-07,32,PerSv,0.1466,ff49,vw
1967-08,32,PerSv,-0.0588,ff49,vw
1967-09,14,Rubbr,0.0866,ff49,vw
1967-10,35,Softw,0.2232,ff49,vw
1967-11,35,Softw,0.135,ff49,vw
1967-12,35,Softw,0.0932,ff49,vw
1968-01,35,Softw,-0.2882,ff49,vw
1968-02,26,Gold,0.1953,ff49,vw
1968-03,26,Gold,-0.1079,ff49,vw
1968-04,26,Gold,0.0705,ff49,vw
1968-05,5,Toys,0.060599999999999994,ff49,vw
1968-06,43,Meals,0.0044,ff49,vw
1968-07,32,PerSv,-0.045599999999999995,ff49,vw
1968-08,45,Insur,0.0621,ff49,vw
1968-09,45,Insur,0.2274,ff49,vw
1968-10,46,RlEst,0.0207,ff49,vw
1968-11,45,Insur,0.0075,ff49,vw
1968-12,46,RlEst,0.012,ff49,vw
1969-01,43,Meals,-0.011699999999999999,ff49,vw
1969-02,48,Other,-0.168,ff49,vw
1969-03,48,Other,0.0183,ff49,vw
1969-04,38,Paper,0.056299999999999996,ff49,vw
1969-05,38,Paper,-0.032400000000000005,ff49,vw
1969-06,46,RlEst,-0.13849999999999998,ff49,vw
1969-07,34,Hardw,-0.0493,ff49,vw
1969-08,34,Hardw,0.077,ff49,vw
1969-09,11,MedEq,0.0203,ff49,vw
1969-10,10,Hlth,0.2218,ff49,vw
1969-11,10,Hlth,-0.0335,ff49,vw
1969-12,10,Hlth,0.0663,ff49,vw
1970-01,10,Hlth,-0.046900000000000004,ff49,vw
1970-02,28,Coal,0.16820000000000002,ff49,vw
1970-03,28,Coal,-0.032799999999999996,ff49,vw
1970-04,28,Coal,-0.147,ff49,vw
1970-05,38,Paper,-0.034300000000000004,ff49,vw
1970-06,4,Smoke,0.0666,ff49,vw
1970-07,4,Smoke,0.035,ff49,vw
1970-08,4,Smoke,0.0068000000000000005,ff49,vw
1970-09,26,Gold,0.056799999999999996,ff49,vw
1970-10,32,PerSv,-0.0647,ff49,vw
1970-11,28,Coal,0.0888,ff49,vw
1970-12,28,Coal,0.0559,ff49,vw
1971-01,4,Smoke,0.0574,ff49,vw
1971-02,25,Guns,0.0076,ff49,vw
1971-03,10,Hlth,0.13269999999999998,ff49,vw
1971-04,10,Hlth,-0.0134,ff49,vw
1971-05,10,Hlth,-0.066,ff49,vw
1971-06,35,Softw,0.0,ff49,vw
1971-07,35,Softw,-0.23879999999999998,ff49,vw
1971-08,11,MedEq,-0.0045000000000000005,ff49,vw
1971-09,24,Ships,-0.0086,ff49,vw
1971-10,40,Trans,-0.019,ff49,vw
1971-11,40,Trans,-0.0043,ff49,vw
1971-12,44,Banks,0.06280000000000001,ff49,vw
1972-01,3,Beer,0.0286,ff49,vw
1972-02,6,Fun,0.0676,ff49,vw
1972-03,6,Fun,-0.0311,ff49,vw
1972-04,48,Other,-0.1283,ff49,vw
1972-05,4,Smoke,0.027999999999999997,ff49,vw
1972-06,37,LabEq,-0.0149,ff49,vw
1972-07,3,Beer,-0.019299999999999998,ff49,vw
1972-08,12,Drugs,0.0084,ff49,vw
1972-09,44,Banks,0.011699999999999999,ff49,vw
1972-10,44,Banks,0.0066,ff49,vw
1972-11,29,Oil,0.0613,ff49,vw
1972-12,31,Telcm,0.014499999999999999,ff49,vw
1973-01,6,Fun,-0.1075,ff49,vw
1973-02,28,Coal,-0.0009,ff49,vw
1973-03,26,Gold,-0.005600000000000001,ff49,vw
1973-04,28,Coal,-0.0953,ff49,vw
1973-05,26,Gold,0.041100000000000005,ff49,vw
1973-06,26,Gold,0.0163,ff49,vw
1973-07,26,Gold,0.0165,ff49,vw
1973-08,24,Ships,-0.0194,ff49,vw
1973-09,0,Agric,0.1288,ff49,vw
1973-10,10,Hlth,-0.0866,ff49,vw
1973-11,28,Coal,-0.12050000000000001,ff49,vw
1973-12,28,Coal,0.1036,ff49,vw
1974-01,26,Gold,0.1115,ff49,vw
1974-02,26,Gold,-0.0019,ff49,vw
1974-03,26,Gold,0.0466,ff49,vw
1974-04,35,Softw,-0.12560000000000002,ff49,vw
1974-05,28,Coal,-0.0823,ff49,vw
1974-06,11,MedEq,-0.0171,ff49,vw
1974-07,4,Smoke,-0.067,ff49,vw
1974-08,26,Gold,-0.0765,ff49,vw
1974-09,26,Gold,-0.2615,ff49,vw
1974-10,30,Util,0.13019999999999998,ff49,vw
1974-11,28,Coal,0.04019999999999999,ff49,vw
1974-12,28,Coal,0.0051,ff49,vw
1975-01,28,Coal,0.1827,ff49,vw
1975-02,6,Fun,0.21760000000000002,ff49,vw
1975-03,6,Fun,0.1655,ff49,vw
1975-04,6,Fun,0.06269999999999999,ff49,vw
1975-05,43,Meals,0.0203,ff49,vw
1975-06,28,Coal,-0.031,ff49,vw
1975-07,28,Coal,-0.0323,ff49,vw
1975-08,35,Softw,-0.19260000000000002,ff49,vw
1975-09,22,Autos,-0.011699999999999999,ff49,vw
1975-10,22,Autos,0.0953,ff49,vw
1975-11,1,Food,0.023,ff49,vw
1975-12,9,Clths,-0.01,ff49,vw
1976-01,43,Meals,0.1168,ff49,vw
1976-02,9,Clths,0.048499999999999995,ff49,vw
1976-03,35,Softw,-0.0344,ff49,vw
1976-04,35,Softw,-0.0276,ff49,vw
1976-05,46,RlEst,-0.085,ff49,vw
1976-06,28,Coal,0.051699999999999996,ff49,vw
1976-07,28,Coal,-0.0677,ff49,vw
1976-08,25,Guns,-0.0004,ff49,vw
1976-09,45,Insur,0.018500000000000003,ff49,vw
1976-10,4,Smoke,0.0014000000000000002,ff49,vw
1976-11,4,Smoke,0.0242,ff49,vw
1976-12,26,Gold,0.0151,ff49,vw
1977-01,6,Fun,-0.0362,ff49,vw
1977-02,10,Hlth,-0.0931,ff49,vw
1977-03,35,Softw,-0.0729,ff49,vw
1977-04,26,Gold,-0.0432,ff49,vw
1977-05,26,Gold,-0.045700000000000005,ff49,vw
1977-06,19,FabPr,0.0369,ff49,vw
1977-07,32,PerSv,-0.0064,ff49,vw
1977-08,32,PerSv,-0.0012,ff49,vw
1977-09,10,Hlth,0.12269999999999999,ff49,vw
1977-10,10,Hlth,-0.0394,ff49,vw
1977-11,11,MedEq,0.0373,ff49,vw
1977-12,10,Hlth,0.12369999999999999,ff49,vw
1978-01,10,Hlth,-0.0529,ff49,vw
1978-02,10,Hlth,0.0334,ff49,vw
1978-03,10,Hlth,0.1003,ff49,vw
1978-04,35,Softw,0.1436,ff49,vw
1978-05,35,Softw,0.069,ff49,vw
1978-06,23,Aero,0.0352,ff49,vw
1978-07,23,Aero,0.162,ff49,vw
1978-08,23,Aero,0.0451,ff49,vw
1978-09,35,Softw,-0.0789,ff49,vw
1978-10,35,Softw,-0.2774,ff49,vw
1978-11,31,Telcm,0.0302,ff49,vw
1978-12,29,Oil,0.028900000000000002,ff49,vw
1979-01,34,Hardw,0.0337,ff49,vw
1979-02,35,Softw,-0.1045,ff49,vw
1979-03,26,Gold,0.0308,ff49,vw
1979-04,28,Coal,-0.0732,ff49,vw
1979-05,17,Cnstr,-0.004699999999999999,ff49,vw
1979-06,35,Softw,0.0529,ff49,vw
1979-07,17,Cnstr,0.0401,ff49,vw
1979-08,19,FabPr,0.0751,ff49,vw
1979-09,46,RlEst,-0.0213,ff49,vw
1979-10,26,Gold,-0.1109,ff49,vw
1979-11,24,Ships,0.1689,ff49,vw
1979-12,24,Ships,0.0346,ff49,vw
1980-01,26,Gold,0.1778,ff49,vw
1980-02,26,Gold,0.08960000000000001,ff49,vw
1980-03,26,Gold,-0.2698,ff49,vw
1980-04,29,Oil,0.0692,ff49,vw
1980-05,10,Hlth,0.0347,ff49,vw
1980-06,4,Smoke,0.0567,ff49,vw
1980-07,26,Gold,0.06570000000000001,ff49,vw
1980-08,26,Gold,0.0966,ff49,vw
1980-09,35,Softw,0.1011,ff49,vw
1980-10,35,Softw,0.11349999999999999,ff49,vw
1980-11,35,Softw,0.1329,ff49,vw
1980-12,29,Oil,-0.106,ff49,vw
1981-01,35,Softw,-0.1001,ff49,vw
1981-02,6,Fun,0.052300000000000006,ff49,vw
1981-03,2,Soda,0.041100000000000005,ff49,vw
1981-04,18,Steel,-0.0161,ff49,vw
1981-05,43,Meals,0.0315,ff49,vw
1981-06,10,Hlth,-0.0924,ff49,vw
1981-07,31,Telcm,0.0034000000000000002,ff49,vw
1981-08,28,Coal,-0.12369999999999999,ff49,vw
1981-09,27,Mines,-0.1162,ff49,vw
1981-10,31,Telcm,0.0602,ff49,vw
1981-11,2,Soda,0.006999999999999999,ff49,vw
1981-12,11,MedEq,-0.011200000000000002,ff49,vw
1982-01,19,FabPr,-0.067,ff49,vw
1982-02,34,Hardw,-0.0418,ff49,vw
1982-03,1,Food,0.0212,ff49,vw
1982-04,6,Fun,0.021,ff49,vw
1982-05,3,Beer,-0.0256,ff49,vw
1982-06,2,Soda,0.0355,ff49,vw
1982-07,9,Clths,-0.015700000000000002,ff49,vw
1982-08,3,Beer,0.0412,ff49,vw
1982-09,10,Hlth,0.030299999999999997,ff49,vw
1982-10,26,Gold,0.18109999999999998,ff49,vw
1982-11,26,Gold,0.1211,ff49,vw
1982-12,35,Softw,-0.07769999999999999,ff49,vw
1983-01,26,Gold,0.2302,ff49,vw
1983-02,26,Gold,-0.255,ff49,vw
1983-03,24,Ships,0.011699999999999999,ff49,vw
1983-04,14,Rubbr,0.0608,ff49,vw
1983-05,9,Clths,0.0014000000000000002,ff49,vw
1983-06,26,Gold,-0.057800000000000004,ff49,vw
1983-07,22,Autos,-0.0213,ff49,vw
1983-08,28,Coal,0.0115,ff49,vw
1983-09,29,Oil,-0.046799999999999994,ff49,vw
1983-10,4,Smoke,0.026600000000000002,ff49,vw
1983-11,4,Smoke,0.0079,ff49,vw
1983-12,24,Ships,-0.0016,ff49,vw
1984-01,38,Paper,-0.0558,ff49,vw
1984-02,26,Gold,0.1384,ff49,vw
1984-03,29,Oil,0.0025,ff49,vw
1984-04,29,Oil,0.04,ff49,vw
1984-05,29,Oil,-0.0513,ff49,vw
1984-06,19,FabPr,-0.005699999999999999,ff49,vw
1984-07,24,Ships,0.004699999999999999,ff49,vw
1984-08,23,Aero,0.1376,ff49,vw
1984-09,24,Ships,-0.0434,ff49,vw
1984-10,44,Banks,0.009300000000000001,ff49,vw
1984-11,45,Insur,0.0066,ff49,vw
1984-12,30,Util,0.0265,ff49,vw
1985-01,25,Guns,0.0397,ff49,vw
1985-02,35,Softw,0.044500000000000005,ff49,vw
1985-03,35,Softw,-0.0672,ff49,vw
1985-04,6,Fun,0.02,ff49,vw
1985-05,2,Soda,0.0318,ff49,vw
1985-06,1,Food,0.0331,ff49,vw
1985-07,6,Fun,-0.0148,ff49,vw
1985-08,40,Trans,-0.0146,ff49,vw
1985-09,6,Fun,-0.0197,ff49,vw
1985-10,28,Coal,0.0207,ff49,vw
1985-11,1,Food,0.08259999999999999,ff49,vw
1985-12,1,Food,0.0206,ff49,vw
1986-01,44,Banks,0.0281,ff49,vw
1986-02,4,Smoke,0.1225,ff49,vw
1986-03,0,Agric,0.0282,ff49,vw
1986-04,17,Cnstr,-0.0074,ff49,vw
1986-05,4,Smoke,0.1018,ff49,vw
1986-06,4,Smoke,0.095,ff49,vw
1986-07,4,Smoke,-0.027000000000000003,ff49,vw
1986-08,4,Smoke,0.044800000000000006,ff49,vw
1986-09,30,Util,-0.0911,ff49,vw
1986-10,26,Gold,-0.0034000000000000002,ff49,vw
1986-11,26,Gold,0.0374,ff49,vw
1986-12,26,Gold,-0.0339,ff49,vw
1987-01,35,Softw,0.2698,ff49,vw
1987-02,35,Softw,0.11199999999999999,ff49,vw
1987-03,35,Softw,0.0592,ff49,vw
1987-04,26,Gold,0.0426,ff49,vw
1987-05,26,Gold,-0.0708,ff49,vw
1987-06,26,Gold,-0.044199999999999996,ff49,vw
1987-07,15,Txtls,0.044500000000000005,ff49,vw
1987-08,18,Steel,-0.0433,ff49,vw
1987-09,4,Smoke,0.0036,ff49,vw
1987-10,26,Gold,-0.30870000000000003,ff49,vw
1987-11,31,Telcm,-0.08900000000000001,ff49,vw
1987-12,30,Util,0.005600000000000001,ff49,vw
1988-01,30,Util,0.0977,ff49,vw
1988-02,25,Guns,0.0301,ff49,vw
1988-03,15,Txtls,0.08800000000000001,ff49,vw
1988-04,15,Txtls,0.0008,ff49,vw
1988-05,15,Txtls,0.024300000000000002,ff49,vw
1988-06,27,Mines,0.0259,ff49,vw
1988-07,5,Toys,-0.0222,ff49,vw
1988-08,17,Cnstr,-0.039,ff49,vw
1988-09,19,FabPr,0.0365,ff49,vw
1988-10,4,Smoke,0.0039000000000000003,ff49,vw
1988-11,1,Food,-0.0072,ff49,vw
1988-12,1,Food,0.023399999999999997,ff49,vw
1989-01,1,Food,0.0507,ff49,vw
1989-02,2,Soda,-0.0365,ff49,vw
1989-03,15,Txtls,0.0576,ff49,vw
1989-04,5,Toys,0.0484,ff49,vw
1989-05,15,Txtls,0.0245,ff49,vw
1989-06,3,Beer,-0.014499999999999999,ff49,vw
1989-07,5,Toys,0.10210000000000001,ff49,vw
1989-08,5,Toys,-0.0167,ff49,vw
1989-09,40,Trans,-0.04019999999999999,ff49,vw
1989-10,48,Other,-0.0325,ff49,vw
1989-11,26,Gold,0.1491,ff49,vw
1989-12,26,Gold,0.010700000000000001,ff49,vw
1990-01,26,Gold,0.079,ff49,vw
1990-02,26,Gold,-0.0216,ff49,vw
1990-03,17,Cnstr,0.0106,ff49,vw
1990-04,35,Softw,-0.0355,ff49,vw
1990-05,48,Other,0.1164,ff49,vw
1990-06,3,Beer,0.0102,ff49,vw
1990-07,3,Beer,0.0001,ff49,vw
1990-08,12,Drugs,-0.0649,ff49,vw
1990-09,4,Smoke,0.009300000000000001,ff49,vw
1990-10,29,Oil,-0.0394,ff49,vw
1990-11,4,Smoke,0.0797,ff49,vw
1990-12,4,Smoke,0.0536,ff49,vw
1991-01,35,Softw,0.1991,ff49,vw
1991-02,9,Clths,0.1578,ff49,vw
1991-03,9,Clths,0.0462,ff49,vw
1991-04,9,Clths,0.015,ff49,vw
1991-05,5,Toys,0.042699999999999995,ff49,vw
1991-06,42,Rtail,-0.044000000000000004,ff49,vw
1991-07,26,Gold,-0.0385,ff49,vw
1991-08,15,Txtls,0.0042,ff49,vw
1991-09,15,Txtls,0.042300000000000004,ff49,vw
1991-10,35,Softw,0.10710000000000001,ff49,vw
1991-11,35,Softw,-0.0256,ff49,vw
1991-12,5,Toys,0.1216,ff49,vw
1992-01,5,Toys,0.009300000000000001,ff49,vw
1992-02,35,Softw,0.0264,ff49,vw
1992-03,6,Fun,-0.0108,ff49,vw
1992-04,22,Autos,0.1117,ff49,vw
1992-05,22,Autos,-0.019,ff49,vw
1992-06,22,Autos,0.0454,ff49,vw
1992-07,26,Gold,0.016200000000000003,ff49,vw
1992-08,26,Gold,-0.0592,ff49,vw
1992-09,1,Food,0.028399999999999998,ff49,vw
1992-10,28,Coal,0.0002,ff49,vw
1992-11,35,Softw,0.0625,ff49,vw
1992-12,35,Softw,-0.0095,ff49,vw
1993-01,24,Ships,-0.0084,ff49,vw
1993-02,22,Autos,-0.0005,ff49,vw
1993-03,36,Chips,0.0463,ff49,vw
1993-04,36,Chips,-0.0199,ff49,vw
1993-05,26,Gold,0.0962,ff49,vw
1993-06,26,Gold,0.0297,ff49,vw
1993-07,26,Gold,0.0889,ff49,vw
1993-08,26,Gold,-0.1107,ff49,vw
1993-09,2,Soda,-0.0864,ff49,vw
1993-10,28,Coal,-0.0073,ff49,vw
1993-11,19,FabPr,-0.0275,ff49,vw
1993-12,10,Hlth,0.1188,ff49,vw
1994-01,10,Hlth,0.0908,ff49,vw
1994-02,10,Hlth,0.0212,ff49,vw
1994-03,10,Hlth,-0.0454,ff49,vw
1994-04,10,Hlth,-0.0051,ff49,vw
1994-05,15,Txtls,-0.0528,ff49,vw
1994-06,44,Banks,-0.0196,ff49,vw
1994-07,19,FabPr,-0.006,ff49,vw
1994-08,18,Steel,0.054400000000000004,ff49,vw
1994-09,4,Smoke,-0.0281,ff49,vw
1994-10,34,Hardw,0.0975,ff49,vw
1994-11,34,Hardw,-0.015600000000000001,ff49,vw
1994-12,35,Softw,0.018600000000000002,ff49,vw
1995-01,34,Hardw,-0.0281,ff49,vw
1995-02,6,Fun,0.039599999999999996,ff49,vw
1995-03,6,Fun,0.0453,ff49,vw
1995-04,6,Fun,0.0346,ff49,vw
1995-05,36,Chips,0.048799999999999996,ff49,vw
1995-06,36,Chips,0.12300000000000001,ff49,vw
1995-07,36,Chips,0.0958,ff49,vw
1995-08,36,Chips,-0.0089,ff49,vw
1995-09,36,Chips,0.016200000000000003,ff49,vw
1995-10,11,MedEq,-0.0165,ff49,vw
1995-11,2,Soda,0.0626,ff49,vw
1995-12,3,Beer,-0.0078000000000000005,ff49,vw
1996-01,12,Drugs,0.0603,ff49,vw
1996-02,26,Gold,0.0091,ff49,vw
1996-03,26,Gold,-0.0021,ff49,vw
1996-04,26,Gold,0.0096,ff49,vw
1996-05,9,Clths,0.0739,ff49,vw
1996-06,9,Clths,0.0021,ff49,vw
1996-07,28,Coal,-0.0818,ff49,vw
1996-08,28,Coal,0.0045000000000000005,ff49,vw
1996-09,2,Soda,0.0902,ff49,vw
1996-10,2,Soda,-0.024700000000000003,ff49,vw
1996-11,44,Banks,0.09269999999999999,ff49,vw
1996-12,34,Hardw,-0.0538,ff49,vw
1997-01,4,Smoke,0.045899999999999996,ff49,vw
1997-02,36,Chips,-0.09480000000000001,ff49,vw
1997-03,4,Smoke,-0.1361,ff49,vw
1997-04,2,Soda,0.0171,ff49,vw
1997-05,39,Boxes,0.0762,ff49,vw
1997-06,39,Boxes,0.0317,ff49,vw
1997-07,21,ElcEq,0.08710000000000001,ff49,vw
1997-08,2,Soda,-0.0922,ff49,vw
1997-09,2,Soda,0.011200000000000002,ff49,vw
1997-10,34,Hardw,-0.0898,ff49,vw
1997-11,0,Agric,0.0649,ff49,vw
1997-12,31,Telcm,0.0416,ff49,vw
1998-01,2,Soda,-0.08689999999999999,ff49,vw
1998-02,31,Telcm,0.0241,ff49,vw
1998-03,17,Cnstr,0.0683,ff49,vw
1998-04,35,Softw,0.0068000000000000005,ff49,vw
1998-05,48,Other,-0.056600000000000004,ff49,vw
1998-06,22,Autos,0.0223,ff49,vw
1998-07,0,Agric,-0.1392,ff49,vw
1998-08,4,Smoke,-0.051500000000000004,ff49,vw
1998-09,4,Smoke,0.1253,ff49,vw
1998-10,4,Smoke,0.1079,ff49,vw
1998-11,26,Gold,-0.08039999999999999,ff49,vw
1998-12,26,Gold,-0.0533,ff49,vw
1999-01,36,Chips,0.11449999999999999,ff49,vw
1999-02,35,Softw,-0.1067,ff49,vw
1999-03,28,Coal,0.2982,ff49,vw
1999-04,28,Coal,0.2291,ff49,vw
1999-05,28,Coal,-0.1222,ff49,vw
1999-06,28,Coal,-0.2302,ff49,vw
1999-07,19,FabPr,-0.0682,ff49,vw
1999-08,36,Chips,0.0867,ff49,vw
1999-09,36,Chips,-0.037000000000000005,ff49,vw
1999-10,26,Gold,-0.12960000000000002,ff49,vw
1999-11,28,Coal,-0.0144,ff49,vw
1999-12,35,Softw,0.2613,ff49,vw
2000-01,28,Coal,0.4075,ff49,vw
2000-02,28,Coal,-0.0345,ff49,vw
2000-03,28,Coal,-0.0723,ff49,vw
2000-04,37,LabEq,-0.042699999999999995,ff49,vw
2000-05,25,Guns,-0.0013,ff49,vw
2000-06,25,Guns,-0.0322,ff49,vw
2000-07,4,Smoke,-0.043899999999999995,ff49,vw
2000-08,3,Beer,-0.10949999999999999,ff49,vw
2000-09,28,Coal,-0.1373,ff49,vw
2000-10,10,Hlth,0.061799999999999994,ff49,vw
2000-11,4,Smoke,0.0407,ff49,vw
2000-12,4,Smoke,0.1707,ff49,vw
2001-01,28,Coal,-0.0248,ff49,vw
2001-02,28,Coal,0.23079999999999998,ff49,vw
2001-03,28,Coal,0.1892,ff49,vw
2001-04,28,Coal,0.08439999999999999,ff49,vw
2001-05,28,Coal,-0.1369,ff49,vw
2001-06,26,Gold,0.0132,ff49,vw
2001-07,35,Softw,-0.1142,ff49,vw
2001-08,32,PerSv,-0.031200000000000002,ff49,vw
2001-09,10,Hlth,-0.0127,ff49,vw
2001-10,26,Gold,-0.0529,ff49,vw
2001-11,25,Guns,-0.0462,ff49,vw
2001-12,25,Guns,0.0058,ff49,vw
2002-01,34,Hardw,0.0565,ff49,vw
2002-02,6,Fun,0.0242,ff49,vw
2002-03,26,Gold,0.1515,ff49,vw
2002-04,26,Gold,0.040999999999999995,ff49,vw
2002-05,26,Gold,0.1109,ff49,vw
2002-06,26,Gold,-0.14400000000000002,ff49,vw
2002-07,25,Guns,-0.0754,ff49,vw
2002-08,25,Guns,-0.0011,ff49,vw
2002-09,25,Guns,0.0196,ff49,vw
2002-10,26,Gold,-0.099,ff49,vw
2002-11,2,Soda,-0.0288,ff49,vw
2002-12,31,Telcm,-0.0951,ff49,vw
2003-01,28,Coal,-0.1424,ff49,vw
2003-02,26,Gold,-0.0588,ff49,vw
2003-03,26,Gold,-0.0454,ff49,vw
2003-04,5,Toys,0.0432,ff49,vw
2003-05,48,Other,-0.0060999999999999995,ff49,vw
2003-06,17,Cnstr,0.0177,ff49,vw
2003-07,4,Smoke,-0.1125,ff49,vw
2003-08,26,Gold,0.1023,ff49,vw
2003-09,26,Gold,-0.0138,ff49,vw
2003-10,26,Gold,0.1202,ff49,vw
2003-11,17,Cnstr,0.0596,ff49,vw
2003-12,17,Cnstr,-0.0004,ff49,vw
2004-01,28,Coal,-0.0738,ff49,vw
2004-02,19,FabPr,0.024300000000000002,ff49,vw
2004-03,28,Coal,0.0696,ff49,vw
2004-04,2,Soda,0.0473,ff49,vw
2004-05,28,Coal,0.0665,ff49,vw
2004-06,28,Coal,0.1381,ff49,vw
2004-07,28,Coal,-0.015,ff49,vw
2004-08,28,Coal,-0.050199999999999995,ff49,vw
2004-09,46,RlEst,0.0213,ff49,vw
2004-10,26,Gold,0.0363,ff49,vw
2004-11,26,Gold,-0.0063,ff49,vw
2004-12,28,Coal,-0.0302,ff49,vw
2005-01,4,Smoke,0.0441,ff49,vw
2005-02,4,Smoke,0.0316,ff49,vw
2005-03,46,RlEst,-0.0434,ff49,vw
2005-04,29,Oil,-0.0558,ff49,vw
2005-05,10,Hlth,0.0196,ff49,vw
2005-06,10,Hlth,0.035,ff49,vw
2005-07,17,Cnstr,0.1116,ff49,vw
2005-08,28,Coal,0.0877,ff49,vw
2005-09,28,Coal,0.0949,ff49,vw
2005-10,28,Coal,-0.0974,ff49,vw
2005-11,26,Gold,0.0862,ff49,vw
2005-12,26,Gold,0.1471,ff49,vw
2006-01,40,Trans,0.0493,ff49,vw
2006-02,26,Gold,-0.1286,ff49,vw
2006-03,25,Guns,0.0327,ff49,vw
2006-04,18,Steel,0.0765,ff49,vw
2006-05,18,Steel,-0.0463,ff49,vw
2006-06,28,Coal,-0.060599999999999994,ff49,vw
2006-07,28,Coal,-0.1259,ff49,vw
2006-08,4,Smoke,0.0421,ff49,vw
2006-09,4,Smoke,-0.0638,ff49,vw
2006-10,25,Guns,0.0084,ff49,vw
2006-11,5,Toys,0.0096,ff49,vw
2006-12,9,Clths,0.0016,ff49,vw
2007-01,6,Fun,0.0666,ff49,vw
2007-02,0,Agric,-0.023799999999999998,ff49,vw
2007-03,27,Mines,0.0513,ff49,vw
2007-04,27,Mines,0.0756,ff49,vw
2007-05,27,Mines,0.09380000000000001,ff49,vw
2007-06,28,Coal,-0.08560000000000001,ff49,vw
2007-07,19,FabPr,-0.0139,ff49,vw
2007-08,27,Mines,-0.0495,ff49,vw
2007-09,0,Agric,0.20579999999999998,ff49,vw
2007-10,0,Agric,0.1361,ff49,vw
2007-11,0,Agric,0.0091,ff49,vw
2007-12,28,Coal,0.1381,ff49,vw
2008-01,28,Coal,-0.0319,ff49,vw
2008-02,28,Coal,0.087,ff49,vw
2008-03,28,Coal,-0.0765,ff49,vw
2008-04,40,Trans,0.0637,ff49,vw
2008-05,19,FabPr,0.056100000000000004,ff49,vw
2008-06,28,Coal,0.2114,ff49,vw
2008-07,28,Coal,-0.22940000000000002,ff49,vw
2008-08,19,FabPr,-0.052000000000000005,ff49,vw
2008-09,19,FabPr,-0.2816,ff49,vw
2008-10,44,Banks,-0.1525,ff49,vw
2008-11,8,Hshld,-0.0245,ff49,vw
2008-12,3,Beer,-0.0167,ff49,vw
2009-01,26,Gold,-0.0252,ff49,vw
2009-02,26,Gold,0.0412,ff49,vw
2009-03,26,Gold,0.086,ff49,vw
2009-04,0,Agric,0.0311,ff49,vw
2009-05,22,Autos,-0.032799999999999996,ff49,vw
2009-06,15,Txtls,-0.07780000000000001,ff49,vw
2009-07,46,RlEst,0.0977,ff49,vw
2009-08,28,Coal,0.0128,ff49,vw
2009-09,14,Rubbr,0.0663,ff49,vw
2009-10,6,Fun,-0.13,ff49,vw
2009-11,28,Coal,0.1058,ff49,vw
2009-12,26,Gold,-0.11699999999999999,ff49,vw
2010-01,7,Books,0.0369,ff49,vw
2010-02,7,Books,-0.0319,ff49,vw
2010-03,15,Txtls,0.08039999999999999,ff49,vw
2010-04,6,Fun,0.1636,ff49,vw
2010-05,24,Ships,-0.1133,ff49,vw
2010-06,24,Ships,-0.1711,ff49,vw
2010-07,26,Gold,-0.0891,ff49,vw
2010-08,2,Soda,-0.004,ff49,vw
2010-09,26,Gold,0.04650000000000001,ff49,vw
2010-10,27,Mines,0.1316,ff49,vw
2010-11,6,Fun,0.0704,ff49,vw
2010-12,6,Fun,-0.0124,ff49,vw
2011-01,28,Coal,0.0176,ff49,vw
2011-02,28,Coal,0.0013,ff49,vw
2011-03,19,FabPr,0.0942,ff49,vw
2011-04,24,Ships,0.0168,ff49,vw
2011-05,24,Ships,-0.0626,ff49,vw
2011-06,4,Smoke,-0.0562,ff49,vw
2011-07,2,Soda,-0.0593,ff49,vw
2011-08,9,Clths,-0.0581,ff49,vw
2011-09,26,Gold,-0.051399999999999994,ff49,vw
2011-10,26,Gold,0.07980000000000001,ff49,vw
2011-11,26,Gold,0.024900000000000002,ff49,vw
2011-12,19,FabPr,-0.0812,ff49,vw
2012-01,24,Ships,0.0472,ff49,vw
2012-02,27,Mines,-0.058600000000000006,ff49,vw
2012-03,34,Hardw,0.0707,ff49,vw
2012-04,34,Hardw,-0.0339,ff49,vw
2012-05,4,Smoke,-0.0361,ff49,vw
2012-06,2,Soda,0.0217,ff49,vw
2012-07,31,Telcm,0.0416,ff49,vw
2012-08,0,Agric,0.021400000000000002,ff49,vw
2012-09,10,Hlth,0.083,ff49,vw
2012-10,26,Gold,-0.0286,ff49,vw
2012-11,26,Gold,-0.1418,ff49,vw
2012-12,15,Txtls,0.0353,ff49,vw
2013-01,22,Autos,0.013300000000000001,ff49,vw
2013-02,6,Fun,-0.0158,ff49,vw
2013-03,24,Ships,0.0645,ff49,vw
2013-04,15,Txtls,0.01,ff49,vw
2013-05,19,FabPr,0.1431,ff49,vw
2013-06,19,FabPr,-0.0158,ff49,vw
2013-07,22,Autos,0.0971,ff49,vw
2013-08,19,FabPr,-0.0331,ff49,vw
2013-09,25,Guns,0.0495,ff49,vw
2013-10,6,Fun,0.0333,ff49,vw
2013-11,6,Fun,0.0323,ff49,vw
2013-12,24,Ships,0.0728,ff49,vw
2014-01,24,Ships,0.0304,ff49,vw
2014-02,24,Ships,0.13419999999999999,ff49,vw
2014-03,24,Ships,-0.0022,ff49,vw
2014-04,24,Ships,0.0091,ff49,vw
2014-05,29,Oil,0.0097,ff49,vw
2014-06,4,Smoke,-0.011899999999999999,ff49,vw
2014-07,36,Chips,-0.0036,ff49,vw
2014-08,10,Hlth,0.0472,ff49,vw
2014-09,26,Gold,-0.17300000000000001,ff49,vw
2014-10,25,Guns,0.0326,ff49,vw
2014-11,4,Smoke,0.009899999999999999,ff49,vw
2014-12,9,Clths,-0.0068000000000000005,ff49,vw
2015-01,11,MedEq,-0.0002,ff49,vw
2015-02,26,Gold,0.030299999999999997,ff49,vw
2015-03,26,Gold,-0.1714,ff49,vw
2015-04,15,Txtls,-0.0596,ff49,vw
2015-05,27,Mines,-0.0684,ff49,vw
2015-06,10,Hlth,0.051,ff49,vw
2015-07,10,Hlth,0.0184,ff49,vw
2015-08,10,Hlth,-0.0652,ff49,vw
2015-09,25,Guns,0.014199999999999999,ff49,vw
2015-10,25,Guns,0.064,ff49,vw
2015-11,26,Gold,-0.0552,ff49,vw
2015-12,35,Softw,-0.0051,ff49,vw
2016-01,6,Fun,-0.0929,ff49,vw
2016-02,4,Smoke,0.0095,ff49,vw
2016-03,26,Gold,0.0472,ff49,vw
2016-04,26,Gold,0.3392,ff49,vw
2016-05,26,Gold,-0.0754,ff49,vw
2016-06,28,Coal,0.0526,ff49,vw
2016-07,26,Gold,0.162,ff49,vw
2016-08,26,Gold,-0.1382,ff49,vw
2016-09,26,Gold,0.0258,ff49,vw
2016-10,28,Coal,-0.0866,ff49,vw
2016-11,6,Fun,0.0292,ff49,vw
2016-12,27,Mines,-0.0271,ff49,vw
1926-10,9,Hlth,0.0013,ff12,ew
1926-11,9,Hlth,0.0722,ff12,ew
1926-12,9,Hlth,0.004,ff12,ew
1927-01,3,Enrgy,0.0354,ff12,ew
1927-02,9,Hlth,0.024700000000000003,ff12,ew
1927-03,11,Other,-0.0029,ff12,ew
1927-04,11,Other,0.0131,ff12,ew
1927-05,7,Utils,0.09300000000000001,ff12,ew
1927-06,7,Utils,-0.0331,ff12,ew
1927-07,9,Hlth,0.0859,ff12,ew
1927-08,9,Hlth,0.0014000000000000002,ff12,ew
1927-09,9,Hlth,0.0601,ff12,ew
1927-10,7,Utils,-0.046799999999999994,ff12,ew
1927-11,9,Hlth,0.050499999999999996,ff12,ew
1927-12,9,Hlth,-0.0143,ff12,ew
1928-01,10,Money,0.042699999999999995,ff12,ew
1928-02,2,Manuf,-0.0308,ff12,ew
1928-03,4,Chems,0.061200000000000004,ff12,ew
1928-04,5,BusEq,0.050300000000000004,ff12,ew
1928-05,3,Enrgy,-0.0353,ff12,ew
1928-06,5,BusEq,-0.048499999999999995,ff12,ew
1928-07,3,Enrgy,0.0169,ff12,ew
1928-08,5,BusEq,0.0574,ff12,ew
1928-09,9,Hlth,-0.0005,ff12,ew
1928-10,1,Durbl,0.0058,ff12,ew
1928-11,1,Durbl,0.11810000000000001,ff12,ew
1928-12,3,Enrgy,-0.0719,ff12,ew
1929-01,5,BusEq,0.0774,ff12,ew
1929-02,7,Utils,-0.0152,ff12,ew
1929-03,5,BusEq,0.0668,ff12,ew
1929-04,5,BusEq,0.0495,ff12,ew
1929-05,5,BusEq,-0.0436,ff12,ew
1929-06,5,BusEq,0.1381,ff12,ew
1929-07,7,Utils,0.0799,ff12,ew
1929-08,7,Utils,0.0983,ff12,ew
1929-09,7,Utils,0.0209,ff12,ew
1929-10,7,Utils,-0.3024,ff12,ew
1929-11,6,Telcm,-0.0886,ff12,ew
1929-12,6,Telcm,0.0254,ff12,ew
1930-01,6,Telcm,0.0365,ff12,ew
1930-02,9,Hlth,0.0378,ff12,ew
1930-03,7,Utils,0.106,ff12,ew
1930-04,1,Durbl,-0.1124,ff12,ew
1930-05,3,Enrgy,-0.0581,ff12,ew
1930-06,3,Enrgy,-0.1748,ff12,ew
1930-07,6,Telcm,0.0489,ff12,ew
1930-08,9,Hlth,0.0116,ff12,ew
1930-09,9,Hlth,-0.0583,ff12,ew
1930-10,9,Hlth,-0.0524,ff12,ew
1930-11,6,Telcm,-0.0239,ff12,ew
1930-12,6,Telcm,-0.025099999999999997,ff12,ew
1931-01,6,Telcm,0.044199999999999996,ff12,ew
1931-02,1,Durbl,0.2296,ff12,ew
1931-03,1,Durbl,-0.051,ff12,ew
1931-04,1,Durbl,-0.1905,ff12,ew
1931-05,9,Hlth,-0.1595,ff12,ew
1931-06,6,Telcm,0.1069,ff12,ew
1931-07,6,Telcm,-0.0095,ff12,ew
1931-08,0,NoDur,-0.0233,ff12,ew
1931-09,3,Enrgy,-0.34240000000000004,ff12,ew
1931-10,6,Telcm,0.0101,ff12,ew
1931-11,6,Telcm,-0.1382,ff12,ew
1931-12,1,Durbl,-0.17489999999999997,ff12,ew
1932-01,1,Durbl,0.0861,ff12,ew
1932-02,1,Durbl,0.022099999999999998,ff12,ew
1932-03,0,NoDur,-0.0756,ff12,ew
1932-04,3,Enrgy,-0.1392,ff12,ew
1932-05,3,Enrgy,-0.0885,ff12,ew
1932-06,3,Enrgy,0.028399999999999998,ff12,ew
1932-07,3,Enrgy,0.4733,ff12,ew
1932-08,3,Enrgy,0.42229999999999995,ff12,ew
1932-09,10,Money,-0.08349999999999999,ff12,ew
1932-10,11,Other,-0.18760000000000002,ff12,ew
1932-11,1,Durbl,-0.0751,ff12,ew
1932-12,6,Telcm,0.011899999999999999,ff12,ew
1933-01,6,Telcm,-0.0058,ff12,ew
1933-02,4,Chems,-0.198,ff12,ew
1933-03,0,NoDur,0.1381,ff12,ew
1933-04,0,NoDur,0.5583,ff12,ew
1933-05,0,NoDur,0.44420000000000004,ff12,ew
1933-06,2,Manuf,0.19,ff12,ew
1933-07,1,Durbl,-0.1321,ff12,ew
1933-08,11,Other,0.0794,ff12,ew
1933-09,4,Chems,-0.1209,ff12,ew
1933-10,6,Telcm,-0.0784,ff12,ew
1933-11,3,Enrgy,0.0699,ff12,ew
1933-12,9,Hlth,-0.1104,ff12,ew
1934-01,1,Durbl,0.39740000000000003,ff12,ew
1934-02,1,Durbl,0.037000000000000005,ff12,ew
1934-03,1,Durbl,-0.0155,ff12,ew
1934-04,8,Shops,0.0054,ff12,ew
1934-05,8,Shops,-0.1298,ff12,ew
1934-06,4,Chems,0.0315,ff12,ew
1934-07,4,Chems,-0.131,ff12,ew
1934-08,6,Telcm,0.001,ff12,ew
1934-09,4,Chems,-0.006,ff12,ew
1934-10,4,Chems,0.0001,ff12,ew
1934-11,8,Shops,0.1103,ff12,ew
1934-12,8,Shops,0.0168,ff12,ew
1935-01,1,Durbl,-0.058899999999999994,ff12,ew
1935-02,1,Durbl,-0.0941,ff12,ew
1935-03,4,Chems,-0.0574,ff12,ew
1935-04,9,Hlth,0.033,ff12,ew
1935-05,6,Telcm,0.0524,ff12,ew
1935-06,7,Utils,0.0338,ff12,ew
1935-07,7,Utils,0.154,ff12,ew
1935-08,7,Utils,0.2045,ff12,ew
1935-09,7,Utils,-0.0779,ff12,ew
1935-10,1,Durbl,0.1362,ff12,ew
1935-11,1,Durbl,0.11779999999999999,ff12,ew
1935-12,1,Durbl,0.061200000000000004,ff12,ew
1936-01,3,Enrgy,0.2799,ff12,ew
1936-02,11,Other,0.0623,ff12,ew
1936-03,3,Enrgy,0.0098,ff12,ew
1936-04,3,Enrgy,-0.127,ff12,ew
1936-05,1,Durbl,0.0421,ff12,ew
1936-06,7,Utils,0.0209,ff12,ew
1936-07,7,Utils,0.1023,ff12,ew
1936-08,7,Utils,-0.013500000000000002,ff12,ew
1936-09,8,Shops,0.0557,ff12,ew
1936-10,8,Shops,0.0907,ff12,ew
1936-11,8,Shops,0.15439999999999998,ff12,ew
1936-12,8,Shops,-0.066,ff12,ew
1937-01,3,Enrgy,0.0723,ff12,ew
1937-02,2,Manuf,0.0362,ff12,ew
1937-03,2,Manuf,0.0207,ff12,ew
1937-04,11,Other,-0.12,ff12,ew
1937-05,11,Other,-0.0475,ff12,ew
1937-06,4,Chems,-0.0588,ff12,ew
1937-07,9,Hlth,0.0621,ff12,ew
1937-08,7,Utils,-0.1099,ff12,ew
1937-09,7,Utils,-0.1617,ff12,ew
1937-10,6,Telcm,-0.0676,ff12,ew
1937-11,6,Telcm,-0.0664,ff12,ew
1937-12,7,Utils,-0.12480000000000001,ff12,ew
1938-01,7,Utils,-0.08039999999999999,ff12,ew
1938-02,6,Telcm,0.0236,ff12,ew
1938-03,5,BusEq,-0.3035,ff12,ew
1938-04,9,Hlth,0.1363,ff12,ew
1938-05,9,Hlth,-0.024,ff12,ew
1938-06,9,Hlth,0.1543,ff12,ew
1938-07,2,Manuf,0.1045,ff12,ew
1938-08,1,Durbl,-0.0202,ff12,ew
1938-09,1,Durbl,-0.0108,ff12,ew
1938-10,1,Durbl,0.17989999999999998,ff12,ew
1938-11,7,Utils,-0.10300000000000001,ff12,ew
1938-12,7,Utils,0.036000000000000004,ff12,ew
1939-01,2,Manuf,-0.1085,ff12,ew
1939-02,6,Telcm,0.031200000000000002,ff12,ew
1939-03,7,Utils,-0.1816,ff12,ew
1939-04,6,Telcm,0.0349,ff12,ew
1939-05,6,Telcm,0.138,ff12,ew
1939-06,6,Telcm,-0.0791,ff12,ew
1939-07,8,Shops,0.10039999999999999,ff12,ew
1939-08,6,Telcm,-0.0751,ff12,ew
1939-09,7,Utils,0.0955,ff12,ew
1939-10,3,Enrgy,-0.0576,ff12,ew
1939-11,3,Enrgy,-0.1366,ff12,ew
1939-12,3,Enrgy,-0.0078000000000000005,ff12,ew
1940-01,6,Telcm,-0.0147,ff12,ew
1940-02,6,Telcm,0.04650000000000001,ff12,ew
1940-03,6,Telcm,0.0287,ff12,ew
1940-04,8,Shops,-0.0017000000000000001,ff12,ew
1940-05,8,Shops,-0.2758,ff12,ew
1940-06,9,Hlth,0.0369,ff12,ew
1940-07,7,Utils,-0.024399999999999998,ff12,ew
1940-08,7,Utils,-0.0192,ff12,ew
1940-09,7,Utils,-0.0208,ff12,ew
1940-10,1,Durbl,0.08130000000000001,ff12,ew
1940-11,1,Durbl,0.0207,ff12,ew
1940-12,1,Durbl,-0.0085,ff12,ew
1941-01,1,Durbl,-0.049100000000000005,ff12,ew
1941-02,11,Other,-0.0138,ff12,ew
1941-03,11,Other,0.0436,ff12,ew
1941-04,11,Other,-0.0318,ff12,ew
1941-05,3,Enrgy,0.0674,ff12,ew
1941-06,3,Enrgy,0.076,ff12,ew
1941-07,3,Enrgy,0.1559,ff12,ew
1941-08,3,Enrgy,-0.0231,ff12,ew
1941-09,8,Shops,-0.013600000000000001,ff12,ew
1941-10,9,Hlth,-0.024900000000000002,ff12,ew
1941-11,9,Hlth,0.0003,ff12,ew
1941-12,9,Hlth,-0.0408,ff12,ew
1942-01,9,Hlth,0.029500000000000002,ff12,ew
1942-02,11,Other,-0.0278,ff12,ew
1942-03,11,Other,-0.0964,ff12,ew
1942-04,11,Other,-0.0279,ff12,ew
1942-05,1,Durbl,0.004,ff12,ew
1942-06,6,Telcm,0.0138,ff12,ew
1942-07,6,Telcm,0.041299999999999996,ff12,ew
1942-08,6,Telcm,0.0219,ff12,ew
1942-09,11,Other,0.1013,ff12,ew
1942-10,11,Other,0.11810000000000001,ff12,ew
1942-11,7,Utils,-0.0478,ff12,ew
1942-12,6,Telcm,0.048799999999999996,ff12,ew
1943-01,6,Telcm,0.1003,ff12,ew
1943-02,10,Money,0.1702,ff12,ew
1943-03,7,Utils,0.0241,ff12,ew
1943-04,11,Other,0.0662,ff12,ew
1943-05,11,Other,0.11,ff12,ew
1943-06,7,Utils,0.0098,ff12,ew
1943-07,7,Utils,-0.0592,ff12,ew
1943-08,8,Shops,0.0203,ff12,ew
1943-09,8,Shops,0.0596,ff12,ew
1943-10,8,Shops,-0.0181,ff12,ew
1943-11,6,Telcm,-0.0455,ff12,ew
1943-12,6,Telcm,0.0775,ff12,ew
1944-01,6,Telcm,0.044500000000000005,ff12,ew
1944-02,0,NoDur,0.0102,ff12,ew
1944-03,11,Other,0.051100000000000007,ff12,ew
1944-04,11,Other,-0.0441,ff12,ew
1944-05,3,Enrgy,0.0455,ff12,ew
1944-06,1,Durbl,0.23149999999999998,ff12,ew
1944-07,1,Durbl,-0.0226,ff12,ew
1944-08,1,Durbl,0.0794,ff12,ew
1944-09,1,Durbl,0.0031,ff12,ew
1944-10,1,Durbl,-0.0279,ff12,ew
1944-11,8,Shops,0.0274,ff12,ew
1944-12,8,Shops,0.042,ff12,ew
1945-01,11,Other,0.0273,ff12,ew
1945-02,11,Other,0.10890000000000001,ff12,ew
1945-03,11,Other,-0.0558,ff12,ew
1945-04,7,Utils,0.1208,ff12,ew
1945-05,7,Utils,0.0239,ff12,ew
1945-06,9,Hlth,-0.0331,ff12,ew
1945-07,11,Other,-0.0649,ff12,ew
1945-08,7,Utils,0.0124,ff12,ew
1945-09,7,Utils,0.0843,ff12,ew
1945-10,9,Hlth,0.0762,ff12,ew
1945-11,9,Hlth,0.095,ff12,ew
1945-12,8,Shops,0.0588,ff12,ew
1946-01,8,Shops,0.0784,ff12,ew
1946-02,8,Shops,-0.0382,ff12,ew
1946-03,8,Shops,0.1202,ff12,ew
1946-04,9,Hlth,0.136,ff12,ew
1946-05,9,Hlth,0.0593,ff12,ew
1946-06,9,Hlth,-0.0694,ff12,ew
1946-07,9,Hlth,-0.039,ff12,ew
1946-08,3,Enrgy,-0.0735,ff12,ew
1946-09,3,Enrgy,-0.11449999999999999,ff12,ew
1946-10,9,Hlth,-0.023799999999999998,ff12,ew
1946-11,7,Utils,0.0072,ff12,ew
1946-12,7,Utils,0.0611,ff12,ew
1947-01,7,Utils,0.0076,ff12,ew
1947-02,1,Durbl,-0.013999999999999999,ff12,ew
1947-03,1,Durbl,-0.038599999999999995,ff12,ew
1947-04,1,Durbl,-0.09630000000000001,ff12,ew
1947-05,3,Enrgy,-0.0192,ff12,ew
1947-06,3,Enrgy,0.0989,ff12,ew
1947-07,3,Enrgy,0.0712,ff12,ew
1947-08,3,Enrgy,-0.0067,ff12,ew
1947-09,3,Enrgy,0.015,ff12,ew
1947-10,1,Durbl,0.061799999999999994,ff12,ew
1947-11,3,Enrgy,-0.004,ff12,ew
1947-12,3,Enrgy,0.1242,ff12,ew
1948-01,3,Enrgy,-0.041299999999999996,ff12,ew
1948-02,3,Enrgy,-0.04650000000000001,ff12,ew
1948-03,3,Enrgy,0.1226,ff12,ew
1948-04,6,Telcm,0.0387,ff12,ew
1948-05,3,Enrgy,0.0771,ff12,ew
1948-06,3,Enrgy,0.0239,ff12,ew
1948-07,3,Enrgy,-0.07780000000000001,ff12,ew
1948-08,10,Money,-0.005600000000000001,ff12,ew
1948-09,7,Utils,-0.0192,ff12,ew
1948-10,7,Utils,0.0495,ff12,ew
1948-11,10,Money,-0.084,ff12,ew
1948-12,10,Money,0.0383,ff12,ew
1949-01,10,Money,-0.0006,ff12,ew
1949-02,9,Hlth,-0.0245,ff12,ew
1949-03,7,Utils,0.0546,ff12,ew
1949-04,7,Utils,0.0075,ff12,ew
1949-05,7,Utils,-0.0058,ff12,ew
1949-06,7,Utils,-0.0096,ff12,ew
1949-07,8,Shops,0.038599999999999995,ff12,ew
1949-08,4,Chems,0.022000000000000002,ff12,ew
1949-09,3,Enrgy,0.0435,ff12,ew
1949-10,6,Telcm,0.0626,ff12,ew
1949-11,6,Telcm,-0.0106,ff12,ew
1949-12,6,Telcm,0.1419,ff12,ew
1950-01,1,Durbl,0.047599999999999996,ff12,ew
1950-02,5,BusEq,0.0407,ff12,ew
1950-03,5,BusEq,0.035699999999999996,ff12,ew
1950-04,5,BusEq,0.0909,ff12,ew
1950-05,6,Telcm,-0.026600000000000002,ff12,ew
1950-06,6,Telcm,-0.10460000000000001,ff12,ew
1950-07,3,Enrgy,0.1073,ff12,ew
1950-08,3,Enrgy,0.057300000000000004,ff12,ew
1950-09,3,Enrgy,0.0241,ff12,ew
1950-10,11,Other,-0.005,ff12,ew
1950-11,4,Chems,0.068,ff12,ew
1950-12,4,Chems,0.065,ff12,ew
1951-01,11,Other,0.0746,ff12,ew
1951-02,11,Other,-0.001,ff12,ew
1951-03,11,Other,-0.0443,ff12,ew
1951-04,5,BusEq,0.0483,ff12,ew
1951-05,9,Hlth,-0.0023,ff12,ew
1951-06,9,Hlth,-0.0147,ff12,ew
1951-07,9,Hlth,0.10800000000000001,ff12,ew
1951-08,9,Hlth,-0.0063,ff12,ew
1951-09,3,Enrgy,0.0227,ff12,ew
1951-10,2,Manuf,-0.0227,ff12,ew
1951-11,3,Enrgy,-0.0023,ff12,ew
1951-12,7,Utils,0.028999999999999998,ff12,ew
1952-01,7,Utils,0.0322,ff12,ew
1952-02,6,Telcm,-0.0097,ff12,ew
1952-03,10,Money,0.0329,ff12,ew
1952-04,3,Enrgy,-0.0759,ff12,ew
1952-05,7,Utils,0.0323,ff12,ew
1952-06,10,Money,0.0226,ff12,ew
1952-07,7,Utils,0.0187,ff12,ew
1952-08,2,Manuf,-0.0066,ff12,ew
1952-09,5,BusEq,0.0184,ff12,ew
1952-10,6,Telcm,0.0034000000000000002,ff12,ew
1952-11,6,Telcm,0.0547,ff12,ew
1952-12,5,BusEq,0.0292,ff12,ew
1953-01,5,BusEq,0.0183,ff12,ew
1953-02,11,Other,0.005600000000000001,ff12,ew
1953-03,6,Telcm,-0.0115,ff12,ew
1953-04,6,Telcm,0.0487,ff12,ew
1953-05,6,Telcm,0.0108,ff12,ew
1953-06,6,Telcm,0.0118,ff12,ew
1953-07,6,Telcm,0.028999999999999998,ff12,ew
1953-08,6,Telcm,-0.023799999999999998,ff12,ew
1953-09,6,Telcm,0.0327,ff12,ew
1953-10,7,Utils,0.046900000000000004,ff12,ew
1953-11,7,Utils,0.0292,ff12,ew
1953-12,6,Telcm,-0.023,ff12,ew
1954-01,9,Hlth,0.0592,ff12,ew
1954-02,9,Hlth,0.013500000000000002,ff12,ew
1954-03,10,Money,0.0394,ff12,ew
1954-04,3,Enrgy,0.0333,ff12,ew
1954-05,10,Money,0.025699999999999997,ff12,ew
1954-06,2,Manuf,0.016200000000000003,ff12,ew
1954-07,4,Chems,0.0683,ff12,ew
1954-08,11,Other,0.0007000000000000001,ff12,ew
1954-09,8,Shops,0.042699999999999995,ff12,ew
1954-10,6,Telcm,0.023399999999999997,ff12,ew
1954-11,6,Telcm,0.09369999999999999,ff12,ew
1954-12,5,BusEq,0.0788,ff12,ew
1955-01,11,Other,0.023,ff12,ew
1955-02,11,Other,0.0463,ff12,ew
1955-03,11,Other,0.0113,ff12,ew
1955-04,6,Telcm,0.045700000000000005,ff12,ew
1955-05,9,Hlth,0.0106,ff12,ew
1955-06,9,Hlth,0.0147,ff12,ew
1955-07,4,Chems,0.0022,ff12,ew
1955-08,8,Shops,-0.0002,ff12,ew
1955-09,3,Enrgy,-0.013999999999999999,ff12,ew
1955-10,1,Durbl,-0.0318,ff12,ew
1955-11,2,Manuf,0.0753,ff12,ew
1955-12,9,Hlth,0.0728,ff12,ew
1956-01,9,Hlth,-0.044800000000000006,ff12,ew
1956-02,3,Enrgy,0.0548,ff12,ew
1956-03,3,Enrgy,0.0877,ff12,ew
1956-04,3,Enrgy,0.0123,ff12,ew
1956-05,3,Enrgy,-0.0292,ff12,ew
1956-06,3,Enrgy,0.0366,ff12,ew
1956-07,3,Enrgy,0.0541,ff12,ew
1956-08,7,Utils,-0.0169,ff12,ew
1956-09,2,Manuf,-0.0383,ff12,ew
1956-10,2,Manuf,0.0123,ff12,ew
1956-11,0,NoDur,0.006999999999999999,ff12,ew
1956-12,3,Enrgy,-0.0016,ff12,ew
1957-01,3,Enrgy,-0.03,ff12,ew
1957-02,3,Enrgy,-0.0344,ff12,ew
1957-03,9,Hlth,0.0689,ff12,ew
1957-04,9,Hlth,0.046,ff12,ew
1957-05,9,Hlth,0.0452,ff12,ew
1957-06,9,Hlth,0.0412,ff12,ew
1957-07,9,Hlth,0.021099999999999997,ff12,ew
1957-08,9,Hlth,-0.023799999999999998,ff12,ew
1957-09,9,Hlth,-0.0155,ff12,ew
1957-10,9,Hlth,-0.016,ff12,ew
1957-11,9,Hlth,0.0745,ff12,ew
1957-12,9,Hlth,-0.0059,ff12,ew
1958-01,7,Utils,0.0667,ff12,ew
1958-02,7,Utils,0.0127,ff12,ew
1958-03,7,Utils,0.021400000000000002,ff12,ew
1958-04,9,Hlth,0.08460000000000001,ff12,ew
1958-05,9,Hlth,0.024300000000000002,ff12,ew
1958-06,9,Hlth,0.0273,ff12,ew
1958-07,6,Telcm,0.0203,ff12,ew
1958-08,1,Durbl,0.06509999999999999,ff12,ew
1958-09,1,Durbl,0.078,ff12,ew
1958-10,1,Durbl,0.0493,ff12,ew
1958-11,1,Durbl,0.0588,ff12,ew
1958-12,5,BusEq,0.0574,ff12,ew
1959-01,5,BusEq,0.024399999999999998,ff12,ew
1959-02,5,BusEq,0.086,ff12,ew
1959-03,6,Telcm,0.0245,ff12,ew
1959-04,6,Telcm,0.0533,ff12,ew
1959-05,5,BusEq,0.0121,ff12,ew
1959-06,5,BusEq,0.0044,ff12,ew
1959-07,9,Hlth,0.0379,ff12,ew
1959-08,9,Hlth,0.0002,ff12,ew
1959-09,9,Hlth,-0.061,ff12,ew
1959-10,0,NoDur,0.0137,ff12,ew
1959-11,6,Telcm,0.0014000000000000002,ff12,ew
1959-12,5,BusEq,0.0338,ff12,ew
1960-01,5,BusEq,-0.0819,ff12,ew
1960-02,8,Shops,0.0113,ff12,ew
1960-03,6,Telcm,-0.0128,ff12,ew
1960-04,7,Utils,0.0161,ff12,ew
1960-05,7,Utils,0.0174,ff12,ew
1960-06,9,Hlth,0.0332,ff12,ew
1960-07,9,Hlth,-0.0415,ff12,ew
1960-08,9,Hlth,0.0192,ff12,ew
1960-09,6,Telcm,-0.0662,ff12,ew
1960-10,6,Telcm,-0.0506,ff12,ew
1960-11,6,Telcm,0.037200000000000004,ff12,ew
1960-12,3,Enrgy,0.0556,ff12,ew
1961-01,3,Enrgy,0.10830000000000001,ff12,ew
1961-02,3,Enrgy,0.0325,ff12,ew
1961-03,9,Hlth,0.065,ff12,ew
1961-04,8,Shops,0.0252,ff12,ew
1961-05,8,Shops,0.0121,ff12,ew
1961-06,1,Durbl,-0.0537,ff12,ew
1961-07,3,Enrgy,-0.0067,ff12,ew
1961-08,1,Durbl,0.0108,ff12,ew
1961-09,10,Money,-0.016399999999999998,ff12,ew
1961-10,7,Utils,0.0524,ff12,ew
1961-11,7,Utils,0.0373,ff12,ew
1961-12,7,Utils,-0.032799999999999996,ff12,ew
1962-01,3,Enrgy,0.006999999999999999,ff12,ew
1962-02,1,Durbl,0.024700000000000003,ff12,ew
1962-03,3,Enrgy,-0.024,ff12,ew
1962-04,1,Durbl,-0.0712,ff12,ew
1962-05,7,Utils,-0.10300000000000001,ff12,ew
1962-06,7,Utils,-0.05,ff12,ew
1962-07,3,Enrgy,0.0521,ff12,ew
1962-08,3,Enrgy,0.0273,ff12,ew
1962-09,7,Utils,-0.0222,ff12,ew
1962-10,7,Utils,-0.015600000000000001,ff12,ew
1962-11,7,Utils,0.0755,ff12,ew
1962-12,9,Hlth,-0.0026,ff12,ew
1963-01,9,Hlth,0.07,ff12,ew
1963-02,11,Other,-0.0007000000000000001,ff12,ew
1963-03,11,Other,0.0259,ff12,ew
1963-04,6,Telcm,0.0564,ff12,ew
1963-05,3,Enrgy,0.0226,ff12,ew
1963-06,11,Other,-0.0141,ff12,ew
1963-07,11,Other,-0.0134,ff12,ew
1963-08,3,Enrgy,0.0735,ff12,ew
1963-09,3,Enrgy,0.0054,ff12,ew
1963-10,3,Enrgy,-0.0076,ff12,ew
1963-11,9,Hlth,-0.0151,ff12,ew
1963-12,6,Telcm,-0.0134,ff12,ew
1964-01,6,Telcm,0.0246,ff12,ew
1964-02,3,Enrgy,0.013500000000000002,ff12,ew
1964-03,11,Other,0.0349,ff12,ew
1964-04,11,Other,0.006999999999999999,ff12,ew
1964-05,11,Other,0.019799999999999998,ff12,ew
1964-06,3,Enrgy,0.01,ff12,ew
1964-07,3,Enrgy,0.04019999999999999,ff12,ew
1964-08,3,Enrgy,0.006500000000000001,ff12,ew
1964-09,7,Utils,0.019299999999999998,ff12,ew
1964-10,11,Other,0.037599999999999995,ff12,ew
1964-11,11,Other,-0.0019,ff12,ew
1964-12,11,Other,-0.015300000000000001,ff12,ew
1965-01,9,Hlth,0.0767,ff12,ew
1965-02,9,Hlth,0.0203,ff12,ew
1965-03,9,Hlth,0.0069,ff12,ew
1965-04,5,BusEq,0.0635,ff12,ew
1965-05,1,Durbl,0.019799999999999998,ff12,ew
1965-06,1,Durbl,-0.0855,ff12,ew
1965-07,1,Durbl,0.0271,ff12,ew
1965-08,7,Utils,0.0179,ff12,ew
1965-09,9,Hlth,0.0332,ff12,ew
1965-10,5,BusEq,0.0967,ff12,ew
1965-11,5,BusEq,0.1416,ff12,ew
1965-12,5,BusEq,0.0285,ff12,ew
1966-01,5,BusEq,0.0632,ff12,ew
1966-02,11,Other,0.04650000000000001,ff12,ew
1966-03,11,Other,0.0053,ff12,ew
1966-04,1,Durbl,0.059000000000000004,ff12,ew
1966-05,5,BusEq,-0.1427,ff12,ew
1966-06,3,Enrgy,-0.0053,ff12,ew
1966-07,9,Hlth,-0.0144,ff12,ew
1966-08,7,Utils,-0.0774,ff12,ew
1966-09,5,BusEq,-0.0398,ff12,ew
1966-10,7,Utils,0.08689999999999999,ff12,ew
1966-11,7,Utils,-0.018600000000000002,ff12,ew
1966-12,6,Telcm,0.0713,ff12,ew
1967-01,6,Telcm,0.13849999999999998,ff12,ew
1967-02,5,BusEq,0.053200000000000004,ff12,ew
1967-03,5,BusEq,0.0748,ff12,ew
1967-04,5,BusEq,0.0659,ff12,ew
1967-05,5,BusEq,-0.0184,ff12,ew
1967-06,5,BusEq,0.1463,ff12,ew
1967-07,5,BusEq,0.0547,ff12,ew
1967-08,11,Other,0.0029,ff12,ew
1967-09,1,Durbl,0.0824,ff12,ew
1967-10,1,Durbl,-0.0212,ff12,ew
1967-11,8,Shops,0.0070999999999999995,ff12,ew
1967-12,3,Enrgy,0.079,ff12,ew
1968-01,3,Enrgy,0.0181,ff12,ew
1968-02,10,Money,-0.0646,ff12,ew
1968-03,10,Money,-0.0067,ff12,ew
1968-04,10,Money,0.151,ff12,ew
1968-05,8,Shops,0.1263,ff12,ew
1968-06,8,Shops,0.023399999999999997,ff12,ew
1968-07,10,Money,0.04190000000000001,ff12,ew
1968-08,10,Money,0.0727,ff12,ew
1968-09,10,Money,0.1065,ff12,ew
1968-10,10,Money,0.0192,ff12,ew
1968-11,10,Money,0.0999,ff12,ew
1968-12,10,Money,-0.024,ff12,ew
1969-01,3,Enrgy,0.008,ff12,ew
1969-02,3,Enrgy,-0.1082,ff12,ew
1969-03,7,Utils,-0.016200000000000003,ff12,ew
1969-04,9,Hlth,0.0397,ff12,ew
1969-05,10,Money,-0.018799999999999997,ff12,ew
1969-06,3,Enrgy,-0.1213,ff12,ew
1969-07,9,Hlth,-0.0415,ff12,ew
1969-08,7,Utils,-0.010700000000000001,ff12,ew
1969-09,9,Hlth,0.0196,ff12,ew
1969-10,9,Hlth,0.1117,ff12,ew
1969-11,9,Hlth,-0.015300000000000001,ff12,ew
1969-12,9,Hlth,0.0067,ff12,ew
1970-01,9,Hlth,-0.0401,ff12,ew
1970-02,9,Hlth,0.0415,ff12,ew
1970-03,7,Utils,0.0322,ff12,ew
1970-04,7,Utils,-0.0653,ff12,ew
1970-05,7,Utils,-0.0546,ff12,ew
1970-06,7,Utils,-0.039900000000000005,ff12,ew
1970-07,7,Utils,0.0721,ff12,ew
1970-08,3,Enrgy,0.0864,ff12,ew
1970-09,3,Enrgy,0.1143,ff12,ew
1970-10,3,Enrgy,-0.0083,ff12,ew
1970-11,3,Enrgy,0.0258,ff12,ew
1970-12,3,Enrgy,0.0204,ff12,ew
1971-01,7,Utils,0.0481,ff12,ew
1971-02,8,Shops,0.057800000000000004,ff12,ew
1971-03,0,NoDur,0.040999999999999995,ff12,ew
1971-04,5,BusEq,0.0301,ff12,ew
1971-05,5,BusEq,-0.0661,ff12,ew
1971-06,9,Hlth,-0.0036,ff12,ew
1971-07,9,Hlth,-0.060599999999999994,ff12,ew
1971-08,7,Utils,-0.0118,ff12,ew
1971-09,7,Utils,-0.015300000000000001,ff12,ew
1971-10,10,Money,-0.0288,ff12,ew
1971-11,1,Durbl,-0.0279,ff12,ew
1971-12,7,Utils,0.0723,ff12,ew
1972-01,7,Utils,0.01,ff12,ew
1972-02,5,BusEq,0.0555,ff12,ew
1972-03,5,BusEq,-0.0016,ff12,ew
1972-04,5,BusEq,0.0070999999999999995,ff12,ew
1972-05,1,Durbl,-0.016,ff12,ew
1972-06,1,Durbl,-0.0278,ff12,ew
1972-07,1,Durbl,-0.0366,ff12,ew
1972-08,7,Utils,0.0461,ff12,ew
1972-09,3,Enrgy,-0.0292,ff12,ew
1972-10,7,Utils,0.0584,ff12,ew
1972-11,7,Utils,0.067,ff12,ew
1972-12,7,Utils,-0.0087,ff12,ew
1973-01,7,Utils,-0.0294,ff12,ew
1973-02,3,Enrgy,-0.1003,ff12,ew
1973-03,3,Enrgy,-0.0106,ff12,ew
1973-04,7,Utils,-0.0066,ff12,ew
1973-05,7,Utils,-0.0069,ff12,ew
1973-06,7,Utils,-0.018000000000000002,ff12,ew
1973-07,7,Utils,-0.0125,ff12,ew
1973-08,4,Chems,-0.0315,ff12,ew
1973-09,5,BusEq,0.1199,ff12,ew
1973-10,5,BusEq,0.0218,ff12,ew
1973-11,3,Enrgy,-0.061900000000000004,ff12,ew
1973-12,3,Enrgy,0.0629,ff12,ew
1974-01,3,Enrgy,0.0425,ff12,ew
1974-02,3,Enrgy,-0.0215,ff12,ew
1974-03,4,Chems,0.0287,ff12,ew
1974-04,1,Durbl,-0.0558,ff12,ew
1974-05,4,Chems,-0.030299999999999997,ff12,ew
1974-06,4,Chems,0.004,ff12,ew
1974-07,4,Chems,-0.0415,ff12,ew
1974-08,4,Chems,-0.061900000000000004,ff12,ew
1974-09,4,Chems,-0.0904,ff12,ew
1974-10,7,Utils,0.09880000000000001,ff12,ew
1974-11,3,Enrgy,0.0034000000000000002,ff12,ew
1974-12,3,Enrgy,-0.0361,ff12,ew
1975-01,3,Enrgy,0.16219999999999998,ff12,ew
1975-02,6,Telcm,0.0928,ff12,ew
1975-03,6,Telcm,0.0725,ff12,ew
1975-04,5,BusEq,0.0695,ff12,ew
1975-05,5,BusEq,0.1164,ff12,ew
1975-06,5,BusEq,0.0891,ff12,ew
1975-07,3,Enrgy,-0.0269,ff12,ew
1975-08,3,Enrgy,-0.0304,ff12,ew
1975-09,7,Utils,-0.0091,ff12,ew
1975-10,7,Utils,0.049699999999999994,ff12,ew
1975-11,7,Utils,0.0326,ff12,ew
1975-12,7,Utils,0.0067,ff12,ew
1976-01,7,Utils,0.0977,ff12,ew
1976-02,1,Durbl,0.14880000000000002,ff12,ew
1976-03,1,Durbl,0.0254,ff12,ew
1976-04,5,BusEq,-0.0121,ff12,ew
1976-05,5,BusEq,-0.037000000000000005,ff12,ew
1976-06,3,Enrgy,0.0355,ff12,ew
1976-07,3,Enrgy,0.0059,ff12,ew
1976-08,3,Enrgy,-0.03,ff12,ew
1976-09,7,Utils,0.0394,ff12,ew
1976-10,7,Utils,-0.0018,ff12,ew
1976-11,7,Utils,0.029900000000000003,ff12,ew
1976-12,3,Enrgy,0.1121,ff12,ew
1977-01,3,Enrgy,0.1164,ff12,ew
1977-02,3,Enrgy,-0.0178,ff12,ew
1977-03,3,Enrgy,-0.0039000000000000003,ff12,ew
1977-04,3,Enrgy,0.032799999999999996,ff12,ew
1977-05,11,Other,0.01,ff12,ew
1977-06,11,Other,0.0587,ff12,ew
1977-07,3,Enrgy,-0.0078000000000000005,ff12,ew
1977-08,3,Enrgy,-0.0319,ff12,ew
1977-09,6,Telcm,0.0137,ff12,ew
1977-10,9,Hlth,-0.0032,ff12,ew
1977-11,9,Hlth,0.0815,ff12,ew
1977-12,9,Hlth,0.0385,ff12,ew
1978-01,6,Telcm,-0.0176,ff12,ew
1978-02,6,Telcm,0.0213,ff12,ew
1978-03,6,Telcm,0.081,ff12,ew
1978-04,8,Shops,0.0814,ff12,ew
1978-05,5,BusEq,0.1231,ff12,ew
1978-06,5,BusEq,0.008,ff12,ew
1978-07,5,BusEq,0.0759,ff12,ew
1978-08,5,BusEq,0.1794,ff12,ew
1978-09,5,BusEq,0.0073,ff12,ew
1978-10,5,BusEq,-0.25079999999999997,ff12,ew
1978-11,7,Utils,0.0223,ff12,ew
1978-12,7,Utils,-0.006999999999999999,ff12,ew
1979-01,6,Telcm,0.0946,ff12,ew
1979-02,5,BusEq,-0.0395,ff12,ew
1979-03,6,Telcm,0.0917,ff12,ew
1979-04,3,Enrgy,0.0464,ff12,ew
1979-05,3,Enrgy,0.0008,ff12,ew
1979-06,3,Enrgy,0.19519999999999998,ff12,ew
1979-07,3,Enrgy,0.0054,ff12,ew
1979-08,3,Enrgy,0.1232,ff12,ew
1979-09,3,Enrgy,0.0652,ff12,ew
1979-10,3,Enrgy,-0.069,ff12,ew
1979-11,3,Enrgy,0.1741,ff12,ew
1979-12,3,Enrgy,0.1603,ff12,ew
1980-01,3,Enrgy,0.1894,ff12,ew
1980-02,3,Enrgy,0.0852,ff12,ew
1980-03,3,Enrgy,-0.2504,ff12,ew
1980-04,3,Enrgy,0.0733,ff12,ew
1980-05,7,Utils,0.049699999999999994,ff12,ew
1980-06,7,Utils,0.0493,ff12,ew
1980-07,7,Utils,0.0063,ff12,ew
1980-08,5,BusEq,0.13570000000000002,ff12,ew
1980-09,5,BusEq,0.0681,ff12,ew
1980-10,5,BusEq,0.0708,ff12,ew
1980-11,3,Enrgy,0.26039999999999996,ff12,ew
1980-12,3,Enrgy,-0.0721,ff12,ew
1981-01,3,Enrgy,-0.0647,ff12,ew
1981-02,3,Enrgy,-0.0239,ff12,ew
1981-03,6,Telcm,0.08199999999999999,ff12,ew
1981-04,6,Telcm,0.032400000000000005,ff12,ew
1981-05,9,Hlth,0.037200000000000004,ff12,ew
1981-06,9,Hlth,-0.0222,ff12,ew
1981-07,8,Shops,-0.031200000000000002,ff12,ew
1981-08,7,Utils,-0.004,ff12,ew
1981-09,7,Utils,-0.0417,ff12,ew
1981-10,7,Utils,0.0471,ff12,ew
1981-11,7,Utils,0.0717,ff12,ew
1981-12,6,Telcm,-0.015600000000000001,ff12,ew
1982-01,6,Telcm,-0.0311,ff12,ew
1982-02,7,Utils,0.0024,ff12,ew
1982-03,7,Utils,0.0167,ff12,ew
1982-04,7,Utils,0.0408,ff12,ew
1982-05,9,Hlth,-0.0378,ff12,ew
1982-06,8,Shops,-0.0069,ff12,ew
1982-07,8,Shops,0.014199999999999999,ff12,ew
1982-08,8,Shops,0.055,ff12,ew
1982-09,8,Shops,0.050499999999999996,ff12,ew
1982-10,8,Shops,0.1316,ff12,ew
1982-11,5,BusEq,0.135,ff12,ew
1982-12,5,BusEq,0.045899999999999996,ff12,ew
1983-01,5,BusEq,0.1606,ff12,ew
1983-02,5,BusEq,0.0925,ff12,ew
1983-03,5,BusEq,0.026000000000000002,ff12,ew
1983-04,5,BusEq,0.0695,ff12,ew
1983-05,8,Shops,0.0892,ff12,ew
1983-06,8,Shops,0.0729,ff12,ew
1983-07,3,Enrgy,0.011200000000000002,ff12,ew
1983-08,3,Enrgy,-0.0155,ff12,ew
1983-09,3,Enrgy,-0.0304,ff12,ew
1983-10,7,Utils,0.0192,ff12,ew
1983-11,7,Utils,0.0053,ff12,ew
1983-12,7,Utils,-0.0233,ff12,ew
1984-01,10,Money,0.015300000000000001,ff12,ew
1984-02,2,Manuf,-0.0622,ff12,ew
1984-03,3,Enrgy,0.0179,ff12,ew
1984-04,3,Enrgy,-0.0254,ff12,ew
1984-05,3,Enrgy,-0.0397,ff12,ew
1984-06,7,Utils,0.0092,ff12,ew
1984-07,7,Utils,-0.005,ff12,ew
1984-08,7,Utils,0.0696,ff12,ew
1984-09,4,Chems,-0.0022,ff12,ew
1984-10,7,Utils,0.0331,ff12,ew
1984-11,7,Utils,0.029300000000000003,ff12,ew
1984-12,7,Utils,0.0206,ff12,ew
1985-01,7,Utils,0.0443,ff12,ew
1985-02,6,Telcm,0.0716,ff12,ew
1985-03,6,Telcm,0.0431,ff12,ew
1985-04,6,Telcm,-0.011699999999999999,ff12,ew
1985-05,6,Telcm,0.044500000000000005,ff12,ew
1985-06,7,Utils,0.0373,ff12,ew
1985-07,7,Utils,-0.0273,ff12,ew
1985-08,6,Telcm,0.0074,ff12,ew
1985-09,10,Money,-0.0395,ff12,ew
1985-10,0,NoDur,0.0358,ff12,ew
1985-11,7,Utils,0.0429,ff12,ew
1985-12,10,Money,0.0394,ff12,ew
1986-01,4,Chems,0.0333,ff12,ew
1986-02,11,Other,0.0765,ff12,ew
1986-03,11,Other,0.054299999999999994,ff12,ew
1986-04,1,Durbl,0.0204,ff12,ew
1986-05,1,Durbl,0.019,ff12,ew
1986-06,9,Hlth,0.0227,ff12,ew
1986-07,8,Shops,-0.0894,ff12,ew
1986-08,7,Utils,0.0675,ff12,ew
1986-09,7,Utils,-0.0718,ff12,ew
1986-10,7,Utils,0.05,ff12,ew
1986-11,7,Utils,0.0031,ff12,ew
1986-12,7,Utils,-0.0292,ff12,ew
1987-01,7,Utils,0.08039999999999999,ff12,ew
1987-02,3,Enrgy,0.0629,ff12,ew
1987-03,3,Enrgy,0.1423,ff12,ew
1987-04,3,Enrgy,0.0279,ff12,ew
1987-05,3,Enrgy,0.07200000000000001,ff12,ew
1987-06,3,Enrgy,0.0355,ff12,ew
1987-07,3,Enrgy,0.1668,ff12,ew
1987-08,3,Enrgy,-0.0363,ff12,ew
1987-09,3,Enrgy,-0.0431,ff12,ew
1987-10,4,Chems,-0.295,ff12,ew
1987-11,7,Utils,-0.016200000000000003,ff12,ew
1987-12,7,Utils,0.0116,ff12,ew
1988-01,7,Utils,0.0818,ff12,ew
1988-02,6,Telcm,0.10310000000000001,ff12,ew
1988-03,6,Telcm,0.023799999999999998,ff12,ew
1988-04,9,Hlth,0.0143,ff12,ew
1988-05,1,Durbl,-0.01,ff12,ew
1988-06,3,Enrgy,-0.0008,ff12,ew
1988-07,6,Telcm,0.021099999999999997,ff12,ew
1988-08,6,Telcm,-0.038900000000000004,ff12,ew
1988-09,6,Telcm,0.0404,ff12,ew
1988-10,8,Shops,-0.0102,ff12,ew
1988-11,7,Utils,-0.0033,ff12,ew
1988-12,7,Utils,0.0118,ff12,ew
1989-01,7,Utils,0.0279,ff12,ew
1989-02,6,Telcm,0.0085,ff12,ew
1989-03,6,Telcm,0.049100000000000005,ff12,ew
1989-04,6,Telcm,0.0849,ff12,ew
1989-05,6,Telcm,0.065,ff12,ew
1989-06,6,Telcm,0.0032,ff12,ew
1989-07,6,Telcm,0.0449,ff12,ew
1989-08,7,Utils,0.0042,ff12,ew
1989-09,6,Telcm,0.0125,ff12,ew
1989-10,9,Hlth,-0.0513,ff12,ew
1989-11,3,Enrgy,0.0327,ff12,ew
1989-12,7,Utils,0.042199999999999994,ff12,ew
1990-01,7,Utils,-0.0496,ff12,ew
1990-02,3,Enrgy,0.049,ff12,ew
1990-03,3,Enrgy,0.052199999999999996,ff12,ew
1990-04,3,Enrgy,-0.049100000000000005,ff12,ew
1990-05,2,Manuf,0.0547,ff12,ew
1990-06,9,Hlth,0.047,ff12,ew
1990-07,9,Hlth,-0.0049,ff12,ew
1990-08,9,Hlth,-0.1057,ff12,ew
1990-09,3,Enrgy,0.0067,ff12,ew
1990-10,3,Enrgy,-0.1025,ff12,ew
1990-11,7,Utils,0.0358,ff12,ew
1990-12,7,Utils,0.0079,ff12,ew
1991-01,7,Utils,-0.0038,ff12,ew
1991-02,9,Hlth,0.21230000000000002,ff12,ew
1991-03,9,Hlth,0.1582,ff12,ew
1991-04,9,Hlth,0.0401,ff12,ew
1991-05,9,Hlth,0.07200000000000001,ff12,ew
1991-06,9,Hlth,-0.044000000000000004,ff12,ew
1991-07,4,Chems,0.036000000000000004,ff12,ew
1991-08,9,Hlth,0.061399999999999996,ff12,ew
1991-09,9,Hlth,0.0758,ff12,ew
1991-10,9,Hlth,0.1018,ff12,ew
1991-11,9,Hlth,-0.0012,ff12,ew
1991-12,9,Hlth,0.10710000000000001,ff12,ew
1992-01,9,Hlth,0.24489999999999998,ff12,ew
1992-02,9,Hlth,-0.0086,ff12,ew
1992-03,9,Hlth,-0.0705,ff12,ew
1992-04,5,BusEq,-0.053,ff12,ew
1992-05,10,Money,0.0316,ff12,ew
1992-06,10,Money,-0.0102,ff12,ew
1992-07,7,Utils,0.0677,ff12,ew
1992-08,7,Utils,0.0124,ff12,ew
1992-09,7,Utils,0.0091,ff12,ew
1992-10,3,Enrgy,-0.0002,ff12,ew
1992-11,3,Enrgy,-0.008100000000000001,ff12,ew
1992-12,5,BusEq,0.0475,ff12,ew
1993-01,5,BusEq,0.0756,ff12,ew
1993-02,1,Durbl,-0.0165,ff12,ew
1993-03,10,Money,0.0434,ff12,ew
1993-04,3,Enrgy,0.0302,ff12,ew
1993-05,3,Enrgy,0.061,ff12,ew
1993-06,3,Enrgy,0.0058,ff12,ew
1993-07,6,Telcm,0.0652,ff12,ew
1993-08,6,Telcm,0.1409,ff12,ew
1993-09,6,Telcm,0.0732,ff12,ew
1993-10,6,Telcm,0.1258,ff12,ew
1993-11,6,Telcm,-0.0932,ff12,ew
1993-12,6,Telcm,-0.0015,ff12,ew
1994-01,1,Durbl,0.0483,ff12,ew
1994-02,2,Manuf,0.009000000000000001,ff12,ew
1994-03,2,Manuf,-0.038,ff12,ew
1994-04,2,Manuf,-0.0075,ff12,ew
1994-05,3,Enrgy,0.012199999999999999,ff12,ew
1994-06,10,Money,0.0124,ff12,ew
1994-07,10,Money,0.013999999999999999,ff12,ew
1994-08,10,Money,0.0239,ff12,ew
1994-09,4,Chems,-0.0108,ff12,ew
1994-10,5,BusEq,0.0512,ff12,ew
1994-11,5,BusEq,-0.0213,ff12,ew
1994-12,5,BusEq,0.0139,ff12,ew
1995-01,5,BusEq,0.0412,ff12,ew
1995-02,5,BusEq,0.0464,ff12,ew
1995-03,5,BusEq,0.0404,ff12,ew
1995-04,9,Hlth,0.0222,ff12,ew
1995-05,5,BusEq,0.0301,ff12,ew
1995-06,5,BusEq,0.1131,ff12,ew
1995-07,5,BusEq,0.1007,ff12,ew
1995-08,5,BusEq,0.0409,ff12,ew
1995-09,9,Hlth,0.0574,ff12,ew
1995-10,9,Hlth,-0.06309999999999999,ff12,ew
1995-11,10,Money,0.0304,ff12,ew
1995-12,7,Utils,0.037599999999999995,ff12,ew
1996-01,7,Utils,0.015700000000000002,ff12,ew
1996-02,9,Hlth,0.0501,ff12,ew
1996-03,9,Hlth,0.0313,ff12,ew
1996-04,9,Hlth,0.0726,ff12,ew
1996-05,5,BusEq,0.13390000000000002,ff12,ew
1996-06,5,BusEq,-0.0815,ff12,ew
1996-07,3,Enrgy,-0.0406,ff12,ew
1996-08,3,Enrgy,0.04650000000000001,ff12,ew
1996-09,7,Utils,0.012,ff12,ew
1996-10,3,Enrgy,0.0848,ff12,ew
1996-11,3,Enrgy,0.0676,ff12,ew
1996-12,3,Enrgy,-0.0001,ff12,ew
1997-01,3,Enrgy,0.0674,ff12,ew
1997-02,3,Enrgy,-0.0882,ff12,ew
1997-03,10,Money,-0.0235,ff12,ew
1997-04,10,Money,-0.0034999999999999996,ff12,ew
1997-05,10,Money,0.0576,ff12,ew
1997-06,2,Manuf,0.051,ff12,ew
1997-07,6,Telcm,0.0475,ff12,ew
1997-08,6,Telcm,0.044000000000000004,ff12,ew
1997-09,6,Telcm,0.0928,ff12,ew
1997-10,3,Enrgy,0.0052,ff12,ew
1997-11,3,Enrgy,-0.09050000000000001,ff12,ew
1997-12,10,Money,0.0496,ff12,ew
1998-01,7,Utils,-0.0403,ff12,ew
1998-02,7,Utils,0.0195,ff12,ew
1998-03,6,Telcm,0.0725,ff12,ew
1998-04,6,Telcm,0.02,ff12,ew
1998-05,6,Telcm,-0.0526,ff12,ew
1998-06,1,Durbl,-0.0304,ff12,ew
1998-07,7,Utils,-0.0444,ff12,ew
1998-08,7,Utils,-0.013600000000000001,ff12,ew
1998-09,7,Utils,0.08199999999999999,ff12,ew
1998-10,7,Utils,0.0085,ff12,ew
1998-11,7,Utils,0.0175,ff12,ew
1998-12,5,BusEq,0.0538,ff12,ew
1999-01,5,BusEq,0.1503,ff12,ew
1999-02,5,BusEq,-0.0706,ff12,ew
1999-03,6,Telcm,0.051699999999999996,ff12,ew
1999-04,6,Telcm,0.2245,ff12,ew
1999-05,3,Enrgy,0.0025,ff12,ew
1999-06,3,Enrgy,0.038900000000000004,ff12,ew
1999-07,6,Telcm,0.0209,ff12,ew
1999-08,5,BusEq,-0.0088,ff12,ew
1999-09,3,Enrgy,-0.0038,ff12,ew
1999-10,3,Enrgy,-0.0713,ff12,ew
1999-11,6,Telcm,0.1375,ff12,ew
1999-12,5,BusEq,0.24719999999999998,ff12,ew
2000-01,5,BusEq,0.11560000000000001,ff12,ew
2000-02,5,BusEq,0.3212,ff12,ew
2000-03,9,Hlth,-0.0886,ff12,ew
2000-04,9,Hlth,-0.1352,ff12,ew
2000-05,3,Enrgy,0.1618,ff12,ew
2000-06,3,Enrgy,0.033,ff12,ew
2000-07,3,Enrgy,-0.0653,ff12,ew
2000-08,3,Enrgy,0.1654,ff12,ew
2000-09,9,Hlth,0.0009,ff12,ew
2000-10,7,Utils,-0.0134,ff12,ew
2000-11,3,Enrgy,-0.0495,ff12,ew
2000-12,7,Utils,0.0796,ff12,ew
2001-01,7,Utils,-0.06509999999999999,ff12,ew
2001-02,3,Enrgy,0.013600000000000001,ff12,ew
2001-03,3,Enrgy,0.0052,ff12,ew
2001-04,8,Shops,0.0553,ff12,ew
2001-05,3,Enrgy,0.0425,ff12,ew
2001-06,9,Hlth,0.0725,ff12,ew
2001-07,9,Hlth,-0.0285,ff12,ew
2001-08,9,Hlth,-0.0291,ff12,ew
2001-09,10,Money,-0.0493,ff12,ew
2001-10,10,Money,0.0034999999999999996,ff12,ew
2001-11,7,Utils,0.0075,ff12,ew
2001-12,5,BusEq,0.0886,ff12,ew
2002-01,5,BusEq,0.0379,ff12,ew
2002-02,5,BusEq,-0.1189,ff12,ew
2002-03,1,Durbl,0.0774,ff12,ew
2002-04,1,Durbl,0.0424,ff12,ew
2002-05,3,Enrgy,-0.054299999999999994,ff12,ew
2002-06,8,Shops,-0.048799999999999996,ff12,ew
2002-07,10,Money,-0.0644,ff12,ew
2002-08,10,Money,0.024399999999999998,ff12,ew
2002-09,10,Money,-0.036699999999999997,ff12,ew
2002-10,10,Money,0.0178,ff12,ew
2002-11,3,Enrgy,0.0278,ff12,ew
2002-12,6,Telcm,-0.0815,ff12,ew
2003-01,6,Telcm,-0.0078000000000000005,ff12,ew
2003-02,6,Telcm,-0.0426,ff12,ew
2003-03,3,Enrgy,-0.009000000000000001,ff12,ew
2003-04,3,Enrgy,0.014199999999999999,ff12,ew
2003-05,9,Hlth,0.2353,ff12,ew
2003-06,9,Hlth,0.0906,ff12,ew
2003-07,9,Hlth,0.0654,ff12,ew
2003-08,5,BusEq,0.0758,ff12,ew
2003-09,5,BusEq,0.0387,ff12,ew
2003-10,5,BusEq,0.12619999999999998,ff12,ew
2003-11,5,BusEq,0.0489,ff12,ew
2003-12,5,BusEq,0.0019,ff12,ew
2004-01,3,Enrgy,0.0545,ff12,ew
2004-02,3,Enrgy,0.0479,ff12,ew
2004-03,3,Enrgy,0.0315,ff12,ew
2004-04,3,Enrgy,0.0302,ff12,ew
2004-05,3,Enrgy,-0.005699999999999999,ff12,ew
2004-06,3,Enrgy,0.0755,ff12,ew
2004-07,3,Enrgy,0.0066,ff12,ew
2004-08,3,Enrgy,-0.051100000000000007,ff12,ew
2004-09,7,Utils,0.0155,ff12,ew
2004-10,3,Enrgy,0.022400000000000003,ff12,ew
2004-11,3,Enrgy,0.0981,ff12,ew
2004-12,3,Enrgy,-0.0074,ff12,ew
2005-01,6,Telcm,-0.053099999999999994,ff12,ew
2005-02,4,Chems,0.019299999999999998,ff12,ew
2005-03,3,Enrgy,-0.004699999999999999,ff12,ew
2005-04,3,Enrgy,-0.0739,ff12,ew
2005-05,3,Enrgy,0.0553,ff12,ew
2005-06,7,Utils,0.044000000000000004,ff12,ew
2005-07,3,Enrgy,0.1081,ff12,ew
2005-08,3,Enrgy,0.0713,ff12,ew
2005-09,3,Enrgy,0.1167,ff12,ew
2005-10,3,Enrgy,-0.1002,ff12,ew
2005-11,3,Enrgy,0.015600000000000001,ff12,ew
2005-12,5,BusEq,0.0123,ff12,ew
2006-01,5,BusEq,0.0913,ff12,ew
2006-02,3,Enrgy,-0.1165,ff12,ew
2006-03,4,Chems,0.062400000000000004,ff12,ew
2006-04,2,Manuf,0.0321,ff12,ew
2006-05,4,Chems,-0.0452,ff12,ew
2006-06,4,Chems,-0.048499999999999995,ff12,ew
2006-07,7,Utils,0.055999999999999994,ff12,ew
2006-08,7,Utils,0.0199,ff12,ew
2006-09,7,Utils,-0.0204,ff12,ew
2006-10,7,Utils,0.0525,ff12,ew
2006-11,6,Telcm,0.0087,ff12,ew
2006-12,4,Chems,0.0149,ff12,ew
2007-01,4,Chems,0.0323,ff12,ew
2007-02,1,Durbl,0.0048,ff12,ew
2007-03,1,Durbl,-0.0139,ff12,ew
2007-04,7,Utils,0.0235,ff12,ew
2007-05,7,Utils,0.0068000000000000005,ff12,ew
2007-06,3,Enrgy,0.0001,ff12,ew
2007-07,3,Enrgy,-0.0704,ff12,ew
2007-08,2,Manuf,-0.024,ff12,ew
2007-09,4,Chems,0.0294,ff12,ew
2007-10,7,Utils,0.0524,ff12,ew
2007-11,7,Utils,-0.0124,ff12,ew
2007-12,7,Utils,0.0059,ff12,ew
2008-01,7,Utils,-0.0601,ff12,ew
2008-02,7,Utils,-0.0366,ff12,ew
2008-03,3,Enrgy,-0.0235,ff12,ew
2008-04,3,Enrgy,0.099,ff12,ew
2008-05,3,Enrgy,0.1857,ff12,ew
2008-06,3,Enrgy,0.1197,ff12,ew
2008-07,3,Enrgy,-0.1808,ff12,ew
2008-08,3,Enrgy,-0.0146,ff12,ew
2008-09,9,Hlth,-0.1286,ff12,ew
2008-10,10,Money,-0.15109999999999998,ff12,ew
2008-11,10,Money,-0.12279999999999999,ff12,ew
2008-12,7,Utils,-0.0006,ff12,ew
2009-01,7,Utils,-0.0126,ff12,ew
2009-02,7,Utils,-0.1273,ff12,ew
2009-03,9,Hlth,0.1506,ff12,ew
2009-04,9,Hlth,0.142,ff12,ew
2009-05,8,Shops,0.07400000000000001,ff12,ew
2009-06,3,Enrgy,-0.0805,ff12,ew
2009-07,1,Durbl,0.1818,ff12,ew
2009-08,9,Hlth,0.0557,ff12,ew
2009-09,1,Durbl,0.0799,ff12,ew
2009-10,6,Telcm,-0.0308,ff12,ew
2009-11,6,Telcm,0.0437,ff12,ew
2009-12,6,Telcm,0.10460000000000001,ff12,ew
2010-01,6,Telcm,-0.0311,ff12,ew
2010-02,4,Chems,0.053099999999999994,ff12,ew
2010-03,4,Chems,0.0702,ff12,ew
2010-04,0,NoDur,0.0553,ff12,ew
2010-05,6,Telcm,-0.0748,ff12,ew
2010-06,6,Telcm,-0.0677,ff12,ew
2010-07,7,Utils,0.0591,ff12,ew
2010-08,7,Utils,-0.0126,ff12,ew
2010-09,7,Utils,0.0496,ff12,ew
2010-10,4,Chems,0.11449999999999999,ff12,ew
2010-11,4,Chems,0.021400000000000002,ff12,ew
2010-12,3,Enrgy,0.1108,ff12,ew
2011-01,3,Enrgy,0.0859,ff12,ew
2011-02,3,Enrgy,0.10949999999999999,ff12,ew
2011-03,3,Enrgy,0.0508,ff12,ew
2011-04,3,Enrgy,-0.006999999999999999,ff12,ew
2011-05,3,Enrgy,-0.07139999999999999,ff12,ew
2011-06,9,Hlth,-0.042699999999999995,ff12,ew
2011-07,7,Utils,-0.0103,ff12,ew
2011-08,7,Utils,0.0060999999999999995,ff12,ew
2011-09,7,Utils,-0.0336,ff12,ew
2011-10,7,Utils,0.07,ff12,ew
2011-11,7,Utils,0.0127,ff12,ew
2011-12,7,Utils,0.022099999999999998,ff12,ew
2012-01,3,Enrgy,0.0464,ff12,ew
2012-02,4,Chems,0.0333,ff12,ew
2012-03,4,Chems,0.024300000000000002,ff12,ew
2012-04,1,Durbl,-0.0377,ff12,ew
2012-05,10,Money,-0.0407,ff12,ew
2012-06,10,Money,0.0333,ff12,ew
2012-07,7,Utils,0.0305,ff12,ew
2012-08,7,Utils,-0.0161,ff12,ew
2012-09,9,Hlth,0.0613,ff12,ew
2012-10,6,Telcm,0.0045000000000000005,ff12,ew
2012-11,6,Telcm,-0.039599999999999996,ff12,ew
2012-12,1,Durbl,0.0545,ff12,ew
2013-01,2,Manuf,0.0723,ff12,ew
2013-02,1,Durbl,0.0075,ff12,ew
2013-03,1,Durbl,0.0674,ff12,ew
2013-04,1,Durbl,0.0024,ff12,ew
2013-05,6,Telcm,0.051399999999999994,ff12,ew
2013-06,6,Telcm,0.0388,ff12,ew
2013-07,6,Telcm,0.0839,ff12,ew
2013-08,6,Telcm,-0.0292,ff12,ew
2013-09,6,Telcm,0.0741,ff12,ew
2013-10,9,Hlth,-0.0195,ff12,ew
2013-11,2,Manuf,0.0466,ff12,ew
2013-12,2,Manuf,0.0451,ff12,ew
2014-01,2,Manuf,-0.0163,ff12,ew
2014-02,9,Hlth,0.059800000000000006,ff12,ew
2014-03,9,Hlth,-0.039,ff12,ew
2014-04,9,Hlth,-0.078,ff12,ew
2014-05,3,Enrgy,-0.0144,ff12,ew
2014-06,7,Utils,0.051699999999999996,ff12,ew
2014-07,3,Enrgy,-0.0751,ff12,ew
2014-08,6,Telcm,-0.0055000000000000005,ff12,ew
2014-09,1,Durbl,-0.07139999999999999,ff12,ew
2014-10,1,Durbl,0.0576,ff12,ew
2014-11,7,Utils,-0.0064,ff12,ew
2014-12,0,NoDur,0.0129,ff12,ew
2015-01,7,Utils,0.0076,ff12,ew
2015-02,9,Hlth,0.09230000000000001,ff12,ew
2015-03,9,Hlth,0.011000000000000001,ff12,ew
2015-04,9,Hlth,-0.042199999999999994,ff12,ew
2015-05,6,Telcm,0.008,ff12,ew
2015-06,6,Telcm,-0.0204,ff12,ew
2015-07,6,Telcm,-0.0161,ff12,ew
2015-08,9,Hlth,-0.0718,ff12,ew
2015-09,10,Money,-0.0085,ff12,ew
2015-10,7,Utils,0.034300000000000004,ff12,ew
2015-11,7,Utils,-0.018799999999999997,ff12,ew
2015-12,10,Money,-0.032,ff12,ew
2016-01,9,Hlth,-0.1869,ff12,ew
2016-02,7,Utils,0.0103,ff12,ew
2016-03,7,Utils,0.08039999999999999,ff12,ew
2016-04,7,Utils,0.0276,ff12,ew
2016-05,3,Enrgy,-0.0717,ff12,ew
2016-06,3,Enrgy,0.0088,ff12,ew
2016-07,7,Utils,-0.004699999999999999,ff12,ew
2016-08,5,BusEq,0.027999999999999997,ff12,ew
2016-09,4,Chems,-0.0009,ff12,ew
2016-10,1,Durbl,-0.0425,ff12,ew
2016-11,1,Durbl,0.1048,ff12,ew
2016-12,3,Enrgy,0.0232,ff12,ew
1926-10,1,Durbl,-0.0839,ff12,vw
1926-11,4,Chems,0.0509,ff12,vw
1926-12,4,Chems,0.0528,ff12,vw
1927-01,4,Chems,0.003,ff12,vw
1927-02,4,Chems,0.0956,ff12,vw
1927-03,1,Durbl,0.016200000000000003,ff12,vw
1927-04,4,Chems,0.0278,ff12,vw
1927-05,4,Chems,0.0415,ff12,vw
1927-06,0,NoDur,-0.0197,ff12,vw
1927-07,5,BusEq,0.13570000000000002,ff12,vw
1927-08,5,BusEq,0.065,ff12,vw
1927-09,5,BusEq,0.0086,ff12,vw
1927-10,1,Durbl,-0.0441,ff12,vw
1927-11,10,Money,0.0794,ff12,vw
1927-12,10,Money,0.1117,ff12,vw
1928-01,10,Money,0.0149,ff12,vw
1928-02,10,Money,-0.028900000000000002,ff12,vw
1928-03,10,Money,0.09570000000000001,ff12,vw
1928-04,1,Durbl,0.0146,ff12,vw
1928-05,1,Durbl,0.0565,ff12,vw
1928-06,1,Durbl,-0.041299999999999996,ff12,vw
1928-07,7,Utils,-0.0123,ff12,vw
1928-08,9,Hlth,0.1472,ff12,vw
1928-09,8,Shops,0.0016,ff12,vw
1928-10,8,Shops,0.058899999999999994,ff12,vw
1928-11,8,Shops,0.1531,ff12,vw
1928-12,3,Enrgy,-0.0436,ff12,vw
1929-01,5,BusEq,0.11539999999999999,ff12,vw
1929-02,5,BusEq,-0.0139,ff12,vw
1929-03,4,Chems,-0.035699999999999996,ff12,vw
1929-04,6,Telcm,0.0339,ff12,vw
1929-05,3,Enrgy,-0.0559,ff12,vw
1929-06,5,BusEq,0.1822,ff12,vw
1929-07,7,Utils,0.0917,ff12,vw
1929-08,7,Utils,0.0901,ff12,vw
1929-09,7,Utils,0.0092,ff12,vw
1929-10,6,Telcm,-0.1539,ff12,vw
1929-11,3,Enrgy,-0.0639,ff12,vw
1929-12,3,Enrgy,-0.011699999999999999,ff12,vw
1930-01,3,Enrgy,-0.0075,ff12,vw
1930-02,5,BusEq,0.0724,ff12,vw
1930-03,5,BusEq,0.0803,ff12,vw
1930-04,7,Utils,0.0331,ff12,vw
1930-05,7,Utils,-0.0128,ff12,vw
1930-06,3,Enrgy,-0.1551,ff12,vw
1930-07,0,NoDur,0.0313,ff12,vw
1930-08,6,Telcm,0.0174,ff12,vw
1930-09,9,Hlth,-0.0875,ff12,vw
1930-10,9,Hlth,-0.0437,ff12,vw
1930-11,9,Hlth,-0.0311,ff12,vw
1930-12,6,Telcm,-0.0379,ff12,vw
1931-01,1,Durbl,0.0802,ff12,vw
1931-02,1,Durbl,0.17420000000000002,ff12,vw
1931-03,1,Durbl,-0.0382,ff12,vw
1931-04,10,Money,-0.1577,ff12,vw
1931-05,9,Hlth,-0.1036,ff12,vw
1931-06,8,Shops,0.0788,ff12,vw
1931-07,8,Shops,-0.0155,ff12,vw
1931-08,8,Shops,0.030600000000000002,ff12,vw
1931-09,3,Enrgy,-0.3053,ff12,vw
1931-10,6,Telcm,0.0434,ff12,vw
1931-11,3,Enrgy,-0.0873,ff12,vw
1931-12,0,NoDur,-0.09759999999999999,ff12,vw
1932-01,9,Hlth,-0.026600000000000002,ff12,vw
1932-02,9,Hlth,0.02,ff12,vw
1932-03,6,Telcm,-0.1013,ff12,vw
1932-04,3,Enrgy,-0.1426,ff12,vw
1932-05,3,Enrgy,-0.0529,ff12,vw
1932-06,3,Enrgy,0.0596,ff12,vw
1932-07,3,Enrgy,0.3393,ff12,vw
1932-08,3,Enrgy,0.1954,ff12,vw
1932-09,10,Money,-0.0698,ff12,vw
1932-10,11,Other,-0.18230000000000002,ff12,vw
1932-11,11,Other,-0.079,ff12,vw
1932-12,6,Telcm,0.0368,ff12,vw
1933-01,6,Telcm,0.0031,ff12,vw
1933-02,9,Hlth,-0.1096,ff12,vw
1933-03,0,NoDur,0.1033,ff12,vw
1933-04,0,NoDur,0.34240000000000004,ff12,vw
1933-05,2,Manuf,0.25780000000000003,ff12,vw
1933-06,1,Durbl,0.2079,ff12,vw
1933-07,1,Durbl,-0.0706,ff12,vw
1933-08,11,Other,0.1586,ff12,vw
1933-09,1,Durbl,-0.15410000000000001,ff12,vw
1933-10,3,Enrgy,-0.048499999999999995,ff12,vw
1933-11,3,Enrgy,0.1471,ff12,vw
1933-12,3,Enrgy,-0.0121,ff12,vw
1934-01,1,Durbl,0.1322,ff12,vw
1934-02,1,Durbl,-0.0207,ff12,vw
1934-03,8,Shops,0.024,ff12,vw
1934-04,8,Shops,-0.0124,ff12,vw
1934-05,8,Shops,-0.0797,ff12,vw
1934-06,9,Hlth,0.0203,ff12,vw
1934-07,9,Hlth,-0.019,ff12,vw
1934-08,9,Hlth,-0.030699999999999998,ff12,vw
1934-09,4,Chems,0.0032,ff12,vw
1934-10,4,Chems,0.012199999999999999,ff12,vw
1934-11,1,Durbl,0.17670000000000002,ff12,vw
1934-12,1,Durbl,0.0356,ff12,vw
1935-01,1,Durbl,-0.08839999999999999,ff12,vw
1935-02,5,BusEq,-0.011899999999999999,ff12,vw
1935-03,5,BusEq,-0.0496,ff12,vw
1935-04,9,Hlth,0.0318,ff12,vw
1935-05,7,Utils,0.1377,ff12,vw
1935-06,7,Utils,0.0913,ff12,vw
1935-07,7,Utils,0.09230000000000001,ff12,vw
1935-08,7,Utils,0.0723,ff12,vw
1935-09,1,Durbl,0.111,ff12,vw
1935-10,1,Durbl,0.1364,ff12,vw
1935-11,1,Durbl,0.0342,ff12,vw
1935-12,1,Durbl,0.057999999999999996,ff12,vw
1936-01,3,Enrgy,0.1411,ff12,vw
1936-02,11,Other,0.04,ff12,vw
1936-03,3,Enrgy,0.0166,ff12,vw
1936-04,1,Durbl,-0.1015,ff12,vw
1936-05,1,Durbl,0.0405,ff12,vw
1936-06,1,Durbl,0.0687,ff12,vw
1936-07,10,Money,0.07150000000000001,ff12,vw
1936-08,7,Utils,-0.0102,ff12,vw
1936-09,5,BusEq,-0.0092,ff12,vw
1936-10,5,BusEq,0.0637,ff12,vw
1936-11,8,Shops,0.10980000000000001,ff12,vw
1936-12,8,Shops,-0.0817,ff12,vw
1937-01,3,Enrgy,0.0241,ff12,vw
1937-02,5,BusEq,-0.015600000000000001,ff12,vw
1937-03,2,Manuf,0.0274,ff12,vw
1937-04,11,Other,-0.0684,ff12,vw
1937-05,11,Other,-0.0334,ff12,vw
1937-06,3,Enrgy,-0.0268,ff12,vw
1937-07,6,Telcm,0.0327,ff12,vw
1937-08,2,Manuf,-0.0475,ff12,vw
1937-09,8,Shops,-0.1414,ff12,vw
1937-10,6,Telcm,-0.0536,ff12,vw
1937-11,6,Telcm,-0.0359,ff12,vw
1937-12,6,Telcm,-0.0155,ff12,vw
1938-01,6,Telcm,-0.024300000000000002,ff12,vw
1938-02,9,Hlth,0.0862,ff12,vw
1938-03,9,Hlth,-0.1454,ff12,vw
1938-04,9,Hlth,0.1182,ff12,vw
1938-05,9,Hlth,0.017,ff12,vw
1938-06,9,Hlth,0.1009,ff12,vw
1938-07,1,Durbl,0.1989,ff12,vw
1938-08,1,Durbl,0.059800000000000006,ff12,vw
1938-09,1,Durbl,0.0069,ff12,vw
1938-10,1,Durbl,0.0649,ff12,vw
1938-11,7,Utils,-0.0702,ff12,vw
1938-12,7,Utils,0.0395,ff12,vw
1939-01,11,Other,-0.09519999999999999,ff12,vw
1939-02,6,Telcm,0.0353,ff12,vw
1939-03,7,Utils,-0.1366,ff12,vw
1939-04,6,Telcm,0.0275,ff12,vw
1939-05,6,Telcm,0.0556,ff12,vw
1939-06,6,Telcm,-0.0384,ff12,vw
1939-07,8,Shops,0.0872,ff12,vw
1939-08,1,Durbl,-0.0696,ff12,vw
1939-09,4,Chems,0.15689999999999998,ff12,vw
1939-10,2,Manuf,-0.0231,ff12,vw
1939-11,2,Manuf,-0.07730000000000001,ff12,vw
1939-12,2,Manuf,0.0348,ff12,vw
1940-01,6,Telcm,-0.0012,ff12,vw
1940-02,0,NoDur,0.009399999999999999,ff12,vw
1940-03,0,NoDur,0.0166,ff12,vw
1940-04,8,Shops,-0.0013,ff12,vw
1940-05,4,Chems,-0.19579999999999997,ff12,vw
1940-06,6,Telcm,0.0876,ff12,vw
1940-07,6,Telcm,0.0197,ff12,vw
1940-08,6,Telcm,-0.0036,ff12,vw
1940-09,1,Durbl,0.0317,ff12,vw
1940-10,1,Durbl,0.0394,ff12,vw
1940-11,2,Manuf,0.0070999999999999995,ff12,vw
1940-12,2,Manuf,0.005,ff12,vw
1941-01,3,Enrgy,-0.021400000000000002,ff12,vw
1941-02,3,Enrgy,-0.0069,ff12,vw
1941-03,3,Enrgy,0.0375,ff12,vw
1941-04,3,Enrgy,0.0141,ff12,vw
1941-05,3,Enrgy,0.0545,ff12,vw
1941-06,3,Enrgy,0.052199999999999996,ff12,vw
1941-07,3,Enrgy,0.1106,ff12,vw
1941-08,3,Enrgy,-0.0345,ff12,vw
1941-09,9,Hlth,-0.0021,ff12,vw
1941-10,1,Durbl,-0.07980000000000001,ff12,vw
1941-11,6,Telcm,-0.0403,ff12,vw
1941-12,3,Enrgy,-0.1112,ff12,vw
1942-01,4,Chems,-0.0771,ff12,vw
1942-02,11,Other,-0.0232,ff12,vw
1942-03,11,Other,-0.0962,ff12,vw
1942-04,1,Durbl,-0.0437,ff12,vw
1942-05,1,Durbl,0.10060000000000001,ff12,vw
1942-06,1,Durbl,0.0176,ff12,vw
1942-07,9,Hlth,0.016,ff12,vw
1942-08,8,Shops,0.0172,ff12,vw
1942-09,3,Enrgy,0.023700000000000002,ff12,vw
1942-10,11,Other,0.0883,ff12,vw
1942-11,7,Utils,-0.0132,ff12,vw
1942-12,7,Utils,0.0436,ff12,vw
1943-01,3,Enrgy,0.064,ff12,vw
1943-02,5,BusEq,0.046799999999999994,ff12,vw
1943-03,7,Utils,0.047,ff12,vw
1943-04,7,Utils,0.0403,ff12,vw
1943-05,11,Other,0.0492,ff12,vw
1943-06,10,Money,0.001,ff12,vw
1943-07,8,Shops,-0.0315,ff12,vw
1943-08,8,Shops,0.037599999999999995,ff12,vw
1943-09,8,Shops,0.0216,ff12,vw
1943-10,7,Utils,0.005699999999999999,ff12,vw
1943-11,7,Utils,-0.084,ff12,vw
1943-12,9,Hlth,0.0395,ff12,vw
1944-01,6,Telcm,0.0086,ff12,vw
1944-02,0,NoDur,-0.0053,ff12,vw
1944-03,11,Other,0.024399999999999998,ff12,vw
1944-04,11,Other,-0.0233,ff12,vw
1944-05,1,Durbl,0.0794,ff12,vw
1944-06,1,Durbl,0.0932,ff12,vw
1944-07,1,Durbl,-0.0493,ff12,vw
1944-08,2,Manuf,0.028999999999999998,ff12,vw
1944-09,8,Shops,0.0182,ff12,vw
1944-10,8,Shops,0.0044,ff12,vw
1944-11,8,Shops,0.0279,ff12,vw
1944-12,11,Other,0.0977,ff12,vw
1945-01,11,Other,-0.0003,ff12,vw
1945-02,11,Other,0.08,ff12,vw
1945-03,11,Other,-0.0353,ff12,vw
1945-04,7,Utils,0.1012,ff12,vw
1945-05,11,Other,0.035699999999999996,ff12,vw
1945-06,8,Shops,-0.031400000000000004,ff12,vw
1945-07,11,Other,-0.0591,ff12,vw
1945-08,6,Telcm,0.0174,ff12,vw
1945-09,10,Money,0.0182,ff12,vw
1945-10,9,Hlth,0.066,ff12,vw
1945-11,9,Hlth,0.0859,ff12,vw
1945-12,11,Other,-0.0076,ff12,vw
1946-01,10,Money,0.07769999999999999,ff12,vw
1946-02,8,Shops,-0.0425,ff12,vw
1946-03,8,Shops,0.1142,ff12,vw
1946-04,8,Shops,0.07200000000000001,ff12,vw
1946-05,9,Hlth,0.056299999999999996,ff12,vw
1946-06,9,Hlth,-0.0552,ff12,vw
1946-07,9,Hlth,-0.0323,ff12,vw
1946-08,6,Telcm,-0.07,ff12,vw
1946-09,6,Telcm,-0.0475,ff12,vw
1946-10,6,Telcm,-0.0513,ff12,vw
1946-11,9,Hlth,0.0166,ff12,vw
1946-12,9,Hlth,0.0724,ff12,vw
1947-01,9,Hlth,-0.053200000000000004,ff12,vw
1947-02,1,Durbl,0.0148,ff12,vw
1947-03,1,Durbl,-0.027000000000000003,ff12,vw
1947-04,1,Durbl,-0.0408,ff12,vw
1947-05,3,Enrgy,0.0256,ff12,vw
1947-06,3,Enrgy,0.07769999999999999,ff12,vw
1947-07,3,Enrgy,0.0388,ff12,vw
1947-08,3,Enrgy,-0.023,ff12,vw
1947-09,8,Shops,-0.0281,ff12,vw
1947-10,2,Manuf,0.038599999999999995,ff12,vw
1947-11,2,Manuf,-0.0113,ff12,vw
1947-12,2,Manuf,0.028900000000000002,ff12,vw
1948-01,3,Enrgy,-0.07429999999999999,ff12,vw
1948-02,11,Other,-0.0384,ff12,vw
1948-03,11,Other,0.1042,ff12,vw
1948-04,11,Other,0.0301,ff12,vw
1948-05,3,Enrgy,0.061,ff12,vw
1948-06,3,Enrgy,0.0349,ff12,vw
1948-07,3,Enrgy,-0.0718,ff12,vw
1948-08,1,Durbl,0.011200000000000002,ff12,vw
1948-09,6,Telcm,-0.0023,ff12,vw
1948-10,6,Telcm,0.0111,ff12,vw
1948-11,5,BusEq,-0.10800000000000001,ff12,vw
1948-12,6,Telcm,0.0109,ff12,vw
1949-01,4,Chems,-0.0019,ff12,vw
1949-02,9,Hlth,-0.009300000000000001,ff12,vw
1949-03,9,Hlth,0.055,ff12,vw
1949-04,7,Utils,0.012199999999999999,ff12,vw
1949-05,10,Money,-0.0199,ff12,vw
1949-06,10,Money,-0.0066,ff12,vw
1949-07,8,Shops,0.0516,ff12,vw
1949-08,8,Shops,0.015,ff12,vw
1949-09,1,Durbl,0.0264,ff12,vw
1949-10,10,Money,0.042300000000000004,ff12,vw
1949-11,10,Money,0.03,ff12,vw
1949-12,1,Durbl,0.08289999999999999,ff12,vw
1950-01,1,Durbl,0.0187,ff12,vw
1950-02,5,BusEq,0.0351,ff12,vw
1950-03,5,BusEq,0.0355,ff12,vw
1950-04,5,BusEq,0.0495,ff12,vw
1950-05,1,Durbl,0.0655,ff12,vw
1950-06,4,Chems,-0.0679,ff12,vw
1950-07,1,Durbl,-0.027200000000000002,ff12,vw
1950-08,3,Enrgy,0.0434,ff12,vw
1950-09,3,Enrgy,0.0353,ff12,vw
1950-10,11,Other,-0.0165,ff12,vw
1950-11,1,Durbl,-0.028999999999999998,ff12,vw
1950-12,2,Manuf,0.0697,ff12,vw
1951-01,11,Other,0.0755,ff12,vw
1951-02,11,Other,-0.0113,ff12,vw
1951-03,11,Other,-0.0379,ff12,vw
1951-04,1,Durbl,0.0342,ff12,vw
1951-05,9,Hlth,0.015700000000000002,ff12,vw
1951-06,9,Hlth,0.0083,ff12,vw
1951-07,9,Hlth,0.1448,ff12,vw
1951-08,9,Hlth,-0.0143,ff12,vw
1951-09,3,Enrgy,-0.0076,ff12,vw
1951-10,2,Manuf,-0.0239,ff12,vw
1951-11,1,Durbl,0.0202,ff12,vw
1951-12,7,Utils,0.032799999999999996,ff12,vw
1952-01,10,Money,0.0277,ff12,vw
1952-02,10,Money,-0.0025,ff12,vw
1952-03,10,Money,0.0392,ff12,vw
1952-04,3,Enrgy,-0.0766,ff12,vw
1952-05,1,Durbl,0.0401,ff12,vw
1952-06,1,Durbl,0.0525,ff12,vw
1952-07,5,BusEq,0.0106,ff12,vw
1952-08,1,Durbl,0.0202,ff12,vw
1952-09,1,Durbl,-0.0078000000000000005,ff12,vw
1952-10,7,Utils,0.0034000000000000002,ff12,vw
1952-11,7,Utils,0.0509,ff12,vw
1952-12,5,BusEq,0.0326,ff12,vw
1953-01,1,Durbl,-0.0036,ff12,vw
1953-02,1,Durbl,-0.011899999999999999,ff12,vw
1953-03,0,NoDur,-0.0175,ff12,vw
1953-04,0,NoDur,-0.0013,ff12,vw
1953-05,0,NoDur,0.0023,ff12,vw
1953-06,8,Shops,-0.0219,ff12,vw
1953-07,6,Telcm,0.009399999999999999,ff12,vw
1953-08,3,Enrgy,-0.0644,ff12,vw
1953-09,6,Telcm,0.0178,ff12,vw
1953-10,7,Utils,0.0447,ff12,vw
1953-11,7,Utils,0.03,ff12,vw
1953-12,5,BusEq,0.0059,ff12,vw
1954-01,5,BusEq,0.0683,ff12,vw
1954-02,5,BusEq,0.051500000000000004,ff12,vw
1954-03,5,BusEq,0.0933,ff12,vw
1954-04,5,BusEq,0.0981,ff12,vw
1954-05,5,BusEq,-0.0126,ff12,vw
1954-06,5,BusEq,0.1099,ff12,vw
1954-07,5,BusEq,-0.004699999999999999,ff12,vw
1954-08,1,Durbl,-0.0337,ff12,vw
1954-09,10,Money,0.0315,ff12,vw
1954-10,1,Durbl,-0.0076,ff12,vw
1954-11,1,Durbl,0.0447,ff12,vw
1954-12,2,Manuf,0.0817,ff12,vw
1955-01,11,Other,0.0116,ff12,vw
1955-02,2,Manuf,0.039599999999999996,ff12,vw
1955-03,11,Other,0.0089,ff12,vw
1955-04,5,BusEq,0.047599999999999996,ff12,vw
1955-05,4,Chems,0.0496,ff12,vw
1955-06,4,Chems,0.1173,ff12,vw
1955-07,4,Chems,-0.0177,ff12,vw
1955-08,1,Durbl,-0.0431,ff12,vw
1955-09,1,Durbl,0.09210000000000002,ff12,vw
1955-10,1,Durbl,-0.049400000000000006,ff12,vw
1955-11,8,Shops,0.0601,ff12,vw
1955-12,1,Durbl,-0.0407,ff12,vw
1956-01,9,Hlth,-0.065,ff12,vw
1956-02,3,Enrgy,0.042800000000000005,ff12,vw
1956-03,3,Enrgy,0.1144,ff12,vw
1956-04,3,Enrgy,0.0362,ff12,vw
1956-05,3,Enrgy,-0.0641,ff12,vw
1956-06,9,Hlth,0.036000000000000004,ff12,vw
1956-07,9,Hlth,0.031,ff12,vw
1956-08,5,BusEq,-0.0371,ff12,vw
1956-09,1,Durbl,-0.0121,ff12,vw
1956-10,1,Durbl,-0.0101,ff12,vw
1956-11,1,Durbl,-0.0349,ff12,vw
1956-12,3,Enrgy,0.041100000000000005,ff12,vw
1957-01,3,Enrgy,-0.0412,ff12,vw
1957-02,6,Telcm,0.0033,ff12,vw
1957-03,6,Telcm,0.0152,ff12,vw
1957-04,9,Hlth,0.054299999999999994,ff12,vw
1957-05,9,Hlth,0.048,ff12,vw
1957-06,5,BusEq,0.0489,ff12,vw
1957-07,5,BusEq,0.0129,ff12,vw
1957-08,9,Hlth,-0.0297,ff12,vw
1957-09,9,Hlth,-0.0304,ff12,vw
1957-10,8,Shops,-0.0393,ff12,vw
1957-11,6,Telcm,0.0149,ff12,vw
1957-12,9,Hlth,-0.0048,ff12,vw
1958-01,9,Hlth,-0.0040999999999999995,ff12,vw
1958-02,7,Utils,0.0129,ff12,vw
1958-03,7,Utils,0.0207,ff12,vw
1958-04,0,NoDur,0.0354,ff12,vw
1958-05,9,Hlth,0.0144,ff12,vw
1958-06,9,Hlth,0.0355,ff12,vw
1958-07,11,Other,0.0684,ff12,vw
1958-08,1,Durbl,-0.0001,ff12,vw
1958-09,2,Manuf,0.054000000000000006,ff12,vw
1958-10,1,Durbl,0.022799999999999997,ff12,vw
1958-11,9,Hlth,0.08039999999999999,ff12,vw
1958-12,9,Hlth,0.0461,ff12,vw
1959-01,5,BusEq,-0.024700000000000003,ff12,vw
1959-02,6,Telcm,0.048600000000000004,ff12,vw
1959-03,6,Telcm,-0.0052,ff12,vw
1959-04,6,Telcm,0.0461,ff12,vw
1959-05,9,Hlth,-0.010700000000000001,ff12,vw
1959-06,5,BusEq,-0.0167,ff12,vw
1959-07,9,Hlth,0.047400000000000005,ff12,vw
1959-08,1,Durbl,0.0246,ff12,vw
1959-09,1,Durbl,-0.044500000000000005,ff12,vw
1959-10,1,Durbl,-0.0126,ff12,vw
1959-11,6,Telcm,-0.0123,ff12,vw
1959-12,5,BusEq,0.038,ff12,vw
1960-01,5,BusEq,-0.0962,ff12,vw
1960-02,6,Telcm,0.0837,ff12,vw
1960-03,6,Telcm,0.0017000000000000001,ff12,vw
1960-04,6,Telcm,-0.0105,ff12,vw
1960-05,6,Telcm,0.0332,ff12,vw
1960-06,9,Hlth,-0.0016,ff12,vw
1960-07,9,Hlth,-0.0387,ff12,vw
1960-08,0,NoDur,0.0452,ff12,vw
1960-09,7,Utils,-0.0449,ff12,vw
1960-10,3,Enrgy,0.0242,ff12,vw
1960-11,3,Enrgy,0.0339,ff12,vw
1960-12,0,NoDur,0.044800000000000006,ff12,vw
1961-01,6,Telcm,0.0789,ff12,vw
1961-02,6,Telcm,0.0075,ff12,vw
1961-03,6,Telcm,0.0748,ff12,vw
1961-04,10,Money,0.015600000000000001,ff12,vw
1961-05,10,Money,0.0398,ff12,vw
1961-06,8,Shops,0.0058,ff12,vw
1961-07,8,Shops,0.0246,ff12,vw
1961-08,4,Chems,0.0388,ff12,vw
1961-09,10,Money,-0.001,ff12,vw
1961-10,1,Durbl,0.0054,ff12,vw
1961-11,8,Shops,0.0513,ff12,vw
1961-12,1,Durbl,0.0287,ff12,vw
1962-01,3,Enrgy,0.0014000000000000002,ff12,vw
1962-02,1,Durbl,-0.0147,ff12,vw
1962-03,3,Enrgy,-0.0168,ff12,vw
1962-04,3,Enrgy,-0.035699999999999996,ff12,vw
1962-05,7,Utils,-0.1047,ff12,vw
1962-06,1,Durbl,-0.060700000000000004,ff12,vw
1962-07,3,Enrgy,0.049,ff12,vw
1962-08,1,Durbl,0.0385,ff12,vw
1962-09,1,Durbl,-0.022000000000000002,ff12,vw
1962-10,1,Durbl,0.0246,ff12,vw
1962-11,4,Chems,0.121,ff12,vw
1962-12,9,Hlth,0.0088,ff12,vw
1963-01,9,Hlth,0.056600000000000004,ff12,vw
1963-02,9,Hlth,-0.0258,ff12,vw
1963-03,1,Durbl,0.0709,ff12,vw
1963-04,1,Durbl,0.0565,ff12,vw
1963-05,3,Enrgy,-0.001,ff12,vw
1963-06,1,Durbl,-0.032400000000000005,ff12,vw
1963-07,11,Other,-0.0227,ff12,vw
1963-08,1,Durbl,0.06570000000000001,ff12,vw
1963-09,9,Hlth,-0.0407,ff12,vw
1963-10,6,Telcm,0.034300000000000004,ff12,vw
1963-11,1,Durbl,-0.052000000000000005,ff12,vw
1963-12,6,Telcm,-0.0009,ff12,vw
1964-01,5,BusEq,0.029900000000000003,ff12,vw
1964-02,4,Chems,0.019799999999999998,ff12,vw
1964-03,11,Other,0.0338,ff12,vw
1964-04,11,Other,0.0111,ff12,vw
1964-05,11,Other,0.0384,ff12,vw
1964-06,8,Shops,0.0383,ff12,vw
1964-07,8,Shops,0.011899999999999999,ff12,vw
1964-08,8,Shops,0.0033,ff12,vw
1964-09,1,Durbl,0.0464,ff12,vw
1964-10,1,Durbl,0.0007000000000000001,ff12,vw
1964-11,8,Shops,0.0323,ff12,vw
1964-12,8,Shops,0.0016,ff12,vw
1965-01,9,Hlth,0.0766,ff12,vw
1965-02,9,Hlth,0.0242,ff12,vw
1965-03,9,Hlth,-0.0092,ff12,vw
1965-04,5,BusEq,0.052199999999999996,ff12,vw
1965-05,2,Manuf,-0.008,ff12,vw
1965-06,8,Shops,-0.0622,ff12,vw
1965-07,6,Telcm,-0.0037,ff12,vw
1965-08,3,Enrgy,0.0154,ff12,vw
1965-09,9,Hlth,0.022400000000000003,ff12,vw
1965-10,5,BusEq,0.051,ff12,vw
1965-11,1,Durbl,-0.0381,ff12,vw
1965-12,11,Other,0.04,ff12,vw
1966-01,11,Other,0.0747,ff12,vw
1966-02,11,Other,0.04,ff12,vw
1966-03,11,Other,-0.0191,ff12,vw
1966-04,11,Other,0.0377,ff12,vw
1966-05,5,BusEq,-0.0602,ff12,vw
1966-06,5,BusEq,-0.0003,ff12,vw
1966-07,5,BusEq,-0.0174,ff12,vw
1966-08,6,Telcm,-0.045700000000000005,ff12,vw
1966-09,6,Telcm,-0.005600000000000001,ff12,vw
1966-10,3,Enrgy,0.08460000000000001,ff12,vw
1966-11,3,Enrgy,-0.011699999999999999,ff12,vw
1966-12,10,Money,0.0344,ff12,vw
1967-01,10,Money,0.0898,ff12,vw
1967-02,11,Other,-0.0058,ff12,vw
1967-03,5,BusEq,0.0541,ff12,vw
1967-04,5,BusEq,0.07769999999999999,ff12,vw
1967-05,5,BusEq,-0.0431,ff12,vw
1967-06,5,BusEq,0.0638,ff12,vw
1967-07,5,BusEq,0.0405,ff12,vw
1967-08,11,Other,-0.0129,ff12,vw
1967-09,10,Money,0.0304,ff12,vw
1967-10,1,Durbl,-0.049100000000000005,ff12,vw
1967-11,5,BusEq,0.0143,ff12,vw
1967-12,5,BusEq,0.0209,ff12,vw
1968-01,5,BusEq,-0.0885,ff12,vw
1968-02,10,Money,-0.0296,ff12,vw
1968-03,10,Money,0.0095,ff12,vw
1968-04,8,Shops,0.1222,ff12,vw
1968-05,8,Shops,0.034300000000000004,ff12,vw
1968-06,5,BusEq,-0.0204,ff12,vw
1968-07,10,Money,-0.0004,ff12,vw
1968-08,10,Money,0.048499999999999995,ff12,vw
1968-09,10,Money,0.0993,ff12,vw
1968-10,10,Money,0.0285,ff12,vw
1968-11,10,Money,0.0643,ff12,vw
1968-12,10,Money,-0.0603,ff12,vw
1969-01,9,Hlth,-0.0023,ff12,vw
1969-02,7,Utils,-0.052199999999999996,ff12,vw
1969-03,7,Utils,-0.0129,ff12,vw
1969-04,3,Enrgy,-0.0036,ff12,vw
1969-05,5,BusEq,-0.0168,ff12,vw
1969-06,3,Enrgy,-0.09960000000000001,ff12,vw
1969-07,6,Telcm,-0.045,ff12,vw
1969-08,9,Hlth,0.0931,ff12,vw
1969-09,5,BusEq,0.0023,ff12,vw
1969-10,9,Hlth,0.0898,ff12,vw
1969-11,9,Hlth,0.0032,ff12,vw
1969-12,9,Hlth,0.043,ff12,vw
1970-01,9,Hlth,-0.0712,ff12,vw
1970-02,9,Hlth,0.055999999999999994,ff12,vw
1970-03,7,Utils,0.0291,ff12,vw
1970-04,6,Telcm,-0.08789999999999999,ff12,vw
1970-05,7,Utils,-0.0535,ff12,vw
1970-06,3,Enrgy,-0.024399999999999998,ff12,vw
1970-07,3,Enrgy,0.1276,ff12,vw
1970-08,3,Enrgy,0.0659,ff12,vw
1970-09,3,Enrgy,0.032,ff12,vw
1970-10,8,Shops,-0.0169,ff12,vw
1970-11,5,BusEq,0.040999999999999995,ff12,vw
1970-12,8,Shops,0.0541,ff12,vw
1971-01,7,Utils,0.029300000000000003,ff12,vw
1971-02,6,Telcm,-0.0529,ff12,vw
1971-03,11,Other,0.0487,ff12,vw
1971-04,8,Shops,0.049699999999999994,ff12,vw
1971-05,8,Shops,-0.0179,ff12,vw
1971-06,8,Shops,0.003,ff12,vw
1971-07,4,Chems,-0.0434,ff12,vw
1971-08,7,Utils,-0.0233,ff12,vw
1971-09,10,Money,-0.0028000000000000004,ff12,vw
1971-10,10,Money,-0.0231,ff12,vw
1971-11,1,Durbl,0.0033,ff12,vw
1971-12,7,Utils,0.08109999999999999,ff12,vw
1972-01,7,Utils,-0.003,ff12,vw
1972-02,5,BusEq,0.0172,ff12,vw
1972-03,11,Other,-0.006,ff12,vw
1972-04,5,BusEq,0.0076,ff12,vw
1972-05,2,Manuf,0.016399999999999998,ff12,vw
1972-06,4,Chems,-0.034300000000000004,ff12,vw
1972-07,9,Hlth,0.0313,ff12,vw
1972-08,9,Hlth,0.0104,ff12,vw
1972-09,3,Enrgy,-0.0024,ff12,vw
1972-10,3,Enrgy,0.031,ff12,vw
1972-11,3,Enrgy,0.062,ff12,vw
1972-12,6,Telcm,0.014499999999999999,ff12,vw
1973-01,7,Utils,-0.042699999999999995,ff12,vw
1973-02,3,Enrgy,-0.0738,ff12,vw
1973-03,9,Hlth,0.0078000000000000005,ff12,vw
1973-04,3,Enrgy,-0.0098,ff12,vw
1973-05,6,Telcm,-0.0084,ff12,vw
1973-06,6,Telcm,-0.0032,ff12,vw
1973-07,6,Telcm,-0.0032,ff12,vw
1973-08,10,Money,-0.0232,ff12,vw
1973-09,10,Money,0.0738,ff12,vw
1973-10,11,Other,-0.002,ff12,vw
1973-11,3,Enrgy,-0.0622,ff12,vw
1973-12,3,Enrgy,0.0863,ff12,vw
1974-01,3,Enrgy,-0.0746,ff12,vw
1974-02,6,Telcm,0.0471,ff12,vw
1974-03,6,Telcm,-0.0458,ff12,vw
1974-04,1,Durbl,-0.0407,ff12,vw
1974-05,4,Chems,0.0126,ff12,vw
1974-06,4,Chems,0.0092,ff12,vw
1974-07,4,Chems,-0.0676,ff12,vw
1974-08,4,Chems,-0.1164,ff12,vw
1974-09,6,Telcm,-0.0381,ff12,vw
1974-10,7,Utils,0.13019999999999998,ff12,vw
1974-11,6,Telcm,-0.030699999999999998,ff12,vw
1974-12,7,Utils,-0.0083,ff12,vw
1975-01,9,Hlth,-0.0075,ff12,vw
1975-02,7,Utils,0.0088,ff12,vw
1975-03,8,Shops,0.1076,ff12,vw
1975-04,8,Shops,0.0259,ff12,vw
1975-05,4,Chems,0.021,ff12,vw
1975-06,4,Chems,0.0344,ff12,vw
1975-07,3,Enrgy,-0.0425,ff12,vw
1975-08,7,Utils,-0.0123,ff12,vw
1975-09,1,Durbl,-0.0245,ff12,vw
1975-10,3,Enrgy,-0.0134,ff12,vw
1975-11,8,Shops,0.0466,ff12,vw
1975-12,5,BusEq,-0.012,ff12,vw
1976-01,0,NoDur,0.1094,ff12,vw
1976-02,5,BusEq,0.010700000000000001,ff12,vw
1976-03,1,Durbl,0.0354,ff12,vw
1976-04,1,Durbl,0.018500000000000003,ff12,vw
1976-05,1,Durbl,-0.0313,ff12,vw
1976-06,3,Enrgy,0.0509,ff12,vw
1976-07,3,Enrgy,-0.0062,ff12,vw
1976-08,3,Enrgy,-0.0089,ff12,vw
1976-09,7,Utils,0.0408,ff12,vw
1976-10,7,Utils,-0.008100000000000001,ff12,vw
1976-11,6,Telcm,0.0315,ff12,vw
1976-12,7,Utils,0.065,ff12,vw
1977-01,10,Money,-0.0458,ff12,vw
1977-02,7,Utils,-0.0342,ff12,vw
1977-03,6,Telcm,-0.0104,ff12,vw
1977-04,6,Telcm,0.0066,ff12,vw
1977-05,6,Telcm,0.0143,ff12,vw
1977-06,7,Utils,0.0571,ff12,vw
1977-07,7,Utils,0.0087,ff12,vw
1977-08,7,Utils,-0.0325,ff12,vw
1977-09,8,Shops,-0.006999999999999999,ff12,vw
1977-10,8,Shops,-0.0318,ff12,vw
1977-11,9,Hlth,0.060899999999999996,ff12,vw
1977-12,9,Hlth,0.0062,ff12,vw
1978-01,9,Hlth,-0.0189,ff12,vw
1978-02,9,Hlth,-0.0302,ff12,vw
1978-03,6,Telcm,0.0262,ff12,vw
1978-04,6,Telcm,0.029300000000000003,ff12,vw
1978-05,1,Durbl,0.0018,ff12,vw
1978-06,2,Manuf,-0.0137,ff12,vw
1978-07,9,Hlth,0.08869999999999999,ff12,vw
1978-08,9,Hlth,0.0097,ff12,vw
1978-09,11,Other,-0.0212,ff12,vw
1978-10,11,Other,-0.1721,ff12,vw
1978-11,6,Telcm,0.0302,ff12,vw
1978-12,6,Telcm,0.001,ff12,vw
1979-01,5,BusEq,0.0425,ff12,vw
1979-02,5,BusEq,-0.0333,ff12,vw
1979-03,5,BusEq,0.0753,ff12,vw
1979-04,3,Enrgy,0.0433,ff12,vw
1979-05,3,Enrgy,-0.0246,ff12,vw
1979-06,3,Enrgy,0.09269999999999999,ff12,vw
1979-07,3,Enrgy,0.0158,ff12,vw
1979-08,10,Money,0.0504,ff12,vw
1979-09,3,Enrgy,0.0592,ff12,vw
1979-10,3,Enrgy,-0.0255,ff12,vw
1979-11,3,Enrgy,0.0892,ff12,vw
1979-12,3,Enrgy,0.024900000000000002,ff12,vw
1980-01,3,Enrgy,0.1405,ff12,vw
1980-02,3,Enrgy,0.13,ff12,vw
1980-03,3,Enrgy,-0.1791,ff12,vw
1980-04,3,Enrgy,0.06860000000000001,ff12,vw
1980-05,6,Telcm,0.05,ff12,vw
1980-06,6,Telcm,-0.005699999999999999,ff12,vw
1980-07,7,Utils,-0.0012,ff12,vw
1980-08,11,Other,0.0361,ff12,vw
1980-09,5,BusEq,0.018799999999999997,ff12,vw
1980-10,5,BusEq,0.0177,ff12,vw
1980-11,3,Enrgy,0.243,ff12,vw
1980-12,3,Enrgy,-0.1059,ff12,vw
1981-01,3,Enrgy,-0.1016,ff12,vw
1981-02,9,Hlth,0.018000000000000002,ff12,vw
1981-03,6,Telcm,0.011699999999999999,ff12,vw
1981-04,8,Shops,0.028900000000000002,ff12,vw
1981-05,8,Shops,0.0286,ff12,vw
1981-06,8,Shops,-0.0143,ff12,vw
1981-07,6,Telcm,0.0034000000000000002,ff12,vw
1981-08,3,Enrgy,-0.0634,ff12,vw
1981-09,3,Enrgy,-0.12300000000000001,ff12,vw
1981-10,6,Telcm,0.0602,ff12,vw
1981-11,6,Telcm,0.027000000000000003,ff12,vw
1981-12,6,Telcm,-0.014499999999999999,ff12,vw
1982-01,9,Hlth,0.0144,ff12,vw
1982-02,1,Durbl,-0.020499999999999997,ff12,vw
1982-03,1,Durbl,0.0351,ff12,vw
1982-04,8,Shops,0.053099999999999994,ff12,vw
1982-05,8,Shops,-0.0273,ff12,vw
1982-06,8,Shops,0.0265,ff12,vw
1982-07,8,Shops,0.0022,ff12,vw
1982-08,1,Durbl,0.1386,ff12,vw
1982-09,1,Durbl,-0.0075,ff12,vw
1982-10,8,Shops,0.16870000000000002,ff12,vw
1982-11,8,Shops,0.1119,ff12,vw
1982-12,8,Shops,-0.0207,ff12,vw
1983-01,5,BusEq,0.0837,ff12,vw
1983-02,5,BusEq,0.0369,ff12,vw
1983-03,5,BusEq,0.006500000000000001,ff12,vw
1983-04,8,Shops,0.0858,ff12,vw
1983-05,8,Shops,0.004699999999999999,ff12,vw
1983-06,8,Shops,0.0611,ff12,vw
1983-07,1,Durbl,-0.039,ff12,vw
1983-08,3,Enrgy,0.0687,ff12,vw
1983-09,3,Enrgy,-0.046,ff12,vw
1983-10,7,Utils,0.0305,ff12,vw
1983-11,7,Utils,-0.016399999999999998,ff12,vw
1983-12,1,Durbl,0.0092,ff12,vw
1984-01,1,Durbl,-0.0538,ff12,vw
1984-02,3,Enrgy,0.039599999999999996,ff12,vw
1984-03,3,Enrgy,0.0027,ff12,vw
1984-04,3,Enrgy,0.0398,ff12,vw
1984-05,3,Enrgy,-0.0512,ff12,vw
1984-06,4,Chems,0.018500000000000003,ff12,vw
1984-07,6,Telcm,0.0281,ff12,vw
1984-08,6,Telcm,0.0672,ff12,vw
1984-09,6,Telcm,0.0292,ff12,vw
1984-10,10,Money,0.0125,ff12,vw
1984-11,7,Utils,0.030600000000000002,ff12,vw
1984-12,7,Utils,0.0265,ff12,vw
1985-01,7,Utils,0.024,ff12,vw
1985-02,10,Money,0.0217,ff12,vw
1985-03,11,Other,-0.0085,ff12,vw
1985-04,9,Hlth,-0.0177,ff12,vw
1985-05,3,Enrgy,0.0062,ff12,vw
1985-06,7,Utils,0.0362,ff12,vw
1985-07,10,Money,-0.0137,ff12,vw
1985-08,4,Chems,-0.0087,ff12,vw
1985-09,11,Other,-0.0635,ff12,vw
1985-10,3,Enrgy,0.059500000000000004,ff12,vw
1985-11,3,Enrgy,0.0034000000000000002,ff12,vw
1985-12,0,NoDur,0.0546,ff12,vw
1986-01,10,Money,0.035,ff12,vw
1986-02,1,Durbl,0.1074,ff12,vw
1986-03,1,Durbl,0.0784,ff12,vw
1986-04,0,NoDur,0.0043,ff12,vw
1986-05,0,NoDur,0.08869999999999999,ff12,vw
1986-06,9,Hlth,0.056799999999999996,ff12,vw
1986-07,0,NoDur,-0.057300000000000004,ff12,vw
1986-08,7,Utils,0.07919999999999999,ff12,vw
1986-09,7,Utils,-0.0911,ff12,vw
1986-10,3,Enrgy,0.0191,ff12,vw
1986-11,3,Enrgy,0.0325,ff12,vw
1986-12,3,Enrgy,-0.0046,ff12,vw
1987-01,4,Chems,0.1481,ff12,vw
1987-02,1,Durbl,0.0359,ff12,vw
1987-03,9,Hlth,0.0015,ff12,vw
1987-04,5,BusEq,0.0443,ff12,vw
1987-05,5,BusEq,0.0026,ff12,vw
1987-06,3,Enrgy,0.0583,ff12,vw
1987-07,3,Enrgy,0.0319,ff12,vw
1987-08,6,Telcm,0.0508,ff12,vw
1987-09,6,Telcm,0.0334,ff12,vw
1987-10,6,Telcm,-0.1216,ff12,vw
1987-11,6,Telcm,-0.08900000000000001,ff12,vw
1987-12,7,Utils,0.005600000000000001,ff12,vw
1988-01,7,Utils,0.0977,ff12,vw
1988-02,7,Utils,-0.0141,ff12,vw
1988-03,8,Shops,-0.0115,ff12,vw
1988-04,3,Enrgy,0.0462,ff12,vw
1988-05,3,Enrgy,-0.0040999999999999995,ff12,vw
1988-06,3,Enrgy,-0.0208,ff12,vw
1988-07,1,Durbl,0.001,ff12,vw
1988-08,1,Durbl,-0.0638,ff12,vw
1988-09,10,Money,0.0388,ff12,vw
1988-10,0,NoDur,0.0833,ff12,vw
1988-11,0,NoDur,-0.012199999999999999,ff12,vw
1988-12,0,NoDur,0.0327,ff12,vw
1989-01,0,NoDur,0.055999999999999994,ff12,vw
1989-02,4,Chems,-0.0227,ff12,vw
1989-03,4,Chems,0.0282,ff12,vw
1989-04,6,Telcm,0.09539999999999998,ff12,vw
1989-05,6,Telcm,0.0592,ff12,vw
1989-06,6,Telcm,0.0018,ff12,vw
1989-07,6,Telcm,0.0913,ff12,vw
1989-08,0,NoDur,-0.019799999999999998,ff12,vw
1989-09,11,Other,0.0023,ff12,vw
1989-10,9,Hlth,0.0037,ff12,vw
1989-11,3,Enrgy,0.039900000000000005,ff12,vw
1989-12,9,Hlth,0.0104,ff12,vw
1990-01,3,Enrgy,-0.042800000000000005,ff12,vw
1990-02,3,Enrgy,0.0311,ff12,vw
1990-03,3,Enrgy,-0.0059,ff12,vw
1990-04,5,BusEq,-0.0196,ff12,vw
1990-05,5,BusEq,0.1242,ff12,vw
1990-06,9,Hlth,0.044199999999999996,ff12,vw
1990-07,9,Hlth,0.026699999999999998,ff12,vw
1990-08,9,Hlth,-0.0665,ff12,vw
1990-09,3,Enrgy,-0.016200000000000003,ff12,vw
1990-10,3,Enrgy,-0.0397,ff12,vw
1990-11,7,Utils,0.0231,ff12,vw
1990-12,7,Utils,0.0079,ff12,vw
1991-01,4,Chems,0.0258,ff12,vw
1991-02,5,BusEq,0.059800000000000006,ff12,vw
1991-03,5,BusEq,0.0023,ff12,vw
1991-04,8,Shops,0.0202,ff12,vw
1991-05,8,Shops,0.07719999999999999,ff12,vw
1991-06,8,Shops,-0.0431,ff12,vw
1991-07,1,Durbl,-0.0042,ff12,vw
1991-08,1,Durbl,-0.0215,ff12,vw
1991-09,9,Hlth,-0.0033,ff12,vw
1991-10,7,Utils,0.0125,ff12,vw
1991-11,9,Hlth,-0.0253,ff12,vw
1991-12,7,Utils,0.0501,ff12,vw
1992-01,9,Hlth,-0.054400000000000004,ff12,vw
1992-02,8,Shops,0.0264,ff12,vw
1992-03,1,Durbl,0.008,ff12,vw
1992-04,1,Durbl,0.0795,ff12,vw
1992-05,1,Durbl,-0.019299999999999998,ff12,vw
1992-06,3,Enrgy,-0.035,ff12,vw
1992-07,3,Enrgy,0.0528,ff12,vw
1992-08,7,Utils,-0.004699999999999999,ff12,vw
1992-09,7,Utils,0.0083,ff12,vw
1992-10,3,Enrgy,-0.035,ff12,vw
1992-11,8,Shops,0.0708,ff12,vw
1992-12,8,Shops,0.0060999999999999995,ff12,vw
1993-01,10,Money,0.037200000000000004,ff12,vw
1993-02,1,Durbl,-0.003,ff12,vw
1993-03,6,Telcm,0.0335,ff12,vw
1993-04,1,Durbl,0.024399999999999998,ff12,vw
1993-05,3,Enrgy,0.0182,ff12,vw
1993-06,1,Durbl,0.0345,ff12,vw
1993-07,1,Durbl,0.0149,ff12,vw
1993-08,6,Telcm,0.0525,ff12,vw
1993-09,6,Telcm,-0.0048,ff12,vw
1993-10,10,Money,-0.0379,ff12,vw
1993-11,9,Hlth,0.0098,ff12,vw
1993-12,1,Durbl,0.0444,ff12,vw
1994-01,1,Durbl,0.0717,ff12,vw
1994-02,1,Durbl,-0.0443,ff12,vw
1994-03,5,BusEq,-0.038,ff12,vw
1994-04,5,BusEq,-0.015,ff12,vw
1994-05,4,Chems,0.0227,ff12,vw
1994-06,10,Money,-0.0258,ff12,vw
1994-07,10,Money,0.0281,ff12,vw
1994-08,6,Telcm,0.0102,ff12,vw
1994-09,9,Hlth,0.0171,ff12,vw
1994-10,9,Hlth,0.0091,ff12,vw
1994-11,5,BusEq,-0.0209,ff12,vw
1994-12,5,BusEq,0.024700000000000003,ff12,vw
1995-01,5,BusEq,-0.008,ff12,vw
1995-02,9,Hlth,0.0232,ff12,vw
1995-03,10,Money,0.0118,ff12,vw
1995-04,10,Money,0.0179,ff12,vw
1995-05,5,BusEq,0.029300000000000003,ff12,vw
1995-06,5,BusEq,0.09720000000000001,ff12,vw
1995-07,5,BusEq,0.0771,ff12,vw
1995-08,5,BusEq,0.0,ff12,vw
1995-09,5,BusEq,0.0126,ff12,vw
1995-10,6,Telcm,0.0015,ff12,vw
1995-11,6,Telcm,0.0279,ff12,vw
1995-12,9,Hlth,0.058899999999999994,ff12,vw
1996-01,9,Hlth,0.0605,ff12,vw
1996-02,9,Hlth,-0.011200000000000002,ff12,vw
1996-03,9,Hlth,0.0021,ff12,vw
1996-04,4,Chems,-0.0033,ff12,vw
1996-05,8,Shops,0.043899999999999995,ff12,vw
1996-06,8,Shops,-0.0171,ff12,vw
1996-07,0,NoDur,-0.0405,ff12,vw
1996-08,0,NoDur,-0.008100000000000001,ff12,vw
1996-09,10,Money,0.0583,ff12,vw
1996-10,10,Money,0.0546,ff12,vw
1996-11,10,Money,0.08380000000000001,ff12,vw
1996-12,5,BusEq,-0.0277,ff12,vw
1997-01,3,Enrgy,0.0435,ff12,vw
1997-02,5,BusEq,-0.07400000000000001,ff12,vw
1997-03,0,NoDur,-0.0524,ff12,vw
1997-04,0,NoDur,0.053099999999999994,ff12,vw
1997-05,4,Chems,0.0621,ff12,vw
1997-06,3,Enrgy,0.0128,ff12,vw
1997-07,9,Hlth,0.021,ff12,vw
1997-08,5,BusEq,-0.013999999999999999,ff12,vw
1997-09,5,BusEq,0.0341,ff12,vw
1997-10,5,BusEq,-0.08259999999999999,ff12,vw
1997-11,6,Telcm,0.10679999999999999,ff12,vw
1997-12,6,Telcm,0.0416,ff12,vw
1998-01,6,Telcm,0.0509,ff12,vw
1998-02,6,Telcm,0.0241,ff12,vw
1998-03,1,Durbl,0.061799999999999994,ff12,vw
1998-04,1,Durbl,0.018000000000000002,ff12,vw
1998-05,1,Durbl,0.061500000000000006,ff12,vw
1998-06,1,Durbl,0.011200000000000002,ff12,vw
1998-07,1,Durbl,-0.0104,ff12,vw
1998-08,1,Durbl,-0.18960000000000002,ff12,vw
1998-09,7,Utils,0.0817,ff12,vw
1998-10,7,Utils,-0.0177,ff12,vw
1998-11,7,Utils,0.013300000000000001,ff12,vw
1998-12,5,BusEq,0.1519,ff12,vw
1999-01,5,BusEq,0.1512,ff12,vw
1999-02,5,BusEq,-0.1157,ff12,vw
1999-03,6,Telcm,-0.0068000000000000005,ff12,vw
1999-04,5,BusEq,0.0226,ff12,vw
1999-05,3,Enrgy,-0.031,ff12,vw
1999-06,3,Enrgy,-0.0148,ff12,vw
1999-07,6,Telcm,-0.0172,ff12,vw
1999-08,5,BusEq,0.055,ff12,vw
1999-09,5,BusEq,-0.0003,ff12,vw
1999-10,5,BusEq,0.0301,ff12,vw
1999-11,5,BusEq,0.1275,ff12,vw
1999-12,6,Telcm,0.0453,ff12,vw
2000-01,5,BusEq,-0.0528,ff12,vw
2000-02,5,BusEq,0.1794,ff12,vw
2000-03,5,BusEq,0.042199999999999994,ff12,vw
2000-04,5,BusEq,-0.1052,ff12,vw
2000-05,2,Manuf,-0.0269,ff12,vw
2000-06,3,Enrgy,-0.050499999999999996,ff12,vw
2000-07,9,Hlth,-0.06509999999999999,ff12,vw
2000-08,0,NoDur,-0.0208,ff12,vw
2000-09,5,BusEq,-0.1479,ff12,vw
2000-10,7,Utils,-0.0167,ff12,vw
2000-11,7,Utils,0.0296,ff12,vw
2000-12,0,NoDur,0.054400000000000004,ff12,vw
2001-01,0,NoDur,-0.0218,ff12,vw
2001-02,8,Shops,-0.0533,ff12,vw
2001-03,1,Durbl,-0.0333,ff12,vw
2001-04,1,Durbl,0.087,ff12,vw
2001-05,7,Utils,0.004699999999999999,ff12,vw
2001-06,3,Enrgy,-0.0746,ff12,vw
2001-07,5,BusEq,-0.0754,ff12,vw
2001-08,1,Durbl,-0.1005,ff12,vw
2001-09,4,Chems,-0.051100000000000007,ff12,vw
2001-10,9,Hlth,0.0126,ff12,vw
2001-11,0,NoDur,0.0258,ff12,vw
2001-12,5,BusEq,-0.0068000000000000005,ff12,vw
2002-01,5,BusEq,-0.004699999999999999,ff12,vw
2002-02,8,Shops,-0.0015,ff12,vw
2002-03,2,Manuf,0.0489,ff12,vw
2002-04,1,Durbl,0.019299999999999998,ff12,vw
2002-05,1,Durbl,-0.0043,ff12,vw
2002-06,1,Durbl,-0.0816,ff12,vw
2002-07,0,NoDur,-0.0663,ff12,vw
2002-08,4,Chems,0.0174,ff12,vw
2002-09,4,Chems,-0.0547,ff12,vw
2002-10,9,Hlth,0.056799999999999996,ff12,vw
2002-11,6,Telcm,0.11810000000000001,ff12,vw
2002-12,6,Telcm,-0.0951,ff12,vw
2003-01,6,Telcm,-0.041100000000000005,ff12,vw
2003-02,7,Utils,-0.0398,ff12,vw
2003-03,3,Enrgy,0.015,ff12,vw
2003-04,9,Hlth,0.042699999999999995,ff12,vw
2003-05,11,Other,0.0431,ff12,vw
2003-06,7,Utils,0.0106,ff12,vw
2003-07,1,Durbl,0.0667,ff12,vw
2003-08,5,BusEq,0.060899999999999996,ff12,vw
2003-09,1,Durbl,-0.0421,ff12,vw
2003-10,5,BusEq,0.08259999999999999,ff12,vw
2003-11,5,BusEq,0.018600000000000002,ff12,vw
2003-12,0,NoDur,0.0344,ff12,vw
2004-01,1,Durbl,-0.0076,ff12,vw
2004-02,3,Enrgy,0.0454,ff12,vw
2004-03,3,Enrgy,0.0002,ff12,vw
2004-04,8,Shops,-0.027200000000000002,ff12,vw
2004-05,3,Enrgy,0.0055000000000000005,ff12,vw
2004-06,3,Enrgy,0.0546,ff12,vw
2004-07,3,Enrgy,0.0332,ff12,vw
2004-08,3,Enrgy,-0.0138,ff12,vw
2004-09,3,Enrgy,0.0882,ff12,vw
2004-10,3,Enrgy,0.0064,ff12,vw
2004-11,7,Utils,0.0489,ff12,vw
2004-12,3,Enrgy,-0.0231,ff12,vw
2005-01,5,BusEq,-0.0635,ff12,vw
2005-02,0,NoDur,0.0073,ff12,vw
2005-03,3,Enrgy,-0.0344,ff12,vw
2005-04,3,Enrgy,-0.056100000000000004,ff12,vw
2005-05,3,Enrgy,0.021,ff12,vw
2005-06,9,Hlth,-0.0058,ff12,vw
2005-07,7,Utils,0.0298,ff12,vw
2005-08,1,Durbl,-0.0287,ff12,vw
2005-09,3,Enrgy,0.0726,ff12,vw
2005-10,3,Enrgy,-0.1016,ff12,vw
2005-11,10,Money,0.0449,ff12,vw
2005-12,10,Money,0.0031,ff12,vw
2006-01,10,Money,0.0129,ff12,vw
2006-02,2,Manuf,0.013500000000000002,ff12,vw
2006-03,2,Manuf,0.0436,ff12,vw
2006-04,2,Manuf,0.0475,ff12,vw
2006-05,2,Manuf,-0.0344,ff12,vw
2006-06,2,Manuf,-0.0063,ff12,vw
2006-07,7,Utils,0.0483,ff12,vw
2006-08,7,Utils,0.022799999999999997,ff12,vw
2006-09,7,Utils,-0.0212,ff12,vw
2006-10,6,Telcm,0.052000000000000005,ff12,vw
2006-11,5,BusEq,0.030699999999999998,ff12,vw
2006-12,2,Manuf,0.0005,ff12,vw
2007-01,3,Enrgy,-0.013300000000000001,ff12,vw
2007-02,2,Manuf,0.009300000000000001,ff12,vw
2007-03,7,Utils,0.0433,ff12,vw
2007-04,7,Utils,0.0392,ff12,vw
2007-05,7,Utils,0.011899999999999999,ff12,vw
2007-06,3,Enrgy,0.0086,ff12,vw
2007-07,3,Enrgy,-0.011000000000000001,ff12,vw
2007-08,3,Enrgy,0.0023,ff12,vw
2007-09,5,BusEq,0.04190000000000001,ff12,vw
2007-10,4,Chems,0.0217,ff12,vw
2007-11,5,BusEq,-0.0756,ff12,vw
2007-12,7,Utils,0.009000000000000001,ff12,vw
2008-01,7,Utils,-0.0693,ff12,vw
2008-02,0,NoDur,-0.0013,ff12,vw
2008-03,3,Enrgy,-0.028900000000000002,ff12,vw
2008-04,8,Shops,0.0501,ff12,vw
2008-05,3,Enrgy,0.042800000000000005,ff12,vw
2008-06,5,BusEq,-0.0888,ff12,vw
2008-07,3,Enrgy,-0.1566,ff12,vw
2008-08,9,Hlth,0.0177,ff12,vw
2008-09,9,Hlth,-0.059500000000000004,ff12,vw
2008-10,10,Money,-0.2018,ff12,vw
2008-11,0,NoDur,-0.0437,ff12,vw
2008-12,0,NoDur,0.0087,ff12,vw
2009-01,7,Utils,-0.0084,ff12,vw
2009-02,7,Utils,-0.1252,ff12,vw
2009-03,8,Shops,0.0998,ff12,vw
2009-04,5,BusEq,0.12380000000000001,ff12,vw
2009-05,1,Durbl,-0.0322,ff12,vw
2009-06,1,Durbl,0.044000000000000004,ff12,vw
2009-07,1,Durbl,0.19760000000000003,ff12,vw
2009-08,1,Durbl,0.025,ff12,vw
2009-09,1,Durbl,0.021,ff12,vw
2009-10,1,Durbl,-0.0060999999999999995,ff12,vw
2009-11,3,Enrgy,0.0322,ff12,vw
2009-12,4,Chems,-0.0033,ff12,vw
2010-01,1,Durbl,-0.004,ff12,vw
2010-02,1,Durbl,0.0739,ff12,vw
2010-03,1,Durbl,0.09380000000000001,ff12,vw
2010-04,1,Durbl,0.0727,ff12,vw
2010-05,1,Durbl,-0.0907,ff12,vw
2010-06,1,Durbl,-0.10679999999999999,ff12,vw
2010-07,7,Utils,0.0681,ff12,vw
2010-08,7,Utils,0.0036,ff12,vw
2010-09,7,Utils,0.0365,ff12,vw
2010-10,1,Durbl,0.08539999999999999,ff12,vw
2010-11,5,BusEq,-0.0070999999999999995,ff12,vw
2010-12,1,Durbl,0.08900000000000001,ff12,vw
2011-01,1,Durbl,-0.0024,ff12,vw
2011-02,3,Enrgy,0.07629999999999999,ff12,vw
2011-03,3,Enrgy,0.021099999999999997,ff12,vw
2011-04,3,Enrgy,0.0158,ff12,vw
2011-05,0,NoDur,0.0204,ff12,vw
2011-06,9,Hlth,-0.0187,ff12,vw
2011-07,9,Hlth,-0.036699999999999997,ff12,vw
2011-08,7,Utils,0.002,ff12,vw
2011-09,7,Utils,-0.0161,ff12,vw
2011-10,7,Utils,0.067,ff12,vw
2011-11,7,Utils,0.0101,ff12,vw
2011-12,8,Shops,0.009000000000000001,ff12,vw
2012-01,3,Enrgy,0.0101,ff12,vw
2012-02,9,Hlth,0.0125,ff12,vw
2012-03,1,Durbl,0.0138,ff12,vw
2012-04,10,Money,-0.0235,ff12,vw
2012-05,10,Money,-0.0919,ff12,vw
2012-06,6,Telcm,0.0702,ff12,vw
2012-07,6,Telcm,0.0416,ff12,vw
2012-08,6,Telcm,0.0097,ff12,vw
2012-09,6,Telcm,0.048600000000000004,ff12,vw
2012-10,6,Telcm,-0.024300000000000002,ff12,vw
2012-11,1,Durbl,0.0256,ff12,vw
2012-12,1,Durbl,0.076,ff12,vw
2013-01,1,Durbl,0.0336,ff12,vw
2013-02,1,Durbl,-0.0073,ff12,vw
2013-03,10,Money,0.0452,ff12,vw
2013-04,9,Hlth,0.0259,ff12,vw
2013-05,7,Utils,-0.07139999999999999,ff12,vw
2013-06,1,Durbl,-0.0045000000000000005,ff12,vw
2013-07,1,Durbl,0.0901,ff12,vw
2013-08,1,Durbl,-0.0103,ff12,vw
2013-09,1,Durbl,0.0645,ff12,vw
2013-10,1,Durbl,0.0076,ff12,vw
2013-11,2,Manuf,0.033,ff12,vw
2013-12,2,Manuf,0.04019999999999999,ff12,vw
2014-01,10,Money,-0.0424,ff12,vw
2014-02,9,Hlth,0.0635,ff12,vw
2014-03,9,Hlth,-0.024700000000000003,ff12,vw
2014-04,7,Utils,0.0398,ff12,vw
2014-05,3,Enrgy,0.0088,ff12,vw
2014-06,3,Enrgy,0.0412,ff12,vw
2014-07,3,Enrgy,-0.0356,ff12,vw
2014-08,6,Telcm,0.0033,ff12,vw
2014-09,9,Hlth,-0.0022,ff12,vw
2014-10,9,Hlth,0.0592,ff12,vw
2014-11,9,Hlth,0.0252,ff12,vw
2014-12,8,Shops,0.016,ff12,vw
2015-01,8,Shops,-0.004,ff12,vw
2015-02,8,Shops,0.0567,ff12,vw
2015-03,8,Shops,0.0066,ff12,vw
2015-04,9,Hlth,-0.0155,ff12,vw
2015-05,6,Telcm,0.0033,ff12,vw
2015-06,9,Hlth,0.0037,ff12,vw
2015-07,10,Money,0.0194,ff12,vw
2015-08,9,Hlth,-0.08380000000000001,ff12,vw
2015-09,0,NoDur,-0.005600000000000001,ff12,vw
2015-10,0,NoDur,0.068,ff12,vw
2015-11,5,BusEq,0.0111,ff12,vw
2015-12,5,BusEq,-0.0254,ff12,vw
2016-01,4,Chems,-0.0471,ff12,vw
2016-02,0,NoDur,0.0059,ff12,vw
2016-03,7,Utils,0.0784,ff12,vw
2016-04,7,Utils,-0.008,ff12,vw
2016-05,3,Enrgy,-0.0059,ff12,vw
2016-06,3,Enrgy,0.0255,ff12,vw
2016-07,3,Enrgy,-0.0273,ff12,vw
2016-08,5,BusEq,0.0179,ff12,vw
2016-09,5,BusEq,0.022099999999999998,ff12,vw
2016-10,5,BusEq,-0.010700000000000001,ff12,vw
2016-11,10,Money,0.1331,ff12,vw
2016-12,10,Money,0.0387,ff12,vw
