kind,start,end,n_months,n_paths,tbill,market,mean,sd,median,skew,pct_positive,pct_above_tbill,pct_above_vw,basis,universe,weighting
year,1927-01,1927-12,12,20000,0.031340782429983394,0.32583722609273513,0.33714803683126104,0.2787122872910637,0.30141559768383785,0.9874951123484773,0.9212,0.89445,0.45995,across paths,ff49,ew
year,1928-01,1928-12,12,20000,0.035355979534331006,0.3907859670535341,0.3739794864298816,0.2720912626511528,0.3367634865515019,1.1362671673078555,0.9544,0.9329,0.4113,across paths,ff49,ew
year,1929-01,1929-12,12,20000,0.04739767766948333,-0.1485230019924365,-0.29078713503843984,0.16066419483292868,-0.3045753048439969,0.5554539223834419,0.04565,0.0281,0.17745,across paths,ff49,ew
year,1930-01,1930-12,12,20000,0.024261799957746355,-0.2872601404747538,-0.35924019864206247,0.1859646603534825,-0.38074250558868006,1.2793071833982745,0.03815,0.03345,0.2839,across paths,ff49,ew
year,1931-01,1931-12,12,20000,0.010852440211584602,-0.4376338865587708,-0.4241663557732527,0.1709841223472316,-0.4485975355079696,1.3887887690316882,0.02395,0.02255,0.46995,across paths,ff49,ew
year,1932-01,1932-12,12,20000,0.009436727769233544,-0.08658574309335187,0.06573197118107983,0.5218702874303561,-0.03493659811009858,3.0240591363928364,0.4617,0.4524,0.56085,across paths,ff49,ew
year,1933-01,1933-12,12,20000,0.003003642310775989,0.5679565173050354,1.2228640660255155,0.9449000740905138,1.03681063418456,1.9083262881275245,0.9762,0.97555,0.76145,across paths,ff49,ew
year,1934-01,1934-12,12,20000,0.0018014106441925914,0.03263777211935448,0.24170013501184884,0.33725799622593294,0.18991599424054462,1.8344100661294018,0.78075,0.7782,0.73575,across paths,ff49,ew
year,1935-01,1935-12,12,20000,0.0014008903400870576,0.45004656526311426,0.6227182044591248,0.48168494927925976,0.545221386448034,1.385962503159809,0.9535,0.95295,0.59705,across paths,ff49,ew
year,1936-01,1936-12,12,20000,0.0018014506902155336,0.3215330595896724,0.5079571162369911,0.31613453090291366,0.4662667025354421,0.879220233368062,0.9775,0.9771,0.7027,across paths,ff49,ew
year,1937-01,1937-12,12,20000,0.0029037227913610852,-0.34728916228237694,-0.44664875768487144,0.10441266064375346,-0.4593619686224596,0.8286454389627399,0.0015,0.0014,0.15665,across paths,ff49,ew
year,1938-01,1938-12,12,20000,-0.0004001399919975057,0.28167847492774056,0.37193938807776933,0.27713455762291095,0.3386581324699963,1.11183827932248,0.94505,0.94515,0.5928,across paths,ff49,ew
year,1939-01,1939-12,12,20000,9.99699970003487e-05,0.025054688210840448,0.02615237996912901,0.31639915317369366,-0.032112235790550336,1.7164515718741546,0.45065,0.4506,0.41465,across paths,ff49,ew
year,1940-01,1940-12,12,20000,-0.00020000999799996144,-0.07206559093168252,-0.06671045985017865,0.18048143243504194,-0.08446724804027267,1.1437414710193328,0.29915,0.2997,0.4677,across paths,ff49,ew
year,1941-01,1941-12,12,20000,0.00039999998799933323,-0.10550183945566882,-0.07979940803731984,0.1977050720532956,-0.10179846996947622,1.1932762825563892,0.277,0.2761,0.5083,across paths,ff49,ew
year,1942-01,1942-12,12,20000,0.0028035526933587462,0.1649378017045231,0.3871222460189483,0.3024155167594131,0.3385752874855116,1.595177263790535,0.9538,0.9524,0.7902,across paths,ff49,ew
year,1943-01,1943-12,12,20000,0.0035056154485657576,0.28319964874993087,0.6918101344306435,0.4495099680559315,0.5914762527947703,2.263387048228557,0.99635,0.9961,0.8936,across paths,ff49,ew
year,1944-01,1944-12,12,20000,0.003304984546793177,0.21344771087952652,0.4247750447348036,0.20788966838229594,0.39402731147075765,1.326948866141988,0.9962,0.99595,0.8831,across paths,ff49,ew
year,1945-01,1945-12,12,20000,0.003204684138460978,0.38735699571189386,0.613470766365667,0.22548616388371875,0.58783070610851,0.8328366135880186,1.0,1.0,0.85795,across paths,ff49,ew
year,1946-01,1946-12,12,20000,0.003605945944011646,-0.06396093599835928,-0.07989300242745698,0.13116392530858165,-0.09185376333221096,0.717003745995343,0.2418,0.23375,0.4106,across paths,ff49,ew
year,1947-01,1947-12,12,20000,0.005011295205622046,0.03433766682547601,-0.024074818388433,0.11858205862826143,-0.036055695709392155,1.1780323408265934,0.36225,0.34645,0.2578,across paths,ff49,ew
year,1948-01,1948-12,12,20000,0.008129886047645751,0.018551882838878653,-0.037191669526150814,0.10667245575281283,-0.0442863989070833,0.45141185928862854,0.33895,0.3128,0.2799,across paths,ff49,ew
year,1949-01,1949-12,12,20000,0.011156624285102223,0.20198664134954614,0.23071357539951978,0.1306318020682873,0.22339882081936568,0.4362669175271793,0.97325,0.9665,0.5668,across paths,ff49,ew
year,1950-01,1950-12,12,20000,0.012167285608503553,0.30066784084275433,0.3253024892882918,0.19262176964310454,0.3043504657799475,0.6628124375960875,0.97805,0.9721,0.5071,across paths,ff49,ew
year,1951-01,1951-12,12,20000,0.014900682357238404,0.20694463164474208,0.153034232244798,0.11080327010663912,0.14536371859216302,0.37855853076357876,0.9278,0.9037,0.29545,across paths,ff49,ew
year,1952-01,1952-12,12,20000,0.016523610223636576,0.13474905746088828,0.09004568502474126,0.08876740103665182,0.08415384554106209,0.41441228974422545,0.85505,0.80075,0.2813,across paths,ff49,ew
year,1953-01,1953-12,12,20000,0.01825047080823472,0.007186150650095646,-0.003325671605372755,0.08317590102697425,-0.008605138627008013,0.4220128804149563,0.4575,0.3726,0.42325,across paths,ff49,ew
year,1954-01,1954-12,12,20000,0.00863377969622614,0.5030563197321554,0.5673337608619305,0.15888248306894182,0.5536227320395208,0.4966408152043867,1.0,1.0,0.63145,across paths,ff49,ew
year,1955-01,1955-12,12,20000,0.015711204189441386,0.25355601474255596,0.179991947553893,0.12085562049748758,0.1714112227023029,0.4129815984892784,0.94615,0.9256,0.2552,across paths,ff49,ew
year,1956-01,1956-12,12,20000,0.02467423803643598,0.0833752446150553,0.0718936878912291,0.11371193944932191,0.06065866791208874,0.6380212185700098,0.7298,0.63875,0.417,across paths,ff49,ew
year,1957-01,1957-12,12,20000,0.031546885166551686,-0.10004075784085131,-0.09787742703818905,0.09777390756119211,-0.10576753719744653,0.48681717938281116,0.1537,0.09855,0.4763,across paths,ff49,ew
year,1958-01,1958-12,12,20000,0.015303139073847838,0.44980999895087215,0.6348092400895582,0.1749953810001793,0.6231003122801649,0.42574011351967406,1.0,1.0,0.8642,across paths,ff49,ew
year,1959-01,1959-12,12,20000,0.02969530696561873,0.12760655494675488,0.19898869805835825,0.1341374616435663,0.18799692375518107,0.4792844109151861,0.94775,0.9108,0.68665,across paths,ff49,ew
year,1960-01,1960-12,12,20000,0.026718544210524664,0.012009681750978718,0.02589181482149637,0.11494648199667452,0.01622305590714923,0.5072253052066311,0.56215,0.4617,0.5151,across paths,ff49,ew
year,1961-01,1961-12,12,20000,0.021203049199982615,0.26938753950174754,0.2932241447298018,0.1365784587355306,0.2845204820551872,0.4236078544952656,0.99295,0.9879,0.546,across paths,ff49,ew
year,1962-01,1962-12,12,20000,0.027336311308160388,-0.1018704309519155,-0.16554917455040286,0.08521794856285335,-0.16868480418644305,0.1956790161876298,0.0316,0.0164,0.2207,across paths,ff49,ew
year,1963-01,1963-12,12,20000,0.0311354082386468,0.20958714314537952,0.15193198366026858,0.10228575605533205,0.14524762108826927,0.40250415769895803,0.944,0.89115,0.26945,across paths,ff49,ew
year,1964-01,1964-12,12,20000,0.03525706968952491,0.16073359896318462,0.18564401781722237,0.12231825661286921,0.17056722725170204,0.9965745557729291,0.96655,0.92185,0.538,across paths,ff49,ew
year,1965-01,1965-12,12,20000,0.03918636823954258,0.1443528724471268,0.3778395959581797,0.1661250307083336,0.35938188142253946,0.7574982827647838,0.99675,0.99275,0.9465,across paths,ff49,ew
year,1966-01,1966-12,12,20000,0.04750339219432975,-0.08806073452750662,-0.06051035397490914,0.15245607174384918,-0.07446782697443971,1.4928378085379466,0.2737,0.17315,0.54385,across paths,ff49,ew
year,1967-01,1967-12,12,20000,0.042089732130200286,0.28695714774520886,0.8251167993792459,0.26202109208864977,0.8023219406825579,0.6792683643925073,1.0,0.99995,0.99185,across paths,ff49,ew
year,1968-01,1968-12,12,20000,0.052208763937099834,0.14135085333978803,0.41390722716710543,0.2137866025673377,0.3988151582081283,0.5324902994601206,0.97985,0.9648,0.91975,across paths,ff49,ew
year,1969-01,1969-12,12,20000,0.06569703672500249,-0.1095418650330422,-0.2497935953403106,0.09839774162303677,-0.25845835948247425,0.675062545049741,0.0164,0.00655,0.08095,across paths,ff49,ew
year,1970-01,1970-12,12,20000,0.06516705987919003,0.00089937643527227,-0.15154980072278415,0.1593469637511349,-0.1576363262290772,0.40769395474738224,0.1548,0.08325,0.15315,across paths,ff49,ew
year,1971-01,1971-12,12,20000,0.04385608936775598,0.1616277679367737,0.18230147570159197,0.15636719437499585,0.1732394845590467,0.5082444826951017,0.89105,0.8191,0.53255,across paths,ff49,ew
year,1972-01,1972-12,12,20000,0.03835711405871445,0.16916061329614052,0.0385084725107525,0.13076129760182606,0.032684631895207095,0.25663638638185776,0.60545,0.4815,0.15235,across paths,ff49,ew
year,1973-01,1973-12,12,20000,0.06940964906929548,-0.1931202152998398,-0.3480700105698825,0.11367996103073459,-0.36226882334570454,0.8856791647556782,0.0085,0.00425,0.09215,across paths,ff49,ew
year,1974-01,1974-12,12,20000,0.08009299500444977,-0.27804949151668024,-0.22006848221797437,0.11038045090580184,-0.23394218034445613,0.9504959860172142,0.04125,0.01625,0.6868,across paths,ff49,ew
year,1975-01,1975-12,12,20000,0.05798431629002354,0.3832883780080134,0.6302211339920533,0.20769315753358553,0.6203454037970692,0.33132332700436573,1.0,0.99935,0.8895,across paths,ff49,ew
year,1976-01,1976-12,12,20000,0.05084710391799252,0.2698032315995835,0.4805634316610665,0.1744476379275628,0.4654045466739105,1.0703135476450618,0.9999,0.99895,0.91505,across paths,ff49,ew
year,1977-01,1977-12,12,20000,0.05126495522821517,-0.031175019766812806,0.22485712424565754,0.10856840242563097,0.2190730792464447,0.37732731061137187,0.9868,0.9551,0.99465,across paths,ff49,ew
year,1978-01,1978-12,12,20000,0.07196501341871309,0.0824594010034132,0.27589837543223694,0.14581008774372495,0.26555339576093484,0.4496031162687092,0.98215,0.93445,0.9228,across paths,ff49,ew
year,1979-01,1979-12,12,20000,0.1038334430458423,0.23466553545879343,0.4277026295537601,0.1663308938238448,0.40518663133179156,1.1611111018597937,0.99995,0.99565,0.9136,across paths,ff49,ew
year,1980-01,1980-12,12,20000,0.11258733475368765,0.33252237086475556,0.4128818456301199,0.20906179274301318,0.3862951811334352,0.8145613278451779,0.9945,0.9565,0.6104,across paths,ff49,ew
year,1981-01,1981-12,12,20000,0.1471747478188743,-0.03259492110308704,0.011762330052031124,0.113696825439349,0.008801451696735407,0.15629908804643888,0.53165,0.1174,0.6429,across paths,ff49,ew
year,1982-01,1982-12,12,20000,0.10534507994232367,0.21455435824057512,0.3200651151181498,0.1598893362686475,0.31333539181434955,0.2749724611936317,0.98225,0.91855,0.7462,across paths,ff49,ew
year,1983-01,1983-12,12,20000,0.087957322322191,0.22550771908568645,0.38424777884359806,0.19749372881346025,0.36282200178510926,1.0021432592656294,0.99185,0.963,0.80555,across paths,ff49,ew
year,1984-01,1984-12,12,20000,0.09837053073148505,0.03850526910283558,-0.08851945537662696,0.09129385023956976,-0.09275025065536535,0.28765550080324975,0.16205,0.028,0.084,across paths,ff49,ew
year,1985-01,1985-12,12,20000,0.0772029093125699,0.3262386133802917,0.24632270323171232,0.1391967647221231,0.23817870805963404,0.48255591701333145,0.97375,0.9,0.25825,across paths,ff49,ew
year,1986-01,1986-12,12,20000,0.06157040643142642,0.16417506145248417,0.08730705362624228,0.13084367868361438,0.07555428103701889,0.6375158181672282,0.74745,0.54735,0.2453,across paths,ff49,ew
year,1987-01,1987-12,12,20000,0.05472425335115183,0.016447656023945934,-0.07550863670160336,0.1305358661759894,-0.09187598159462468,0.7649307028274208,0.24395,0.1466,0.21,across paths,ff49,ew
year,1988-01,1988-12,12,20000,0.06357536181976098,0.17992730438092464,0.20327889695914222,0.136142359906773,0.19273104437622235,0.779933515612959,0.952,0.8692,0.5444,across paths,ff49,ew
year,1989-01,1989-12,12,20000,0.08375046134037079,0.2885742032222962,0.11816625183880035,0.1281436943593335,0.10490430887714819,0.9142371939054145,0.8441,0.5778,0.0869,across paths,ff49,ew
year,1990-01,1990-12,12,20000,0.07838118061963528,-0.06023993422837459,-0.20902430436608174,0.10392269733649528,-0.21682131521148368,0.47654545580724894,0.03225,0.0089,0.08275,across paths,ff49,ew
year,1991-01,1991-12,12,20000,0.05598602000744668,0.34816431124513314,0.4729805624334816,0.20853661801446774,0.4582893989046448,0.4632618988848412,0.9947,0.9873,0.7199,across paths,ff49,ew
year,1992-01,1992-12,12,20000,0.03504994804571826,0.0977917454354833,0.22971483076740948,0.1785337749326413,0.2176208914342287,0.4671776343579147,0.913,0.8737,0.7663,across paths,ff49,ew
year,1993-01,1993-12,12,20000,0.028977781780637812,0.11160181432651584,0.21712371184071122,0.16806349182067543,0.2069960736002565,0.5181310770437562,0.9152,0.88115,0.73415,across paths,ff49,ew
year,1994-01,1994-12,12,20000,0.03908056138318705,-0.0014820664936643357,-0.04780506616562053,0.10207978761123959,-0.05515751522020029,0.51684790241178,0.2903,0.1815,0.29575,across paths,ff49,ew
year,1995-01,1995-12,12,20000,0.05598649105331033,0.36851773687640366,0.24249138068949236,0.13815668831747147,0.232850385942463,0.45176363880912784,0.97345,0.92715,0.17065,across paths,ff49,ew
year,1996-01,1996-12,12,20000,0.05199928578383717,0.21206785537948347,0.1738764773611372,0.14986887741876107,0.16166596675307587,0.49954156772386926,0.8908,0.79455,0.3663,across paths,ff49,ew
year,1997-01,1997-12,12,20000,0.05252282460020541,0.31247057540483114,0.20461941760149288,0.15849225713238652,0.1892145545690005,0.6748392573566789,0.92335,0.84765,0.2182,across paths,ff49,ew
year,1998-01,1998-12,12,20000,0.04854677372757088,0.24260682903123243,-0.0539955539747899,0.16241000546333031,-0.07304519267894749,1.0742878030407466,0.31095,0.21985,0.0486,across paths,ff49,ew
year,1999-01,1999-12,12,20000,0.046877487656105554,0.2524240515544398,0.15559951976822367,0.2204779126007078,0.12158515421647687,1.1366288397928503,0.76095,0.6636,0.2716,across paths,ff49,ew
year,2000-01,2000-12,12,20000,0.058827813659585004,-0.11592112460980486,-0.007049406699728054,0.2687312961975063,-0.04846144938359759,1.135514585084321,0.41935,0.3372,0.6173,across paths,ff49,ew
year,2001-01,2001-12,12,20000,0.03824800864936062,-0.11201399904333464,0.25543693568090237,0.29289439894435,0.21871181060702238,0.945338469959391,0.8177,0.7674,0.92825,across paths,ff49,ew
year,2002-01,2002-12,12,20000,0.01632075190748239,-0.21138775004858779,-0.06836218524430507,0.1849679437764288,-0.09153557500072401,0.9320817027051194,0.30455,0.2761,0.78065,across paths,ff49,ew
year,2003-01,2003-12,12,20000,0.010247724555652926,0.3169291440246156,0.6641268563219123,0.2841602316686454,0.6234951639973704,1.0449264753787122,0.9996,0.99955,0.92635,across paths,ff49,ew
year,2004-01,2004-12,12,20000,0.011863454109524163,0.11931461886375816,0.26586161709849926,0.18390773451480844,0.25475868870155916,0.3673575545801839,0.9397,0.9315,0.7995,across paths,ff49,ew
year,2005-01,2005-12,12,20000,0.02979774263278001,0.061007835307562264,0.04242440818798835,0.12640048586220223,0.030650063399597416,0.5714249174503837,0.6033,0.50275,0.40445,across paths,ff49,ew
year,2006-01,2006-12,12,20000,0.04812968129714923,0.15398439680005582,0.19806207323983116,0.1455645093918094,0.189464984555881,0.3633206806345847,0.92595,0.85825,0.6049,across paths,ff49,ew
year,2007-01,2007-12,12,20000,0.046667720112056,0.057378903196549036,-0.022041434324363146,0.12409306675993471,-0.030381096656063922,0.5586866358575702,0.3959,0.26365,0.23805,across paths,ff49,ew
year,2008-01,2008-12,12,20000,0.015912653124452003,-0.36656078451194607,-0.4554801443474615,0.1259156232787281,-0.4692666957089842,0.8072932313570801,0.00375,0.0035,0.21075,across paths,ff49,ew
year,2009-01,2009-12,12,20000,0.0009003500770106143,0.28627882661901216,0.7652527469110499,0.3817017441366007,0.71344695162331,0.9449406465575623,0.9977,0.99765,0.9261,across paths,ff49,ew
year,2010-01,2010-12,12,20000,0.0010004501200209237,0.17411855921775898,0.32286373070667584,0.1842109318273538,0.3027855752526104,0.6909864379209121,0.98095,0.98045,0.7914,across paths,ff49,ew
year,2011-01,2011-12,12,20000,0.00040006000400016895,0.005010313959058266,-0.10196195047038391,0.1293308023399158,-0.112618358074344,0.6746613149418051,0.18845,0.1878,0.1788,across paths,ff49,ew
year,2012-01,2012-12,12,20000,0.0006001500200014664,0.16347588259673151,0.19412011345933725,0.16540978976111095,0.18149689009769254,0.5781889375588599,0.8952,0.8941,0.54745,across paths,ff49,ew
year,2013-01,2013-12,12,20000,0.0,0.35152984651126506,0.40301918959143884,0.16176433111067004,0.40575938542302004,-0.0731073423557867,0.992,0.992,0.63425,across paths,ff49,ew
year,2014-01,2014-12,12,20000,0.0,0.11742048220313417,0.03398337293980653,0.14938286221950708,0.029561183276087588,0.36155840995110655,0.58705,0.58705,0.25865,across paths,ff49,ew
year,2015-01,2015-12,12,20000,9.999999999998899e-05,0.002123996347826118,-0.11898968025748163,0.19284521832679397,-0.12730694217930733,1.5047730912864554,0.1997,0.19955,0.19565,across paths,ff49,ew
year,2016-01,2016-12,12,20000,0.002102001142436638,0.135839399727115,0.2560585592142091,0.2437533628183091,0.2174067151683391,1.3612330285079115,0.89595,0.8934,0.6686,across paths,ff49,ew
decade,1926-07,1936-12,126,20000,0.1973957264279631,0.9553014461411233,2.7147011295290606,4.39813639462185,1.4127332221106772,4.838192885990454,0.8391,0.7851,0.5945,across paths,ff49,ew
decade,1937-01,1946-12,120,20000,0.019382264221265322,0.6766558202743989,2.3325264021566956,2.426577701881965,1.702113816912038,2.882723023392908,0.95285,0.9496,0.7825,across paths,ff49,ew
decade,1947-01,1956-12,120,20000,0.1435189441161644,3.6377397025607188,2.8092129949921953,1.335139281372881,2.5783459773590724,1.2297544883796752,1.0,0.99985,0.2222,across paths,ff49,ew
decade,1957-01,1966-12,120,20000,0.3498402266913929,1.487167387237212,2.464491015562808,1.2918009285478345,2.2437059159954247,1.3217147277806103,0.99975,0.9948,0.77235,across paths,ff49,ew
decade,1967-01,1976-12,120,20000,0.7324866552416902,0.8192557564736349,1.4748587721201816,1.1830193596042136,1.2318604915764613,1.5391162353788712,0.96195,0.7134,0.6766,across paths,ff49,ew
decade,1977-01,1986-12,120,20000,1.398087202464628,2.9835549677876756,6.201561972351201,2.800646982758563,5.719725223439116,1.3559457961996568,1.0,0.99725,0.92275,across paths,ff49,ew
decade,1987-01,1996-12,120,20000,0.7019911521313602,2.9574182864500242,2.016842347621202,1.2845459676313742,1.7683177241691004,1.4859112908821395,0.99535,0.89055,0.187,across paths,ff49,ew
decade,1997-01,2006-12,120,20000,0.42425967867422365,1.2822776380352723,3.016870036824746,2.4482058492150904,2.414436411316437,2.082235563712518,0.98905,0.94545,0.76975,across paths,ff49,ew
decade,2007-01,2016-12,120,20000,0.06875938967960882,1.033252078890361,1.141912771051116,1.2496228763581907,0.8538876358555161,2.1731963583528775,0.88145,0.85425,0.43095,across paths,ff49,ew
full,1926-07,2016-12,1086,20000,19.27971267079745,5031.7488104007925,75732.4341887139,247810.33204395577,20511.213969952085,23.321413399280036,1.0,1.0,0.8123,across paths,ff49,ew
rolling120,1926-07,1936-06,120,20000,0.19655790851608335,0.6209805593553541,1.6813668194074516,3.1141796602637153,0.7773156437100412,4.815470527493792,0.7437,0.6734,0.53895,across paths,ff49,ew
rolling120,1926-08,1936-07,120,20000,0.19405065287061962,0.6772613313706015,1.8436299273175747,3.2910981417956133,0.8804229748836203,4.835311431249395,0.76445,0.69885,0.55045,across paths,ff49,ew
rolling120,1926-09,1936-08,120,20000,0.19131118503859712,0.6466145114369177,1.7461268688121112,3.1877172010942587,0.8182739369261536,5.030148563243051,0.75405,0.6872,0.54575,across paths,ff49,ew
rolling120,1926-10,1936-09,120,20000,0.18869631463344416,0.6526700463661661,1.8932754986621982,3.3692399976975014,0.911750476118944,5.026214559871408,0.77175,0.7084,0.56625,across paths,ff49,ew
rolling120,1926-11,1936-10,120,20000,0.1851416007738944,0.8241526570504245,2.182963171580618,3.7106854422677946,1.1023208813470053,5.151548230730618,0.80255,0.7441,0.5641,across paths,ff49,ew
rolling120,1926-12,1936-11,120,20000,0.18159716372641976,0.8316017977014813,2.462708451270385,4.084529806780739,1.2815311749984917,5.273047032635459,0.8261,0.77135,0.59565,across paths,ff49,ew
rolling120,1927-01,1936-12,120,20000,0.17829792952375323,0.7835422753128127,2.480672976014966,4.1214864551273225,1.2912637332533452,5.3348430884832325,0.82765,0.77555,0.61085,across paths,ff49,ew
rolling120,1927-02,1937-01,120,20000,0.17547706665008045,0.8397897163306618,2.7261818654985626,4.43107458601774,1.4517045867417502,5.494940766857507,0.84555,0.79715,0.62595,across paths,ff49,ew
rolling120,1927-03,1937-02,120,20000,0.17266323764553215,0.7811236265539587,2.5998390739930275,4.279683377510871,1.3676961291195522,5.53271232746074,0.8361,0.78705,0.62535,across paths,ff49,ew
rolling120,1927-04,1937-03,120,20000,0.16927268591156208,0.7688877115567241,2.5766317422712914,4.268530538851184,1.3451295212072774,5.609286319847072,0.83325,0.78505,0.62615,across paths,ff49,ew
rolling120,1927-05,1937-04,120,20000,0.16670670096492324,0.6275101690822245,2.2007895498016152,3.836174651941718,1.097340474605287,5.823158051072413,0.80035,0.74755,0.613,across paths,ff49,ew
rolling120,1927-06,1937-05,120,20000,0.1639149800453661,0.527166279697675,1.9732232568486707,3.574558812747406,0.9490192040268073,6.01222900272251,0.7767,0.7238,0.61225,across paths,ff49,ew
rolling120,1927-07,1937-06,120,20000,0.16124491775322136,0.49471321613237906,1.785177624035985,3.319614987452566,0.8193277951588077,5.797275356339751,0.7561,0.70135,0.59135,across paths,ff49,ew
rolling120,1927-08,1937-07,120,20000,0.15811893442527136,0.513890458957432,1.8558331249755076,3.3872700792187285,0.8651140774056479,5.562565756673875,0.76345,0.7115,0.59765,across paths,ff49,ew
rolling120,1927-09,1937-08,120,20000,0.1551162327604274,0.4083459300401886,1.6968700674886634,3.174954341700555,0.7683203032223773,5.465022388911475,0.746,0.6916,0.60735,across paths,ff49,ew
rolling120,1927-10,1937-09,120,20000,0.1531566502879269,0.15935659434247573,1.1178947807036732,2.497742282868793,0.385000975328572,5.465520282717162,0.65065,0.5883,0.58585,across paths,ff49,ew
rolling120,1927-11,1937-10,120,20000,0.15051100410771512,0.09254498568559888,0.9792674797149626,2.3434613239951547,0.3005061137841396,5.621110879157248,0.61835,0.55605,0.5802,across paths,ff49,ew
rolling120,1927-12,1937-11,120,20000,0.148329614118887,-0.06141244507155841,0.6490807602279759,1.9530908839609353,0.08586181409950411,5.5345819565799195,0.53775,0.47375,0.566,across paths,ff49,ew
rolling120,1928-01,1937-12,120,20000,0.14580883468258543,-0.12196056219136797,0.44146316408798986,1.714191138214024,-0.050357631513767986,5.669293773518305,0.47565,0.41385,0.53455,across paths,ff49,ew
rolling120,1928-02,1938-01,120,20000,0.14295145604247916,-0.11491369671938856,0.4595546965254938,1.7390904475879634,-0.03820049954032001,5.697992291858184,0.4801,0.42095,0.53585,across paths,ff49,ew
rolling120,1928-03,1938-02,120,20000,0.13919212203974807,-0.05021912811990348,0.5765093273774026,1.8738756829229282,0.037934512549143706,5.793945448348279,0.51655,0.4586,0.5408,across paths,ff49,ew
rolling120,1928-04,1938-03,120,20000,0.13578442798638357,-0.3375565756083815,0.05716856743545843,1.262191238470108,-0.30232652464057175,5.9813018533551,0.3424,0.29315,0.5236,across paths,ff49,ew
rolling120,1928-05,1938-04,120,20000,0.13340451649289786,-0.27401983671296637,0.1897176859438251,1.392633370492401,-0.2100724961917314,5.490804318555726,0.39295,0.33975,0.5369,across paths,ff49,ew
rolling120,1928-06,1938-05,120,20000,0.12978919108143727,-0.3146530548073899,0.060660499876359714,1.2316120082650566,-0.2974035355343556,5.231649261848971,0.3438,0.297,0.5129,across paths,ff49,ew
rolling120,1928-07,1938-06,120,20000,0.12629766830967704,-0.1100761656020075,0.47415105995035356,1.7196391762519614,-0.024928636208877808,5.288768282489694,0.4887,0.43315,0.54145,across paths,ff49,ew
rolling120,1928-08,1938-07,120,20000,0.12259274176918478,-0.05392148679947939,0.6330095190611159,1.9042908754864418,0.0801695368612263,5.275115146032614,0.5346,0.483,0.55865,across paths,ff49,ew
rolling120,1928-09,1938-08,120,20000,0.1190119036774171,-0.13959105780137682,0.46977233420169395,1.7060837513167042,-0.024848300139246438,5.090388327220222,0.4879,0.43695,0.5567,across paths,ff49,ew
rolling120,1928-10,1938-09,120,20000,0.11622190690949696,-0.15869457222482886,0.39425315859198856,1.6176881971146848,-0.07464926548908418,5.081080211761654,0.465,0.4147,0.5435,across paths,ff49,ew
rolling120,1928-11,1938-10,120,20000,0.1117752505728391,-0.10832542107313003,0.5903749409088066,1.8722814222970878,0.048094997644669624,5.470417349832665,0.523,0.4735,0.57415,across paths,ff49,ew
rolling120,1928-12,1938-11,120,20000,0.10690195798216329,-0.21958606371997658,0.3836749041436839,1.6129614313403755,-0.08261687704576626,5.093944676524495,0.45965,0.4139,0.57305,across paths,ff49,ew
rolling120,1929-01,1938-12,120,20000,0.10623821505313136,-0.19084296632562958,0.43291568575361017,1.6667969403132104,-0.0500380932808423,5.108671071130391,0.47555,0.4295,0.5717,across paths,ff49,ew
rolling120,1929-02,1939-01,120,20000,0.10237950092846937,-0.27545767327557813,0.2685132472055593,1.4721812343787155,-0.15902238985586847,5.186859812884405,0.4212,0.37975,0.5671,across paths,ff49,ew
rolling120,1929-03,1939-02,120,20000,0.09853501283236565,-0.250103762622354,0.3044603690651909,1.5128528473499605,-0.13333010863082434,5.088077764364574,0.4355,0.39255,0.5642,across paths,ff49,ew
rolling120,1929-04,1939-03,120,20000,0.09470316855798533,-0.3370100207082346,0.14253514640627638,1.3278489776143165,-0.241818010718438,5.0170981522834035,0.3758,0.3375,0.5619,across paths,ff49,ew
rolling120,1929-05,1939-04,120,20000,0.09077637361297852,-0.3500966342639298,0.11407474525567796,1.2968065702657239,-0.2584461384755696,5.157260113433251,0.3645,0.33015,0.5582,across paths,ff49,ew
rolling120,1929-06,1939-05,120,20000,0.0861065822882714,-0.2619319846063468,0.33229582610010283,1.5466181992426014,-0.11550633375870772,5.115445337499135,0.4444,0.40655,0.5836,across paths,ff49,ew
rolling120,1929-07,1939-06,120,20000,0.08059609326154016,-0.3659927445339224,0.1298595426880762,1.3084577022847834,-0.2451431854795345,4.9382866358992485,0.3708,0.3397,0.5772,across paths,ff49,ew
rolling120,1929-08,1939-07,120,20000,0.07704185513957973,-0.33326705755680675,0.2415004527703223,1.4354390069124137,-0.17168512804246022,4.881137589998533,0.4125,0.3792,0.59695,across paths,ff49,ew
rolling120,1929-09,1939-08,120,20000,0.07264357664747578,-0.42682097973673894,0.08166358508382385,1.2537825232280075,-0.27883962182742866,5.014944357413322,0.35565,0.32315,0.60295,across paths,ff49,ew
rolling120,1929-10,1939-09,120,20000,0.06900930842565067,-0.2939449160297658,0.48619881881220933,1.824247074504489,-0.03133479402728928,6.541739317376428,0.4858,0.45685,0.637,across paths,ff49,ew
rolling120,1929-11,1939-10,120,20000,0.06411438226722144,-0.12636771734644614,0.852450175306361,2.244433645882427,0.2146785368778784,6.16998438656597,0.58315,0.55625,0.6394,across paths,ff49,ew
rolling120,1929-12,1939-11,120,20000,0.06019167307683726,-0.03800605218662956,0.9882270236228197,2.3871892209696304,0.2988085435185994,6.0013662248978425,0.6149,0.5908,0.6306,across paths,ff49,ew
rolling120,1930-01,1939-12,120,20000,0.05628342440653311,-0.02589240483590538,1.067608207358348,2.5108632943273244,0.34952782782774594,6.426966553119871,0.6296,0.60635,0.6408,across paths,ff49,ew
rolling120,1930-02,1940-01,120,20000,0.05480669503348623,-0.10105758664714892,0.8441110261384241,2.233689987215371,0.20669497444639284,6.606582976411044,0.5846,0.5598,0.62885,across paths,ff49,ew
rolling120,1930-03,1940-02,120,20000,0.05165173981404414,-0.11295021001446293,0.8233231518291144,2.1913816022323194,0.1963040356488286,6.27184841771007,0.58105,0.5566,0.63155,across paths,ff49,ew
rolling120,1930-04,1940-03,120,20000,0.04798379652620244,-0.1574513117272519,0.6872748431259633,1.9751548838718744,0.11322436881037024,5.442524021697866,0.54655,0.5238,0.62455,across paths,ff49,ew
rolling120,1930-05,1940-04,120,20000,0.045787642477000734,-0.139769462727233,0.7555331468811964,2.0340407787095276,0.1593184421992685,5.4849239997346855,0.56855,0.5477,0.63375,across paths,ff49,ew
rolling120,1930-06,1940-05,120,20000,0.042867030668766404,-0.31966757305750126,0.36366147293934625,1.581399032018511,-0.0948292566515514,5.72777951727212,0.45525,0.43655,0.62555,across paths,ff49,ew
rolling120,1930-07,1940-06,120,20000,0.04005887171513556,-0.13784693395302072,0.790760333198774,2.0686638411599576,0.1953688686673376,5.753407984023657,0.5756,0.55845,0.64515,across paths,ff49,ew
rolling120,1930-08,1940-07,120,20000,0.03808670419391924,-0.1472684686088256,0.7797014388099395,2.050887127207948,0.1872183755205975,5.541213855339735,0.5728,0.55645,0.6457,across paths,ff49,ew
rolling120,1930-09,1940-08,120,20000,0.03704955092766493,-0.13189398836360167,0.8245499395447161,2.1136418710763905,0.21452227060468876,5.8238350031349615,0.58375,0.5676,0.6495,across paths,ff49,ew
rolling120,1930-10,1940-09,120,20000,0.03477305021718724,0.01687878425181122,1.2437900388400056,2.6012005395692746,0.4857186075071982,5.89112291311406,0.67765,0.66375,0.6708,across paths,ff49,ew
rolling120,1930-11,1940-10,120,20000,0.033842591884491124,0.14739920207495483,1.5765922671265307,2.9727577159346423,0.709350565089855,5.514207412227685,0.73505,0.7216,0.67895,across paths,ff49,ew
rolling120,1930-12,1940-11,120,20000,0.03250034144061842,0.16228974687477393,1.6536083542001054,3.053711660340248,0.7555024802223116,5.158541962715916,0.74465,0.73235,0.68425,across paths,ff49,ew
rolling120,1931-01,1940-12,120,20000,0.031056861834050764,0.2682158063808082,2.005743028757662,3.4380499084555125,1.0045602456460776,4.929994794982639,0.7918,0.78105,0.70145,across paths,ff49,ew
rolling120,1931-02,1941-01,120,20000,0.029409641685339327,0.14199019181715444,1.6231143916837403,2.996870605892467,0.7492048624183943,4.944581942646838,0.74205,0.7313,0.689,across paths,ff49,ew
rolling120,1931-03,1941-02,120,20000,0.02889514266410509,0.014736326230605279,1.194088524373433,2.4809477312610198,0.46487936457189916,4.64280489108054,0.6712,0.65895,0.66435,across paths,ff49,ew
rolling120,1931-04,1941-03,120,20000,0.02766207148544053,0.09123649499207254,1.3052357964445103,2.5461656083515627,0.5529073605254061,4.456342825592807,0.69805,0.6866,0.6607,across paths,ff49,ew
rolling120,1931-05,1941-04,120,20000,0.026737914946334707,0.14514415932061064,1.530919238239374,2.7880990369759884,0.700799585194398,4.375534612497969,0.73575,0.72535,0.6818,across paths,ff49,ew
rolling120,1931-06,1941-05,120,20000,0.025814681732775346,0.337364786063713,1.927473180290674,3.229734006683242,0.9768499069948251,4.492038611902022,0.7911,0.78215,0.67835,across paths,ff49,ew
rolling120,1931-07,1941-06,120,20000,0.02499468598398802,0.24141141399107746,1.7105322098442735,2.988653297331159,0.8212122868724197,4.455444120896159,0.76425,0.7545,0.67875,across paths,ff49,ew
rolling120,1931-08,1941-07,120,20000,0.024687371966603422,0.4071012388061126,2.301780712399768,3.707299016517219,1.206148437959262,4.984288043544984,0.8279,0.82075,0.70565,across paths,ff49,ew
rolling120,1931-09,1941-08,120,20000,0.024482495955013395,0.39883488681073676,2.3318337143334364,3.734130714197799,1.2286683836896077,5.019850074483096,0.83145,0.82525,0.7124,across paths,ff49,ew
rolling120,1931-10,1941-09,120,20000,0.024277660906337095,0.9451045354123766,3.769260223759925,5.290947173611814,2.203143638861843,4.855228645809078,0.9199,0.9147,0.7281,across paths,ff49,ew
rolling120,1931-11,1941-10,120,20000,0.023254406499837232,0.7048681995093771,3.0156790518894145,4.456126248831328,1.7173326973119678,4.8119126005488475,0.88655,0.88085,0.71265,across paths,ff49,ew
rolling120,1931-12,1941-11,120,20000,0.02151782619530529,0.8363432600449789,3.2992162969668266,4.7654972499231985,1.9148421405301637,4.817715947416666,0.90135,0.89785,0.71125,across paths,ff49,ew
rolling120,1932-01,1941-12,120,20000,0.020395503373876078,1.0172209506706564,3.8050773904731074,5.320208808444939,2.2647720246694636,4.729572373342559,0.92365,0.9194,0.71725,across paths,ff49,ew
rolling120,1932-02,1942-01,120,20000,0.018257590017510594,1.0611802557987926,4.106576253727953,5.753830836491154,2.4739413614304873,5.475013215171397,0.9322,0.9297,0.7346,across paths,ff49,ew
rolling120,1932-03,1942-02,120,20000,0.016022563879589224,0.9026129253706681,3.852659711726113,5.466688218423505,2.303696150941883,5.572181256509249,0.92435,0.92135,0.74475,across paths,ff49,ew
rolling120,1932-04,1942-03,120,20000,0.014500964592629062,1.0000345865279554,4.246783891096947,5.833536368004611,2.58097418928946,5.031637233564304,0.93915,0.93665,0.75655,across paths,ff49,ew
rolling120,1932-05,1942-04,120,20000,0.013487578352900265,1.3278971383173137,5.259667630402422,6.895147490341233,3.2753893776957215,4.849042506808899,0.96155,0.9602,0.7684,across paths,ff49,ew
rolling120,1932-06,1942-05,120,20000,0.013183714397767332,2.1016193298586052,7.2281357813595095,9.025576946650348,4.678237363030643,5.82804370401235,0.9833,0.9826,0.76855,across paths,ff49,ew
rolling120,1932-07,1942-06,120,20000,0.013183714397767332,2.209433805304572,7.38967083494397,9.105134465332258,4.7960456300279795,5.666017735486335,0.9864,0.986,0.7667,across paths,ff49,ew
rolling120,1932-08,1942-07,120,20000,0.013285012509584693,1.4867527965369707,5.13656230441949,6.168352803031296,3.346631391589073,4.107535851777189,0.9692,0.9681,0.7575,across paths,ff49,ew
rolling120,1932-09,1942-08,120,20000,0.013285012509584693,0.8463436913697393,2.7416900930970285,3.6087607983264665,1.6991742085209303,3.985275247362502,0.90425,0.90185,0.6869,across paths,ff49,ew
rolling120,1932-10,1942-09,120,20000,0.013285012509584693,0.9520772470810972,3.1855023640083355,4.014216128823892,2.019140818577351,3.9179356096024183,0.9285,0.9258,0.7152,across paths,ff49,ew
rolling120,1932-11,1942-10,120,20000,0.013386320749187774,1.401052766785026,4.420544723738484,5.196279918907533,2.9043574245583246,3.885784850715831,0.9638,0.96245,0.73955,across paths,ff49,ew
rolling120,1932-12,1942-11,120,20000,0.0134876391175891,1.5545936384234995,4.791838540591487,5.5332901862028505,3.1692989866175183,3.7278124346163444,0.97025,0.9693,0.74185,across paths,ff49,ew
rolling120,1933-01,1942-12,120,20000,0.013690316377686695,1.5726957095949383,5.278041780033599,5.968549730290167,3.537990129046657,3.7112097138553657,0.9785,0.9773,0.7734,across paths,ff49,ew
rolling120,1933-02,1943-01,120,20000,0.013893034169182972,1.7228649110142578,6.2815626154949395,7.117481345918185,4.2070867012254975,3.8352340356645898,0.98625,0.98545,0.8015,across paths,ff49,ew
rolling120,1933-03,1943-02,120,20000,0.01450155254519725,2.4145137565021733,8.697946251133372,9.538435765055494,5.923609291196431,4.023184298176243,0.99485,0.9946,0.8235,across paths,ff49,ew
rolling120,1933-04,1943-03,120,20000,0.014400142953779449,2.512544413332886,8.735292760650097,9.256341877396315,5.993815351991028,3.4958416264400163,0.99545,0.9952,0.8198,across paths,ff49,ew
rolling120,1933-05,1943-04,120,20000,0.013690772224441039,1.549888263195509,6.05044201809139,6.594596204313611,4.104305857195566,3.4241387578734694,0.98645,0.98595,0.82505,across paths,ff49,ew
rolling120,1933-06,1943-05,120,20000,0.013488115132832768,1.2203151526976947,3.700267385055902,4.17789221768081,2.5119343671138097,3.441460368744827,0.95965,0.958,0.7363,across paths,ff49,ew
rolling120,1933-07,1943-06,120,20000,0.013589443678637014,0.9991080118658084,2.951039664112053,3.467182532168659,1.9802764613999835,3.4414906211860967,0.9377,0.9354,0.70775,across paths,ff49,ew
rolling120,1933-08,1943-07,120,20000,0.013690782355269437,1.1068271534655705,3.162865443050272,3.6340450920774634,2.139266302575918,3.5039759295866086,0.9478,0.9455,0.71175,across paths,ff49,ew
rolling120,1933-09,1943-08,120,20000,0.013690782355269437,0.9049236678920876,2.74582633689468,3.2410723280859504,1.837181719996867,3.3650192705699484,0.93255,0.92955,0.7115,across paths,ff49,ew
rolling120,1933-10,1943-09,120,20000,0.013792131163743448,1.1832978773882346,3.4866524294172856,3.8385705207381013,2.4158904137640604,3.2232632780413817,0.9605,0.95895,0.73445,across paths,ff49,ew
rolling120,1933-11,1943-10,120,20000,0.013994869316160896,1.355531850694475,4.073421930226483,4.305672944520992,2.8566306235298176,3.074122511941544,0.97495,0.97335,0.76015,across paths,ff49,ew
rolling120,1933-12,1943-11,120,20000,0.014096248527250221,1.0152336316969732,3.398711858709067,3.7299545184137783,2.340842380930911,3.0281805585632062,0.9598,0.9576,0.76725,across paths,ff49,ew
rolling120,1934-01,1943-12,120,20000,0.01419763787423367,1.105467973414748,3.773241128470983,4.038342458271962,2.632142024148291,3.0467078512514556,0.9706,0.96945,0.7836,across paths,ff49,ew
rolling120,1934-02,1944-01,120,20000,0.013994899715737974,0.9021169609801947,2.7947755717183878,3.2027810327589172,1.8875220206334797,3.130419502667993,0.94175,0.9396,0.72925,across paths,ff49,ew
rolling120,1934-03,1944-02,120,20000,0.014096278929866868,0.9584918765502157,2.789423652962007,3.19538313861931,1.8863023285538105,3.152343330919308,0.94245,0.9402,0.71465,across paths,ff49,ew
rolling120,1934-04,1944-03,120,20000,0.014096278929866868,1.0048571322431936,2.8976371818876534,3.2800951132541907,1.963861118186347,3.129599128815105,0.9478,0.9457,0.71855,across paths,ff49,ew
rolling120,1934-05,1944-04,120,20000,0.014299077905755242,1.0073065606271192,2.7433065322687273,3.1301093852069632,1.856105510555096,3.12509104282762,0.9429,0.9403,0.69935,across paths,ff49,ew
rolling120,1934-06,1944-05,120,20000,0.014501917437383272,1.2748031545823881,3.4540249945772383,3.7179474662459193,2.4036233885174587,3.1515612888908033,0.96755,0.96595,0.7252,across paths,ff49,ew
rolling120,1934-07,1944-06,120,20000,0.014704797532861136,1.3372539421205727,3.955191260771653,4.148061803202204,2.754771991348413,3.1212734839124328,0.97845,0.9774,0.7615,across paths,ff49,ew
rolling120,1934-08,1944-07,120,20000,0.014907718200301012,1.5857528175206155,4.898176491653223,4.911637181452778,3.512956252988255,3.1760269206800142,0.9895,0.98875,0.79725,across paths,ff49,ew
rolling120,1934-09,1944-08,120,20000,0.015110679447816189,1.4877983590483885,4.601446024513394,4.65387716500692,3.2870940873445074,3.2038338571734895,0.98665,0.986,0.79285,across paths,ff49,ew
rolling120,1934-10,1944-09,120,20000,0.015212180365669292,1.4945308994607678,4.716162777316056,4.749597732642137,3.389946434985094,3.2802543653308276,0.9877,0.98685,0.8023,across paths,ff49,ew
rolling120,1934-11,1944-10,120,20000,0.015415202499529101,1.5412003133398509,4.808669057154056,4.815890967080325,3.4552035654570203,3.2507194649036637,0.98895,0.9885,0.8011,across paths,ff49,ew
rolling120,1934-12,1944-11,120,20000,0.015618265233755535,1.3863920978327156,4.189011308372457,4.192381936591683,2.9993510624228055,3.1496031578023658,0.9843,0.9833,0.7854,across paths,ff49,ew
rolling120,1935-01,1944-12,120,20000,0.015719816905111816,1.4741253531978917,4.481973913281125,4.432283146628725,3.2367070116578827,3.071124516966259,0.98785,0.987,0.79325,across paths,ff49,ew
rolling120,1935-02,1945-01,120,20000,0.01592294055612764,1.614808400210387,4.958583915037395,4.8078059773232145,3.6109714665749664,3.0534614237504023,0.99155,0.99105,0.80585,across paths,ff49,ew
rolling120,1935-03,1945-02,120,20000,0.01592294055612764,1.833197965759266,5.7565532980869705,5.428302974576444,4.243872445818828,3.091050924884481,0.9961,0.99575,0.82625,across paths,ff49,ew
rolling120,1935-04,1945-03,120,20000,0.016024522691969745,1.8276080632307696,5.78685175959592,5.437164276321576,4.278214210188386,3.086322834334833,0.99635,0.9962,0.8292,across paths,ff49,ew
rolling120,1935-05,1945-04,120,20000,0.016227707278049452,1.7954614234727595,5.705937200810041,5.363533680587491,4.204202397598419,3.082015379501272,0.99645,0.9963,0.8324,across paths,ff49,ew
rolling120,1935-06,1945-05,120,20000,0.016430932496983353,1.7495323191922556,5.54218552977141,5.174500952214467,4.117421217379823,3.180945231875085,0.99605,0.99565,0.83415,across paths,ff49,ew
rolling120,1935-07,1945-06,120,20000,0.016532565426939927,1.6060084969803134,5.550522107007445,5.18951293918755,4.132631368764579,3.268434389893783,0.9958,0.99555,0.8558,across paths,ff49,ew
rolling120,1935-08,1945-07,120,20000,0.016735851611406893,1.3712133102230908,4.759636991356291,4.491853241929741,3.5286495684174497,3.11520965663346,0.99305,0.9926,0.84635,across paths,ff49,ew
rolling120,1935-09,1945-08,120,20000,0.016939178449045356,1.454134173107378,4.701370102479512,4.41942431088585,3.495356197226668,3.063475194438103,0.99235,0.9916,0.83085,across paths,ff49,ew
rolling120,1935-10,1945-09,120,20000,0.017142545947985477,1.5060241775470447,4.899056162328713,4.556519269350016,3.658830020304197,3.0353963120801506,0.99365,0.99345,0.8384,across paths,ff49,ew
rolling120,1935-11,1945-10,120,20000,0.017345954116358087,1.4329786297710094,4.812491093058176,4.452954286816287,3.625410262801478,3.0250427188184323,0.9944,0.99385,0.8474,across paths,ff49,ew
rolling120,1935-12,1945-11,120,20000,0.017345954116358087,1.4452722580842772,4.647295590132885,4.280515162509851,3.5016941140221607,3.010013822026338,0.99425,0.9936,0.8372,across paths,ff49,ew
rolling120,1936-01,1945-12,120,20000,0.0175494029622969,1.3671619927629157,4.4577424211019645,4.099542532257593,3.3642246931743296,2.9358614027499543,0.9936,0.993,0.8384,across paths,ff49,ew
rolling120,1936-02,1946-01,120,20000,0.01775289249393608,1.353211459035688,4.232842087985711,3.911769832423446,3.1933559317090165,2.937974692867747,0.99225,0.9915,0.8263,across paths,ff49,ew
rolling120,1936-03,1946-02,120,20000,0.017956422719412446,1.162429144649478,3.7424545599230905,3.5421121408451564,2.7971328637178967,2.941959251480629,0.9871,0.9864,0.8189,across paths,ff49,ew
rolling120,1936-04,1946-03,120,20000,0.018058198006627002,1.2680022847081225,3.998549234620652,3.7442083996475493,2.9986996474298193,2.9894318058819462,0.99025,0.9892,0.8225,across paths,ff49,ew
rolling120,1936-05,1946-04,120,20000,0.018159983469335117,1.5735951045240406,5.091677996350466,4.554052598706688,3.876474236157045,2.9720536563198383,0.99625,0.99595,0.8534,across paths,ff49,ew
rolling120,1936-06,1946-05,120,20000,0.0182617791085542,1.5432628363973437,5.052267167987773,4.523413594445023,3.8481595070047696,2.9689015462388153,0.99635,0.99595,0.85475,across paths,ff49,ew
rolling120,1936-07,1946-06,120,20000,0.0182617791085542,1.387086684479553,4.747518434762338,4.286578133106445,3.6099766913465756,2.944811655631603,0.99485,0.9946,0.8614,across paths,ff49,ew
rolling120,1936-08,1946-07,120,20000,0.01846541110117661,1.1778893792036715,4.114805156359871,3.7955959410794686,3.1096468677562648,2.89954267214198,0.99125,0.9907,0.85225,across paths,ff49,ew
rolling120,1936-09,1946-08,120,20000,0.018567237277051563,1.0174745986742648,3.6770986651856203,3.464512286919534,2.7745450721079226,2.9113943343896165,0.9876,0.9866,0.8477,across paths,ff49,ew
rolling120,1936-10,1946-09,120,20000,0.018770930355199056,0.7951088600800424,2.9197995086792727,2.88887312484005,2.162378953892201,2.8885224554532787,0.97405,0.97165,0.8236,across paths,ff49,ew
rolling120,1936-11,1946-10,120,20000,0.01887278707689033,0.6521637650792698,2.612305234291351,2.661527267440638,1.906333615021087,2.9148144239130724,0.96385,0.9612,0.8253,across paths,ff49,ew
rolling120,1936-12,1946-11,120,20000,0.01907654125888758,0.600008697061855,2.2509429249698396,2.3798529457634556,1.6253025126842995,2.8734479665370505,0.9489,0.94495,0.7918,across paths,ff49,ew
rolling120,1937-01,1946-12,120,20000,0.019382264221265322,0.6766558202743989,2.3325264021566956,2.426577701881965,1.702113816912038,2.882723023392908,0.95285,0.9496,0.7825,across paths,ff49,ew
rolling120,1937-02,1947-01,120,20000,0.019586120288502817,0.6429150684732112,2.188520816784727,2.321220921333089,1.5798038772140115,2.910775938532316,0.9456,0.9415,0.77095,across paths,ff49,ew
rolling120,1937-03,1947-02,120,20000,0.019688058512886686,0.6078142124108759,2.1174313546229224,2.26813002730748,1.5228331621244249,2.975890406356407,0.9422,0.9391,0.7708,across paths,ff49,ew
rolling120,1937-04,1947-03,120,20000,0.019891975732867273,0.5852483989033546,2.057284571789973,2.21404446315189,1.4812805724911748,2.957058656378172,0.9392,0.93595,0.77235,across paths,ff49,ew
rolling120,1937-05,1947-04,120,20000,0.019891975732867273,0.6290407362422192,2.108444037059912,2.245945901292842,1.5230315961345586,2.9306018467090498,0.94315,0.9382,0.7676,across paths,ff49,ew
rolling120,1937-06,1947-05,120,20000,0.019586191610620807,0.62641404554587,2.0256824039749057,2.1827240134777397,1.4577345215702158,2.9433085164212125,0.93665,0.93265,0.75425,across paths,ff49,ew
rolling120,1937-07,1947-06,120,20000,0.019586191610620807,0.7882065909952658,2.473423446004554,2.5051936264263386,1.8166997082009029,2.9413467871727867,0.9638,0.9611,0.77755,across paths,ff49,ew
rolling120,1937-08,1947-07,120,20000,0.019586191610620807,0.7097448000556901,2.3639377439293634,2.421715999792717,1.734692622993748,2.9237941711529785,0.95835,0.95535,0.78495,across paths,ff49,ew
rolling120,1937-09,1947-08,120,20000,0.019688129842135638,0.7663529156766213,2.4475670032911347,2.4809810271368984,1.8009492171643153,2.946653319892574,0.9621,0.95935,0.7815,across paths,ff49,ew
rolling120,1937-10,1947-09,120,20000,0.01989198592567054,1.0341060190712494,3.2507568738358503,3.0492231325850523,2.4617518639727587,2.9528881804451914,0.9857,0.9839,0.8156,across paths,ff49,ew
rolling120,1937-11,1947-10,120,20000,0.020299861144996934,1.3062798864909344,3.8310174910148387,3.457262440843995,2.931095685284497,2.9553932169403265,0.9925,0.99185,0.81755,across paths,ff49,ew
rolling120,1937-12,1947-11,120,20000,0.02070789948178775,1.466756118095386,4.202736159814203,3.7075679214316066,3.233181820488474,2.9372383762111793,0.99545,0.99475,0.82155,across paths,ff49,ew
rolling120,1938-01,1947-12,120,20000,0.021524465801373127,1.6569625766842888,4.879836414678574,4.219377666877523,3.8073821771224505,3.419470772424315,0.9974,0.997,0.84375,across paths,ff49,ew
rolling120,1938-02,1948-01,120,20000,0.02223953292743408,1.542201255199319,4.533038639613,3.9660142940354652,3.514843792488634,3.3837468596738463,0.9968,0.99615,0.83755,across paths,ff49,ew
rolling120,1938-03,1948-02,120,20000,0.022955100600483336,1.2981883619274712,3.9348528574856974,3.5199503255897606,3.0193758208939876,3.3724135591562945,0.99345,0.9928,0.83265,across paths,ff49,ew
rolling120,1938-04,1948-03,120,20000,0.023978158006824346,2.2684540057906464,6.438328697987148,5.278272560279924,5.069403789169851,3.3902404271266047,0.9993,0.99915,0.8587,across paths,ff49,ew
rolling120,1938-05,1948-04,120,20000,0.024694871046125222,1.9612781380091162,5.361644666131248,4.52221021705916,4.187170836738016,3.5544166144948397,0.9985,0.9984,0.835,across paths,ff49,ew
rolling120,1938-06,1948-05,120,20000,0.025514626942962026,2.30810559623652,6.410256943479548,5.254422272538004,5.022805890240354,3.52347661889052,0.99935,0.9992,0.85415,across paths,ff49,ew
rolling120,1938-07,1948-06,120,20000,0.026437590107210696,1.6696617766706536,4.590514360718892,3.942792414012719,3.5595708877803873,3.3121956588850687,0.99705,0.9965,0.826,across paths,ff49,ew
rolling120,1938-08,1948-07,120,20000,0.0273614763269292,1.363192962949237,3.7615068757622567,3.360960565200034,2.8970708828630203,3.3885468429838506,0.99285,0.9912,0.8089,across paths,ff49,ew
rolling120,1938-09,1948-08,120,20000,0.028286101655623508,1.4362839084740742,4.0684469164989014,3.5692743523855097,3.1466216812429146,3.321762279165541,0.99525,0.99445,0.8248,across paths,ff49,ew
rolling120,1938-10,1948-09,120,20000,0.02849171775273529,1.34448540721278,3.935357534803825,3.479313256800101,3.033422159694248,3.4418198859084157,0.99435,0.99325,0.83075,across paths,ff49,ew
rolling120,1938-11,1948-10,120,20000,0.028800234416394677,1.305124322090295,3.493188242878745,3.1019511632732555,2.7010661113316283,3.2243997332126417,0.991,0.98975,0.79845,across paths,ff49,ew
rolling120,1938-12,1948-11,120,20000,0.02982965230154222,1.1290710388349265,3.1801594338482384,2.875497386364799,2.4424627763637416,3.173486701574617,0.9874,0.98545,0.803,across paths,ff49,ew
rolling120,1939-01,1948-12,120,20000,0.03024158416246281,1.1114923032992312,3.127004243603784,2.8359757071695935,2.4064275771954877,3.229869838204569,0.9868,0.98465,0.80175,across paths,ff49,ew
rolling120,1939-02,1949-01,120,20000,0.031374963242949416,1.2532016888961053,3.540834058663893,3.1073245963856597,2.7402186850892614,3.1518289528886205,0.9917,0.9905,0.818,across paths,ff49,ew
rolling120,1939-03,1949-02,120,20000,0.03219998071179697,1.1147708277931376,3.210969377484946,2.8793642996450948,2.4771216031976344,3.1110162830656227,0.9879,0.98655,0.8132,across paths,ff49,ew
rolling120,1939-04,1949-03,120,20000,0.033335514243933106,1.5040175274517424,4.284434688691301,3.6028164682208756,3.368085453273497,3.247108164262324,0.99695,0.99635,0.84305,across paths,ff49,ew
rolling120,1939-05,1949-04,120,20000,0.034265516206752666,1.4638810012653791,4.174795229699304,3.5364169406365598,3.2900564527513323,3.2548163440766817,0.9964,0.99585,0.8397,across paths,ff49,ew
rolling120,1939-06,1949-05,120,20000,0.03519626209674964,1.2401434454492941,3.5438256645192925,3.1023672793349086,2.760034544473,3.2603928874035852,0.9931,0.9918,0.8263,across paths,ff49,ew
rolling120,1939-07,1949-06,120,20000,0.03612784557428905,1.370747499303119,3.9172640595324277,3.348161404022377,3.068428243096935,3.240593177129344,0.99585,0.9948,0.83965,across paths,ff49,ew
rolling120,1939-08,1949-07,120,20000,0.03706036063530593,1.2720201265776492,3.6356166145060413,3.15393858427503,2.8433239757461424,3.2390231334842055,0.9941,0.9927,0.83275,across paths,ff49,ew
rolling120,1939-09,1949-08,120,20000,0.03809752471234895,1.5001717564783306,4.305734382539032,3.6031404274300254,3.3940767045443274,3.2353985989069867,0.99755,0.99665,0.85065,across paths,ff49,ew
rolling120,1939-10,1949-09,120,20000,0.03892791969262066,1.206738424580275,3.165617643520121,2.541116523424692,2.549924527770414,2.8234463762530666,0.99405,0.99295,0.82375,across paths,ff49,ew
rolling120,1939-11,1949-10,120,20000,0.03986295482034419,1.2901538913182042,3.3224470661465917,2.617175864567511,2.6990793523030847,2.751986672551986,0.99525,0.99455,0.82825,across paths,ff49,ew
rolling120,1939-12,1949-11,120,20000,0.04069484518420041,1.4218347689300654,3.6788341626766874,2.8105725025292307,3.007218737076425,2.71427079716735,0.99745,0.99675,0.84165,across paths,ff49,ew
rolling120,1940-01,1949-12,120,20000,0.041631470544866156,1.475951352710685,3.949042350293122,2.9604343492813614,3.244254873366767,2.6349774406987185,0.99815,0.99765,0.8594,across paths,ff49,ew
rolling120,1940-02,1950-01,120,20000,0.042568938868356554,1.5825093574384734,4.183080491965598,3.087573744600179,3.4421661065880937,2.5396811650648035,0.99865,0.9983,0.86185,across paths,ff49,ew
rolling120,1940-03,1950-02,120,20000,0.04350725091333807,1.5858189613074303,4.138608663472628,3.065102020605686,3.4076411425411384,2.543675080063626,0.99855,0.99825,0.85655,across paths,ff49,ew
rolling120,1940-04,1950-03,120,20000,0.04455075816425147,1.5683352270271547,3.963090936334714,2.944603975907582,3.2632871256759386,2.512086556502354,0.9983,0.99775,0.84455,across paths,ff49,ew
rolling120,1940-05,1950-04,120,20000,0.04549085384659923,1.665973993889791,4.163089229079985,3.0608117837266375,3.4262423937258406,2.5454572197824206,0.999,0.9986,0.8468,across paths,ff49,ew
rolling120,1940-06,1950-05,120,20000,0.046745693839213676,2.5699025960755573,6.244960434884326,4.281676042310148,5.211143322269491,2.5399413178447277,0.9998,0.99975,0.86975,across paths,ff49,ew
rolling120,1940-07,1950-06,120,20000,0.0477924395330529,2.14997310333258,5.358538946494065,3.7336371925929837,4.458971920238984,2.5221350955735184,0.9997,0.99965,0.87005,across paths,ff49,ew
rolling120,1940-08,1950-07,120,20000,0.04873535843674226,2.09776866442292,5.31614337592951,3.752757093562119,4.412730030398176,2.595577293203164,0.99965,0.99965,0.87145,across paths,ff49,ew
rolling120,1940-09,1950-08,120,20000,0.04988908270344927,2.181426604871132,5.547591508744457,3.86419765514357,4.610905744043803,2.531834028581209,0.99975,0.99975,0.87625,across paths,ff49,ew
rolling120,1940-10,1950-09,120,20000,0.05093897178615259,2.2600378883004115,5.593588513637486,3.840071198060965,4.673230353182188,2.527281995651937,0.9998,0.9997,0.8733,across paths,ff49,ew
rolling120,1940-11,1950-10,120,20000,0.052200098552296126,2.1619488127522093,5.299255637297527,3.6713648961442087,4.423407198876886,2.5414810278887896,0.99975,0.9996,0.86595,across paths,ff49,ew
rolling120,1940-12,1950-11,120,20000,0.053357518660703596,2.3066236440423467,5.451110038160005,3.7356859629519064,4.569654879695417,2.571221456309038,0.9998,0.99975,0.8601,across paths,ff49,ew
rolling120,1941-01,1950-12,120,20000,0.05451621193123035,2.470493462135219,6.022639140533779,4.063067712492536,5.043956093954388,2.551262539850051,0.9998,0.9998,0.8781,across paths,ff49,ew
rolling120,1941-02,1951-01,120,20000,0.05599268227496834,2.833444557956061,6.500082001778549,4.304813266748088,5.484149644137958,2.5084958153149297,0.99985,0.9998,0.8632,across paths,ff49,ew
rolling120,1941-03,1951-02,120,20000,0.057154390396283006,2.947794466645091,6.806720137031727,4.465601226230747,5.753324092017946,2.471091408365315,1.0,0.9998,0.86995,across paths,ff49,ew
rolling120,1941-04,1951-03,120,20000,0.0582114390818107,2.8342733565482066,6.410952059230849,4.22080521664033,5.4193457392965385,2.4824144566167976,0.99985,0.9998,0.8593,across paths,ff49,ew
rolling120,1941-05,1951-04,120,20000,0.05969308326094325,3.258546066899358,7.240574232348904,4.681985699364332,6.140306077267227,2.505651653694712,1.0,0.9999,0.8625,across paths,ff49,ew
rolling120,1941-06,1951-05,120,20000,0.060964714960856314,3.106890238730208,6.965226084640565,4.514844977768061,5.9031764693619095,2.494394420267786,1.0,0.99985,0.8636,across paths,ff49,ew
rolling120,1941-07,1951-06,120,20000,0.06223787261880931,2.783244159253595,6.1731692471545205,4.050841182233574,5.22334532649316,2.4679475548471292,0.9999,0.99985,0.85455,across paths,ff49,ew
rolling120,1941-08,1951-07,120,20000,0.06329979191563906,2.825399287751416,5.68025044362113,3.676024642169904,4.831566486011628,2.3324447685829024,0.99985,0.99985,0.81665,across paths,ff49,ew
rolling120,1941-09,1951-08,120,20000,0.0645756240827211,3.0008833496294356,6.002147618096246,3.8535580658195627,5.103627736743261,2.3689114617142746,0.9999,0.99985,0.8185,across paths,ff49,ew
rolling120,1941-10,1951-09,120,20000,0.06574654017760273,3.0690916908064123,6.333701240920741,4.023975742523921,5.403670447044092,2.3445368558190274,0.99995,0.9999,0.8362,across paths,ff49,ew
rolling120,1941-11,1951-10,120,20000,0.0674517346418868,3.1932174559154527,6.648348778207131,4.1827470674151765,5.688901849797386,2.3380614198535543,0.99995,0.99995,0.84315,across paths,ff49,ew
rolling120,1941-12,1951-11,120,20000,0.06862593154999286,3.3061199962889027,6.967142180069548,4.3400562934452935,5.975255721807977,2.3444014286440114,1.0,1.0,0.8526,across paths,ff49,ew
rolling120,1942-01,1951-12,120,20000,0.0698013025375992,3.682730091622906,7.798194740240608,4.720535080048493,6.695794978469354,2.451220456862725,1.0,1.0,0.8691,across paths,ff49,ew
rolling120,1942-02,1952-01,120,20000,0.07119176613817779,3.7194264190942086,6.883710063534748,4.019838374177094,5.9855801768497585,2.4071978587973715,1.0,1.0,0.8175,across paths,ff49,ew
rolling120,1942-03,1952-02,120,20000,0.07236995926161738,3.7160398496494462,6.922171086437955,4.02785160486448,6.003468894411361,2.4000337521574027,1.0,1.0,0.821,across paths,ff49,ew
rolling120,1942-04,1952-03,120,20000,0.07344222199460582,4.2784708947741095,7.452534212525829,4.281128621876257,6.482592353485724,2.3702200059757637,1.0,1.0,0.79075,across paths,ff49,ew
rolling120,1942-05,1952-04,120,20000,0.07462289037196213,4.251427286049315,7.439446389830782,4.245222506999998,6.499078921919061,2.356351137892659,1.0,1.0,0.7952,across paths,ff49,ew
rolling120,1942-06,1952-05,120,20000,0.075697190972154,4.119633752877401,7.266365703698028,4.142634895560688,6.329993617759762,2.374592470726302,1.0,1.0,0.80045,across paths,ff49,ew
rolling120,1942-07,1952-06,120,20000,0.07709531769507327,4.183940739646747,7.2704052142043265,4.132272272173735,6.347786362583519,2.342525081325445,1.0,1.0,0.7916,across paths,ff49,ew
rolling120,1942-08,1952-07,120,20000,0.07838744443828438,4.059774494385746,6.922479666320348,3.926648090461514,6.054781204858009,2.2617163811621688,1.0,1.0,0.7814,across paths,ff49,ew
rolling120,1942-09,1952-08,120,20000,0.07968112126856108,3.938037800766528,6.847729062938826,3.8795615463132354,5.980498350165296,2.2772620019289382,1.0,1.0,0.79125,across paths,ff49,ew
rolling120,1942-10,1952-09,120,20000,0.08108428577685789,3.7201195227590027,6.370290418763096,3.625527003057893,5.572337419960684,2.3298470061730137,1.0,1.0,0.78345,across paths,ff49,ew
rolling120,1942-11,1952-10,120,20000,0.08227312184039337,3.39454833995382,5.674420249784748,3.2610309184261053,4.955119514984549,2.3884371407543172,1.0,1.0,0.76705,across paths,ff49,ew
rolling120,1942-12,1952-11,120,20000,0.08303048581648875,3.653412509340077,6.020851726460977,3.41269355078455,5.273744329160302,2.3949626828118964,1.0,1.0,0.76475,across paths,ff49,ew
rolling120,1943-01,1952-12,120,20000,0.08443800319283734,3.561379629056465,5.907029635276941,3.354365245187147,5.169692631182721,2.4760711026282474,1.0,1.0,0.7676,across paths,ff49,ew
rolling120,1943-02,1953-01,120,20000,0.0858473497930079,3.2489447048564424,4.995917118366061,2.659989545583399,4.454268749703134,1.7610151693300606,1.0,1.0,0.7316,across paths,ff49,ew
rolling120,1943-03,1953-02,120,20000,0.0870414236556214,2.996064673453366,4.376196789898687,2.26872211211092,3.9306926341843544,1.5509392502602273,1.0,0.99995,0.70385,across paths,ff49,ew
rolling120,1943-04,1953-03,120,20000,0.08867149676917085,2.7202661310275817,3.8346324346085807,2.0178847113480205,3.439615225145687,1.5547459392911018,0.99995,0.99995,0.6784,across paths,ff49,ew
rolling120,1943-05,1953-04,120,20000,0.09008634526042325,2.5907725360265226,3.544824921967336,1.8761425971291992,3.1863119864640432,1.5416427514529063,0.99995,0.99985,0.6578,across paths,ff49,ew
rolling120,1943-06,1953-05,120,20000,0.0917211478178026,2.4179727609638864,3.1801343925462526,1.7044793288622648,2.8534575785216285,1.543232416225941,0.99995,0.99985,0.6269,across paths,ff49,ew
rolling120,1943-07,1953-06,120,20000,0.0933582384123508,2.298503119048997,3.0062210601494894,1.6248187682217439,2.695843467980679,1.5202946699120827,0.99995,0.9997,0.61985,across paths,ff49,ew
rolling120,1943-08,1953-07,120,20000,0.0946698748075272,2.551301783291073,3.3138286482925206,1.7296867468115877,2.9877818022991915,1.5151205883409955,0.99995,0.99995,0.6222,across paths,ff49,ew
rolling120,1943-09,1953-08,120,20000,0.09620195300879719,2.3508335488054817,3.0989972131653385,1.6402840798319411,2.787908322395709,1.511854643833044,0.99995,0.9999,0.6302,across paths,ff49,ew
rolling120,1943-10,1953-09,120,20000,0.0976265881571643,2.2834439450708404,2.9374561286658194,1.5740568948402107,2.6358195185023314,1.5119182049923279,0.9999,0.99975,0.61,across paths,ff49,ew
rolling120,1943-11,1953-10,120,20000,0.09872388555610168,2.477701095947301,3.049930068746639,1.6086489147705716,2.745370616718496,1.5134479946228698,1.0,0.99985,0.58115,across paths,ff49,ew
rolling120,1943-12,1953-11,120,20000,0.09927308273972457,2.803666278372967,3.515628844400927,1.7868936803423752,3.178884768160104,1.5088339519770226,1.0,0.99995,0.6039,across paths,ff49,ew
rolling120,1944-01,1953-12,120,20000,0.10037202613944429,2.580236633261774,3.0638648954029053,1.6039187404493946,2.7648137792058165,1.514509852129949,0.99995,0.99985,0.5538,across paths,ff49,ew
rolling120,1944-02,1954-01,120,20000,0.10125205975027263,2.7023101433081367,3.135374973736887,1.618721466856979,2.8318362434428703,1.4481793989364267,0.99995,0.99985,0.53955,across paths,ff49,ew
rolling120,1944-03,1954-02,120,20000,0.10169242846355875,2.7517234460176283,3.1943309782868266,1.634928808688114,2.8925662638599565,1.4439136510764654,0.99995,0.99985,0.5401,across paths,ff49,ew
rolling120,1944-04,1954-03,120,20000,0.10235331174398077,2.7978511933047305,3.1316333865846846,1.6109829864051028,2.8380236981931968,1.429164784356823,0.9999,0.9998,0.51055,across paths,ff49,ew
rolling120,1944-05,1954-04,120,20000,0.10301452536694033,3.0303411687337967,3.3271143967742987,1.6943803741315384,3.0208545148500017,1.45425514939457,0.99995,0.99985,0.4975,across paths,ff49,ew
rolling120,1944-06,1954-05,120,20000,0.10323506211099054,2.95518686666246,3.214805943330996,1.6484519157632205,2.9132702179040963,1.4603811960546245,0.99995,0.9998,0.48745,across paths,ff49,ew
rolling120,1944-07,1954-06,120,20000,0.1035659333682466,2.7902937245995956,2.877874437668632,1.4976705886331103,2.6071418776946746,1.4440384008412996,0.99985,0.9998,0.44465,across paths,ff49,ew
rolling120,1944-08,1954-07,120,20000,0.10378658036082244,3.04069774476545,3.217709758123565,1.634131930564714,2.9117541088737484,1.4649429831978238,0.99995,0.99985,0.46255,across paths,ff49,ew
rolling120,1944-09,1954-08,120,20000,0.1040072714695619,2.885974698922969,3.0477458029747955,1.5645225760802945,2.756311064542352,1.47910831529618,0.99995,0.9998,0.46265,across paths,ff49,ew
rolling120,1944-10,1954-09,120,20000,0.10477992202947872,3.1365198489434922,3.2209113115307826,1.629137461684417,2.9157755401254994,1.4651225810219324,0.99995,0.9999,0.4393,across paths,ff49,ew
rolling120,1944-11,1954-10,120,20000,0.10522170146446008,3.0626165598965924,3.161977034114096,1.6088821044407609,2.8586501038817795,1.4837696661415816,1.0,0.99995,0.44285,across paths,ff49,ew
rolling120,1944-12,1954-11,120,20000,0.10555316853477814,3.371285972202476,3.4053356268912998,1.700341881562771,3.0905498525662667,1.445011483412721,1.0,1.0,0.4267,across paths,ff49,ew
rolling120,1945-01,1954-12,120,20000,0.10621636779604682,3.434717087117197,3.4706804246766283,1.6950739108369,3.163043878785262,1.4039067482922596,1.0,1.0,0.43135,across paths,ff49,ew
rolling120,1945-02,1955-01,120,20000,0.10676931009725443,3.3756107049290414,3.3357033643507457,1.6227127909648849,3.053881902430398,1.322071439277627,1.0,1.0,0.4153,across paths,ff49,ew
rolling120,1945-03,1955-02,120,20000,0.10754389369760253,3.2462985391551378,3.209994216651671,1.5735127353785725,2.9449217215916867,1.3260220546471984,0.99995,0.9999,0.41525,across paths,ff49,ew
rolling120,1945-04,1955-03,120,20000,0.1084297516409718,3.4159560814541257,3.4664087373276553,1.6722465700700655,3.1838376555212666,1.3378442614701667,1.0,0.9999,0.44015,across paths,ff49,ew
rolling120,1945-05,1955-04,120,20000,0.10920541976668274,3.2267534746070687,3.2134221154163267,1.5755082152243993,2.9409505662785875,1.32152476309284,1.0,0.99985,0.422,across paths,ff49,ew
rolling120,1945-06,1955-05,120,20000,0.1104251798004161,3.198096110968679,3.1387075788446155,1.54333847865513,2.875776683259867,1.3142976360901875,1.0,0.9999,0.40965,across paths,ff49,ew
rolling120,1945-07,1955-06,120,20000,0.11131334231175405,3.458987652970917,3.1489876472009377,1.5402231108841005,2.8834847941313537,1.301073459693442,1.0,0.99995,0.3489,across paths,ff49,ew
rolling120,1945-08,1955-07,120,20000,0.11209102834556228,3.6471709659360707,3.2828546805554177,1.5892135055649035,3.019614275434928,1.3004500370055705,1.0,0.9999,0.3377,across paths,ff49,ew
rolling120,1945-09,1955-08,120,20000,0.11353631309698597,3.3904284382180023,3.034956667694386,1.4916743261774215,2.781815704088947,1.2902608244656255,1.0,0.99985,0.33375,across paths,ff49,ew
rolling120,1945-10,1955-09,120,20000,0.11498347615509474,3.1805424985665507,2.7178042136356906,1.3699922475288329,2.4822420088186163,1.2778867520759607,0.99985,0.9996,0.29855,across paths,ff49,ew
rolling120,1945-11,1955-10,120,20000,0.11665544977724074,2.922678012271213,2.4181255609043326,1.250958448349498,2.198117972718583,1.2683755836987956,0.9997,0.999,0.27775,across paths,ff49,ew
rolling120,1945-12,1955-11,120,20000,0.11833009802225747,2.9892839090836345,2.273118395488005,1.1888307897064485,2.06732759678723,1.25596502478476,0.9995,0.9982,0.22295,across paths,ff49,ew
rolling120,1946-01,1955-12,120,20000,0.12000709007167609,3.007019314725679,2.268212670698135,1.1857595732538349,2.0645463022186172,1.2696825819768733,0.9994,0.9983,0.2168,across paths,ff49,ew
rolling120,1946-02,1956-01,120,20000,0.12213446533023475,2.6646486044809325,1.9183127627852712,1.0433724245948628,1.7390112008153318,1.2440312399234785,0.9986,0.99525,0.1964,across paths,ff49,ew
rolling120,1946-03,1956-02,120,20000,0.12392934201175865,3.045158885315665,2.2123215813164463,1.1484694906994983,2.012015531338627,1.2338357709294574,0.9994,0.99825,0.19485,across paths,ff49,ew
rolling120,1946-04,1956-03,120,20000,0.12527765272895763,3.0787698740710034,2.2105408920020673,1.1494712623463754,2.011930163285119,1.2409062582267112,0.9992,0.99845,0.1894,across paths,ff49,ew
rolling120,1946-05,1956-04,120,20000,0.12707755700204193,2.9305007600989224,2.004526646742908,1.066552123882827,1.8162033890606337,1.2379391364470749,0.99905,0.9971,0.16775,across paths,ff49,ew
rolling120,1946-06,1956-05,120,20000,0.129331036072325,2.59177529303644,1.7702044397615475,0.9813618007822111,1.5956156830338128,1.2390515565141766,0.998,0.99415,0.172,across paths,ff49,ew
rolling120,1946-07,1956-06,120,20000,0.13125032304755546,2.873094909809525,1.9865630010359898,1.0564808134949788,1.7997080265020406,1.2369609432636568,0.99925,0.99685,0.17155,across paths,ff49,ew
rolling120,1946-08,1956-07,120,20000,0.13339905404204733,3.1802686585636817,2.1943554463679105,1.1276408538394391,1.9950700962626124,1.2414420431846767,0.9995,0.9988,0.1655,across paths,ff49,ew
rolling120,1946-09,1956-08,120,20000,0.13498533683286906,3.3326114620872707,2.4014132651203974,1.2006230502908426,2.1870142691015504,1.243321468020259,0.9998,0.9993,0.18635,across paths,ff49,ew
rolling120,1946-10,1956-09,120,20000,0.13668730424789377,3.5828758303480726,2.760562664351435,1.3257488468673162,2.5252177803157547,1.238227295153628,0.99995,0.9998,0.22215,across paths,ff49,ew
rolling120,1946-11,1956-10,120,20000,0.1391872663286149,3.684211354337916,2.8624879536525905,1.3570984605830718,2.6242675162381763,1.2329643641135175,0.99995,0.99985,0.2238,across paths,ff49,ew
rolling120,1946-12,1956-11,120,20000,0.14112330387011118,3.709503566430131,2.8995999677526516,1.3730417138454094,2.6581987355062484,1.2334483399886065,1.0,0.9999,0.2275,across paths,ff49,ew
rolling120,1947-01,1956-12,120,20000,0.1435189441161644,3.6377397025607188,2.8092129949921953,1.335139281372881,2.5783459773590724,1.2297544883796752,1.0,0.99985,0.2222,across paths,ff49,ew
rolling120,1947-02,1957-01,120,20000,0.14626256649532943,3.4280156915247,2.766764888245958,1.3152563402813824,2.5394995472744712,1.2098986911296252,1.0,0.99975,0.254,across paths,ff49,ew
rolling120,1947-03,1957-02,120,20000,0.14866899595613137,3.3935546840204145,2.7129927804091416,1.2957026114581802,2.4814466487750115,1.2068102224268282,1.0,0.9996,0.248,across paths,ff49,ew
rolling120,1947-04,1957-03,120,20000,0.15096564495334452,3.572691992438531,2.944829596270527,1.3757673451108225,2.705510103931126,1.2065618484388256,1.0,0.9998,0.26765,across paths,ff49,ew
rolling120,1947-05,1957-04,120,20000,0.15349700996273907,4.018292976265367,3.4169636047244865,1.5374204978666128,3.147942615609404,1.2017912618064874,1.0,1.0,0.28715,across paths,ff49,ew
rolling120,1947-06,1957-05,120,20000,0.15614925741141872,4.253834132413889,3.6989875458614287,1.6337073575214291,3.424888138883753,1.1996616752011708,1.0,1.0,0.30295,across paths,ff49,ew
rolling120,1947-07,1957-06,120,20000,0.15857644269639715,3.962536388814751,3.4124406005358754,1.5304120739753582,3.155474339200973,1.1891282027453833,1.0,1.0,0.29435,across paths,ff49,ew
rolling120,1947-08,1957-07,120,20000,0.16170366092620858,3.810077513582347,3.197343882857635,1.4532114211308829,2.9486954253351145,1.1915869358219542,1.0,0.99995,0.2771,across paths,ff49,ew
rolling120,1947-09,1957-08,120,20000,0.16425864248577815,3.6554346715544677,3.0897023718855734,1.4170975624151423,2.847209565403719,1.198060404398321,1.0,0.99995,0.28485,across paths,ff49,ew
rolling120,1947-10,1957-09,120,20000,0.16658576349814247,3.409845523386652,2.88646713936081,1.3460270682984246,2.653066507081505,1.1879028648006436,1.0,0.9998,0.2895,across paths,ff49,ew
rolling120,1947-11,1957-10,120,20000,0.16926730183118832,3.127697989655876,2.535324197741889,1.2276671667786854,2.325508986311226,1.1952456046649234,0.99995,0.9995,0.2624,across paths,ff49,ew
rolling120,1947-12,1957-11,120,20000,0.17183814738788294,3.3179416412643663,2.733099983198914,1.2998008128275593,2.5132719920118722,1.1907767964875715,0.99995,0.99975,0.2731,across paths,ff49,ew
rolling120,1948-01,1957-12,120,20000,0.17371158966987776,3.0352167787312947,2.517646353080905,1.19977430871574,2.3220104658464074,1.1041044301491103,0.99995,0.99925,0.27945,across paths,ff49,ew
rolling120,1948-02,1958-01,120,20000,0.17617465985905212,3.4041532826323575,2.9567563095750113,1.3519672351544516,2.7298125549348633,1.1233683009084043,1.0,0.9998,0.3082,across paths,ff49,ew
rolling120,1948-03,1958-02,120,20000,0.1767623358158119,3.537626420051458,3.1832488171850737,1.433398871297199,2.949607284207491,1.1360891814521938,1.0,0.9999,0.3367,across paths,ff49,ew
rolling120,1948-04,1958-03,120,20000,0.1767623358158119,3.33464941567947,3.0080242623095024,1.3622776358584625,2.7884999226989162,1.129461916614645,1.0,0.99985,0.3415,across paths,ff49,ew
rolling120,1948-05,1958-04,120,20000,0.1767623358158119,3.3112482427036625,3.01902470071688,1.364992754991186,2.8028580061685897,1.1326497306071346,1.0,0.9999,0.3507,across paths,ff49,ew
rolling120,1948-06,1958-05,120,20000,0.1771150823193539,3.1117426210440984,2.818736549845905,1.2960248997828663,2.6075490392259426,1.1414741647073419,0.99995,0.99975,0.34835,across paths,ff49,ew
rolling120,1948-07,1958-06,120,20000,0.17640944834054317,3.2342970620394125,3.0447371877853526,1.3662827307443264,2.8250635240620436,1.1388287316191499,1.0,0.9999,0.3805,across paths,ff49,ew
rolling120,1948-08,1958-07,120,20000,0.17629190143323492,3.655943906322495,3.4660602848981763,1.5106697026630178,3.2266368689913256,1.1568033667862014,1.0,1.0,0.38355,across paths,ff49,ew
rolling120,1948-09,1958-08,120,20000,0.1757042843379042,3.7306580465515315,3.6311888107042667,1.5683820322520106,3.3737396705805573,1.1621012107439703,1.0,1.0,0.40615,across paths,ff49,ew
rolling120,1948-10,1958-09,120,20000,0.1774671356238966,4.110865493878702,4.067126966725142,1.7157913689232915,3.7893115724428634,1.157597715124404,1.0,1.0,0.42175,across paths,ff49,ew
rolling120,1948-11,1958-10,120,20000,0.17911493049582128,3.9522358007196354,4.002821031120734,1.7009159580528879,3.73285218447438,1.1677027817967747,1.0,1.0,0.4423,across paths,ff49,ew
rolling120,1948-12,1958-11,120,20000,0.17993998092699592,4.630369964390394,4.850582057739371,1.9945303009933135,4.5217777175056035,1.177701051954656,1.0,1.0,0.47775,across paths,ff49,ew
rolling120,1949-01,1958-12,120,20000,0.18206302367556493,4.743740434147722,4.9740608559128,2.0414107456695145,4.6294718505808685,1.1882580108765592,1.0,1.0,0.4771,across paths,ff49,ew
rolling120,1949-02,1959-01,120,20000,0.18336199403125253,4.777517039910177,5.101131558249693,2.08758320941961,4.759519750313368,1.1889734742030482,1.0,1.0,0.49635,across paths,ff49,ew
rolling120,1949-03,1959-02,120,20000,0.1845442919571505,5.01418354689703,5.555200130916333,2.2498191425029845,5.188325756209934,1.2121952623852472,1.0,1.0,0.5348,across paths,ff49,ew
rolling120,1949-04,1959-03,120,20000,0.18596432507438188,4.80341283209939,5.313754241845604,2.1667148679791057,4.95395315923932,1.2104646933074301,1.0,1.0,0.5305,across paths,ff49,ew
rolling120,1949-05,1959-04,120,20000,0.18726771278302579,5.136657063142361,5.693134098029114,2.3057962745132543,5.298744734468143,1.1893264046585992,1.0,1.0,0.53265,across paths,ff49,ew
rolling120,1949-06,1959-05,120,20000,0.18869101074040806,5.441847071533812,6.0019848195443215,2.403344949990505,5.60611571921644,1.1754486784442517,1.0,1.0,0.5293,across paths,ff49,ew
rolling120,1949-07,1959-06,120,20000,0.1903535156505345,5.428989093347117,6.1229743282218125,2.4436372664313954,5.720502572016277,1.1652238738263463,1.0,1.0,0.5534,across paths,ff49,ew
rolling120,1949-08,1959-07,120,20000,0.1922563687078238,5.295089860123944,5.933984233791246,2.3835056506590484,5.549335651497171,1.189026951173133,1.0,1.0,0.54565,across paths,ff49,ew
rolling120,1949-09,1959-08,120,20000,0.1934475530106592,5.057828487328076,5.679284736955241,2.308109345846273,5.310534429704301,1.2102848853736035,1.0,1.0,0.5472,across paths,ff49,ew
rolling120,1949-10,1959-09,120,20000,0.19607077672593887,4.606925959874309,5.102346140292131,2.1087709920214284,4.764628325267589,1.221800159598805,1.0,1.0,0.53435,across paths,ff49,ew
rolling120,1949-11,1959-10,120,20000,0.19858026681598218,4.517306393529327,5.014425227276054,2.0730501243275987,4.682833485085032,1.2030148891723158,1.0,1.0,0.53665,across paths,ff49,ew
rolling120,1949-12,1959-11,120,20000,0.20073598672032755,4.515681904454776,5.088137225077956,2.0989901905359933,4.747583214105596,1.195072910306063,1.0,1.0,0.5494,across paths,ff49,ew
rolling120,1950-01,1959-12,120,20000,0.2037351274604624,4.388312266254403,4.821135078850602,2.003116804622996,4.500950935781912,1.1919156266346722,1.0,1.0,0.524,across paths,ff49,ew
rolling120,1950-02,1960-01,120,20000,0.20662149403644903,3.941536006040363,4.40108050478484,1.8524285554040552,4.09919579000967,1.1719851870202271,1.0,1.0,0.5387,across paths,ff49,ew
rolling120,1950-03,1960-02,120,20000,0.2090325670588018,3.9356978223175636,4.361649641592081,1.8392005725885434,4.063471752541042,1.1882733955496505,1.0,1.0,0.53145,across paths,ff49,ew
rolling120,1950-04,1960-03,120,20000,0.21205212891459313,3.8071437353905875,4.321809048864545,1.8217954530140583,4.024748293469072,1.1663170453259286,1.0,1.0,0.5549,across paths,ff49,ew
rolling120,1950-05,1960-04,120,20000,0.2132630911774711,3.550682640212104,4.010947199549333,1.7061868905560158,3.738988708419801,1.1742783937435013,1.0,1.0,0.54855,across paths,ff49,ew
rolling120,1950-06,1960-05,120,20000,0.21532357794570456,3.505794657838819,3.996590339768563,1.709780970402034,3.7195764999359215,1.1921122032333806,1.0,1.0,0.55635,across paths,ff49,ew
rolling120,1950-07,1960-06,120,20000,0.21702333120157258,3.8973115507761635,4.531662442788233,1.9012927544201441,4.223789106308438,1.1875730247572627,1.0,1.0,0.5791,across paths,ff49,ew
rolling120,1950-08,1960-07,120,20000,0.21738807345867595,3.718253446377034,4.252113826540112,1.7537786274862286,3.982020489989794,1.162540499551737,1.0,1.0,0.56595,across paths,ff49,ew
rolling120,1950-09,1960-08,120,20000,0.21823939378976598,3.637787805475596,4.208929609972735,1.7512523236612871,3.9218033135507104,1.230877792334987,1.0,1.0,0.57555,across paths,ff49,ew
rolling120,1950-10,1960-09,120,20000,0.21896960721261705,3.162162597822933,3.6135708850615034,1.549704212679595,3.3642856857317436,1.2481289567239684,1.0,0.99995,0.5605,across paths,ff49,ew
rolling120,1950-11,1960-10,120,20000,0.22018711580951345,3.144669269582308,3.519080172765201,1.5152657482889202,3.271874573765743,1.1985706661478746,1.0,0.99995,0.53765,across paths,ff49,ew
rolling120,1950-12,1960-11,120,20000,0.22043088508647068,3.2240567120818424,3.6371945542399597,1.5493305731473734,3.384439107777267,1.188347081004482,1.0,0.99995,0.5477,across paths,ff49,ew
rolling120,1951-01,1960-12,120,20000,0.22104043002957652,3.192480209408256,3.5054981316794533,1.4863822316986572,3.2712106180144467,1.1478260051678284,1.0,0.99995,0.5227,across paths,ff49,ew
rolling120,1951-02,1961-01,120,20000,0.22177210311258633,3.214664740422794,3.542115616375063,1.495668564059689,3.306623925544902,1.1403063453316953,1.0,0.99995,0.5261,across paths,ff49,ew
rolling120,1951-03,1961-02,120,20000,0.2222603237332108,3.306432317529537,3.754846092280001,1.5665174382429408,3.5017679439291314,1.1187761412153456,1.0,1.0,0.555,across paths,ff49,ew
rolling120,1951-04,1961-03,120,20000,0.2233591493164293,3.5324155958562535,4.179854901086836,1.7085461484734934,3.908297215420312,1.1149875691987206,1.0,1.0,0.5945,across paths,ff49,ew
rolling120,1951-05,1961-04,120,20000,0.22384785765531534,3.3368556125318527,4.053495278070702,1.6659962789080915,3.8003216050030546,1.10127630428178,1.0,1.0,0.61935,across paths,ff49,ew
rolling120,1951-06,1961-05,120,20000,0.22458128625558804,3.550681758730744,4.375595751347648,1.7757665760042451,4.092906062205058,1.0844243440752326,1.0,1.0,0.6363,across paths,ff49,ew
rolling120,1951-07,1961-06,120,20000,0.2255597770955846,3.5334107334898954,4.359349981064346,1.7705732900814124,4.078064919058832,1.0946514258301487,1.0,1.0,0.63905,across paths,ff49,ew
rolling120,1951-08,1961-07,120,20000,0.22617176140453088,3.3611004824130957,4.119962500942595,1.6905786032906864,3.850723200297906,1.116747511223596,1.0,1.0,0.6285,across paths,ff49,ew
rolling120,1951-09,1961-08,120,20000,0.22629421938529637,3.2896823458020394,4.0112019200089915,1.6599558142632116,3.7456208448269175,1.12477534383099,1.0,1.0,0.62375,across paths,ff49,ew
rolling120,1951-10,1961-09,120,20000,0.22690663160033098,3.1705481406022207,3.727784605287762,1.564478926444773,3.475216015359179,1.1243769462286934,1.0,1.0,0.5875,across paths,ff49,ew
rolling120,1951-11,1961-10,120,20000,0.22727411561538702,3.3901181236268583,3.9436547127902974,1.6409166793720866,3.6760537014866688,1.118138192435804,1.0,1.0,0.5787,across paths,ff49,ew
rolling120,1951-12,1961-11,120,20000,0.22776448585437037,3.5605954487175433,4.159379314645688,1.7193989369813436,3.874413348849545,1.1236602784488432,1.0,1.0,0.58395,across paths,ff49,ew
rolling120,1952-01,1961-12,120,20000,0.2286228909084036,3.4093838258166143,4.053991264838798,1.6848883005269455,3.7744404311339057,1.1284293931111316,1.0,1.0,0.59795,across paths,ff49,ew
rolling120,1952-02,1962-01,120,20000,0.22972699535355323,3.18240471746011,3.915818289246365,1.6460483562344685,3.645656747287136,1.1228638309369603,1.0,1.0,0.6302,across paths,ff49,ew
rolling120,1952-03,1962-02,120,20000,0.23070959782686828,3.376765543989597,4.0700451428940125,1.6931278367057836,3.7891160994854105,1.104995024481162,1.0,1.0,0.61345,across paths,ff49,ew
rolling120,1952-04,1962-03,120,20000,0.23181601940118068,3.1661951883103256,3.9022534696313,1.638453095912886,3.639020018752421,1.1133107532564481,1.0,1.0,0.6315,across paths,ff49,ew
rolling120,1952-05,1962-04,120,20000,0.2330463590130476,3.0996411506200285,3.7409846051848072,1.585037409013668,3.477378796801283,1.1038828133678464,1.0,1.0,0.6111,across paths,ff49,ew
rolling120,1952-06,1962-05,120,20000,0.2344009490409258,2.633457239657237,3.1621199229146275,1.39272784239659,2.933868792973686,1.0989632362403943,1.0,0.9997,0.598,across paths,ff49,ew
rolling120,1952-07,1962-06,120,20000,0.2350172251013556,2.2040391275754274,2.675413718998662,1.2331801141199585,2.474627452880026,1.104357330395897,0.99995,0.99945,0.59875,across paths,ff49,ew
rolling120,1952-08,1962-07,120,20000,0.23649702607002432,2.3777788309112022,2.8884947126426828,1.306194571597899,2.674099279640328,1.0925428327133044,1.0,0.99955,0.6027,across paths,ff49,ew
rolling120,1952-09,1962-08,120,20000,0.23748474211681003,2.4790646119145756,2.9777026333401744,1.3373044225996413,2.7564741605355936,1.08806738371826,1.0,0.99965,0.5948,across paths,ff49,ew
rolling120,1952-10,1962-09,120,20000,0.23810249608152478,2.3680834435972846,2.7687891056746854,1.267991955965635,2.5636709442014602,1.0824919346032902,1.0,0.9995,0.56955,across paths,ff49,ew
rolling120,1952-11,1962-10,120,20000,0.23958614197257533,2.392798973490992,2.685483236792759,1.2446306222231485,2.4793535717807638,1.0911421113890465,0.9999,0.99935,0.53165,across paths,ff49,ew
rolling120,1952-12,1962-11,120,20000,0.24082448976675375,2.5537058077042643,2.9994828262993636,1.3603444125703308,2.7777841950286586,1.1072374408040855,1.0,0.9996,0.57375,across paths,ff49,ew
rolling120,1953-01,1962-12,120,20000,0.24169167940616743,2.489932835114751,2.8693963385430914,1.3150798243537019,2.6499627056524204,1.1145638222271135,1.0,0.9995,0.5565,across paths,ff49,ew
rolling120,1953-02,1963-01,120,20000,0.24280741673790196,2.677680173569633,3.076556277516089,1.386774505068313,2.8438866049185116,1.1191557147933753,1.0,0.9997,0.55485,across paths,ff49,ew
rolling120,1953-03,1963-02,120,20000,0.24392437966486846,2.6025578389938637,2.9504663389619954,1.3414853967220872,2.7262888918203307,1.1107037545220173,0.99995,0.9995,0.5443,across paths,ff49,ew
rolling120,1953-04,1963-03,120,20000,0.24454522433429582,2.769295628382176,3.03508545418507,1.3675949973255268,2.805291346427331,1.1031229056052119,0.99995,0.99955,0.5127,across paths,ff49,ew
rolling120,1953-05,1963-04,120,20000,0.24566352575392525,3.057036987869277,3.287000267570893,1.4518408972101264,3.0455153068714207,1.0916061133225465,1.0,0.9998,0.49725,across paths,ff49,ew
rolling120,1953-06,1963-05,120,20000,0.246534010398058,3.1102281760296604,3.403009078932341,1.500387888843315,3.1666447560733526,1.1110554658393759,1.0,0.99985,0.51495,across paths,ff49,ew
rolling120,1953-07,1963-06,120,20000,0.24715615753840448,3.1077191345141273,3.4470540025386036,1.513484580814349,3.202354397679782,1.1089372071803556,1.0,0.9998,0.528,across paths,ff49,ew
rolling120,1953-08,1963-07,120,20000,0.24865050340864503,3.00077023067061,3.341986247659079,1.4779655630949735,3.104182904873635,1.1023575741781626,1.0,0.9998,0.53085,across paths,ff49,ew
rolling120,1953-09,1963-08,120,20000,0.249647728528668,3.407500558482745,3.731140750514035,1.608436715422156,3.4734247471044166,1.1006227385595047,1.0,0.99995,0.5186,across paths,ff49,ew
rolling120,1953-10,1963-09,120,20000,0.25102014516343374,3.334166634674175,3.719958274349004,1.6065934840245188,3.4571939396462423,1.0952535544221373,1.0,0.99995,0.53505,across paths,ff49,ew
rolling120,1953-11,1963-10,120,20000,0.25301917865215984,3.255536666127618,3.6440131311311807,1.5776094384889632,3.3925279549617433,1.094203789104609,1.0,0.99995,0.53695,across paths,ff49,ew
rolling120,1953-12,1963-11,120,20000,0.25539801202490064,3.1104051688665626,3.46798771929398,1.516238921180921,3.224201514039812,1.08942343739548,1.0,0.99995,0.53385,across paths,ff49,ew
rolling120,1954-01,1963-12,120,20000,0.25740404100646463,3.191258870141321,3.4712839005307616,1.5195820487198968,3.2268722392181095,1.0829904429753185,1.0,0.99995,0.51025,across paths,ff49,ew
rolling120,1954-02,1964-01,120,20000,0.25979048359752666,3.083729423643968,3.3134700708555456,1.4692567558772427,3.082135082482657,1.0904781762811966,0.99995,0.99995,0.49935,across paths,ff49,ew
rolling120,1954-03,1964-02,120,20000,0.2621824111670632,3.086539145087402,3.3429433762500276,1.480541509462974,3.1097641452616758,1.090319271096121,0.99995,0.99995,0.50695,across paths,ff49,ew
rolling120,1954-04,1964-03,120,20000,0.26508311015355845,3.0069670506872033,3.332733771302929,1.4785895586223685,3.102371776448441,1.0981458071309362,0.99995,0.99995,0.52765,across paths,ff49,ew
rolling120,1954-05,1964-04,120,20000,0.2676110012718589,2.8545364336765844,3.2710653614635397,1.4705446732368137,3.0328733659218536,1.1533868574698278,0.99995,0.99995,0.55785,across paths,ff49,ew
rolling120,1954-06,1964-05,120,20000,0.2702716540481416,2.7992314029267895,3.126377713325533,1.4205159670454282,2.898961048797039,1.1374100307003627,0.99995,0.99985,0.53175,across paths,ff49,ew
rolling120,1954-07,1964-06,120,20000,0.27331847792353203,2.8153839588221676,3.075321848119524,1.4017904871270408,2.848328516599172,1.1373168694910565,0.99995,0.9998,0.51,across paths,ff49,ew
rolling120,1954-08,1964-07,120,20000,0.2765001832656697,2.7060616768987527,2.928625960454884,1.3473272240787693,2.708018843582684,1.1405944859600026,0.99995,0.99975,0.5006,across paths,ff49,ew
rolling120,1954-09,1964-08,120,20000,0.2794346664455909,2.749305385308831,2.9353185539362356,1.3492191838760101,2.7166660310717,1.1431607661610987,0.99995,0.99955,0.48955,across paths,ff49,ew
rolling120,1954-10,1964-09,120,20000,0.2818634064458372,2.6253730446544314,2.927652628312669,1.356552427696056,2.7020667428728085,1.1628518001621075,0.99995,0.9996,0.52665,across paths,ff49,ew
rolling120,1954-11,1964-10,120,20000,0.2846815332512542,2.717112667430747,3.0314358108571735,1.3890515599957465,2.806804816025547,1.1517901632081593,0.99995,0.99975,0.52885,across paths,ff49,ew
rolling120,1954-12,1964-11,120,20000,0.2876345289802946,2.4050612797109285,2.7146532108101975,1.2753763073246356,2.512252660304636,1.1403057514674788,0.99995,0.99905,0.5368,across paths,ff49,ew
rolling120,1955-01,1964-12,120,20000,0.29059372104329895,2.236695078327097,2.3838297469065246,1.1581273449717275,2.2000701932474405,1.1272716853561666,0.99985,0.9974,0.48515,across paths,ff49,ew
rolling120,1955-02,1965-01,120,20000,0.29317284518607156,2.3376408723869604,2.5731292310398413,1.2238238168792326,2.369885871420651,1.1354920161899094,0.9999,0.99865,0.5131,across paths,ff49,ew
rolling120,1955-03,1965-02,120,20000,0.29588606626199376,2.2609246579794626,2.5496628893749285,1.2155445991478695,2.3505736725720423,1.1566153342742047,0.9999,0.99845,0.5317,across paths,ff49,ew
rolling120,1955-04,1965-03,120,20000,0.2992520040964406,2.2305828877751517,2.600900913539086,1.2259096572608217,2.397540631634615,1.1263430166039987,0.9999,0.99875,0.56285,across paths,ff49,ew
rolling120,1955-05,1965-04,120,20000,0.30197770760153797,2.2371561113623315,2.677577104960045,1.2484771377832822,2.4757823792964855,1.1265784919477115,0.99995,0.99905,0.5859,across paths,ff49,ew
rolling120,1955-06,1965-05,120,20000,0.30418797532964126,2.1875163015818444,2.6345002599589176,1.2338310061265105,2.436490317900641,1.1275337379146513,0.99995,0.99895,0.5898,across paths,ff49,ew
rolling120,1955-07,1965-06,120,20000,0.3074451880552398,1.8345433290391195,2.224777797343063,1.0917947714048029,2.0503116838939013,1.1356564289606674,0.99985,0.99595,0.589,across paths,ff49,ew
rolling120,1955-08,1965-07,120,20000,0.3101880800581529,1.8278731613857278,2.3162193202271593,1.1236527958187512,2.1335450739654624,1.1400983025828313,0.9998,0.9967,0.6257,across paths,ff49,ew
rolling120,1955-09,1965-08,120,20000,0.31241184177550374,1.9033732617295587,2.437893917100661,1.1643949636876807,2.257507175747605,1.1298487893354856,0.99995,0.9973,0.6381,across paths,ff49,ew
rolling120,1955-10,1965-09,120,20000,0.3143773147813578,2.001713793091879,2.5859736631097787,1.2205074515213736,2.3880806454368964,1.1191195297275944,0.99995,0.9982,0.647,across paths,ff49,ew
rolling120,1955-11,1965-10,120,20000,0.316082935173867,2.16794550761035,2.8651122680315537,1.32144126909076,2.6492900810858897,1.136940276010415,0.99995,0.99935,0.66885,across paths,ff49,ew
rolling120,1955-12,1965-11,120,20000,0.3184478640780428,1.9643530764244974,2.8553928966888393,1.3266269477597448,2.6364128406695437,1.145388671999089,0.99995,0.99935,0.73195,across paths,ff49,ew
rolling120,1956-01,1965-12,120,20000,0.32042198246107034,1.954731393379154,2.9502165878397855,1.3735110086170499,2.7199524260081445,1.1644490135855678,1.0,0.9995,0.7574,across paths,ff49,ew
rolling120,1956-02,1966-01,120,20000,0.3225300199505312,2.0736016449288246,3.265450388956982,1.4934413936974031,3.022500159230708,1.14580946697634,1.0,0.99965,0.78655,across paths,ff49,ew
rolling120,1956-03,1966-02,120,20000,0.3246420551156384,1.9308153032436626,3.245969686354151,1.4868036705335512,2.9991880794221992,1.1560933516170486,1.0,0.9996,0.823,across paths,ff49,ew
rolling120,1956-04,1966-03,120,20000,0.32768416867206973,1.686008930877959,2.9988085915242984,1.3929364444666104,2.7671216433729544,1.11927870732829,1.0,0.9992,0.8457,across paths,ff49,ew
rolling120,1956-05,1966-04,120,20000,0.32967191820097286,1.739477805783463,3.2094743436378037,1.4708793804646796,2.9665917788747738,1.1289936502406335,1.0,0.9995,0.8655,across paths,ff49,ew
rolling120,1956-06,1966-05,120,20000,0.33205983544407536,1.731692740973847,2.978008978104675,1.405098425967028,2.74253736576796,1.155723097962102,0.99995,0.99895,0.82405,across paths,ff49,ew
rolling120,1956-07,1966-06,120,20000,0.3344527573041547,1.6070577774857955,2.8740215523496646,1.367206186114315,2.642989900906282,1.145847161420924,0.99995,0.9986,0.83985,across paths,ff49,ew
rolling120,1956-08,1966-07,120,20000,0.3361837377317094,1.4497310469579072,2.7045855729873236,1.307909019002492,2.48863188506319,1.1446108234827796,0.9999,0.9978,0.8512,across paths,ff49,ew
rolling120,1956-09,1966-08,120,20000,0.3393851363246574,1.3358076914023274,2.3622224274971018,1.187628011227717,2.16221272564301,1.156920230608676,0.99985,0.9951,0.8146,across paths,ff49,ew
rolling120,1956-10,1966-09,120,20000,0.3423264891894151,1.4414892262616497,2.4028929164915636,1.2020338552801786,2.2032001354684594,1.1443844339382179,0.99985,0.9957,0.7877,across paths,ff49,ew
rolling120,1956-11,1966-10,120,20000,0.34500444727258595,1.5272575289406842,2.2973635602606417,1.1802870755293138,2.1029790092547795,1.1302524829569727,0.9997,0.9928,0.72085,across paths,ff49,ew
rolling120,1956-12,1966-11,120,20000,0.34768908688790057,1.5581727627606456,2.44290122453758,1.237204762850077,2.2410328814448124,1.1403899594146727,0.99985,0.99465,0.7494,across paths,ff49,ew
rolling120,1957-01,1966-12,120,20000,0.3498402266913929,1.487167387237212,2.464491015562808,1.2918009285478345,2.2437059159954247,1.3217147277806103,0.99975,0.9948,0.77235,across paths,ff49,ew
rolling120,1957-02,1967-01,120,20000,0.3519941554464605,1.7927263175410184,3.020090594111829,1.512227848622334,2.765708162898805,1.3602519030751166,0.99995,0.99825,0.7975,across paths,ff49,ew
rolling120,1957-03,1967-02,120,20000,0.35361266401243796,1.8769319801662747,3.2947367531966747,1.6188144933571036,3.0186165113054257,1.3568383119617096,0.99995,0.9991,0.82555,across paths,ff49,ew
rolling120,1957-04,1967-03,120,20000,0.3557734744109413,1.9337061360859296,3.4559881137883393,1.6842545977396493,3.1561603709399444,1.3538699777536027,0.99995,0.9993,0.83695,across paths,ff49,ew
rolling120,1957-05,1967-04,120,20000,0.3567201491561658,1.9252848190748701,3.5466288209344983,1.7187465770875783,3.242472330711538,1.347022683175703,0.99995,0.9995,0.8503,across paths,ff49,ew
rolling120,1957-06,1967-05,120,20000,0.3576673904332546,1.7078345109851352,3.4129571678766477,1.6758011179499468,3.1116591393648454,1.3707197005774685,0.99995,0.9992,0.8792,across paths,ff49,ew
rolling120,1957-07,1967-06,120,20000,0.35807371547029576,1.7949293992668967,3.8055267259365677,1.8305881194200513,3.476790549363497,1.384476697185302,0.99995,0.99985,0.90795,across paths,ff49,ew
rolling120,1957-08,1967-07,120,20000,0.3583445178063813,1.904002515680443,4.162975505488307,1.975641697957927,3.8062249106325208,1.3953989029447553,1.0,0.99985,0.92085,across paths,ff49,ew
rolling120,1957-09,1967-08,120,20000,0.3591574920813778,2.0346566812130025,4.427566737088554,2.0798014284243416,4.049343117001863,1.3929119528978153,1.0,0.9999,0.9237,across paths,ff49,ew
rolling120,1957-10,1967-09,120,20000,0.3599708717893857,2.3292054096854646,5.069647804676277,2.339224416972992,4.650024145663295,1.3697300987054182,1.0,1.0,0.92865,across paths,ff49,ew
rolling120,1957-11,1967-10,120,20000,0.36132691014992946,2.37569009499315,5.394047540371983,2.473191458593716,4.9534788573582205,1.3718236484233501,1.0,1.0,0.94345,across paths,ff49,ew
rolling120,1957-12,1967-11,120,20000,0.3624129308201727,2.3144874087987133,5.243522363377035,2.420111168923801,4.8180887428567,1.4005381524829073,1.0,1.0,0.93975,across paths,ff49,ew
rolling120,1958-01,1967-12,120,20000,0.36363616669181886,2.5566920108118216,6.00827159939763,2.704715231067552,5.530240553721409,1.3967880835625435,1.0,1.0,0.95485,across paths,ff49,ew
rolling120,1958-02,1968-01,120,20000,0.36526796106759685,2.266543496444632,5.4997053599976145,2.5422562394490456,5.037722660408795,1.387601532216149,1.0,0.99995,0.9526,across paths,ff49,ew
rolling120,1958-03,1968-02,120,20000,0.36894976639608523,2.202266243344901,5.146851829451096,2.416283817559134,4.720176300296242,1.401147504423764,1.0,0.9999,0.94125,across paths,ff49,ew
rolling120,1958-04,1968-03,120,20000,0.3729161509725152,2.116446995143805,4.811285321858856,2.279452722617551,4.411747758500726,1.4057187990627327,1.0,0.9998,0.9321,across paths,ff49,ew
rolling120,1958-05,1968-04,120,20000,0.3777175164085702,2.3061463954491566,5.438892716065387,2.5313245872476613,4.997826749992311,1.410076319721964,1.0,0.99985,0.94525,across paths,ff49,ew
rolling120,1958-06,1968-05,120,20000,0.3823966089625499,2.315829534359971,5.801493207642228,2.689564394170019,5.331980212259732,1.401625514897014,1.0,0.99995,0.95765,across paths,ff49,ew
rolling120,1958-07,1968-06,120,20000,0.38792453701998286,2.2568943357597497,5.649165573639792,2.6487105961210538,5.185184720432675,1.429107924003183,1.0,0.99995,0.95645,across paths,ff49,ew
rolling120,1958-08,1968-07,120,20000,0.3936110470647336,2.0489344925708024,5.167522049735061,2.4622458733992367,4.738481397835454,1.4436349508451647,1.0,0.9999,0.95325,across paths,ff49,ew
rolling120,1958-09,1968-08,120,20000,0.3989046516017647,2.0438499441723614,5.145609156057631,2.460053124549638,4.721632829286413,1.456154876699065,1.0,0.9999,0.95175,across paths,ff49,ew
rolling120,1958-10,1968-09,120,20000,0.4022556558575232,2.0331086520470034,5.310164480080143,2.523158270199352,4.877378488743336,1.4454986519714492,1.0,0.9999,0.9601,across paths,ff49,ew
rolling120,1958-11,1968-10,120,20000,0.4058949697976604,1.9787719767498908,5.098502936453521,2.434712283779898,4.6688765074865355,1.4378223184258654,1.0,0.99985,0.95645,across paths,ff49,ew
rolling120,1958-12,1968-11,120,20000,0.41024845536990373,2.0576320184152053,5.196351405708225,2.4683864112689973,4.7643334893007685,1.4153288323514635,1.0,0.9999,0.95435,across paths,ff49,ew
rolling120,1959-01,1968-12,120,20000,0.4132034760806169,1.799976179323092,5.059534046960416,2.4302037493368993,4.621505550091083,1.4152234197769238,1.0,0.99985,0.9676,across paths,ff49,ew
rolling120,1959-02,1969-01,120,20000,0.41771625037805027,1.754475179183479,4.821609729625848,2.3374192055669414,4.3914058037865935,1.4327469271910889,1.0,0.9997,0.963,across paths,ff49,ew
rolling120,1959-03,1969-02,120,20000,0.42153682516198154,1.5763629815182623,4.12088550758538,2.0526890655189267,3.74185572130816,1.437148897396169,1.0,0.99935,0.9483,across paths,ff49,ew
rolling120,1959-04,1969-03,120,20000,0.4249410243042573,1.6435278672056044,4.130903232306487,2.0578521719859872,3.748559966998425,1.4365017098782935,1.0,0.9993,0.94055,across paths,ff49,ew
rolling120,1959-05,1969-04,120,20000,0.4296339438453789,1.5959311301396069,3.9809079057671473,1.9978768917040148,3.610604654942838,1.4387388183950323,1.0,0.999,0.9379,across paths,ff49,ew
rolling120,1959-06,1969-05,120,20000,0.43334283254423944,1.5562091824886215,3.9946515502835225,2.006130680441715,3.6141901397656735,1.427611528448132,1.0,0.9989,0.9427,across paths,ff49,ew
rolling120,1959-07,1969-06,120,20000,0.4372035923685307,1.3854544090983811,3.369457719029034,1.7516899045732763,3.038143648153916,1.4203145390714313,1.0,0.9967,0.9213,across paths,ff49,ew
rolling120,1959-08,1969-07,120,20000,0.4412177270903579,1.1571260841435915,2.806261809807108,1.5307469702135261,2.5216719091439517,1.4350243982311635,0.99955,0.991,0.9038,across paths,ff49,ew
rolling120,1959-09,1969-08,120,20000,0.44567702937000675,1.2964081853159035,3.08597558196903,1.6430672006468419,2.785587993538332,1.4395543183780877,0.99985,0.99425,0.907,across paths,ff49,ew
rolling120,1959-10,1969-09,120,20000,0.4501447781398673,1.3481074271842726,3.1973446758024457,1.6891770445886987,2.892649645804526,1.4250655126420637,0.9999,0.9956,0.9085,across paths,ff49,ew
rolling120,1959-11,1969-10,120,20000,0.45448220020808217,1.4424200704497956,3.491410620187125,1.827351805989165,3.149084428515171,1.540883524665993,1.0,0.99725,0.9176,across paths,ff49,ew
rolling120,1959-12,1969-11,120,20000,0.458254047126635,1.319172091241943,3.15133931840336,1.6872470981548229,2.8326953754695054,1.514893133432127,1.0,0.99465,0.9067,across paths,ff49,ew
rolling120,1960-01,1969-12,120,20000,0.46261398547762145,1.2111095006091723,2.7894020115750324,1.5419316582996165,2.4984535587983348,1.5012924174542246,0.9995,0.98915,0.8869,across paths,ff49,ew
rolling120,1960-02,1970-01,120,20000,0.466550054211589,1.1909762057455646,2.762872320358529,1.540937632556237,2.4736251512061207,1.4942570468503547,0.99945,0.9884,0.88525,across paths,ff49,ew
rolling120,1960-03,1970-02,120,20000,0.47137567508994005,1.2840575999965584,2.8632458438153146,1.5892147230056854,2.563467872505028,1.486115590674364,0.9996,0.98915,0.87585,across paths,ff49,ew
rolling120,1960-04,1970-03,120,20000,0.4746014114977106,1.302335613610793,2.83148675442377,1.5764604823632784,2.5422862258608987,1.4767190209475232,0.9996,0.98865,0.86815,across paths,ff49,ew
rolling120,1960-05,1970-04,120,20000,0.47916400694200934,1.092628561883652,2.2085703908745846,1.3427364786022045,1.9633130309337359,1.4772913069250095,0.9973,0.96145,0.8097,across paths,ff49,ew
rolling120,1960-06,1970-05,120,20000,0.48299947758931094,0.8950847494841501,1.8112239768233667,1.1813347591572891,1.596947300732866,1.4958615995345914,0.9921,0.921,0.78415,across paths,ff49,ew
rolling120,1960-07,1970-06,120,20000,0.48802960351090263,0.7554352282653216,1.5389707562721187,1.0700618728132267,1.3452825123332068,1.5030541905849044,0.98375,0.87125,0.76285,across paths,ff49,ew
rolling120,1960-08,1970-07,120,20000,0.4938253844493752,0.9292549194438029,1.724376984074212,1.1540532327818838,1.5134168648356554,1.52299611372488,0.98915,0.9042,0.744,across paths,ff49,ew
rolling120,1960-09,1970-08,120,20000,0.4991940291374233,0.9640364853075762,1.7591810362484261,1.1669641635041503,1.5456758063476375,1.509600606188279,0.9905,0.9084,0.73755,across paths,ff49,ew
rolling120,1960-10,1970-09,120,20000,0.5048818659093104,1.1843022593607628,2.356678596919324,1.4390252364310299,2.088191296180904,1.558522552566479,0.99755,0.9641,0.8007,across paths,ff49,ew
rolling120,1960-11,1970-10,120,20000,0.5084856540535752,1.1553274931829294,2.1913377200849613,1.3876750870109171,1.9239912980485159,1.6034178169975866,0.99575,0.94715,0.7706,across paths,ff49,ew
rolling120,1960-12,1970-11,120,20000,0.5134571937103982,1.1606736594510805,2.0344974624587935,1.3253947792488052,1.7772008853141152,1.5981276052896016,0.9937,0.93115,0.7278,across paths,ff49,ew
rolling120,1961-01,1970-12,120,20000,0.5173858964895985,1.1868349288523854,2.1339462752978524,1.3726657337708683,1.869529845795517,1.577167329861794,0.99495,0.939,0.74515,across paths,ff49,ew
rolling120,1961-02,1971-01,120,20000,0.520263462317855,1.1625801566365204,2.312494390266751,1.4570215031659393,2.0321001947258353,1.6092895076363898,0.9964,0.9536,0.79165,across paths,ff49,ew
rolling120,1961-03,1971-02,120,20000,0.5231479246489952,1.1215013512313146,2.275761538065596,1.452666684878395,1.9924733649116777,1.617239408720967,0.996,0.94845,0.79435,across paths,ff49,ew
rolling120,1961-04,1971-03,120,20000,0.5246680323582258,1.1488715791597044,2.3010979334537462,1.465031041630859,2.0141299681710594,1.5908728290949359,0.99625,0.9505,0.7906,across paths,ff49,ew
rolling120,1961-05,1971-04,120,20000,0.5263423209032934,1.2124008305045613,2.344658573823714,1.4809700340322645,2.053123557445967,1.5708479792149268,0.99655,0.9532,0.77775,across paths,ff49,ew
rolling120,1961-06,1971-05,120,20000,0.5280182807286014,1.0769565215206582,2.058020848223431,1.3549829613575401,1.7902522089872366,1.5542933826582839,0.994,0.92465,0.7614,across paths,ff49,ew
rolling120,1961-07,1971-06,120,20000,0.5306107269134701,1.144534596150037,2.119906151264448,1.3812121450484174,1.8451394513716028,1.5625410736745695,0.9945,0.9314,0.75195,across paths,ff49,ew
rolling120,1961-08,1971-07,120,20000,0.5339720201847913,0.9967218048417634,1.9056464148551626,1.2927235158283028,1.6457330170860776,1.557629702920828,0.9913,0.90495,0.74995,across paths,ff49,ew
rolling120,1961-09,1971-08,120,20000,0.5390270508085278,1.0268543995015311,1.9419328823997806,1.3048527951916613,1.6858718383954567,1.534749167158848,0.9915,0.90745,0.74865,across paths,ff49,ew
rolling120,1961-10,1971-09,120,20000,0.5420998810986515,1.0576645714588593,2.0249697440176377,1.3421079532593634,1.7667560884815183,1.5110028827466824,0.9929,0.9161,0.75565,across paths,ff49,ew
rolling120,1961-11,1971-10,120,20000,0.5448703969045978,0.9211142904687906,1.7775556164609962,1.2288824199505173,1.5450595054484655,1.4805649955976765,0.98695,0.8818,0.74485,across paths,ff49,ew
rolling120,1961-12,1971-11,120,20000,0.548264021341133,0.8349763743856295,1.5430943624543831,1.1234557803037282,1.3271291522006012,1.4618831439636728,0.9783,0.8346,0.71375,across paths,ff49,ew
rolling120,1962-01,1971-12,120,20000,0.5510456115581346,1.0011919907816873,1.8639264004269265,1.2674333846088857,1.6215564161944356,1.4593545275453006,0.98905,0.892,0.73735,across paths,ff49,ew
rolling120,1962-02,1972-01,120,20000,0.551819277565496,1.133884912034099,2.229665036494211,1.4372692968274732,1.9499503845004464,1.4736895489498703,0.9949,0.9347,0.77625,across paths,ff49,ew
rolling120,1962-03,1972-02,120,20000,0.5525936384824448,1.157104324369731,2.326315962835686,1.4807999419005184,2.0433581473486324,1.464644424088807,0.9956,0.94235,0.7889,across paths,ff49,ew
rolling120,1962-04,1972-03,120,20000,0.5536782847368735,1.1867991889636471,2.3629202634332156,1.4954843600677903,2.0771311856866825,1.4635989640681955,0.9963,0.94485,0.78615,across paths,ff49,ew
rolling120,1962-05,1972-04,120,20000,0.5547634721239378,1.3491216749542194,2.6494627810890417,1.6247779614268179,2.3362407733614825,1.4461807574249657,0.9979,0.96425,0.79175,across paths,ff49,ew
rolling120,1962-06,1972-05,120,20000,0.55569409670821,1.6058885232430562,3.001850050936014,1.7853146937395636,2.6593529082012344,1.448211303689812,0.9989,0.97865,0.78295,across paths,ff49,ew
rolling120,1962-07,1972-06,120,20000,0.5570914267351932,1.780940576712819,3.2533593504042218,1.9013149746457447,2.8848318980645304,1.450531680748114,0.99935,0.985,0.77825,across paths,ff49,ew
rolling120,1962-08,1972-07,120,20000,0.5577125861753989,1.597441306445397,2.8581981606971034,1.728359058599785,2.5282414194500316,1.4723458227257316,0.9985,0.9729,0.7579,across paths,ff49,ew
rolling120,1962-09,1972-08,120,20000,0.5586450690165692,1.6278919665444067,2.789645838422595,1.7000577153673075,2.456502766937944,1.4642408630493244,0.99835,0.96945,0.73655,across paths,ff49,ew
rolling120,1962-10,1972-09,120,20000,0.5606670614222389,1.7443613336267512,2.9006841008742383,1.751215480566278,2.5593814970454263,1.4774225661625908,0.9987,0.97325,0.72615,across paths,ff49,ew
rolling120,1962-11,1972-10,120,20000,0.5628463292119767,1.7638054664166418,2.9500834845407717,1.7798251244579102,2.607488023386197,1.4741400327153544,0.9985,0.97515,0.73025,across paths,ff49,ew
rolling120,1962-12,1972-11,120,20000,0.5654978649002604,1.6115461320528839,2.5963838988597097,1.6173122241567295,2.2909456642645027,1.4650571991635408,0.9973,0.9589,0.7018,across paths,ff49,ew
rolling120,1963-01,1972-12,120,20000,0.5676845325754678,1.6050972330701394,2.5656525179782483,1.6050914436012638,2.2555121705160186,1.4619090883894323,0.9971,0.9564,0.6965,across paths,ff49,ew
rolling120,1963-02,1973-01,120,20000,0.5706557052556607,1.4064768337049651,2.1592909608727004,1.4290012856698702,1.8771404591180023,1.4618744138906081,0.9931,0.9192,0.65925,across paths,ff49,ew
rolling120,1963-03,1973-02,120,20000,0.573633103080649,1.3508840948296381,2.0154799097830525,1.3714207843272603,1.746439614392816,1.4521452281403482,0.99065,0.8988,0.6387,across paths,ff49,ew
rolling120,1963-04,1973-03,120,20000,0.5772441538010775,1.2564482319553476,1.8902350654862115,1.315477019778536,1.630502803981459,1.4564230095999056,0.98785,0.8792,0.6382,across paths,ff49,ew
rolling120,1963-05,1973-04,120,20000,0.5814920931679233,1.0427792126636612,1.5566474894292408,1.1673130711173212,1.3278083678791903,1.462332429670038,0.9741,0.81,0.616,across paths,ff49,ew
rolling120,1963-06,1973-05,120,20000,0.5857518982871905,0.9534576902275824,1.2649903850893087,1.0384135618494108,1.061405755041547,1.478674040514994,0.9505,0.71985,0.54745,across paths,ff49,ew
rolling120,1963-07,1973-06,120,20000,0.590181814794428,0.9675771543430416,1.239953142222016,1.030160771507548,1.037157356947003,1.5041519058287052,0.947,0.7101,0.5314,across paths,ff49,ew
rolling120,1963-08,1973-07,120,20000,0.5960496443693153,1.0818337371943598,1.505328167127716,1.1564445104600283,1.279667222752055,1.5100978711876045,0.9687,0.79065,0.57945,across paths,ff49,ew
rolling120,1963-09,1973-08,120,20000,0.6032139569874317,0.9148205872912707,1.296346404177003,1.0602708041802498,1.0845634153629307,1.5094533395143555,0.95265,0.72355,0.5753,across paths,ff49,ew
rolling120,1963-10,1973-09,120,20000,0.6097694344220068,1.045191350681315,1.4973661923211388,1.156739625935934,1.2675298883810833,1.5293771409676453,0.9676,0.78125,0.59135,across paths,ff49,ew
rolling120,1963-11,1973-10,120,20000,0.6155478469894806,0.9853253002529312,1.4663909169080351,1.151494872990808,1.2440736490522377,1.5336737262247824,0.9647,0.7685,0.603,across paths,ff49,ew
rolling120,1963-12,1973-11,120,20000,0.6202203200684369,0.7530616120732552,1.0866061210625284,0.9874793030092067,0.8828988230129824,1.559121507493086,0.9225,0.6311,0.5639,across paths,ff49,ew
rolling120,1964-01,1973-12,120,20000,0.6258746935057085,0.7377832646903217,1.0166127548713666,0.9634835403889492,0.816478653794374,1.5862732866661307,0.90795,0.59835,0.53935,across paths,ff49,ew
rolling120,1964-02,1974-01,120,20000,0.6312240319788576,0.7027022099028337,1.234266883293758,1.0751717431746595,1.0129356904752471,1.6207282313910099,0.94055,0.6786,0.64375,across paths,ff49,ew
rolling120,1964-03,1974-02,120,20000,0.636430412292375,0.6744381225368012,1.2000374198730286,1.0569690896356836,0.9834671092162373,1.6071621567658956,0.93465,0.66445,0.64535,across paths,ff49,ew
rolling120,1964-04,1974-03,120,20000,0.6405088451811507,0.6089223564367576,1.1703265971560624,1.0407705561078726,0.9581306126781413,1.615029721043919,0.9319,0.65235,0.66895,across paths,ff49,ew
rolling120,1964-05,1974-04,120,20000,0.6480333647621992,0.5300708971911268,1.0503402330766647,0.981454815856195,0.8467074277078585,1.6093332119539954,0.9123,0.60245,0.66265,across paths,ff49,ew
rolling120,1964-06,1974-05,120,20000,0.6560877867523598,0.4454933576788407,0.901984311390935,0.9105777176587972,0.71590322787525,1.6050458501324965,0.8816,0.5313,0.64725,across paths,ff49,ew
rolling120,1964-07,1974-06,120,20000,0.6610411899031643,0.39127134632946214,0.8436700127358845,0.8834658123426572,0.6645629933436593,1.597459317553689,0.86795,0.5022,0.65215,across paths,ff49,ew
rolling120,1964-08,1974-07,120,20000,0.6676654817871248,0.2631064045860583,0.6978141933102525,0.8158864050373389,0.5311107812430717,1.5830376839384148,0.82505,0.42485,0.6641,across paths,ff49,ew
rolling120,1964-09,1974-08,120,20000,0.6729871107676979,0.16560031528019414,0.5792161119858207,0.7592735320114319,0.423293473949898,1.5909546248169695,0.78255,0.36135,0.6704,across paths,ff49,ew
rolling120,1964-10,1974-09,120,20000,0.6818291846479021,0.0076890362847710225,0.38593396383064926,0.6674372351629783,0.2489311495802785,1.613518185525483,0.6879,0.25695,0.6818,across paths,ff49,ew
rolling120,1964-11,1974-10,120,20000,0.685518509811154,0.164800232050055,0.4978672113084928,0.7299354847979298,0.3434928351762473,1.6146764541336,0.7431,0.31235,0.6237,across paths,ff49,ew
rolling120,1964-12,1974-11,120,20000,0.6897201214120394,0.11520213680819502,0.4259421921052407,0.6972288699847281,0.27990246803731555,1.6136802678233038,0.7053,0.2756,0.61885,across paths,ff49,ew
rolling120,1965-01,1974-12,120,20000,0.6962896643025855,0.08086257923233742,0.32692994522829183,0.649407613312734,0.19138214355627647,1.6189222353328867,0.64645,0.22155,0.58365,across paths,ff49,ew
rolling120,1965-02,1975-01,120,20000,0.701364324247647,0.18944856171541602,0.5849666187679478,0.783078321498722,0.41506982436415485,1.6389953626558358,0.77445,0.3503,0.64785,across paths,ff49,ew
rolling120,1965-03,1975-02,120,20000,0.7035694823947276,0.2514359048661603,0.6370048799425022,0.8118325458521801,0.4642733506589185,1.6658024376365943,0.7938,0.37425,0.63355,across paths,ff49,ew
rolling120,1965-04,1975-03,120,20000,0.7044182117103885,0.30262066970869683,0.7475284874649601,0.86875770534123,0.5646518568504829,1.6647678087041238,0.83345,0.4289,0.6532,across paths,ff49,ew
rolling120,1965-05,1975-04,120,20000,0.7066271078077102,0.3182390184849373,0.7494957251870051,0.871518736347248,0.5661044153257013,1.6696426049037374,0.83185,0.42795,0.64445,across paths,ff49,ew
rolling120,1965-06,1975-05,120,20000,0.7088388665956176,0.3991637688410412,0.894623984912773,0.9464624021670586,0.6952005621379107,1.6816225842068426,0.8709,0.4937,0.65875,across paths,ff49,ew
rolling120,1965-07,1975-06,120,20000,0.7098605938701141,0.5531839053520111,1.210919957549551,1.1047049518739585,0.9804809695569736,1.6760731202656354,0.9257,0.6243,0.6961,across paths,ff49,ew
rolling120,1965-08,1975-07,120,20000,0.7127583737620284,0.43305066372920686,1.115464667585666,1.0571272464289863,0.8930204272443769,1.6736453883022333,0.9114,0.58475,0.7253,across paths,ff49,ew
rolling120,1965-09,1975-08,120,20000,0.7153190610546059,0.35768549200970057,0.9242136429674475,0.9613872653999728,0.7240541942664241,1.663582485011516,0.8773,0.5043,0.6929,across paths,ff49,ew
rolling120,1965-10,1975-09,120,20000,0.7190811006661302,0.26688361263714144,0.8042052335846909,0.8970019716962779,0.6187201943287469,1.6674951747878517,0.8479,0.448,0.70055,across paths,ff49,ew
rolling120,1965-11,1975-10,120,20000,0.7233655217125519,0.3034460879022498,0.7201405853156785,0.8559996842982877,0.5426353685598194,1.6816914830344187,0.8243,0.40625,0.6419,across paths,ff49,ew
rolling120,1965-12,1975-11,120,20000,0.7243959345805413,0.3390465891069159,0.6631348669932566,0.82300304011275,0.4968548248807859,1.6643875800104353,0.80595,0.3762,0.5907,across paths,ff49,ew
rolling120,1966-01,1975-12,120,20000,0.726974020797895,0.3065416097384235,0.5699278986685781,0.7733773460324614,0.4105989915752295,1.6369524107002267,0.76985,0.33015,0.56465,across paths,ff49,ew
rolling120,1966-02,1976-01,120,20000,0.7285224135242527,0.4554175676433361,0.7698904172737684,0.8711774444576607,0.5904685287026028,1.6430658974579595,0.841,0.42815,0.5753,across paths,ff49,ew
rolling120,1966-03,1976-02,120,20000,0.7283501641556902,0.4775850129443391,0.9056538161339622,0.9390936725491096,0.7113847294838322,1.6324381966766939,0.8743,0.49155,0.624,across paths,ff49,ew
rolling120,1966-04,1976-03,120,20000,0.7286945256149759,0.550807525591525,0.9645045574445423,0.974881357428115,0.7612129695630155,1.665849005627183,0.88615,0.51525,0.60665,across paths,ff49,ew
rolling120,1966-05,1976-04,120,20000,0.7300727951191537,0.49723224852902814,0.8556688957223126,0.9191872403887479,0.6635963754542604,1.6789378564205542,0.86295,0.4679,0.58985,across paths,ff49,ew
rolling120,1966-06,1976-05,120,20000,0.7293835917349814,0.565029655603015,1.0008892850852553,0.985778929871879,0.7946731007269429,1.6416178776493033,0.8961,0.53215,0.61625,across paths,ff49,ew
rolling120,1966-07,1976-06,120,20000,0.7302450101409061,0.652819372487963,1.0807767843522444,1.0250019230250798,0.8673133813384446,1.6386043514805293,0.91035,0.5634,0.60275,across paths,ff49,ew
rolling120,1966-08,1976-07,120,20000,0.7323140624699236,0.6643716958977748,1.1031819680557318,1.0380754043574243,0.8875969513906934,1.6503496522315408,0.9118,0.57225,0.6061,across paths,ff49,ew
rolling120,1966-09,1976-08,120,20000,0.7324865865275343,0.7972046483766932,1.2939425372909963,1.1305151527756432,1.059790831927931,1.6346446506460273,0.93945,0.64435,0.6152,across paths,ff49,ew
rolling120,1966-10,1976-09,120,20000,0.7331768202273459,0.8543736305477247,1.3840311702999524,1.1756514542751508,1.1422647878236787,1.636614269082197,0.94995,0.6732,0.61945,across paths,ff49,ew
rolling120,1966-11,1976-10,120,20000,0.7324866552416902,0.7420196726811568,1.3872328993445422,1.1707844381100478,1.148279458840538,1.6679886932826749,0.95115,0.67795,0.6744,across paths,ff49,ew
rolling120,1966-12,1976-11,120,20000,0.7324866552416902,0.7245618217660965,1.3253201621431305,1.1369140485047846,1.0885716952391937,1.6739242579989346,0.94735,0.6594,0.6629,across paths,ff49,ew
rolling120,1967-01,1976-12,120,20000,0.7324866552416902,0.8192557564736349,1.4748587721201816,1.1830193596042136,1.2318604915764613,1.5391162353788712,0.96195,0.7134,0.6766,across paths,ff49,ew
rolling120,1967-02,1977-01,120,20000,0.7312791070402871,0.6140072483063665,1.1957380081594535,1.0465981211799367,0.9821736235209441,1.5384633911198267,0.93485,0.61475,0.67545,across paths,ff49,ew
rolling120,1967-03,1977-02,120,20000,0.7311066001543722,0.5705967893387673,1.1129058574110007,1.00575584033076,0.9089778468407688,1.5311912941528871,0.92245,0.58255,0.6666,across paths,ff49,ew
rolling120,1967-04,1977-03,120,20000,0.7309341620031466,0.49009580425577814,0.9974669148529127,0.9483685369076865,0.8036328391097253,1.5091718258437916,0.90375,0.5362,0.66355,across paths,ff49,ew
rolling120,1967-05,1977-04,120,20000,0.7319694097076941,0.4374755896922886,0.9378105306312311,0.91709900974712,0.7515325782290464,1.499277296785553,0.89385,0.5105,0.67085,across paths,ff49,ew
rolling120,1967-06,1977-05,120,20000,0.7326599187916005,0.4807450871843275,0.947162703818801,0.9205368565150677,0.7618095879807621,1.502328143921629,0.89665,0.5135,0.6487,across paths,ff49,ew
rolling120,1967-07,1977-06,120,20000,0.7349063114259171,0.5157846291247106,0.8886156507229053,0.8903488279811795,0.7100184955634244,1.507107038875374,0.885,0.48555,0.60295,across paths,ff49,ew
rolling120,1967-08,1977-07,120,20000,0.7366356837459189,0.4266293272972612,0.7661261659279757,0.8301517249514025,0.5993776540246708,1.5042031632225126,0.8536,0.42585,0.60015,across paths,ff49,ew
rolling120,1967-09,1977-08,120,20000,0.7388863331217235,0.41615312360621415,0.7488062676375578,0.8205618693147209,0.5830270083245046,1.4948400680077345,0.8503,0.4157,0.59905,across paths,ff49,ew
rolling120,1967-10,1977-09,120,20000,0.7407930067326025,0.3715132165963879,0.6635774975292599,0.7768427823986945,0.5069561141227621,1.5008639531922003,0.822,0.3719,0.58505,across paths,ff49,ew
rolling120,1967-11,1977-10,120,20000,0.7425270370212096,0.35445915234727043,0.6457576692611153,0.7651793458823536,0.49478368141657736,1.4899702745962211,0.8156,0.3629,0.5888,across paths,ff49,ew
rolling120,1967-12,1977-11,120,20000,0.7449578240397723,0.4051522031201211,0.7588641808499831,0.8165136355761243,0.5978705348701231,1.484785356491113,0.85515,0.4185,0.6144,across paths,ff49,ew
rolling120,1968-01,1977-12,120,20000,0.7477405734850664,0.36954087818130543,0.6615188150213657,0.7700749698240575,0.5096212768230164,1.499535473575077,0.8262,0.3661,0.58795,across paths,ff49,ew
rolling120,1968-02,1978-01,120,20000,0.7493072732023338,0.3428236752033984,0.6106934458768619,0.7357228389970983,0.4589377894116846,1.457941759403303,0.81135,0.3388,0.58015,across paths,ff49,ew
rolling120,1968-03,1978-02,120,20000,0.7505270312372392,0.37644636836420764,0.7527853693462413,0.7958431017527269,0.5913084046946376,1.4552344182354577,0.86115,0.4112,0.63525,across paths,ff49,ew
rolling120,1968-04,1978-03,120,20000,0.7531428815528955,0.414623974167331,0.8997374753301541,0.8630016173231402,0.7248656579006602,1.4620993461313934,0.9,0.4851,0.681,across paths,ff49,ew
rolling120,1968-05,1978-04,120,20000,0.7550630818612778,0.4011821383232552,0.7890995093328592,0.8102118329916821,0.624673457124262,1.4495665107127151,0.87285,0.42875,0.63915,across paths,ff49,ew
rolling120,1968-06,1978-05,120,20000,0.7561114022685618,0.39490798487607703,0.7635961051557065,0.7950885809301649,0.6045564719895169,1.4209636214014674,0.86685,0.41605,0.632,across paths,ff49,ew
rolling120,1968-07,1978-06,120,20000,0.7580348539687463,0.36345945125086776,0.7570776049564067,0.7879327246290876,0.5982747726876874,1.4126881344924211,0.8657,0.41345,0.65025,across paths,ff49,ew
rolling120,1968-08,1978-07,120,20000,0.7594345632473838,0.4734675816360743,0.906904903962101,0.8538021850758837,0.7326183851831576,1.4026161081889177,0.9029,0.48705,0.6541,across paths,ff49,ew
rolling120,1968-09,1978-08,120,20000,0.7618874694299633,0.5106770901828435,1.0173223519632504,0.9076407155165511,0.8377547035905275,1.4095016395797875,0.92265,0.5375,0.67525,across paths,ff49,ew
rolling120,1968-10,1978-09,120,20000,0.7652207226331067,0.4340443511134615,0.8822097423229428,0.8450883825749572,0.7164201197364692,1.3910137435862382,0.89515,0.4728,0.6611,across paths,ff49,ew
rolling120,1968-11,1978-10,120,20000,0.7694386932965072,0.2621637502909997,0.5278906239719249,0.6904993555157194,0.3914670868708843,1.4070310089160267,0.7795,0.29115,0.58735,across paths,ff49,ew
rolling120,1968-12,1978-11,120,20000,0.7743724000692915,0.23306899780436696,0.4972437126447398,0.6776693841851793,0.36359918085807996,1.407462471101237,0.76345,0.27415,0.5893,across paths,ff49,ew
rolling120,1969-01,1978-12,120,20000,0.7805561135017745,0.2988752707441855,0.5002238912710937,0.6761782428428051,0.3645278666019123,1.41363655427774,0.7671,0.27325,0.5451,across paths,ff49,ew
rolling120,1969-02,1979-01,120,20000,0.7848069189055387,0.37357891494190176,0.6496305189796474,0.742086961025081,0.5039489797674748,1.3898940640961848,0.82895,0.34745,0.5813,across paths,ff49,ew
rolling120,1969-03,1979-02,120,20000,0.7896038317873273,0.41089495945987875,0.7750738370999403,0.7980471389276463,0.6185930875688992,1.3853623086683076,0.8679,0.40835,0.62275,across paths,ff49,ew
rolling120,1969-04,1979-03,120,20000,0.7958387645080678,0.45686671143607316,0.8816324554936081,0.8454621485804451,0.7173341887002201,1.370777328906847,0.89345,0.4574,0.6462,across paths,ff49,ew
rolling120,1969-05,1979-04,120,20000,0.800661966203255,0.43886835810330105,0.9283063860546881,0.8647047496510635,0.7593701002053319,1.37982614615472,0.905,0.47795,0.6804,across paths,ff49,ew
rolling120,1969-06,1979-05,120,20000,0.806754970467876,0.4134993273846763,0.9101521090620165,0.8543477171802899,0.7445146059432668,1.3660594644759247,0.9005,0.466,0.68705,across paths,ff49,ew
rolling120,1969-07,1979-06,120,20000,0.8121477322939665,0.5851125654822802,1.2719088466740296,1.017033391910801,1.069639479637583,1.3663743328021727,0.956,0.623,0.734,across paths,ff49,ew
rolling120,1969-08,1979-07,120,20000,0.8164739578559934,0.7218800027050114,1.5804791173341421,1.1495341286407257,1.3514930405046903,1.3725943775717866,0.97715,0.7269,0.7706,across paths,ff49,ew
rolling120,1969-09,1979-08,120,20000,0.8213540371457557,0.7402135477475966,1.6277775378171806,1.1680583316455997,1.3979406995215267,1.3642324313358305,0.979,0.74195,0.7756,across paths,ff49,ew
rolling120,1969-10,1979-09,120,20000,0.8251553127152311,0.782092726828056,1.6710463415808783,1.1883134776323503,1.4344249078277913,1.3604712293706525,0.9809,0.7519,0.76955,across paths,ff49,ew
rolling120,1969-11,1979-10,120,20000,0.8300538408905103,0.5646861846284186,1.1835739324265484,0.9640517852578646,0.9973379737663324,1.371589317009758,0.94805,0.5786,0.7178,across paths,ff49,ew
rolling120,1969-12,1979-11,120,20000,0.8386105988015584,0.7182105011309374,1.4850343974263143,1.0987236636649902,1.2711140505113259,1.3735253451510823,0.973,0.68935,0.7452,across paths,ff49,ew
rolling120,1970-01,1979-12,120,20000,0.8442740455983437,0.800956685860434,1.8545959378809294,1.2740479563038456,1.6114559738266074,1.4216185879571426,0.98735,0.79185,0.80785,across paths,ff49,ew
rolling120,1970-02,1980-01,120,20000,0.84794059439675,1.0696399535888017,2.330687425809908,1.49081243973231,2.04575182048412,1.4181121463302933,0.99545,0.87865,0.8164,across paths,ff49,ew
rolling120,1970-03,1980-02,120,20000,0.8528992900883334,0.9502677550554075,2.1492326949210416,1.4026177326081268,1.876558166412718,1.3974856308722943,0.9934,0.8499,0.82015,across paths,ff49,ew
rolling120,1970-04,1980-03,120,20000,0.8646906348795886,0.7307621892165912,1.6962967831513422,1.207144984731188,1.4629060731958186,1.4036270498135712,0.9819,0.7409,0.79385,across paths,ff49,ew
rolling120,1970-05,1980-04,120,20000,0.8787917779891261,1.0343368330630947,2.4292258651742085,1.5195129731755592,2.1370998445221656,1.421287867601952,0.99715,0.8887,0.8493,across paths,ff49,ew
rolling120,1970-06,1980-05,120,20000,0.8840246606891853,1.3046257383637982,3.0809459758703452,1.7972367781601006,2.7302753631996226,1.4298968383098722,0.9996,0.95005,0.87735,across paths,ff49,ew
rolling120,1970-07,1980-06,120,20000,0.8845866087884167,1.518845539534774,3.6055722868125164,2.0210065501807892,3.2034393929776424,1.4541432364989748,1.0,0.9733,0.8921,across paths,ff49,ew
rolling120,1970-08,1980-07,120,20000,0.8847740925338194,1.509467856960184,3.8074710371676703,2.1089999882525348,3.3900464329369875,1.4563541783950185,1.0,0.97945,0.91315,across paths,ff49,ew
rolling120,1970-09,1980-08,120,20000,0.8868364137332496,1.4463906871765508,3.858086433843842,2.130261378629786,3.439094170524107,1.4726251757147728,1.0,0.9804,0.9279,across paths,ff49,ew
rolling120,1970-10,1980-09,120,20000,0.890777488398895,1.4048076521958937,3.472194912144701,1.943827099598452,3.077064419316487,1.4632305624158015,0.99995,0.9708,0.9036,across paths,ff49,ew
rolling120,1970-11,1980-10,120,20000,0.8999998751131644,1.4978748594302802,3.984114270883781,2.1380906866974985,3.5618109087746808,1.4716458785580573,1.0,0.9861,0.93365,across paths,ff49,ew
rolling120,1970-12,1980-11,120,20000,0.9094563745911315,1.628140887501063,4.3171038059785465,2.2761594094341837,3.8846462359269447,1.4307672683614494,1.0,0.9911,0.93655,across paths,ff49,ew
rolling120,1971-01,1980-12,120,20000,0.9263794593689254,1.3976586751552178,3.7514342110030627,2.0299203804240666,3.3502188902163117,1.4303474075314775,1.0,0.97865,0.9312,across paths,ff49,ew
rolling120,1971-02,1981-01,120,20000,0.9390454331005802,1.187313750037049,3.187344544514342,1.7869197560364518,2.834047649925012,1.4229217142169086,1.0,0.95395,0.9198,across paths,ff49,ew
rolling120,1971-03,1981-02,120,20000,0.9533471735620018,1.1860238067993611,2.9787300763163342,1.6867220556367715,2.646940591577497,1.408644620735442,0.99985,0.94115,0.9006,across paths,ff49,ew
rolling120,1971-04,1981-03,120,20000,0.9710694659642094,1.1956538676222657,3.0652238751131122,1.7156109545649627,2.7329515128439184,1.4046923041115686,1.0,0.9452,0.9092,across paths,ff49,ew
rolling120,1971-05,1981-04,120,20000,0.9867939930161773,1.0999137637551426,3.066741677074393,1.718397861901778,2.730021252675793,1.4110255844420798,0.9999,0.9433,0.92585,across paths,ff49,ew
rolling120,1971-06,1981-05,120,20000,1.0038310139952773,1.2085074350272165,3.41321741521328,1.8537231131874723,3.0579334038837653,1.3922343133885107,1.0,0.9626,0.9368,across paths,ff49,ew
rolling120,1971-07,1981-06,120,20000,1.0233961668668061,1.1805377058440842,3.453796824931541,1.8782231028311216,3.09985687541257,1.3820200925234039,1.0,0.96095,0.9433,across paths,ff49,ew
rolling120,1971-08,1981-07,120,20000,1.0403249794182816,1.266476946049388,3.6546299900629724,1.9552100589208752,3.281539243362839,1.3690270667473492,1.0,0.9686,0.946,across paths,ff49,ew
rolling120,1971-09,1981-08,120,20000,1.0567742999450935,1.0490899379878695,3.145093941517925,1.736605042291631,2.8218919534315026,1.3621349779418264,0.99995,0.94095,0.9422,across paths,ff49,ew
rolling120,1971-10,1981-09,120,20000,1.0746022728548499,0.9366587143780434,2.830061382705618,1.607523669972935,2.531023643301329,1.3776683009503297,0.9996,0.9089,0.93355,across paths,ff49,ew
rolling120,1971-11,1981-10,120,20000,1.0919646909996947,1.1421322496815192,3.394395810673749,1.8414014086292145,3.0452405610756244,1.392232320453861,1.0,0.9508,0.9442,across paths,ff49,ew
rolling120,1971-12,1981-11,120,20000,1.1065544616851564,1.2399014725675936,3.6389270377459804,1.9454055470827845,3.273058235275699,1.3885466102074928,1.0,0.96235,0.947,across paths,ff49,ew
rolling120,1972-01,1981-12,120,20000,1.117048406398144,0.996773186582993,3.0648442743531814,1.7046897234336036,2.7485132991268335,1.3965822257111837,0.9998,0.9233,0.9436,across paths,ff49,ew
rolling120,1972-02,1982-01,120,20000,1.1278141326646023,0.895924093177332,2.6007528011679515,1.4982563026710187,2.326530389934053,1.4044375458466125,0.9993,0.87165,0.92215,across paths,ff49,ew
rolling120,1972-03,1982-02,120,20000,1.1420349353467496,0.7477360773607182,2.317309491330249,1.3817987039100197,2.061128675437048,1.4105980474031932,0.99835,0.81785,0.9209,across paths,ff49,ew
rolling120,1972-04,1982-03,120,20000,1.1572024311490456,0.7177669682930805,2.296675574521564,1.3778989928587797,2.0426499359437074,1.4192556512515406,0.9983,0.8073,0.9238,across paths,ff49,ew
rolling120,1972-05,1982-04,120,20000,1.1752705340722205,0.7824949143045223,2.4699603110312394,1.4462807061736636,2.19920064930925,1.3991700227575434,0.999,0.8379,0.92955,across paths,ff49,ew
rolling120,1972-06,1982-05,120,20000,1.1917531423064665,0.7042398959188725,2.42931083567476,1.4271238343126202,2.1595577167610864,1.4020135434372363,0.99895,0.8245,0.9404,across paths,ff49,ew
rolling120,1972-07,1982-06,120,20000,1.2063954257379685,0.7045881975530268,2.463263712945879,1.440700739713716,2.19866752973059,1.403418538957059,0.9991,0.8276,0.9432,across paths,ff49,ew
rolling120,1972-08,1982-07,120,20000,1.222672293598063,0.6761526995333502,2.545342067690113,1.4722084748200324,2.27033203604896,1.4204427519377791,0.9993,0.83855,0.95475,across paths,ff49,ew
rolling120,1972-09,1982-08,120,20000,1.2330886459561352,0.8125950253064882,2.7617608222533856,1.5627443544663147,2.4701647370155424,1.4085247905053424,0.99965,0.8695,0.94905,across paths,ff49,ew
rolling120,1972-10,1982-09,120,20000,1.236872033137843,0.8604679987571233,3.047591781390627,1.6817144852776904,2.744999267520503,1.4023518900496088,0.9998,0.90185,0.96065,across paths,ff49,ew
rolling120,1972-11,1982-10,120,20000,1.241105157503343,1.062700796481714,3.6866992689451514,1.9469894210268317,3.3308788436602494,1.3915901550959429,1.0,0.95045,0.96895,across paths,ff49,ew
rolling120,1972-12,1982-11,120,20000,1.2469105509570726,1.0693819270028517,3.9467957102277142,2.072569745788505,3.5669697528361075,1.394148591126502,1.0,0.96145,0.97615,across paths,ff49,ew
rolling120,1973-01,1982-12,120,20000,1.253626433843265,1.0742997571096002,4.1702650544457285,2.1710922355729583,3.766664163380818,1.4143795628882112,1.0,0.97035,0.98235,across paths,ff49,ew
rolling120,1973-02,1983-01,120,20000,1.2592358186347905,1.2260777881176201,5.030192955084199,2.5579444960667472,4.561364778961628,1.4459559824348571,1.0,0.98865,0.98995,across paths,ff49,ew
rolling120,1973-03,1983-02,120,20000,1.263735392063659,1.4040335723722897,5.811707037479988,2.8777147879501888,5.2920135384007425,1.4399475061619817,1.0,0.99615,0.9936,across paths,ff49,ew
rolling120,1973-04,1983-03,120,20000,1.267566120877623,1.5077978290257121,6.338922176652827,3.1069755532178034,5.79141955145449,1.4433270909358753,1.0,0.99765,0.9947,across paths,ff49,ew
rolling120,1973-05,1983-04,120,20000,1.2718522088498352,1.8391211820169855,7.581682204441761,3.612381847485459,6.924245040174556,1.430277050612907,1.0,0.9995,0.99605,across paths,ff49,ew
rolling120,1973-06,1983-05,120,20000,1.2759207930463625,1.945653717655515,9.196188547906718,4.271526497460346,8.433505455023827,1.4362918568528948,1.0,0.99995,0.9989,across paths,ff49,ew
rolling120,1973-07,1983-06,120,20000,1.2795437890356909,2.0885599016533583,10.033875585922189,4.639507542584805,9.187282169542572,1.43566024576672,1.0,0.99995,0.99905,across paths,ff49,ew
rolling120,1973-08,1983-07,120,20000,1.2818088365208218,1.8255296299379875,8.72506032200014,4.089475219766179,7.967841777049791,1.4339796030615164,1.0,0.9998,0.9987,across paths,ff49,ew
rolling120,1973-09,1983-08,120,20000,1.283168404844469,1.924108182262414,8.81391937592015,4.124386461632953,8.075377714709262,1.4497753589316493,1.0,0.99985,0.9984,across paths,ff49,ew
rolling120,1973-10,1983-09,120,20000,1.2849826030207456,1.8203691896456276,8.19180651476216,3.8627685217719847,7.499364718203902,1.4749244052871449,1.0,0.99975,0.99785,across paths,ff49,ew
rolling120,1973-11,1983-10,120,20000,1.2874798517672161,1.7500153599299635,7.600378487473414,3.574380713717685,6.94370452120188,1.4299705534618357,1.0,0.9995,0.99705,across paths,ff49,ew
rolling120,1973-12,1983-11,120,20000,1.2906644895878947,2.22276236131232,9.709226065912736,4.37647999030686,8.934429123597234,1.3833662430030111,1.0,0.9999,0.9983,across paths,ff49,ew
rolling120,1974-01,1983-12,120,20000,1.2927129773071204,2.1504945497922265,9.964329866930482,4.412776143159768,9.178414419862001,1.3550062194129837,1.0,0.9999,0.99925,across paths,ff49,ew
rolling120,1974-02,1984-01,120,20000,1.2956748444148412,2.0993817189356396,8.608229038983364,3.849968267409974,7.8977649318196095,1.362651299092024,1.0,0.9999,0.9976,across paths,ff49,ew
rolling120,1974-03,1984-02,120,20000,1.298642012139776,1.9699828417367695,8.025064741014521,3.6304338244663175,7.36834289413918,1.3862471341046048,1.0,0.99975,0.99715,across paths,ff49,ew
rolling120,1974-04,1984-03,120,20000,1.302527942351229,2.0805899375411663,8.017599617054055,3.6250757537751888,7.356547952900978,1.3829176209230811,1.0,0.99975,0.99665,across paths,ff49,ew
rolling120,1974-05,1984-04,120,20000,1.3038991748727282,2.236442555099811,8.34382628339338,3.7520422429254565,7.664786838828215,1.3792923081636965,1.0,0.9999,0.9962,across paths,ff49,ew
rolling120,1974-06,1984-05,120,20000,1.304585199440928,2.194323313102155,8.554201606019458,3.8465757446740536,7.857406393882329,1.3951381629641313,1.0,0.9999,0.9973,across paths,ff49,ew
rolling120,1974-07,1984-06,120,20000,1.3080214596786637,2.3511640649729646,8.988053420675662,4.022871656993133,8.264269446860668,1.4133284628853202,1.0,0.99985,0.9972,across paths,ff49,ew
rolling120,1974-08,1984-07,120,20000,1.3107718328183005,2.548674382273832,9.062628640995323,4.047986649364034,8.354932393307722,1.4257825193126765,1.0,0.99985,0.99575,across paths,ff49,ew
rolling120,1974-09,1984-08,120,20000,1.316054909573253,3.3225273968931317,10.856535110290135,4.758155901093573,10.036587327666442,1.4021844008750635,1.0,0.99995,0.99425,across paths,ff49,ew
rolling120,1974-10,1984-09,120,20000,1.3172036323733591,3.858594600461995,11.986638191685193,5.2005906834614155,11.048786515072688,1.3939828457245929,1.0,0.99995,0.9934,across paths,ff49,ew
rolling120,1974-11,1984-10,120,20000,1.3285003170799845,3.1728420097948327,10.56267262692402,4.556596689724563,9.764019513732919,1.3611352396268508,1.0,0.99995,0.9954,across paths,ff49,ew
rolling120,1974-12,1984-11,120,20000,1.3329007055845121,3.3010566116997877,10.746831881898208,4.612412206560996,9.927413106319918,1.3702902351859618,1.0,1.0,0.99505,across paths,ff49,ew
rolling120,1975-01,1984-12,120,20000,1.3315106952336175,3.531896787651596,11.821278506471899,5.028008840498169,10.929482972094767,1.376162292726326,1.0,1.0,0.99585,across paths,ff49,ew
rolling120,1975-02,1985-01,120,20000,1.3331333413726747,3.3085744339143677,10.123800682873732,4.329791067666952,9.363254149903986,1.3750575415023158,1.0,0.99995,0.9917,across paths,ff49,ew
rolling120,1975-03,1985-02,120,20000,1.3366180571070756,3.13824773443233,9.884418419917676,4.22646391192634,9.137627044166654,1.366874285960617,1.0,0.99995,0.9931,across paths,ff49,ew
rolling120,1975-04,1985-03,120,20000,1.3415049188936758,3.006556140671411,9.002643702049266,3.8898926912620095,8.30846620839585,1.3517728231578585,1.0,0.99985,0.99005,across paths,ff49,ew
rolling120,1975-05,1985-04,120,20000,1.348032411698238,2.8189761187978224,8.45119638950435,3.660875162328025,7.8341247717952465,1.3499892363797674,1.0,0.9998,0.98885,across paths,ff49,ew
rolling120,1975-06,1985-05,120,20000,1.3531754536195209,2.8222296955745323,8.009820316427316,3.482844272370538,7.409531842001615,1.33386904734013,1.0,0.9997,0.985,across paths,ff49,ew
rolling120,1975-07,1985-06,120,20000,1.3564564471809866,2.6966131041356283,7.463203376726745,3.2702588991565698,6.922770571275881,1.3364154118157718,1.0,0.99955,0.98135,across paths,ff49,ew
rolling120,1975-08,1985-07,120,20000,1.3597397264664695,2.933656253761709,7.764581970681173,3.3875436914802317,7.179999347808268,1.3313641502785778,1.0,0.9997,0.9784,across paths,ff49,ew
rolling120,1975-09,1985-08,120,20000,1.3613836534255928,3.0102022070815293,8.257048450027579,3.5704495696842637,7.640873197849369,1.3155974982992387,1.0,0.9998,0.98285,across paths,ff49,ew
rolling120,1975-10,1985-09,120,20000,1.3630279074367313,3.0027041661832756,8.065940971273147,3.498887045674689,7.451146086267457,1.3205262573515268,1.0,0.99985,0.98015,across paths,ff49,ew
rolling120,1975-11,1985-10,120,20000,1.3651427892154633,2.956205052805815,8.080530094212381,3.5056089925629355,7.449592269878955,1.3370224849893686,1.0,0.99965,0.9817,across paths,ff49,ew
rolling120,1975-12,1985-11,120,20000,1.369853759814439,3.1101385115846965,8.440058348166913,3.6439705409139433,7.796986074498879,1.334812033303129,1.0,0.9999,0.98145,across paths,ff49,ew
rolling120,1976-01,1985-12,120,20000,1.3738632655784562,3.344991693122453,8.805821315025167,3.793054377159925,8.126610912562501,1.3281126355030781,1.0,0.99995,0.97875,across paths,ff49,ew
rolling120,1976-02,1986-01,120,20000,1.3759897480498609,2.904782536502607,7.616850058379135,3.3509675218754693,7.032752442398632,1.3769610242774382,1.0,0.9996,0.97635,across paths,ff49,ew
rolling120,1976-03,1986-02,120,20000,1.3804888316867903,3.1771280248905684,7.246857289197312,3.2114531412698075,6.669541726478779,1.394638144776568,1.0,0.9993,0.9509,across paths,ff49,ew
rolling120,1976-04,1986-03,120,20000,1.3852308413116643,3.2905838970619508,7.535746863828636,3.29506726127274,6.951998270505594,1.3633000263662287,1.0,0.99955,0.9534,across paths,ff49,ew
rolling120,1976-05,1986-04,120,20000,1.3876060960829366,3.3040285650907535,7.675965536124191,3.3493096454701607,7.07644185459858,1.3629812586207177,1.0,0.9997,0.9571,across paths,ff49,ew
rolling120,1976-06,1986-05,120,20000,1.3904606615061703,3.5682767088426672,8.147302577784993,3.5224007953216034,7.535319187425829,1.3676396751946085,1.0,0.99975,0.9569,across paths,ff49,ew
rolling120,1976-07,1986-06,120,20000,1.3926028646281017,3.441052235469786,7.951619918773383,3.446119216962477,7.331707664242323,1.3632038953270613,1.0,0.9998,0.9587,across paths,ff49,ew
rolling120,1976-08,1986-07,120,20000,1.3937935697463604,3.2033860259063704,7.301736267354618,3.2009705188207365,6.742818756976716,1.364001559800568,1.0,0.9995,0.95345,across paths,ff49,ew
rolling120,1976-09,1986-08,120,20000,1.3947470824210257,3.4845940244347062,7.679167759391645,3.3470760628396508,7.096410722868778,1.3541332476164618,1.0,0.9997,0.9486,across paths,ff49,ew
rolling120,1976-10,1986-09,120,20000,1.3949855080564726,3.0190712886299718,7.0421130078028025,3.1118795810639357,6.507998876857563,1.3602184018472006,1.0,0.9991,0.95725,across paths,ff49,ew
rolling120,1976-11,1986-10,120,20000,1.3961781111378677,3.310688768598939,7.451433068099577,3.2785157105457614,6.890771592166847,1.3837499943345413,1.0,0.99955,0.95085,across paths,ff49,ew
rolling120,1976-12,1986-11,120,20000,1.3959394479793876,3.3449141657295396,7.1862736438631005,3.1805236211588888,6.641444223100378,1.3840421012322368,1.0,0.99935,0.93895,across paths,ff49,ew
rolling120,1977-01,1986-12,120,20000,1.398087202464628,2.9835549677876756,6.201561972351201,2.800646982758563,5.719725223439116,1.3559457961996568,1.0,0.99725,0.92275,across paths,ff49,ew
rolling120,1977-02,1987-01,120,20000,1.399520893498385,3.6675371038533653,6.698909669512607,2.9858873945319084,6.173885864363664,1.3446712201026616,1.0,0.99845,0.882,across paths,ff49,ew
rolling120,1977-03,1987-02,120,20000,1.4014338149879708,3.9710859044291347,7.24418677674008,3.2061656315721603,6.656941866665377,1.3446236329098329,1.0,0.9991,0.8829,across paths,ff49,ew
rolling120,1977-04,1987-03,120,20000,1.4035869236087009,4.125193081310862,7.462347030957145,3.3151622795314664,6.852703175282152,1.3440962921345887,1.0,0.99905,0.87845,across paths,ff49,ew
rolling120,1977-05,1987-04,120,20000,1.4050236163305234,4.014052915019629,7.156392927058849,3.2056992858184152,6.5728472268975935,1.3479056141700363,1.0,0.9988,0.8687,across paths,ff49,ew
rolling120,1977-06,1987-05,120,20000,1.4052632321137586,4.094663068051797,7.212280802118746,3.2284076396380805,6.621275232198583,1.3452597771506627,1.0,0.9988,0.86175,across paths,ff49,ew
rolling120,1977-07,1987-06,120,20000,1.4071797765218177,4.059283463412551,6.991064777188223,3.1381974015435197,6.407960886181955,1.3467316132253986,1.0,0.9988,0.85105,across paths,ff49,ew
rolling120,1977-08,1987-07,120,20000,1.408138621284424,4.344710475376573,7.230484122884518,3.253826410607212,6.62982938469335,1.3766859568065413,1.0,0.999,0.83375,across paths,ff49,ew
rolling120,1977-09,1987-08,120,20000,1.4088578980530277,4.632310927588262,7.438018875138145,3.3371407550991714,6.823338113137801,1.3698975508059055,1.0,0.9991,0.81415,across paths,ff49,ew
rolling120,1977-10,1987-09,120,20000,1.4093376068846628,4.503537045557736,7.200053482995677,3.246159835343208,6.609293563438127,1.383150432452755,1.0,0.9987,0.80995,across paths,ff49,ew
rolling120,1977-11,1987-10,120,20000,1.411974955245269,3.4331821300377117,5.00055728024937,2.4115672693554333,4.5559800368971075,1.4032687889383326,1.0,0.98635,0.72455,across paths,ff49,ew
rolling120,1977-12,1987-11,120,20000,1.4083749926254998,2.9279266355999187,4.335076150692871,2.159859807274687,3.9284366486932756,1.4018001990268987,1.0,0.97085,0.72705,across paths,ff49,ew
rolling120,1978-01,1987-12,120,20000,1.4059783611272159,3.1793669571523164,4.438571596122246,2.216580382730056,4.0201664250722615,1.4026529568121238,1.0,0.97325,0.68565,across paths,ff49,ew
rolling120,1978-02,1988-01,120,20000,1.4011898680211807,3.6221171237423784,4.865512118883911,2.3941782582317885,4.413089092935921,1.403553312231787,1.0,0.98305,0.66295,across paths,ff49,ew
rolling120,1978-03,1988-02,120,20000,1.4011898680211816,3.9095123138327503,5.1183006074080835,2.5058859305724943,4.6439262002719275,1.4034916634858567,1.0,0.9873,0.64445,across paths,ff49,ew
rolling120,1978-04,1988-03,120,20000,1.3990401904311898,3.662564509306433,4.913214974874068,2.4220562863889827,4.4511437467196595,1.3961494649724608,1.0,0.984,0.66045,across paths,ff49,ew
rolling120,1978-05,1988-04,120,20000,1.3971312664682451,3.345160892678063,4.620601737262117,2.320636634956882,4.1749122260702825,1.4032214844613438,1.0,0.97715,0.67555,across paths,ff49,ew
rolling120,1978-06,1988-05,120,20000,1.3971312664682447,3.258911976943865,4.124906100890557,2.1059473734731,3.7274535070866808,1.380489888795236,0.99995,0.96075,0.6083,across paths,ff49,ew
rolling120,1978-07,1988-06,120,20000,1.3959391383269733,3.5355150613341486,4.323212181237703,2.1909018593122997,3.904511747308172,1.3885576463807314,1.0,0.9684,0.5815,across paths,ff49,ew
rolling120,1978-08,1988-07,120,20000,1.3947478400282818,3.2599850964045,4.053292236608328,2.081841001837882,3.6541729751083754,1.3893395313484433,0.99995,0.95865,0.5903,across paths,ff49,ew
rolling120,1978-09,1988-08,120,20000,1.395462263608243,2.97173998637368,3.4900903883096324,1.84064442646046,3.1364022307338733,1.4126086159196607,0.99985,0.924,0.5419,across paths,ff49,ew
rolling120,1978-10,1988-09,120,20000,1.3954622636082425,3.1619574186712684,3.5479632727520336,1.8707433375687783,3.192828366376864,1.4356612773408426,0.99985,0.9288,0.50765,across paths,ff49,ew
rolling120,1978-11,1988-10,120,20000,1.3937967654114551,3.7709214518830256,4.533895037639421,2.262200552347121,4.100320635327397,1.4025690295779805,1.0,0.9771,0.57235,across paths,ff49,ew
rolling120,1978-12,1988-11,120,20000,1.3907064617421057,3.535166605938512,4.066105436789123,2.064597696953428,3.6745118766497527,1.391238723540239,0.99995,0.96305,0.53255,across paths,ff49,ew
rolling120,1979-01,1988-12,120,20000,1.3871481568278239,3.5556897406038512,4.130215837215831,2.0932778947954263,3.7352772977928512,1.386925261681063,0.99995,0.96505,0.5428,across paths,ff49,ew
rolling120,1979-02,1989-01,120,20000,1.3819365601770133,3.626418136424257,3.9621199042782353,2.024392669234333,3.5823704832730607,1.3933286505097737,0.99995,0.9578,0.4896,across paths,ff49,ew
rolling120,1979-03,1989-02,120,20000,1.3790989508528675,3.6840281595288538,4.119858793394112,2.1028348745716188,3.7176104049210377,1.394559394690975,0.99995,0.96395,0.50795,across paths,ff49,ew
rolling120,1979-04,1989-03,120,20000,1.37579497452989,3.4975116362718834,3.8368213750367577,1.9856262541618876,3.4581460134677617,1.3899251834872857,0.99995,0.95205,0.49,across paths,ff49,ew
rolling120,1979-05,1989-04,120,20000,1.3727309532333738,3.6890566071803166,3.8551893209966592,1.9965261774524337,3.4727741101103278,1.4025963729374458,0.9999,0.9538,0.45075,across paths,ff49,ew
rolling120,1979-06,1989-05,120,20000,1.3720249233921025,3.948186180381822,4.020059277070853,2.0711005736147774,3.6295605152722294,1.422897704655614,0.99995,0.96045,0.42745,across paths,ff49,ew
rolling120,1979-07,1989-06,120,20000,1.3696719574924971,3.699003751613432,3.713461323391345,1.9437166232158887,3.345832805311657,1.4331552192142887,0.9999,0.94465,0.4167,across paths,ff49,ew
rolling120,1979-08,1989-07,120,20000,1.3680258620571055,3.9894539835044975,3.761534721248211,1.9656255016274697,3.376983928670589,1.4318179260509436,0.9999,0.9461,0.3689,across paths,ff49,ew
rolling120,1979-09,1989-08,120,20000,1.3673208826399996,3.7951511005046994,3.5056978195742325,1.8553503807728162,3.153319944773989,1.4250852453317704,0.9999,0.9294,0.35325,across paths,ff49,ew
rolling120,1979-10,1989-09,120,20000,1.363094781689139,3.789876434294146,3.512454567711512,1.8480275637405787,3.15896187696168,1.3946098618029537,0.9999,0.93035,0.35635,across paths,ff49,ew
rolling120,1979-11,1989-10,120,20000,1.3586436266527468,4.009827642767715,3.7156317010592095,1.9350607423762116,3.3414697815777545,1.410723565749243,0.9999,0.9459,0.35575,across paths,ff49,ew
rolling120,1979-12,1989-11,120,20000,1.3516370607749781,3.798510178879198,3.3661059667892346,1.7904402583811891,3.0155069329992252,1.4070478302567797,0.99985,0.9214,0.32515,across paths,ff49,ew
rolling120,1980-01,1989-12,120,20000,1.343716737836261,3.754602853189076,3.0147770748799596,1.6264204804379507,2.7038962252597702,1.3783346135500072,0.99985,0.88855,0.25895,across paths,ff49,ew
rolling120,1980-02,1990-01,120,20000,1.3383689714701665,3.149430919006119,2.408067936048421,1.365811769989119,2.156385461191792,1.3546709393005394,0.99945,0.78785,0.23405,across paths,ff49,ew
rolling120,1980-03,1990-02,120,20000,1.3309522000273035,3.2339517374446354,2.536526833608338,1.4114451663025995,2.275033143733843,1.336655749181603,0.9996,0.8182,0.24765,across paths,ff49,ew
rolling120,1980-04,1990-03,120,20000,1.3178246162508431,3.912841518921436,3.379219601415706,1.7429289182103476,3.0524862328565443,1.3610543375106474,0.9999,0.93405,0.30515,across paths,ff49,ew
rolling120,1980-05,1990-04,120,20000,1.304777410727803,3.544880382441055,3.0940855555879923,1.6280552604692446,2.7874570496229696,1.3390623943399624,0.9999,0.91035,0.31395,across paths,ff49,ew
rolling120,1980-06,1990-05,120,20000,1.3018052743981277,3.675138102461995,2.9878421947423375,1.5896168787558764,2.687258486155593,1.349102241216293,0.99985,0.8996,0.2642,across paths,ff49,ew
rolling120,1980-07,1990-06,120,20000,1.302262844276747,3.4923568560581817,2.851386206825736,1.5375249969515288,2.559869984323451,1.3521388849441465,0.9998,0.88095,0.2697,across paths,ff49,ew
rolling120,1980-08,1990-07,120,20000,1.305698032047975,3.1456932944826894,2.4192217736039585,1.3612734200378767,2.1707720862727564,1.3332563951942347,0.999,0.8031,0.2384,across paths,ff49,ew
rolling120,1980-09,1990-08,120,20000,1.306156239129066,2.6658957992231933,1.8193561364725588,1.12284968974882,1.611696995827718,1.338505664756431,0.99555,0.6318,0.18695,across paths,ff49,ew
rolling120,1980-10,1990-09,120,20000,1.3027227558946302,2.3649746849485096,1.4645722517889213,0.9807422301800633,1.2834423371215806,1.3423872629012183,0.9871,0.49105,0.15585,across paths,ff49,ew
rolling120,1980-11,1990-10,120,20000,1.296563913456874,2.2584067054173413,1.235779344585948,0.893153707321871,1.0688546762520674,1.3355160945618318,0.9738,0.3901,0.1198,across paths,ff49,ew
rolling120,1980-12,1990-11,120,20000,1.2876924799560006,2.151129205347524,1.146919272933438,0.8518949038939759,0.9893485655080585,1.3215990163918514,0.9665,0.35425,0.116,across paths,ff49,ew
rolling120,1981-01,1990-12,120,20000,1.2716598902731584,2.3531788941984093,1.2476898626878314,0.894832491906715,1.080756862948236,1.3244342304837822,0.97395,0.4082,0.1068,across paths,ff49,ew
rolling120,1981-02,1991-01,120,20000,1.2599688457072236,2.6756402527465575,1.4168955929668978,0.9692476120735194,1.2357698998037612,1.360456378186376,0.98295,0.4883,0.09905,across paths,ff49,ew
rolling120,1981-03,1991-02,120,20000,1.2467761909237347,2.892173347887706,1.7416464183219105,1.105555386649791,1.5373224076594474,1.3922194502529153,0.99335,0.62595,0.1337,across paths,ff49,ew
rolling120,1981-04,1991-03,120,20000,1.2296828437543716,2.826116248734002,1.7358191924928028,1.109806438603845,1.5289271819572878,1.3995399644042847,0.9931,0.63035,0.1443,across paths,ff49,ew
rolling120,1981-05,1991-04,120,20000,1.2175506161716165,2.877559178483461,1.729792882956698,1.1063347141881186,1.5231459739481614,1.403640466066036,0.993,0.6333,0.13305,across paths,ff49,ew
rolling120,1981-06,1991-05,120,20000,1.2026427128696224,2.9866729586836773,1.7287916743563532,1.1101505496268116,1.5267244988730497,1.422443618873491,0.99325,0.6391,0.11855,across paths,ff49,ew
rolling120,1981-07,1991-06,120,20000,1.1824309938467437,2.844536249824434,1.6628913492073178,1.084005600252974,1.4610763250458914,1.4336633150342595,0.99115,0.62475,0.12375,across paths,ff49,ew
rolling120,1981-08,1991-07,120,20000,1.1662632415217233,3.0389034150277148,1.806481422694071,1.1463269101082638,1.5938659066761647,1.4414844956502333,0.99405,0.6797,0.1273,across paths,ff49,ew
rolling120,1981-09,1991-08,120,20000,1.1487243803640634,3.4039729789576567,2.098348287150109,1.2674670584301597,1.8653222168053214,1.4535546076342294,0.99735,0.7746,0.13435,across paths,ff49,ew
rolling120,1981-10,1991-09,120,20000,1.1321696093577032,3.6296736675124253,2.389396657395528,1.3862061058934159,2.131599936792723,1.4417135801467944,0.9992,0.84425,0.1569,across paths,ff49,ew
rolling120,1981-11,1991-10,120,20000,1.11552684686988,3.436861478589358,2.2127636926369885,1.315348811294266,1.970952899280293,1.4449608007226133,0.99835,0.81325,0.1504,across paths,ff49,ew
rolling120,1981-12,1991-11,120,20000,1.1012935604755838,3.085208247587924,2.0866641538941524,1.262025119478283,1.8571674089551111,1.4221449532983834,0.9976,0.78765,0.1765,across paths,ff49,ew
rolling120,1982-01,1991-12,120,20000,1.091086027565571,3.6729505695105376,2.273891295542602,1.3462755473291,2.0250869771923723,1.435157058058804,0.9982,0.8328,0.1324,across paths,ff49,ew
rolling120,1982-02,1992-01,120,20000,1.0815433730746964,3.777357992299641,2.8256964905799706,1.6034022902015201,2.5242154103958514,1.4600318529253236,0.9995,0.91015,0.22155,across paths,ff49,ew
rolling120,1982-03,1992-02,120,20000,1.0683429394761248,4.093972292231132,3.1716691578041982,1.7540507496160713,2.8387418832286975,1.4868172687183656,0.99985,0.94245,0.2384,across paths,ff49,ew
rolling120,1982-04,1992-03,120,20000,1.0552340121512618,4.018456567447149,3.1627640637672165,1.753818138468923,2.8332890131189687,1.505610808345031,0.99985,0.94475,0.24785,across paths,ff49,ew
rolling120,1982-05,1992-04,120,20000,1.0387726302681162,3.8761299272282805,2.801484197835046,1.608635311306046,2.500758271970044,1.539794832773856,0.99945,0.91295,0.2044,across paths,ff49,ew
rolling120,1982-06,1992-05,120,20000,1.0230370014178378,4.049327170602495,2.908152199842072,1.6565489300518779,2.5976206067175918,1.5282223502704586,0.9996,0.9275,0.19985,across paths,ff49,ew
rolling120,1982-07,1992-06,120,20000,1.0102126781124956,4.055001731174277,2.8392909832845756,1.6304637055040112,2.533534358969786,1.5578940222281774,0.99955,0.92335,0.18655,across paths,ff49,ew
rolling120,1982-08,1992-07,120,20000,0.9954916748289402,4.377364641777523,2.9483777757426184,1.6804726478050722,2.634092738686081,1.5715948168875145,0.99965,0.9355,0.1649,across paths,ff49,ew
rolling120,1982-09,1992-08,120,20000,0.9855894731872723,3.6998522291024525,2.577213059347322,1.5142460339582213,2.2972745577446534,1.5331154938000051,0.99875,0.8991,0.18755,across paths,ff49,ew
rolling120,1982-10,1992-09,120,20000,0.9806506873122669,3.6827736067810255,2.4999764902723682,1.4788815219896811,2.2234903913815387,1.5158021129267663,0.9987,0.89185,0.1753,across paths,ff49,ew
rolling120,1982-11,1992-10,120,20000,0.9735621671071533,3.2374727650958866,2.117408423421163,1.3163836111702232,1.8733342147517833,1.4980331879991406,0.9966,0.82675,0.16605,across paths,ff49,ew
rolling120,1982-12,1992-11,120,20000,0.9657173408441817,3.199648964894668,2.0206995420944067,1.270022921296396,1.7903950292142226,1.4808540396766436,0.9959,0.80845,0.14985,across paths,ff49,ew
rolling120,1983-01,1992-12,120,20000,0.958102065559298,3.2237109662740906,2.049507836035069,1.280408133687151,1.8112973543422313,1.4611636536203558,0.99635,0.81795,0.1542,across paths,ff49,ew
rolling120,1983-02,1993-01,120,20000,0.9491565203198775,3.097339867168076,1.8863722561939482,1.190490866913472,1.6728206139455508,1.3545263007489046,0.99385,0.7881,0.137,across paths,ff49,ew
rolling120,1983-03,1993-02,120,20000,0.9414079354646998,2.9834035681779345,1.6975777092469484,1.112767798746458,1.4957848063916492,1.3559061808742086,0.9902,0.73735,0.1172,across paths,ff49,ew
rolling120,1983-04,1993-03,120,20000,0.9340767716420169,2.949900463921217,1.6318344684852166,1.0853757076953654,1.4304667659873989,1.3577391557038452,0.98885,0.7215,0.1102,across paths,ff49,ew
rolling120,1983-05,1993-04,120,20000,0.9250506959526934,2.575401192963613,1.398160586795042,0.9967431463800388,1.2121832386945213,1.3788777712411797,0.9785,0.6396,0.11435,across paths,ff49,ew
rolling120,1983-06,1993-05,120,20000,0.9160649592648615,2.642881590973106,1.3064925408587225,0.9581036939780336,1.131483507121558,1.3839171037469034,0.97295,0.6021,0.0882,across paths,ff49,ew
rolling120,1983-07,1993-06,120,20000,0.9080710456571208,2.530863157628166,1.208720406976071,0.9113091099214984,1.0413593646563926,1.3550486103331276,0.9664,0.56565,0.0822,across paths,ff49,ew
rolling120,1983-08,1993-07,120,20000,0.898600770465255,2.6484612065272426,1.2889918463191146,0.9435291311113977,1.1163888566493072,1.3489122495283994,0.9728,0.6058,0.0837,across paths,ff49,ew
rolling120,1983-09,1993-08,120,20000,0.8889909412380093,2.783468099368017,1.4587789354672362,1.0190867984015315,1.2739960967973645,1.3626606140658324,0.98195,0.67965,0.0989,across paths,ff49,ew
rolling120,1983-10,1993-09,120,20000,0.8796172267618383,2.726165376383885,1.4804460735474434,1.0285607074805014,1.2934870835179324,1.3615980797288858,0.98315,0.69155,0.1107,across paths,ff49,ew
rolling120,1983-11,1993-10,120,20000,0.869543851390149,2.8911686926503433,1.7469856438453508,1.1388016951489897,1.5308358907254298,1.37486831955674,0.9914,0.77925,0.1404,across paths,ff49,ew
rolling120,1983-12,1993-11,120,20000,0.8611893853213748,2.7213296003007756,1.594068574310203,1.0783202301657686,1.394533049993629,1.387110566707468,0.98765,0.7369,0.1346,across paths,ff49,ew
rolling120,1984-01,1993-12,120,20000,0.8519508794873567,2.8311343944891174,1.6803581363998104,1.1142279130310326,1.4745013967031233,1.3746979215105084,0.98945,0.7672,0.1373,across paths,ff49,ew
rolling120,1984-02,1994-01,120,20000,0.8425771701926115,2.9970313512719318,1.7909225254333925,1.1618901844634277,1.575625845585194,1.3688158951129616,0.9919,0.7994,0.1366,across paths,ff49,ew
rolling120,1984-03,1994-02,120,20000,0.8334292346837613,3.0686896160643817,1.92106206013095,1.2124164188219924,1.6993779428393416,1.3738250853903151,0.9939,0.83485,0.151,across paths,ff49,ew
rolling120,1984-04,1994-03,120,20000,0.8250565805791796,2.8319045624563732,1.753349813457158,1.143626559567818,1.5439851175606452,1.3860650245766475,0.99155,0.79795,0.15115,across paths,ff49,ew
rolling120,1984-05,1994-04,120,20000,0.8152804616077209,2.8567374434693003,1.7646950965218475,1.15023457070325,1.5564332788152484,1.3730367651258855,0.99175,0.80225,0.14915,across paths,ff49,ew
rolling120,1984-06,1994-05,120,20000,0.8069947996476148,3.104903038460469,1.891433603030906,1.203805335616766,1.670747565335269,1.3812401306994813,0.99395,0.83765,0.1401,across paths,ff49,ew
rolling120,1984-07,1994-06,120,20000,0.799103209455605,2.8931739328300483,1.7517795801738532,1.1468930430953768,1.5418590501229503,1.3946360073885737,0.99165,0.80625,0.14345,across paths,ff49,ew
rolling120,1984-08,1994-07,120,20000,0.7894670684805403,3.091602777520672,1.9256102266701023,1.221180241468085,1.7003481072112607,1.4211065696028287,0.9942,0.8501,0.1492,across paths,ff49,ew
rolling120,1984-09,1994-08,120,20000,0.7813032794147756,2.844486174125862,1.7894025426242268,1.1641096228179961,1.5774667361884787,1.416685096676897,0.9922,0.82355,0.15845,across paths,ff49,ew
rolling120,1984-10,1994-09,120,20000,0.7726493174188085,2.768795211073414,1.8095294240080606,1.1729041765803248,1.597768142992236,1.4263685628343448,0.99265,0.83185,0.1734,across paths,ff49,ew
rolling120,1984-11,1994-10,120,20000,0.7617677077475249,2.8278707749850067,1.8670021735153783,1.1989538222196143,1.6494469741254911,1.4241933749231654,0.99355,0.84845,0.1759,across paths,ff49,ew
rolling120,1984-12,1994-11,120,20000,0.7554713077198361,2.7265265810636166,1.8344488873783444,1.1871135636040544,1.6138866234809344,1.421998675743127,0.9931,0.8418,0.18525,across paths,ff49,ew
rolling120,1985-01,1994-12,120,20000,0.7519826922434458,2.683617707472135,1.8015077822846401,1.1756640399118878,1.5874798630642122,1.4316447488441943,0.99265,0.83475,0.18515,across paths,ff49,ew
rolling120,1985-02,1995-01,120,20000,0.7479791550430881,2.4665752352955397,1.585163953655109,1.0820994428796273,1.386484472082385,1.4397204753785908,0.9862,0.7832,0.17285,across paths,ff49,ew
rolling120,1985-03,1995-02,120,20000,0.7448509362331084,2.5425129835736255,1.5403653035543254,1.0633704813986984,1.3465247781642695,1.4506705354816092,0.9849,0.7703,0.1498,across paths,ff49,ew
rolling120,1985-04,1995-03,120,20000,0.7420763770023662,2.644042065976878,1.5915763211043628,1.079557065473448,1.3966781513446267,1.451710802760077,0.987,0.78595,0.14415,across paths,ff49,ew
rolling120,1985-05,1995-04,120,20000,0.7372334323482694,2.7459554316953554,1.6838946058100799,1.1183754414423484,1.479308959866563,1.473662627276874,0.9901,0.8123,0.14885,across paths,ff49,ew
rolling120,1985-06,1995-05,120,20000,0.7351624209049774,2.6648219980570103,1.6696334236052819,1.1128550430200082,1.4647994348101387,1.4755099382559291,0.9901,0.81,0.1572,across paths,ff49,ew
rolling120,1985-07,1995-06,120,20000,0.7337818839216617,2.7141326063592914,1.7715256826815327,1.1569230467312672,1.5573707599629525,1.4778418248866478,0.99215,0.83555,0.1749,across paths,ff49,ew
rolling120,1985-08,1995-07,120,20000,0.7308526161789994,2.8725130358196584,1.849954601118882,1.1918309823564033,1.6238807799798176,1.481957662026281,0.9937,0.8536,0.16525,across paths,ff49,ew
rolling120,1985-09,1995-08,120,20000,0.7294755081800504,2.930091087788848,1.9271291953653995,1.2262906926109718,1.6996133898012107,1.4840673689410921,0.99495,0.8684,0.17275,across paths,ff49,ew
rolling120,1985-10,1995-09,120,20000,0.7265529352537028,3.245021896155735,2.1721082209649665,1.3317069504573047,1.925999762252813,1.4804160731038754,0.9968,0.9081,0.1736,across paths,ff49,ew
rolling120,1985-11,1995-10,120,20000,0.7234652101832042,3.014212774424955,1.9736708814218895,1.2489461286012669,1.740603487146291,1.4682155019635423,0.99485,0.8782,0.17005,across paths,ff49,ew
rolling120,1985-12,1995-11,120,20000,0.720210480137137,2.9133606929529905,1.8602637156777724,1.2011860968776986,1.6375670570409402,1.4605809199628785,0.9934,0.8573,0.16105,across paths,ff49,ew
rolling120,1986-01,1995-12,120,20000,0.7174759180226615,2.80104765287972,1.7927213930530481,1.1744331206641565,1.5759865062660847,1.4655070932662597,0.99245,0.8423,0.1651,across paths,ff49,ew
rolling120,1986-02,1996-01,120,20000,0.7152556329257751,2.856630604428597,1.7590627868830893,1.1586317268820943,1.5427482324876163,1.4442336177587618,0.99125,0.8368,0.1469,across paths,ff49,ew
rolling120,1986-03,1996-02,120,20000,0.7128669351379546,2.6435076166293014,1.7051144152405995,1.133852736582988,1.4982955001724452,1.438354428239348,0.99045,0.8264,0.16905,across paths,ff49,ew
rolling120,1986-04,1996-03,120,20000,0.70929136797713,2.4922559498599304,1.6271480334204464,1.1002028868076235,1.4266156611967469,1.4307532308795574,0.9885,0.80795,0.1773,across paths,ff49,ew
rolling120,1986-05,1996-04,120,20000,0.7082710985573268,2.6076791614232153,1.7401747557028255,1.1544865362004828,1.525979396277331,1.4428847127335365,0.99075,0.83595,0.1853,across paths,ff49,ew
rolling120,1986-06,1996-05,120,20000,0.7070811395872898,2.5277068234333364,1.8435033778800523,1.2054089744811929,1.617174087274702,1.4538747098307885,0.9922,0.85805,0.22705,across paths,ff49,ew
rolling120,1986-07,1996-06,120,20000,0.7050432393012722,2.4474843115005656,1.7398290049155636,1.1650874967163705,1.5202513326799365,1.4750733853083609,0.98995,0.83625,0.21705,across paths,ff49,ew
rolling120,1986-08,1996-07,120,20000,0.7038558832850459,2.4621404250577994,1.705263461299162,1.1524022140864238,1.4847098144601414,1.4786968259675426,0.98915,0.82905,0.20515,across paths,ff49,ew
rolling120,1986-09,1996-08,120,20000,0.7030078562676834,2.353268084647178,1.7547480423470923,1.1733580562466122,1.529904524087323,1.49190456926089,0.99065,0.84205,0.24095,across paths,ff49,ew
rolling120,1986-10,1996-09,120,20000,0.70283831840245,2.849359019443119,1.9915199886769515,1.2700609166534866,1.7469178421104452,1.4758289527610422,0.99515,0.88835,0.2011,across paths,ff49,ew
rolling120,1986-11,1996-10,120,20000,0.7021603019507663,2.7098151767782466,1.848153291899706,1.2108073540363344,1.6121387691776934,1.4753287483969606,0.99215,0.8602,0.1908,across paths,ff49,ew
rolling120,1986-12,1996-11,120,20000,0.7024994114839773,2.896109558440015,1.9413711164657728,1.2527442355909324,1.698949953325853,1.508609405886637,0.99415,0.8776,0.1802,across paths,ff49,ew
rolling120,1987-01,1996-12,120,20000,0.7019911521313602,2.9574182864500242,2.016842347621202,1.2845459676313742,1.7683177241691004,1.4859112908821395,0.99535,0.89055,0.187,across paths,ff49,ew
rolling120,1987-02,1997-01,120,20000,0.7024996139374147,2.695857726363935,1.8771544521538777,1.2255587887300803,1.6417933145061123,1.5074325544566651,0.99345,0.86655,0.20095,across paths,ff49,ew
rolling120,1987-03,1997-02,120,20000,0.7018215298534007,2.5230717053813647,1.6783381998524058,1.1546273437866414,1.4508656170693794,1.551077674619517,0.9874,0.81975,0.1847,across paths,ff49,ew
rolling120,1987-04,1997-03,120,20000,0.7011439856989854,2.2922259687603908,1.4741962684366658,1.062265760681435,1.2623737450088883,1.5236191494657003,0.9808,0.7633,0.179,across paths,ff49,ew
rolling120,1987-05,1997-04,120,20000,0.7009746165247821,2.497090462190117,1.475754622490588,1.059080146585622,1.2645423388572208,1.5244565963868268,0.98135,0.7661,0.1436,across paths,ff49,ew
rolling120,1987-06,1997-05,120,20000,0.7028386054450622,2.7312970380736825,1.6698530854468467,1.1428376590456124,1.4466901259617317,1.5201680695065958,0.9885,0.8185,0.1511,across paths,ff49,ew
rolling120,1987-07,1997-06,120,20000,0.7009744310163302,2.7341565434194597,1.703108025227699,1.15643699737901,1.4738124903428764,1.5039443478563872,0.98925,0.82735,0.1585,across paths,ff49,ew
rolling120,1987-08,1997-07,120,20000,0.7004664752833969,2.8573156854075985,1.7259390723787633,1.1679507955883406,1.5007599550559745,1.531661846310559,0.9902,0.8337,0.14285,across paths,ff49,ew
rolling120,1987-09,1997-08,120,20000,0.6994509682811378,2.5724403660121733,1.7588597801398869,1.1833082696868804,1.5225935855922736,1.5190200678912469,0.99105,0.84175,0.19705,across paths,ff49,ew
rolling120,1987-10,1997-09,120,20000,0.699281784511274,2.8611703475709396,2.0154136548961588,1.3003410727870524,1.7601072932556125,1.5370854177896054,0.99575,0.88705,0.20605,across paths,ff49,ew
rolling120,1987-11,1997-10,120,20000,0.6962413200857072,3.819355108930428,3.1286160155631615,1.7540186188280413,2.7892521726366866,1.5132205091823467,0.99955,0.97965,0.275,across paths,ff49,ew
rolling120,1987-12,1997-11,120,20000,0.6969174501584867,4.380979923979133,3.227769348190598,1.7917380918190695,2.874991691181627,1.5199052044308223,0.9996,0.98345,0.2095,across paths,ff49,ew
rolling120,1988-01,1997-12,120,20000,0.6984387428222412,4.109948382243405,2.9296561165577253,1.6603771955950435,2.608868521733228,1.5262664436931017,0.99935,0.9731,0.1923,across paths,ff49,ew
rolling120,1988-02,1998-01,120,20000,0.7008096813404898,3.9182641941247978,2.7363129684251826,1.5785413064946803,2.429461250836402,1.5166278720543955,0.99915,0.9634,0.18505,across paths,ff49,ew
rolling120,1988-03,1998-02,120,20000,0.6996245660936864,4.020620923053174,2.7158415688615296,1.5671065933574921,2.4110985469311457,1.5050589993518753,0.99895,0.96185,0.16635,across paths,ff49,ew
rolling120,1988-04,1998-03,120,20000,0.6987784766043923,4.377045121807305,2.739404059260853,1.5744177647342679,2.4360078445437674,1.5063844721388977,0.99895,0.96435,0.1304,across paths,ff49,ew
rolling120,1988-05,1998-04,120,20000,0.6982711766412415,4.384496238476148,2.714489679315236,1.5587078860126253,2.4178691315349345,1.5214105924340033,0.9989,0.96385,0.12445,across paths,ff49,ew
rolling120,1988-06,1998-05,120,20000,0.6964125573055484,4.228182550786945,2.6185717357715865,1.5264432120663316,2.327809354449264,1.5538460875733253,0.99875,0.9575,0.1274,across paths,ff49,ew
rolling120,1988-07,1998-06,120,20000,0.6950620447711231,4.14524282570084,2.3488954517949794,1.4139539933959062,2.083489216779133,1.555247163087504,0.99785,0.93535,0.0987,across paths,ff49,ew
rolling120,1988-08,1998-07,120,20000,0.6932069375686081,4.078892726800004,2.1590429548608934,1.341884163081655,1.9046979523128404,1.5458455228682597,0.99655,0.91315,0.0824,across paths,ff49,ew
rolling120,1988-09,1998-08,120,20000,0.6905136965902705,3.4053964667699868,1.6456045530234573,1.1382621587422181,1.430564174658677,1.589111452887994,0.98645,0.819,0.0714,across paths,ff49,ew
rolling120,1988-10,1998-09,120,20000,0.6878255412389052,3.520692131059553,1.683470137330593,1.1677272388497941,1.4589648503347938,1.6106226054425894,0.98755,0.8265,0.06885,across paths,ff49,ew
rolling120,1988-11,1998-10,120,20000,0.6829605237758372,3.7663384657825496,1.8210360743959368,1.2389590850790067,1.5855862951267985,1.6670007636400261,0.99025,0.85385,0.06955,across paths,ff49,ew
rolling120,1988-12,1998-11,120,20000,0.6786096265283306,4.15811888087434,2.120971367994176,1.383489688430947,1.848512071707802,1.6793926658079965,0.99505,0.90315,0.0776,across paths,ff49,ew
rolling120,1989-01,1998-12,120,20000,0.6744393750463467,4.381396576040966,2.0898549709522922,1.3821305729916882,1.8191944685516594,1.7636875717718516,0.99415,0.8981,0.06215,across paths,ff49,ew
rolling120,1989-02,1999-01,120,20000,0.6711088143799195,4.240577813640344,2.065585737735455,1.3839983812882697,1.793503958377855,1.771609241625459,0.99385,0.89265,0.06805,across paths,ff49,ew
rolling120,1989-03,1999-02,120,20000,0.6667902745554608,4.128180789989385,1.8781564541850435,1.287748307845435,1.6241275989217265,1.7110635174195419,0.9908,0.8637,0.0571,across paths,ff49,ew
rolling120,1989-04,1999-03,120,20000,0.6628166015059591,4.211945088886903,1.7680593303101926,1.2512646848734112,1.5193454045417645,1.732105576973198,0.9878,0.8445,0.04555,across paths,ff49,ew
rolling120,1989-05,1999-04,120,20000,0.6578613518739753,4.196560371903898,1.927303981750728,1.3291534640504403,1.666851060194397,1.7279944216284921,0.9916,0.87105,0.05955,across paths,ff49,ew
rolling120,1989-06,1999-05,120,20000,0.6504594508089561,3.8874731354084124,1.9418540973068101,1.33761906419484,1.6750744922559813,1.7464549496661292,0.99145,0.87715,0.0788,across paths,ff49,ew
rolling120,1989-07,1999-06,120,20000,0.6453790970233264,4.1722232808502975,2.078591325981328,1.4034362225034223,1.7982680571430645,1.7491086503788276,0.99365,0.8982,0.07585,across paths,ff49,ew
rolling120,1989-08,1999-07,120,20000,0.6401504842025967,3.645316218776281,1.981422843388849,1.3577434530191017,1.7093188260617649,1.6875501248404619,0.99205,0.88635,0.1036,across paths,ff49,ew
rolling120,1989-09,1999-08,120,20000,0.6344521253632986,3.502096623110771,1.7979664884192956,1.2763636891837193,1.5399133650018584,1.702001823233078,0.9875,0.85465,0.08975,across paths,ff49,ew
rolling120,1989-10,1999-09,120,20000,0.6302299936932101,3.3997864886182114,1.7534038669048684,1.2671385181883565,1.495169254871696,1.69077079361681,0.9855,0.8464,0.095,across paths,ff49,ew
rolling120,1989-11,1999-10,120,20000,0.6255342577161436,3.828292953808793,1.8537836891944055,1.319290975108368,1.5839677918529727,1.7028020705157192,0.9886,0.86595,0.07665,across paths,ff49,ew
rolling120,1989-12,1999-11,120,20000,0.6202067544382974,3.9251151068194083,2.004534606463272,1.409230327247197,1.7180164719626108,1.7077894495599046,0.9899,0.88735,0.08955,across paths,ff49,ew
rolling120,1990-01,1999-12,120,20000,0.6174691026317722,4.23042482608486,2.193306063036854,1.5154895109733324,1.8848218094676754,1.7039187342240047,0.99315,0.9081,0.0929,across paths,ff49,ew
rolling120,1990-02,2000-01,120,20000,0.6148958197798176,4.393928458677789,2.51366974899804,1.6814021029952633,2.1682091691018464,1.7276403181001951,0.9962,0.938,0.11635,across paths,ff49,ew
rolling120,1990-03,2000-02,120,20000,0.612647779461938,4.457579890976083,2.742437216195683,1.886504653028042,2.336918955699729,1.897075634180365,0.99675,0.94585,0.14695,across paths,ff49,ew
rolling120,1990-04,2000-03,120,20000,0.609923712266901,4.628545358430297,2.706221843277859,1.8785479356904855,2.292296681820282,1.9048271753670056,0.99615,0.94265,0.1304,across paths,ff49,ew
rolling120,1990-05,2000-04,120,20000,0.6062462621346005,4.440021184296086,2.574570994814472,1.8256669294160404,2.167418472526605,1.911156906615544,0.9949,0.93125,0.12925,across paths,ff49,ew
rolling120,1990-06,2000-05,120,20000,0.6033745465288767,3.791865420426146,2.2778774996961015,1.683060693575799,1.908850169994804,1.9142151275291497,0.99065,0.9021,0.14735,across paths,ff49,ew
rolling120,1990-07,2000-06,120,20000,0.5997098725181285,4.058561566991956,2.4166703204898963,1.76164020767567,2.0333054381993154,1.8845391938491274,0.9927,0.9163,0.141,across paths,ff49,ew
rolling120,1990-08,2000-07,120,20000,0.5965320618853946,4.018617468771126,2.489087424294062,1.802526722305535,2.0979079000280594,1.8944314994395475,0.993,0.9224,0.15495,across paths,ff49,ew
rolling120,1990-09,2000-08,120,20000,0.593994359422632,4.9603704044285335,3.1660572287128534,2.157205768015176,2.6973875869233224,1.8804414095816604,0.99775,0.96455,0.15915,across paths,ff49,ew
rolling120,1990-10,2000-09,120,20000,0.5925683207312995,4.996956443528637,3.4176337007424036,2.2977970248314894,2.906929697552374,1.9021217108831725,0.99845,0.9731,0.18535,across paths,ff49,ew
rolling120,1990-11,2000-10,120,20000,0.5906701463323343,4.937448370273695,3.495930957952328,2.3516665129797456,2.9829484358872493,1.8844772721714675,0.9983,0.97425,0.20135,across paths,ff49,ew
rolling120,1990-12,2000-11,120,20000,0.589721153503658,3.9873011422959275,3.0055544248845325,2.1309762069291076,2.534590562641717,1.9304851136846926,0.99625,0.95225,0.23365,across paths,ff49,ew
rolling120,1991-01,2000-12,120,20000,0.5881409137884455,3.9205198927678016,3.0001803228596318,2.139585669449397,2.5276090612252657,1.9224770707227252,0.99615,0.94965,0.2437,across paths,ff49,ew
rolling120,1991-02,2001-01,120,20000,0.588456898848889,3.854108541682063,3.4123955023746237,2.3890800426991077,2.872527245097815,1.8949233414928812,0.99765,0.9643,0.3237,across paths,ff49,ew
rolling120,1991-03,2001-02,120,20000,0.5868760301199389,3.0732674537101756,2.768687005555388,2.069848584812883,2.292529608736505,1.9540902245570801,0.99255,0.9287,0.3349,across paths,ff49,ew
rolling120,1991-04,2001-03,120,20000,0.5865600452473538,2.6809537212626293,2.3422279594486572,1.8467365974494625,1.9267144735488753,1.9957565454772124,0.98465,0.89075,0.3228,across paths,ff49,ew
rolling120,1991-05,2001-04,120,20000,0.5843505713954229,2.977265906106414,2.492319760487933,1.9348596879232207,2.0566215082920625,2.0028417040965767,0.98765,0.90525,0.3007,across paths,ff49,ew
rolling120,1991-06,2001-05,120,20000,0.581985162957986,2.8577149382190314,2.6176578375577293,2.0001956556244824,2.1684172429305058,1.9624271279884482,0.9893,0.9176,0.3471,across paths,ff49,ew
rolling120,1991-07,2001-06,120,20000,0.5797796468972998,2.973268611483657,2.746317268253232,2.0717910143369047,2.2824154227651,1.9628371714021267,0.99125,0.9274,0.35125,across paths,ff49,ew
rolling120,1991-08,2001-07,120,20000,0.5767927016001513,2.7243939615138975,2.5602170503044066,1.9749339741090777,2.118436898252593,1.9709444947611363,0.98755,0.91175,0.36055,across paths,ff49,ew
rolling120,1991-09,2001-08,120,20000,0.574438342599155,2.4029756462908147,2.412023496607929,1.8908837514461432,1.9851894492479643,1.9415632531377052,0.98475,0.8961,0.39975,across paths,ff49,ew
rolling120,1991-10,2001-09,120,20000,0.5716173302393313,2.13347732212315,2.001250684504294,1.6835271949593276,1.6120512927612558,1.9696154700745236,0.9699,0.84035,0.3621,across paths,ff49,ew
rolling120,1991-11,2001-10,120,20000,0.5684872419496692,2.1639771997055113,2.1144696302500163,1.7629827050076656,1.71050323256786,1.981566353400667,0.97385,0.85575,0.3827,across paths,ff49,ew
rolling120,1991-12,2001-11,120,20000,0.5650499753570908,2.5425755734305393,2.3528707591625877,1.901373549023566,1.915893733134616,1.9758665524274492,0.9816,0.88745,0.3522,across paths,ff49,ew
rolling120,1992-01,2001-12,120,20000,0.5614639871688849,2.2409645810688814,2.40396925506112,1.9287343037480404,1.9591491888839396,1.9637519560443586,0.9834,0.8936,0.43365,across paths,ff49,ew
rolling120,1992-02,2002-01,120,20000,0.5583516411709399,2.206849164426051,2.020807199935481,1.7011612938001954,1.6376843356274253,1.9777125188866813,0.97205,0.84625,0.34715,across paths,ff49,ew
rolling120,1992-03,2002-02,120,20000,0.5560206405110313,2.0951662762016636,1.8622058241239552,1.615832167267226,1.4970790428371639,1.9802574096367744,0.9649,0.8188,0.33645,across paths,ff49,ew
rolling120,1992-04,2002-03,120,20000,0.5527640695073701,2.306812409122402,2.1515270468886563,1.781096644128476,1.7478890399100802,1.9894219108916975,0.97565,0.8664,0.35845,across paths,ff49,ew
rolling120,1992-05,2002-04,120,20000,0.5501327906814506,2.0958364078698435,2.3333827637953184,1.8907823683718543,1.9076787539945144,1.979647340392818,0.98205,0.8883,0.4511,across paths,ff49,ew
rolling120,1992-06,2002-05,120,20000,0.5479686643282855,2.040432694068236,2.307055437740316,1.8806273309481767,1.8751592315387267,1.9621189701813215,0.9808,0.88485,0.4588,across paths,ff49,ew
rolling120,1992-07,2002-06,120,20000,0.54503690549433,1.8825002273593139,2.2543300233553802,1.851646397145813,1.837031216819158,1.9662175951032763,0.9789,0.8792,0.4869,across paths,ff49,ew
rolling120,1992-08,2002-07,120,20000,0.5425724861455208,1.5465916121429775,1.7991757664843018,1.5961886744774554,1.4331851100688051,1.9658431863162396,0.958,0.80765,0.4635,across paths,ff49,ew
rolling120,1992-09,2002-08,120,20000,0.5407261995074051,1.6183998758282518,1.9218036770926374,1.6762025574317252,1.5375086330214225,2.0153182502922955,0.96425,0.8293,0.4732,across paths,ff49,ew
rolling120,1992-10,2002-09,120,20000,0.5388821226677791,1.3177162035424042,1.6473699951460843,1.5212091292830794,1.2959072184635976,1.9736308715904776,0.94535,0.7751,0.493,across paths,ff49,ew
rolling120,1992-11,2002-10,120,20000,0.5375003069335667,1.4717727966272478,1.6759445584173027,1.5453082388491866,1.315890043352239,1.9768103721608603,0.9457,0.7824,0.45195,across paths,ff49,ew
rolling120,1992-12,2002-11,120,20000,0.535812937545532,1.512270367598147,1.757298601426919,1.6079499642243507,1.3775858799128577,2.0165678432579104,0.9501,0.7963,0.4595,across paths,ff49,ew
rolling120,1993-01,2002-12,120,20000,0.5332093456091269,1.328186908779935,1.579297116569262,1.50899882921976,1.2204717981509852,2.0051569309372703,0.934,0.75715,0.4665,across paths,ff49,ew
rolling120,1993-02,2003-01,120,20000,0.5312207472360928,1.244642835244239,1.4076921601330095,1.4039395336097904,1.077370817387446,1.9936023917692698,0.91585,0.7136,0.44435,across paths,ff49,ew
rolling120,1993-03,2003-02,120,20000,0.5292345299427312,1.1969939490665409,1.365050621810276,1.3787065879155975,1.0414696276396835,2.0021401012037976,0.91085,0.70545,0.44615,across paths,ff49,ew
rolling120,1993-04,2003-03,120,20000,0.5269463984764828,1.1674350951159527,1.3118615039776271,1.3497528870291486,0.994820533588683,2.013509054285978,0.90335,0.6919,0.44005,across paths,ff49,ew
rolling120,1993-05,2003-04,120,20000,0.5248137917747004,1.414753288395465,1.561207067336621,1.4944671499694109,1.2094000023338014,1.9988987158217357,0.9324,0.7588,0.43675,across paths,ff49,ew
rolling120,1993-06,2003-05,120,20000,0.5228358852397701,1.4857134519473827,1.7547088475972157,1.6221451272353322,1.371097195668662,2.043396208121186,0.94795,0.79835,0.4651,across paths,ff49,ew
rolling120,1993-07,2003-06,120,20000,0.5205573278054962,1.5096929849994853,1.85964851180995,1.6826212198640045,1.4627436383736516,2.0508143530190037,0.95595,0.81805,0.48575,across paths,ff49,ew
rolling120,1993-08,2003-07,120,20000,0.5179785693684757,1.5724981147542287,1.9930704681930884,1.7643060117127822,1.5715547763975088,2.0455308103031364,0.96315,0.83835,0.49985,across paths,ff49,ew
rolling120,1993-09,2003-08,120,20000,0.5152530218125024,1.5336520818585462,2.0368437111622733,1.7845714886001096,1.6092985065726757,2.0220110649856684,0.9659,0.8466,0.5219,across paths,ff49,ew
rolling120,1993-10,2003-09,120,20000,0.5125326393675969,1.500760652795074,2.044137166433434,1.7873693397961237,1.6196721518485675,2.0163448479208856,0.9667,0.8477,0.53495,across paths,ff49,ew
rolling120,1993-11,2003-10,120,20000,0.5102688208093737,1.6117251406355493,2.155169214511507,1.8531292718822299,1.7197626774621506,2.0131750265078736,0.9713,0.8631,0.5307,across paths,ff49,ew
rolling120,1993-12,2003-11,120,20000,0.5075571161934567,1.6924289872256293,2.3820425505197846,1.99208489105539,1.9222539974745132,2.022994123525196,0.97945,0.8884,0.55915,across paths,ff49,ew
rolling120,1994-01,2003-12,120,20000,0.5053009696562023,1.7582333470429803,2.5229736252469896,2.08482144321027,2.0343224511933125,2.070769315526547,0.98245,0.901,0.56865,across paths,ff49,ew
rolling120,1994-02,2004-01,120,20000,0.5025981848727796,1.7341603252010613,2.5672061401781217,2.1150587487324617,2.0704445470288277,2.0768721014182354,0.9837,0.9052,0.58315,across paths,ff49,ew
rolling120,1994-03,2004-02,120,20000,0.5003490108608952,1.840547886492931,2.6794410706770946,2.1897693495216526,2.172916791295103,2.1243402976011425,0.98545,0.91425,0.57715,across paths,ff49,ew
rolling120,1994-04,2004-03,120,20000,0.4976556547029716,1.9384260028163678,2.8859885910926555,2.3122776122176876,2.3452907246718246,2.1097743952489285,0.9885,0.92925,0.5922,across paths,ff49,ew
rolling120,1994-05,2004-04,120,20000,0.4948177712443744,1.8604172689129719,2.8378065937759804,2.2909321829107014,2.2998468077126777,2.110447629834827,0.98665,0.9258,0.6,across paths,ff49,ew
rolling120,1994-06,2004-05,120,20000,0.49094364225191445,1.8700559395911736,2.8678992370709575,2.314908239501922,2.3248039901837805,2.1425392487701536,0.9869,0.9276,0.60245,across paths,ff49,ew
rolling120,1994-07,2004-06,120,20000,0.48752506945042007,2.007554250257306,3.1608460509533716,2.5013176460754245,2.571450501080254,2.1920890763693524,0.9909,0.94565,0.62025,across paths,ff49,ew
rolling120,1994-08,2004-07,120,20000,0.4848550005184191,1.8021887611999703,2.889321612979292,2.348217198842138,2.3304968419063785,2.1537540939977697,0.9871,0.93,0.62325,across paths,ff49,ew
rolling120,1994-09,2004-08,120,20000,0.4810086091650789,1.6891777957372622,2.698633184501154,2.23462219540462,2.1684532452705234,2.1574262181908277,0.98365,0.91625,0.61585,across paths,ff49,ew
rolling120,1994-10,2004-09,120,20000,0.47717218156337604,1.788421588382473,2.8095087288771463,2.3083169686792067,2.268170056349964,2.174916446851776,0.98595,0.92485,0.6114,across paths,ff49,ew
rolling120,1994-11,2004-10,120,20000,0.4731989150857703,1.7829395838835396,2.8411562919614486,2.323346731020833,2.2979211097283194,2.1340110278848474,0.9872,0.9278,0.61895,across paths,ff49,ew
rolling120,1994-12,2004-11,120,20000,0.46996982510550844,2.0238542208940107,3.4160170030275103,2.6752798106057387,2.78802915944363,2.1348179184002896,0.99365,0.959,0.65715,across paths,ff49,ew
rolling120,1995-01,2004-12,120,20000,0.4658719402884084,2.0919133287285447,3.6858055197761437,2.8388507826853195,3.018447789526561,2.1403925242990622,0.99495,0.9683,0.6812,across paths,ff49,ew
rolling120,1995-02,2005-01,120,20000,0.4620766136156844,1.9464222006598288,3.4427147433480116,2.698922613683601,2.806926021501055,2.1305128318352327,0.9934,0.96025,0.67615,across paths,ff49,ew
rolling120,1995-03,2005-02,120,20000,0.45858160975843587,1.8900598034733131,3.430749797316756,2.6965328479037183,2.792648832768488,2.1441203696450457,0.99355,0.95975,0.68655,across paths,ff49,ew
rolling120,1995-04,2005-03,120,20000,0.45495185261689075,1.7667430773241333,3.240249405389144,2.5854014621366637,2.6250402761506324,2.158891650611865,0.99185,0.95235,0.6837,across paths,ff49,ew
rolling120,1995-05,2005-04,120,20000,0.45162012296633414,1.6331947766634367,2.917653753470087,2.3880790041378064,2.3510194709554733,2.145579938141523,0.9875,0.9361,0.6663,across paths,ff49,ew
rolling120,1995-06,2005-05,120,20000,0.4472886525377491,1.6446500903670191,3.018751685540385,2.447285558794631,2.4398521090195686,2.1539809577887685,0.9893,0.94195,0.6796,across paths,ff49,ew
rolling120,1995-07,2005-06,120,20000,0.4438314088171458,1.5836532184310421,2.984910351945179,2.4219906648847354,2.408847465552313,2.135385310190469,0.9885,0.9414,0.6896,across paths,ff49,ew
rolling120,1995-08,2005-07,120,20000,0.4408129459415695,1.5836532184310421,3.0361603139792206,2.4555092522603172,2.4466231968410357,2.129434598134336,0.98965,0.9454,0.6961,across paths,ff49,ew
rolling120,1995-09,2005-08,120,20000,0.4383750221751712,1.5345479503713735,2.8803916446886766,2.361966002422161,2.30799190473184,2.1438096619136546,0.9872,0.938,0.6839,across paths,ff49,ew
rolling120,1995-10,2005-09,120,20000,0.43636991908740286,1.460799662384849,2.8038385722073036,2.3173146162327742,2.246647601165942,2.1293716302234778,0.98515,0.93225,0.6901,across paths,ff49,ew
rolling120,1995-11,2005-10,120,20000,0.43351061796450585,1.4426470375511689,2.8419915748671154,2.342163756384342,2.279331616284364,2.1337915885876724,0.9862,0.93475,0.7009,across paths,ff49,ew
rolling120,1995-12,2005-11,120,20000,0.43194035140429765,1.431882354304633,2.928465554963438,2.401128762609343,2.356425158981381,2.155536625320514,0.98805,0.9412,0.71735,across paths,ff49,ew
rolling120,1996-01,2005-12,120,20000,0.42951792270752476,1.3971514431085166,2.9332793266652977,2.4007562860194644,2.356164453557458,2.15976011085768,0.98785,0.9415,0.7259,across paths,ff49,ew
rolling120,1996-02,2006-01,120,20000,0.42837920485611947,1.4132585080198519,3.105597212711358,2.5152309442036165,2.503845014401817,2.2567195618828624,0.99075,0.9503,0.74625,across paths,ff49,ew
rolling120,1996-03,2006-02,120,20000,0.4276677897725176,1.3734013089098105,2.9664322852647222,2.427821434381748,2.381188805530484,2.205206393217704,0.98875,0.9424,0.7355,across paths,ff49,ew
rolling120,1996-04,2006-03,120,20000,0.4273833654693455,1.3900641678965204,3.0392901616102774,2.471324445277054,2.4412889993901405,2.1880887531540454,0.98985,0.9461,0.7435,across paths,ff49,ew
rolling120,1996-05,2006-04,120,20000,0.4259625180022244,1.3567263629795092,2.9302362329867564,2.402552627759847,2.348780143745267,2.1787799563697203,0.98795,0.9414,0.7366,across paths,ff49,ew
rolling120,1996-06,2006-05,120,20000,0.426104517854645,1.2212111576359694,2.4983862818157276,2.1320697127086015,1.9806366157625466,2.1808217264629017,0.97855,0.9122,0.70225,across paths,ff49,ew
rolling120,1996-07,2006-06,120,20000,0.426104517854645,1.2386640104913744,2.5620112937856327,2.1663625642497584,2.0334311759049837,2.130902726013791,0.97995,0.9168,0.709,across paths,ff49,ew
rolling120,1996-08,2006-07,120,20000,0.42539465995626013,1.3604412674913293,2.769332339624245,2.2954006340226147,2.2081543137081967,2.134747868165991,0.9845,0.93325,0.7113,across paths,ff49,ew
rolling120,1996-09,2006-08,120,20000,0.4255366173967494,1.3437411112084376,2.6773708331839554,2.238490619926606,2.133290753439148,2.1265201120941017,0.9826,0.9267,0.7,across paths,ff49,ew
rolling120,1996-10,2006-09,120,20000,0.42511082987661886,1.2726176256146302,2.6060521532109573,2.2016169990789938,2.069504901567578,2.101961053096133,0.9807,0.9202,0.7049,across paths,ff49,ew
rolling120,1996-11,2006-10,120,20000,0.424968914836799,1.3251196025515264,2.8864914048847368,2.372741900467572,2.304947049234286,2.127730788305233,0.9868,0.93775,0.7378,across paths,ff49,ew
rolling120,1996-12,2006-11,120,20000,0.42511082987661886,1.2261505138998854,2.9201848373623847,2.3916770878177425,2.338348061716622,2.1015275089696255,0.9873,0.941,0.76825,across paths,ff49,ew
rolling120,1997-01,2006-12,120,20000,0.42425967867422365,1.2822776380352723,3.016870036824746,2.4482058492150904,2.414436411316437,2.082235563712518,0.98905,0.94545,0.76975,across paths,ff49,ew
rolling120,1997-02,2007-01,120,20000,0.42411789075200623,1.2045489906531763,2.8815999099912366,2.365469612511518,2.306126574164378,2.053535303706519,0.98635,0.93895,0.76945,across paths,ff49,ew
rolling120,1997-03,2007-02,120,20000,0.42397603221124003,1.1716716210598106,2.8896654274905083,2.355395572178708,2.32473394135098,2.041589535039276,0.98725,0.94035,0.77945,across paths,ff49,ew
rolling120,1997-04,2007-03,120,20000,0.42397603221124003,1.30209483024829,3.1114158887585517,2.4861658175363446,2.5103563371852498,2.0330785155826785,0.99035,0.9514,0.77925,across paths,ff49,ew
rolling120,1997-05,2007-04,120,20000,0.42411782012642596,1.2901954217258997,3.3230927451800083,2.6150762428881045,2.6945632680863154,2.028727205881788,0.9924,0.96035,0.81005,across paths,ff49,ew
rolling120,1997-06,2007-05,120,20000,0.4229840811911081,1.213727415665662,3.116844500744633,2.491680337184838,2.517155910069576,2.0324950563880217,0.99075,0.9517,0.80135,across paths,ff49,ew
rolling120,1997-07,2007-06,120,20000,0.4234094027257871,1.085951247230092,2.952650887790487,2.3962417703453474,2.384679875320507,2.061516227613421,0.98765,0.9446,0.8124,across paths,ff49,ew
rolling120,1997-08,2007-07,120,20000,0.4229842082412525,0.8718188841860515,2.5987178245522338,2.1820651923008647,2.0752018231810005,2.063564341484101,0.9806,0.9203,0.81775,across paths,ff49,ew
rolling120,1997-09,2007-08,120,20000,0.4231259256208202,0.9699674187633487,2.4078059129398675,2.0721828007745047,1.908334315370419,2.085264162777379,0.97565,0.903,0.75955,across paths,ff49,ew
rolling120,1997-10,2007-09,120,20000,0.4214256556977367,0.9282513380483743,2.239514309761122,1.9701279284469662,1.759646640109676,2.076768727314252,0.97005,0.88715,0.74205,across paths,ff49,ew
rolling120,1997-11,2007-10,120,20000,0.4200101750607148,1.0378156088606865,2.377555102003032,2.0592712137011913,1.8786951406755765,2.0704575200933335,0.97485,0.90075,0.735,across paths,ff49,ew
rolling120,1997-12,2007-11,120,20000,0.41930292823580184,0.8832743593591592,2.18378886686827,1.9364263782030644,1.7201513961138875,2.0466019526292247,0.9671,0.88145,0.7465,across paths,ff49,ew
rolling120,1998-01,2007-12,120,20000,0.416336630316519,0.8386943455485742,2.2634042699690875,1.986718380410922,1.7826491825609432,2.0453837646790496,0.9708,0.8903,0.7734,across paths,ff49,ew
rolling120,1998-02,2008-01,120,20000,0.41323403090728217,0.7162122207208221,2.052223210061223,1.8634618751392944,1.6017690553987163,2.0540187015396083,0.96025,0.8665,0.7745,across paths,ff49,ew
rolling120,1998-03,2008-02,120,20000,0.409573896949359,0.5503745475586359,1.8401010816801933,1.7419706394591872,1.423386198969257,2.058428314940719,0.9452,0.83885,0.7887,across paths,ff49,ew
rolling120,1998-04,2008-03,120,20000,0.4064848815361817,0.4630876495886209,1.65311280784015,1.6276349854179235,1.2596194099344604,2.063891422185366,0.9298,0.8048,0.78345,across paths,ff49,ew
rolling120,1998-05,2008-04,120,20000,0.40298372430842044,0.5154389127250332,1.673507312935615,1.6407075103664843,1.2746645882580319,2.040928839097806,0.932,0.8085,0.7672,across paths,ff49,ew
rolling120,1998-06,2008-05,120,20000,0.39990945718344184,0.5889298370860949,1.900895093743916,1.7807152863809017,1.461173933994004,2.0284217443708483,0.9496,0.8481,0.7838,across paths,ff49,ew
rolling120,1998-07,2008-06,120,20000,0.3965633933479267,0.4070311124930346,1.7237318444151462,1.6796741936083175,1.307395728279526,2.028716078836794,0.93435,0.81795,0.8143,across paths,ff49,ew
rolling120,1998-08,2008-07,120,20000,0.39308589485851475,0.4274228677465557,1.8993678978995605,1.7865044440665543,1.448350196926066,1.992087526649703,0.9486,0.8474,0.8368,across paths,ff49,ew
rolling120,1998-09,2008-08,120,20000,0.38892453103836555,0.7197417484607116,2.647089376744207,2.2628600181574563,2.07863669600996,2.046273558008511,0.9804,0.9257,0.85425,across paths,ff49,ew
rolling120,1998-10,2008-09,120,20000,0.3846385803652428,0.46415893821127563,2.097067766765876,1.929906203332548,1.6106091353255083,2.0252991557739324,0.95665,0.87205,0.84945,across paths,ff49,ew
rolling120,1998-11,2008-10,120,20000,0.38132604787633073,0.13093655917008862,1.2762152130112943,1.4427579133928459,0.9199512882534112,2.1604597402749723,0.8757,0.7174,0.8241,across paths,ff49,ew
rolling120,1998-12,2008-11,120,20000,0.37747028779851877,-0.018855658527848762,0.8311133016337335,1.1730058473582894,0.5397896859027858,2.2704865370925,0.7764,0.57715,0.7873,across paths,ff49,ew
rolling120,1999-01,2008-12,120,20000,0.37225571607742447,-0.0626953944276647,0.880193574697148,1.2087087172196564,0.5821949926103729,2.3011292301187494,0.789,0.5967,0.82035,across paths,ff49,ew
rolling120,1999-02,2009-01,120,20000,0.3674695725734174,-0.17030081577431055,0.6937096636433273,1.083267789682227,0.4271761903154645,2.250243224322341,0.7337,0.5293,0.8297,across paths,ff49,ew
rolling120,1999-03,2009-02,120,20000,0.36283639215812147,-0.2254589624352058,0.5638401844646634,1.0050517171622375,0.314520238480692,2.2321690375736907,0.68355,0.47425,0.82185,across paths,ff49,ew
rolling120,1999-04,2009-03,120,20000,0.3572726868829563,-0.18729468457617637,0.7816961334389787,1.1474943971108218,0.4983515089020568,2.233691604282884,0.75735,0.566,0.85605,across paths,ff49,ew
rolling120,1999-05,2009-04,120,20000,0.3524045174371271,-0.1448393500773857,1.0590602420379172,1.3346185566184194,0.7217227243740362,2.204370110938112,0.8257,0.6611,0.8888,across paths,ff49,ew
rolling120,1999-06,2009-05,120,20000,0.3478219228992694,-0.08079840643279246,1.192980529838401,1.428416529713266,0.8338121909428771,2.2259336220930837,0.85115,0.70125,0.88255,across paths,ff49,ew
rolling120,1999-07,2009-06,120,20000,0.3425863596529477,-0.12222671824707976,1.162547918790764,1.417077829771418,0.8056936450508898,2.2417045073174195,0.84305,0.6947,0.89185,across paths,ff49,ew
rolling120,1999-08,2009-07,120,20000,0.3376375954262929,-0.023840735794435353,1.3881485006400458,1.5695028460872873,0.9925181541365946,2.2262315978373675,0.87945,0.7513,0.8885,across paths,ff49,ew
rolling120,1999-09,2009-08,120,20000,0.33257431934040804,0.018746701302797986,1.684270149883392,1.768917484707273,1.2411196593157268,2.188649744013942,0.91515,0.81165,0.91065,across paths,ff49,ew
rolling120,1999-10,2009-09,120,20000,0.32753020895740814,0.0862665861361227,1.963160424609231,1.943453715740297,1.4779957393348506,2.1711965261079857,0.93865,0.8539,0.9196,across paths,ff49,ew
rolling120,1999-11,2009-10,120,20000,0.32237295443511105,-0.005649848321864548,1.8622985711850837,1.8731089726661736,1.386288173660914,2.1600989706822427,0.93035,0.8426,0.93205,across paths,ff49,ew
rolling120,1999-12,2009-11,120,20000,0.31762948827731297,0.01217313791810204,1.8297674262051398,1.834329335869478,1.366367659541556,2.097501011831484,0.9295,0.84125,0.92735,across paths,ff49,ew
rolling120,2000-01,2009-12,120,20000,0.31198850181814075,-0.037358739043847344,1.8695294042595252,1.84555971191143,1.4046370270422288,2.085269244492012,0.9357,0.8509,0.94305,across paths,ff49,ew
rolling120,2000-02,2010-01,120,20000,0.30663131343306493,-0.027497879466789943,1.6996341316878034,1.7204006492212636,1.2674118960054455,2.0452425382649317,0.92115,0.8296,0.92915,across paths,ff49,ew
rolling120,2000-03,2010-02,120,20000,0.3010368549567508,-0.02277194827555129,1.600758251974023,1.5958369107320713,1.211800618991063,1.9970636405239481,0.91855,0.8274,0.92455,across paths,ff49,ew
rolling120,2000-04,2010-03,120,20000,0.29508008225564497,-0.016946307921781645,1.7616755860037483,1.696128945026208,1.3562783476955582,2.0078440190053226,0.93435,0.8542,0.9387,across paths,ff49,ew
rolling120,2000-05,2010-04,120,20000,0.2892789072903348,0.06592406284658492,2.145415985357586,1.9276400814194525,1.684293098057238,2.0447407340835806,0.95945,0.9015,0.9494,across paths,ff49,ew
rolling120,2000-06,2010-05,120,20000,0.28299287082692914,0.021561392454467976,2.0049576743536863,1.8306963778581216,1.5646763106622965,2.02612277536277,0.9535,0.89205,0.9494,across paths,ff49,ew
rolling120,2000-07,2010-06,120,20000,0.27800913357969326,-0.08178080017772626,1.6507467328243943,1.608268469975365,1.2604827257819,1.967234275887961,0.9261,0.84815,0.94605,across paths,ff49,ew
rolling120,2000-08,2010-07,120,20000,0.2720311848059822,0.0018895820101600957,1.8319381178808787,1.71380074727481,1.41599202219683,1.9424949417652604,0.9431,0.8757,0.94275,across paths,ff49,ew
rolling120,2000-09,2010-08,120,20000,0.2658292417158834,-0.1127132437940338,1.5138555190727614,1.5215137573293576,1.1407217138935293,1.9600241735091888,0.9145,0.8312,0.94495,across paths,ff49,ew
rolling120,2000-10,2010-09,120,20000,0.25953221036718266,0.022521689385985644,1.8709657039358687,1.7321757091594265,1.4513273267257212,1.9422904158776158,0.94825,0.8868,0.9439,across paths,ff49,ew
rolling120,2000-11,2010-10,120,20000,0.25264336076791927,0.08631164955426729,2.147340771220276,1.8851409182037016,1.6839554427066619,1.9286339577265834,0.9647,0.91785,0.9508,across paths,ff49,ew
rolling120,2000-12,2010-11,120,20000,0.24641192429011682,0.2168238720093454,2.5433693124931156,2.108959853036493,2.040035391512704,1.9562640351473937,0.9797,0.9505,0.95505,across paths,ff49,ew
rolling120,2001-01,2010-12,120,20000,0.2403348910274088,0.2784549001451455,2.826014974966371,2.2619444877320616,2.28815324869913,1.957417065814024,0.98625,0.9648,0.9607,across paths,ff49,ew
rolling120,2001-02,2011-01,120,20000,0.23379642382784094,0.25628302597363395,2.2578216396722786,1.9007493581067731,1.8117076791062594,1.9637903116471958,0.974,0.941,0.93665,across paths,ff49,ew
rolling120,2001-03,2011-02,120,20000,0.22924865856766652,0.43898982133936104,2.5118254580938784,2.0225167861755606,2.0411754038999437,1.9696041021697706,0.98355,0.9596,0.92445,across paths,ff49,ew
rolling120,2001-04,2011-03,120,20000,0.22422981819709564,0.5515822416201808,2.7437723563578187,2.1438992370618966,2.2406324960633173,1.9337401032545423,0.9882,0.97015,0.92215,across paths,ff49,ew
rolling120,2001-05,2011-04,120,20000,0.21947387010369113,0.47394583329686624,2.533546167750457,2.0128058587112525,2.0714967769683152,1.9224138185784605,0.9847,0.96205,0.92145,across paths,ff49,ew
rolling120,2001-06,2011-05,120,20000,0.21558400129953248,0.4408185358554424,2.2460067412340607,1.8472234482721277,1.8232464960352646,1.9170296634358976,0.9769,0.9481,0.9021,across paths,ff49,ew
rolling120,2001-07,2011-06,120,20000,0.21218986966447217,0.4396464239694515,2.1658824186115173,1.7932412222076604,1.7497655245793304,1.9038209917622353,0.975,0.9446,0.8946,across paths,ff49,ew
rolling120,2001-08,2011-07,120,20000,0.20856417713307263,0.43202071203643677,2.1515945963679965,1.7805753836158453,1.7413492583905739,1.916376179210649,0.9757,0.94535,0.89715,across paths,ff49,ew
rolling120,2001-09,2011-08,120,20000,0.20494968951329495,0.43415555283811,1.9255290532968763,1.6507459268391305,1.543832568276129,1.9271094380164084,0.9655,0.9269,0.8679,across paths,ff49,ew
rolling120,2001-10,2011-09,120,20000,0.20158525081102407,0.4558947297154885,1.9058217352064504,1.6251040792139142,1.5374549771187727,1.9255428322618013,0.96495,0.927,0.86035,across paths,ff49,ew
rolling120,2001-11,2011-10,120,20000,0.19894756616546028,0.578235250820111,2.118018284731603,1.7328067190715655,1.7190049508802974,1.9373275429548769,0.9744,0.94535,0.8558,across paths,ff49,ew
rolling120,2001-12,2011-11,120,20000,0.1969128143810126,0.46144291146044214,1.9155193920290476,1.6132052759886648,1.5497907922611633,1.9250580285566001,0.96665,0.93145,0.86265,across paths,ff49,ew
rolling120,2002-01,2011-12,120,20000,0.19512013417974283,0.44693763099095496,1.7345165614166653,1.5151904890850056,1.3884957684429302,1.957152417433523,0.9559,0.91245,0.83785,across paths,ff49,ew
rolling120,2002-02,2012-01,120,20000,0.19344930515252945,0.5400283499047611,1.9236594852332698,1.6118127315197261,1.558878007812182,1.899813831414331,0.9674,0.93335,0.8415,across paths,ff49,ew
rolling120,2002-03,2012-02,120,20000,0.19189983536655286,0.6437673545646039,2.0520627432976495,1.6761831896413608,1.6744924583097889,1.9215428976953934,0.97475,0.94505,0.83355,across paths,ff49,ew
rolling120,2002-04,2012-03,120,20000,0.190352377276094,0.624080574903727,1.8538117937377545,1.564218264992763,1.5044481068522706,1.9241512226722661,0.9662,0.92965,0.8047,across paths,ff49,ew
rolling120,2002-05,2012-04,120,20000,0.18856952299160645,0.6960984727375659,1.7701495497984607,1.5092116940227318,1.4319335531073194,1.9042446627963558,0.96095,0.9232,0.76425,across paths,ff49,ew
rolling120,2002-06,2012-05,120,20000,0.1870265427840081,0.6112763786362949,1.5697256796692085,1.3977660264183887,1.257182920498433,1.9157135516511854,0.9471,0.89985,0.74845,across paths,ff49,ew
rolling120,2002-07,2012-06,120,20000,0.18548541174873479,0.8018891601348197,1.8542071141586458,1.5546232521984602,1.5065537693601565,1.9163600917963748,0.9673,0.93395,0.74405,across paths,ff49,ew
rolling120,2002-08,2012-07,120,20000,0.1837098469782672,0.9749065729663806,2.1977254492962963,1.7440043617957428,1.8031708122089718,1.9364734743862644,0.97985,0.95745,0.75905,across paths,ff49,ew
rolling120,2002-09,2012-08,120,20000,0.18217317551724088,1.0123874111456908,2.2538834774184338,1.7591654968460981,1.8589404457771768,1.8847886512573113,0.98265,0.96195,0.76095,across paths,ff49,ew
rolling120,2002-10,2012-09,120,20000,0.18063849893628192,1.3023684033531002,2.673253118123164,1.9786260548684746,2.2381530729628265,1.8916467294965105,0.99105,0.9784,0.75375,across paths,ff49,ew
rolling120,2002-11,2012-10,120,20000,0.17910581464567144,1.0949036453921295,2.5826890436124006,1.9264907400524323,2.1513466373700627,1.8755956249783667,0.99025,0.97635,0.7959,across paths,ff49,ew
rolling120,2002-12,2012-11,120,20000,0.17781035280377155,0.9904349398479693,2.2954674896396057,1.764801335332613,1.9036586908765678,1.9035624124703945,0.9847,0.96605,0.77825,across paths,ff49,ew
rolling120,2003-01,2012-12,120,20000,0.17663383661877097,1.1347335618782832,2.5045610187768035,1.8677522682531116,2.0913898888240237,1.8991137286057098,0.9896,0.97545,0.77545,across paths,ff49,ew
rolling120,2003-02,2013-01,120,20000,0.17545837824053034,1.3107128281297071,2.7731782397082116,2.008291637096264,2.3274684842502875,1.8816316582575368,0.9929,0.98305,0.7737,across paths,ff49,ew
rolling120,2003-03,2013-02,120,20000,0.1744014169652619,1.3829446617755492,2.9202105266759646,2.0816336658280346,2.4661363985766944,1.8682916158852552,0.99465,0.98595,0.77895,across paths,ff49,ew
rolling120,2003-04,2013-03,120,20000,0.17322818877648527,1.4500599131448575,3.09679150162362,2.172550235349847,2.6244609942972064,1.8787871087217558,0.99585,0.98915,0.78705,across paths,ff49,ew
rolling120,2003-05,2013-04,120,20000,0.17205613264384145,1.2980059547376412,2.748260485357076,1.9833237817025493,2.3271373131072384,1.8178315635681912,0.9924,0.98325,0.7734,across paths,ff49,ew
rolling120,2003-06,2013-05,120,20000,0.17100223063626907,1.2256925960715037,2.475529659071973,1.816074282118469,2.095602538169431,1.7888160632367225,0.98985,0.977,0.74835,across paths,ff49,ew
rolling120,2003-07,2013-06,120,20000,0.16983239823803076,1.1660601703296343,2.297965085159066,1.7290275851924173,1.9334138647912715,1.7922830945180939,0.9857,0.9693,0.72905,across paths,ff49,ew
rolling120,2003-08,2013-07,120,20000,0.1690140883761675,1.2348071972199803,2.3128627686255996,1.7331483050431773,1.9432689535400427,1.8219536025344703,0.98765,0.97165,0.7116,across paths,ff49,ew
rolling120,2003-09,2013-08,120,20000,0.16819635093051621,1.1232850802493353,2.1052493520305955,1.6209611262044958,1.7556467262916031,1.8212205207318413,0.98265,0.9627,0.70315,across paths,ff49,ew
rolling120,2003-10,2013-09,120,20000,0.16726254089779768,1.229191549751858,2.2030473353572506,1.6744830824554784,1.843254083890165,1.8294933982691923,0.98545,0.96765,0.69175,across paths,ff49,ew
rolling120,2003-11,2013-10,120,20000,0.1664460286777234,1.187610774730579,2.0746585158748085,1.6060116706098477,1.7325025537863297,1.8135766819455317,0.98205,0.9617,0.67525,across paths,ff49,ew
rolling120,2003-12,2013-11,120,20000,0.16563008761639186,1.2240637643706354,2.024610576323329,1.5684493799963073,1.6903263110805689,1.80403140590757,0.98125,0.9592,0.65345,across paths,ff49,ew
rolling120,2004-01,2013-12,120,20000,0.1646983289532291,1.1908210751647497,1.9563578910157227,1.524696058826568,1.63332152807205,1.8001232230777686,0.9794,0.95625,0.648,across paths,ff49,ew
rolling120,2004-02,2014-01,120,20000,0.16388361042593091,1.0720855169920576,1.7782799229125252,1.4339423630687895,1.4728431843653795,1.820389678857235,0.97055,0.9405,0.64595,across paths,ff49,ew
rolling120,2004-03,2014-02,120,20000,0.16318569900652724,1.1374381057400837,1.8573733335163036,1.4737823570775683,1.543739855550267,1.82217822414656,0.97495,0.9475,0.6441,across paths,ff49,ew
rolling120,2004-04,2014-03,120,20000,0.16213977321063777,1.1733614352483204,1.850696538262138,1.466708400083185,1.5388195594364313,1.7922745315229653,0.97455,0.94675,0.6318,across paths,ff49,ew
rolling120,2004-05,2014-04,120,20000,0.161210804566984,1.2076415840692731,1.8407192610704317,1.4540634322092758,1.53401696838565,1.8051239632421072,0.97555,0.94705,0.616,across paths,ff49,ew
rolling120,2004-06,2014-05,120,20000,0.16051449586946243,1.2253044612235193,1.825863397803987,1.44464816524694,1.5188788636801382,1.7801739150555427,0.97465,0.94715,0.60525,across paths,ff49,ew
rolling120,2004-07,2014-06,120,20000,0.15958682640833555,1.2399316954923303,1.8211428544864932,1.4438970971389211,1.5092799260585237,1.7909183483952535,0.9745,0.9474,0.59815,across paths,ff49,ew
rolling120,2004-08,2014-07,120,20000,0.15842839801032516,1.2844691672640391,1.8386858837882598,1.4519776831915603,1.5328565596636812,1.8458240385107823,0.97525,0.94995,0.58695,across paths,ff49,ew
rolling120,2004-09,2014-08,120,20000,0.15715552693070123,1.3770519664164844,2.02005478599997,1.552453959916258,1.6890536920025208,1.870288895597574,0.9815,0.9622,0.60385,across paths,ff49,ew
rolling120,2004-10,2014-09,120,20000,0.15588405447078313,1.2912808454180724,1.7579864499583062,1.42188017555856,1.4596479628868335,1.8761724587361963,0.97095,0.94335,0.5585,across paths,ff49,ew
rolling120,2004-11,2014-10,120,20000,0.15461397909377972,1.3133970202285687,1.7917218898752223,1.4454366758908743,1.4856754193155433,1.8864393407889735,0.97025,0.9445,0.55905,across paths,ff49,ew
rolling120,2004-12,2014-11,120,20000,0.1528846521156062,1.2665456476370083,1.5362971779995733,1.3117158392728874,1.2621815232194522,1.876410480760314,0.9547,0.9193,0.49895,across paths,ff49,ew
rolling120,2005-01,2014-12,120,20000,0.15104298334225819,1.1871137042027318,1.416339787052303,1.2535920700791627,1.1547666987032215,1.8951333609171022,0.9432,0.9037,0.488,across paths,ff49,ew
rolling120,2005-02,2015-01,120,20000,0.14920425653180724,1.1756628471126653,1.4044335679694855,1.2514572649298068,1.135530927285385,1.888932048011172,0.9416,0.90095,0.48565,across paths,ff49,ew
rolling120,2005-03,2015-02,120,20000,0.14736846698463157,1.2628684629955633,1.4968710054630352,1.2987971880906815,1.2228817256153173,1.8802358529708807,0.9503,0.91415,0.4845,across paths,ff49,ew
rolling120,2005-04,2015-03,120,20000,0.1449640424953913,1.2771452356327617,1.5474927722260687,1.3287080148627761,1.2645090569024493,1.8549363510617747,0.95395,0.9199,0.4957,across paths,ff49,ew
rolling120,2005-05,2015-04,120,20000,0.14256465671628704,1.3469061398801188,1.7202942384809226,1.4279394302516504,1.4071986021732976,1.8924572627548075,0.96485,0.9386,0.5218,across paths,ff49,ew
rolling120,2005-06,2015-05,120,20000,0.13982906695559372,1.2899785869635902,1.5904513864314787,1.3636931292334926,1.2962997265197793,1.905891402674017,0.9558,0.9245,0.50245,across paths,ff49,ew
rolling120,2005-07,2015-06,120,20000,0.1372134759608834,1.2370508009540164,1.4641845565240599,1.2982066675950092,1.1810017265335087,1.854864250094897,0.94595,0.90845,0.47965,across paths,ff49,ew
rolling120,2005-08,2015-07,120,20000,0.1344906982849996,1.1814252098012625,1.2100249194890809,1.174136111838632,0.9518398586594002,1.881632247852336,0.91235,0.86465,0.41515,across paths,ff49,ew
rolling120,2005-09,2015-08,120,20000,0.13109740606679887,1.0687219093554265,1.1863164820175045,1.1957936139405911,0.9168391513808306,1.9861861680073167,0.90345,0.85695,0.4428,across paths,ff49,ew
rolling120,2005-10,2015-09,120,20000,0.12782670861182477,0.9900952852328573,1.0359936942329409,1.121319357415803,0.7838727783534282,1.9997019356109111,0.87285,0.81885,0.41705,across paths,ff49,ew
rolling120,2005-11,2015-10,120,20000,0.12478977621604148,1.182966171066277,1.2375964289488872,1.2383444964656274,0.9562455163570879,2.004316534222064,0.90575,0.8624,0.41835,across paths,ff49,ew
rolling120,2005-12,2015-11,120,20000,0.1213137037344647,1.1125953408788996,1.1655669892743798,1.199077521759671,0.8975992574779742,2.020288729599611,0.89485,0.84895,0.4179,across paths,ff49,ew
rolling120,2006-01,2015-12,120,20000,0.11784871920338724,1.0657332140128797,1.0430246300681583,1.1368700226530783,0.7880425265798414,2.0267584602279203,0.87225,0.82245,0.39055,across paths,ff49,ew
rolling120,2006-02,2016-01,120,20000,0.11406128956184114,0.883697717982145,0.7414279161169014,0.9697021784166586,0.5216475436913124,2.031985613095562,0.79735,0.73315,0.33985,across paths,ff49,ew
rolling120,2006-03,2016-02,120,20000,0.11050837335036223,0.8821913623500128,0.7734600634559705,0.9966748768871337,0.5459958936906966,2.0582785917854323,0.80475,0.74295,0.35415,across paths,ff49,ew
rolling120,2006-04,2016-03,120,20000,0.1066359221132136,0.9770032406773443,0.8423883075837559,1.0387207632602697,0.6084730246889692,2.0757079131750493,0.82455,0.7688,0.34575,across paths,ff49,ew
rolling120,2006-05,2016-04,120,20000,0.10277658998149164,0.9738741426606428,0.8713265990226355,1.0673998212749054,0.6290649432097223,2.1655492315611276,0.8306,0.7786,0.35575,across paths,ff49,ew
rolling120,2006-06,2016-05,120,20000,0.09816475917603262,1.0741266540871965,0.9395632879716541,1.106637845908039,0.6893813883425166,2.164296574119265,0.8449,0.79895,0.3455,across paths,ff49,ew
rolling120,2006-07,2016-06,120,20000,0.09400835869309576,1.0728828000217754,0.9897567723386083,1.1413426290673565,0.7308833878913227,2.2244556013207375,0.8555,0.81485,0.36505,across paths,ff49,ew
rolling120,2006-08,2016-07,120,20000,0.08986768960640878,1.1629719551366424,1.21740567629244,1.276143397923122,0.9282390109578671,2.1636018951566305,0.8966,0.86385,0.41385,across paths,ff49,ew
rolling120,2006-09,2016-08,120,20000,0.08552645204573817,1.1220137746294205,1.2129349948426602,1.2765762696525063,0.9207479509169139,2.1698212611830963,0.8952,0.86325,0.4243,across paths,ff49,ew
rolling120,2006-10,2016-09,120,20000,0.08131018557528868,1.0813375203675757,1.2316698576375935,1.2840306671153547,0.9391210484484195,2.1648960698168667,0.8988,0.86925,0.44615,across paths,ff49,ew
rolling120,2006-11,2016-10,120,20000,0.07711029540125858,0.9684636724039966,1.0221019930504458,1.1649924431378227,0.7560660341644,2.162205717320567,0.8617,0.8289,0.4129,across paths,ff49,ew
rolling120,2006-12,2016-11,120,20000,0.07271261345429059,1.0214726334215345,1.140940039827287,1.2479838034794464,0.8513939511235589,2.19054927027415,0.882,0.85355,0.43455,across paths,ff49,ew
rolling120,2007-01,2016-12,120,20000,0.06875938967960882,1.033252078890361,1.141912771051116,1.2496228763581907,0.8538876358555161,2.1731963583528775,0.88145,0.85425,0.43095,across paths,ff49,ew
year,1927-01,1927-12,12,20000,0.031340782429983394,0.32583722609273513,0.35261832435303164,0.2522716972016839,0.3275567403584323,0.7419973101253781,0.944,0.92205,0.503,across paths,ff49,vw
year,1928-01,1928-12,12,20000,0.035355979534331006,0.3907859670535341,0.3538917768650329,0.25865739366316604,0.3129045742218052,1.3927844294399034,0.9625,0.9403,0.36755,across paths,ff49,vw
year,1929-01,1929-12,12,20000,0.04739767766948333,-0.1485230019924365,-0.2116963228057755,0.1887642028044531,-0.2295175396744502,0.6567662611986221,0.1277,0.0912,0.33655,across paths,ff49,vw
year,1930-01,1930-12,12,20000,0.024261799957746355,-0.2872601404747538,-0.32990501046992343,0.17871416206850155,-0.34649026531275995,0.6738571824996163,0.044,0.03615,0.361,across paths,ff49,vw
year,1931-01,1931-12,12,20000,0.010852440211584602,-0.4376338865587708,-0.441953752809274,0.16978578768741692,-0.4670511233185603,1.4505589805324017,0.0203,0.01885,0.42095,across paths,ff49,vw
year,1932-01,1932-12,12,20000,0.009436727769233544,-0.08658574309335187,-0.10162885741420978,0.42575847635240727,-0.17743611535037984,2.546150235635008,0.3002,0.2918,0.3891,across paths,ff49,vw
year,1933-01,1933-12,12,20000,0.003003642310775989,0.5679565173050354,0.7780058041591624,0.7652057204061625,0.6257554843359553,2.4100079047626073,0.92015,0.91925,0.54195,across paths,ff49,vw
year,1934-01,1934-12,12,20000,0.0018014106441925914,0.03263777211935448,0.17199452415629718,0.33495808767736884,0.12454439039427934,1.6686600463968,0.68865,0.6863,0.6408,across paths,ff49,vw
year,1935-01,1935-12,12,20000,0.0014008903400870576,0.45004656526311426,0.4848591871426545,0.45386533944623014,0.40543056573403413,1.5110966022374808,0.9077,0.9071,0.4506,across paths,ff49,vw
year,1936-01,1936-12,12,20000,0.0018014506902155336,0.3215330595896724,0.3719699857697199,0.2815486064871537,0.3345820323396945,0.9006175960809689,0.9419,0.94065,0.5221,across paths,ff49,vw
year,1937-01,1937-12,12,20000,0.0029037227913610852,-0.34728916228237694,-0.3844202439758322,0.12173695542132885,-0.3963134618409092,0.6902795570888203,0.00655,0.00615,0.34075,across paths,ff49,vw
year,1938-01,1938-12,12,20000,-0.0004001399919975057,0.28167847492774056,0.3458166997178106,0.29029451625643704,0.3036003580268928,1.119293341442991,0.92075,0.9211,0.5371,across paths,ff49,vw
year,1939-01,1939-12,12,20000,9.99699970003487e-05,0.025054688210840448,-0.02467237079549634,0.23971079239243348,-0.05525908598157103,1.0866570990294542,0.40015,0.3999,0.3568,across paths,ff49,vw
year,1940-01,1940-12,12,20000,-0.00020000999799996144,-0.07206559093168252,-0.06880845206444491,0.17302856669421168,-0.08327301328889736,0.9839095337686308,0.2929,0.29315,0.46865,across paths,ff49,vw
year,1941-01,1941-12,12,20000,0.00039999998799933323,-0.10550183945566882,-0.09811276332788414,0.14577340682250017,-0.10523957975817683,0.403350800789721,0.2321,0.2311,0.501,across paths,ff49,vw
year,1942-01,1942-12,12,20000,0.0028035526933587462,0.1649378017045231,0.25307463551217796,0.18072838270869604,0.2426570273759886,0.43935837581232484,0.93345,0.93125,0.6738,across paths,ff49,vw
year,1943-01,1943-12,12,20000,0.0035056154485657576,0.28319964874993087,0.4264100487712673,0.24310453024442072,0.3895729645194437,1.2453845134385724,0.99195,0.991,0.70875,across paths,ff49,vw
year,1944-01,1944-12,12,20000,0.003304984546793177,0.21344771087952652,0.29246083111394816,0.15245070327640964,0.27322666893338265,0.8969779598307596,0.99165,0.99095,0.68335,across paths,ff49,vw
year,1945-01,1945-12,12,20000,0.003204684138460978,0.38735699571189386,0.49636322776965597,0.21619432471774983,0.470452218359966,0.8563518444378743,0.9991,0.999,0.6679,across paths,ff49,vw
year,1946-01,1946-12,12,20000,0.003605945944011646,-0.06396093599835928,-0.05621917116746928,0.12342601389107917,-0.06536008225272871,0.5082143632756569,0.2992,0.28925,0.49425,across paths,ff49,vw
year,1947-01,1947-12,12,20000,0.005011295205622046,0.03433766682547601,-0.004330847836305976,0.11449096572900368,-0.011207327148617774,0.37249386165301895,0.45935,0.4408,0.3437,across paths,ff49,vw
year,1948-01,1948-12,12,20000,0.008129886047645751,0.018551882838878653,-0.0024838589304776366,0.12069949344657908,-0.011872465234128604,0.49506198494773385,0.4608,0.4325,0.3985,across paths,ff49,vw
year,1949-01,1949-12,12,20000,0.011156624285102223,0.20198664134954614,0.24668107006961154,0.11819889325936132,0.23994586257936212,0.33830116337521665,0.98985,0.9863,0.62535,across paths,ff49,vw
year,1950-01,1950-12,12,20000,0.012167285608503553,0.30066784084275433,0.25452952326909184,0.17572010783652114,0.2368034168788129,0.5804101099741626,0.9488,0.9369,0.3571,across paths,ff49,vw
year,1951-01,1951-12,12,20000,0.014900682357238404,0.20694463164474208,0.1600799508447796,0.1237933034306562,0.15296246863292906,0.38633993173355075,0.91385,0.8889,0.3297,across paths,ff49,vw
year,1952-01,1952-12,12,20000,0.016523610223636576,0.13474905746088828,0.0997081067069825,0.10079774759109657,0.095409574673325,0.22799179858980598,0.84355,0.7969,0.34915,across paths,ff49,vw
year,1953-01,1953-12,12,20000,0.01825047080823472,0.007186150650095646,0.01837802124305056,0.09200639211203178,0.013564565308242793,0.2883346363725929,0.56265,0.4796,0.52885,across paths,ff49,vw
year,1954-01,1954-12,12,20000,0.00863377969622614,0.5030563197321554,0.5214005100766991,0.18437332890849412,0.5070384611243975,0.5303191560195353,0.9996,0.9995,0.5082,across paths,ff49,vw
year,1955-01,1955-12,12,20000,0.015711204189441386,0.25355601474255596,0.18113651784486068,0.14559189543805728,0.1695382618167517,0.5500886276323256,0.90895,0.88275,0.2831,across paths,ff49,vw
year,1956-01,1956-12,12,20000,0.02467423803643598,0.0833752446150553,0.08725600249612396,0.12919142056861457,0.07681533817776254,0.5027942970123422,0.7429,0.6668,0.4806,across paths,ff49,vw
year,1957-01,1957-12,12,20000,0.031546885166551686,-0.10004075784085131,-0.0665363519372416,0.11222801356532085,-0.07475114997241311,0.4372669113504055,0.2584,0.1843,0.59545,across paths,ff49,vw
year,1958-01,1958-12,12,20000,0.015303139073847838,0.44980999895087215,0.5317470822427633,0.1809080996101901,0.5177557856274944,0.5549275131394249,0.99985,0.9998,0.65265,across paths,ff49,vw
year,1959-01,1959-12,12,20000,0.02969530696561873,0.12760655494675488,0.1777346168267517,0.15929264202717797,0.1632381711506471,0.6357625085793475,0.8827,0.8343,0.5981,across paths,ff49,vw
year,1960-01,1960-12,12,20000,0.026718544210524664,0.012009681750978718,0.05507541401213065,0.13578032695717027,0.04538987150911211,0.5229416827253864,0.6368,0.558,0.60075,across paths,ff49,vw
year,1961-01,1961-12,12,20000,0.021203049199982615,0.26938753950174754,0.2611653837231734,0.1562678784981577,0.25158853710852946,0.44555967541572883,0.96465,0.94885,0.45065,across paths,ff49,vw
year,1962-01,1962-12,12,20000,0.027336311308160388,-0.1018704309519155,-0.16390172449409288,0.1017832654282182,-0.16686563866843312,0.1797606832394352,0.05795,0.03635,0.2643,across paths,ff49,vw
year,1963-01,1963-12,12,20000,0.0311354082386468,0.20958714314537952,0.17283042477110522,0.1161058570534068,0.16667491054080208,0.3918504281792217,0.94285,0.8984,0.3516,across paths,ff49,vw
year,1964-01,1964-12,12,20000,0.03525706968952491,0.16073359896318462,0.1533602717421099,0.11596315267217708,0.1455180321843471,0.4341978321571817,0.92005,0.85165,0.44815,across paths,ff49,vw
year,1965-01,1965-12,12,20000,0.03918636823954258,0.1443528724471268,0.2913289041641426,0.15904683663187458,0.275510455054524,0.6979826405136047,0.9837,0.96695,0.8323,across paths,ff49,vw
year,1966-01,1966-12,12,20000,0.04750339219432975,-0.08806073452750662,-0.07428961255879052,0.16444487289918988,-0.09073748062167697,1.2937816891984686,0.26485,0.1787,0.4921,across paths,ff49,vw
year,1967-01,1967-12,12,20000,0.042089732130200286,0.28695714774520886,0.4763350300663499,0.22341458318859078,0.4527091056232927,0.7080266563652471,0.9961,0.9904,0.80375,across paths,ff49,vw
year,1968-01,1968-12,12,20000,0.052208763937099834,0.14135085333978803,0.21914179668767855,0.18207446501881394,0.2066210171434648,0.43932353690353737,0.90155,0.83395,0.65275,across paths,ff49,vw
year,1969-01,1969-12,12,20000,0.06569703672500249,-0.1095418650330422,-0.15027328223619865,0.12510244513572952,-0.15909329188385135,0.5683687747690658,0.1091,0.04995,0.3387,across paths,ff49,vw
year,1970-01,1970-12,12,20000,0.06516705987919003,0.00089937643527227,-0.09409414635227599,0.2004752307095483,-0.10441159944020689,0.7477198429271009,0.2863,0.18235,0.28445,across paths,ff49,vw
year,1971-01,1971-12,12,20000,0.04385608936775598,0.1616277679367737,0.1936514660651549,0.16308128331988794,0.18413067671135508,0.4571511596298447,0.8953,0.8287,0.55995,across paths,ff49,vw
year,1972-01,1972-12,12,20000,0.03835711405871445,0.16916061329614052,0.09112910271662235,0.15669516205198813,0.0864522774684543,0.23091631723812253,0.7172,0.62605,0.294,across paths,ff49,vw
year,1973-01,1973-12,12,20000,0.06940964906929548,-0.1931202152998398,-0.24290252191656478,0.1552830997964566,-0.2555253335112142,0.5697566712368416,0.06865,0.0344,0.34155,across paths,ff49,vw
year,1974-01,1974-12,12,20000,0.08009299500444977,-0.27804949151668024,-0.28030496567679564,0.1315117529366962,-0.29329805187413377,0.6734950706883686,0.02855,0.0113,0.45245,across paths,ff49,vw
year,1975-01,1975-12,12,20000,0.05798431629002354,0.3832883780080134,0.47320255926360616,0.2574980589519401,0.4489140137264934,0.6294051183135145,0.9853,0.9686,0.6094,across paths,ff49,vw
year,1976-01,1976-12,12,20000,0.05084710391799252,0.2698032315995835,0.28454396451774344,0.16996017741371727,0.2764104905395399,0.40833911715872995,0.9634,0.92595,0.51575,across paths,ff49,vw
year,1977-01,1977-12,12,20000,0.05126495522821517,-0.031175019766812806,0.008999804355864961,0.10695843355062948,0.0028086228827068904,0.394966938978989,0.5109,0.3272,0.6281,across paths,ff49,vw
year,1978-01,1978-12,12,20000,0.07196501341871309,0.0824594010034132,0.13431811588301001,0.13916279435356865,0.1277491431185961,0.33628166812267585,0.83615,0.6594,0.6301,across paths,ff49,vw
year,1979-01,1979-12,12,20000,0.1038334430458423,0.23466553545879343,0.30699174256432504,0.15400094808027423,0.2922953679076987,0.7205563573102947,0.99215,0.92825,0.66035,across paths,ff49,vw
year,1980-01,1980-12,12,20000,0.11258733475368765,0.33252237086475556,0.34498365293432137,0.22133993151233758,0.32073077022702223,0.7018743147084251,0.9657,0.868,0.47925,across paths,ff49,vw
year,1981-01,1981-12,12,20000,0.1471747478188743,-0.03259492110308704,0.0038170089311187726,0.14209457447229548,-0.004881418262257076,0.39046541797321904,0.48455,0.1533,0.5795,across paths,ff49,vw
year,1982-01,1982-12,12,20000,0.10534507994232367,0.21455435824057512,0.26113958620525596,0.19063948387622634,0.24937051816234812,0.4667845357311408,0.927,0.79545,0.5767,across paths,ff49,vw
year,1983-01,1983-12,12,20000,0.087957322322191,0.22550771908568645,0.23873757352069952,0.1843489977637658,0.23021463295454758,0.26761418339410425,0.91415,0.79875,0.51045,across paths,ff49,vw
year,1984-01,1984-12,12,20000,0.09837053073148505,0.03850526910283558,-0.01340933290271052,0.1274223071131835,-0.019687857704065614,0.2809376066429639,0.4386,0.18205,0.32635,across paths,ff49,vw
year,1985-01,1985-12,12,20000,0.0772029093125699,0.3262386133802917,0.3063532390834825,0.15238116953659814,0.2973464558157295,0.46862379571466817,0.9886,0.94795,0.421,across paths,ff49,vw
year,1986-01,1986-12,12,20000,0.06157040643142642,0.16417506145248417,0.15549278884771356,0.1529367219870602,0.14573209463113634,0.4101407247271727,0.85305,0.72405,0.4509,across paths,ff49,vw
year,1987-01,1987-12,12,20000,0.05472425335115183,0.016447656023945934,0.041500176722251876,0.16971682799598856,0.0202906290919167,0.8383341032784466,0.55095,0.41505,0.50885,across paths,ff49,vw
year,1988-01,1988-12,12,20000,0.06357536181976098,0.17992730438092464,0.17662185089175306,0.13579005197042696,0.16823680659588114,0.45292818519185907,0.9174,0.8004,0.46265,across paths,ff49,vw
year,1989-01,1989-12,12,20000,0.08375046134037079,0.2885742032222962,0.2554335957705505,0.14324504162380647,0.24764422923188756,0.36079420298389675,0.9727,0.8944,0.3868,across paths,ff49,vw
year,1990-01,1990-12,12,20000,0.07838118061963528,-0.06023993422837459,-0.08679420378272278,0.13081062552805794,-0.0948053402879126,0.37863331883347345,0.24145,0.10595,0.39735,across paths,ff49,vw
year,1991-01,1991-12,12,20000,0.05598602000744668,0.34816431124513314,0.3596081490259454,0.18212235770621923,0.3513058590381818,0.30896485616327,0.98265,0.96095,0.50675,across paths,ff49,vw
year,1992-01,1992-12,12,20000,0.03504994804571826,0.0977917454354833,0.10406195881136392,0.14578014640096454,0.09634819576357057,0.3869084883569484,0.75695,0.66645,0.4957,across paths,ff49,vw
year,1993-01,1993-12,12,20000,0.028977781780637812,0.11160181432651584,0.13802521501174006,0.15166628060510406,0.1302437900578075,0.3322896578835149,0.8195,0.76075,0.55165,across paths,ff49,vw
year,1994-01,1994-12,12,20000,0.03908056138318705,-0.0014820664936643357,-0.013861615855480776,0.10488908366665149,-0.018243204470646923,0.2639532646374492,0.42885,0.29465,0.4349,across paths,ff49,vw
year,1995-01,1995-12,12,20000,0.05598649105331033,0.36851773687640366,0.31065829011608403,0.14998597103488248,0.30490429314472134,0.23275894189632915,0.9866,0.96165,0.3367,across paths,ff49,vw
year,1996-01,1996-12,12,20000,0.05199928578383717,0.21206785537948347,0.21561508102102447,0.14323599336789486,0.20702028560813768,0.45414443013264405,0.94845,0.88765,0.48435,across paths,ff49,vw
year,1997-01,1997-12,12,20000,0.05252282460020541,0.31247057540483114,0.24421333373854637,0.1832581048666076,0.23369573126221443,0.43070598946207717,0.92055,0.8604,0.33045,across paths,ff49,vw
year,1998-01,1998-12,12,20000,0.04854677372757088,0.24260682903123243,0.09631015286384796,0.22776116016313752,0.06774498813287277,1.1623884893905572,0.6356,0.5403,0.2138,across paths,ff49,vw
year,1999-01,1999-12,12,20000,0.046877487656105554,0.2524240515544398,0.07121573475416866,0.25613296098182464,0.04410842772693535,0.6825434372243242,0.5726,0.49585,0.2202,across paths,ff49,vw
year,2000-01,2000-12,12,20000,0.058827813659585004,-0.11592112460980486,0.07980737859485366,0.310378002567352,0.034637941180789444,1.0444397620464405,0.5478,0.46555,0.7186,across paths,ff49,vw
year,2001-01,2001-12,12,20000,0.03824800864936062,-0.11201399904333464,0.009622545515147556,0.24170295618095167,-0.015227982037469334,0.6495708009411333,0.47265,0.4107,0.6707,across paths,ff49,vw
year,2002-01,2002-12,12,20000,0.01632075190748239,-0.21138775004858779,-0.11558468784876813,0.18816273763472416,-0.1325208514633262,0.5851293700190671,0.2455,0.22245,0.6772,across paths,ff49,vw
year,2003-01,2003-12,12,20000,0.010247724555652926,0.3169291440246156,0.3548785549360829,0.20256305208581693,0.3409012020662131,0.44716283858542316,0.97265,0.96955,0.55175,across paths,ff49,vw
year,2004-01,2004-12,12,20000,0.011863454109524163,0.11931461886375816,0.16155149639760624,0.15310765129033033,0.15601707224150685,0.26309466286857724,0.8584,0.8382,0.5963,across paths,ff49,vw
year,2005-01,2005-12,12,20000,0.02979774263278001,0.061007835307562264,0.06954054128937862,0.1321034776741481,0.05854603137048231,0.5346516325461167,0.68675,0.59195,0.49165,across paths,ff49,vw
year,2006-01,2006-12,12,20000,0.04812968129714923,0.15398439680005582,0.16651727494455995,0.15281901089442582,0.15790561584168783,0.35056590737561744,0.871,0.78165,0.51185,across paths,ff49,vw
year,2007-01,2007-12,12,20000,0.046667720112056,0.057378903196549036,0.10573391048259854,0.13958871578170604,0.09348661568025418,0.5133742696324805,0.7681,0.64115,0.6078,across paths,ff49,vw
year,2008-01,2008-12,12,20000,0.015912653124452003,-0.36656078451194607,-0.3867351327083059,0.15062939261488986,-0.40251482367453795,0.683447489985246,0.01495,0.0122,0.4043,across paths,ff49,vw
year,2009-01,2009-12,12,20000,0.0009003500770106143,0.28627882661901216,0.3893533916118501,0.30832984511577305,0.35158306031785824,0.8686380315221682,0.9264,0.9257,0.5945,across paths,ff49,vw
year,2010-01,2010-12,12,20000,0.0010004501200209237,0.17411855921775898,0.2325445516165427,0.18546150861680877,0.21877021118343198,0.5086653770226928,0.9095,0.90865,0.6021,across paths,ff49,vw
year,2011-01,2011-12,12,20000,0.00040006000400016895,0.005010313959058266,-0.007293368389774983,0.1482286892372445,-0.013233540141780187,0.2863058294008692,0.4636,0.4624,0.4512,across paths,ff49,vw
year,2012-01,2012-12,12,20000,0.0006001500200014664,0.16347588259673151,0.17186489003869232,0.15282373213563585,0.16658729574505893,0.2601509154526073,0.87595,0.87485,0.5087,across paths,ff49,vw
year,2013-01,2013-12,12,20000,0.0,0.35152984651126506,0.34421365304954893,0.16049221905365305,0.349606889257307,-0.12566500046923604,0.9789,0.9789,0.4944,across paths,ff49,vw
year,2014-01,2014-12,12,20000,0.0,0.11742048220313417,0.0758328000576269,0.1247455216769748,0.07521391131311961,0.06084904217738385,0.73245,0.73245,0.36445,across paths,ff49,vw
year,2015-01,2015-12,12,20000,9.999999999998899e-05,0.002123996347826118,-0.05469972381700925,0.16644111139904977,-0.05029059367085331,0.042185865424241555,0.36325,0.36295,0.3581,across paths,ff49,vw
year,2016-01,2016-12,12,20000,0.002102001142436638,0.135839399727115,0.1882626671530568,0.19481351073221503,0.16451423043847324,0.8631165468362751,0.84815,0.8448,0.56635,across paths,ff49,vw
decade,1926-07,1936-12,126,20000,0.1973957264279631,0.9553014461411233,1.2622189040102039,2.6773889653380873,0.4810709501031267,5.992522711681444,0.67245,0.5958,0.38105,across paths,ff49,vw
decade,1937-01,1946-12,120,20000,0.019382264221265322,0.6766558202743989,1.215481525728124,1.310404929662369,0.9027516865464065,2.0283171601253125,0.8851,0.87875,0.59375,across paths,ff49,vw
decade,1947-01,1956-12,120,20000,0.1435189441161644,3.6377397025607188,2.9441032714264015,1.4606020234718566,2.6785349230633027,1.2102757115580718,0.99985,0.99965,0.259,across paths,ff49,vw
decade,1957-01,1966-12,120,20000,0.3498402266913929,1.487167387237212,2.0294014625705428,1.2613334682285013,1.787647634058265,1.491316803307298,0.99625,0.9702,0.61595,across paths,ff49,vw
decade,1967-01,1976-12,120,20000,0.7324866552416902,0.8192557564736349,0.8572052792963281,1.0299262517385703,0.6276580170241234,1.7818386258464318,0.8237,0.45195,0.41605,across paths,ff49,vw
decade,1977-01,1986-12,120,20000,1.398087202464628,2.9835549677876756,3.6988054667718226,2.0777116580960873,3.3057337725245173,1.448928184339226,0.9996,0.916,0.57275,across paths,ff49,vw
decade,1987-01,1996-12,120,20000,0.7019911521313602,2.9574182864500242,2.769561459174234,1.5829437107561009,2.479715886200217,1.3219304107068057,0.99885,0.96225,0.3734,across paths,ff49,vw
decade,1997-01,2006-12,120,20000,0.42425967867422365,1.2822776380352723,1.7600142285164089,1.8306473571084358,1.2875096964356458,2.191767077600618,0.91795,0.7882,0.50155,across paths,ff49,vw
decade,2007-01,2016-12,120,20000,0.06875938967960882,1.033252078890361,1.1916932048439706,1.2107271472596668,0.9273088552993376,1.8445906581492066,0.894,0.86855,0.4612,across paths,ff49,vw
full,1926-07,2016-12,1086,20000,19.27971267079745,5031.7488104007925,11735.323887510693,38231.32953693069,3172.618581489046,15.82056823032026,1.0,0.99895,0.39215,across paths,ff49,vw
rolling120,1926-07,1936-06,120,20000,0.19655790851608335,0.6209805593553541,0.7622017041164648,2.0407622065628654,0.17381083577902157,5.745973980609963,0.5722,0.49165,0.3574,across paths,ff49,vw
rolling120,1926-08,1936-07,120,20000,0.19405065287061962,0.6772613313706015,0.827369723051865,2.1522565504014297,0.21706206336462563,7.227972139535303,0.5884,0.5093,0.3589,across paths,ff49,vw
rolling120,1926-09,1936-08,120,20000,0.19131118503859712,0.6466145114369177,0.7805052571127925,2.0861459411159373,0.18499413266252485,6.954947468782307,0.57725,0.49765,0.35685,across paths,ff49,vw
rolling120,1926-10,1936-09,120,20000,0.18869631463344416,0.6526700463661661,0.834887082538062,2.1677822926398305,0.22023948465837007,7.132118799687294,0.5897,0.51245,0.36675,across paths,ff49,vw
rolling120,1926-11,1936-10,120,20000,0.1851416007738944,0.8241526570504245,1.0109236537744888,2.406507135394328,0.3340940633391696,7.969117052210785,0.63025,0.5548,0.36325,across paths,ff49,vw
rolling120,1926-12,1936-11,120,20000,0.18159716372641976,0.8316017977014813,1.087523106146031,2.510195990617495,0.3802409937977653,7.980379932525177,0.6445,0.57075,0.3766,across paths,ff49,vw
rolling120,1927-01,1936-12,120,20000,0.17829792952375323,0.7835422753128127,1.0699715265896315,2.478359309295341,0.36406441574174353,7.579224675584102,0.6414,0.568,0.3837,across paths,ff49,vw
rolling120,1927-02,1937-01,120,20000,0.17547706665008045,0.8397897163306618,1.1537226291445473,2.5807372504796193,0.42090160382606523,7.501849361586279,0.6584,0.58715,0.38785,across paths,ff49,vw
rolling120,1927-03,1937-02,120,20000,0.17266323764553215,0.7811236265539587,1.0821621941435027,2.4974986477518266,0.3696145948970141,7.571762128580012,0.64255,0.57235,0.3865,across paths,ff49,vw
rolling120,1927-04,1937-03,120,20000,0.16927268591156208,0.7688877115567241,1.0655007898652387,2.4798376817493293,0.3665036662040473,7.606079424804016,0.63955,0.57015,0.38615,across paths,ff49,vw
rolling120,1927-05,1937-04,120,20000,0.16670670096492324,0.6275101690822245,0.8804618023488703,2.249300438050889,0.2455980797303725,7.446980121302878,0.5987,0.52775,0.3825,across paths,ff49,vw
rolling120,1927-06,1937-05,120,20000,0.1639149800453661,0.527166279697675,0.761861717785383,2.1215632865936906,0.16460582522131484,7.960946487383686,0.5682,0.5003,0.38225,across paths,ff49,vw
rolling120,1927-07,1937-06,120,20000,0.16124491775322136,0.49471321613237906,0.6880681078326208,2.034020449574046,0.11647474236751476,8.185909688333119,0.5499,0.4821,0.3725,across paths,ff49,vw
rolling120,1927-08,1937-07,120,20000,0.15811893442527136,0.513890458957432,0.7211860822828816,2.0705176072086675,0.14160820314975398,7.795772635605609,0.55915,0.49425,0.37555,across paths,ff49,vw
rolling120,1927-09,1937-08,120,20000,0.1551162327604274,0.4083459300401886,0.6067339283637022,1.925449692069664,0.06660619193938377,7.649658871716828,0.5278,0.46365,0.3776,across paths,ff49,vw
rolling120,1927-10,1937-09,120,20000,0.1531566502879269,0.15935659434247573,0.2957981162867243,1.5713771412276103,-0.1407685525204827,8.719825169174861,0.4311,0.3711,0.36855,across paths,ff49,vw
rolling120,1927-11,1937-10,120,20000,0.15051100410771512,0.09254498568559888,0.20688322368417747,1.4609704099625431,-0.19780693577694758,8.235843779413884,0.40255,0.3423,0.3619,across paths,ff49,vw
rolling120,1927-12,1937-11,120,20000,0.148329614118887,-0.06141244507155841,0.03558120037229234,1.2508109437224588,-0.3134427765980419,8.000565728346166,0.3385,0.28175,0.3629,across paths,ff49,vw
rolling120,1928-01,1937-12,120,20000,0.14580883468258543,-0.12196056219136797,-0.05705545683895021,1.146210009763899,-0.3747419471922588,8.10898280431672,0.29935,0.2489,0.3505,across paths,ff49,vw
rolling120,1928-02,1938-01,120,20000,0.14295145604247916,-0.11491369671938856,-0.05177826734899709,1.1499097506297533,-0.37198915805743643,7.706291180762867,0.3016,0.25175,0.3491,across paths,ff49,vw
rolling120,1928-03,1938-02,120,20000,0.13919212203974807,-0.05021912811990348,0.024453037881080098,1.2506251636170127,-0.32046392758348047,8.316005639627804,0.33195,0.28135,0.3514,across paths,ff49,vw
rolling120,1928-04,1938-03,120,20000,0.13578442798638357,-0.3375565756083815,-0.2919397323315248,0.8658126940968451,-0.5287322471642715,7.707389574141667,0.1978,0.1607,0.35,across paths,ff49,vw
rolling120,1928-05,1938-04,120,20000,0.13340451649289786,-0.27401983671296637,-0.21712397514616086,0.9404020676258855,-0.4762058345574043,7.116969157589942,0.23015,0.1909,0.3529,across paths,ff49,vw
rolling120,1928-06,1938-05,120,20000,0.12978919108143727,-0.3146530548073899,-0.27215545891213316,0.8708087083440609,-0.5157626210291766,6.68332706803524,0.20705,0.1696,0.3471,across paths,ff49,vw
rolling120,1928-07,1938-06,120,20000,0.12629766830967704,-0.1100761656020075,-0.028858445089171125,1.174732932595859,-0.35819061717720563,6.833939401597156,0.3093,0.26335,0.35705,across paths,ff49,vw
rolling120,1928-08,1938-07,120,20000,0.12259274176918478,-0.05392148679947939,0.04316710563138167,1.2542243590536184,-0.31234483347688896,6.502899347864053,0.3385,0.29175,0.36095,across paths,ff49,vw
rolling120,1928-09,1938-08,120,20000,0.1190119036774171,-0.13959105780137682,-0.0543596382370324,1.146327462669922,-0.3761696550380327,7.128792137175743,0.29935,0.2585,0.35995,across paths,ff49,vw
rolling120,1928-10,1938-09,120,20000,0.11622190690949696,-0.15869457222482886,-0.07749423473670541,1.1184598361635978,-0.39167069053469794,7.286661032072751,0.28935,0.2514,0.35895,across paths,ff49,vw
rolling120,1928-11,1938-10,120,20000,0.1117752505728391,-0.10832542107313003,0.009941828019278162,1.2257056506796176,-0.3384262028571153,7.054531346770169,0.324,0.2837,0.3732,across paths,ff49,vw
rolling120,1928-12,1938-11,120,20000,0.10690195798216329,-0.21958606371997658,-0.10376927783433089,1.0904649416128194,-0.4123912111871509,7.549271236476447,0.27835,0.2434,0.3764,across paths,ff49,vw
rolling120,1929-01,1938-12,120,20000,0.10623821505313136,-0.19084296632562958,-0.06624049277341347,1.1289154780048876,-0.3883115920666191,7.137962257440938,0.29445,0.2583,0.37845,across paths,ff49,vw
rolling120,1929-02,1939-01,120,20000,0.10237950092846937,-0.27545767327557813,-0.17181988639534518,0.9974435241988453,-0.45398674233304137,7.131052921208494,0.25255,0.2219,0.37355,across paths,ff49,vw
rolling120,1929-03,1939-02,120,20000,0.09853501283236565,-0.250103762622354,-0.1446433112103787,1.0331194070824328,-0.4376572320498955,7.436435991159673,0.2621,0.2323,0.3727,across paths,ff49,vw
rolling120,1929-04,1939-03,120,20000,0.09470316855798533,-0.3370100207082346,-0.24042444725679993,0.9140357490002068,-0.500091152981393,6.89802673893081,0.2225,0.1948,0.3759,across paths,ff49,vw
rolling120,1929-05,1939-04,120,20000,0.09077637361297852,-0.3500966342639298,-0.25970741979081435,0.8852166552745928,-0.5107729082236332,6.488059062122152,0.2153,0.1869,0.3737,across paths,ff49,vw
rolling120,1929-06,1939-05,120,20000,0.0861065822882714,-0.2619319846063468,-0.14359612381243356,1.02094849737504,-0.4343890707010205,6.365164392702584,0.26375,0.23645,0.3796,across paths,ff49,vw
rolling120,1929-07,1939-06,120,20000,0.08059609326154016,-0.3659927445339224,-0.2641645727427373,0.8814826279737742,-0.5153430352795931,6.607116398256736,0.2131,0.18815,0.3812,across paths,ff49,vw
rolling120,1929-08,1939-07,120,20000,0.07704185513957973,-0.33326705755680675,-0.21324820488538856,0.9417838165682413,-0.48160703027763746,6.629504756263542,0.233,0.2095,0.3898,across paths,ff49,vw
rolling120,1929-09,1939-08,120,20000,0.07264357664747578,-0.42682097973673894,-0.31567192206026545,0.8183068217039857,-0.5504994349998403,6.584255340283142,0.19055,0.16965,0.39525,across paths,ff49,vw
rolling120,1929-10,1939-09,120,20000,0.06900930842565067,-0.2939449160297658,-0.1732574222377326,0.9935376388361986,-0.45768770683129495,6.269763417551549,0.25055,0.2278,0.38555,across paths,ff49,vw
rolling120,1929-11,1939-10,120,20000,0.06411438226722144,-0.12636771734644614,0.035550515970066775,1.2366659143328222,-0.3162815615572096,6.122251887366318,0.3335,0.3102,0.3931,across paths,ff49,vw
rolling120,1929-12,1939-11,120,20000,0.06019167307683726,-0.03800605218662956,0.13450875080036254,1.3511013527956988,-0.2512703483534002,6.326914798447323,0.3741,0.3487,0.39085,across paths,ff49,vw
rolling120,1930-01,1939-12,120,20000,0.05628342440653311,-0.02589240483590538,0.15180717574516142,1.374987767242118,-0.2373737156457686,6.422384369690489,0.37895,0.35715,0.3914,across paths,ff49,vw
rolling120,1930-02,1940-01,120,20000,0.05480669503348623,-0.10105758664714892,0.058788483727199255,1.2468933336719656,-0.2987058547372725,5.83853445887095,0.3451,0.32325,0.38805,across paths,ff49,vw
rolling120,1930-03,1940-02,120,20000,0.05165173981404414,-0.11295021001446293,0.037137082917967516,1.2087026359868422,-0.3092666696023828,5.5968169945324115,0.3366,0.3155,0.3872,across paths,ff49,vw
rolling120,1930-04,1940-03,120,20000,0.04798379652620244,-0.1574513117272519,0.0032497981773029687,1.1675198744910866,-0.33223431268559267,5.547305135999284,0.32215,0.30425,0.3977,across paths,ff49,vw
rolling120,1930-05,1940-04,120,20000,0.045787642477000734,-0.139769462727233,0.029574822568220974,1.1956496174102607,-0.30873324652694517,5.7295024872342175,0.33625,0.3186,0.4019,across paths,ff49,vw
rolling120,1930-06,1940-05,120,20000,0.042867030668766404,-0.31966757305750126,-0.1966611113009104,0.9325619281185371,-0.46175785914911505,5.641848287675134,0.23995,0.2249,0.3947,across paths,ff49,vw
rolling120,1930-07,1940-06,120,20000,0.04005887171513556,-0.13784693395302072,0.03941306891049554,1.2056970048149733,-0.30137366480036537,5.947771582797051,0.3416,0.3259,0.405,across paths,ff49,vw
rolling120,1930-08,1940-07,120,20000,0.03808670419391924,-0.1472684686088256,0.024007920819965903,1.1862773237468744,-0.3109348313632237,5.892767886079603,0.335,0.31935,0.4035,across paths,ff49,vw
rolling120,1930-09,1940-08,120,20000,0.03704955092766493,-0.13189398836360167,0.044066885858350724,1.2133670296887975,-0.30027475589035096,5.958669766239861,0.34265,0.3279,0.4032,across paths,ff49,vw
rolling120,1930-10,1940-09,120,20000,0.03477305021718724,0.01687878425181122,0.2566241298582454,1.4513648952808254,-0.1545547124544454,5.928899318749431,0.42325,0.40845,0.41535,across paths,ff49,vw
rolling120,1930-11,1940-10,120,20000,0.033842591884491124,0.14739920207495483,0.4334060653053565,1.6543473419488237,-0.03653931421748596,5.840628770602904,0.48405,0.4697,0.4208,across paths,ff49,vw
rolling120,1930-12,1940-11,120,20000,0.03250034144061842,0.16228974687477393,0.4476567977616424,1.673328834457266,-0.027467282096670875,5.9725804179607795,0.48825,0.4736,0.4196,across paths,ff49,vw
rolling120,1931-01,1940-12,120,20000,0.031056861834050764,0.2682158063808082,0.5991736952000533,1.8442608801165845,0.07902423540581527,5.965412800436355,0.5325,0.51985,0.42485,across paths,ff49,vw
rolling120,1931-02,1941-01,120,20000,0.029409641685339327,0.14199019181715444,0.43332706737524185,1.651175205019234,-0.0353034680224521,5.845473812732229,0.4851,0.47225,0.42555,across paths,ff49,vw
rolling120,1931-03,1941-02,120,20000,0.02889514266410509,0.014736326230605279,0.2353747703930781,1.3898826727578442,-0.16177191288404957,5.510200998351679,0.41955,0.4075,0.41375,across paths,ff49,vw
rolling120,1931-04,1941-03,120,20000,0.02766207148544053,0.09123649499207254,0.30432145918321324,1.4378081901494317,-0.10728110115024608,5.316196802598607,0.44675,0.43425,0.4065,across paths,ff49,vw
rolling120,1931-05,1941-04,120,20000,0.026737914946334707,0.14514415932061064,0.38711258500008144,1.5253384190118888,-0.04911239478494528,5.3045018736071405,0.47695,0.4637,0.41315,across paths,ff49,vw
rolling120,1931-06,1941-05,120,20000,0.025814681732775346,0.337364786063713,0.6192289951874411,1.7920613900228823,0.11341701024503925,5.558920986953858,0.55045,0.53865,0.4143,across paths,ff49,vw
rolling120,1931-07,1941-06,120,20000,0.02499468598398802,0.24141141399107746,0.5173618006807221,1.6796202417618322,0.04606697377257618,5.764015054358314,0.52155,0.5097,0.4162,across paths,ff49,vw
rolling120,1931-08,1941-07,120,20000,0.024687371966603422,0.4071012388061126,0.7743289798409247,1.9601179790959364,0.22741573225871592,5.683159277440486,0.59455,0.5824,0.4325,across paths,ff49,vw
rolling120,1931-09,1941-08,120,20000,0.024482495955013395,0.39883488681073676,0.7691834455498902,1.9474544708706927,0.2227809355362459,5.68298269139663,0.59465,0.5831,0.43445,across paths,ff49,vw
rolling120,1931-10,1941-09,120,20000,0.024277660906337095,0.9451045354123766,1.4866633616069662,2.6997328624976973,0.7279117916072826,5.266758398137937,0.7434,0.73375,0.4409,across paths,ff49,vw
rolling120,1931-11,1941-10,120,20000,0.023254406499837232,0.7048681995093771,1.1561333224219186,2.3364804440177176,0.4974852430324107,5.185838612751752,0.68625,0.67585,0.43515,across paths,ff49,vw
rolling120,1931-12,1941-11,120,20000,0.02151782619530529,0.8363432600449789,1.3236258789116542,2.5223548587267155,0.6139517130273313,5.28291759566694,0.71945,0.71235,0.4357,across paths,ff49,vw
rolling120,1932-01,1941-12,120,20000,0.020395503373876078,1.0172209506706564,1.5813504912217062,2.8008538753195733,0.7938951165361735,5.315632321001605,0.7619,0.75495,0.43995,across paths,ff49,vw
rolling120,1932-02,1942-01,120,20000,0.018257590017510594,1.0611802557987926,1.6616526881227318,2.880242503232266,0.8515523161125961,5.3464842991906085,0.77395,0.7689,0.44775,across paths,ff49,vw
rolling120,1932-03,1942-02,120,20000,0.016022563879589224,0.9026129253706681,1.4994613049049363,2.7147069801241286,0.7398502227587604,5.48433161034163,0.753,0.7462,0.45575,across paths,ff49,vw
rolling120,1932-04,1942-03,120,20000,0.014500964592629062,1.0000345865279554,1.6764730329718838,2.895575231506134,0.8639662433243784,5.507304893000832,0.7787,0.774,0.46515,across paths,ff49,vw
rolling120,1932-05,1942-04,120,20000,0.013487578352900265,1.3278971383173137,2.1656561774624157,3.3863685472963376,1.2128566222157648,5.245241891811395,0.8382,0.8339,0.476,across paths,ff49,vw
rolling120,1932-06,1942-05,120,20000,0.013183714397767332,2.1016193298586052,3.3762300999642023,4.607750162820884,2.0853526855632856,5.241495974462737,0.9212,0.9196,0.49665,across paths,ff49,vw
rolling120,1932-07,1942-06,120,20000,0.013183714397767332,2.209433805304572,3.541278589538895,4.743815419803423,2.2159935143803864,5.495843388814148,0.9351,0.93255,0.5014,across paths,ff49,vw
rolling120,1932-08,1942-07,120,20000,0.013285012509584693,1.4867527965369707,2.489763029179135,3.6118807492022422,1.4906257528169462,5.991139736788327,0.88395,0.8808,0.5005,across paths,ff49,vw
rolling120,1932-09,1942-08,120,20000,0.013285012509584693,0.8463436913697393,1.3916351740285233,2.2395018637136914,0.7631451661990678,4.243625430954322,0.77855,0.7731,0.4757,across paths,ff49,vw
rolling120,1932-10,1942-09,120,20000,0.013285012509584693,0.9520772470810972,1.571700905986118,2.3853895571777657,0.9070277914691904,4.274787427892243,0.80865,0.8041,0.48745,across paths,ff49,vw
rolling120,1932-11,1942-10,120,20000,0.013386320749187774,1.401052766785026,2.236134462315938,3.0002876498549824,1.3953788615258558,4.292590631080776,0.88255,0.87915,0.49835,across paths,ff49,vw
rolling120,1932-12,1942-11,120,20000,0.0134876391175891,1.5545936384234995,2.4377369380523315,3.1557238375366765,1.5460486452758435,3.9647080532147694,0.89835,0.8949,0.49895,across paths,ff49,vw
rolling120,1933-01,1942-12,120,20000,0.013690316377686695,1.5726957095949383,2.6213493804074317,3.3489519895376394,1.6856466279207527,5.066534201265582,0.9143,0.911,0.52445,across paths,ff49,vw
rolling120,1933-02,1943-01,120,20000,0.013893034169182972,1.7228649110142578,2.8631715528153556,3.548848325290192,1.87193595109332,4.887238140642361,0.93155,0.92805,0.52925,across paths,ff49,vw
rolling120,1933-03,1943-02,120,20000,0.01450155254519725,2.4145137565021733,4.001101239523556,4.599237764861568,2.718721306303671,5.107297150918974,0.9683,0.96645,0.548,across paths,ff49,vw
rolling120,1933-04,1943-03,120,20000,0.014400142953779449,2.512544413332886,3.9795823970252173,4.500039782473072,2.746090465983979,5.525267319825261,0.96935,0.9675,0.5373,across paths,ff49,vw
rolling120,1933-05,1943-04,120,20000,0.013690772224441039,1.549888263195509,2.6174794770512575,3.2219652454600967,1.7522107171867318,5.751686136158401,0.9271,0.9242,0.54065,across paths,ff49,vw
rolling120,1933-06,1943-05,120,20000,0.013488115132832768,1.2203151526976947,1.8431637341546867,2.236698961611208,1.2298256575695883,2.763561822086291,0.87845,0.87545,0.5026,across paths,ff49,vw
rolling120,1933-07,1943-06,120,20000,0.013589443678637014,0.9991080118658084,1.505359262555909,1.9560632954148014,0.9738625328028471,2.744087386196808,0.8431,0.8374,0.4922,across paths,ff49,vw
rolling120,1933-08,1943-07,120,20000,0.013690782355269437,1.1068271534655705,1.6892570833790352,2.092036120050564,1.125773169990935,2.772370855365955,0.8689,0.8643,0.5047,across paths,ff49,vw
rolling120,1933-09,1943-08,120,20000,0.013690782355269437,0.9049236678920876,1.4127442047202192,1.8605806313412463,0.9007807227485708,2.7329599875917765,0.8344,0.82945,0.49855,across paths,ff49,vw
rolling120,1933-10,1943-09,120,20000,0.013792131163743448,1.1832978773882346,1.8169600898518228,2.143032273876782,1.2337696357621035,2.6608513219333463,0.8893,0.88595,0.51265,across paths,ff49,vw
rolling120,1933-11,1943-10,120,20000,0.013994869316160896,1.355531850694475,2.1169749016004755,2.356887168370026,1.470006395859142,2.650553475097597,0.91995,0.9173,0.5298,across paths,ff49,vw
rolling120,1933-12,1943-11,120,20000,0.014096248527250221,1.0152336316969732,1.6987792596209086,2.0287029443679683,1.1506360501010846,2.5779888962292534,0.881,0.87625,0.53795,across paths,ff49,vw
rolling120,1934-01,1943-12,120,20000,0.01419763787423367,1.105467973414748,1.8930010405201942,2.1647720065922567,1.3012211336634558,2.5633977459122588,0.9034,0.89885,0.5533,across paths,ff49,vw
rolling120,1934-02,1944-01,120,20000,0.013994899715737974,0.9021169609801947,1.4614528434009797,1.8177445212621826,0.961850289046514,2.5343284453895207,0.85915,0.85345,0.52055,across paths,ff49,vw
rolling120,1934-03,1944-02,120,20000,0.014096278929866868,0.9584918765502157,1.5062203146806903,1.8451247042242647,1.0009094420959241,2.5529166185002534,0.86465,0.85985,0.5135,across paths,ff49,vw
rolling120,1934-04,1944-03,120,20000,0.014096278929866868,1.0048571322431936,1.5618734665941643,1.8804919476129474,1.0488062693285687,2.523448538699529,0.87175,0.8679,0.5133,across paths,ff49,vw
rolling120,1934-05,1944-04,120,20000,0.014299077905755242,1.0073065606271192,1.4992842831289324,1.822424009308261,1.0034290948816529,2.4521696189295725,0.86605,0.861,0.49905,across paths,ff49,vw
rolling120,1934-06,1944-05,120,20000,0.014501917437383272,1.2748031545823881,1.8838034543533515,2.0967028051336833,1.3128285030153,2.4700962564622135,0.90905,0.90565,0.5107,across paths,ff49,vw
rolling120,1934-07,1944-06,120,20000,0.014704797532861136,1.3372539421205727,2.071541900358837,2.242151124236529,1.4710363423927917,2.577683114670502,0.92595,0.92275,0.5345,across paths,ff49,vw
rolling120,1934-08,1944-07,120,20000,0.014907718200301012,1.5857528175206155,2.4924863428090998,2.526316873027767,1.8185560474464242,2.5551688602759413,0.9528,0.95125,0.55315,across paths,ff49,vw
rolling120,1934-09,1944-08,120,20000,0.015110679447816189,1.4877983590483885,2.3800084773594046,2.431464406568681,1.7204827754750676,2.5604836325473905,0.9502,0.947,0.55785,across paths,ff49,vw
rolling120,1934-10,1944-09,120,20000,0.015212180365669292,1.4945308994607678,2.40788139923524,2.4432215048658446,1.7480358781223808,2.545057949310419,0.95175,0.9488,0.5627,across paths,ff49,vw
rolling120,1934-11,1944-10,120,20000,0.015415202499529101,1.5412003133398509,2.382872489491782,2.406703123261604,1.7274027609296163,2.549042280601328,0.9524,0.94945,0.54905,across paths,ff49,vw
rolling120,1934-12,1944-11,120,20000,0.015618265233755535,1.3863920978327156,2.0545253525470697,2.1173101211358927,1.4903989528837551,2.504886916962686,0.9366,0.93295,0.52785,across paths,ff49,vw
rolling120,1935-01,1944-12,120,20000,0.015719816905111816,1.4741253531978917,2.1937140141659226,2.2107058524978385,1.6116687900921425,2.505983941631104,0.9462,0.9431,0.53405,across paths,ff49,vw
rolling120,1935-02,1945-01,120,20000,0.01592294055612764,1.614808400210387,2.4382294236484428,2.3661353400944583,1.81792417314247,2.4659878547219862,0.95815,0.95615,0.5495,across paths,ff49,vw
rolling120,1935-03,1945-02,120,20000,0.01592294055612764,1.833197965759266,2.7463503906768603,2.558026138147808,2.0897836698210623,2.480791264269313,0.97215,0.9707,0.5554,across paths,ff49,vw
rolling120,1935-04,1945-03,120,20000,0.016024522691969745,1.8276080632307696,2.71972833458205,2.541990329025408,2.068018134318143,2.5303593808639446,0.9714,0.9697,0.5509,across paths,ff49,vw
rolling120,1935-05,1945-04,120,20000,0.016227707278049452,1.7954614234727595,2.725115203705155,2.5413041389864692,2.063340491305855,2.5046000221211187,0.9716,0.96955,0.5599,across paths,ff49,vw
rolling120,1935-06,1945-05,120,20000,0.016430932496983353,1.7495323191922556,2.6310149402886682,2.424342440909398,2.010938662205797,2.48924312624163,0.97085,0.9687,0.5625,across paths,ff49,vw
rolling120,1935-07,1945-06,120,20000,0.016532565426939927,1.6060084969803134,2.5046722432682524,2.345124043509367,1.910123290791817,2.5416537353589987,0.96755,0.9649,0.5746,across paths,ff49,vw
rolling120,1935-08,1945-07,120,20000,0.016735851611406893,1.3712133102230908,2.128739725975232,2.045021701228754,1.611501813772476,2.5347513348428237,0.9525,0.94975,0.56715,across paths,ff49,vw
rolling120,1935-09,1945-08,120,20000,0.016939178449045356,1.454134173107378,2.255038170884671,2.098584161279263,1.7326657339648277,2.418864686325425,0.96245,0.9593,0.5751,across paths,ff49,vw
rolling120,1935-10,1945-09,120,20000,0.017142545947985477,1.5060241775470447,2.374877677159959,2.1454743371740124,1.8377032770636073,2.2175366113892134,0.96815,0.9655,0.5881,across paths,ff49,vw
rolling120,1935-11,1945-10,120,20000,0.017345954116358087,1.4329786297710094,2.2943693921516446,2.0683057304804935,1.787806726637883,2.195949349187848,0.9674,0.9649,0.59395,across paths,ff49,vw
rolling120,1935-12,1945-11,120,20000,0.017345954116358087,1.4452722580842772,2.288321317077409,2.043694220345794,1.7880972118071636,2.1972981692001725,0.96925,0.9665,0.59345,across paths,ff49,vw
rolling120,1936-01,1945-12,120,20000,0.0175494029622969,1.3671619927629157,2.2177444142700495,1.9870213973888964,1.7363843742326779,2.1548738152542994,0.96585,0.9634,0.60025,across paths,ff49,vw
rolling120,1936-02,1946-01,120,20000,0.01775289249393608,1.353211459035688,2.22364901746916,1.982446699501463,1.7496479150775275,2.155089179931326,0.96625,0.96385,0.608,across paths,ff49,vw
rolling120,1936-03,1946-02,120,20000,0.017956422719412446,1.162429144649478,1.9666075602842938,1.8149944953509145,1.5270713069409878,2.115099811489846,0.9533,0.9503,0.60925,across paths,ff49,vw
rolling120,1936-04,1946-03,120,20000,0.018058198006627002,1.2680022847081225,2.14471824939063,1.922718332139896,1.6763519687150659,2.1180109353607652,0.96185,0.95905,0.61785,across paths,ff49,vw
rolling120,1936-05,1946-04,120,20000,0.018159983469335117,1.5735951045240406,2.6610137479776736,2.225373466964434,2.1228395620771927,2.0992246345541723,0.9815,0.97995,0.63855,across paths,ff49,vw
rolling120,1936-06,1946-05,120,20000,0.0182617791085542,1.5432628363973437,2.587658867618827,2.1710276440259526,2.059885777214803,2.035608759442459,0.97945,0.9783,0.6328,across paths,ff49,vw
rolling120,1936-07,1946-06,120,20000,0.0182617791085542,1.387086684479553,2.3994207357721478,2.0537515183768535,1.9048869424060841,2.034939658456535,0.9739,0.97155,0.63815,across paths,ff49,vw
rolling120,1936-08,1946-07,120,20000,0.01846541110117661,1.1778893792036715,2.0801449685506994,1.847110149602624,1.6362899399013136,2.043385118368009,0.96185,0.95995,0.6365,across paths,ff49,vw
rolling120,1936-09,1946-08,120,20000,0.018567237277051563,1.0174745986742648,1.8367657908195247,1.7008519328848644,1.4335503071865985,2.0350559220729343,0.94895,0.9457,0.6331,across paths,ff49,vw
rolling120,1936-10,1946-09,120,20000,0.018770930355199056,0.7951088600800424,1.455199493816092,1.4658182856026984,1.101888867877496,2.0335373189882096,0.916,0.90955,0.61575,across paths,ff49,vw
rolling120,1936-11,1946-10,120,20000,0.01887278707689033,0.6521637650792698,1.2845250009670834,1.3602846737410736,0.9626167218540496,2.0280093870673133,0.8933,0.8867,0.62255,across paths,ff49,vw
rolling120,1936-12,1946-11,120,20000,0.01907654125888758,0.600008697061855,1.1373984948826366,1.2749531004278571,0.831607783391196,2.0787435304184454,0.8714,0.8637,0.5988,across paths,ff49,vw
rolling120,1937-01,1946-12,120,20000,0.019382264221265322,0.6766558202743989,1.215481525728124,1.310404929662369,0.9027516865464065,2.0283171601253125,0.8851,0.87875,0.59375,across paths,ff49,vw
rolling120,1937-02,1947-01,120,20000,0.019586120288502817,0.6429150684732112,1.166790733205021,1.2833016065450753,0.8616676962812547,2.0386967735639647,0.877,0.8702,0.58935,across paths,ff49,vw
rolling120,1937-03,1947-02,120,20000,0.019688058512886686,0.6078142124108759,1.1252771792682243,1.2572685631308846,0.8225776678743515,2.0444066415642754,0.87155,0.86295,0.593,across paths,ff49,vw
rolling120,1937-04,1947-03,120,20000,0.019891975732867273,0.5852483989033546,1.1170614254736084,1.249200143852974,0.8202539546660562,2.071990933499191,0.8708,0.86285,0.60205,across paths,ff49,vw
rolling120,1937-05,1947-04,120,20000,0.019891975732867273,0.6290407362422192,1.1409286716977234,1.260288341790387,0.8427936258166094,2.070328632304652,0.87635,0.8688,0.59125,across paths,ff49,vw
rolling120,1937-06,1947-05,120,20000,0.019586191610620807,0.62641404554587,1.1016551430328352,1.2338365069420718,0.8158996282724394,2.081884516498943,0.86935,0.86215,0.58015,across paths,ff49,vw
rolling120,1937-07,1947-06,120,20000,0.019586191610620807,0.7882065909952658,1.3535314700856347,1.382860458045932,1.027090119661571,2.1194875989411557,0.91045,0.9045,0.59145,across paths,ff49,vw
rolling120,1937-08,1947-07,120,20000,0.019586191610620807,0.7097448000556901,1.2693452435697823,1.3243150208101708,0.9570148159749765,2.0496027892911126,0.899,0.8926,0.5991,across paths,ff49,vw
rolling120,1937-09,1947-08,120,20000,0.019688129842135638,0.7663529156766213,1.3234711693551953,1.359486369100332,1.0000841238583276,2.173756364914734,0.90555,0.89955,0.59225,across paths,ff49,vw
rolling120,1937-10,1947-09,120,20000,0.01989198592567054,1.0341060190712494,1.7605389005567689,1.6062297059103228,1.3816154662991873,2.190359081627885,0.95235,0.94855,0.6172,across paths,ff49,vw
rolling120,1937-11,1947-10,120,20000,0.020299861144996934,1.3062798864909344,2.1175013002430556,1.80670250494317,1.6905474708040371,2.1876498150758015,0.9724,0.96995,0.61585,across paths,ff49,vw
rolling120,1937-12,1947-11,120,20000,0.02070789948178775,1.466756118095386,2.332167279436192,1.9183527133678588,1.8750805019749555,2.127637225432933,0.9804,0.97885,0.617,across paths,ff49,vw
rolling120,1938-01,1947-12,120,20000,0.021524465801373127,1.6569625766842888,2.584751123973251,2.0361895049330396,2.0999879437097064,2.1185917315139418,0.9868,0.9853,0.6226,across paths,ff49,vw
rolling120,1938-02,1948-01,120,20000,0.02223953292743408,1.542201255199319,2.427616019924804,1.9425989138781847,1.9625729118763149,2.152384458444625,0.9847,0.9831,0.62355,across paths,ff49,vw
rolling120,1938-03,1948-02,120,20000,0.022955100600483336,1.2981883619274712,2.0798151955974076,1.7416099494671298,1.6670451092087013,2.125870335592864,0.97495,0.97225,0.61815,across paths,ff49,vw
rolling120,1938-04,1948-03,120,20000,0.023978158006824346,2.2684540057906464,3.421672829990596,2.4793413784558807,2.83929867845265,2.119780241117226,0.9965,0.99605,0.62675,across paths,ff49,vw
rolling120,1938-05,1948-04,120,20000,0.024694871046125222,1.9612781380091162,2.9002437496045887,2.1737517751860334,2.3943376987645455,2.0592152139398143,0.99375,0.9927,0.60585,across paths,ff49,vw
rolling120,1938-06,1948-05,120,20000,0.025514626942962026,2.30810559623652,3.3668850313736076,2.412373689095388,2.804143241185314,2.0391083556736787,0.99635,0.9961,0.6104,across paths,ff49,vw
rolling120,1938-07,1948-06,120,20000,0.026437590107210696,1.6696617766706536,2.426684730735993,1.870363572294107,1.9962110072754826,2.050307024546945,0.98785,0.98635,0.5945,across paths,ff49,vw
rolling120,1938-08,1948-07,120,20000,0.0273614763269292,1.363192962949237,2.0063435990971623,1.638884259814882,1.631373847862505,2.039802873483521,0.9764,0.9732,0.5857,across paths,ff49,vw
rolling120,1938-09,1948-08,120,20000,0.028286101655623508,1.4362839084740742,2.144838469606206,1.7085920357493913,1.7420089338613385,1.990380744655542,0.98145,0.97905,0.5974,across paths,ff49,vw
rolling120,1938-10,1948-09,120,20000,0.02849171775273529,1.34448540721278,2.037858938273239,1.6462494822096014,1.6540393892787015,1.9475270726308338,0.97815,0.9742,0.5993,across paths,ff49,vw
rolling120,1938-11,1948-10,120,20000,0.028800234416394677,1.305124322090295,1.8772581164543476,1.532827570407178,1.524365847940547,1.9070307065193963,0.9733,0.9691,0.5748,across paths,ff49,vw
rolling120,1938-12,1948-11,120,20000,0.02982965230154222,1.1290710388349265,1.6936085416661328,1.4340110424964472,1.3701965108172174,1.930777055344798,0.9634,0.95815,0.58665,across paths,ff49,vw
rolling120,1939-01,1948-12,120,20000,0.03024158416246281,1.1114923032992312,1.6569209586298672,1.4127009315594048,1.3347022413443048,1.924708315724269,0.96185,0.95685,0.58305,across paths,ff49,vw
rolling120,1939-02,1949-01,120,20000,0.031374963242949416,1.2532016888961053,1.886067729791675,1.5265052176354696,1.5416401414805403,1.8958905360043021,0.97435,0.97045,0.5989,across paths,ff49,vw
rolling120,1939-03,1949-02,120,20000,0.03219998071179697,1.1147708277931376,1.7129227178929454,1.435285645018923,1.393244821101543,1.9128534307442664,0.96535,0.9607,0.60035,across paths,ff49,vw
rolling120,1939-04,1949-03,120,20000,0.033335514243933106,1.5040175274517424,2.2996325679880685,1.7251356168536849,1.9136812654192048,1.9198946358752813,0.98855,0.98625,0.62505,across paths,ff49,vw
rolling120,1939-05,1949-04,120,20000,0.034265516206752666,1.4638810012653791,2.2400691998873596,1.690934482947535,1.8620128035020584,1.8911194382919894,0.9869,0.9847,0.62285,across paths,ff49,vw
rolling120,1939-06,1949-05,120,20000,0.03519626209674964,1.2401434454492941,1.9127589349682421,1.5226363397424838,1.5755968863492906,1.9386339985081305,0.97825,0.974,0.61375,across paths,ff49,vw
rolling120,1939-07,1949-06,120,20000,0.03612784557428905,1.370747499303119,2.128542494961205,1.6269486471032946,1.7627247548105613,1.9401375260830045,0.9849,0.9825,0.62785,across paths,ff49,vw
rolling120,1939-08,1949-07,120,20000,0.03706036063530593,1.2720201265776492,1.9888883058493407,1.5507298007554575,1.6475163432424367,1.9566871291709438,0.98145,0.97815,0.6272,across paths,ff49,vw
rolling120,1939-09,1949-08,120,20000,0.03809752471234895,1.5001717564783306,2.359000631928217,1.7338181495572103,1.9756886401871339,1.9267618232715888,0.99085,0.9885,0.6458,across paths,ff49,vw
rolling120,1939-10,1949-09,120,20000,0.03892791969262066,1.206738424580275,1.967993980856623,1.4365831777014162,1.6644035327387277,1.7407007831880845,0.9861,0.98285,0.66445,across paths,ff49,vw
rolling120,1939-11,1949-10,120,20000,0.03986295482034419,1.2901538913182042,2.035295797908965,1.457235866533916,1.731225263568544,1.7437917540004928,0.9888,0.9856,0.65575,across paths,ff49,vw
rolling120,1939-12,1949-11,120,20000,0.04069484518420041,1.4218347689300654,2.2549646644553882,1.551778412774426,1.9259871958833217,1.7268613492745006,0.99335,0.99095,0.6692,across paths,ff49,vw
rolling120,1940-01,1949-12,120,20000,0.041631470544866156,1.475951352710685,2.401086104538307,1.617402847691906,2.0560004660071063,1.7306841189037439,0.9953,0.9935,0.6885,across paths,ff49,vw
rolling120,1940-02,1950-01,120,20000,0.042568938868356554,1.5825093574384734,2.525888535648244,1.6715394441606324,2.1745919971287124,1.7218183133098828,0.99625,0.9948,0.6847,across paths,ff49,vw
rolling120,1940-03,1950-02,120,20000,0.04350725091333807,1.5858189613074303,2.5281342093721433,1.6726181836785323,2.1869907052678035,1.7181495821442034,0.99645,0.9948,0.6845,across paths,ff49,vw
rolling120,1940-04,1950-03,120,20000,0.04455075816425147,1.5683352270271547,2.4323734116471973,1.6270161820289972,2.092739008119377,1.7244290744005555,0.99545,0.994,0.6666,across paths,ff49,vw
rolling120,1940-05,1950-04,120,20000,0.04549085384659923,1.665973993889791,2.5534906728287945,1.6856327579771182,2.2001270571980385,1.7443546716208111,0.9968,0.99535,0.6626,across paths,ff49,vw
rolling120,1940-06,1950-05,120,20000,0.046745693839213676,2.5699025960755573,3.896230180005632,2.3013631605603413,3.4242424468770154,1.7589481269795908,0.9995,0.9995,0.691,across paths,ff49,vw
rolling120,1940-07,1950-06,120,20000,0.0477924395330529,2.14997310333258,3.308678143608368,1.992240845077242,2.905438391296721,1.676848596031915,0.9991,0.99875,0.6935,across paths,ff49,vw
rolling120,1940-08,1950-07,120,20000,0.04873535843674226,2.09776866442292,3.1918233782980883,1.964612013144245,2.782020172729986,1.7055293164982799,0.999,0.9985,0.6796,across paths,ff49,vw
rolling120,1940-09,1950-08,120,20000,0.04988908270344927,2.181426604871132,3.3208474434725286,2.018597567116897,2.898444155722252,1.6780078965548564,0.99915,0.99885,0.68415,across paths,ff49,vw
rolling120,1940-10,1950-09,120,20000,0.05093897178615259,2.2600378883004115,3.3703295197599275,2.014672774888611,2.9574452023785165,1.6351493547241516,0.9992,0.99905,0.67765,across paths,ff49,vw
rolling120,1940-11,1950-10,120,20000,0.052200098552296126,2.1619488127522093,3.204128131987579,1.9314975576931575,2.811600139577479,1.612498390834014,0.99905,0.9987,0.67045,across paths,ff49,vw
rolling120,1940-12,1950-11,120,20000,0.053357518660703596,2.3066236440423467,3.371715094477313,1.9958287083288773,2.9718023356341403,1.6351931292344974,0.9995,0.9993,0.66635,across paths,ff49,vw
rolling120,1941-01,1950-12,120,20000,0.05451621193123035,2.470493462135219,3.5815024192140323,2.086878282517312,3.1630522543527606,1.6364576378937672,0.99955,0.9995,0.66485,across paths,ff49,vw
rolling120,1941-02,1951-01,120,20000,0.05599268227496834,2.833444557956061,3.953408950104601,2.253278505767636,3.5042895675459236,1.6345511196008962,0.99985,0.9998,0.6485,across paths,ff49,vw
rolling120,1941-03,1951-02,120,20000,0.057154390396283006,2.947794466645091,4.130577896930523,2.3295317447266615,3.666345423504824,1.6238215283304354,0.99985,0.99985,0.652,across paths,ff49,vw
rolling120,1941-04,1951-03,120,20000,0.0582114390818107,2.8342733565482066,3.9132219757087747,2.2180335161233433,3.4695817505915274,1.5711588297355448,0.99985,0.99985,0.64215,across paths,ff49,vw
rolling120,1941-05,1951-04,120,20000,0.05969308326094325,3.258546066899358,4.422228790424354,2.437624207676983,3.9238835563093146,1.5852559639582817,0.99995,0.9999,0.6354,across paths,ff49,vw
rolling120,1941-06,1951-05,120,20000,0.060964714960856314,3.106890238730208,4.3033686122231485,2.3823935284950184,3.8301148600642336,1.6084372502327016,0.99995,0.9999,0.6487,across paths,ff49,vw
rolling120,1941-07,1951-06,120,20000,0.06223787261880931,2.783244159253595,3.815789363726286,2.1663069463707676,3.380812715072104,1.616316597380338,0.99985,0.99975,0.6358,across paths,ff49,vw
rolling120,1941-08,1951-07,120,20000,0.06329979191563906,2.825399287751416,3.701891255984431,2.1019881689124325,3.2742450677392725,1.5988905132612552,0.9999,0.99975,0.6077,across paths,ff49,vw
rolling120,1941-09,1951-08,120,20000,0.0645756240827211,3.0008833496294356,3.87377856662193,2.176026655699759,3.4356302602174758,1.588060906949816,0.9999,0.9999,0.5973,across paths,ff49,vw
rolling120,1941-10,1951-09,120,20000,0.06574654017760273,3.0690916908064123,4.055516427012269,2.2596284959435855,3.6054530721431917,1.5996838016435013,1.0,0.99995,0.615,across paths,ff49,vw
rolling120,1941-11,1951-10,120,20000,0.0674517346418868,3.1932174559154527,4.220497035758033,2.3289296798550305,3.751213673736417,1.5982787800194977,0.99995,0.99985,0.6165,across paths,ff49,vw
rolling120,1941-12,1951-11,120,20000,0.06862593154999286,3.3061199962889027,4.404771026191355,2.393262676980569,3.914377381771272,1.6120060706894108,1.0,1.0,0.62745,across paths,ff49,vw
rolling120,1942-01,1951-12,120,20000,0.0698013025375992,3.682730091622906,4.89058039306764,2.5595845773595594,4.385149476711781,1.5752222394134179,1.0,1.0,0.6346,across paths,ff49,vw
rolling120,1942-02,1952-01,120,20000,0.07119176613817779,3.7194264190942086,4.700480236236116,2.4415981531561544,4.218878840306857,1.5248829876722712,1.0,1.0,0.5985,across paths,ff49,vw
rolling120,1942-03,1952-02,120,20000,0.07236995926161738,3.7160398496494462,4.653690540526592,2.4133786459976534,4.195075172885165,1.526111226367284,1.0,1.0,0.5921,across paths,ff49,vw
rolling120,1942-04,1952-03,120,20000,0.07344222199460582,4.2784708947741095,5.107838048746742,2.5958932755509454,4.613556385204722,1.4972347524828993,1.0,1.0,0.5588,across paths,ff49,vw
rolling120,1942-05,1952-04,120,20000,0.07462289037196213,4.251427286049315,5.113497659562545,2.595948487993373,4.612836076116213,1.5152615167124972,1.0,1.0,0.56585,across paths,ff49,vw
rolling120,1942-06,1952-05,120,20000,0.075697190972154,4.119633752877401,4.956508854864801,2.5248955381859983,4.465507124333735,1.536115381146371,1.0,1.0,0.5651,across paths,ff49,vw
rolling120,1942-07,1952-06,120,20000,0.07709531769507327,4.183940739646747,4.982267483156953,2.530484421025489,4.494789378367837,1.5258084256037603,1.0,1.0,0.5585,across paths,ff49,vw
rolling120,1942-08,1952-07,120,20000,0.07838744443828438,4.059774494385746,4.784905446359358,2.4424874696102195,4.319678323778659,1.5260192208311403,1.0,1.0,0.5486,across paths,ff49,vw
rolling120,1942-09,1952-08,120,20000,0.07968112126856108,3.938037800766528,4.72180965557164,2.414949095461927,4.257729501482713,1.5297033077370894,1.0,1.0,0.56255,across paths,ff49,vw
rolling120,1942-10,1952-09,120,20000,0.08108428577685789,3.7201195227590027,4.443033183796714,2.2961290461628456,3.9959269466641647,1.5223810989442392,1.0,0.99995,0.5582,across paths,ff49,vw
rolling120,1942-11,1952-10,120,20000,0.08227312184039337,3.39454833995382,4.031196418645091,2.1094909071563457,3.6215277384374103,1.522957010194848,1.0,0.9999,0.55315,across paths,ff49,vw
rolling120,1942-12,1952-11,120,20000,0.08303048581648875,3.653412509340077,4.295560826720095,2.210567012401533,3.8704666973254374,1.5235587828745334,1.0,0.99995,0.54845,across paths,ff49,vw
rolling120,1943-01,1952-12,120,20000,0.08443800319283734,3.561379629056465,4.166992935479589,2.150023821245586,3.7610686122337795,1.5323429326283864,1.0,0.99995,0.54385,across paths,ff49,vw
rolling120,1943-02,1953-01,120,20000,0.0858473497930079,3.2489447048564424,3.7692770525778636,1.9711796447440897,3.392999126757173,1.5211766320541733,0.99995,0.99995,0.53445,across paths,ff49,vw
rolling120,1943-03,1953-02,120,20000,0.0870414236556214,2.996064673453366,3.4206447827501814,1.7745136076789345,3.0916780005738556,1.4091440416216965,0.99995,0.99995,0.52595,across paths,ff49,vw
rolling120,1943-04,1953-03,120,20000,0.08867149676917085,2.7202661310275817,3.062192211317649,1.6183757406399069,2.7586684675131647,1.4155294099952533,0.99995,0.99965,0.51075,across paths,ff49,vw
rolling120,1943-05,1953-04,120,20000,0.09008634526042325,2.5907725360265226,2.874810431046267,1.5276847871292112,2.596547362201364,1.37475437244846,0.9999,0.9994,0.5018,across paths,ff49,vw
rolling120,1943-06,1953-05,120,20000,0.0917211478178026,2.4179727609638864,2.627282594302953,1.4107635910481873,2.373777428868692,1.3488306281197777,0.99985,0.99915,0.4855,across paths,ff49,vw
rolling120,1943-07,1953-06,120,20000,0.0933582384123508,2.298503119048997,2.48801617444775,1.3503981118659651,2.247103030637356,1.3335287115395653,0.99965,0.99885,0.4814,across paths,ff49,vw
rolling120,1943-08,1953-07,120,20000,0.0946698748075272,2.551301783291073,2.7584190012429577,1.4412029562215178,2.50657318754127,1.3437131903603312,0.99995,0.9996,0.48555,across paths,ff49,vw
rolling120,1943-09,1953-08,120,20000,0.09620195300879719,2.3508335488054817,2.5573417234281854,1.365113138682942,2.3210760743991807,1.336667890082953,0.9997,0.9992,0.4896,across paths,ff49,vw
rolling120,1943-10,1953-09,120,20000,0.0976265881571643,2.2834439450708404,2.464496517979155,1.3317981940203516,2.2289054108331547,1.3353034681044145,0.9997,0.9989,0.48215,across paths,ff49,vw
rolling120,1943-11,1953-10,120,20000,0.09872388555610168,2.477701095947301,2.62122571718192,1.392109028668516,2.3777340352055765,1.3298355131229567,0.99985,0.99905,0.46735,across paths,ff49,vw
rolling120,1943-12,1953-11,120,20000,0.09927308273972457,2.803666278372967,2.9903775604784153,1.5360433951861048,2.719385245468299,1.3415190071287262,0.99995,0.9998,0.4754,across paths,ff49,vw
rolling120,1944-01,1953-12,120,20000,0.10037202613944429,2.580236633261774,2.6863399656719973,1.4143268183910183,2.4347135355919622,1.3166984897446317,0.9998,0.9993,0.4568,across paths,ff49,vw
rolling120,1944-02,1954-01,120,20000,0.10125205975027263,2.7023101433081367,2.790079223781482,1.4513617433443267,2.5351517193270157,1.3019317389077387,0.9999,0.99945,0.4496,across paths,ff49,vw
rolling120,1944-03,1954-02,120,20000,0.10169242846355875,2.7517234460176283,2.8467434954482362,1.4710150180107489,2.589380693668286,1.30572837487623,0.99985,0.9996,0.4514,across paths,ff49,vw
rolling120,1944-04,1954-03,120,20000,0.10235331174398077,2.7978511933047305,2.845748867956958,1.4784075039296654,2.586109533313524,1.33749288316653,0.9998,0.99955,0.43705,across paths,ff49,vw
rolling120,1944-05,1954-04,120,20000,0.10301452536694033,3.0303411687337967,3.0583576529981595,1.5654223597158823,2.7805106512769275,1.3587055752058077,0.99995,0.9997,0.431,across paths,ff49,vw
rolling120,1944-06,1954-05,120,20000,0.10323506211099054,2.95518686666246,2.9604464480407944,1.5294945033714182,2.687532204656368,1.3570852400392357,0.99995,0.9996,0.42655,across paths,ff49,vw
rolling120,1944-07,1954-06,120,20000,0.1035659333682466,2.7902937245995956,2.7808536186395307,1.450406279412395,2.522464832700713,1.318991272471344,0.9998,0.9994,0.42255,across paths,ff49,vw
rolling120,1944-08,1954-07,120,20000,0.10378658036082244,3.04069774476545,3.0510608782649076,1.5592820252108268,2.7793635813528508,1.3391009942233436,0.99995,0.99975,0.42675,across paths,ff49,vw
rolling120,1944-09,1954-08,120,20000,0.1040072714695619,2.885974698922969,2.8725614771983814,1.4927679183685463,2.610805055367104,1.3503514248411053,0.99995,0.99955,0.41905,across paths,ff49,vw
rolling120,1944-10,1954-09,120,20000,0.10477992202947872,3.1365198489434922,3.057285821979834,1.564182526903381,2.7784789103727023,1.3521654913454064,0.99995,0.99975,0.40375,across paths,ff49,vw
rolling120,1944-11,1954-10,120,20000,0.10522170146446008,3.0626165598965924,3.010004871593073,1.5481777108169401,2.7326445678169944,1.3470028525175746,0.9999,0.9996,0.40995,across paths,ff49,vw
rolling120,1944-12,1954-11,120,20000,0.10555316853477814,3.371285972202476,3.2924482686780814,1.6641006628345736,2.995159501274471,1.3518826160473534,0.99995,0.9997,0.404,across paths,ff49,vw
rolling120,1945-01,1954-12,120,20000,0.10621636779604682,3.434717087117197,3.338142745352287,1.6695647352099474,3.0417742448803073,1.3462983564191036,0.9999,0.99975,0.4001,across paths,ff49,vw
rolling120,1945-02,1955-01,120,20000,0.10676931009725443,3.3756107049290414,3.2384035498746884,1.6261271164543596,2.951618561516864,1.329968209956884,0.99995,0.99965,0.3898,across paths,ff49,vw
rolling120,1945-03,1955-02,120,20000,0.10754389369760253,3.2462985391551378,3.142193558362939,1.5928963209282727,2.856928496639912,1.3459403610147773,0.9999,0.9996,0.39925,across paths,ff49,vw
rolling120,1945-04,1955-03,120,20000,0.1084297516409718,3.4159560814541257,3.3341727440056124,1.6698570573442817,3.04198854776514,1.3477643356152198,0.99995,0.99965,0.4036,across paths,ff49,vw
rolling120,1945-05,1955-04,120,20000,0.10920541976668274,3.2267534746070687,3.1156367639346785,1.5897501827553726,2.8345150782023802,1.3616427685596637,0.9999,0.9996,0.39495,across paths,ff49,vw
rolling120,1945-06,1955-05,120,20000,0.1104251798004161,3.198096110968679,3.068235612992871,1.5714226190547176,2.795018158489838,1.373399772170424,0.9999,0.9996,0.3904,across paths,ff49,vw
rolling120,1945-07,1955-06,120,20000,0.11131334231175405,3.458987652970917,3.175491047743639,1.6103057844987896,2.891855220479804,1.35462786318832,0.9999,0.99955,0.35485,across paths,ff49,vw
rolling120,1945-08,1955-07,120,20000,0.11209102834556228,3.6471709659360707,3.286917692103931,1.6575293246321998,2.995574426129539,1.3584943031330199,0.9999,0.99965,0.3405,across paths,ff49,vw
rolling120,1945-09,1955-08,120,20000,0.11353631309698597,3.3904284382180023,3.0430034998415043,1.5578361625433497,2.759738747550515,1.3529632620363279,0.9998,0.9995,0.33835,across paths,ff49,vw
rolling120,1945-10,1955-09,120,20000,0.11498347615509474,3.1805424985665507,2.707700511299671,1.422072194092376,2.457864411158199,1.357924268162338,0.9997,0.9992,0.3014,across paths,ff49,vw
rolling120,1945-11,1955-10,120,20000,0.11665544977724074,2.922678012271213,2.444861573783622,1.299259748613998,2.216679864643381,1.2484977294343906,0.99965,0.9986,0.29135,across paths,ff49,vw
rolling120,1945-12,1955-11,120,20000,0.11833009802225747,2.9892839090836345,2.415750756702175,1.2835047508110438,2.188700064111902,1.2429621585606632,0.9995,0.99835,0.26445,across paths,ff49,vw
rolling120,1946-01,1955-12,120,20000,0.12000709007167609,3.007019314725679,2.4226848692962886,1.280317485814995,2.2024135349407237,1.2322067257484581,0.99955,0.99845,0.2619,across paths,ff49,vw
rolling120,1946-02,1956-01,120,20000,0.12213446533023475,2.6646486044809325,2.088253637519352,1.1488581604737476,1.8925915191666285,1.2129700504861394,0.9987,0.99615,0.2508,across paths,ff49,vw
rolling120,1946-03,1956-02,120,20000,0.12392934201175865,3.045158885315665,2.4149368568040974,1.2731806559178984,2.1893914993241825,1.2219932300502376,0.99955,0.99845,0.2539,across paths,ff49,vw
rolling120,1946-04,1956-03,120,20000,0.12527765272895763,3.0787698740710034,2.4142698857677765,1.282313494084962,2.186112046747712,1.243971693065949,0.99945,0.99815,0.24665,across paths,ff49,vw
rolling120,1946-05,1956-04,120,20000,0.12707755700204193,2.9305007600989224,2.2092933065465052,1.1977295528852254,1.9949570618956245,1.2213435326692004,0.999,0.9971,0.22645,across paths,ff49,vw
rolling120,1946-06,1956-05,120,20000,0.129331036072325,2.59177529303644,1.9715959900728526,1.1074745055150839,1.7750069293139865,1.22816512524289,0.99775,0.994,0.23685,across paths,ff49,vw
rolling120,1946-07,1956-06,120,20000,0.13125032304755546,2.873094909809525,2.216453633958758,1.196672165896224,2.0024908729042243,1.2273322255091148,0.99895,0.99685,0.23835,across paths,ff49,vw
rolling120,1946-08,1956-07,120,20000,0.13339905404204733,3.1802686585636817,2.444307171346337,1.281378244717249,2.217564569502157,1.2190702383298304,0.99955,0.99845,0.2327,across paths,ff49,vw
rolling120,1946-09,1956-08,120,20000,0.13498533683286906,3.3326114620872707,2.6142620682552757,1.3463656673567064,2.3752794003514515,1.224433042354336,0.9997,0.99905,0.24275,across paths,ff49,vw
rolling120,1946-10,1956-09,120,20000,0.13668730424789377,3.5828758303480726,2.9016519404594487,1.4571504163210982,2.637552138962085,1.236673234391145,0.9999,0.99955,0.26095,across paths,ff49,vw
rolling120,1946-11,1956-10,120,20000,0.1391872663286149,3.684211354337916,3.003364354581546,1.4934778947331562,2.7302811943384517,1.2236040708390283,0.99995,0.99965,0.26465,across paths,ff49,vw
rolling120,1946-12,1956-11,120,20000,0.14112330387011118,3.709503566430131,3.0250279822821953,1.4992340692239357,2.7548479595045166,1.2290840434574135,0.9999,0.99975,0.26425,across paths,ff49,vw
rolling120,1947-01,1956-12,120,20000,0.1435189441161644,3.6377397025607188,2.9441032714264015,1.4606020234718566,2.6785349230633027,1.2102757115580718,0.99985,0.99965,0.259,across paths,ff49,vw
rolling120,1947-02,1957-01,120,20000,0.14626256649532943,3.4280156915247,2.8637079828432723,1.4303418328336732,2.6096980162978602,1.2090138506466759,0.99985,0.99955,0.28165,across paths,ff49,vw
rolling120,1947-03,1957-02,120,20000,0.14866899595613137,3.3935546840204145,2.8452623226203135,1.4234967155506708,2.5938064299082573,1.2112464678053714,0.99985,0.99955,0.28475,across paths,ff49,vw
rolling120,1947-04,1957-03,120,20000,0.15096564495334452,3.572691992438531,3.033614327927347,1.4889361027817651,2.7674128554298916,1.2027465278910237,0.99985,0.9998,0.29255,across paths,ff49,vw
rolling120,1947-05,1957-04,120,20000,0.15349700996273907,4.018292976265367,3.4587494042595646,1.6444635700175971,3.1592912342374313,1.1993379368080392,1.0,0.9999,0.3005,across paths,ff49,vw
rolling120,1947-06,1957-05,120,20000,0.15614925741141872,4.253834132413889,3.6984661125883105,1.73488228443442,3.3885721224724485,1.2128753255432725,1.0,0.99995,0.3064,across paths,ff49,vw
rolling120,1947-07,1957-06,120,20000,0.15857644269639715,3.962536388814751,3.4273683126680012,1.633258834857059,3.1316727524830377,1.2357318808121107,1.0,0.99995,0.3043,across paths,ff49,vw
rolling120,1947-08,1957-07,120,20000,0.16170366092620858,3.810077513582347,3.2519773470852162,1.5643336881536976,2.9658251723812796,1.2282808815401953,0.99995,0.99975,0.29585,across paths,ff49,vw
rolling120,1947-09,1957-08,120,20000,0.16425864248577815,3.6554346715544677,3.1344176841113116,1.5236213439146984,2.856320916031306,1.2430747521385912,0.99995,0.99975,0.3006,across paths,ff49,vw
rolling120,1947-10,1957-09,120,20000,0.16658576349814247,3.409845523386652,2.9326096258150613,1.4475288440921963,2.666061870124965,1.2223572257643065,0.9999,0.9995,0.3029,across paths,ff49,vw
rolling120,1947-11,1957-10,120,20000,0.16926730183118832,3.127697989655876,2.669764599065662,1.3549014772968315,2.416136773280143,1.2224975762177752,0.99985,0.9992,0.3029,across paths,ff49,vw
rolling120,1947-12,1957-11,120,20000,0.17183814738788294,3.3179416412643663,2.86274062802486,1.4293276849599579,2.604947448499319,1.2246730996465724,0.9999,0.9996,0.30955,across paths,ff49,vw
rolling120,1948-01,1957-12,120,20000,0.17371158966987776,3.0352167787312947,2.69496530936173,1.365012766270359,2.452829623829971,1.2090505934091687,0.99985,0.99915,0.3335,across paths,ff49,vw
rolling120,1948-02,1958-01,120,20000,0.17617465985905212,3.4041532826323575,3.082711158065862,1.5105350864417784,2.8190382429349095,1.2118020504890656,0.99995,0.9998,0.34635,across paths,ff49,vw
rolling120,1948-03,1958-02,120,20000,0.1767623358158119,3.537626420051458,3.2851920943985102,1.5876261555884408,2.999334036289813,1.2072290840098452,1.0,0.9999,0.36365,across paths,ff49,vw
rolling120,1948-04,1958-03,120,20000,0.1767623358158119,3.33464941567947,3.107379873211062,1.5101011394455537,2.843722833875069,1.2050611040084447,1.0,0.99975,0.36775,across paths,ff49,vw
rolling120,1948-05,1958-04,120,20000,0.1767623358158119,3.3112482427036625,3.097553606475571,1.5038920374255165,2.841354466468041,1.1995562207140273,1.0,0.99975,0.3726,across paths,ff49,vw
rolling120,1948-06,1958-05,120,20000,0.1771150823193539,3.1117426210440984,2.906156486881059,1.4295815167421482,2.6608902796490663,1.20516937709837,0.99995,0.9994,0.3718,across paths,ff49,vw
rolling120,1948-07,1958-06,120,20000,0.17640944834054317,3.2342970620394125,3.0794599166033847,1.4875368652276157,2.830702944672227,1.2005821111689763,1.0,0.9998,0.3868,across paths,ff49,vw
rolling120,1948-08,1958-07,120,20000,0.17629190143323492,3.655943906322495,3.475762607138213,1.6358017477939488,3.1996272322556543,1.2043679114801586,1.0,1.0,0.3836,across paths,ff49,vw
rolling120,1948-09,1958-08,120,20000,0.1757042843379042,3.7306580465515315,3.577376973100484,1.6746154391150556,3.296448279838744,1.2060288499527507,1.0,1.0,0.39025,across paths,ff49,vw
rolling120,1948-10,1958-09,120,20000,0.1774671356238966,4.110865493878702,3.939853599484687,1.813890965080944,3.6427463822638004,1.1992372971538698,1.0,1.0,0.38885,across paths,ff49,vw
rolling120,1948-11,1958-10,120,20000,0.17911493049582128,3.9522358007196354,3.8746782024943722,1.7943279921310773,3.5765431558711978,1.2088242881223625,1.0,1.0,0.4086,across paths,ff49,vw
rolling120,1948-12,1958-11,120,20000,0.17993998092699592,4.630369964390394,4.568170566103564,2.0494632390626424,4.221232542278755,1.2416755856618011,1.0,1.0,0.4136,across paths,ff49,vw
rolling120,1949-01,1958-12,120,20000,0.18206302367556493,4.743740434147722,4.677541686352553,2.1070861459367523,4.3157037637655495,1.2704991400808419,1.0,1.0,0.41265,across paths,ff49,vw
rolling120,1949-02,1959-01,120,20000,0.18336199403125253,4.777517039910177,4.710234919330432,2.1241605135297026,4.349471819927363,1.2696618620204878,1.0,1.0,0.41325,across paths,ff49,vw
rolling120,1949-03,1959-02,120,20000,0.1845442919571505,5.01418354689703,5.039245034645375,2.25144243255155,4.662908477716619,1.268566431678712,1.0,1.0,0.43255,across paths,ff49,vw
rolling120,1949-04,1959-03,120,20000,0.18596432507438188,4.80341283209939,4.839897818245133,2.186409844818055,4.474753635025323,1.2772685948966838,1.0,1.0,0.43425,across paths,ff49,vw
rolling120,1949-05,1959-04,120,20000,0.18726771278302579,5.136657063142361,5.153431423691447,2.3213578377951043,4.768651105462892,1.2727216744544936,1.0,1.0,0.4319,across paths,ff49,vw
rolling120,1949-06,1959-05,120,20000,0.18869101074040806,5.441847071533812,5.386105259409544,2.412923899151339,4.9921061914315885,1.2705821381396625,1.0,1.0,0.4191,across paths,ff49,vw
rolling120,1949-07,1959-06,120,20000,0.1903535156505345,5.428989093347117,5.496818500002191,2.468314246475668,5.095875767073068,1.262233069995332,1.0,1.0,0.43975,across paths,ff49,vw
rolling120,1949-08,1959-07,120,20000,0.1922563687078238,5.295089860123944,5.3337368614362335,2.4099785524127686,4.940808015440892,1.2559437403116174,1.0,1.0,0.43655,across paths,ff49,vw
rolling120,1949-09,1959-08,120,20000,0.1934475530106592,5.057828487328076,5.078984850906718,2.3178886111231574,4.691853994390481,1.261096466697963,1.0,1.0,0.4331,across paths,ff49,vw
rolling120,1949-10,1959-09,120,20000,0.19607077672593887,4.606925959874309,4.581845100043438,2.1261472581309016,4.223901178112758,1.2614922342483517,1.0,1.0,0.42475,across paths,ff49,vw
rolling120,1949-11,1959-10,120,20000,0.19858026681598218,4.517306393529327,4.55951357334039,2.1300692079532357,4.201993731037099,1.2706028109834269,1.0,1.0,0.43555,across paths,ff49,vw
rolling120,1949-12,1959-11,120,20000,0.20073598672032755,4.515681904454776,4.601362465103166,2.1582035005614877,4.234563453969597,1.302961186223621,1.0,1.0,0.44265,across paths,ff49,vw
rolling120,1950-01,1959-12,120,20000,0.2037351274604624,4.388312266254403,4.365881750473787,2.0711725721958105,4.0126955598244844,1.3167646937794468,1.0,0.9999,0.42235,across paths,ff49,vw
rolling120,1950-02,1960-01,120,20000,0.20662149403644903,3.941536006040363,3.9422673466532427,1.9095470549725486,3.616175294770807,1.3034885479501452,0.99995,0.99985,0.4238,across paths,ff49,vw
rolling120,1950-03,1960-02,120,20000,0.2090325670588018,3.9356978223175636,3.9834488789328564,1.9293251550114907,3.649690338672427,1.2939296391552202,1.0,0.99975,0.43515,across paths,ff49,vw
rolling120,1950-04,1960-03,120,20000,0.21205212891459313,3.8071437353905875,3.9507746943456157,1.9200648766217725,3.6104030584100397,1.3017035378062332,0.99995,0.99975,0.45395,across paths,ff49,vw
rolling120,1950-05,1960-04,120,20000,0.2132630911774711,3.550682640212104,3.7656588528079866,1.8451626674497952,3.454181915001905,1.3147905130053805,0.9999,0.99955,0.4751,across paths,ff49,vw
rolling120,1950-06,1960-05,120,20000,0.21532357794570456,3.505794657838819,3.7903289882457045,1.8655654218005004,3.467002373160927,1.334257285803363,0.99995,0.9996,0.4889,across paths,ff49,vw
rolling120,1950-07,1960-06,120,20000,0.21702333120157258,3.8973115507761635,4.214266299997612,2.039759887139636,3.8593847752444153,1.3639896488017227,0.99995,0.99985,0.4914,across paths,ff49,vw
rolling120,1950-08,1960-07,120,20000,0.21738807345867595,3.718253446377034,4.07468843207109,1.945252566884218,3.755239427525526,1.3440185898925538,0.99995,0.9998,0.5085,across paths,ff49,vw
rolling120,1950-09,1960-08,120,20000,0.21823939378976598,3.637787805475596,3.972246517569581,1.9028611173120293,3.650783066197022,1.3440158504976611,0.99995,0.9998,0.50395,across paths,ff49,vw
rolling120,1950-10,1960-09,120,20000,0.21896960721261705,3.162162597822933,3.3804122217006776,1.6773744850200099,3.102149964350887,1.3351574390975038,0.9999,0.99935,0.4841,across paths,ff49,vw
rolling120,1950-11,1960-10,120,20000,0.22018711580951345,3.144669269582308,3.3900125952667484,1.6840504527046625,3.1142459749563964,1.3346099652272163,0.9998,0.9994,0.49175,across paths,ff49,vw
rolling120,1950-12,1960-11,120,20000,0.22043088508647068,3.2240567120818424,3.53861615166473,1.7314878198041341,3.2565354095442687,1.3111918996593719,0.9999,0.99965,0.50795,across paths,ff49,vw
rolling120,1951-01,1960-12,120,20000,0.22104043002957652,3.192480209408256,3.5100347058160777,1.7128282177912126,3.235378756531866,1.3031060675931982,0.99985,0.99965,0.51075,across paths,ff49,vw
rolling120,1951-02,1961-01,120,20000,0.22177210311258633,3.214664740422794,3.5477390212719393,1.7265886760451639,3.262940577095332,1.317172861951612,0.9999,0.99955,0.51255,across paths,ff49,vw
rolling120,1951-03,1961-02,120,20000,0.2222603237332108,3.306432317529537,3.7445872275079717,1.8079395943045136,3.4357835204366696,1.3149640540089587,0.99995,0.99965,0.5353,across paths,ff49,vw
rolling120,1951-04,1961-03,120,20000,0.2233591493164293,3.5324155958562535,4.049376477684755,1.9282670859549198,3.720618786706062,1.3133268341095805,0.99995,0.9998,0.5448,across paths,ff49,vw
rolling120,1951-05,1961-04,120,20000,0.22384785765531534,3.3368556125318527,3.8812644208591447,1.8615194713044785,3.570285873728204,1.304170831466938,0.99995,0.9998,0.5553,across paths,ff49,vw
rolling120,1951-06,1961-05,120,20000,0.22458128625558804,3.550681758730744,4.111264298553568,1.9526409713594797,3.770888956259746,1.2966144756990368,0.99995,0.9999,0.55325,across paths,ff49,vw
rolling120,1951-07,1961-06,120,20000,0.2255597770955846,3.5334107334898954,4.1026227323284115,1.945427400421177,3.765341373827052,1.2889734406986642,0.99995,0.9999,0.5545,across paths,ff49,vw
rolling120,1951-08,1961-07,120,20000,0.22617176140453088,3.3611004824130957,3.9060232111431303,1.8700296104782126,3.577148978000281,1.289542519837367,0.9999,0.99975,0.55345,across paths,ff49,vw
rolling120,1951-09,1961-08,120,20000,0.22629421938529637,3.2896823458020394,3.8730707577037227,1.866106181781807,3.548067351063813,1.3059412518227094,0.9999,0.9999,0.56415,across paths,ff49,vw
rolling120,1951-10,1961-09,120,20000,0.22690663160033098,3.1705481406022207,3.6521189759291017,1.7818875089767945,3.3423972770714565,1.3266117863539444,0.9999,0.99975,0.54515,across paths,ff49,vw
rolling120,1951-11,1961-10,120,20000,0.22727411561538702,3.3901181236268583,3.8820279937104876,1.875683899295878,3.5535282552067295,1.3041913736961048,0.9999,0.99975,0.5407,across paths,ff49,vw
rolling120,1951-12,1961-11,120,20000,0.22776448585437037,3.5605954487175433,4.05658239385328,1.9422363942636993,3.716575177148174,1.28868139379669,0.9999,0.9997,0.5353,across paths,ff49,vw
rolling120,1952-01,1961-12,120,20000,0.2286228909084036,3.4093838258166143,3.9006447253987164,1.8818013160354916,3.558745166579082,1.2883344060245434,0.9999,0.99965,0.53605,across paths,ff49,vw
rolling120,1952-02,1962-01,120,20000,0.22972699535355323,3.18240471746011,3.700089208173378,1.812629310754322,3.3779812399038462,1.2845121935293313,0.9999,0.9995,0.5499,across paths,ff49,vw
rolling120,1952-03,1962-02,120,20000,0.23070959782686828,3.376765543989597,3.8755544399970456,1.8785162405159765,3.5492951672728914,1.2836048708481587,0.9999,0.99955,0.54215,across paths,ff49,vw
rolling120,1952-04,1962-03,120,20000,0.23181601940118068,3.1661951883103256,3.6853064704900302,1.8105764875054935,3.364589569563399,1.2893246021866107,0.9999,0.99945,0.5505,across paths,ff49,vw
rolling120,1952-05,1962-04,120,20000,0.2330463590130476,3.0996411506200285,3.52171291635983,1.7496851353092053,3.2083995183511664,1.3012780046241224,0.9998,0.9995,0.52815,across paths,ff49,vw
rolling120,1952-06,1962-05,120,20000,0.2344009490409258,2.633457239657237,2.9796040737166445,1.5423244368339415,2.7026870501271225,1.2992612700396027,0.99965,0.998,0.52135,across paths,ff49,vw
rolling120,1952-07,1962-06,120,20000,0.2350172251013556,2.2040391275754274,2.48987306397025,1.3563754955310667,2.2527098935638,1.2912004833299182,0.9988,0.99505,0.51615,across paths,ff49,vw
rolling120,1952-08,1962-07,120,20000,0.23649702607002432,2.3777788309112022,2.6672095539938847,1.4280095760168185,2.4154151449407872,1.2795208029141578,0.9993,0.9965,0.5119,across paths,ff49,vw
rolling120,1952-09,1962-08,120,20000,0.23748474211681003,2.4790646119145756,2.7341606992639997,1.4533634574764667,2.4740327430450737,1.268940457909284,0.9994,0.99685,0.4988,across paths,ff49,vw
rolling120,1952-10,1962-09,120,20000,0.23810249608152478,2.3680834435972846,2.5825798748230038,1.3953002858402557,2.3322218467893494,1.2791214190783144,0.99895,0.9959,0.48805,across paths,ff49,vw
rolling120,1952-11,1962-10,120,20000,0.23958614197257533,2.392798973490992,2.5773573958262372,1.3975817671604678,2.3162424263635844,1.2739615751398043,0.9989,0.99565,0.4773,across paths,ff49,vw
rolling120,1952-12,1962-11,120,20000,0.24082448976675375,2.5537058077042643,2.8144279460082244,1.4956115584351013,2.5345645509875077,1.2916075371818705,0.9992,0.99675,0.494,across paths,ff49,vw
rolling120,1953-01,1962-12,120,20000,0.24169167940616743,2.489932835114751,2.72460259216594,1.4612349156774211,2.4554415675950754,1.2974803771070702,0.99905,0.9963,0.4905,across paths,ff49,vw
rolling120,1953-02,1963-01,120,20000,0.24280741673790196,2.677680173569633,2.929011456827217,1.540902096350577,2.649352042482863,1.2901190546838932,0.9994,0.99745,0.4906,across paths,ff49,vw
rolling120,1953-03,1963-02,120,20000,0.24392437966486846,2.6025578389938637,2.8310883963145383,1.4991896968801546,2.5627366925552053,1.2840662555147673,0.99915,0.9969,0.4874,across paths,ff49,vw
rolling120,1953-04,1963-03,120,20000,0.24454522433429582,2.769295628382176,2.9417354419547954,1.5397443811571512,2.6645205893785833,1.2936261383234282,0.9992,0.9974,0.4692,across paths,ff49,vw
rolling120,1953-05,1963-04,120,20000,0.24566352575392525,3.057036987869277,3.221631476217502,1.6487507935181274,2.9236520421776904,1.2849569968914543,0.9997,0.99835,0.46535,across paths,ff49,vw
rolling120,1953-06,1963-05,120,20000,0.246534010398058,3.1102281760296604,3.2847401305329105,1.6805039223846188,2.983979556499396,1.2934328063473775,0.9997,0.99845,0.4664,across paths,ff49,vw
rolling120,1953-07,1963-06,120,20000,0.24715615753840448,3.1077191345141273,3.2967453617747173,1.6860977071575987,2.992836616759053,1.2842608465044234,0.9997,0.99865,0.4688,across paths,ff49,vw
rolling120,1953-08,1963-07,120,20000,0.24865050340864503,3.00077023067061,3.1696253535134034,1.637250717590803,2.8753427371378217,1.2845625449629179,0.99955,0.9982,0.4654,across paths,ff49,vw
rolling120,1953-09,1963-08,120,20000,0.249647728528668,3.407500558482745,3.548624691969967,1.7837302409860043,3.2221170401092962,1.2730878158189094,0.9998,0.99895,0.4555,across paths,ff49,vw
rolling120,1953-10,1963-09,120,20000,0.25102014516343374,3.334166634674175,3.467400549353988,1.7514188510607536,3.1537512595017585,1.2599471282812487,0.9997,0.9987,0.45355,across paths,ff49,vw
rolling120,1953-11,1963-10,120,20000,0.25301917865215984,3.255536666127618,3.40990896395717,1.7301870479107813,3.0984777752285564,1.2580645513291295,0.9996,0.99875,0.46055,across paths,ff49,vw
rolling120,1953-12,1963-11,120,20000,0.25539801202490064,3.1104051688665626,3.2426749037240117,1.6633113444799814,2.9409322052403257,1.258639408090103,0.99945,0.9984,0.45515,across paths,ff49,vw
rolling120,1954-01,1963-12,120,20000,0.25740404100646463,3.191258870141321,3.2880530151185834,1.6848235105140839,2.9864222381139816,1.2650221552902448,0.9995,0.9986,0.4474,across paths,ff49,vw
rolling120,1954-02,1964-01,120,20000,0.25979048359752666,3.083729423643968,3.1195160508197515,1.6189841310377837,2.82261087864278,1.273719647489441,0.99945,0.99785,0.43035,across paths,ff49,vw
rolling120,1954-03,1964-02,120,20000,0.2621824111670632,3.086539145087402,3.15816940775573,1.6349861045895508,2.862840274217554,1.273199631245188,0.99955,0.99785,0.4409,across paths,ff49,vw
rolling120,1954-04,1964-03,120,20000,0.26508311015355845,3.0069670506872033,3.116997373350947,1.6201660683164603,2.8255959593347484,1.2899325175553717,0.99945,0.99785,0.45015,across paths,ff49,vw
rolling120,1954-05,1964-04,120,20000,0.2676110012718589,2.8545364336765844,2.966479559943739,1.5667174257009422,2.6820775945988027,1.316085235973907,0.9994,0.9974,0.4517,across paths,ff49,vw
rolling120,1954-06,1964-05,120,20000,0.2702716540481416,2.7992314029267895,2.8624295401407798,1.5259041124108572,2.5899291020723787,1.3068659144972634,0.9993,0.9967,0.43825,across paths,ff49,vw
rolling120,1954-07,1964-06,120,20000,0.27331847792353203,2.8153839588221676,2.8169753296495608,1.5041642889074964,2.542211039608003,1.3036384224619206,0.99925,0.99635,0.42325,across paths,ff49,vw
rolling120,1954-08,1964-07,120,20000,0.2765001832656697,2.7060616768987527,2.7010248571119426,1.4541637195551347,2.438600404250908,1.3004287273135464,0.9994,0.99555,0.4207,across paths,ff49,vw
rolling120,1954-09,1964-08,120,20000,0.2794346664455909,2.749305385308831,2.7309470645060427,1.4618287180578045,2.463584762817846,1.2997980852744169,0.9993,0.9958,0.4184,across paths,ff49,vw
rolling120,1954-10,1964-09,120,20000,0.2818634064458372,2.6253730446544314,2.683213143371763,1.4457910734831771,2.4117025865687056,1.303485479716964,0.99925,0.99545,0.43555,across paths,ff49,vw
rolling120,1954-11,1964-10,120,20000,0.2846815332512542,2.717112667430747,2.7785621356713124,1.4833309219050288,2.5048878151304956,1.2882444356218024,0.99945,0.99615,0.4402,across paths,ff49,vw
rolling120,1954-12,1964-11,120,20000,0.2876345289802946,2.4050612797109285,2.4672562054200657,1.3539454270066416,2.219816711725975,1.2784510617678628,0.999,0.9938,0.44035,across paths,ff49,vw
rolling120,1955-01,1964-12,120,20000,0.29059372104329895,2.236695078327097,2.2527057218631152,1.2665090737706348,2.0220180046009606,1.2750185634877003,0.99825,0.98995,0.42555,across paths,ff49,vw
rolling120,1955-02,1965-01,120,20000,0.29317284518607156,2.3376408723869604,2.422697959683499,1.334413234169828,2.1867144216483827,1.294597502746613,0.99885,0.99265,0.44755,across paths,ff49,vw
rolling120,1955-03,1965-02,120,20000,0.29588606626199376,2.2609246579794626,2.3920763664401807,1.3228609617102882,2.159754684679366,1.3029654730943514,0.99865,0.9923,0.4641,across paths,ff49,vw
rolling120,1955-04,1965-03,120,20000,0.2992520040964406,2.2305828877751517,2.401958311745365,1.3230299724801404,2.1697152771053636,1.2860595043406966,0.9988,0.9921,0.4786,across paths,ff49,vw
rolling120,1955-05,1965-04,120,20000,0.30197770760153797,2.2371561113623315,2.4551553217622093,1.3372749684137817,2.2262825633881596,1.2973251204121945,0.99885,0.9926,0.49655,across paths,ff49,vw
rolling120,1955-06,1965-05,120,20000,0.30418797532964126,2.1875163015818444,2.3746628868911555,1.3018067777168896,2.1510604485419846,1.2933761303895603,0.9988,0.9914,0.48705,across paths,ff49,vw
rolling120,1955-07,1965-06,120,20000,0.3074451880552398,1.8345433290391195,2.0265360241193657,1.1642204835171575,1.8211739139967793,1.2933256302101725,0.9973,0.98215,0.49485,across paths,ff49,vw
rolling120,1955-08,1965-07,120,20000,0.3101880800581529,1.8278731613857278,2.1086208254587846,1.192085273040425,1.8974319152242678,1.2954564652752258,0.9979,0.98405,0.52805,across paths,ff49,vw
rolling120,1955-09,1965-08,120,20000,0.31241184177550374,1.9033732617295587,2.216842164610682,1.2284551121091054,1.999400398053595,1.2902729308576866,0.9982,0.98785,0.5363,across paths,ff49,vw
rolling120,1955-10,1965-09,120,20000,0.3143773147813578,2.001713793091879,2.3938889248188966,1.3004314333254856,2.1667209160721814,1.2839490912448126,0.99895,0.99175,0.5579,across paths,ff49,vw
rolling120,1955-11,1965-10,120,20000,0.316082935173867,2.16794550761035,2.609439258568664,1.3862017742813784,2.366330342174882,1.2954026100764249,0.99935,0.99485,0.56435,across paths,ff49,vw
rolling120,1955-12,1965-11,120,20000,0.3184478640780428,1.9643530764244974,2.515962912943545,1.359739571629281,2.2825140486475037,1.3109448355307014,0.9994,0.9934,0.6064,across paths,ff49,vw
rolling120,1956-01,1965-12,120,20000,0.32042198246107034,1.954731393379154,2.5566028458349823,1.3890378222143105,2.3165690834503407,1.348775989801374,0.99935,0.99325,0.61905,across paths,ff49,vw
rolling120,1956-02,1966-01,120,20000,0.3225300199505312,2.0736016449288246,2.778292225691279,1.4862904677131235,2.5147112106369165,1.3587971374411196,0.99965,0.9954,0.6393,across paths,ff49,vw
rolling120,1956-03,1966-02,120,20000,0.3246420551156384,1.9308153032436626,2.650280897425978,1.4397225094937738,2.3961784170216753,1.38669002555471,0.9995,0.9942,0.653,across paths,ff49,vw
rolling120,1956-04,1966-03,120,20000,0.32768416867206973,1.686008930877959,2.3693574943404005,1.323160352178183,2.1353602272629226,1.3723871747233725,0.999,0.99005,0.6618,across paths,ff49,vw
rolling120,1956-05,1966-04,120,20000,0.32967191820097286,1.739477805783463,2.5017016106566907,1.3731266014857095,2.254511500262248,1.3636673624126443,0.99935,0.9929,0.68035,across paths,ff49,vw
rolling120,1956-06,1966-05,120,20000,0.33205983544407536,1.731692740973847,2.3806441139840295,1.3423917389426459,2.1362255956035856,1.3946681073443545,0.9988,0.9894,0.6466,across paths,ff49,vw
rolling120,1956-07,1966-06,120,20000,0.3344527573041547,1.6070577774857955,2.251428886781429,1.289884750017019,2.013554162062358,1.3769007454164657,0.99855,0.98535,0.65505,across paths,ff49,vw
rolling120,1956-08,1966-07,120,20000,0.3361837377317094,1.4497310469579072,2.087104758824528,1.2252652837582674,1.8630399079900264,1.3790006223098006,0.9981,0.9797,0.66345,across paths,ff49,vw
rolling120,1956-09,1966-08,120,20000,0.3393851363246574,1.3358076914023274,1.865440063732606,1.134691981727901,1.6611304258002197,1.3668588960739607,0.99635,0.967,0.637,across paths,ff49,vw
rolling120,1956-10,1966-09,120,20000,0.3423264891894151,1.4414892262616497,1.9195598252975363,1.1567168480941068,1.709256891657075,1.355497450376984,0.9967,0.9696,0.60915,across paths,ff49,vw
rolling120,1956-11,1966-10,120,20000,0.34500444727258595,1.5272575289406842,1.9192071843607053,1.173347751095977,1.7071710132148832,1.3581879647735975,0.9957,0.96685,0.5715,across paths,ff49,vw
rolling120,1956-12,1966-11,120,20000,0.34768908688790057,1.5581727627606456,2.0272259029099717,1.2222253512343022,1.8049725002975796,1.3426357904673731,0.9965,0.97255,0.5964,across paths,ff49,vw
rolling120,1957-01,1966-12,120,20000,0.3498402266913929,1.487167387237212,2.0294014625705428,1.2613334682285013,1.787647634058265,1.491316803307298,0.99625,0.9702,0.61595,across paths,ff49,vw
rolling120,1957-02,1967-01,120,20000,0.3519941554464605,1.7927263175410184,2.41518131701945,1.4258356228345554,2.1471869028002204,1.5020203076000591,0.99845,0.9859,0.6225,across paths,ff49,vw
rolling120,1957-03,1967-02,120,20000,0.35361266401243796,1.8769319801662747,2.5278070614123456,1.4743770791441964,2.2520854106293737,1.5100189095235232,0.9987,0.9889,0.62425,across paths,ff49,vw
rolling120,1957-04,1967-03,120,20000,0.3557734744109413,1.9337061360859296,2.6236639180899988,1.5201872080419634,2.3362812871069454,1.4992974702456385,0.9989,0.9906,0.63095,across paths,ff49,vw
rolling120,1957-05,1967-04,120,20000,0.3567201491561658,1.9252848190748701,2.700581312583316,1.5559671863056868,2.3983057849245775,1.496332341325765,0.9991,0.9917,0.6549,across paths,ff49,vw
rolling120,1957-06,1967-05,120,20000,0.3576673904332546,1.7078345109851352,2.524090523065142,1.4956882514285375,2.2358938631317087,1.5337245732640647,0.99865,0.9875,0.67745,across paths,ff49,vw
rolling120,1957-07,1967-06,120,20000,0.35807371547029576,1.7949293992668967,2.6940363300207926,1.5706741724710218,2.388756559813509,1.5421691495079535,0.99905,0.9913,0.69095,across paths,ff49,vw
rolling120,1957-08,1967-07,120,20000,0.3583445178063813,1.904002515680443,2.8769611249722957,1.6523581758328603,2.5556977456650127,1.5337977257120743,0.9993,0.9932,0.69785,across paths,ff49,vw
rolling120,1957-09,1967-08,120,20000,0.3591574920813778,2.0346566812130025,3.036689713295805,1.7201903351565853,2.7016745906655606,1.5368456206470618,0.99965,0.99505,0.69445,across paths,ff49,vw
rolling120,1957-10,1967-09,120,20000,0.3599708717893857,2.3292054096854646,3.4185945789425234,1.887670191136685,3.051591166759813,1.495322001221329,0.99975,0.99745,0.69045,across paths,ff49,vw
rolling120,1957-11,1967-10,120,20000,0.36132691014992946,2.37569009499315,3.5338793864221114,1.9426794955154136,3.149424863458088,1.4912331098207066,0.9998,0.99805,0.69845,across paths,ff49,vw
rolling120,1957-12,1967-11,120,20000,0.3624129308201727,2.3144874087987133,3.4135819812418093,1.8938877608793585,3.0392320376346813,1.5170580366668927,0.99985,0.9972,0.69475,across paths,ff49,vw
rolling120,1958-01,1967-12,120,20000,0.36363616669181886,2.5566920108118216,3.791863745803894,2.050532462653052,3.3923111927298155,1.505374452584445,0.9999,0.99855,0.7034,across paths,ff49,vw
rolling120,1958-02,1968-01,120,20000,0.36526796106759685,2.266543496444632,3.353372115515815,1.8763783401868537,2.987914850207502,1.5167237144589387,0.99965,0.9964,0.69205,across paths,ff49,vw
rolling120,1958-03,1968-02,120,20000,0.36894976639608523,2.202266243344901,3.1582505861475187,1.8025281964889934,2.8131131183370304,1.53401478852627,0.99955,0.99425,0.6669,across paths,ff49,vw
rolling120,1958-04,1968-03,120,20000,0.3729161509725152,2.116446995143805,3.0127409041995006,1.7383344314108338,2.678913292117699,1.5175243892074504,0.99945,0.99265,0.658,across paths,ff49,vw
rolling120,1958-05,1968-04,120,20000,0.3777175164085702,2.3061463954491566,3.3917877243785917,1.9106131941528701,3.0220892739294616,1.5267744043664346,0.99985,0.99565,0.6861,across paths,ff49,vw
rolling120,1958-06,1968-05,120,20000,0.3823966089625499,2.315829534359971,3.472382145859475,1.948594391644192,3.087933767330926,1.5035424233024184,0.99985,0.9961,0.7016,across paths,ff49,vw
rolling120,1958-07,1968-06,120,20000,0.38792453701998286,2.2568943357597497,3.3937303450374827,1.9259108186226357,3.0186333308667566,1.5143943011664915,0.99985,0.99525,0.69815,across paths,ff49,vw
rolling120,1958-08,1968-07,120,20000,0.3936110470647336,2.0489344925708024,3.0487882070781556,1.7715848279790587,2.7063293350769806,1.5121838594448949,0.99955,0.9915,0.6848,across paths,ff49,vw
rolling120,1958-09,1968-08,120,20000,0.3989046516017647,2.0438499441723614,3.0222133106630746,1.7676849134248,2.6768346737082593,1.519248446369668,0.99945,0.9909,0.6778,across paths,ff49,vw
rolling120,1958-10,1968-09,120,20000,0.4022556558575232,2.0331086520470034,3.1101722833123335,1.807411019948136,2.759507127789185,1.5295313399052863,0.99955,0.9922,0.6995,across paths,ff49,vw
rolling120,1958-11,1968-10,120,20000,0.4058949697976604,1.9787719767498908,2.98056846884561,1.7538110803489841,2.6422869237004223,1.544383861855109,0.99915,0.9895,0.6897,across paths,ff49,vw
rolling120,1958-12,1968-11,120,20000,0.41024845536990373,2.0576320184152053,3.0540890908135534,1.7867031910591475,2.7017956049409393,1.5592982011139271,0.9994,0.9907,0.68035,across paths,ff49,vw
rolling120,1959-01,1968-12,120,20000,0.4132034760806169,1.799976179323092,2.8149315436738434,1.6760379578356386,2.4864812341976235,1.5268477675056127,0.99905,0.9862,0.704,across paths,ff49,vw
rolling120,1959-02,1969-01,120,20000,0.41771625037805027,1.754475179183479,2.727314453335797,1.6397873358854118,2.407204555015401,1.5327989331546645,0.99885,0.9836,0.69835,across paths,ff49,vw
rolling120,1959-03,1969-02,120,20000,0.42153682516198154,1.5763629815182623,2.353399209911914,1.477534323724266,2.0651009562074734,1.5421609462559251,0.9968,0.97035,0.6636,across paths,ff49,vw
rolling120,1959-04,1969-03,120,20000,0.4249410243042573,1.6435278672056044,2.376517002934029,1.4865036594957646,2.0853127222987657,1.506528946813314,0.99715,0.97115,0.64395,across paths,ff49,vw
rolling120,1959-05,1969-04,120,20000,0.4296339438453789,1.5959311301396069,2.298685047632996,1.4492520162233888,2.0012297260939143,1.4850700223346498,0.99625,0.96695,0.6404,across paths,ff49,vw
rolling120,1959-06,1969-05,120,20000,0.43334283254423944,1.5562091824886215,2.2712544664218703,1.4335086640717662,1.974959680680753,1.4648288737856903,0.9959,0.9657,0.6492,across paths,ff49,vw
rolling120,1959-07,1969-06,120,20000,0.4372035923685307,1.3854544090983811,1.910563502675201,1.2715489039233585,1.6510686801345735,1.437953597721897,0.9916,0.93485,0.6054,across paths,ff49,vw
rolling120,1959-08,1969-07,120,20000,0.4412177270903579,1.1571260841435915,1.5985318106687187,1.1400994514387839,1.3737134567587284,1.4427087332928439,0.98235,0.88665,0.5923,across paths,ff49,vw
rolling120,1959-09,1969-08,120,20000,0.44567702937000675,1.2964081853159035,1.8123386836304558,1.233856906363901,1.5706654360451566,1.4458451823996745,0.98915,0.91945,0.61035,across paths,ff49,vw
rolling120,1959-10,1969-09,120,20000,0.4501447781398673,1.3481074271842726,1.9268318391987675,1.2878174768917332,1.6773526260127374,1.448834453297929,0.9911,0.9307,0.62605,across paths,ff49,vw
rolling120,1959-11,1969-10,120,20000,0.45448220020808217,1.4424200704497956,2.0780900248352023,1.3661609382084061,1.8045734179717563,1.4797626089545934,0.99335,0.9461,0.63105,across paths,ff49,vw
rolling120,1959-12,1969-11,120,20000,0.458254047126635,1.319172091241943,1.8738230211066116,1.2742682790199569,1.6174527617058492,1.4948646200115059,0.98975,0.92315,0.61465,across paths,ff49,vw
rolling120,1960-01,1969-12,120,20000,0.46261398547762145,1.2111095006091723,1.7529299736886799,1.2204972046630589,1.5062840613675954,1.4862293043958537,0.9859,0.9044,0.62155,across paths,ff49,vw
rolling120,1960-02,1970-01,120,20000,0.466550054211589,1.1909762057455646,1.695504464167981,1.198309711434471,1.4571706449878898,1.4821093172802429,0.9839,0.8916,0.6094,across paths,ff49,vw
rolling120,1960-03,1970-02,120,20000,0.47137567508994005,1.2840575999965584,1.7728427831909264,1.236548153892867,1.5237619486784304,1.4569040041219623,0.98495,0.90215,0.5931,across paths,ff49,vw
rolling120,1960-04,1970-03,120,20000,0.4746014114977106,1.302335613610793,1.756201969298628,1.2293064427006135,1.513324498282928,1.4593320785951973,0.98465,0.8997,0.58145,across paths,ff49,vw
rolling120,1960-05,1970-04,120,20000,0.47916400694200934,1.092628561883652,1.3744435489794469,1.077190025408933,1.161295954835395,1.4613262228942947,0.9627,0.8098,0.52735,across paths,ff49,vw
rolling120,1960-06,1970-05,120,20000,0.48299947758931094,0.8950847494841501,1.069653628487908,0.9468414222033424,0.8767461206498778,1.4872131008468685,0.9272,0.70825,0.4925,across paths,ff49,vw
rolling120,1960-07,1970-06,120,20000,0.48802960351090263,0.7554352282653216,0.9137755661781451,0.8800055071311327,0.7392475144547569,1.5057773331525737,0.9,0.64035,0.4917,across paths,ff49,vw
rolling120,1960-08,1970-07,120,20000,0.4938253844493752,0.9292549194438029,1.0707311987061094,0.957322551879607,0.8838827391426669,1.515363445197767,0.92565,0.6994,0.47865,across paths,ff49,vw
rolling120,1960-09,1970-08,120,20000,0.4991940291374233,0.9640364853075762,1.1046406723904392,0.9759830174651851,0.914483051623595,1.5248502027586512,0.9296,0.7091,0.47655,across paths,ff49,vw
rolling120,1960-10,1970-09,120,20000,0.5048818659093104,1.1843022593607628,1.4702392313848889,1.1767792317295331,1.2377960210404728,1.659392277822224,0.9642,0.80895,0.52065,across paths,ff49,vw
rolling120,1960-11,1970-10,120,20000,0.5084856540535752,1.1553274931829294,1.3666315538449605,1.140614470899127,1.1393567541810603,1.6801278631106968,0.95405,0.7758,0.49305,across paths,ff49,vw
rolling120,1960-12,1970-11,120,20000,0.5134571937103982,1.1606736594510805,1.3120337572691478,1.1163455865910137,1.0897683106577076,1.6791533862803567,0.94795,0.75715,0.46975,across paths,ff49,vw
rolling120,1961-01,1970-12,120,20000,0.5173858964895985,1.1868349288523854,1.3625672667553876,1.1430301993614937,1.1334784292865445,1.69556820193878,0.9523,0.7688,0.47785,across paths,ff49,vw
rolling120,1961-02,1971-01,120,20000,0.520263462317855,1.1625801566365204,1.3914999329145308,1.1612152904025819,1.1557212796478953,1.7390617897746061,0.95425,0.77675,0.4974,across paths,ff49,vw
rolling120,1961-03,1971-02,120,20000,0.5231479246489952,1.1215013512313146,1.3448237107248737,1.139743611074458,1.1140705924903425,1.7315185463974965,0.9505,0.76305,0.49645,across paths,ff49,vw
rolling120,1961-04,1971-03,120,20000,0.5246680323582258,1.1488715791597044,1.38318511265586,1.157411162059659,1.1525184865554234,1.7162460585262431,0.9541,0.7713,0.5014,across paths,ff49,vw
rolling120,1961-05,1971-04,120,20000,0.5263423209032934,1.2124008305045613,1.4760641598678448,1.20468508194973,1.2363524011673135,1.7471773075672374,0.9608,0.79425,0.50965,across paths,ff49,vw
rolling120,1961-06,1971-05,120,20000,0.5280182807286014,1.0769565215206582,1.3204658324334118,1.129921182038518,1.0943037636884085,1.746443726838877,0.94745,0.7529,0.508,across paths,ff49,vw
rolling120,1961-07,1971-06,120,20000,0.5306107269134701,1.144534596150037,1.38844217274918,1.162223235550724,1.15252555448817,1.7454249647337146,0.95325,0.7703,0.50365,across paths,ff49,vw
rolling120,1961-08,1971-07,120,20000,0.5339720201847913,0.9967218048417634,1.214780908926679,1.0826756659726908,1.001671337580839,1.7691211189319693,0.9348,0.71505,0.5024,across paths,ff49,vw
rolling120,1961-09,1971-08,120,20000,0.5390270508085278,1.0268543995015311,1.2463428551203908,1.095145221063849,1.0328316945161997,1.761445907925171,0.93855,0.72395,0.5022,across paths,ff49,vw
rolling120,1961-10,1971-09,120,20000,0.5420998810986515,1.0576645714588593,1.2939183000011647,1.1191693910849474,1.0689984834261579,1.7485265658621458,0.9435,0.73735,0.504,across paths,ff49,vw
rolling120,1961-11,1971-10,120,20000,0.5448703969045978,0.9211142904687906,1.127524868565188,1.0327203452068343,0.9262729718445536,1.692018402048301,0.9233,0.6822,0.5021,across paths,ff49,vw
rolling120,1961-12,1971-11,120,20000,0.548264021341133,0.8349763743856295,0.9995937326691137,0.9697627681593147,0.8087441651829042,1.6783743478109865,0.89915,0.6324,0.48695,across paths,ff49,vw
rolling120,1962-01,1971-12,120,20000,0.5510456115581346,1.0011919907816873,1.2351317060537077,1.0860523508942932,1.0188629177471566,1.6937501833702262,0.93775,0.71425,0.5077,across paths,ff49,vw
rolling120,1962-02,1972-01,120,20000,0.551819277565496,1.133884912034099,1.4252276255826832,1.1777595626186266,1.1932830010712425,1.7060113978956999,0.95715,0.7712,0.5219,across paths,ff49,vw
rolling120,1962-03,1972-02,120,20000,0.5525936384824448,1.157104324369731,1.4799092362673842,1.2061758010589658,1.2368152481623103,1.7404281679487066,0.9616,0.7846,0.53265,across paths,ff49,vw
rolling120,1962-04,1972-03,120,20000,0.5536782847368735,1.1867991889636471,1.5220802106136444,1.2269940480992532,1.2743058593693666,1.7619271788168176,0.9629,0.7946,0.5337,across paths,ff49,vw
rolling120,1962-05,1972-04,120,20000,0.5547634721239378,1.3491216749542194,1.757721253206032,1.3393165828857407,1.4869299754263152,1.7232813669292397,0.97595,0.8449,0.5495,across paths,ff49,vw
rolling120,1962-06,1972-05,120,20000,0.55569409670821,1.6058885232430562,2.0617890957190177,1.489104444135664,1.7597153342804843,1.718364944713663,0.9851,0.89235,0.55065,across paths,ff49,vw
rolling120,1962-07,1972-06,120,20000,0.5570914267351932,1.780940576712819,2.268131404353426,1.5891588797811467,1.945295491697051,1.684252656802414,0.9896,0.91635,0.5518,across paths,ff49,vw
rolling120,1962-08,1972-07,120,20000,0.5577125861753989,1.597441306445397,2.0014550369826014,1.4616449791984134,1.7019539332347413,1.6757433554338086,0.9838,0.88425,0.5341,across paths,ff49,vw
rolling120,1962-09,1972-08,120,20000,0.5586450690165692,1.6278919665444067,2.001821843891473,1.4648304761284354,1.7021141486554605,1.6801752488448254,0.9835,0.88395,0.52375,across paths,ff49,vw
rolling120,1962-10,1972-09,120,20000,0.5606670614222389,1.7443613336267512,2.1114212365062115,1.523148219401716,1.803483978998634,1.692076022991359,0.9861,0.89715,0.51915,across paths,ff49,vw
rolling120,1962-11,1972-10,120,20000,0.5628463292119767,1.7638054664166418,2.1368004832139103,1.5396521864621522,1.825421399616672,1.7123354545074199,0.98635,0.90045,0.51915,across paths,ff49,vw
rolling120,1962-12,1972-11,120,20000,0.5654978649002604,1.6115461320528839,1.9131846619816253,1.4302317294748694,1.6192193012852312,1.7164591546332841,0.98015,0.86605,0.50285,across paths,ff49,vw
rolling120,1963-01,1972-12,120,20000,0.5676845325754678,1.6050972330701394,1.9162266167772122,1.4343918766030663,1.6226453877040774,1.730600692498656,0.9806,0.86525,0.5055,across paths,ff49,vw
rolling120,1963-02,1973-01,120,20000,0.5706557052556607,1.4064768337049651,1.6173548808032214,1.3004185353240694,1.344739980178767,1.7839085133844141,0.9659,0.80185,0.47985,across paths,ff49,vw
rolling120,1963-03,1973-02,120,20000,0.573633103080649,1.3508840948296381,1.5440871535967275,1.2688156878749202,1.2865664136065311,1.7639044417363439,0.95975,0.78515,0.4746,across paths,ff49,vw
rolling120,1963-04,1973-03,120,20000,0.5772441538010775,1.2564482319553476,1.454727111662335,1.2263170656036833,1.203667950235759,1.7469907399405167,0.95335,0.7599,0.4792,across paths,ff49,vw
rolling120,1963-05,1973-04,120,20000,0.5814920931679233,1.0427792126636612,1.1849594081445651,1.098852994289533,0.9571215799172258,1.7640539463996763,0.9214,0.67205,0.4647,across paths,ff49,vw
rolling120,1963-06,1973-05,120,20000,0.5857518982871905,0.9534576902275824,1.035098116984449,1.0285579234938094,0.8241847230673023,1.7377020565606893,0.8938,0.6139,0.4423,across paths,ff49,vw
rolling120,1963-07,1973-06,120,20000,0.590181814794428,0.9675771543430416,1.0198426449636135,1.0280333694673454,0.8091292126113601,1.7652470680320973,0.8901,0.6035,0.4301,across paths,ff49,vw
rolling120,1963-08,1973-07,120,20000,0.5960496443693153,1.0818337371943598,1.2453666591578214,1.1543556355436413,1.009335641175681,1.8535919312575733,0.92205,0.68115,0.47065,across paths,ff49,vw
rolling120,1963-09,1973-08,120,20000,0.6032139569874317,0.9148205872912707,1.0717914155419637,1.0693395440474986,0.8498007363912294,1.8584301865916641,0.89445,0.61705,0.4729,across paths,ff49,vw
rolling120,1963-10,1973-09,120,20000,0.6097694344220068,1.045191350681315,1.2758034854922888,1.1794634367920258,1.0292982760899887,1.8174422814215367,0.9243,0.68155,0.49425,across paths,ff49,vw
rolling120,1963-11,1973-10,120,20000,0.6155478469894806,0.9853253002529312,1.1965927864085606,1.1392360252858498,0.9610032311370572,1.7574989851055223,0.913,0.65405,0.4904,across paths,ff49,vw
rolling120,1963-12,1973-11,120,20000,0.6202203200684369,0.7530616120732552,0.8894804651884886,0.9925777474112699,0.6818476634372364,1.7388805818595032,0.8507,0.5295,0.46615,across paths,ff49,vw
rolling120,1964-01,1973-12,120,20000,0.6258746935057085,0.7377832646903217,0.8827707048438437,0.9974153211254363,0.6698507981795518,1.7440306218753627,0.84585,0.5208,0.468,across paths,ff49,vw
rolling120,1964-02,1974-01,120,20000,0.6312240319788576,0.7027022099028337,0.9275815705515135,1.0312395524124955,0.7077277816442463,1.786260829199733,0.85465,0.53845,0.5028,across paths,ff49,vw
rolling120,1964-03,1974-02,120,20000,0.636430412292375,0.6744381225368012,0.8929713460144476,1.0119560229900306,0.6786841690708434,1.7590801922015866,0.8462,0.51985,0.50225,across paths,ff49,vw
rolling120,1964-04,1974-03,120,20000,0.6405088451811507,0.6089223564367576,0.8267806632568009,0.9763811383595031,0.6173811996438027,1.772921273776318,0.82995,0.4879,0.5038,across paths,ff49,vw
rolling120,1964-05,1974-04,120,20000,0.6480333647621992,0.5300708971911268,0.7467242749092511,0.9314252144248152,0.5468514895642885,1.73924756333117,0.80635,0.44895,0.50935,across paths,ff49,vw
rolling120,1964-06,1974-05,120,20000,0.6560877867523598,0.4454933576788407,0.6518699653646797,0.8850222378731613,0.46056047549338475,1.7616804499828325,0.772,0.4032,0.50795,across paths,ff49,vw
rolling120,1964-07,1974-06,120,20000,0.6610411899031643,0.39127134632946214,0.5781153658177198,0.8462412015063044,0.3969353961686519,1.7465022108264927,0.7439,0.36395,0.5033,across paths,ff49,vw
rolling120,1964-08,1974-07,120,20000,0.6676654817871248,0.2631064045860583,0.4339733645094266,0.7764714928813393,0.2636693930648961,1.7809608236537542,0.67825,0.29385,0.5004,across paths,ff49,vw
rolling120,1964-09,1974-08,120,20000,0.6729871107676979,0.16560031528019414,0.3225716381650663,0.7178866833919806,0.16622101307465187,1.7892309343118893,0.6184,0.23945,0.5002,across paths,ff49,vw
rolling120,1964-10,1974-09,120,20000,0.6818291846479021,0.0076890362847710225,0.1282314612575546,0.614974118913884,-0.006788165851867811,1.7651266910778793,0.49385,0.14925,0.48795,across paths,ff49,vw
rolling120,1964-11,1974-10,120,20000,0.685518509811154,0.164800232050055,0.2845062454256303,0.7074513512915187,0.12877909912037566,1.750312607472495,0.5904,0.2172,0.4736,across paths,ff49,vw
rolling120,1964-12,1974-11,120,20000,0.6897201214120394,0.11520213680819502,0.22789374953033517,0.6777010197243672,0.07629224250031352,1.7376584969485025,0.55465,0.19175,0.47165,across paths,ff49,vw
rolling120,1965-01,1974-12,120,20000,0.6962896643025855,0.08086257923233742,0.17441971103354817,0.6506270146892388,0.028351804868854913,1.7602246211607886,0.52105,0.167,0.4618,across paths,ff49,vw
rolling120,1965-02,1975-01,120,20000,0.701364324247647,0.18944856171541602,0.31655294429786934,0.7378576435546117,0.14881707081785112,1.799361837605871,0.6055,0.22705,0.47335,across paths,ff49,vw
rolling120,1965-03,1975-02,120,20000,0.7035694823947276,0.2514359048661603,0.37454198274872647,0.7735687353863993,0.1987182225014279,1.8222940426624026,0.6376,0.252,0.46705,across paths,ff49,vw
rolling120,1965-04,1975-03,120,20000,0.7044182117103885,0.30262066970869683,0.46489088921531285,0.8304263537096721,0.28111161404943485,1.8619452567414856,0.67845,0.2903,0.48705,across paths,ff49,vw
rolling120,1965-05,1975-04,120,20000,0.7066271078077102,0.3182390184849373,0.48468423285070766,0.8462609067289022,0.29625052977252064,1.892598872370526,0.6838,0.29855,0.48715,across paths,ff49,vw
rolling120,1965-06,1975-05,120,20000,0.7088388665956176,0.3991637688410412,0.5921149557180965,0.9113042868384638,0.3880417995560571,1.9389912156953957,0.72715,0.3455,0.4938,across paths,ff49,vw
rolling120,1965-07,1975-06,120,20000,0.7098605938701141,0.5531839053520111,0.8042956898127839,1.0343387132827804,0.568855613182367,1.943958653499743,0.79975,0.43615,0.50755,across paths,ff49,vw
rolling120,1965-08,1975-07,120,20000,0.7127583737620284,0.43305066372920686,0.6575801037739374,0.9550829119779779,0.44072308688952366,1.9863737340395446,0.7509,0.372,0.5041,across paths,ff49,vw
rolling120,1965-09,1975-08,120,20000,0.7153190610546059,0.35768549200970057,0.5228350923631414,0.877848214195029,0.32428283324991714,1.9722073753035023,0.69755,0.31345,0.4828,across paths,ff49,vw
rolling120,1965-10,1975-09,120,20000,0.7190811006661302,0.26688361263714144,0.40365045332891814,0.8064532226679839,0.22218758849977727,1.9879556157495397,0.6452,0.2603,0.4727,across paths,ff49,vw
rolling120,1965-11,1975-10,120,20000,0.7233655217125519,0.3034460879022498,0.40927811595942204,0.8126613832859506,0.22408697839836156,2.0024809903246994,0.64665,0.26215,0.4518,across paths,ff49,vw
rolling120,1965-12,1975-11,120,20000,0.7243959345805413,0.3390465891069159,0.4047125379893314,0.8063386419461366,0.22026577526701263,1.9936730840277586,0.64435,0.25885,0.4313,across paths,ff49,vw
rolling120,1966-01,1975-12,120,20000,0.726974020797895,0.3065416097384235,0.3376413314595175,0.764922208362768,0.16469688295987517,2.000813554515797,0.61185,0.22905,0.41645,across paths,ff49,vw
rolling120,1966-02,1976-01,120,20000,0.7285224135242527,0.4554175676433361,0.4984089216987768,0.856515864016904,0.3049184317269994,1.970130130491059,0.6911,0.2987,0.41775,across paths,ff49,vw
rolling120,1966-03,1976-02,120,20000,0.7283501641556902,0.4775850129443391,0.5352742855534309,0.8782092260957769,0.3362887767402504,1.9467972581937827,0.7067,0.314,0.42485,across paths,ff49,vw
rolling120,1966-04,1976-03,120,20000,0.7286945256149759,0.550807525591525,0.5916553832341078,0.912501291993822,0.3848125722608473,1.9725504432620369,0.72855,0.3376,0.41495,across paths,ff49,vw
rolling120,1966-05,1976-04,120,20000,0.7300727951191537,0.49723224852902814,0.5214070213247569,0.8716695538513296,0.3257784387177366,1.947963949189179,0.69855,0.3081,0.40775,across paths,ff49,vw
rolling120,1966-06,1976-05,120,20000,0.7293835917349814,0.565029655603015,0.6078491039182531,0.9187958547266974,0.40300555567795915,1.9273431460301715,0.73475,0.34545,0.41445,across paths,ff49,vw
rolling120,1966-07,1976-06,120,20000,0.7302450101409061,0.652819372487963,0.6891625121281808,0.9637769805867995,0.47416800944305526,1.8908994790329208,0.7653,0.38095,0.4142,across paths,ff49,vw
rolling120,1966-08,1976-07,120,20000,0.7323140624699236,0.6643716958977748,0.6966891831903875,0.9687035883627376,0.47711527013373667,1.8938704775824073,0.7664,0.38415,0.411,across paths,ff49,vw
rolling120,1966-09,1976-08,120,20000,0.7324865865275343,0.7972046483766932,0.8243083855070283,1.0386739727940983,0.5867785491421229,1.877707603848735,0.80475,0.4372,0.40925,across paths,ff49,vw
rolling120,1966-10,1976-09,120,20000,0.7331768202273459,0.8543736305477247,0.9092653752508888,1.0844107643913374,0.6648106802402451,1.857820435351876,0.82775,0.47085,0.4213,across paths,ff49,vw
rolling120,1966-11,1976-10,120,20000,0.7324866552416902,0.7420196726811568,0.845439908759779,1.040934139909639,0.6126916166907185,1.8429046134978044,0.8157,0.44535,0.44145,across paths,ff49,vw
rolling120,1966-12,1976-11,120,20000,0.7324866552416902,0.7245618217660965,0.7884976865381226,1.0091171202526048,0.5593079399493245,1.8625890593878696,0.80035,0.4226,0.42615,across paths,ff49,vw
rolling120,1967-01,1976-12,120,20000,0.7324866552416902,0.8192557564736349,0.8572052792963281,1.0299262517385703,0.6276580170241234,1.7818386258464318,0.8237,0.45195,0.41605,across paths,ff49,vw
rolling120,1967-02,1977-01,120,20000,0.7312791070402871,0.6140072483063665,0.608093313798407,0.8929855373345242,0.41045558027159246,1.8159268546797616,0.7444,0.34515,0.39825,across paths,ff49,vw
rolling120,1967-03,1977-02,120,20000,0.7311066001543722,0.5705967893387673,0.5571632685371287,0.8649511865970609,0.36182441009609956,1.832906182745829,0.7242,0.3227,0.3947,across paths,ff49,vw
rolling120,1967-04,1977-03,120,20000,0.7309341620031466,0.49009580425577814,0.4696669914335851,0.8137354913337287,0.28953018578519074,1.8178741521050932,0.6865,0.2817,0.38945,across paths,ff49,vw
rolling120,1967-05,1977-04,120,20000,0.7319694097076941,0.4374755896922886,0.4072225932220173,0.7773046627865948,0.23675900212618606,1.8117116506569166,0.65785,0.2543,0.38225,across paths,ff49,vw
rolling120,1967-06,1977-05,120,20000,0.7326599187916005,0.4807450871843275,0.42319996269344373,0.7845075361714323,0.25473445286844,1.8195525307253564,0.66635,0.26155,0.36945,across paths,ff49,vw
rolling120,1967-07,1977-06,120,20000,0.7349063114259171,0.5157846291247106,0.4330145144674775,0.7884344416120155,0.2631420084330076,1.822051341049104,0.6717,0.2667,0.35755,across paths,ff49,vw
rolling120,1967-08,1977-07,120,20000,0.7366356837459189,0.4266293272972612,0.3395087614047647,0.7345552832811916,0.18307812187722872,1.80816978914192,0.62715,0.2235,0.35395,across paths,ff49,vw
rolling120,1967-09,1977-08,120,20000,0.7388863331217235,0.41615312360621415,0.3398279250540496,0.7346080577749438,0.18290818497939954,1.8057006516588403,0.62635,0.2229,0.3588,across paths,ff49,vw
rolling120,1967-10,1977-09,120,20000,0.7407930067326025,0.3715132165963879,0.2838549721618347,0.7021174320700242,0.1348324124162319,1.8296830785331197,0.59675,0.1983,0.3525,across paths,ff49,vw
rolling120,1967-11,1977-10,120,20000,0.7425270370212096,0.35445915234727043,0.2603349351953823,0.6863377139835295,0.11420926192601355,1.827824525145133,0.58455,0.18615,0.3499,across paths,ff49,vw
rolling120,1967-12,1977-11,120,20000,0.7449578240397723,0.4051522031201211,0.32540264421424353,0.7201570043171316,0.1702507058831203,1.80667540964043,0.6204,0.2132,0.35845,across paths,ff49,vw
rolling120,1968-01,1977-12,120,20000,0.7477405734850664,0.36954087818130543,0.2687674403667079,0.6881354744779988,0.1212185426507636,1.827357705834265,0.59075,0.1882,0.3468,across paths,ff49,vw
rolling120,1968-02,1978-01,120,20000,0.7493072732023338,0.3428236752033984,0.24138967732628822,0.6697498273596201,0.09393905840062289,1.8286030868918806,0.5729,0.1758,0.34225,across paths,ff49,vw
rolling120,1968-03,1978-02,120,20000,0.7505270312372392,0.37644636836420764,0.2990173366801054,0.6969927499594937,0.14527870657170494,1.7896508523389847,0.6105,0.1992,0.35825,across paths,ff49,vw
rolling120,1968-04,1978-03,120,20000,0.7531428815528955,0.414623974167331,0.3626266060604445,0.7311807204306029,0.20565933490166122,1.8079677696925396,0.64655,0.2262,0.3725,across paths,ff49,vw
rolling120,1968-05,1978-04,120,20000,0.7550630818612778,0.4011821383232552,0.32341231841818563,0.7090227502450667,0.17024079141371418,1.8092429677677853,0.62445,0.2078,0.3587,across paths,ff49,vw
rolling120,1968-06,1978-05,120,20000,0.7561114022685618,0.39490798487607703,0.31482238007048163,0.7024647892633116,0.16220647756179984,1.7709381794682733,0.61885,0.2039,0.3577,across paths,ff49,vw
rolling120,1968-07,1978-06,120,20000,0.7580348539687463,0.36345945125086776,0.29618855590619386,0.6903669746089897,0.14728436229506026,1.7944842902322888,0.6083,0.19475,0.3643,across paths,ff49,vw
rolling120,1968-08,1978-07,120,20000,0.7594345632473838,0.4734675816360743,0.4377689551397444,0.7664517214192779,0.27445402951436537,1.7909180938841305,0.6827,0.25765,0.38475,across paths,ff49,vw
rolling120,1968-09,1978-08,120,20000,0.7618874694299633,0.5106770901828435,0.4787438560699031,0.7878158867557931,0.3121555956541464,1.7881072228943116,0.70055,0.2765,0.3881,across paths,ff49,vw
rolling120,1968-10,1978-09,120,20000,0.7652207226331067,0.4340443511134615,0.3649475433767015,0.7247023606892276,0.209800977350885,1.7909935654961242,0.64605,0.2228,0.36765,across paths,ff49,vw
rolling120,1968-11,1978-10,120,20000,0.7694386932965072,0.2621637502909997,0.16308277668354962,0.6229373832997561,0.03316707238521155,1.9176367069954696,0.52515,0.1389,0.3419,across paths,ff49,vw
rolling120,1968-12,1978-11,120,20000,0.7743724000692915,0.23306899780436696,0.1365557530125563,0.6097391285120263,0.005509386051534171,1.9382220508015817,0.5044,0.129,0.34245,across paths,ff49,vw
rolling120,1969-01,1978-12,120,20000,0.7805561135017745,0.2988752707441855,0.18200821855796703,0.6357779965754341,0.04733693647717718,1.956734252191487,0.53565,0.14355,0.33275,across paths,ff49,vw
rolling120,1969-02,1979-01,120,20000,0.7848069189055387,0.37357891494190176,0.260162008135314,0.6793794561614177,0.11527660716567734,2.019132293043953,0.5849,0.1742,0.3395,across paths,ff49,vw
rolling120,1969-03,1979-02,120,20000,0.7896038317873273,0.41089495945987875,0.3083982972069374,0.7059273155753405,0.1575187524033097,2.0415215145836414,0.6139,0.19255,0.3474,across paths,ff49,vw
rolling120,1969-04,1979-03,120,20000,0.7958387645080678,0.45686671143607316,0.3807828461419666,0.7435544292858609,0.2206349899479847,1.9360028104882354,0.65215,0.219,0.36265,across paths,ff49,vw
rolling120,1969-05,1979-04,120,20000,0.800661966203255,0.43886835810330105,0.3810411705468847,0.7416209475197891,0.22193366299085482,1.9428632931951642,0.65315,0.21895,0.3718,across paths,ff49,vw
rolling120,1969-06,1979-05,120,20000,0.806754970467876,0.4134993273846763,0.36728088233141826,0.7336491135694764,0.21191703718925514,1.9331500169872204,0.64775,0.2097,0.37795,across paths,ff49,vw
rolling120,1969-07,1979-06,120,20000,0.8121477322939665,0.5851125654822802,0.5837947094993521,0.847962791658665,0.40436296902111446,1.8997553365176254,0.74995,0.30135,0.4002,across paths,ff49,vw
rolling120,1969-08,1979-07,120,20000,0.8164739578559934,0.7218800027050114,0.7572651841553103,0.9357515043871317,0.5594164603595283,1.8467601659927995,0.81295,0.37595,0.41755,across paths,ff49,vw
rolling120,1969-09,1979-08,120,20000,0.8213540371457557,0.7402135477475966,0.7749364310824454,0.9431650402206748,0.574888742506305,1.8076789428173883,0.81745,0.3805,0.415,across paths,ff49,vw
rolling120,1969-10,1979-09,120,20000,0.8251553127152311,0.782092726828056,0.7845865843927237,0.9471427375721866,0.5847048863419645,1.797741131606893,0.8199,0.3849,0.40305,across paths,ff49,vw
rolling120,1969-11,1979-10,120,20000,0.8300538408905103,0.5646861846284186,0.5041992527573407,0.7927879170020141,0.3348825162240838,1.7545301963625348,0.7206,0.25865,0.37265,across paths,ff49,vw
rolling120,1969-12,1979-11,120,20000,0.8386105988015584,0.7182105011309374,0.6824544621170185,0.8866398100629204,0.48849566334303807,1.737899440700517,0.78955,0.3359,0.3871,across paths,ff49,vw
rolling120,1970-01,1979-12,120,20000,0.8442740455983437,0.800956685860434,0.8172065050460646,0.9572400538815832,0.6071393465458119,1.7554246972762773,0.8303,0.39245,0.4119,across paths,ff49,vw
rolling120,1970-02,1980-01,120,20000,0.84794059439675,1.0696399535888017,1.1034915898999236,1.108423698852748,0.8613426558498655,1.7637627058869656,0.89425,0.50585,0.41765,across paths,ff49,vw
rolling120,1970-03,1980-02,120,20000,0.8528992900883334,0.9502677550554075,0.9393120214873752,1.0193277355232568,0.7179921644310966,1.8217951251009692,0.8632,0.44005,0.3985,across paths,ff49,vw
rolling120,1970-04,1980-03,120,20000,0.8646906348795886,0.7307621892165912,0.7400644265389085,0.9210616039194379,0.5390789952184015,1.8389573801590042,0.80885,0.35105,0.4075,across paths,ff49,vw
rolling120,1970-05,1980-04,120,20000,0.8787917779891261,1.0343368330630947,1.1184498159019163,1.1056480307785277,0.8827167536975885,1.8117766690982515,0.90215,0.5018,0.43765,across paths,ff49,vw
rolling120,1970-06,1980-05,120,20000,0.8840246606891853,1.3046257383637982,1.496599346212818,1.291371100227202,1.2217028842471445,1.7965053751036972,0.9504,0.6331,0.46935,across paths,ff49,vw
rolling120,1970-07,1980-06,120,20000,0.8845866087884167,1.518845539534774,1.7664761448609296,1.4225162240635885,1.4654725020658366,1.7634717141349616,0.9677,0.71205,0.4818,across paths,ff49,vw
rolling120,1970-08,1980-07,120,20000,0.8847740925338194,1.509467856960184,1.8768158779876127,1.4834950626111567,1.5604432122022782,1.7819356534039508,0.973,0.738,0.5163,across paths,ff49,vw
rolling120,1970-09,1980-08,120,20000,0.8868364137332496,1.4463906871765508,1.8237714892742192,1.4576308585893358,1.5126925405496319,1.7780051820452725,0.97055,0.7252,0.52245,across paths,ff49,vw
rolling120,1970-10,1980-09,120,20000,0.890777488398895,1.4048076521958937,1.6571229846555031,1.342497035622878,1.3784901095747772,1.6750722052340579,0.9645,0.6847,0.49055,across paths,ff49,vw
rolling120,1970-11,1980-10,120,20000,0.8999998751131644,1.4978748594302802,1.8258595355464589,1.4111915817474134,1.5351678447130725,1.6291134717119504,0.975,0.72705,0.51275,across paths,ff49,vw
rolling120,1970-12,1980-11,120,20000,0.9094563745911315,1.628140887501063,1.932407458014478,1.4641154167721158,1.6298717325007506,1.6085815256803193,0.9789,0.747,0.5004,across paths,ff49,vw
rolling120,1971-01,1980-12,120,20000,0.9263794593689254,1.3976586751552178,1.6980182985480092,1.3505747564291068,1.421427714604607,1.6272359973020865,0.96835,0.68575,0.5077,across paths,ff49,vw
rolling120,1971-02,1981-01,120,20000,0.9390454331005802,1.187313750037049,1.4356592690530132,1.2202565460812649,1.178990607462097,1.6177564572393124,0.9506,0.59625,0.49745,across paths,ff49,vw
rolling120,1971-03,1981-02,120,20000,0.9533471735620018,1.1860238067993611,1.3813754639245681,1.1895715977634884,1.1376399357471834,1.6045654334434276,0.94585,0.57575,0.4811,across paths,ff49,vw
rolling120,1971-04,1981-03,120,20000,0.9710694659642094,1.1956538676222657,1.4390427739476814,1.219983756050367,1.187369924924726,1.6259264434987228,0.95105,0.587,0.49735,across paths,ff49,vw
rolling120,1971-05,1981-04,120,20000,0.9867939930161773,1.0999137637551426,1.3659811138098277,1.1832261866786487,1.1244082423726656,1.6225512246879608,0.944,0.55545,0.5095,across paths,ff49,vw
rolling120,1971-06,1981-05,120,20000,1.0038310139952773,1.2085074350272165,1.5162960278706297,1.2580523270039947,1.2578800151828884,1.6075807816109795,0.9583,0.5962,0.51805,across paths,ff49,vw
rolling120,1971-07,1981-06,120,20000,1.0233961668668061,1.1805377058440842,1.4549018891293206,1.2300536859694036,1.2023873436887422,1.6032740036543198,0.95105,0.56995,0.5074,across paths,ff49,vw
rolling120,1971-08,1981-07,120,20000,1.0403249794182816,1.266476946049388,1.556627423466488,1.279049903771546,1.2982324787266657,1.6195434671746232,0.95935,0.5958,0.51055,across paths,ff49,vw
rolling120,1971-09,1981-08,120,20000,1.0567742999450935,1.0490899379878695,1.2833414226286284,1.145084873871044,1.0509580811759338,1.6528842315975905,0.93405,0.49745,0.5007,across paths,ff49,vw
rolling120,1971-10,1981-09,120,20000,1.0746022728548499,0.9366587143780434,1.1827275796931085,1.0984479423556248,0.9559118985051056,1.6607052204609927,0.9199,0.44955,0.5094,across paths,ff49,vw
rolling120,1971-11,1981-10,120,20000,1.0919646909996947,1.1421322496815192,1.4630797973417604,1.2389440859131524,1.2030345758356327,1.6476858179371057,0.9513,0.5443,0.52475,across paths,ff49,vw
rolling120,1971-12,1981-11,120,20000,1.1065544616851564,1.2399014725675936,1.5732624249645057,1.2933494012331133,1.3019551152236808,1.6165009396171526,0.9597,0.57505,0.5224,across paths,ff49,vw
rolling120,1972-01,1981-12,120,20000,1.117048406398144,0.996773186582993,1.2692899897562377,1.1392376104643651,1.032364805447644,1.6114275684009733,0.9332,0.4658,0.51495,across paths,ff49,vw
rolling120,1972-02,1982-01,120,20000,1.1278141326646023,0.895924093177332,1.1062076248001191,1.0552069241927733,0.8888240149556985,1.616513805403629,0.90805,0.40125,0.49735,across paths,ff49,vw
rolling120,1972-03,1982-02,120,20000,1.1420349353467496,0.7477360773607182,0.9415802379440394,0.9735974859765681,0.7441522028689356,1.621388043852356,0.8759,0.3329,0.49805,across paths,ff49,vw
rolling120,1972-04,1982-03,120,20000,1.1572024311490456,0.7177669682930805,0.9118024973632697,0.9635059942317888,0.7143334649590838,1.6575366717325695,0.86775,0.31325,0.49845,across paths,ff49,vw
rolling120,1972-05,1982-04,120,20000,1.1752705340722205,0.7824949143045223,0.9897363967612631,0.9997986878739845,0.7869184437144546,1.6313784579600985,0.8847,0.33795,0.50245,across paths,ff49,vw
rolling120,1972-06,1982-05,120,20000,1.1917531423064665,0.7042398959188725,0.8957389940968232,0.951214205320368,0.7011682262945186,1.6568403815894186,0.86565,0.29635,0.49835,across paths,ff49,vw
rolling120,1972-07,1982-06,120,20000,1.2063954257379685,0.7045881975530268,0.9230215506887045,0.9652420308704073,0.7275069194714605,1.6518093971126173,0.87135,0.30145,0.5111,across paths,ff49,vw
rolling120,1972-08,1982-07,120,20000,1.222672293598063,0.6761526995333502,0.9391098275258015,0.9719317574728988,0.7376394816236328,1.6457327500400583,0.87605,0.30435,0.53095,across paths,ff49,vw
rolling120,1972-09,1982-08,120,20000,1.2330886459561352,0.8125950253064882,1.1336815402623106,1.0700877660085357,0.912343260486872,1.6239075809894832,0.9124,0.3734,0.5447,across paths,ff49,vw
rolling120,1972-10,1982-09,120,20000,1.236872033137843,0.8604679987571233,1.230577374865427,1.1189715199237478,0.9986083070122717,1.6199362290627397,0.9268,0.40585,0.5582,across paths,ff49,vw
rolling120,1972-11,1982-10,120,20000,1.241105157503343,1.062700796481714,1.5615316424298529,1.2912759061254364,1.2918943875222004,1.6429457991635679,0.95925,0.51955,0.58725,across paths,ff49,vw
rolling120,1972-12,1982-11,120,20000,1.2469105509570726,1.0693819270028517,1.6007216581526467,1.3116767097076067,1.3250750272877259,1.6607361905698992,0.9616,0.52975,0.5979,across paths,ff49,vw
rolling120,1973-01,1982-12,120,20000,1.253626433843265,1.0742997571096002,1.6252767983504612,1.3311429235697823,1.350913293919789,1.6733442109083625,0.96235,0.5353,0.6026,across paths,ff49,vw
rolling120,1973-02,1983-01,120,20000,1.2592358186347905,1.2260777881176201,1.8870595631025957,1.4532350121010964,1.5854552695153226,1.6311898104668703,0.97635,0.61115,0.6241,across paths,ff49,vw
rolling120,1973-03,1983-02,120,20000,1.263735392063659,1.4040335723722897,2.143086939173812,1.585599422063821,1.8011872949411574,1.629638979546742,0.9843,0.67485,0.63015,across paths,ff49,vw
rolling120,1973-04,1983-03,120,20000,1.267566120877623,1.5077978290257121,2.3082404364246036,1.673074051877881,1.948505542069577,1.6560587995014635,0.98765,0.7104,0.63735,across paths,ff49,vw
rolling120,1973-05,1983-04,120,20000,1.2718522088498352,1.8391211820169855,2.7929478104644527,1.9029926988077117,2.3967127002438815,1.6398618374970375,0.9944,0.8011,0.6456,across paths,ff49,vw
rolling120,1973-06,1983-05,120,20000,1.2759207930463625,1.945653717655515,3.0923836467385413,2.0469936577583336,2.6718477835222574,1.65985463350196,0.99695,0.84285,0.6779,across paths,ff49,vw
rolling120,1973-07,1983-06,120,20000,1.2795437890356909,2.0885599016533583,3.350345592614473,2.170617700432039,2.9002119136131954,1.6329153348612622,0.9979,0.87175,0.6882,across paths,ff49,vw
rolling120,1973-08,1983-07,120,20000,1.2818088365208218,1.8255296299379875,2.825634953383902,1.8982716885190904,2.4374158952067546,1.5906757357384742,0.99545,0.8047,0.66015,across paths,ff49,vw
rolling120,1973-09,1983-08,120,20000,1.283168404844469,1.924108182262414,2.9059989736651257,1.932580003037604,2.5084289888132423,1.586352950452706,0.99615,0.818,0.6496,across paths,ff49,vw
rolling120,1973-10,1983-09,120,20000,1.2849826030207456,1.8203691896456276,2.699514381112702,1.8261156483459258,2.3236529745769072,1.5950024090673882,0.9946,0.787,0.63585,across paths,ff49,vw
rolling120,1973-11,1983-10,120,20000,1.2874798517672161,1.7500153599299635,2.5731615833812866,1.7589264851283057,2.2114046913633763,1.5708639846115202,0.99385,0.7643,0.62835,across paths,ff49,vw
rolling120,1973-12,1983-11,120,20000,1.2906644895878947,2.22276236131232,3.381357570854826,2.139046517288043,2.9500679469643254,1.5944410049056676,0.99845,0.8799,0.6691,across paths,ff49,vw
rolling120,1974-01,1983-12,120,20000,1.2927129773071204,2.1504945497922265,3.2919159889395653,2.066423848978865,2.8702822783028106,1.5599054033207718,0.9983,0.87305,0.6746,across paths,ff49,vw
rolling120,1974-02,1984-01,120,20000,1.2956748444148412,2.0993817189356396,3.0279716606699543,1.9263112789656363,2.6365154648196887,1.5751708187167528,0.9978,0.8446,0.63725,across paths,ff49,vw
rolling120,1974-03,1984-02,120,20000,1.298642012139776,1.9699828417367695,2.794951955204193,1.8185952490141986,2.4278286217810088,1.5983717000665825,0.99695,0.8081,0.6236,across paths,ff49,vw
rolling120,1974-04,1984-03,120,20000,1.302527942351229,2.0805899375411663,2.9182238148811064,1.8782335313433098,2.548584233757726,1.595581231809328,0.99755,0.8266,0.62045,across paths,ff49,vw
rolling120,1974-05,1984-04,120,20000,1.3038991748727282,2.236442555099811,3.111468886955498,1.971098547275308,2.7186381259625536,1.599316456332572,0.9982,0.8513,0.6209,across paths,ff49,vw
rolling120,1974-06,1984-05,120,20000,1.304585199440928,2.194323313102155,3.0846712402164287,1.9573774005188953,2.701561514522089,1.6024730915239096,0.9982,0.8478,0.62505,across paths,ff49,vw
rolling120,1974-07,1984-06,120,20000,1.3080214596786637,2.3511640649729646,3.3418298032491474,2.0751470336130016,2.923652444374051,1.5754608379045705,0.99905,0.8778,0.63735,across paths,ff49,vw
rolling120,1974-08,1984-07,120,20000,1.3107718328183005,2.548674382273832,3.542471596522707,2.1605452701548415,3.10834192839872,1.5574064410619597,0.9994,0.899,0.632,across paths,ff49,vw
rolling120,1974-09,1984-08,120,20000,1.316054909573253,3.3225273968931317,4.539057722448077,2.630925151478574,4.013770308631708,1.5805145411568995,0.9999,0.95755,0.6332,across paths,ff49,vw
rolling120,1974-10,1984-09,120,20000,1.3172036323733591,3.858594600461995,5.195064808843414,2.9379522718463082,4.605598105579681,1.6144556293371546,0.99995,0.9762,0.6291,across paths,ff49,vw
rolling120,1974-11,1984-10,120,20000,1.3285003170799845,3.1728420097948327,4.369808544758793,2.5147098915567088,3.8669735089241875,1.5940212247251362,0.9999,0.95285,0.63745,across paths,ff49,vw
rolling120,1974-12,1984-11,120,20000,1.3329007055845121,3.3010566116997877,4.505774841472356,2.5748255507926046,3.996511748594242,1.5927485641706092,0.9999,0.95855,0.63355,across paths,ff49,vw
rolling120,1975-01,1984-12,120,20000,1.3315106952336175,3.531896787651596,4.890624252928863,2.7523348082898402,4.332932234485369,1.6154784551954613,0.99985,0.9707,0.64895,across paths,ff49,vw
rolling120,1975-02,1985-01,120,20000,1.3331333413726747,3.3085744339143677,4.456808026685051,2.527606691078792,3.9475599010604663,1.5920120409363279,0.99975,0.95915,0.625,across paths,ff49,vw
rolling120,1975-03,1985-02,120,20000,1.3366180571070756,3.13824773443233,4.1896595538735815,2.380371115725318,3.7135145321892207,1.5245535912582167,0.9997,0.9489,0.61855,across paths,ff49,vw
rolling120,1975-04,1985-03,120,20000,1.3415049188936758,3.006556140671411,3.8302705662276115,2.2063483783227653,3.3888417330939467,1.5516999962181564,0.99975,0.92965,0.5848,across paths,ff49,vw
rolling120,1975-05,1985-04,120,20000,1.348032411698238,2.8189761187978224,3.5209256838927767,2.0496272895584795,3.1113837114520173,1.544027377930232,0.9995,0.90595,0.56965,across paths,ff49,vw
rolling120,1975-06,1985-05,120,20000,1.3531754536195209,2.8222296955745323,3.5081371159529655,2.0337888845897902,3.1069508293418497,1.5071475870379756,0.99965,0.9059,0.56695,across paths,ff49,vw
rolling120,1975-07,1985-06,120,20000,1.3564564471809866,2.6966131041356283,3.3466386660938436,1.954278540218558,2.962134328341944,1.4905743161228042,0.9996,0.8904,0.56585,across paths,ff49,vw
rolling120,1975-08,1985-07,120,20000,1.3597397264664695,2.933656253761709,3.675577168508338,2.1009925782606214,3.2670278899942926,1.4962341373966586,0.99965,0.91895,0.57535,across paths,ff49,vw
rolling120,1975-09,1985-08,120,20000,1.3613836534255928,3.0102022070815293,3.8331325111902785,2.1650587919258935,3.4095344980372437,1.4989682298807303,0.99975,0.93165,0.5908,across paths,ff49,vw
rolling120,1975-10,1985-09,120,20000,1.3630279074367313,3.0027041661832756,3.821775515579162,2.165224630752833,3.401558833839973,1.517984987265605,0.99975,0.92985,0.5924,across paths,ff49,vw
rolling120,1975-11,1985-10,120,20000,1.3651427892154633,2.956205052805815,3.7334395190769887,2.111033303270523,3.320254746354149,1.5198451436716836,0.9997,0.924,0.5866,across paths,ff49,vw
rolling120,1975-12,1985-11,120,20000,1.369853759814439,3.1101385115846965,3.9383509880410665,2.1951985791428767,3.4954823792763148,1.4953711584293643,0.99985,0.93715,0.59345,across paths,ff49,vw
rolling120,1976-01,1985-12,120,20000,1.3738632655784562,3.344991693122453,4.226334128640857,2.328035063907897,3.772552611637766,1.5051303738491604,0.9999,0.95045,0.5925,across paths,ff49,vw
rolling120,1976-02,1986-01,120,20000,1.3759897480498609,2.904782536502607,3.6118160697715647,2.041443481771857,3.211020076376136,1.5118469616062409,0.9997,0.91605,0.57605,across paths,ff49,vw
rolling120,1976-03,1986-02,120,20000,1.3804888316867903,3.1771280248905684,3.8224081090758903,2.1319913290016492,3.4082032004198806,1.513788839082995,0.99975,0.9295,0.55385,across paths,ff49,vw
rolling120,1976-04,1986-03,120,20000,1.3852308413116643,3.2905838970619508,4.040921163360086,2.2334574295593774,3.611067819329791,1.5168363721005806,0.9998,0.94195,0.5715,across paths,ff49,vw
rolling120,1976-05,1986-04,120,20000,1.3876060960829366,3.3040285650907535,4.091252009627326,2.262785080089597,3.6494008589703912,1.533054998730074,0.99985,0.9437,0.5776,across paths,ff49,vw
rolling120,1976-06,1986-05,120,20000,1.3904606615061703,3.5682767088426672,4.4142923149595665,2.3993235378672164,3.9509822646983315,1.530642648727987,0.99995,0.95905,0.5779,across paths,ff49,vw
rolling120,1976-07,1986-06,120,20000,1.3926028646281017,3.441052235469786,4.2349007862629415,2.32254786137166,3.779308692922844,1.5359954354129552,0.9999,0.9507,0.57255,across paths,ff49,vw
rolling120,1976-08,1986-07,120,20000,1.3937935697463604,3.2033860259063704,3.908283766893029,2.1769406019702604,3.4846101973086228,1.5071925526691752,0.9998,0.93285,0.562,across paths,ff49,vw
rolling120,1976-09,1986-08,120,20000,1.3947470824210257,3.4845940244347062,4.299143932849883,2.3469488846169146,3.8515444564166676,1.4884425807350505,0.99995,0.95105,0.5751,across paths,ff49,vw
rolling120,1976-10,1986-09,120,20000,1.3949855080564726,3.0190712886299718,3.813128274587745,2.1358645228984003,3.4041159463559296,1.4709072024965777,0.9998,0.925,0.58685,across paths,ff49,vw
rolling120,1976-11,1986-10,120,20000,1.3961781111378677,3.310688768598939,4.176798086714762,2.301666536143837,3.7433336304545604,1.4744193389207658,0.99985,0.94595,0.58995,across paths,ff49,vw
rolling120,1976-12,1986-11,120,20000,1.3959394479793876,3.3449141657295396,4.187795703267994,2.297674496164044,3.7546575121536505,1.4696802049551323,0.9999,0.9473,0.58465,across paths,ff49,vw
rolling120,1977-01,1986-12,120,20000,1.398087202464628,2.9835549677876756,3.6988054667718226,2.0777116580960873,3.3057337725245173,1.448928184339226,0.9996,0.916,0.57275,across paths,ff49,vw
rolling120,1977-02,1987-01,120,20000,1.399520893498385,3.6675371038533653,4.528686085002974,2.4507164682317595,4.057348951179866,1.4645150049322408,0.99995,0.96175,0.5767,across paths,ff49,vw
rolling120,1977-03,1987-02,120,20000,1.4014338149879708,3.9710859044291347,4.953930971972561,2.6454217886947893,4.446334298119531,1.4775140327906287,0.99995,0.97375,0.58645,across paths,ff49,vw
rolling120,1977-04,1987-03,120,20000,1.4035869236087009,4.125193081310862,5.134181071563507,2.7344031337967976,4.616072059851762,1.4625521341837098,0.9999,0.9769,0.5827,across paths,ff49,vw
rolling120,1977-05,1987-04,120,20000,1.4050236163305234,4.014052915019629,4.983105758578562,2.673932292703106,4.474348876397167,1.4599505817430898,0.9999,0.97265,0.5808,across paths,ff49,vw
rolling120,1977-06,1987-05,120,20000,1.4052632321137586,4.094663068051797,5.100017904774547,2.726549851728749,4.5801748783719685,1.4600452991654054,0.9999,0.97605,0.5843,across paths,ff49,vw
rolling120,1977-07,1987-06,120,20000,1.4071797765218177,4.059283463412551,4.99711569442058,2.6787063325619047,4.488216080204091,1.460132549835117,0.9999,0.9732,0.5774,across paths,ff49,vw
rolling120,1977-08,1987-07,120,20000,1.408138621284424,4.344710475376573,5.395493088819964,2.866292342994488,4.854879725005581,1.4510855207022832,0.9999,0.9807,0.58315,across paths,ff49,vw
rolling120,1977-09,1987-08,120,20000,1.4088578980530277,4.632310927588262,5.676695968687998,3.00151347759155,5.100517263082498,1.4489001870384748,0.99995,0.9851,0.57375,across paths,ff49,vw
rolling120,1977-10,1987-09,120,20000,1.4093376068846628,4.503537045557736,5.572538891015932,2.952982263603896,5.020511573556858,1.4436937791630853,1.0,0.9832,0.5808,across paths,ff49,vw
rolling120,1977-11,1987-10,120,20000,1.411974955245269,3.4331821300377117,4.0600410807809935,2.319888141969173,3.611074191915857,1.5007530791047352,0.9997,0.9316,0.5347,across paths,ff49,vw
rolling120,1977-12,1987-11,120,20000,1.4083749926254998,2.9279266355999187,3.4892139078686677,2.0787800279232203,3.0816621790107686,1.5265243063738918,0.9993,0.88565,0.5341,across paths,ff49,vw
rolling120,1978-01,1987-12,120,20000,1.4059783611272159,3.1793669571523164,3.855343415818891,2.2591755530910733,3.4111793472708714,1.5360857960353513,0.9997,0.91585,0.54895,across paths,ff49,vw
rolling120,1978-02,1988-01,120,20000,1.4011898680211807,3.6221171237423784,4.240193266134966,2.446098129516389,3.7672749362231213,1.5215443706981475,0.99985,0.9388,0.52795,across paths,ff49,vw
rolling120,1978-03,1988-02,120,20000,1.4011898680211816,3.9095123138327503,4.613678365927335,2.627482459738791,4.1274588009591415,1.5390916397410697,0.9999,0.9555,0.5359,across paths,ff49,vw
rolling120,1978-04,1988-03,120,20000,1.3990401904311898,3.662564509306433,4.323316737895378,2.4893080959387603,3.8437406857403875,1.5223499490829604,0.99985,0.94415,0.53425,across paths,ff49,vw
rolling120,1978-05,1988-04,120,20000,1.3971312664682451,3.345160892678063,3.933767439918612,2.303567202402637,3.490264976574893,1.5312407458490827,0.99965,0.9211,0.52905,across paths,ff49,vw
rolling120,1978-06,1988-05,120,20000,1.3971312664682447,3.258911976943865,3.7160777578264823,2.1980804024675327,3.298798629494428,1.5332289883752928,0.99945,0.9052,0.5087,across paths,ff49,vw
rolling120,1978-07,1988-06,120,20000,1.3959391383269733,3.5355150613341486,4.019921418738671,2.3439210500093397,3.578034635556395,1.5345290700646708,0.99965,0.92695,0.5075,across paths,ff49,vw
rolling120,1978-08,1988-07,120,20000,1.3947478400282818,3.2599850964045,3.6251184642560634,2.1549588164611757,3.209339012158279,1.5265009360798758,0.99935,0.8954,0.49045,across paths,ff49,vw
rolling120,1978-09,1988-08,120,20000,1.395462263608243,2.97173998637368,3.256143188365407,1.9811853275649278,2.8792957473144583,1.5292543554027107,0.99855,0.8602,0.4793,across paths,ff49,vw
rolling120,1978-10,1988-09,120,20000,1.3954622636082425,3.1619574186712684,3.482362257307206,2.0883387223955485,3.0836574101234993,1.53810796332473,0.99905,0.88295,0.4829,across paths,ff49,vw
rolling120,1978-11,1988-10,120,20000,1.3937967654114551,3.7709214518830256,4.299323433522287,2.4475768711686308,3.829579172576267,1.5026816319220202,0.99985,0.9446,0.51095,across paths,ff49,vw
rolling120,1978-12,1988-11,120,20000,1.3907064617421057,3.535166605938512,3.9858870601367773,2.298583910975625,3.5450289977397738,1.4940196943679116,0.9998,0.9286,0.50215,across paths,ff49,vw
rolling120,1979-01,1988-12,120,20000,1.3871481568278239,3.5556897406038512,4.035138265430308,2.3229056269365262,3.587933436602958,1.4993942780909537,0.9999,0.9311,0.5065,across paths,ff49,vw
rolling120,1979-02,1989-01,120,20000,1.3819365601770133,3.626418136424257,4.063749386083397,2.336528179970683,3.6086049977231363,1.4939839571671665,0.99985,0.9338,0.4968,across paths,ff49,vw
rolling120,1979-03,1989-02,120,20000,1.3790989508528675,3.6840281595288538,4.2295368857003135,2.4082456993155987,3.7661398616258683,1.4940656696658456,0.9999,0.94485,0.5157,across paths,ff49,vw
rolling120,1979-04,1989-03,120,20000,1.37579497452989,3.4975116362718834,3.9645785789995673,2.2820945604003917,3.522624130126216,1.4762345338124372,0.9997,0.9296,0.50445,across paths,ff49,vw
rolling120,1979-05,1989-04,120,20000,1.3727309532333738,3.6890566071803166,4.160117407092164,2.373738486283625,3.7065571896778167,1.4760990687267341,0.9998,0.94265,0.5025,across paths,ff49,vw
rolling120,1979-06,1989-05,120,20000,1.3720249233921025,3.948186180381822,4.426444561879359,2.4971205678451516,3.9406678929972587,1.4755902443404965,0.99985,0.95485,0.4984,across paths,ff49,vw
rolling120,1979-07,1989-06,120,20000,1.3696719574924971,3.699003751613432,4.109457185774372,2.3519219056929552,3.6554544501029906,1.5054384459306427,0.9998,0.94005,0.49195,across paths,ff49,vw
rolling120,1979-08,1989-07,120,20000,1.3680258620571055,3.9894539835044975,4.3611623602892,2.4697037023182125,3.884161563049494,1.4972546283212467,0.9999,0.95105,0.4802,across paths,ff49,vw
rolling120,1979-09,1989-08,120,20000,1.3673208826399996,3.7951511005046994,4.099410821888047,2.3509399493005185,3.636851631940157,1.4972347746139303,0.9999,0.93885,0.471,across paths,ff49,vw
rolling120,1979-10,1989-09,120,20000,1.363094781689139,3.789876434294146,4.092159749144107,2.3468972621533974,3.6295760906304904,1.512567468821293,0.9998,0.94,0.46965,across paths,ff49,vw
rolling120,1979-11,1989-10,120,20000,1.3586436266527468,4.009827642767715,4.3263915548958485,2.4594823966178274,3.850640170529475,1.5260784008124821,0.99995,0.95195,0.47085,across paths,ff49,vw
rolling120,1979-12,1989-11,120,20000,1.3516370607749781,3.798510178879198,4.015534952382288,2.3129150643243337,3.5651993093119074,1.5156979255108944,0.99985,0.9357,0.4549,across paths,ff49,vw
rolling120,1980-01,1989-12,120,20000,1.343716737836261,3.754602853189076,3.8328225967961838,2.2244273082627686,3.4008327092535624,1.5290487563973891,0.9998,0.9262,0.42565,across paths,ff49,vw
rolling120,1980-02,1990-01,120,20000,1.3383689714701665,3.149430919006119,3.195372324074341,1.926558121500403,2.825634080027524,1.5329985226825737,0.99915,0.8697,0.42145,across paths,ff49,vw
rolling120,1980-03,1990-02,120,20000,1.3309522000273035,3.2339517374446354,3.4064077290136803,2.015573259711279,3.01409262368994,1.5146375798197356,0.9995,0.8955,0.45125,across paths,ff49,vw
rolling120,1980-04,1990-03,120,20000,1.3178246162508431,3.912841518921436,4.185600387049127,2.3488212092915575,3.7350943658456863,1.50038930084644,0.9999,0.95295,0.46455,across paths,ff49,vw
rolling120,1980-05,1990-04,120,20000,1.304777410727803,3.544880382441055,3.830037716775734,2.181357075588745,3.4010086511726922,1.4953810378281387,0.9998,0.93625,0.4699,across paths,ff49,vw
rolling120,1980-06,1990-05,120,20000,1.3018052743981277,3.675138102461995,3.9194930733052153,2.22786259154694,3.487299461614189,1.4998692034757386,0.99985,0.94165,0.46165,across paths,ff49,vw
rolling120,1980-07,1990-06,120,20000,1.302262844276747,3.4923568560581817,3.7085721145082027,2.1283630307473187,3.3017307350609677,1.4853120861589484,0.9998,0.92765,0.45765,across paths,ff49,vw
rolling120,1980-08,1990-07,120,20000,1.305698032047975,3.1456932944826894,3.192441525236955,1.8948245874061447,2.823141146055266,1.5196172855184502,0.9991,0.8818,0.42355,across paths,ff49,vw
rolling120,1980-09,1990-08,120,20000,1.306156239129066,2.6658957992231933,2.637573900456293,1.6442603894292867,2.3142476284104987,1.5166821234808618,0.99725,0.80165,0.40525,across paths,ff49,vw
rolling120,1980-10,1990-09,120,20000,1.3027227558946302,2.3649746849485096,2.2645802694038166,1.4807635428296544,1.9719479396270825,1.5286537989674873,0.99425,0.727,0.38565,across paths,ff49,vw
rolling120,1980-11,1990-10,120,20000,1.296563913456874,2.2584067054173413,2.114634806556069,1.4238074325183547,1.8377429957539069,1.5478716763864706,0.99185,0.6878,0.3735,across paths,ff49,vw
rolling120,1980-12,1990-11,120,20000,1.2876924799560006,2.151129205347524,2.0982593430831677,1.407281624458385,1.829844320288372,1.5329801176212248,0.992,0.68785,0.3986,across paths,ff49,vw
rolling120,1981-01,1990-12,120,20000,1.2716598902731584,2.3531788941984093,2.2803921156704567,1.4836770222539102,1.9936184565333885,1.5454115938221915,0.9946,0.7409,0.39285,across paths,ff49,vw
rolling120,1981-02,1991-01,120,20000,1.2599688457072236,2.6756402527465575,2.59275543181889,1.6249627168379992,2.286211740985726,1.5476035016841199,0.9968,0.80635,0.39575,across paths,ff49,vw
rolling120,1981-03,1991-02,120,20000,1.2467761909237347,2.892173347887706,2.8437401016099275,1.7463446691506466,2.5207766121550885,1.555291122528223,0.9982,0.8479,0.4042,across paths,ff49,vw
rolling120,1981-04,1991-03,120,20000,1.2296828437543716,2.826116248734002,2.670689628253893,1.6654187517771362,2.360478293000474,1.5783838149676566,0.99705,0.826,0.37635,across paths,ff49,vw
rolling120,1981-05,1991-04,120,20000,1.2175506161716165,2.877559178483461,2.647166669030868,1.6472669024209943,2.342822031912288,1.5669515966915026,0.9973,0.82815,0.35795,across paths,ff49,vw
rolling120,1981-06,1991-05,120,20000,1.2026427128696224,2.9866729586836773,2.7244606027802956,1.6817489997354558,2.4058062507548543,1.5436228305136195,0.9978,0.8445,0.35325,across paths,ff49,vw
rolling120,1981-07,1991-06,120,20000,1.1824309938467437,2.844536249824434,2.666501880684612,1.655852105969994,2.3474243665041747,1.5567306888518133,0.9979,0.8414,0.37065,across paths,ff49,vw
rolling120,1981-08,1991-07,120,20000,1.1662632415217233,3.0389034150277148,2.8874487697307583,1.7539017123609717,2.55692929212651,1.5498242081472484,0.99835,0.876,0.3809,across paths,ff49,vw
rolling120,1981-09,1991-08,120,20000,1.1487243803640634,3.4039729789576567,3.239685049280491,1.9101899994540943,2.873069605379342,1.5484659386672661,0.9994,0.9166,0.3796,across paths,ff49,vw
rolling120,1981-10,1991-09,120,20000,1.1321696093577032,3.6296736675124253,3.4101623041207874,1.9833794999711676,3.0366934319737635,1.5533546636965485,0.99965,0.9322,0.3709,across paths,ff49,vw
rolling120,1981-11,1991-10,120,20000,1.11552684686988,3.436861478589358,3.1987273815325796,1.8774897586308454,2.8519488988987813,1.5133840088891937,0.9993,0.91915,0.36645,across paths,ff49,vw
rolling120,1981-12,1991-11,120,20000,1.1012935604755838,3.085208247587924,2.9091905486519845,1.7437470669817856,2.5904701858845147,1.505485447527563,0.9988,0.8952,0.3754,across paths,ff49,vw
rolling120,1982-01,1991-12,120,20000,1.091086027565571,3.6729505695105376,3.441412085526389,1.9858816739593563,3.0640040319454935,1.4815652999976796,0.9997,0.94035,0.37085,across paths,ff49,vw
rolling120,1982-02,1992-01,120,20000,1.0815433730746964,3.777357992299641,3.6414589871026912,2.0823837252318453,3.2491014287532898,1.49938455372439,0.99975,0.95285,0.39055,across paths,ff49,vw
rolling120,1982-03,1992-02,120,20000,1.0683429394761248,4.093972292231132,3.974265038833746,2.2335783899642294,3.561609042911467,1.506637806833306,0.9999,0.9678,0.39535,across paths,ff49,vw
rolling120,1982-04,1992-03,120,20000,1.0552340121512618,4.018456567447149,3.890122859535493,2.19346335995553,3.48304616208337,1.5037729652441176,0.9998,0.965,0.3922,across paths,ff49,vw
rolling120,1982-05,1992-04,120,20000,1.0387726302681162,3.8761299272282805,3.680705125505956,2.1073068983117613,3.2738924040846222,1.514389079619162,0.9998,0.95865,0.3794,across paths,ff49,vw
rolling120,1982-06,1992-05,120,20000,1.0230370014178378,4.049327170602495,3.902275668663437,2.210649137091334,3.4795128247437037,1.5316323789828097,0.9999,0.9682,0.3882,across paths,ff49,vw
rolling120,1982-07,1992-06,120,20000,1.0102126781124956,4.055001731174277,3.872745973268636,2.1941444380041357,3.44833974537854,1.519732983351731,0.9998,0.96805,0.3801,across paths,ff49,vw
rolling120,1982-08,1992-07,120,20000,0.9954916748289402,4.377364641777523,4.105231720243543,2.295101579909066,3.6666017505438506,1.509613499469377,0.9998,0.97695,0.3702,across paths,ff49,vw
rolling120,1982-09,1992-08,120,20000,0.9855894731872723,3.6998522291024525,3.413112789638243,1.9652337425195532,3.0401193913897373,1.4811849820740706,0.9996,0.95235,0.36,across paths,ff49,vw
rolling120,1982-10,1992-09,120,20000,0.9806506873122669,3.6827736067810255,3.411343757167723,1.956657870497444,3.045216766077047,1.4667566286535139,0.99965,0.9528,0.36125,across paths,ff49,vw
rolling120,1982-11,1992-10,120,20000,0.9735621671071533,3.2374727650958866,2.93078890341094,1.734333743013455,2.605778489609661,1.4302014326959616,0.9991,0.9225,0.3486,across paths,ff49,vw
rolling120,1982-12,1992-11,120,20000,0.9657173408441817,3.199648964894668,2.842940547074146,1.690290765826755,2.5287228154487735,1.3991415296347882,0.9988,0.91615,0.33685,across paths,ff49,vw
rolling120,1983-01,1992-12,120,20000,0.958102065559298,3.2237109662740906,2.886075842257271,1.6975004385623509,2.564585315919026,1.3827856285959865,0.9989,0.92285,0.34075,across paths,ff49,vw
rolling120,1983-02,1993-01,120,20000,0.9491565203198775,3.097339867168076,2.747049489494555,1.626814885825425,2.4461119103993614,1.3822241377299014,0.99855,0.91215,0.33765,across paths,ff49,vw
rolling120,1983-03,1993-02,120,20000,0.9414079354646998,2.9834035681779345,2.6024855119558787,1.5612225207739503,2.3133152357403324,1.3819698401914102,0.99835,0.8993,0.32685,across paths,ff49,vw
rolling120,1983-04,1993-03,120,20000,0.9340767716420169,2.949900463921217,2.559288993785707,1.5396399451366818,2.2627766111937264,1.3777474939786527,0.9982,0.89535,0.3245,across paths,ff49,vw
rolling120,1983-05,1993-04,120,20000,0.9250506959526934,2.575401192963613,2.239719424604428,1.4065230077001287,1.9700104270553258,1.3758653804761614,0.9956,0.85165,0.3287,across paths,ff49,vw
rolling120,1983-06,1993-05,120,20000,0.9160649592648615,2.642881590973106,2.2689274483090514,1.4172737364585923,2.000684628129718,1.3764972276974978,0.9963,0.8603,0.32075,across paths,ff49,vw
rolling120,1983-07,1993-06,120,20000,0.9080710456571208,2.530863157628166,2.154091282267718,1.3688032777515455,1.8924866241457183,1.3757099195675506,0.9953,0.8421,0.31605,across paths,ff49,vw
rolling120,1983-08,1993-07,120,20000,0.898600770465255,2.6484612065272426,2.269974450357145,1.4208870991565172,2.0027438735582237,1.3792222775292255,0.9967,0.8653,0.3179,across paths,ff49,vw
rolling120,1983-09,1993-08,120,20000,0.8889909412380093,2.783468099368017,2.4382452045613014,1.4911456831394971,2.1616215327572332,1.3740796642935558,0.9977,0.88955,0.331,across paths,ff49,vw
rolling120,1983-10,1993-09,120,20000,0.8796172267618383,2.726165376383885,2.3634641096455815,1.4599805597770537,2.095033106218329,1.3832532925932501,0.997,0.88375,0.32415,across paths,ff49,vw
rolling120,1983-11,1993-10,120,20000,0.869543851390149,2.8911686926503433,2.595153813990035,1.5625906984523197,2.298623680310789,1.378808068730203,0.9985,0.91295,0.34465,across paths,ff49,vw
rolling120,1983-12,1993-11,120,20000,0.8611893853213748,2.7213296003007756,2.419650519121623,1.4838446305098794,2.134713183082136,1.3825941228511638,0.9978,0.8969,0.3396,across paths,ff49,vw
rolling120,1984-01,1993-12,120,20000,0.8519508794873567,2.8311343944891174,2.5743853785336928,1.5524800044484393,2.2744615953489395,1.3856415683031944,0.99835,0.916,0.35535,across paths,ff49,vw
rolling120,1984-02,1994-01,120,20000,0.8425771701926115,2.9970313512719318,2.7906311318388757,1.64442265653012,2.4743293775658493,1.3769563125760003,0.99885,0.93625,0.3689,across paths,ff49,vw
rolling120,1984-03,1994-02,120,20000,0.8334292346837613,3.0686896160643817,2.950239088559336,1.7121843680947122,2.616683254410228,1.3813271369255635,0.9991,0.94875,0.39075,across paths,ff49,vw
rolling120,1984-04,1994-03,120,20000,0.8250565805791796,2.8319045624563732,2.688183101955346,1.5980891273746698,2.3837009320077542,1.3839214759606664,0.9986,0.93165,0.3816,across paths,ff49,vw
rolling120,1984-05,1994-04,120,20000,0.8152804616077209,2.8567374434693003,2.697583057683118,1.599789108340803,2.3939457002891724,1.376335678756474,0.9987,0.934,0.37645,across paths,ff49,vw
rolling120,1984-06,1994-05,120,20000,0.8069947996476148,3.104903038460469,2.934267882000967,1.7028737439429276,2.611779494447064,1.3875834845586403,0.99915,0.9512,0.377,across paths,ff49,vw
rolling120,1984-07,1994-06,120,20000,0.799103209455605,2.8931739328300483,2.7129636334754474,1.6035256058213085,2.408331319479503,1.400115901676278,0.99875,0.93775,0.37115,across paths,ff49,vw
rolling120,1984-08,1994-07,120,20000,0.7894670684805403,3.091602777520672,2.908193729258726,1.6767848935262688,2.591768774419773,1.3827812792757534,0.99925,0.95465,0.37365,across paths,ff49,vw
rolling120,1984-09,1994-08,120,20000,0.7813032794147756,2.844486174125862,2.6678387055313135,1.5730647620543052,2.372019903681493,1.3812117112254643,0.9988,0.9397,0.372,across paths,ff49,vw
rolling120,1984-10,1994-09,120,20000,0.7726493174188085,2.768795211073414,2.6540673623738495,1.56474256707881,2.3608965554192674,1.37926755238137,0.99905,0.9398,0.3895,across paths,ff49,vw
rolling120,1984-11,1994-10,120,20000,0.7617677077475249,2.8278707749850067,2.677464014202036,1.5747565663889018,2.3801080938432078,1.3810397635771916,0.999,0.9452,0.3796,across paths,ff49,vw
rolling120,1984-12,1994-11,120,20000,0.7554713077198361,2.7265265810636166,2.575295441069995,1.5324483222077303,2.2872757833479014,1.3962978930907137,0.99875,0.93755,0.3797,across paths,ff49,vw
rolling120,1985-01,1994-12,120,20000,0.7519826922434458,2.683617707472135,2.572717408348154,1.5287275076737956,2.2837902982951066,1.3892324164959493,0.99875,0.9385,0.39,across paths,ff49,vw
rolling120,1985-02,1995-01,120,20000,0.7479791550430881,2.4665752352955397,2.294266946431251,1.4046446196245208,2.031432397351093,1.371703917219441,0.9974,0.91155,0.37135,across paths,ff49,vw
rolling120,1985-03,1995-02,120,20000,0.7448509362331084,2.5425129835736255,2.3644966550503623,1.4350881790991732,2.095294126915195,1.371170430089966,0.99765,0.92025,0.36985,across paths,ff49,vw
rolling120,1985-04,1995-03,120,20000,0.7420763770023662,2.644042065976878,2.4940564572239774,1.483993744801391,2.2197524364995074,1.3461649714368924,0.9984,0.9339,0.3786,across paths,ff49,vw
rolling120,1985-05,1995-04,120,20000,0.7372334323482694,2.7459554316953554,2.606458076594159,1.53424714103976,2.319393107907721,1.3448850543047066,0.99865,0.94475,0.3836,across paths,ff49,vw
rolling120,1985-06,1995-05,120,20000,0.7351624209049774,2.6648219980570103,2.5018665145899073,1.4877963149486932,2.2255211451786634,1.3421855628465855,0.9984,0.93705,0.37635,across paths,ff49,vw
rolling120,1985-07,1995-06,120,20000,0.7337818839216617,2.7141326063592914,2.5476393482459696,1.5117004347780256,2.2658305324164196,1.352467203612219,0.9985,0.94015,0.37655,across paths,ff49,vw
rolling120,1985-08,1995-07,120,20000,0.7308526161789994,2.8725130358196584,2.633571246489297,1.545153689339847,2.3445168975204673,1.346494988253577,0.9987,0.9477,0.3596,across paths,ff49,vw
rolling120,1985-09,1995-08,120,20000,0.7294755081800504,2.930091087788848,2.698666217441959,1.5723804480682517,2.407909316294149,1.3482908547768977,0.99865,0.9524,0.36185,across paths,ff49,vw
rolling120,1985-10,1995-09,120,20000,0.7265529352537028,3.245021896155735,2.96639758146733,1.6863487676935538,2.653062718405983,1.341556841026553,0.99935,0.9678,0.3541,across paths,ff49,vw
rolling120,1985-11,1995-10,120,20000,0.7234652101832042,3.014212774424955,2.7712086807962,1.6044924914382992,2.465971895517971,1.3447072068343795,0.99875,0.95735,0.35925,across paths,ff49,vw
rolling120,1985-12,1995-11,120,20000,0.720210480137137,2.9133606929529905,2.6860594074884516,1.5694603735230672,2.393388250370435,1.3484169075163845,0.99875,0.9513,0.3633,across paths,ff49,vw
rolling120,1986-01,1995-12,120,20000,0.7174759180226615,2.80104765287972,2.5830649863349255,1.5231830828170003,2.296562358339709,1.339611926593703,0.9981,0.9458,0.3643,across paths,ff49,vw
rolling120,1986-02,1996-01,120,20000,0.7152556329257751,2.856630604428597,2.6097044959338636,1.5434509851965943,2.326753751407524,1.377779996089099,0.99835,0.94715,0.3565,across paths,ff49,vw
rolling120,1986-03,1996-02,120,20000,0.7128669351379546,2.6435076166293014,2.4238752354150757,1.461021782408428,2.145974324780141,1.3748941173858829,0.99755,0.933,0.361,across paths,ff49,vw
rolling120,1986-04,1996-03,120,20000,0.70929136797713,2.4922559498599304,2.294286050589304,1.403824383325929,2.0350461502854484,1.3614730542491245,0.9966,0.91975,0.3654,across paths,ff49,vw
rolling120,1986-05,1996-04,120,20000,0.7082710985573268,2.6076791614232153,2.384664096743605,1.4390628923521027,2.117501109889848,1.3525593295623477,0.9975,0.92985,0.35875,across paths,ff49,vw
rolling120,1986-06,1996-05,120,20000,0.7070811395872898,2.5277068234333364,2.3420118888292403,1.4216740567547952,2.071952945553873,1.3588421768582306,0.99735,0.9261,0.3669,across paths,ff49,vw
rolling120,1986-07,1996-06,120,20000,0.7050432393012722,2.4474843115005656,2.283210134855047,1.3956655670646534,2.0252490567144106,1.3610290201568476,0.9971,0.9209,0.3708,across paths,ff49,vw
rolling120,1986-08,1996-07,120,20000,0.7038558832850459,2.4621404250577994,2.342395837385483,1.417082761145194,2.0804927778183884,1.3585808225384874,0.99745,0.92865,0.38425,across paths,ff49,vw
rolling120,1986-09,1996-08,120,20000,0.7030078562676834,2.353268084647178,2.2593313329693805,1.3777036388786204,2.0083205543133937,1.3324133465667318,0.99685,0.92035,0.39125,across paths,ff49,vw
rolling120,1986-10,1996-09,120,20000,0.70283831840245,2.849359019443119,2.67676272954798,1.5453867196718778,2.400327894612877,1.3306233270719723,0.9988,0.95545,0.3774,across paths,ff49,vw
rolling120,1986-11,1996-10,120,20000,0.7021603019507663,2.7098151767782466,2.506018808080058,1.470732821324862,2.2371281738538844,1.3358825000734231,0.9982,0.94415,0.3682,across paths,ff49,vw
rolling120,1986-12,1996-11,120,20000,0.7024994114839773,2.896109558440015,2.6559262913689703,1.5323789046633085,2.374214963336912,1.3272725548354043,0.9985,0.9553,0.36005,across paths,ff49,vw
rolling120,1987-01,1996-12,120,20000,0.7019911521313602,2.9574182864500242,2.769561459174234,1.5829437107561009,2.479715886200217,1.3219304107068057,0.99885,0.96225,0.3734,across paths,ff49,vw
rolling120,1987-02,1997-01,120,20000,0.7024996139374147,2.695857726363935,2.4633546170438794,1.4481607015432827,2.1969039629165534,1.2900600215068492,0.998,0.942,0.35915,across paths,ff49,vw
rolling120,1987-03,1997-02,120,20000,0.7018215298534007,2.5230717053813647,2.2789439922745127,1.374692216959552,2.0247253229083073,1.2980613853569047,0.9962,0.92265,0.35325,across paths,ff49,vw
rolling120,1987-04,1997-03,120,20000,0.7011439856989854,2.2922259687603908,2.058457284152995,1.2797010679104008,1.8237397771182764,1.2987093974797714,0.99395,0.8958,0.35055,across paths,ff49,vw
rolling120,1987-05,1997-04,120,20000,0.7009746165247821,2.497090462190117,2.213022818627575,1.3430766827403222,1.9697943913049452,1.288289275411993,0.9958,0.916,0.3407,across paths,ff49,vw
rolling120,1987-06,1997-05,120,20000,0.7028386054450622,2.7312970380736825,2.406600074269677,1.4215338026515452,2.1512416525769167,1.2892121262556173,0.9974,0.9374,0.3336,across paths,ff49,vw
rolling120,1987-07,1997-06,120,20000,0.7009744310163302,2.7341565434194597,2.4237929599649495,1.4264641760888603,2.157534064222115,1.2891237325786429,0.9974,0.93925,0.33925,across paths,ff49,vw
rolling120,1987-08,1997-07,120,20000,0.7004664752833969,2.8573156854075985,2.464715884007983,1.444266293370252,2.2016996901219468,1.2893335328791895,0.9977,0.9428,0.3183,across paths,ff49,vw
rolling120,1987-09,1997-08,120,20000,0.6994509682811378,2.5724403660121733,2.253612007583807,1.3585611192277658,2.005312922492264,1.313249286464715,0.99635,0.92235,0.33385,across paths,ff49,vw
rolling120,1987-10,1997-09,120,20000,0.699281784511274,2.8611703475709396,2.4658689961883336,1.4483230755430445,2.198066948808685,1.3080008330338673,0.99765,0.94185,0.3196,across paths,ff49,vw
rolling120,1987-11,1997-10,120,20000,0.6962413200857072,3.819355108930428,3.4559295601969033,1.840757151227297,3.12770922059919,1.2886573376885935,0.99965,0.9867,0.3468,across paths,ff49,vw
rolling120,1987-12,1997-11,120,20000,0.6969174501584867,4.380979923979133,3.8420178490798826,1.9969373209138415,3.48837029318315,1.294843501770212,0.9999,0.9922,0.32225,across paths,ff49,vw
rolling120,1988-01,1997-12,120,20000,0.6984387428222412,4.109948382243405,3.501823560909804,1.8578927879327507,3.170700071479069,1.297659338902771,0.99975,0.98795,0.303,across paths,ff49,vw
rolling120,1988-02,1998-01,120,20000,0.7008096813404898,3.9182641941247978,3.3628571275441486,1.8017007775786442,3.0488795151379033,1.3295633105001863,0.99975,0.98495,0.30925,across paths,ff49,vw
rolling120,1988-03,1998-02,120,20000,0.6996245660936864,4.020620923053174,3.3871796232094202,1.8100121498814745,3.0656729785869667,1.3156266583132052,0.9998,0.986,0.2964,across paths,ff49,vw
rolling120,1988-04,1998-03,120,20000,0.6987784766043923,4.377045121807305,3.6006038611613227,1.8942800301616562,3.27139657234695,1.3111395195600617,0.9998,0.9898,0.27625,across paths,ff49,vw
rolling120,1988-05,1998-04,120,20000,0.6982711766412415,4.384496238476148,3.6013743080298997,1.904290633678285,3.2684156836930787,1.3318898272272197,0.9999,0.9894,0.27535,across paths,ff49,vw
rolling120,1988-06,1998-05,120,20000,0.6964125573055484,4.228182550786945,3.484053348564144,1.8626267204883808,3.1555542685241385,1.32682842791196,0.9998,0.98675,0.28065,across paths,ff49,vw
rolling120,1988-07,1998-06,120,20000,0.6950620447711231,4.14524282570084,3.2675783134458745,1.780932818792402,2.9523176757588945,1.31967924637778,0.99955,0.98085,0.25295,across paths,ff49,vw
rolling120,1988-08,1998-07,120,20000,0.6932069375686081,4.078892726800004,3.1532039039214936,1.7446625496447332,2.8378086983029567,1.3220429912544813,0.99935,0.97755,0.24285,across paths,ff49,vw
rolling120,1988-09,1998-08,120,20000,0.6905136965902705,3.4053964667699868,2.576564376830595,1.5314672105154141,2.2894610506842805,1.3923057583893326,0.99825,0.9457,0.2407,across paths,ff49,vw
rolling120,1988-10,1998-09,120,20000,0.6878255412389052,3.520692131059553,2.621532477791199,1.6005466845933893,2.310232879594765,1.4978387951456653,0.99785,0.94435,0.2308,across paths,ff49,vw
rolling120,1988-11,1998-10,120,20000,0.6829605237758372,3.7663384657825496,2.8932036065077207,1.7303195660429393,2.5575422987405343,1.4913895464857212,0.9986,0.96055,0.2442,across paths,ff49,vw
rolling120,1988-12,1998-11,120,20000,0.6786096265283306,4.15811888087434,3.1865990252658727,1.8652902121280388,2.831699760967903,1.4783628744713417,0.99915,0.97265,0.23965,across paths,ff49,vw
rolling120,1989-01,1998-12,120,20000,0.6744393750463467,4.381396576040966,3.195355877711907,1.8969648453610946,2.843266305968533,1.508507475867788,0.99925,0.9715,0.21255,across paths,ff49,vw
rolling120,1989-02,1999-01,120,20000,0.6711088143799195,4.240577813640344,2.990419556788298,1.8325858854419657,2.6335067610696528,1.5495402762351118,0.99865,0.96015,0.19765,across paths,ff49,vw
rolling120,1989-03,1999-02,120,20000,0.6667902745554608,4.128180789989385,2.8757254016559797,1.7955942869508408,2.525861512093373,1.5921770388430019,0.99795,0.9537,0.1944,across paths,ff49,vw
rolling120,1989-04,1999-03,120,20000,0.6628166015059591,4.211945088886903,2.88983808062052,1.8225411227131019,2.5381409433529525,1.6322568669995428,0.99785,0.95385,0.1853,across paths,ff49,vw
rolling120,1989-05,1999-04,120,20000,0.6578613518739753,4.196560371903898,3.061325463232782,1.940361339710938,2.679515173402752,1.7256679011392737,0.9982,0.96085,0.2195,across paths,ff49,vw
rolling120,1989-06,1999-05,120,20000,0.6504594508089561,3.8874731354084124,2.8410282056867984,1.8430716438593835,2.4691936646058132,1.703243731291532,0.99675,0.95045,0.22335,across paths,ff49,vw
rolling120,1989-07,1999-06,120,20000,0.6453790970233264,4.1722232808502975,2.9970062020578396,1.9359171292675799,2.601124661881267,1.6855577261645849,0.99725,0.9567,0.2164,across paths,ff49,vw
rolling120,1989-08,1999-07,120,20000,0.6401504842025967,3.645316218776281,2.578426420805121,1.735070144002508,2.225520241018275,1.6757051950458188,0.99495,0.9296,0.21425,across paths,ff49,vw
rolling120,1989-09,1999-08,120,20000,0.6344521253632986,3.502096623110771,2.3937374872233215,1.6532750338834779,2.05985603018348,1.6740251317094934,0.9927,0.91225,0.1985,across paths,ff49,vw
rolling120,1989-10,1999-09,120,20000,0.6302299936932101,3.3997864886182114,2.2758157225821334,1.6099250802990948,1.944940804894633,1.6699962612866663,0.98955,0.89735,0.19065,across paths,ff49,vw
rolling120,1989-11,1999-10,120,20000,0.6255342577161436,3.828292953808793,2.473922483602362,1.74244337771989,2.114747049113136,1.7186366285771504,0.9919,0.91355,0.17435,across paths,ff49,vw
rolling120,1989-12,1999-11,120,20000,0.6202067544382974,3.9251151068194083,2.4667978886908983,1.7469598267441313,2.104901155997938,1.7205447423863096,0.992,0.91505,0.1634,across paths,ff49,vw
rolling120,1990-01,1999-12,120,20000,0.6174691026317722,4.23042482608486,2.5821201959033298,1.8248402385016025,2.1991897876369157,1.703150157476299,0.9931,0.9217,0.15085,across paths,ff49,vw
rolling120,1990-02,2000-01,120,20000,0.6148958197798176,4.393928458677789,2.724805148257151,1.922750658103739,2.3091761912896884,1.6788177054651965,0.9933,0.9316,0.15945,across paths,ff49,vw
rolling120,1990-03,2000-02,120,20000,0.612647779461938,4.457579890976083,2.5746497282525778,1.8764522379623847,2.163120311955299,1.7214012222494803,0.9904,0.9165,0.1352,across paths,ff49,vw
rolling120,1990-04,2000-03,120,20000,0.609923712266901,4.628545358430297,2.710905851220893,1.9576862028089832,2.2775941915968336,1.6997754821632238,0.99175,0.9246,0.13765,across paths,ff49,vw
rolling120,1990-05,2000-04,120,20000,0.6062462621346005,4.440021184296086,2.810876506591278,2.02677920942979,2.36973990397592,1.737626387478948,0.9927,0.92905,0.16875,across paths,ff49,vw
rolling120,1990-06,2000-05,120,20000,0.6033745465288767,3.791865420426146,2.4425887033519462,1.850706489335813,2.0319461531732044,1.8149601945017433,0.9866,0.89585,0.18275,across paths,ff49,vw
rolling120,1990-07,2000-06,120,20000,0.5997098725181285,4.058561566991956,2.4793743561887824,1.894909439729091,2.0579738227395072,1.8538615180505857,0.9858,0.89935,0.1611,across paths,ff49,vw
rolling120,1990-08,2000-07,120,20000,0.5965320618853946,4.018617468771126,2.563387612195966,1.9492250743868453,2.1282443039563397,1.8225742658033715,0.987,0.90495,0.1775,across paths,ff49,vw
rolling120,1990-09,2000-08,120,20000,0.593994359422632,4.9603704044285335,3.2412522280969824,2.334185116196828,2.7156681917777608,1.8125369157599873,0.99485,0.95105,0.17935,across paths,ff49,vw
rolling120,1990-10,2000-09,120,20000,0.5925683207312995,4.996956443528637,3.448398973544457,2.4634313500846394,2.8942854497561594,1.8282159599525396,0.99595,0.9588,0.2027,across paths,ff49,vw
rolling120,1990-11,2000-10,120,20000,0.5906701463323343,4.937448370273695,3.6374324015138715,2.6005493585659942,3.0482162609936303,1.9447327871805287,0.9963,0.96365,0.23305,across paths,ff49,vw
rolling120,1990-12,2000-11,120,20000,0.589721153503658,3.9873011422959275,3.16320699257097,2.365704240185357,2.619262460589146,1.9533769956986706,0.9926,0.94245,0.27515,across paths,ff49,vw
rolling120,1991-01,2000-12,120,20000,0.5881409137884455,3.9205198927678016,3.2316369825044267,2.4385087765828732,2.6726594125653076,1.9949141409168623,0.9923,0.9426,0.2941,across paths,ff49,vw
rolling120,1991-02,2001-01,120,20000,0.588456898848889,3.854108541682063,3.068648748275293,2.350194824128183,2.5129183271014286,1.940396689282785,0.99095,0.93145,0.2767,across paths,ff49,vw
rolling120,1991-03,2001-02,120,20000,0.5868760301199389,3.0732674537101756,2.619870160239202,2.1264195134396005,2.1137024871494714,1.9094146134105372,0.98065,0.8917,0.3118,across paths,ff49,vw
rolling120,1991-04,2001-03,120,20000,0.5865600452473538,2.6809537212626293,2.337457493215488,1.9739013105534597,1.8686361291724123,1.9382674465600875,0.97205,0.8616,0.3255,across paths,ff49,vw
rolling120,1991-05,2001-04,120,20000,0.5843505713954229,2.977265906106414,2.5686887163742402,2.126667752697013,2.060411668476736,1.9858602696919403,0.97795,0.8859,0.31755,across paths,ff49,vw
rolling120,1991-06,2001-05,120,20000,0.581985162957986,2.8577149382190314,2.488461997795817,2.0841618131961153,1.9900438859565792,1.9976226439008815,0.97605,0.87705,0.3248,across paths,ff49,vw
rolling120,1991-07,2001-06,120,20000,0.5797796468972998,2.973268611483657,2.58682660881081,2.151709346266371,2.071589397550504,2.0287030146636784,0.97795,0.8892,0.3236,across paths,ff49,vw
rolling120,1991-08,2001-07,120,20000,0.5767927016001513,2.7243939615138975,2.4098577225154227,2.045875790277767,1.9111008888211742,2.0002536107136484,0.97345,0.8687,0.334,across paths,ff49,vw
rolling120,1991-09,2001-08,120,20000,0.574438342599155,2.4029756462908147,2.246340771376552,1.94716798076561,1.7746307654810447,1.9769034980075788,0.96795,0.8483,0.36225,across paths,ff49,vw
rolling120,1991-10,2001-09,120,20000,0.5716173302393313,2.13347732212315,1.9652500308939997,1.7990883679260963,1.5281182116515493,1.9498203372747205,0.951,0.80025,0.35225,across paths,ff49,vw
rolling120,1991-11,2001-10,120,20000,0.5684872419496692,2.1639771997055113,2.0358695894085894,1.8483256728414974,1.5889874144203078,1.9389638953375676,0.95465,0.81165,0.3608,across paths,ff49,vw
rolling120,1991-12,2001-11,120,20000,0.5650499753570908,2.5425755734305393,2.372994348718377,2.072972259597622,1.8649087742441526,1.9714240547940995,0.9686,0.85685,0.3539,across paths,ff49,vw
rolling120,1992-01,2001-12,120,20000,0.5614639871688849,2.2409645810688814,2.143035788932632,1.9327043000087192,1.6766510486862287,1.9973898814225353,0.959,0.82795,0.36965,across paths,ff49,vw
rolling120,1992-02,2002-01,120,20000,0.5583516411709399,2.206849164426051,2.110458115585153,1.9126325496755419,1.6442892564949332,2.046508141800801,0.9569,0.82405,0.36875,across paths,ff49,vw
rolling120,1992-03,2002-02,120,20000,0.5560206405110313,2.0951662762016636,2.0743692854930416,1.8968647834226107,1.6118131460496474,2.111117085318362,0.9547,0.81865,0.3841,across paths,ff49,vw
rolling120,1992-04,2002-03,120,20000,0.5527640695073701,2.306812409122402,2.338000467540475,2.0579807442469216,1.8339765147504252,2.079567636069332,0.96665,0.8532,0.3954,across paths,ff49,vw
rolling120,1992-05,2002-04,120,20000,0.5501327906814506,2.0958364078698435,2.270608299270199,2.011317071592486,1.782465950577989,2.0167067987745577,0.96365,0.8443,0.42575,across paths,ff49,vw
rolling120,1992-06,2002-05,120,20000,0.5479686643282855,2.040432694068236,2.2524485787645063,2.004013968940313,1.7692792570955993,2.094497216376179,0.9621,0.84405,0.43585,across paths,ff49,vw
rolling120,1992-07,2002-06,120,20000,0.54503690549433,1.8825002273593139,2.1706348443473416,1.966127517561469,1.6948856178378622,2.122760887308325,0.9574,0.82995,0.4544,across paths,ff49,vw
rolling120,1992-08,2002-07,120,20000,0.5425724861455208,1.5465916121429775,1.7524251985029473,1.718333038275472,1.3319001139571405,2.055141467676876,0.93005,0.75925,0.4406,across paths,ff49,vw
rolling120,1992-09,2002-08,120,20000,0.5407261995074051,1.6183998758282518,1.8501705744447343,1.784152059221422,1.4112758843885536,2.066458297219696,0.9386,0.77855,0.44585,across paths,ff49,vw
rolling120,1992-10,2002-09,120,20000,0.5388821226677791,1.3177162035424042,1.5565152812530225,1.6157452258262521,1.1566543539917202,2.145317261604365,0.9086,0.71875,0.4508,across paths,ff49,vw
rolling120,1992-11,2002-10,120,20000,0.5375003069335667,1.4717727966272478,1.6151223300705875,1.6620553311068311,1.2025378368900355,2.0753168385136815,0.91275,0.7291,0.42575,across paths,ff49,vw
rolling120,1992-12,2002-11,120,20000,0.535812937545532,1.512270367598147,1.6516833978480054,1.6986314023874003,1.226899792347557,2.0962328995770716,0.91405,0.7342,0.4223,across paths,ff49,vw
rolling120,1993-01,2002-12,120,20000,0.5332093456091269,1.328186908779935,1.5147141202076813,1.617828935800262,1.1110384803180238,2.1195102112064665,0.89695,0.7036,0.43495,across paths,ff49,vw
rolling120,1993-02,2003-01,120,20000,0.5312207472360928,1.244642835244239,1.3932715991664002,1.5429730865187212,1.0087727725248592,2.115810161528056,0.88205,0.6744,0.4266,across paths,ff49,vw
rolling120,1993-03,2003-02,120,20000,0.5292345299427312,1.1969939490665409,1.3485870890690559,1.5137253979380914,0.9686281822575047,2.1077657417563023,0.8762,0.6624,0.42965,across paths,ff49,vw
rolling120,1993-04,2003-03,120,20000,0.5269463984764828,1.1674350951159527,1.2880136375035902,1.4784306744785007,0.9121286098570739,2.08778490030655,0.86655,0.6469,0.4223,across paths,ff49,vw
rolling120,1993-05,2003-04,120,20000,0.5248137917747004,1.414753288395465,1.5369564555108914,1.6389997427297762,1.1228155487951763,2.0933280274757715,0.8991,0.7109,0.4196,across paths,ff49,vw
rolling120,1993-06,2003-05,120,20000,0.5228358852397701,1.4857134519473827,1.625496275017355,1.7007089248884772,1.2048656122172932,2.1013481676823695,0.9084,0.73255,0.4207,across paths,ff49,vw
rolling120,1993-07,2003-06,120,20000,0.5205573278054962,1.5096929849994853,1.6769063090581193,1.7362306681050368,1.2491454889233446,2.1147556847304645,0.91455,0.744,0.4266,across paths,ff49,vw
rolling120,1993-08,2003-07,120,20000,0.5179785693684757,1.5724981147542287,1.75786367424774,1.786483109105339,1.3130488616549556,2.0617816030113576,0.9203,0.76045,0.42995,across paths,ff49,vw
rolling120,1993-09,2003-08,120,20000,0.5152530218125024,1.5336520818585462,1.7531961935904516,1.7852056611251532,1.3077547138405263,2.062770622224266,0.9193,0.7618,0.4375,across paths,ff49,vw
rolling120,1993-10,2003-09,120,20000,0.5125326393675969,1.500760652795074,1.7134874841435077,1.762725682339879,1.268143305739768,2.078331554773263,0.91675,0.75295,0.4369,across paths,ff49,vw
rolling120,1993-11,2003-10,120,20000,0.5102688208093737,1.6117251406355493,1.8395675320393774,1.846897552167676,1.3738533953163576,2.1013892960774143,0.9283,0.77755,0.4369,across paths,ff49,vw
rolling120,1993-12,2003-11,120,20000,0.5075571161934567,1.6924289872256293,1.9365351514852926,1.9079879786353424,1.4551538578809318,2.0957582281327634,0.9357,0.79545,0.4403,across paths,ff49,vw
rolling120,1994-01,2003-12,120,20000,0.5053009696562023,1.7582333470429803,1.9958564879126188,1.9521999531967742,1.50316901853478,2.1238468892429325,0.94,0.8056,0.4366,across paths,ff49,vw
rolling120,1994-02,2004-01,120,20000,0.5025981848727796,1.7341603252010613,1.9259870277034485,1.9088938907947572,1.4422741438003297,2.120897656427352,0.9359,0.7948,0.42615,across paths,ff49,vw
rolling120,1994-03,2004-02,120,20000,0.5003490108608952,1.840547886492931,2.0256716050457633,1.97084333107901,1.5247630377092927,2.1129914254281514,0.9415,0.8118,0.4226,across paths,ff49,vw
rolling120,1994-04,2004-03,120,20000,0.4976556547029716,1.9384260028163678,2.1745964726098266,2.0703515680909366,1.646745159472566,2.125420171172386,0.95115,0.8339,0.43195,across paths,ff49,vw
rolling120,1994-05,2004-04,120,20000,0.4948177712443744,1.8604172689129719,2.121700879402916,2.0436208103490285,1.600757716814724,2.1462752749837795,0.94735,0.82645,0.43725,across paths,ff49,vw
rolling120,1994-06,2004-05,120,20000,0.49094364225191445,1.8700559395911736,2.1371827389568256,2.054951270691102,1.6239268347025193,2.138135317702322,0.9481,0.82885,0.438,across paths,ff49,vw
rolling120,1994-07,2004-06,120,20000,0.48752506945042007,2.007554250257306,2.336974273572581,2.191346865418437,1.7909812439195807,2.1582508390453117,0.9582,0.854,0.44785,across paths,ff49,vw
rolling120,1994-08,2004-07,120,20000,0.4848550005184191,1.8021887611999703,2.122143917641606,2.0582866292597526,1.6047971172797695,2.175259215864669,0.94595,0.82645,0.44915,across paths,ff49,vw
rolling120,1994-09,2004-08,120,20000,0.4810086091650789,1.6891777957372622,1.9865241994248575,1.9647212723123495,1.4852918636903847,2.167133048084725,0.9374,0.80865,0.4475,across paths,ff49,vw
rolling120,1994-10,2004-09,120,20000,0.47717218156337604,1.788421588382473,2.1097889904977842,2.0466488770512448,1.590166096877051,2.16679816700133,0.9437,0.8271,0.4503,across paths,ff49,vw
rolling120,1994-11,2004-10,120,20000,0.4731989150857703,1.7829395838835396,2.1305936536425527,2.060377688188461,1.613068920586103,2.1733764613264412,0.94525,0.8314,0.4557,across paths,ff49,vw
rolling120,1994-12,2004-11,120,20000,0.46996982510550844,2.0238542208940107,2.4796787892940055,2.290983210243855,1.89773986239468,2.176338800341833,0.96375,0.8734,0.4729,across paths,ff49,vw
rolling120,1995-01,2004-12,120,20000,0.4658719402884084,2.0919133287285447,2.5283609503272944,2.3270103198655643,1.9366084425582164,2.1899551922786173,0.9648,0.87845,0.4662,across paths,ff49,vw
rolling120,1995-02,2005-01,120,20000,0.4620766136156844,1.9464222006598288,2.417923367116631,2.2559608057170872,1.8409808784597697,2.191264856171257,0.96135,0.8682,0.4757,across paths,ff49,vw
rolling120,1995-03,2005-02,120,20000,0.45858160975843587,1.8900598034733131,2.3848888798230017,2.2324831876209643,1.8179913164165646,2.189849163418387,0.95885,0.86545,0.48335,across paths,ff49,vw
rolling120,1995-04,2005-03,120,20000,0.45495185261689075,1.7667430773241333,2.2152316183303835,2.1217732200580213,1.6741883007481733,2.1842495693010555,0.9516,0.84705,0.47645,across paths,ff49,vw
rolling120,1995-05,2005-04,120,20000,0.45162012296633414,1.6331947766634367,2.0456606913446036,2.0134288625862204,1.5319467645768645,2.2041319740252163,0.9427,0.8247,0.47285,across paths,ff49,vw
rolling120,1995-06,2005-05,120,20000,0.4472886525377491,1.6446500903670191,2.095884936286309,2.049464430324753,1.5731660578070368,2.214699604644365,0.94535,0.8328,0.48125,across paths,ff49,vw
rolling120,1995-07,2005-06,120,20000,0.4438314088171458,1.5836532184310421,2.029893021287672,2.0039633546664923,1.5131109567709737,2.2156013991411183,0.94135,0.8263,0.48265,across paths,ff49,vw
rolling120,1995-08,2005-07,120,20000,0.4408129459415695,1.5836532184310421,2.049162626612489,2.0199583710696647,1.538979473879489,2.226225075141039,0.94135,0.8303,0.4877,across paths,ff49,vw
rolling120,1995-09,2005-08,120,20000,0.4383750221751712,1.5345479503713735,1.9944109185703416,1.981178727735975,1.4912976146614956,2.223474179537965,0.93875,0.824,0.48795,across paths,ff49,vw
rolling120,1995-10,2005-09,120,20000,0.43636991908740286,1.460799662384849,1.9480453027431617,1.9545614613418696,1.4430466679675837,2.2310293919536504,0.93565,0.81555,0.4953,across paths,ff49,vw
rolling120,1995-11,2005-10,120,20000,0.43351061796450585,1.4426470375511689,1.9308616331128607,1.9453422852975062,1.4329771784853096,2.2583910547723303,0.93345,0.81535,0.4977,across paths,ff49,vw
rolling120,1995-12,2005-11,120,20000,0.43194035140429765,1.431882354304633,1.9070579297881025,1.9300332839171286,1.4114198731230376,2.2489938772273024,0.9317,0.8123,0.49385,across paths,ff49,vw
rolling120,1996-01,2005-12,120,20000,0.42951792270752476,1.3971514431085166,1.8782225300686244,1.9082056290709755,1.389452464904127,2.2262069492499204,0.9307,0.80805,0.49745,across paths,ff49,vw
rolling120,1996-02,2006-01,120,20000,0.42837920485611947,1.4132585080198519,1.9294240449336164,1.9463351648385017,1.4285059168323087,2.2372773350890784,0.93315,0.8173,0.50465,across paths,ff49,vw
rolling120,1996-03,2006-02,120,20000,0.4276677897725176,1.3734013089098105,1.8682681154911391,1.905624672700418,1.3780427534344817,2.2170264274845257,0.92825,0.8073,0.5008,across paths,ff49,vw
rolling120,1996-04,2006-03,120,20000,0.4273833654693455,1.3900641678965204,1.8923008577410656,1.9196386496156572,1.3983063588977547,2.206400113421858,0.92965,0.8113,0.5025,across paths,ff49,vw
rolling120,1996-05,2006-04,120,20000,0.4259625180022244,1.3567263629795092,1.8679238621448553,1.9030870676430174,1.3721980468881192,2.190025418703228,0.92815,0.80875,0.5039,across paths,ff49,vw
rolling120,1996-06,2006-05,120,20000,0.426104517854645,1.2212111576359694,1.6936928650506096,1.7905921436577612,1.2283174644331871,2.2045922227141475,0.913,0.778,0.50185,across paths,ff49,vw
rolling120,1996-07,2006-06,120,20000,0.426104517854645,1.2386640104913744,1.7123411173942382,1.797908181116172,1.2483212977707798,2.1972658703725054,0.91615,0.78145,0.5031,across paths,ff49,vw
rolling120,1996-08,2006-07,120,20000,0.42539465995626013,1.3604412674913293,1.8269833299263396,1.878825297177543,1.3425037886002011,2.213780755581348,0.92535,0.8023,0.49445,across paths,ff49,vw
rolling120,1996-09,2006-08,120,20000,0.4255366173967494,1.3437411112084376,1.7878661969332958,1.8515873768056488,1.3094668406199972,2.2199550351434976,0.9222,0.79585,0.491,across paths,ff49,vw
rolling120,1996-10,2006-09,120,20000,0.42511082987661886,1.2726176256146302,1.6929356709110044,1.7908949927916225,1.2338678630681257,2.209011556990951,0.91355,0.77595,0.48795,across paths,ff49,vw
rolling120,1996-11,2006-10,120,20000,0.424968914836799,1.3251196025515264,1.805875724323131,1.8649251982553008,1.328896351162401,2.1955030919019927,0.92245,0.7954,0.50085,across paths,ff49,vw
rolling120,1996-12,2006-11,120,20000,0.42511082987661886,1.2261505138998854,1.7344924544256173,1.816383968534334,1.26395520185265,2.2002940888014733,0.9154,0.7837,0.5112,across paths,ff49,vw
rolling120,1997-01,2006-12,120,20000,0.42425967867422365,1.2822776380352723,1.7600142285164089,1.8306473571084358,1.2875096964356458,2.191767077600618,0.91795,0.7882,0.50155,across paths,ff49,vw
rolling120,1997-02,2007-01,120,20000,0.42411789075200623,1.2045489906531763,1.7163457007341452,1.8007200747214918,1.2605875856993003,2.200303029541405,0.91385,0.78225,0.51745,across paths,ff49,vw
rolling120,1997-03,2007-02,120,20000,0.42397603221124003,1.1716716210598106,1.688064709909942,1.7765991797879592,1.2399713073082308,2.197259538575591,0.91175,0.77695,0.5202,across paths,ff49,vw
rolling120,1997-04,2007-03,120,20000,0.42397603221124003,1.30209483024829,1.838929153776829,1.8744249036128076,1.3674075437233328,2.2074999022358965,0.92635,0.80615,0.51855,across paths,ff49,vw
rolling120,1997-05,2007-04,120,20000,0.42411782012642596,1.2901954217258997,1.870508860741937,1.8940128387781783,1.3914162255417826,2.2061024996501706,0.92835,0.81095,0.52815,across paths,ff49,vw
rolling120,1997-06,2007-05,120,20000,0.4229840811911081,1.213727415665662,1.7996786712524255,1.8449813341216779,1.3333609683370042,2.1985506077629693,0.92265,0.79765,0.5343,across paths,ff49,vw
rolling120,1997-07,2007-06,120,20000,0.4234094027257871,1.085951247230092,1.651423750177899,1.7495979563844857,1.2083788081715061,2.221744081337011,0.90845,0.7707,0.5388,across paths,ff49,vw
rolling120,1997-08,2007-07,120,20000,0.4229842082412525,0.8718188841860515,1.4125242669686369,1.5888455205232515,1.0101355805046683,2.194612226361783,0.87845,0.72095,0.5478,across paths,ff49,vw
rolling120,1997-09,2007-08,120,20000,0.4231259256208202,0.9699674187633487,1.4868809518345265,1.6359627871282127,1.0803500168948108,2.1826508154950472,0.89,0.7379,0.5345,across paths,ff49,vw
rolling120,1997-10,2007-09,120,20000,0.4214256556977367,0.9282513380483743,1.463621043086452,1.6240780122358174,1.0578030709500141,2.2039511082680203,0.88775,0.7331,0.54105,across paths,ff49,vw
rolling120,1997-11,2007-10,120,20000,0.4200101750607148,1.0378156088606865,1.6739900266537966,1.7615395091928447,1.2274984447853274,2.1857675401555747,0.9121,0.77765,0.55945,across paths,ff49,vw
rolling120,1997-12,2007-11,120,20000,0.41930292823580184,0.8832743593591592,1.5037206263242842,1.6476855257157175,1.0827544844551968,2.1782518706687544,0.8938,0.74465,0.56785,across paths,ff49,vw
rolling120,1998-01,2007-12,120,20000,0.416336630316519,0.8386943455485742,1.4525989604002665,1.6095532337761627,1.0450236389740382,2.1570065270074945,0.8874,0.7334,0.5718,across paths,ff49,vw
rolling120,1998-02,2008-01,120,20000,0.41323403090728217,0.7162122207208221,1.3351908278986415,1.530024403945594,0.9476221735778263,2.138556529913931,0.8711,0.7074,0.58515,across paths,ff49,vw
rolling120,1998-03,2008-02,120,20000,0.409573896949359,0.5503745475586359,1.1345930590847457,1.4027814911700431,0.7781718125580613,2.162227900050898,0.83435,0.65105,0.5925,across paths,ff49,vw
rolling120,1998-04,2008-03,120,20000,0.4064848815361817,0.4630876495886209,1.019087204313481,1.327528271465426,0.6811876176445425,2.1829614837974267,0.80995,0.6176,0.5942,across paths,ff49,vw
rolling120,1998-05,2008-04,120,20000,0.40298372430842044,0.5154389127250332,1.0911297475967212,1.3766941862415307,0.7443118253972081,2.1975792488052392,0.82535,0.6415,0.59325,across paths,ff49,vw
rolling120,1998-06,2008-05,120,20000,0.39990945718344184,0.5889298370860949,1.219118672324432,1.465312827780738,0.8465568329003252,2.2259295056188533,0.84885,0.6803,0.5969,across paths,ff49,vw
rolling120,1998-07,2008-06,120,20000,0.3965633933479267,0.4070311124930346,1.0124297615259579,1.330559532972759,0.6777698641617457,2.2314281238280005,0.8074,0.61725,0.61255,across paths,ff49,vw
rolling120,1998-08,2008-07,120,20000,0.39308589485851475,0.4274228677465557,1.0941112669145328,1.3880442016961445,0.7452057242403101,2.223983039231149,0.82125,0.6448,0.6303,across paths,ff49,vw
rolling120,1998-09,2008-08,120,20000,0.38892453103836555,0.7197417484607116,1.5600749011494355,1.6847548955006968,1.1421446960431332,2.202746047776993,0.89765,0.7646,0.64285,across paths,ff49,vw
rolling120,1998-10,2008-09,120,20000,0.3846385803652428,0.46415893821127563,1.1680119698271267,1.4237325529523208,0.8173827784817355,2.159147299352484,0.83675,0.6722,0.63875,across paths,ff49,vw
rolling120,1998-11,2008-10,120,20000,0.38132604787633073,0.13093655917008862,0.5740231527544116,1.0420301136944523,0.3099451919472851,2.1679390537162124,0.67485,0.46505,0.5978,across paths,ff49,vw
rolling120,1998-12,2008-11,120,20000,0.37747028779851877,-0.018855658527848762,0.36020562328164013,0.9161496134014983,0.12587124280498108,2.2384341818726505,0.57755,0.37305,0.5908,across paths,ff49,vw
rolling120,1999-01,2008-12,120,20000,0.37225571607742447,-0.0626953944276647,0.37121331020038134,0.9248230286060006,0.13640050759789413,2.2644076201393677,0.58425,0.3811,0.62445,across paths,ff49,vw
rolling120,1999-02,2009-01,120,20000,0.3674695725734174,-0.17030081577431055,0.2471977788329348,0.8408604974670335,0.030298184466864164,2.251509510834066,0.51825,0.3246,0.639,across paths,ff49,vw
rolling120,1999-03,2009-02,120,20000,0.36283639215812147,-0.2254589624352058,0.1458174462102982,0.7765288504354201,-0.05169999806934927,2.299327217063225,0.46645,0.2787,0.6301,across paths,ff49,vw
rolling120,1999-04,2009-03,120,20000,0.3572726868829563,-0.18729468457617637,0.2158581248211624,0.8215441855167346,0.006382727181612258,2.29511044171947,0.50365,0.31485,0.63655,across paths,ff49,vw
rolling120,1999-05,2009-04,120,20000,0.3524045174371271,-0.1448393500773857,0.3074100267569166,0.9008023342304494,0.07441255980981065,2.3879969820324622,0.5482,0.3565,0.6453,across paths,ff49,vw
rolling120,1999-06,2009-05,120,20000,0.3478219228992694,-0.08079840643279246,0.3992706498722513,0.9631226375241841,0.14820279725626384,2.3187073127256843,0.58885,0.39835,0.6433,across paths,ff49,vw
rolling120,1999-07,2009-06,120,20000,0.3425863596529477,-0.12222671824707976,0.3504191121003201,0.9262142493015088,0.10538918236729855,2.3006445707665026,0.56685,0.3817,0.6486,across paths,ff49,vw
rolling120,1999-08,2009-07,120,20000,0.3376375954262929,-0.023840735794435353,0.5431653568865368,1.0595629283938457,0.2616131206394092,2.2978140434570644,0.6498,0.46305,0.66405,across paths,ff49,vw
rolling120,1999-09,2009-08,120,20000,0.33257431934040804,0.018746701302797986,0.6511101843075873,1.1355559609105756,0.3480193746248089,2.327253102312827,0.6896,0.5072,0.67765,across paths,ff49,vw
rolling120,1999-10,2009-09,120,20000,0.32753020895740814,0.0862665861361227,0.8048184144997401,1.2358517437604264,0.4819503472617904,2.291699022001866,0.7409,0.56975,0.6951,across paths,ff49,vw
rolling120,1999-11,2009-10,120,20000,0.32237295443511105,-0.005649848321864548,0.709337575585851,1.162279774273523,0.4097558389063507,2.3624063666163595,0.715,0.54295,0.7175,across paths,ff49,vw
rolling120,1999-12,2009-11,120,20000,0.31762948827731297,0.01217313791810204,0.7983243683499023,1.216949800103934,0.48964595475682615,2.337437223732313,0.74415,0.57915,0.73785,across paths,ff49,vw
rolling120,2000-01,2009-12,120,20000,0.31198850181814075,-0.037358739043847344,0.7829242957140145,1.1979254839746842,0.4751328808778068,2.31504309253412,0.7416,0.5762,0.7607,across paths,ff49,vw
rolling120,2000-02,2010-01,120,20000,0.30663131343306493,-0.027497879466789943,0.7715634332369161,1.1722155738378652,0.4774241481932525,2.257917792453246,0.74175,0.5782,0.7566,across paths,ff49,vw
rolling120,2000-03,2010-02,120,20000,0.3010368549567508,-0.02277194827555129,0.9010539919874303,1.239759406675756,0.588896263207646,2.195225475347325,0.7809,0.62935,0.7939,across paths,ff49,vw
rolling120,2000-04,2010-03,120,20000,0.29508008225564497,-0.016946307921781645,0.8884429294680011,1.2221644738325081,0.5817604184531311,2.201964349138752,0.7808,0.6326,0.7894,across paths,ff49,vw
rolling120,2000-05,2010-04,120,20000,0.2892789072903348,0.06592406284658492,0.9523897931420641,1.257631171592356,0.6350589956589839,2.1596141238173026,0.79775,0.6596,0.76655,across paths,ff49,vw
rolling120,2000-06,2010-05,120,20000,0.28299287082692914,0.021561392454467976,0.8248603188246086,1.1616343068268011,0.538192623024567,2.1262692040893727,0.7678,0.62255,0.75625,across paths,ff49,vw
rolling120,2000-07,2010-06,120,20000,0.27800913357969326,-0.08178080017772626,0.698299068638114,1.075044759151103,0.43203326136470077,2.095631152059292,0.7297,0.57715,0.77825,across paths,ff49,vw
rolling120,2000-08,2010-07,120,20000,0.2720311848059822,0.0018895820101600957,0.8147056864805736,1.1447754745962515,0.5319473700867257,2.0713547741278617,0.76855,0.62575,0.76735,across paths,ff49,vw
rolling120,2000-09,2010-08,120,20000,0.2658292417158834,-0.1127132437940338,0.6162030339094602,1.013715341497267,0.36265096040941924,2.1014221430958635,0.7074,0.5516,0.77165,across paths,ff49,vw
rolling120,2000-10,2010-09,120,20000,0.25953221036718266,0.022521689385985644,0.8302272083429374,1.1378011764767633,0.5497223620585815,2.0497931397161904,0.7761,0.6441,0.7649,across paths,ff49,vw
rolling120,2000-11,2010-10,120,20000,0.25264336076791927,0.08631164955426729,0.8985142895948487,1.168726404167679,0.6081011968992946,1.9861295097087017,0.79805,0.67265,0.7565,across paths,ff49,vw
rolling120,2000-12,2010-11,120,20000,0.24641192429011682,0.2168238720093454,1.0039398859648525,1.2214532057886018,0.6985959166811692,1.9791269993409886,0.829,0.71205,0.72735,across paths,ff49,vw
rolling120,2001-01,2010-12,120,20000,0.2403348910274088,0.2784549001451455,1.0323169233060654,1.2303458211607115,0.728189554354786,2.011863697283663,0.8387,0.72795,0.7104,across paths,ff49,vw
rolling120,2001-02,2011-01,120,20000,0.23379642382784094,0.25628302597363395,1.0101698194060131,1.206907196566193,0.7107860913650196,1.9507051630502128,0.83645,0.727,0.71605,across paths,ff49,vw
rolling120,2001-03,2011-02,120,20000,0.22924865856766652,0.43898982133936104,1.1626204540670433,1.2765531219552482,0.8470078745239906,1.9738333609855938,0.87295,0.77685,0.68065,across paths,ff49,vw
rolling120,2001-04,2011-03,120,20000,0.22422981819709564,0.5515822416201808,1.3156608243957242,1.3573608001043704,0.9883565279840411,1.940174578491228,0.89945,0.81785,0.6775,across paths,ff49,vw
rolling120,2001-05,2011-04,120,20000,0.21947387010369113,0.47394583329686624,1.2179544092527486,1.2941682849338005,0.9079097169669462,1.934429046864838,0.88575,0.79885,0.68515,across paths,ff49,vw
rolling120,2001-06,2011-05,120,20000,0.21558400129953248,0.4408185358554424,1.1476886202000995,1.251858777905006,0.8458519977312114,1.96297730225645,0.87615,0.78385,0.67985,across paths,ff49,vw
rolling120,2001-07,2011-06,120,20000,0.21218986966447217,0.4396464239694515,1.148752129644517,1.2499162498672276,0.8475740439951933,1.968858148063647,0.8753,0.78775,0.6823,across paths,ff49,vw
rolling120,2001-08,2011-07,120,20000,0.20856417713307263,0.43202071203643677,1.1034923855775431,1.2194609190670096,0.8112157796642602,1.9686362175715146,0.8681,0.78075,0.67195,across paths,ff49,vw
rolling120,2001-09,2011-08,120,20000,0.20494968951329495,0.43415555283811,1.0301192395737793,1.174702458875397,0.7533909609897466,1.988810685842528,0.8552,0.7627,0.6492,across paths,ff49,vw
rolling120,2001-10,2011-09,120,20000,0.20158525081102407,0.4558947297154885,1.0135380078496437,1.1581630369269411,0.7440537527326583,2.024517615380549,0.85175,0.76035,0.6371,across paths,ff49,vw
rolling120,2001-11,2011-10,120,20000,0.19894756616546028,0.578235250820111,1.204471072155034,1.2626807826220703,0.9196732321695248,2.064412415859111,0.8884,0.81145,0.6447,across paths,ff49,vw
rolling120,2001-12,2011-11,120,20000,0.1969128143810126,0.46144291146044214,1.079128950216234,1.1833037737149268,0.8091355041029615,2.0310826237599446,0.86795,0.7865,0.6593,across paths,ff49,vw
rolling120,2002-01,2011-12,120,20000,0.19512013417974283,0.44693763099095496,0.9967948357804651,1.1316559928108336,0.7446519635763357,1.957076968004872,0.85175,0.7629,0.6371,across paths,ff49,vw
rolling120,2002-02,2012-01,120,20000,0.19344930515252945,0.5400283499047611,1.1079206861466302,1.1918626571829702,0.8347056438743072,1.8960280006407106,0.87285,0.79715,0.63115,across paths,ff49,vw
rolling120,2002-03,2012-02,120,20000,0.19189983536655286,0.6437673545646039,1.1598511697282576,1.2166734468158398,0.8864415189148556,1.8964390751342057,0.8835,0.81085,0.60325,across paths,ff49,vw
rolling120,2002-04,2012-03,120,20000,0.190352377276094,0.624080574903727,1.0845507843690543,1.176436755029171,0.8199219822314844,1.9133967134040843,0.86995,0.7923,0.58565,across paths,ff49,vw
rolling120,2002-05,2012-04,120,20000,0.18856952299160645,0.6960984727375659,1.0915451148470836,1.172965965932699,0.8235492451535703,1.8762106233323785,0.8739,0.79565,0.5549,across paths,ff49,vw
rolling120,2002-06,2012-05,120,20000,0.1870265427840081,0.6112763786362949,0.9537495669745273,1.0961949684117178,0.7052729162386526,1.868663098039039,0.84595,0.75625,0.54405,across paths,ff49,vw
rolling120,2002-07,2012-06,120,20000,0.18548541174873479,0.8018891601348197,1.1317878898921019,1.1926616600568922,0.8647891962485673,1.8688112616798582,0.881,0.8075,0.52695,across paths,ff49,vw
rolling120,2002-08,2012-07,120,20000,0.1837098469782672,0.9749065729663806,1.3680681253527829,1.313181626915027,1.0722817277007608,1.8385012824059894,0.9191,0.861,0.53735,across paths,ff49,vw
rolling120,2002-09,2012-08,120,20000,0.18217317551724088,1.0123874111456908,1.425859904131173,1.3392288207136454,1.1251879287289106,1.831251710583707,0.927,0.8723,0.541,across paths,ff49,vw
rolling120,2002-10,2012-09,120,20000,0.18063849893628192,1.3023684033531002,1.7376481219917566,1.505208040845176,1.396790776512597,1.842549152110956,0.95535,0.91485,0.53185,across paths,ff49,vw
rolling120,2002-11,2012-10,120,20000,0.17910581464567144,1.0949036453921295,1.6300147580093713,1.4392983913112176,1.3021872299081214,1.8545220203592228,0.95,0.9045,0.57645,across paths,ff49,vw
rolling120,2002-12,2012-11,120,20000,0.17781035280377155,0.9904349398479693,1.5103972937697243,1.3652951273294716,1.2025336266412239,1.8822082632104546,0.93965,0.8936,0.5801,across paths,ff49,vw
rolling120,2003-01,2012-12,120,20000,0.17663383661877097,1.1347335618782832,1.6476112913804828,1.4260493464787953,1.3317169566463163,1.8946981846897326,0.95465,0.9124,0.56945,across paths,ff49,vw
rolling120,2003-02,2013-01,120,20000,0.17545837824053034,1.3107128281297071,1.9094895172367117,1.563202021151577,1.567027446378835,1.8414975173817978,0.9691,0.93915,0.5831,across paths,ff49,vw
rolling120,2003-03,2013-02,120,20000,0.1744014169652619,1.3829446617755492,2.0110367407395686,1.6177201951116287,1.6565227038080135,1.8624091881385685,0.97405,0.9471,0.5859,across paths,ff49,vw
rolling120,2003-04,2013-03,120,20000,0.17322818877648527,1.4500599131448575,2.1504715931580702,1.6865984171624309,1.7832763224335375,1.842196977869578,0.98,0.9575,0.59925,across paths,ff49,vw
rolling120,2003-05,2013-04,120,20000,0.17205613264384145,1.2980059547376412,1.935921711571208,1.5718105355278247,1.593736590742403,1.828377616866687,0.97085,0.9429,0.59425,across paths,ff49,vw
rolling120,2003-06,2013-05,120,20000,0.17100223063626907,1.2256925960715037,1.8110332284123019,1.4995774687424288,1.4840044052906687,1.803266057872032,0.96415,0.93245,0.58595,across paths,ff49,vw
rolling120,2003-07,2013-06,120,20000,0.16983239823803076,1.1660601703296343,1.706684707993207,1.4477415117021888,1.4011457989495948,1.8147835355087356,0.9581,0.9214,0.57885,across paths,ff49,vw
rolling120,2003-08,2013-07,120,20000,0.1690140883761675,1.2348071972199803,1.765021465363714,1.4721120779036643,1.4517739641710579,1.8254073567373035,0.96275,0.92925,0.5734,across paths,ff49,vw
rolling120,2003-09,2013-08,120,20000,0.16819635093051621,1.1232850802493353,1.6027777757649895,1.3852919908094847,1.3085550506473376,1.8125568376323338,0.95065,0.9108,0.5651,across paths,ff49,vw
rolling120,2003-10,2013-09,120,20000,0.16726254089779768,1.229191549751858,1.7636574717281892,1.471447355512109,1.4542914351540166,1.815122289104823,0.96245,0.9279,0.5741,across paths,ff49,vw
rolling120,2003-11,2013-10,120,20000,0.1664460286777234,1.187610774730579,1.6899826415272328,1.4303238814887789,1.3869120672877422,1.8074835431433969,0.95845,0.921,0.56665,across paths,ff49,vw
rolling120,2003-12,2013-11,120,20000,0.16563008761639186,1.2240637643706354,1.6823495339168228,1.4242650172934992,1.3776040428104221,1.7731409221464816,0.9584,0.9203,0.5519,across paths,ff49,vw
rolling120,2004-01,2013-12,120,20000,0.1646983289532291,1.1908210751647497,1.6292974737656787,1.3899072506128443,1.3330798453882293,1.7553109018750128,0.95345,0.91555,0.5498,across paths,ff49,vw
rolling120,2004-02,2014-01,120,20000,0.16388361042593091,1.0720855169920576,1.5097783579580646,1.3228384322603592,1.230353276647996,1.7323405781075285,0.9446,0.90185,0.55725,across paths,ff49,vw
rolling120,2004-03,2014-02,120,20000,0.16318569900652724,1.1374381057400837,1.5759743903942598,1.3566834426028502,1.2940313766141813,1.7363714239889796,0.95045,0.90945,0.55435,across paths,ff49,vw
rolling120,2004-04,2014-03,120,20000,0.16213977321063777,1.1733614352483204,1.5915231612853478,1.3652699761704945,1.2981936581082019,1.7472441468375994,0.9528,0.9125,0.546,across paths,ff49,vw
rolling120,2004-05,2014-04,120,20000,0.161210804566984,1.2076415840692731,1.6351859089572556,1.3839450157867628,1.3438131217997331,1.7546903209527769,0.9561,0.9191,0.54695,across paths,ff49,vw
rolling120,2004-06,2014-05,120,20000,0.16051449586946243,1.2253044612235193,1.6476237576194532,1.3885005699907125,1.3514483600873581,1.740683077962203,0.95735,0.9204,0.54525,across paths,ff49,vw
rolling120,2004-07,2014-06,120,20000,0.15958682640833555,1.2399316954923303,1.6371431614817398,1.3824987644955455,1.343759383437448,1.7243385183650513,0.95695,0.92035,0.53705,across paths,ff49,vw
rolling120,2004-08,2014-07,120,20000,0.15842839801032516,1.2844691672640391,1.6630685235462486,1.395758414676164,1.3663900203104646,1.7304146652098928,0.95815,0.92325,0.52845,across paths,ff49,vw
rolling120,2004-09,2014-08,120,20000,0.15715552693070123,1.3770519664164844,1.7729235176045208,1.4525230833092677,1.4681514449003334,1.7353082656933978,0.96485,0.9347,0.5288,across paths,ff49,vw
rolling120,2004-10,2014-09,120,20000,0.15588405447078313,1.2912808454180724,1.617359735473791,1.3718292239144687,1.3298686300264246,1.7267820751326242,0.9543,0.91785,0.51355,across paths,ff49,vw
rolling120,2004-11,2014-10,120,20000,0.15461397909377972,1.3133970202285687,1.633735911541232,1.3839160219750062,1.3419630943098373,1.747441307753257,0.95445,0.9208,0.5106,across paths,ff49,vw
rolling120,2004-12,2014-11,120,20000,0.1528846521156062,1.2665456476370083,1.5385832254330731,1.3327372225963607,1.2621491665056472,1.7390499058944764,0.9468,0.91005,0.4987,across paths,ff49,vw
rolling120,2005-01,2014-12,120,20000,0.15104298334225819,1.1871137042027318,1.43801210326936,1.2823785312130793,1.162291620495895,1.7567551747018,0.9384,0.8948,0.49135,across paths,ff49,vw
rolling120,2005-02,2015-01,120,20000,0.14920425653180724,1.1756628471126653,1.4149693637949978,1.2743145207075153,1.145314371037081,1.7306103994168338,0.9342,0.8905,0.4882,across paths,ff49,vw
rolling120,2005-03,2015-02,120,20000,0.14736846698463157,1.2628684629955633,1.5074668564450147,1.3195198707078188,1.2296169377209327,1.714025644412604,0.94415,0.90525,0.48945,across paths,ff49,vw
rolling120,2005-04,2015-03,120,20000,0.1449640424953913,1.2771452356327617,1.5146257175681432,1.3285306677584814,1.2362245934645806,1.7200754630904942,0.94315,0.9043,0.4847,across paths,ff49,vw
rolling120,2005-05,2015-04,120,20000,0.14256465671628704,1.3469061398801188,1.6238628326715054,1.391871346604562,1.330630828132381,1.7336826552574833,0.9514,0.91905,0.49405,across paths,ff49,vw
rolling120,2005-06,2015-05,120,20000,0.13982906695559372,1.2899785869635902,1.5332748800517568,1.345479200022726,1.2502216417360466,1.7643061517295284,0.94345,0.9081,0.48665,across paths,ff49,vw
rolling120,2005-07,2015-06,120,20000,0.1372134759608834,1.2370508009540164,1.4565585104414451,1.3081872839139188,1.1850626925605876,1.765455775835656,0.9352,0.8994,0.48215,across paths,ff49,vw
rolling120,2005-08,2015-07,120,20000,0.1344906982849996,1.1814252098012625,1.3296308798989787,1.2529125108338401,1.0663589406500167,1.763918012036174,0.91905,0.87715,0.45655,across paths,ff49,vw
rolling120,2005-09,2015-08,120,20000,0.13109740606679887,1.0687219093554265,1.2337614854769205,1.2010537182612564,0.9832448670091539,1.7701974341166116,0.90695,0.8612,0.4669,across paths,ff49,vw
rolling120,2005-10,2015-09,120,20000,0.12782670861182477,0.9900952852328573,1.103765307029186,1.137056448375773,0.8638070168517197,1.765958046941072,0.88125,0.83305,0.4498,across paths,ff49,vw
rolling120,2005-11,2015-10,120,20000,0.12478977621604148,1.182966171066277,1.3057989352417994,1.2499419263097489,1.0362197666754884,1.7455891847600438,0.91055,0.87135,0.44905,across paths,ff49,vw
rolling120,2005-12,2015-11,120,20000,0.1213137037344647,1.1125953408788996,1.2282548859839386,1.2069446457184185,0.9700783149108657,1.7276166773281676,0.90055,0.8587,0.44585,across paths,ff49,vw
rolling120,2006-01,2015-12,120,20000,0.11784871920338724,1.0657332140128797,1.154245065354041,1.1680521324143922,0.9058891440502926,1.7247143196918264,0.89095,0.84625,0.4378,across paths,ff49,vw
rolling120,2006-02,2016-01,120,20000,0.11406128956184114,0.883697717982145,0.9460544645237006,1.0539506745245673,0.7193122021327716,1.722252577869117,0.8513,0.79715,0.42785,across paths,ff49,vw
rolling120,2006-03,2016-02,120,20000,0.11050837335036223,0.8821913623500128,0.9903199552891041,1.0795641858386866,0.756313297204652,1.7296262022150224,0.86085,0.80985,0.44625,across paths,ff49,vw
rolling120,2006-04,2016-03,120,20000,0.1066359221132136,0.9770032406773443,1.088245940535422,1.1330535233155006,0.8469916951792188,1.7291491916813249,0.87935,0.83555,0.4474,across paths,ff49,vw
rolling120,2006-05,2016-04,120,20000,0.10277658998149164,0.9738741426606428,1.1107845174407596,1.1572960762857716,0.8575592049376592,1.8071746919180274,0.88285,0.84035,0.45225,across paths,ff49,vw
rolling120,2006-06,2016-05,120,20000,0.09816475917603262,1.0741266540871965,1.1974115363450317,1.208785899715644,0.9310612617846354,1.8356111855935793,0.8954,0.8593,0.4462,across paths,ff49,vw
rolling120,2006-07,2016-06,120,20000,0.09400835869309576,1.0728828000217754,1.2148674843529246,1.2216097735098457,0.9533893749791407,1.853220302976115,0.8981,0.86385,0.4514,across paths,ff49,vw
rolling120,2006-08,2016-07,120,20000,0.08986768960640878,1.1629719551366424,1.3607266746793607,1.297018502944535,1.0793307585771281,1.8432859350743123,0.91835,0.891,0.46995,across paths,ff49,vw
rolling120,2006-09,2016-08,120,20000,0.08552645204573817,1.1220137746294205,1.3114828287777993,1.2720440908314525,1.0391822164853888,1.847527159905342,0.91255,0.88595,0.4674,across paths,ff49,vw
rolling120,2006-10,2016-09,120,20000,0.08131018557528868,1.0813375203675757,1.2806690379164516,1.2505488402120724,1.0100231532178625,1.829827511283959,0.90925,0.8835,0.4734,across paths,ff49,vw
rolling120,2006-11,2016-10,120,20000,0.07711029540125858,0.9684636724039966,1.1261363202914225,1.1667912158786522,0.8725247874300535,1.8476810424284353,0.8875,0.85535,0.46285,across paths,ff49,vw
rolling120,2006-12,2016-11,120,20000,0.07271261345429059,1.0214726334215345,1.1848349271088074,1.2074252932046647,0.9235572186513494,1.8689431537285919,0.89425,0.8663,0.462,across paths,ff49,vw
rolling120,2007-01,2016-12,120,20000,0.06875938967960882,1.033252078890361,1.1916932048439706,1.2107271472596668,0.9273088552993376,1.8445906581492066,0.894,0.86855,0.4612,across paths,ff49,vw
year,1927-01,1927-12,12,20000,0.031340782429983394,0.32583722609273513,0.3344537226467737,0.11686820515200737,0.3278766462844721,0.28454948936930785,0.9993,0.998,0.50655,across paths,ff12,ew
year,1928-01,1928-12,12,20000,0.035355979534331006,0.3907859670535341,0.43817452375825205,0.15517103334495108,0.42344430874204786,0.5847129151028256,1.0,0.99935,0.5929,across paths,ff12,ew
year,1929-01,1929-12,12,20000,0.04739767766948333,-0.1485230019924365,-0.23589683162695346,0.11760216530387067,-0.24520395806268758,0.5168589902684827,0.03465,0.01535,0.2151,across paths,ff12,ew
year,1930-01,1930-12,12,20000,0.024261799957746355,-0.2872601404747538,-0.347006103655372,0.09538335901431481,-0.3540829735706894,0.45529236807038537,0.0015,0.0006,0.2496,across paths,ff12,ew
year,1931-01,1931-12,12,20000,0.010852440211584602,-0.4376338865587708,-0.4320091156988576,0.09183712166460806,-0.4413597578911705,0.5730643049081657,0.0002,0.00015,0.48355,across paths,ff12,ew
year,1932-01,1932-12,12,20000,0.009436727769233544,-0.08658574309335187,0.0521977089987301,0.18961856241471584,0.03837681953720973,0.4869396671630437,0.5819,0.5623,0.75485,across paths,ff12,ew
year,1933-01,1933-12,12,20000,0.003003642310775989,0.5679565173050354,0.9854981789966912,0.42859171432863,0.9535596424359908,0.4611510363267259,0.99775,0.99775,0.8368,across paths,ff12,ew
year,1934-01,1934-12,12,20000,0.0018014106441925914,0.03263777211935448,0.1469042170871711,0.1583329244810647,0.13735527922462387,0.3372222298575972,0.8244,0.82045,0.7586,across paths,ff12,ew
year,1935-01,1935-12,12,20000,0.0014008903400870576,0.45004656526311426,0.6344374681421041,0.2735963307124225,0.6001410046683618,0.755396489315132,0.99945,0.99945,0.7396,across paths,ff12,ew
year,1936-01,1936-12,12,20000,0.0018014506902155336,0.3215330595896724,0.43911316912520115,0.1681095761096222,0.42949430739026007,0.34373202732417596,0.99915,0.9991,0.74785,across paths,ff12,ew
year,1937-01,1937-12,12,20000,0.0029037227913610852,-0.34728916228237694,-0.44802884465713505,0.06545552789619456,-0.45240205672043243,0.4644826043971798,0.0,0.0,0.0709,across paths,ff12,ew
year,1938-01,1938-12,12,20000,-0.0004001399919975057,0.28167847492774056,0.3325460119265835,0.18079566104438966,0.319732748712946,0.41444895402707993,0.98115,0.9813,0.5875,across paths,ff12,ew
year,1939-01,1939-12,12,20000,9.99699970003487e-05,0.025054688210840448,0.05966519514954389,0.19901068506031827,0.02881654507740561,0.7278293499471171,0.5609,0.56075,0.50875,across paths,ff12,ew
year,1940-01,1940-12,12,20000,-0.00020000999799996144,-0.07206559093168252,-0.07781647632778298,0.09961791419905736,-0.08425857133935538,0.5553505626381722,0.1713,0.1717,0.44215,across paths,ff12,ew
year,1941-01,1941-12,12,20000,0.00039999998799933323,-0.10550183945566882,-0.10141936902171488,0.08950556327689689,-0.10516812792459607,0.29103189627725906,0.1297,0.1287,0.5018,across paths,ff12,ew
year,1942-01,1942-12,12,20000,0.0028035526933587462,0.1649378017045231,0.3898440936852632,0.1875226850053216,0.3631875716960189,0.8789022370354904,0.99715,0.99695,0.91675,across paths,ff12,ew
year,1943-01,1943-12,12,20000,0.0035056154485657576,0.28319964874993087,0.6592673799599305,0.21061109696309954,0.6304717544879488,0.7145723319344157,1.0,1.0,0.98935,across paths,ff12,ew
year,1944-01,1944-12,12,20000,0.003304984546793177,0.21344771087952652,0.360584927342076,0.10205294111814751,0.3511512521595058,0.5506247332309236,1.0,1.0,0.9451,across paths,ff12,ew
year,1945-01,1945-12,12,20000,0.003204684138460978,0.38735699571189386,0.6083055997559014,0.12068128786465325,0.6027198363239108,0.2360539475618799,1.0,1.0,0.973,across paths,ff12,ew
year,1946-01,1946-12,12,20000,0.003605945944011646,-0.06396093599835928,-0.09239904091464145,0.0771562613426392,-0.09666243210367698,0.3044308736417558,0.11935,0.11015,0.3391,across paths,ff12,ew
year,1947-01,1947-12,12,20000,0.005011295205622046,0.03433766682547601,-0.019687673308615736,0.0744534697440969,-0.02422287824891234,0.3975712678550708,0.3719,0.34585,0.21975,across paths,ff12,ew
year,1948-01,1948-12,12,20000,0.008129886047645751,0.018551882838878653,-0.008514010478373281,0.06981423328123414,-0.013779829210783634,0.45797172493426647,0.42,0.3754,0.325,across paths,ff12,ew
year,1949-01,1949-12,12,20000,0.011156624285102223,0.20198664134954614,0.24659558171685284,0.09338819419975412,0.24011974081215348,0.424279898924335,0.99925,0.99875,0.6671,across paths,ff12,ew
year,1950-01,1950-12,12,20000,0.012167285608503553,0.30066784084275433,0.3221195304547672,0.1304705559510717,0.3101435923846705,0.49468625566592966,0.9996,0.9991,0.5296,across paths,ff12,ew
year,1951-01,1951-12,12,20000,0.014900682357238404,0.20694463164474208,0.17922114779556322,0.07798590723105228,0.17600174856402917,0.2205891331189015,0.994,0.98755,0.34855,across paths,ff12,ew
year,1952-01,1952-12,12,20000,0.016523610223636576,0.13474905746088828,0.10195399959720566,0.05413950377908832,0.10040774221944582,0.1604926582461897,0.97585,0.94865,0.26505,across paths,ff12,ew
year,1953-01,1953-12,12,20000,0.01825047080823472,0.007186150650095646,-0.0072650551912445795,0.0574348063872419,-0.010650543690476189,0.3741041842696412,0.42425,0.30855,0.37775,across paths,ff12,ew
year,1954-01,1954-12,12,20000,0.00863377969622614,0.5030563197321554,0.5562156451058616,0.08748556443455542,0.5559179771056826,0.047004022691816576,1.0,1.0,0.7257,across paths,ff12,ew
year,1955-01,1955-12,12,20000,0.015711204189441386,0.25355601474255596,0.19035124716277332,0.0676443083255033,0.18865995810135927,0.1298026549782891,0.9988,0.997,0.1741,across paths,ff12,ew
year,1956-01,1956-12,12,20000,0.02467423803643598,0.0833752446150553,0.05351447685828259,0.060369164324204104,0.04909189968438987,0.40760610138550096,0.81385,0.6703,0.2902,across paths,ff12,ew
year,1957-01,1957-12,12,20000,0.031546885166551686,-0.10004075784085131,-0.09821188407510867,0.06725130192572254,-0.10208718550543544,0.30597750330005574,0.08145,0.03585,0.49025,across paths,ff12,ew
year,1958-01,1958-12,12,20000,0.015303139073847838,0.44980999895087215,0.6235440471224111,0.11827477333874468,0.6176797979540691,0.2762477163062796,1.0,1.0,0.93815,across paths,ff12,ew
year,1959-01,1959-12,12,20000,0.02969530696561873,0.12760655494675488,0.18902350998290254,0.0882822875460837,0.18432172225820898,0.28222791710397604,0.99045,0.9731,0.7502,across paths,ff12,ew
year,1960-01,1960-12,12,20000,0.026718544210524664,0.012009681750978718,0.016027872936291026,0.09300757312910828,0.0028513825820415395,0.879099637141276,0.51455,0.39405,0.45865,across paths,ff12,ew
year,1961-01,1961-12,12,20000,0.021203049199982615,0.26938753950174754,0.3033711460444816,0.08325210780854984,0.3011867162629315,0.14638093848164047,1.0,0.99995,0.6465,across paths,ff12,ew
year,1962-01,1962-12,12,20000,0.027336311308160388,-0.1018704309519155,-0.12322422013269042,0.05933750226331143,-0.1244425077615719,0.14291830868200497,0.02355,0.0081,0.34855,across paths,ff12,ew
year,1963-01,1963-12,12,20000,0.0311354082386468,0.20958714314537952,0.17756186996016282,0.058658219236222935,0.17486463034451116,0.22611143950040732,0.9996,0.99685,0.2832,across paths,ff12,ew
year,1964-01,1964-12,12,20000,0.03525706968952491,0.16073359896318462,0.1787369816460166,0.05737769917180351,0.17656966114220451,0.25849233343963857,0.99985,0.9968,0.6093,across paths,ff12,ew
year,1965-01,1965-12,12,20000,0.03918636823954258,0.1443528724471268,0.34378099833493875,0.09192546962296108,0.33685000015716715,0.42642988958998734,1.0,1.0,0.99445,across paths,ff12,ew
year,1966-01,1966-12,12,20000,0.04750339219432975,-0.08806073452750662,-0.05014322238661141,0.0879305967054993,-0.05482690365130716,0.30832946568924197,0.2736,0.1326,0.6536,across paths,ff12,ew
year,1967-01,1967-12,12,20000,0.042089732130200286,0.28695714774520886,0.6969457502735679,0.1519665082462855,0.6973191094504486,0.035352402222199056,1.0,1.0,0.9973,across paths,ff12,ew
year,1968-01,1968-12,12,20000,0.052208763937099834,0.14135085333978803,0.40578316404640064,0.12775459403899483,0.4022480835694089,0.21228748894976843,0.99985,0.9988,0.9869,across paths,ff12,ew
year,1969-01,1969-12,12,20000,0.06569703672500249,-0.1095418650330422,-0.21767516935112957,0.06806707685187897,-0.22339069868502992,0.48139318970115824,0.0033,0.0004,0.06875,across paths,ff12,ew
year,1970-01,1970-12,12,20000,0.06516705987919003,0.00089937643527227,-0.09402160882876166,0.09213921062131743,-0.0993975189947458,0.3966252651873059,0.14835,0.0519,0.1469,across paths,ff12,ew
year,1971-01,1971-12,12,20000,0.04385608936775598,0.1616277679367737,0.20589545636605266,0.0940225118709362,0.2024840798135047,0.21915292508621503,0.9903,0.96515,0.67185,across paths,ff12,ew
year,1972-01,1972-12,12,20000,0.03835711405871445,0.16916061329614052,0.07137224640687262,0.08198190637061394,0.06675943309524912,0.2873679510649718,0.80865,0.63745,0.1219,across paths,ff12,ew
year,1973-01,1973-12,12,20000,0.06940964906929548,-0.1931202152998398,-0.3512774546589916,0.0761623482635079,-0.3591316694182194,0.6157729091938781,0.00025,0.0001,0.03195,across paths,ff12,ew
year,1974-01,1974-12,12,20000,0.08009299500444977,-0.27804949151668024,-0.2318143794207226,0.06949905141095805,-0.23777208816444717,0.49011451928108607,0.0028,5e-05,0.73855,across paths,ff12,ew
year,1975-01,1975-12,12,20000,0.05798431629002354,0.3832883780080134,0.6547243801205246,0.1381474634826716,0.6548046893091221,0.06436634646791793,1.0,1.0,0.97775,across paths,ff12,ew
year,1976-01,1976-12,12,20000,0.05084710391799252,0.2698032315995835,0.49521818218694114,0.11783859621367418,0.49221393910793554,0.19984048770252996,1.0,1.0,0.97655,across paths,ff12,ew
year,1977-01,1977-12,12,20000,0.05126495522821517,-0.031175019766812806,0.22571361475178955,0.05921613761389592,0.22230082964107734,0.40692932016277217,1.0,0.99985,1.0,across paths,ff12,ew
year,1978-01,1978-12,12,20000,0.07196501341871309,0.0824594010034132,0.23785307784248752,0.10915018139823725,0.2309154686302003,0.39295109370135783,0.993,0.9504,0.93575,across paths,ff12,ew
year,1979-01,1979-12,12,20000,0.1038334430458423,0.23466553545879343,0.43478143821014137,0.1249583402203876,0.4201306763032725,0.7239353331806888,1.0,0.99975,0.97255,across paths,ff12,ew
year,1980-01,1980-12,12,20000,0.11258733475368765,0.33252237086475556,0.42063137852503213,0.17018832323849595,0.40286645663019593,0.6610776140345943,0.99895,0.9848,0.67875,across paths,ff12,ew
year,1981-01,1981-12,12,20000,0.1471747478188743,-0.03259492110308704,0.023617840639946427,0.09612102418885096,0.02305806411749156,0.048723974206715266,0.59575,0.0966,0.7193,across paths,ff12,ew
year,1982-01,1982-12,12,20000,0.10534507994232367,0.21455435824057512,0.2653868537353458,0.12376457326425255,0.27527443503801874,-0.3407323924243826,0.97755,0.8881,0.6751,across paths,ff12,ew
year,1983-01,1983-12,12,20000,0.087957322322191,0.22550771908568645,0.350887126333757,0.12799601175078193,0.3481676561412834,0.14066177314348657,0.9983,0.9834,0.8373,across paths,ff12,ew
year,1984-01,1984-12,12,20000,0.09837053073148505,0.03850526910283558,-0.08641673899404784,0.0679351727591851,-0.08828096650558204,0.16718620587587243,0.1031,0.00505,0.03795,across paths,ff12,ew
year,1985-01,1985-12,12,20000,0.0772029093125699,0.3262386133802917,0.25322655291729235,0.0990539822551719,0.2541163331198434,-0.05432756914187511,0.99335,0.95915,0.2289,across paths,ff12,ew
year,1986-01,1986-12,12,20000,0.06157040643142642,0.16417506145248417,0.08236149231144418,0.08554644803120696,0.08118170772113287,0.10783675380743825,0.8442,0.5994,0.1599,across paths,ff12,ew
year,1987-01,1987-12,12,20000,0.05472425335115183,0.016447656023945934,-0.059839367752762544,0.1163805103434098,-0.08059802569683333,1.0072015900677542,0.25315,0.152,0.21825,across paths,ff12,ew
year,1988-01,1988-12,12,20000,0.06357536181976098,0.17992730438092464,0.21839166625484072,0.0676826171455363,0.21905060160443635,-0.02303740164880184,0.99925,0.9881,0.7179,across paths,ff12,ew
year,1989-01,1989-12,12,20000,0.08375046134037079,0.2885742032222962,0.15818241350488715,0.06866448694006333,0.15401233544750204,0.3700634445423066,0.99555,0.86755,0.03715,across paths,ff12,ew
year,1990-01,1990-12,12,20000,0.07838118061963528,-0.06023993422837459,-0.20044047274501064,0.08163071039602791,-0.2099392692302205,0.6543902904662506,0.0192,0.003,0.0593,across paths,ff12,ew
year,1991-01,1991-12,12,20000,0.05598602000744668,0.34816431124513314,0.5035817154187715,0.1477214960071331,0.49506030127577805,0.33690164311282467,1.0,0.99975,0.8574,across paths,ff12,ew
year,1992-01,1992-12,12,20000,0.03504994804571826,0.0977917454354833,0.2487373592670537,0.12703861276630646,0.24732530467582048,0.08475456672977898,0.97805,0.9563,0.8813,across paths,ff12,ew
year,1993-01,1993-12,12,20000,0.028977781780637812,0.11160181432651584,0.2739309480008684,0.12183963399297967,0.2686958887161198,0.26675853581719733,0.9904,0.9813,0.9174,across paths,ff12,ew
year,1994-01,1994-12,12,20000,0.03908056138318705,-0.0014820664936643357,-0.051369313370368125,0.05956140972027881,-0.0540056794725286,0.22922036100551635,0.1911,0.07185,0.19785,across paths,ff12,ew
year,1995-01,1995-12,12,20000,0.05598649105331033,0.36851773687640366,0.26600648290718537,0.08970078980071834,0.2593418347017513,0.3988049940977298,0.99995,0.9972,0.1318,across paths,ff12,ew
year,1996-01,1996-12,12,20000,0.05199928578383717,0.21206785537948347,0.1914294393921773,0.114425831942152,0.18418933554321626,0.36905659393856066,0.9648,0.89665,0.4034,across paths,ff12,ew
year,1997-01,1997-12,12,20000,0.05252282460020541,0.31247057540483114,0.20131980860232696,0.1143140859906862,0.1930926387783123,0.4333012703714322,0.9751,0.9177,0.1596,across paths,ff12,ew
year,1998-01,1998-12,12,20000,0.04854677372757088,0.24260682903123243,-0.05052526267566729,0.1257114953477265,-0.058308464825459705,0.49255821020884877,0.3093,0.19345,0.02195,across paths,ff12,ew
year,1999-01,1999-12,12,20000,0.046877487656105554,0.2524240515544398,0.27704928185942285,0.21191830276610862,0.24147614935877293,0.9239175891451854,0.94325,0.88695,0.48005,across paths,ff12,ew
year,2000-01,2000-12,12,20000,0.058827813659585004,-0.11592112460980486,-0.0264744590196412,0.24630330925333302,-0.06139785485956384,0.9641185619270165,0.3966,0.30925,0.5984,across paths,ff12,ew
year,2001-01,2001-12,12,20000,0.03824800864936062,-0.11201399904333464,0.208612093587424,0.25618880641308645,0.18683868741949083,0.5138819989155113,0.78665,0.7329,0.9095,across paths,ff12,ew
year,2002-01,2002-12,12,20000,0.01632075190748239,-0.21138775004858779,-0.12716502022046947,0.12830329379174982,-0.13619788485357032,0.4152817227088892,0.1575,0.1325,0.73395,across paths,ff12,ew
year,2003-01,2003-12,12,20000,0.010247724555652926,0.3169291440246156,0.6585317272698149,0.17922248236317756,0.6453187697701639,0.4004600998534942,1.0,1.0,0.9831,across paths,ff12,ew
year,2004-01,2004-12,12,20000,0.011863454109524163,0.11931461886375816,0.22891443440658613,0.10599280202613673,0.22379545605715423,0.2520124985457351,0.9904,0.9869,0.8529,across paths,ff12,ew
year,2005-01,2005-12,12,20000,0.02979774263278001,0.061007835307562264,0.044701718622237006,0.09921872458447178,0.03270865434817871,0.7915374091497962,0.64335,0.51205,0.38195,across paths,ff12,ew
year,2006-01,2006-12,12,20000,0.04812968129714923,0.15398439680005582,0.18480450947573204,0.10792863384582507,0.18323774327437103,0.0815155690393738,0.95815,0.90175,0.61205,across paths,ff12,ew
year,2007-01,2007-12,12,20000,0.046667720112056,0.057378903196549036,-0.04018908910600689,0.06612812803884591,-0.045046778589864556,0.3829835640600605,0.2579,0.10035,0.0791,across paths,ff12,ew
year,2008-01,2008-12,12,20000,0.015912653124452003,-0.36656078451194607,-0.47133348053807766,0.08961760299059345,-0.4812491740245329,0.6757126651128038,0.0001,5e-05,0.1213,across paths,ff12,ew
year,2009-01,2009-12,12,20000,0.0009003500770106143,0.28627882661901216,0.7553535761627913,0.264847929988131,0.7349373248932751,0.46445957378552766,0.9999,0.9999,0.977,across paths,ff12,ew
year,2010-01,2010-12,12,20000,0.0010004501200209237,0.17411855921775898,0.29773457087794786,0.10074838601450174,0.2916397617943671,0.38200823684026325,0.9996,0.99955,0.90115,across paths,ff12,ew
year,2011-01,2011-12,12,20000,0.00040006000400016895,0.005010313959058266,-0.07332231073468837,0.08707692434574477,-0.0781232922864234,0.3553469326433684,0.1906,0.18925,0.17765,across paths,ff12,ew
year,2012-01,2012-12,12,20000,0.0006001500200014664,0.16347588259673151,0.16513976671425884,0.0951909132207079,0.16566853620690813,-0.018397945996592426,0.95835,0.9577,0.51005,across paths,ff12,ew
year,2013-01,2013-12,12,20000,0.0,0.35152984651126506,0.4325247869896477,0.09033381603193477,0.4333158666037201,-0.06771001497117067,1.0,1.0,0.8193,across paths,ff12,ew
year,2014-01,2014-12,12,20000,0.0,0.11742048220313417,0.02009886224267241,0.11129269331424607,0.03066270340016486,-0.3500333410349602,0.617,0.617,0.1792,across paths,ff12,ew
year,2015-01,2015-12,12,20000,9.999999999998899e-05,0.002123996347826118,-0.09971827769437663,0.12394451409532468,-0.10210198660847863,0.1771263399284667,0.2005,0.2002,0.1954,across paths,ff12,ew
year,2016-01,2016-12,12,20000,0.002102001142436638,0.135839399727115,0.22260660063204554,0.16492673792651627,0.20987932313964586,0.5379178643185946,0.92845,0.92625,0.6868,across paths,ff12,ew
decade,1926-07,1936-12,126,20000,0.1973957264279631,0.9553014461411233,2.2219957924850022,1.6247029602202567,1.875720287590429,1.6158317723456144,0.9873,0.96845,0.79015,across paths,ff12,ew
decade,1937-01,1946-12,120,20000,0.019382264221265322,0.6766558202743989,1.9603033619344612,1.1573422742758714,1.745414761111619,1.2845835282593197,0.99755,0.99695,0.9126,across paths,ff12,ew
decade,1947-01,1956-12,120,20000,0.1435189441161644,3.6377397025607188,3.0338456104111358,0.8762491771122567,2.9397377637171624,0.6954701302575981,1.0,1.0,0.22515,across paths,ff12,ew
decade,1957-01,1966-12,120,20000,0.3498402266913929,1.487167387237212,2.580857923212803,0.8214311210935248,2.479089520543307,0.7503962509286644,1.0,1.0,0.9355,across paths,ff12,ew
decade,1967-01,1976-12,120,20000,0.7324866552416902,0.8192557564736349,1.693540181317725,0.782846772187365,1.5825503881075338,0.9186000739643524,0.9998,0.9222,0.89295,across paths,ff12,ew
decade,1977-01,1986-12,120,20000,1.398087202464628,2.9835549677876756,5.706667150811538,1.908188436157023,5.451218996166268,0.9197180788417749,1.0,0.99975,0.9578,across paths,ff12,ew
decade,1987-01,1996-12,120,20000,0.7019911521313602,2.9574182864500242,2.627572209574454,1.031519917402785,2.48033357141726,0.9585327784636172,1.0,0.9959,0.3198,across paths,ff12,ew
decade,1997-01,2006-12,120,20000,0.42425967867422365,1.2822776380352723,2.7734911660473442,1.8673668346100258,2.369479921187403,1.709105722025502,0.99625,0.972,0.80605,across paths,ff12,ew
decade,2007-01,2016-12,120,20000,0.06875938967960882,1.033252078890361,1.007474343175274,0.7463522414369603,0.8827067848514863,1.149142513356009,0.95805,0.9396,0.41495,across paths,ff12,ew
full,1926-07,2016-12,1086,20000,19.27971267079745,5031.7488104007925,68549.63258931352,92945.6529504763,40415.834586945595,5.749841147282116,1.0,1.0,0.97965,across paths,ff12,ew
rolling120,1926-07,1936-06,120,20000,0.19655790851608335,0.6209805593553541,1.49466635331925,1.2432373936899856,1.2342131434823702,1.6141624381485393,0.9569,0.90625,0.75115,across paths,ff12,ew
rolling120,1926-08,1936-07,120,20000,0.19405065287061962,0.6772613313706015,1.6481626920992447,1.3208039569251082,1.3678045777033665,1.6103767586070257,0.9666,0.92785,0.7673,across paths,ff12,ew
rolling120,1926-09,1936-08,120,20000,0.19131118503859712,0.6466145114369177,1.6081658858612193,1.2993563620750321,1.3336817990393208,1.595906531324393,0.9645,0.9234,0.76975,across paths,ff12,ew
rolling120,1926-10,1936-09,120,20000,0.18869631463344416,0.6526700463661661,1.6933256435105566,1.3416220043104392,1.4093041417389534,1.589109793731555,0.96995,0.93345,0.78695,across paths,ff12,ew
rolling120,1926-11,1936-10,120,20000,0.1851416007738944,0.8241526570504245,1.959831252125405,1.467468224555704,1.6506075409349488,1.558427075402947,0.9813,0.9565,0.78595,across paths,ff12,ew
rolling120,1926-12,1936-11,120,20000,0.18159716372641976,0.8316017977014813,2.0959260201775125,1.5402469363802331,1.7717457620960295,1.5757448231791664,0.98465,0.96615,0.80995,across paths,ff12,ew
rolling120,1927-01,1936-12,120,20000,0.17829792952375323,0.7835422753128127,2.0596967823727104,1.5287577806590487,1.7316349872560701,1.574559522227273,0.98385,0.96405,0.81795,across paths,ff12,ew
rolling120,1927-02,1937-01,120,20000,0.17547706665008045,0.8397897163306618,2.2509363838859295,1.6257085056341303,1.9088179429171792,1.582398460498768,0.98795,0.9734,0.83235,across paths,ff12,ew
rolling120,1927-03,1937-02,120,20000,0.17266323764553215,0.7811236265539587,2.1034457853977364,1.5544717028617585,1.7761098868708012,1.5775427227455605,0.98405,0.96685,0.8234,across paths,ff12,ew
rolling120,1927-04,1937-03,120,20000,0.16927268591156208,0.7688877115567241,2.111916517822279,1.5588417538948776,1.78351948452704,1.549291542248675,0.9846,0.9675,0.82845,across paths,ff12,ew
rolling120,1927-05,1937-04,120,20000,0.16670670096492324,0.6275101690822245,1.787195068092724,1.3945739638124517,1.4963672727757371,1.5357036048310169,0.97405,0.94595,0.81385,across paths,ff12,ew
rolling120,1927-06,1937-05,120,20000,0.1639149800453661,0.527166279697675,1.579151047305994,1.290336775520795,1.3117206054677777,1.5393796679963052,0.9627,0.92535,0.80535,across paths,ff12,ew
rolling120,1927-07,1937-06,120,20000,0.16124491775322136,0.49471321613237906,1.4164785851550599,1.2099041565731976,1.163363181840542,1.5353358914515727,0.9478,0.90455,0.77945,across paths,ff12,ew
rolling120,1927-08,1937-07,120,20000,0.15811893442527136,0.513890458957432,1.522996747023745,1.267533739397921,1.259121317764748,1.5341528800631994,0.9558,0.91955,0.7949,across paths,ff12,ew
rolling120,1927-09,1937-08,120,20000,0.1551162327604274,0.4083459300401886,1.3669372809209417,1.1901258268126542,1.1176536713198946,1.533149745539,0.94195,0.8967,0.8019,across paths,ff12,ew
rolling120,1927-10,1937-09,120,20000,0.1531566502879269,0.15935659434247573,0.8777675352266763,0.946895243756606,0.6808967537023131,1.536675979492149,0.85775,0.78095,0.77795,across paths,ff12,ew
rolling120,1927-11,1937-10,120,20000,0.15051100410771512,0.09254498568559888,0.7607674680751461,0.8896775966124977,0.5754165498221998,1.5382974524649797,0.8245,0.73695,0.7722,across paths,ff12,ew
rolling120,1927-12,1937-11,120,20000,0.148329614118887,-0.06141244507155841,0.4553541880952424,0.7374843385912048,0.3014827045368492,1.5473336864838438,0.70075,0.6009,0.7446,across paths,ff12,ew
rolling120,1928-01,1937-12,120,20000,0.14580883468258543,-0.12196056219136797,0.2662401117891363,0.642187576456935,0.13318283458701097,1.5522751117499611,0.60025,0.4909,0.69395,across paths,ff12,ew
rolling120,1928-02,1938-01,120,20000,0.14295145604247916,-0.11491369671938856,0.2769021598157419,0.6492187548855357,0.13979799920938152,1.571667020579361,0.6053,0.4984,0.6936,across paths,ff12,ew
rolling120,1928-03,1938-02,120,20000,0.13919212203974807,-0.05021912811990348,0.3806326209408253,0.7037651914615819,0.2332096175904197,1.5765034623898362,0.66275,0.56415,0.69865,across paths,ff12,ew
rolling120,1928-04,1938-03,120,20000,0.13578442798638357,-0.3375565756083815,-0.06169839252610491,0.48244825632332305,-0.16392525190959328,1.6379032714165498,0.35615,0.2649,0.67965,across paths,ff12,ew
rolling120,1928-05,1938-04,120,20000,0.13340451649289786,-0.27401983671296637,0.0365574037475797,0.5311835821632288,-0.07689000948568048,1.6405292448986148,0.4353,0.33615,0.6864,across paths,ff12,ew
rolling120,1928-06,1938-05,120,20000,0.12978919108143727,-0.3146530548073899,-0.06340781153992497,0.480272758659853,-0.16704653227169614,1.6403974975215687,0.3546,0.2676,0.65645,across paths,ff12,ew
rolling120,1928-07,1938-06,120,20000,0.12629766830967704,-0.1100761656020075,0.2858495250432919,0.663403471152403,0.1414230179013204,1.6501918137606415,0.606,0.5111,0.6936,across paths,ff12,ew
rolling120,1928-08,1938-07,120,20000,0.12259274176918478,-0.05392148679947939,0.4203771239721971,0.734891042464505,0.26310105504770087,1.6632081163481467,0.6806,0.59355,0.7208,across paths,ff12,ew
rolling120,1928-09,1938-08,120,20000,0.1190119036774171,-0.13959105780137682,0.2576083410899081,0.6506256973601207,0.1159434117238145,1.6740564053971712,0.58905,0.49695,0.69995,across paths,ff12,ew
rolling120,1928-10,1938-09,120,20000,0.11622190690949696,-0.15869457222482886,0.18992495079673002,0.61509516178371,0.05664972877384222,1.6730227086844967,0.54535,0.4555,0.677,across paths,ff12,ew
rolling120,1928-11,1938-10,120,20000,0.1117752505728391,-0.10832542107313003,0.3261836690318048,0.6887465415374306,0.1795761350774434,1.6752746935302025,0.62905,0.54605,0.7102,across paths,ff12,ew
rolling120,1928-12,1938-11,120,20000,0.10690195798216329,-0.21958606371997658,0.1444937891321717,0.5945826363862059,0.0166125268340519,1.6800177423237306,0.51345,0.4332,0.7013,across paths,ff12,ew
rolling120,1929-01,1938-12,120,20000,0.10623821505313136,-0.19084296632562958,0.17366766375346232,0.6094240128811865,0.0434581641941193,1.6735120586123506,0.53345,0.4539,0.6936,across paths,ff12,ew
rolling120,1929-02,1939-01,120,20000,0.10237950092846937,-0.27545767327557813,0.04250138998491275,0.5400393127104359,-0.07556654721588035,1.6704366935551624,0.4384,0.3627,0.6888,across paths,ff12,ew
rolling120,1929-03,1939-02,120,20000,0.09853501283236565,-0.250103762622354,0.07942254671723653,0.5591102927049512,-0.04253123733511727,1.664411833390373,0.46615,0.3912,0.68935,across paths,ff12,ew
rolling120,1929-04,1939-03,120,20000,0.09470316855798533,-0.3370100207082346,-0.07338510931484632,0.48102094872711687,-0.17856463860699323,1.6776196853828809,0.34815,0.2823,0.66615,across paths,ff12,ew
rolling120,1929-05,1939-04,120,20000,0.09077637361297852,-0.3500966342639298,-0.085170258204733,0.4755126276276132,-0.1892054240979802,1.6992603060214633,0.3379,0.2762,0.6718,across paths,ff12,ew
rolling120,1929-06,1939-05,120,20000,0.0861065822882714,-0.2619319846063468,0.07892097259007139,0.5608888182461518,-0.04338615185780226,1.722919154220647,0.46445,0.39815,0.70035,across paths,ff12,ew
rolling120,1929-07,1939-06,120,20000,0.08059609326154016,-0.3659927445339224,-0.09057593846822902,0.470407010652421,-0.19432450867083245,1.696510503566112,0.3356,0.2768,0.6878,across paths,ff12,ew
rolling120,1929-08,1939-07,120,20000,0.07704185513957973,-0.33326705755680675,-0.0035718356987503867,0.5162313227674081,-0.11766901760989557,1.7252309060249214,0.40035,0.34765,0.71835,across paths,ff12,ew
rolling120,1929-09,1939-08,120,20000,0.07264357664747578,-0.42682097973673894,-0.13145143431972484,0.4496916025981071,-0.2290362594026255,1.7025639528134686,0.30095,0.2515,0.72765,across paths,ff12,ew
rolling120,1929-10,1939-09,120,20000,0.06900930842565067,-0.2939449160297658,0.1857648927592542,0.6442542162562312,0.040543031671530394,1.7800723204586513,0.53135,0.47985,0.77655,across paths,ff12,ew
rolling120,1929-11,1939-10,120,20000,0.06411438226722144,-0.12636771734644614,0.5084611654999494,0.8097698858397652,0.3302566411130844,1.7188373827834071,0.71025,0.66695,0.7964,across paths,ff12,ew
rolling120,1929-12,1939-11,120,20000,0.06019167307683726,-0.03800605218662956,0.6018865473634023,0.8589072449527254,0.4146059025583678,1.7034029785831555,0.74975,0.71275,0.77375,across paths,ff12,ew
rolling120,1930-01,1939-12,120,20000,0.05628342440653311,-0.02589240483590538,0.6284468738654755,0.8678506692153932,0.4355615547178897,1.6856273837251776,0.7625,0.72615,0.7799,across paths,ff12,ew
rolling120,1930-02,1940-01,120,20000,0.05480669503348623,-0.10105758664714892,0.4765063265809171,0.7853811102837494,0.30135036929821235,1.69179997046776,0.69825,0.66105,0.76895,across paths,ff12,ew
rolling120,1930-03,1940-02,120,20000,0.05165173981404414,-0.11295021001446293,0.4498881736381762,0.7684057784721743,0.27827402942627155,1.6689813347425673,0.68565,0.65085,0.7671,across paths,ff12,ew
rolling120,1930-04,1940-03,120,20000,0.04798379652620244,-0.1574513117272519,0.36411160590288594,0.7185785659598234,0.20280260809253114,1.643667084064202,0.64405,0.60985,0.7637,across paths,ff12,ew
rolling120,1930-05,1940-04,120,20000,0.045787642477000734,-0.139769462727233,0.4201889258161331,0.7464081719599318,0.2561039948653894,1.6447446967268993,0.6747,0.6428,0.77555,across paths,ff12,ew
rolling120,1930-06,1940-05,120,20000,0.042867030668766404,-0.31966757305750126,0.08715481335904679,0.571609593266082,-0.039356012500521564,1.6439165060885388,0.46775,0.43305,0.75505,across paths,ff12,ew
rolling120,1930-07,1940-06,120,20000,0.04005887171513556,-0.13784693395302072,0.4374928951705203,0.7587271588355993,0.26975477302120954,1.6654026626903893,0.6824,0.6541,0.78185,across paths,ff12,ew
rolling120,1930-08,1940-07,120,20000,0.03808670419391924,-0.1472684686088256,0.41280172545432686,0.7456218009174521,0.24749906926693976,1.6662471305201403,0.67095,0.64325,0.7767,across paths,ff12,ew
rolling120,1930-09,1940-08,120,20000,0.03704955092766493,-0.13189398836360167,0.4481740309876326,0.7644336330027783,0.281853613696193,1.671970939815553,0.6885,0.66235,0.7811,across paths,ff12,ew
rolling120,1930-10,1940-09,120,20000,0.03477305021718724,0.01687878425181122,0.7464338747657477,0.9155881209847919,0.5435394049059703,1.666600601585306,0.8085,0.78895,0.79965,across paths,ff12,ew
rolling120,1930-11,1940-10,120,20000,0.033842591884491124,0.14739920207495483,1.027065487580345,1.0565260527016611,0.7928064207399509,1.6375865379514283,0.8823,0.8671,0.81665,across paths,ff12,ew
rolling120,1930-12,1940-11,120,20000,0.03250034144061842,0.16228974687477393,1.0539324822396927,1.0718661043884756,0.8163814641859002,1.6237037696269354,0.88635,0.8723,0.8157,across paths,ff12,ew
rolling120,1931-01,1940-12,120,20000,0.031056861834050764,0.2682158063808082,1.2997007848888336,1.1947129889671138,1.0410039823780102,1.6290014261122803,0.92825,0.91965,0.8306,across paths,ff12,ew
rolling120,1931-02,1941-01,120,20000,0.029409641685339327,0.14199019181715444,1.0311132394469773,1.0553391404401153,0.8011372763642681,1.634166287905157,0.88435,0.87135,0.8227,across paths,ff12,ew
rolling120,1931-03,1941-02,120,20000,0.02889514266410509,0.014736326230605279,0.7232459920699988,0.8924518087979288,0.5296826901004521,1.6330783988146191,0.80685,0.7892,0.79775,across paths,ff12,ew
rolling120,1931-04,1941-03,120,20000,0.02766207148544053,0.09123649499207254,0.8499536410480796,0.9533610230933383,0.6434977122213011,1.6507697329139406,0.84505,0.8317,0.7967,across paths,ff12,ew
rolling120,1931-05,1941-04,120,20000,0.026737914946334707,0.14514415932061064,1.0222721722675525,1.0433142593426616,0.793240946317803,1.6716049488709297,0.8852,0.87485,0.82105,across paths,ff12,ew
rolling120,1931-06,1941-05,120,20000,0.025814681732775346,0.337364786063713,1.3577189523963686,1.2106124091039945,1.0937151053354375,1.6349735946521082,0.9368,0.93085,0.82095,across paths,ff12,ew
rolling120,1931-07,1941-06,120,20000,0.02499468598398802,0.24141141399107746,1.1427882068072914,1.0962716722344936,0.9046313979378096,1.6243945245286082,0.91065,0.9004,0.8108,across paths,ff12,ew
rolling120,1931-08,1941-07,120,20000,0.024687371966603422,0.4071012388061126,1.5635687319592246,1.3099590424794378,1.2848935492476596,1.6095017833537835,0.9568,0.9517,0.84085,across paths,ff12,ew
rolling120,1931-09,1941-08,120,20000,0.024482495955013395,0.39883488681073676,1.5706765985591449,1.3101268609560865,1.2949961093127418,1.6001432344309356,0.9578,0.95325,0.84515,across paths,ff12,ew
rolling120,1931-10,1941-09,120,20000,0.024277660906337095,0.9451045354123766,2.6820026710143385,1.8503994674161288,2.2949480159797258,1.5446938256973943,0.9938,0.99245,0.8637,across paths,ff12,ew
rolling120,1931-11,1941-10,120,20000,0.023254406499837232,0.7048681995093771,2.1140003025086984,1.5621675283811858,1.786470926490345,1.5512884462476186,0.98415,0.98215,0.847,across paths,ff12,ew
rolling120,1931-12,1941-11,120,20000,0.02151782619530529,0.8363432600449789,2.297311105834574,1.6527915794761328,1.9504580568834935,1.5546212167152758,0.9879,0.9867,0.83955,across paths,ff12,ew
rolling120,1932-01,1941-12,120,20000,0.020395503373876078,1.0172209506706564,2.638133729211469,1.8200276263952522,2.250637337564884,1.5563135520350604,0.99365,0.99255,0.8405,across paths,ff12,ew
rolling120,1932-02,1942-01,120,20000,0.018257590017510594,1.0611802557987926,2.857554600341255,1.9728027494372353,2.4322982135051743,1.6507717390197083,0.9942,0.9939,0.85215,across paths,ff12,ew
rolling120,1932-03,1942-02,120,20000,0.016022563879589224,0.9026129253706681,2.649925831240593,1.8650640427603902,2.249672127050741,1.6441675973964847,0.9926,0.9923,0.86405,across paths,ff12,ew
rolling120,1932-04,1942-03,120,20000,0.014500964592629062,1.0000345865279554,2.9258354315659956,2.001598228810288,2.5060186212814797,1.633893712744121,0.9955,0.99485,0.87655,across paths,ff12,ew
rolling120,1932-05,1942-04,120,20000,0.013487578352900265,1.3278971383173137,3.609459049639482,2.343212158216559,3.118119798369928,1.6380683524487287,0.99835,0.99825,0.88075,across paths,ff12,ew
rolling120,1932-06,1942-05,120,20000,0.013183714397767332,2.1016193298586052,5.096898322216085,3.076171436588017,4.450259071976619,1.6508625420942296,0.99985,0.99985,0.8796,across paths,ff12,ew
rolling120,1932-07,1942-06,120,20000,0.013183714397767332,2.209433805304572,5.102121730850225,3.0648003275321054,4.458883493314584,1.6380881691379716,0.99985,0.99985,0.86745,across paths,ff12,ew
rolling120,1932-08,1942-07,120,20000,0.013285012509584693,1.4867527965369707,3.5262883874987745,2.2520401835767716,3.073685296117299,1.6220934365072335,0.99885,0.99865,0.84835,across paths,ff12,ew
rolling120,1932-09,1942-08,120,20000,0.013285012509584693,0.8463436913697393,1.895095410633778,1.4065946938392795,1.6133618351385774,1.5662341317318746,0.98185,0.9805,0.7708,across paths,ff12,ew
rolling120,1932-10,1942-09,120,20000,0.013285012509584693,0.9520772470810972,2.205684004579379,1.5546650691433965,1.8883351201489122,1.5535737112122923,0.99025,0.9894,0.803,across paths,ff12,ew
rolling120,1932-11,1942-10,120,20000,0.013386320749187774,1.401052766785026,3.2357032014278793,2.0499799770606457,2.8178421481067506,1.5078096544548734,0.9984,0.9983,0.84145,across paths,ff12,ew
rolling120,1932-12,1942-11,120,20000,0.0134876391175891,1.5545936384234995,3.5073174184352878,2.1791106884325,3.0588178253149123,1.494673167216229,0.999,0.99885,0.84145,across paths,ff12,ew
rolling120,1933-01,1942-12,120,20000,0.013690316377686695,1.5726957095949383,3.805996086678848,2.320588209044426,3.3339517162580896,1.499407291643062,0.99955,0.99955,0.8695,across paths,ff12,ew
rolling120,1933-02,1943-01,120,20000,0.013893034169182972,1.7228649110142578,4.521939224058232,2.696024749582216,3.970557224791267,1.5151017205676376,0.99985,0.99985,0.9,across paths,ff12,ew
rolling120,1933-03,1943-02,120,20000,0.01450155254519725,2.4145137565021733,6.418190659420787,3.628622082790928,5.65968446978631,1.5337402200418013,1.0,1.0,0.92555,across paths,ff12,ew
rolling120,1933-04,1943-03,120,20000,0.014400142953779449,2.512544413332886,6.737054111502446,3.7477311239562794,5.979661731844338,1.5580804820162706,1.0,1.0,0.93175,across paths,ff12,ew
rolling120,1933-05,1943-04,120,20000,0.013690772224441039,1.549888263195509,4.573712110039939,2.6691772713419506,4.039284564516361,1.5386325110782852,0.99995,0.99995,0.93375,across paths,ff12,ew
rolling120,1933-06,1943-05,120,20000,0.013488115132832768,1.2203151526976947,2.976396689603808,1.8537226504707638,2.5968437049585074,1.5428325394687397,0.9984,0.9983,0.8634,across paths,ff12,ew
rolling120,1933-07,1943-06,120,20000,0.013589443678637014,0.9991080118658084,2.3530631139725533,1.5575216586027765,2.036942282076301,1.5373528911729042,0.99515,0.9948,0.82975,across paths,ff12,ew
rolling120,1933-08,1943-07,120,20000,0.013690782355269437,1.1068271534655705,2.506974376467388,1.6141175178115943,2.1803034597081403,1.516788579382252,0.997,0.99665,0.82675,across paths,ff12,ew
rolling120,1933-09,1943-08,120,20000,0.013690782355269437,0.9049236678920876,2.1796562082155875,1.4537275706076676,1.8876973975436955,1.493019849996233,0.99395,0.9934,0.8305,across paths,ff12,ew
rolling120,1933-10,1943-09,120,20000,0.013792131163743448,1.1832978773882346,2.858755170529223,1.7534357427491682,2.50898823944485,1.4793161415108256,0.99875,0.9986,0.86475,across paths,ff12,ew
rolling120,1933-11,1943-10,120,20000,0.013994869316160896,1.355531850694475,3.2898955618347676,1.9487949202985688,2.8916207532410496,1.4784841792051222,0.9995,0.9994,0.87965,across paths,ff12,ew
rolling120,1933-12,1943-11,120,20000,0.014096248527250221,1.0152336316969732,2.69110403315959,1.674553747366397,2.3549691723914425,1.4791430617861359,0.99785,0.99775,0.88325,across paths,ff12,ew
rolling120,1934-01,1943-12,120,20000,0.01419763787423367,1.105467973414748,3.02217912494618,1.8088150438296011,2.6582442582162695,1.485010641994597,0.9992,0.9992,0.905,across paths,ff12,ew
rolling120,1934-02,1944-01,120,20000,0.013994899715737974,0.9021169609801947,2.1993407538589524,1.424609814234658,1.925002150634891,1.468589440252035,0.9955,0.99515,0.84585,across paths,ff12,ew
rolling120,1934-03,1944-02,120,20000,0.014096278929866868,0.9584918765502157,2.230545595255139,1.435842851354589,1.95341243909766,1.466523461869233,0.99585,0.9955,0.8346,across paths,ff12,ew
rolling120,1934-04,1944-03,120,20000,0.014096278929866868,1.0048571322431936,2.3610289481040745,1.4924677571797236,2.0739090867706986,1.4613202913775227,0.9968,0.9967,0.84345,across paths,ff12,ew
rolling120,1934-05,1944-04,120,20000,0.014299077905755242,1.0073065606271192,2.287596341020772,1.4556515822509664,2.0069004977290046,1.4537455685370142,0.9964,0.99615,0.8313,across paths,ff12,ew
rolling120,1934-06,1944-05,120,20000,0.014501917437383272,1.2748031545823881,2.887845531511207,1.7225936700995383,2.5457030876863316,1.4636909225612562,0.99935,0.9993,0.85615,across paths,ff12,ew
rolling120,1934-07,1944-06,120,20000,0.014704797532861136,1.3372539421205727,3.246141614510478,1.8880275882136244,2.8674054960740376,1.4605850108683016,0.99965,0.9996,0.88725,across paths,ff12,ew
rolling120,1934-08,1944-07,120,20000,0.014907718200301012,1.5857528175206155,4.0592368627891195,2.2331282469677145,3.609929919222102,1.4443519966175178,0.99995,0.99995,0.92305,across paths,ff12,ew
rolling120,1934-09,1944-08,120,20000,0.015110679447816189,1.4877983590483885,3.827729683228184,2.1263536263898755,3.396669601331107,1.4444318448828526,0.9999,0.9999,0.9201,across paths,ff12,ew
rolling120,1934-10,1944-09,120,20000,0.015212180365669292,1.4945308994607678,3.8481861769717476,2.1331357853651145,3.4178479164167133,1.4442263806550268,0.99995,0.99995,0.9195,across paths,ff12,ew
rolling120,1934-11,1944-10,120,20000,0.015415202499529101,1.5412003133398509,3.933762882516712,2.1653215025872625,3.4989845805343234,1.4412512752282791,0.99995,0.99995,0.92065,across paths,ff12,ew
rolling120,1934-12,1944-11,120,20000,0.015618265233755535,1.3863920978327156,3.5250667329699166,1.955551781864227,3.127591920231432,1.4204968263753088,0.99985,0.99985,0.9155,across paths,ff12,ew
rolling120,1935-01,1944-12,120,20000,0.015719816905111816,1.4741253531978917,3.770752588246295,2.0576526343693002,3.357824896987615,1.4264891999134068,0.99995,0.99985,0.92215,across paths,ff12,ew
rolling120,1935-02,1945-01,120,20000,0.01592294055612764,1.614808400210387,4.171477391168576,2.2302831129463865,3.723822236071329,1.4145382704652774,0.99995,0.99995,0.93055,across paths,ff12,ew
rolling120,1935-03,1945-02,120,20000,0.01592294055612764,1.833197965759266,4.918201415541207,2.538429010980568,4.401173169596836,1.4025854555042827,1.0,1.0,0.9489,across paths,ff12,ew
rolling120,1935-04,1945-03,120,20000,0.016024522691969745,1.8276080632307696,4.896472670074031,2.495571961774872,4.3781070025731985,1.3733969556556747,1.0,1.0,0.95,across paths,ff12,ew
rolling120,1935-05,1945-04,120,20000,0.016227707278049452,1.7954614234727595,4.863941744270237,2.477700786357304,4.36637229975644,1.3660194357644393,1.0,0.99995,0.95265,across paths,ff12,ew
rolling120,1935-06,1945-05,120,20000,0.016430932496983353,1.7495323191922556,4.8126264155533125,2.428620061298852,4.320491407082492,1.3510912713200394,1.0,1.0,0.9571,across paths,ff12,ew
rolling120,1935-07,1945-06,120,20000,0.016532565426939927,1.6060084969803134,4.713055835808391,2.3909236112312953,4.239364245951088,1.3357423152494639,1.0,1.0,0.9643,across paths,ff12,ew
rolling120,1935-08,1945-07,120,20000,0.016735851611406893,1.3712133102230908,4.011489557063162,2.083489626876949,3.6076903122450816,1.3562941962931157,0.99995,0.99995,0.95795,across paths,ff12,ew
rolling120,1935-09,1945-08,120,20000,0.016939178449045356,1.454134173107378,3.924277779151041,2.0358836595106413,3.5291574514993966,1.3634765349649216,0.99995,0.99995,0.9457,across paths,ff12,ew
rolling120,1935-10,1945-09,120,20000,0.017142545947985477,1.5060241775470447,4.123737931030029,2.0988217833584386,3.7230598773261816,1.3503928559628844,1.0,1.0,0.95245,across paths,ff12,ew
rolling120,1935-11,1945-10,120,20000,0.017345954116358087,1.4329786297710094,3.928080607874629,2.0119033067865675,3.544270438852553,1.3316397063353094,1.0,1.0,0.95035,across paths,ff12,ew
rolling120,1935-12,1945-11,120,20000,0.017345954116358087,1.4452722580842772,3.8593656294786816,1.9501629773491984,3.4775842492372853,1.2921861458533859,1.0,1.0,0.94785,across paths,ff12,ew
rolling120,1936-01,1945-12,120,20000,0.0175494029622969,1.3671619927629157,3.6942900233083673,1.8784565186566216,3.3234855107735344,1.2926471972894025,1.0,1.0,0.9482,across paths,ff12,ew
rolling120,1936-02,1946-01,120,20000,0.01775289249393608,1.353211459035688,3.456339057715972,1.7676538708626965,3.1191242291130177,1.2918245128889667,1.0,0.99995,0.9361,across paths,ff12,ew
rolling120,1936-03,1946-02,120,20000,0.017956422719412446,1.162429144649478,3.0375222736781886,1.591094991987871,2.7374941331999505,1.290302885573474,0.9999,0.99985,0.9325,across paths,ff12,ew
rolling120,1936-04,1946-03,120,20000,0.018058198006627002,1.2680022847081225,3.242568203791284,1.6780142553067792,2.9236492989121388,1.29850482522919,1.0,0.99995,0.933,across paths,ff12,ew
rolling120,1936-05,1946-04,120,20000,0.018159983469335117,1.5735951045240406,4.075493887718193,2.0093005269809283,3.702591289389255,1.2910605446001069,1.0,1.0,0.94985,across paths,ff12,ew
rolling120,1936-06,1946-05,120,20000,0.0182617791085542,1.5432628363973437,4.061535774009852,1.9998438956313076,3.6962231889063686,1.2988246603831384,1.0,1.0,0.9525,across paths,ff12,ew
rolling120,1936-07,1946-06,120,20000,0.0182617791085542,1.387086684479553,3.779033662990662,1.8890373656480497,3.435565028592559,1.305112892684351,1.0,1.0,0.95365,across paths,ff12,ew
rolling120,1936-08,1946-07,120,20000,0.01846541110117661,1.1778893792036715,3.257986452636828,1.6817309549429205,2.9473010447769274,1.2940818827630525,0.99995,0.99995,0.94765,across paths,ff12,ew
rolling120,1936-09,1946-08,120,20000,0.018567237277051563,1.0174745986742648,2.911325439389985,1.5455317296948534,2.625882489546093,1.3013821263461396,0.9999,0.9999,0.94505,across paths,ff12,ew
rolling120,1936-10,1946-09,120,20000,0.018770930355199056,0.7951088600800424,2.3056017062636056,1.3081347824540388,2.058061011670514,1.2947921655268173,0.99935,0.9991,0.9262,across paths,ff12,ew
rolling120,1936-11,1946-10,120,20000,0.01887278707689033,0.6521637650792698,2.0695778600572368,1.214971376017582,1.8369952332160613,1.2947323002070672,0.99825,0.99805,0.9298,across paths,ff12,ew
rolling120,1936-12,1946-11,120,20000,0.01907654125888758,0.600008697061855,1.8464506990290666,1.1219386806031406,1.6328882221129475,1.2943596570598224,0.99595,0.9955,0.91335,across paths,ff12,ew
rolling120,1937-01,1946-12,120,20000,0.019382264221265322,0.6766558202743989,1.9603033619344612,1.1573422742758714,1.745414761111619,1.2845835282593197,0.99755,0.99695,0.9126,across paths,ff12,ew
rolling120,1937-02,1947-01,120,20000,0.019586120288502817,0.6429150684732112,1.8445318269364583,1.1142291182786552,1.6349981879954418,1.2995887814499292,0.9966,0.99605,0.9035,across paths,ff12,ew
rolling120,1937-03,1947-02,120,20000,0.019688058512886686,0.6078142124108759,1.7879684686461959,1.089617123899095,1.582323868364423,1.3047883125467696,0.9962,0.9958,0.90375,across paths,ff12,ew
rolling120,1937-04,1947-03,120,20000,0.019891975732867273,0.5852483989033546,1.7417089603900757,1.0664712092188657,1.535335404422134,1.2984590770685485,0.99575,0.9952,0.90595,across paths,ff12,ew
rolling120,1937-05,1947-04,120,20000,0.019891975732867273,0.6290407362422192,1.7929481925168236,1.0844013326416069,1.5836711552484657,1.2952587432094858,0.9964,0.99575,0.9014,across paths,ff12,ew
rolling120,1937-06,1947-05,120,20000,0.019586191610620807,0.62641404554587,1.7606741977539382,1.07047521539061,1.5563612469123238,1.2974673209691925,0.9958,0.99555,0.897,across paths,ff12,ew
rolling120,1937-07,1947-06,120,20000,0.019586191610620807,0.7882065909952658,2.160698909152743,1.2238783106999218,1.9281138148463426,1.2995727496720721,0.99885,0.99855,0.9174,across paths,ff12,ew
rolling120,1937-08,1947-07,120,20000,0.019586191610620807,0.7097448000556901,2.0269844331668194,1.1649865234527275,1.80578577041821,1.2962257619247004,0.9984,0.9982,0.9199,across paths,ff12,ew
rolling120,1937-09,1947-08,120,20000,0.019688129842135638,0.7663529156766213,2.1300222607757107,1.2012680941012341,1.8985460968161527,1.290777178575421,0.99875,0.9986,0.92105,across paths,ff12,ew
rolling120,1937-10,1947-09,120,20000,0.01989198592567054,1.0341060190712494,2.799608210878157,1.4501228772871215,2.5286546437221866,1.2906644216817618,0.99995,0.9999,0.9425,across paths,ff12,ew
rolling120,1937-11,1947-10,120,20000,0.020299861144996934,1.3062798864909344,3.2981733088001945,1.6365999910344633,2.9924649506397216,1.2751034527932243,1.0,1.0,0.94275,across paths,ff12,ew
rolling120,1937-12,1947-11,120,20000,0.02070789948178775,1.466756118095386,3.6119543217366963,1.7440894088551504,3.2818371503742094,1.2543441017857768,1.0,1.0,0.9451,across paths,ff12,ew
rolling120,1938-01,1947-12,120,20000,0.021524465801373127,1.6569625766842888,4.255553742713204,1.985779497895728,3.8926311768585458,1.2538012020021514,1.0,1.0,0.9593,across paths,ff12,ew
rolling120,1938-02,1948-01,120,20000,0.02223953292743408,1.542201255199319,3.9956225942229255,1.8835781142979968,3.6473048347713672,1.250486541580283,1.0,1.0,0.95835,across paths,ff12,ew
rolling120,1938-03,1948-02,120,20000,0.022955100600483336,1.2981883619274712,3.45057930927259,1.6762318653155162,3.1432136605047267,1.2430068071724254,1.0,0.99995,0.95485,across paths,ff12,ew
rolling120,1938-04,1948-03,120,20000,0.023978158006824346,2.2684540057906464,5.666011456374474,2.474514801983364,5.2071233047359184,1.2196979094216291,1.0,1.0,0.96905,across paths,ff12,ew
rolling120,1938-05,1948-04,120,20000,0.024694871046125222,1.9612781380091162,4.817261384584483,2.16351529034429,4.421712696373903,1.2342362293049998,1.0,1.0,0.9612,across paths,ff12,ew
rolling120,1938-06,1948-05,120,20000,0.025514626942962026,2.30810559623652,5.71948850457699,2.4846942806918255,5.269100930413384,1.232664254539081,1.0,1.0,0.9697,across paths,ff12,ew
rolling120,1938-07,1948-06,120,20000,0.026437590107210696,1.6696617766706536,4.2039734625033445,1.901054610675111,3.8617145183279056,1.220807610265524,1.0,1.0,0.9637,across paths,ff12,ew
rolling120,1938-08,1948-07,120,20000,0.0273614763269292,1.363192962949237,3.4149205303311763,1.603281376766454,3.131555640000154,1.2182796258949538,1.0,1.0,0.95325,across paths,ff12,ew
rolling120,1938-09,1948-08,120,20000,0.028286101655623508,1.4362839084740742,3.677011755573729,1.6946153840747369,3.385219566356289,1.2195476111109544,1.0,1.0,0.96,across paths,ff12,ew
rolling120,1938-10,1948-09,120,20000,0.02849171775273529,1.34448540721278,3.534432796900862,1.6427815401153436,3.2460364202310488,1.2136769469160662,1.0,1.0,0.9618,across paths,ff12,ew
rolling120,1938-11,1948-10,120,20000,0.028800234416394677,1.305124322090295,3.212725788537805,1.5087206862608498,2.951145641115157,1.2063449388103862,1.0,1.0,0.9473,across paths,ff12,ew
rolling120,1938-12,1948-11,120,20000,0.02982965230154222,1.1290710388349265,2.918640171507702,1.4005933203586083,2.6840956130005793,1.199381487159579,1.0,1.0,0.9491,across paths,ff12,ew
rolling120,1939-01,1948-12,120,20000,0.03024158416246281,1.1114923032992312,2.911070737596781,1.3983423611982464,2.6735286112652448,1.2094852682362194,1.0,1.0,0.9514,across paths,ff12,ew
rolling120,1939-02,1949-01,120,20000,0.031374963242949416,1.2532016888961053,3.2567599341313276,1.519447503875662,2.997766024677089,1.2081321025118394,1.0,1.0,0.95755,across paths,ff12,ew
rolling120,1939-03,1949-02,120,20000,0.03219998071179697,1.1147708277931376,2.909507958488951,1.3967444159558686,2.6789309887482133,1.2079854089913258,1.0,1.0,0.94985,across paths,ff12,ew
rolling120,1939-04,1949-03,120,20000,0.033335514243933106,1.5040175274517424,3.881807838841419,1.715566420735661,3.5983857123657885,1.1989746433339428,1.0,1.0,0.9669,across paths,ff12,ew
rolling120,1939-05,1949-04,120,20000,0.034265516206752666,1.4638810012653791,3.7199562206793204,1.661035609796389,3.4564505952376723,1.1911310878599493,1.0,1.0,0.96285,across paths,ff12,ew
rolling120,1939-06,1949-05,120,20000,0.03519626209674964,1.2401434454492941,3.168520733522847,1.4669189611165987,2.9326281887275174,1.1933789257120164,1.0,1.0,0.95445,across paths,ff12,ew
rolling120,1939-07,1949-06,120,20000,0.03612784557428905,1.370747499303119,3.5125122064453316,1.5824908106505335,3.250102922783913,1.188774724923988,1.0,1.0,0.96215,across paths,ff12,ew
rolling120,1939-08,1949-07,120,20000,0.03706036063530593,1.2720201265776492,3.2293691503943722,1.4778615477386488,2.9808383291026317,1.187260593752488,1.0,1.0,0.9572,across paths,ff12,ew
rolling120,1939-09,1949-08,120,20000,0.03809752471234895,1.5001717564783306,3.8137727539949164,1.6815680384102318,3.534159516111789,1.1929664371972992,1.0,1.0,0.9664,across paths,ff12,ew
rolling120,1939-10,1949-09,120,20000,0.03892791969262066,1.206738424580275,2.8594167914007453,1.2086050998586806,2.674804437334144,1.0433832233689282,1.0,1.0,0.95705,across paths,ff12,ew
rolling120,1939-11,1949-10,120,20000,0.03986295482034419,1.2901538913182042,3.0183918486561323,1.2510453118258371,2.825194753595315,1.0375891625048625,1.0,1.0,0.9583,across paths,ff12,ew
rolling120,1939-12,1949-11,120,20000,0.04069484518420041,1.4218347689300654,3.338164791664631,1.341185517522742,3.128515966499538,1.037772709224641,1.0,1.0,0.96495,across paths,ff12,ew
rolling120,1940-01,1949-12,120,20000,0.041631470544866156,1.475951352710685,3.6018268075422157,1.4231678460531632,3.3821398970044796,1.0381374229684333,1.0,1.0,0.97425,across paths,ff12,ew
rolling120,1940-02,1950-01,120,20000,0.042568938868356554,1.5825093574384734,3.8406149337678936,1.4989724798943056,3.607651306000375,1.0336223283418615,1.0,1.0,0.9754,across paths,ff12,ew
rolling120,1940-03,1950-02,120,20000,0.04350725091333807,1.5858189613074303,3.811681613704621,1.4877666133287595,3.5811082425991385,1.0290267852741053,1.0,1.0,0.97475,across paths,ff12,ew
rolling120,1940-04,1950-03,120,20000,0.04455075816425147,1.5683352270271547,3.682956516684714,1.4518366321080103,3.457725813254795,1.026470325228893,1.0,1.0,0.96945,across paths,ff12,ew
rolling120,1940-05,1950-04,120,20000,0.04549085384659923,1.665973993889791,3.9362228144440494,1.5398093981544538,3.694013064376675,1.018863259333098,1.0,1.0,0.9716,across paths,ff12,ew
rolling120,1940-06,1950-05,120,20000,0.046745693839213676,2.5699025960755573,5.860941030321442,2.1421193854066263,5.518783483087927,1.0209609666133599,1.0,1.0,0.9799,across paths,ff12,ew
rolling120,1940-07,1950-06,120,20000,0.0477924395330529,2.14997310333258,4.823876253138511,1.7802724759962243,4.553902035856008,1.003948680623458,1.0,1.0,0.97485,across paths,ff12,ew
rolling120,1940-08,1950-07,120,20000,0.04873535843674226,2.09776866442292,4.789141741298909,1.7916825757869779,4.520288687266881,1.0213208959727675,1.0,1.0,0.97455,across paths,ff12,ew
rolling120,1940-09,1950-08,120,20000,0.04988908270344927,2.181426604871132,5.008235584701865,1.8585323338301225,4.722456676450692,1.0281808127267429,1.0,1.0,0.977,across paths,ff12,ew
rolling120,1940-10,1950-09,120,20000,0.05093897178615259,2.2600378883004115,5.133397307248712,1.8891163438891652,4.8404090685991354,1.0169971093605958,1.0,1.0,0.9766,across paths,ff12,ew
rolling120,1940-11,1950-10,120,20000,0.052200098552296126,2.1619488127522093,4.821148649815533,1.7875436547528052,4.540621701894108,1.0273180665784332,1.0,1.0,0.97295,across paths,ff12,ew
rolling120,1940-12,1950-11,120,20000,0.053357518660703596,2.3066236440423467,5.049182849678642,1.834899127418903,4.757949898216761,1.0405205744856247,1.0,1.0,0.97485,across paths,ff12,ew
rolling120,1941-01,1950-12,120,20000,0.05451621193123035,2.470493462135219,5.595111777823932,2.0131765483646813,5.275554007933976,1.0580166079279503,1.0,1.0,0.98105,across paths,ff12,ew
rolling120,1941-02,1951-01,120,20000,0.05599268227496834,2.833444557956061,6.065656120715252,2.133377054916541,5.73267411669946,1.038098240175159,1.0,1.0,0.97705,across paths,ff12,ew
rolling120,1941-03,1951-02,120,20000,0.057154390396283006,2.947794466645091,6.3155479842644136,2.2066934547868056,5.971200892463783,1.0403528375615592,1.0,1.0,0.978,across paths,ff12,ew
rolling120,1941-04,1951-03,120,20000,0.0582114390818107,2.8342733565482066,6.065141179753224,2.120955537637394,5.743044325875494,1.0352900041141495,1.0,1.0,0.9784,across paths,ff12,ew
rolling120,1941-05,1951-04,120,20000,0.05969308326094325,3.258546066899358,6.832985766627369,2.3419639994783794,6.479222384391751,1.0131534972043537,1.0,1.0,0.9782,across paths,ff12,ew
rolling120,1941-06,1951-05,120,20000,0.060964714960856314,3.106890238730208,6.593956912058883,2.268362051773152,6.238878913597956,1.0118058109697972,1.0,1.0,0.9797,across paths,ff12,ew
rolling120,1941-07,1951-06,120,20000,0.06223787261880931,2.783244159253595,5.895518370651029,2.0650843589464554,5.57547901930382,1.02596670756859,1.0,1.0,0.9763,across paths,ff12,ew
rolling120,1941-08,1951-07,120,20000,0.06329979191563906,2.825399287751416,5.527917575634126,1.9596896958693861,5.2274258411735275,1.0328427541958103,1.0,1.0,0.95955,across paths,ff12,ew
rolling120,1941-09,1951-08,120,20000,0.0645756240827211,3.0008833496294356,5.863779833172613,2.0575769112308846,5.547100589127968,1.0181145018850046,1.0,1.0,0.96095,across paths,ff12,ew
rolling120,1941-10,1951-09,120,20000,0.06574654017760273,3.0690916908064123,6.102767588158871,2.1265234648680953,5.783613989306169,1.0176134267679906,1.0,1.0,0.96635,across paths,ff12,ew
rolling120,1941-11,1951-10,120,20000,0.0674517346418868,3.1932174559154527,6.368692597369032,2.198714081692021,6.024402279959224,1.0242836371366992,1.0,1.0,0.9682,across paths,ff12,ew
rolling120,1941-12,1951-11,120,20000,0.06862593154999286,3.3061199962889027,6.761427981302071,2.3068779429720263,6.400191339814075,1.0255319300514627,1.0,1.0,0.9749,across paths,ff12,ew
rolling120,1942-01,1951-12,120,20000,0.0698013025375992,3.682730091622906,7.656248312396336,2.5607476311467408,7.2637006003561835,1.0240111944134578,1.0,1.0,0.9818,across paths,ff12,ew
rolling120,1942-02,1952-01,120,20000,0.07119176613817779,3.7194264190942086,6.858008634376507,2.188552422277103,6.541287204176889,0.9394574293246473,1.0,1.0,0.96475,across paths,ff12,ew
rolling120,1942-03,1952-02,120,20000,0.07236995926161738,3.7160398496494462,6.919457284423465,2.2041368614685517,6.589542783674418,0.9434690150361549,1.0,1.0,0.96785,across paths,ff12,ew
rolling120,1942-04,1952-03,120,20000,0.07344222199460582,4.2784708947741095,7.586431095702627,2.3698322165024943,7.236518073600688,0.9292420285646931,1.0,1.0,0.9595,across paths,ff12,ew
rolling120,1942-05,1952-04,120,20000,0.07462289037196213,4.251427286049315,7.5443988771684,2.3602053805441012,7.193255291540364,0.9336875849411834,1.0,1.0,0.95835,across paths,ff12,ew
rolling120,1942-06,1952-05,120,20000,0.075697190972154,4.119633752877401,7.363680815803497,2.2948402336212017,7.043419256370222,0.9350067525971416,1.0,1.0,0.9611,across paths,ff12,ew
rolling120,1942-07,1952-06,120,20000,0.07709531769507327,4.183940739646747,7.372509306650871,2.295018453719998,7.044479954748699,0.9344365142344028,1.0,1.0,0.9573,across paths,ff12,ew
rolling120,1942-08,1952-07,120,20000,0.07838744443828438,4.059774494385746,7.09860712078488,2.219426411205564,6.781438477346642,0.9325165403180546,1.0,1.0,0.95375,across paths,ff12,ew
rolling120,1942-09,1952-08,120,20000,0.07968112126856108,3.938037800766528,6.893758016516611,2.1614573258418153,6.5921485722038495,0.9387007584278996,1.0,1.0,0.9526,across paths,ff12,ew
rolling120,1942-10,1952-09,120,20000,0.08108428577685789,3.7201195227590027,6.427120887662411,2.028278361316596,6.136291824181418,0.9340058136687089,1.0,1.0,0.94695,across paths,ff12,ew
rolling120,1942-11,1952-10,120,20000,0.08227312184039337,3.39454833995382,5.621693687920248,1.780833767192972,5.366361535495502,0.9123548696742004,1.0,1.0,0.9291,across paths,ff12,ew
rolling120,1942-12,1952-11,120,20000,0.08303048581648875,3.653412509340077,6.010743430290635,1.8746038271683074,5.745527659819574,0.9011230146847454,1.0,1.0,0.9315,across paths,ff12,ew
rolling120,1943-01,1952-12,120,20000,0.08443800319283734,3.561379629056465,5.864230466469518,1.8287961567531386,5.601409605368083,0.8930294042973141,1.0,1.0,0.93065,across paths,ff12,ew
rolling120,1943-02,1953-01,120,20000,0.0858473497930079,3.2489447048564424,4.951346419285614,1.507374179970349,4.743941422146756,0.835189996728296,1.0,1.0,0.8939,across paths,ff12,ew
rolling120,1943-03,1953-02,120,20000,0.0870414236556214,2.996064673453366,4.351026990923471,1.3107912751598347,4.1801802708177505,0.784456270702472,1.0,1.0,0.864,across paths,ff12,ew
rolling120,1943-04,1953-03,120,20000,0.08867149676917085,2.7202661310275817,3.8128917480738207,1.1656564021268199,3.6684646779343164,0.7700580232094923,1.0,1.0,0.8313,across paths,ff12,ew
rolling120,1943-05,1953-04,120,20000,0.09008634526042325,2.5907725360265226,3.501144689112647,1.0869675851634943,3.364735466818805,0.7674231364307849,1.0,1.0,0.7952,across paths,ff12,ew
rolling120,1943-06,1953-05,120,20000,0.0917211478178026,2.4179727609638864,3.1449075393692647,0.9947571852335216,3.0157874906306428,0.7741553421067958,1.0,1.0,0.7549,across paths,ff12,ew
rolling120,1943-07,1953-06,120,20000,0.0933582384123508,2.298503119048997,2.974140069626211,0.9498275842189151,2.8578200265794953,0.7654129425673952,1.0,1.0,0.7463,across paths,ff12,ew
rolling120,1943-08,1953-07,120,20000,0.0946698748075272,2.551301783291073,3.2954297978910376,1.0159219905852126,3.1697570126802415,0.7521018179641029,1.0,1.0,0.7555,across paths,ff12,ew
rolling120,1943-09,1953-08,120,20000,0.09620195300879719,2.3508335488054817,3.0952731866281527,0.9745924995193338,2.9702207642308323,0.7575893100581435,1.0,1.0,0.7684,across paths,ff12,ew
rolling120,1943-10,1953-09,120,20000,0.0976265881571643,2.2834439450708404,2.918406474959314,0.9353284200687932,2.7986313701507175,0.7653694718104728,1.0,1.0,0.73495,across paths,ff12,ew
rolling120,1943-11,1953-10,120,20000,0.09872388555610168,2.477701095947301,3.0658302304137237,0.9677929215279343,2.942451561842269,0.7578146438550474,1.0,1.0,0.70365,across paths,ff12,ew
rolling120,1943-12,1953-11,120,20000,0.09927308273972457,2.803666278372967,3.5487717806232832,1.0780247712342823,3.4214045389221135,0.7540345615804361,1.0,1.0,0.73805,across paths,ff12,ew
rolling120,1944-01,1953-12,120,20000,0.10037202613944429,2.580236633261774,3.1042695813344334,0.9716032638600969,2.98909504524906,0.7564850505828938,1.0,1.0,0.67605,across paths,ff12,ew
rolling120,1944-02,1954-01,120,20000,0.10125205975027263,2.7023101433081367,3.2011256677463455,0.9964135801587316,3.083203140968813,0.7592452274167597,1.0,1.0,0.6612,across paths,ff12,ew
rolling120,1944-03,1954-02,120,20000,0.10169242846355875,2.7517234460176283,3.232118449471138,1.0015877145786665,3.1112971879299534,0.7535071202541765,1.0,1.0,0.65165,across paths,ff12,ew
rolling120,1944-04,1954-03,120,20000,0.10235331174398077,2.7978511933047305,3.157957814850427,0.9835017222255855,3.0377458873078056,0.7519560563583675,1.0,1.0,0.60125,across paths,ff12,ew
rolling120,1944-05,1954-04,120,20000,0.10301452536694033,3.0303411687337967,3.356034366113761,1.031763254127335,3.230362602648698,0.7564521707727094,1.0,1.0,0.58095,across paths,ff12,ew
rolling120,1944-06,1954-05,120,20000,0.10323506211099054,2.95518686666246,3.260229947972764,1.0058684155028481,3.1385259095674676,0.7595585618348819,1.0,1.0,0.57555,across paths,ff12,ew
rolling120,1944-07,1954-06,120,20000,0.1035659333682466,2.7902937245995956,2.916650075334654,0.9126859037647751,2.8102630389817707,0.7538699621275009,1.0,1.0,0.5092,across paths,ff12,ew
rolling120,1944-08,1954-07,120,20000,0.10378658036082244,3.04069774476545,3.248723433540586,0.9915307030268565,3.13754116383443,0.7505411983715609,1.0,1.0,0.5408,across paths,ff12,ew
rolling120,1944-09,1954-08,120,20000,0.1040072714695619,2.885974698922969,3.0959327434239445,0.9527474678488981,2.987051193204128,0.750272395738171,1.0,1.0,0.54505,across paths,ff12,ew
rolling120,1944-10,1954-09,120,20000,0.10477992202947872,3.1365198489434922,3.3020274520017368,1.001291923529184,3.1862804969624086,0.7498350324499201,1.0,1.0,0.52155,across paths,ff12,ew
rolling120,1944-11,1954-10,120,20000,0.10522170146446008,3.0626165598965924,3.2713329818056462,0.9957209165615526,3.1547401283594727,0.7558409497723785,1.0,1.0,0.5393,across paths,ff12,ew
rolling120,1944-12,1954-11,120,20000,0.10555316853477814,3.371285972202476,3.599121749373229,1.074415225940765,3.470941836679669,0.7580551946308004,1.0,1.0,0.5407,across paths,ff12,ew
rolling120,1945-01,1954-12,120,20000,0.10621636779604682,3.434717087117197,3.6954619507199618,1.0909471328974432,3.5683375939920974,0.7519910988768865,1.0,1.0,0.55265,across paths,ff12,ew
rolling120,1945-02,1955-01,120,20000,0.10676931009725443,3.3756107049290414,3.543864787365854,1.0540109922263268,3.424742928389847,0.7437902874518952,1.0,1.0,0.51965,across paths,ff12,ew
rolling120,1945-03,1955-02,120,20000,0.10754389369760253,3.2462985391551378,3.3683172299387922,1.0121715905554856,3.2485548817803185,0.7420085304932289,1.0,1.0,0.5011,across paths,ff12,ew
rolling120,1945-04,1955-03,120,20000,0.1084297516409718,3.4159560814541257,3.6514291122675067,1.0799889510821095,3.527811523512284,0.739217604621488,1.0,1.0,0.54375,across paths,ff12,ew
rolling120,1945-05,1955-04,120,20000,0.10920541976668274,3.2267534746070687,3.384179096435762,1.0160349402139452,3.2689554284248494,0.7317868623245859,1.0,1.0,0.5175,across paths,ff12,ew
rolling120,1945-06,1955-05,120,20000,0.1104251798004161,3.198096110968679,3.3048056750584633,0.9957438760782662,3.1877908337270484,0.7394327513976464,1.0,1.0,0.49525,across paths,ff12,ew
rolling120,1945-07,1955-06,120,20000,0.11131334231175405,3.458987652970917,3.301663162475288,0.9864651709502904,3.189312685996424,0.7228617191414204,1.0,1.0,0.39145,across paths,ff12,ew
rolling120,1945-08,1955-07,120,20000,0.11209102834556228,3.6471709659360707,3.4674173925335445,1.0258594483672705,3.3533646240625825,0.7298332792745295,1.0,1.0,0.38625,across paths,ff12,ew
rolling120,1945-09,1955-08,120,20000,0.11353631309698597,3.3904284382180023,3.1994629232637295,0.958035695642239,3.0943233877909915,0.7325876525595658,1.0,1.0,0.3764,across paths,ff12,ew
rolling120,1945-10,1955-09,120,20000,0.11498347615509474,3.1805424985665507,2.913544359401266,0.8934727665566231,2.8119778194792255,0.7392318831956091,1.0,1.0,0.34095,across paths,ff12,ew
rolling120,1945-11,1955-10,120,20000,0.11665544977724074,2.922678012271213,2.6100271716976193,0.8196477024970553,2.5196095413093706,0.739033305987032,1.0,1.0,0.31225,across paths,ff12,ew
rolling120,1945-12,1955-11,120,20000,0.11833009802225747,2.9892839090836345,2.4744371006354524,0.7885044363010126,2.3876874232332335,0.7382026051432276,1.0,1.0,0.22945,across paths,ff12,ew
rolling120,1946-01,1955-12,120,20000,0.12000709007167609,3.007019314725679,2.475295738310672,0.7882007067343024,2.3909610250070976,0.7274320113221577,1.0,1.0,0.22515,across paths,ff12,ew
rolling120,1946-02,1956-01,120,20000,0.12213446533023475,2.6646486044809325,2.1408277022792577,0.7087094236858592,2.067540571993467,0.7341506577910513,1.0,1.0,0.20805,across paths,ff12,ew
rolling120,1946-03,1956-02,120,20000,0.12392934201175865,3.045158885315665,2.4604383190318204,0.781001738371443,2.376725331698048,0.7289005157775744,1.0,1.0,0.20525,across paths,ff12,ew
rolling120,1946-04,1956-03,120,20000,0.12527765272895763,3.0787698740710034,2.4362191275963023,0.7659012956620271,2.3526582925196395,0.7124461347895844,1.0,1.0,0.1868,across paths,ff12,ew
rolling120,1946-05,1956-04,120,20000,0.12707755700204193,2.9305007600989224,2.2624270764027448,0.7190267919400442,2.1821626838719377,0.6979188951259653,1.0,1.0,0.16565,across paths,ff12,ew
rolling120,1946-06,1956-05,120,20000,0.129331036072325,2.59177529303644,1.9828698885994813,0.6556693457605411,1.9078205119607163,0.7012663251674728,1.0,1.0,0.1656,across paths,ff12,ew
rolling120,1946-07,1956-06,120,20000,0.13125032304755546,2.873094909809525,2.2018004479246445,0.7027211174400451,2.12327991424166,0.7023399460560206,1.0,1.0,0.1604,across paths,ff12,ew
rolling120,1946-08,1956-07,120,20000,0.13339905404204733,3.1802686585636817,2.461056830116949,0.7588491986260013,2.3757444071932463,0.6982066350310563,1.0,1.0,0.1634,across paths,ff12,ew
rolling120,1946-09,1956-08,120,20000,0.13498533683286906,3.3326114620872707,2.6541547911099346,0.7995615424092469,2.566756449557589,0.6941712318589512,1.0,1.0,0.18395,across paths,ff12,ew
rolling120,1946-10,1956-09,120,20000,0.13668730424789377,3.5828758303480726,3.0392202821874075,0.8762676191139877,2.9504098470294835,0.6878394061317418,1.0,1.0,0.2429,across paths,ff12,ew
rolling120,1946-11,1956-10,120,20000,0.1391872663286149,3.684211354337916,3.1090026042235475,0.8898839992208072,3.018016402418099,0.6882773998026089,1.0,1.0,0.2366,across paths,ff12,ew
rolling120,1946-12,1956-11,120,20000,0.14112330387011118,3.709503566430131,3.1525426610459495,0.9038160219154633,3.0559611340897646,0.6969523929494568,1.0,1.0,0.24545,across paths,ff12,ew
rolling120,1947-01,1956-12,120,20000,0.1435189441161644,3.6377397025607188,3.0338456104111358,0.8762491771122567,2.9397377637171624,0.6954701302575981,1.0,1.0,0.22515,across paths,ff12,ew
rolling120,1947-02,1957-01,120,20000,0.14626256649532943,3.4280156915247,2.9448332722302046,0.850762849526448,2.8563060882848452,0.6921021530721025,1.0,1.0,0.25785,across paths,ff12,ew
rolling120,1947-03,1957-02,120,20000,0.14866899595613137,3.3935546840204145,2.928098658864626,0.8456982518534334,2.839426373575665,0.690785765778669,1.0,1.0,0.26215,across paths,ff12,ew
rolling120,1947-04,1957-03,120,20000,0.15096564495334452,3.572691992438531,3.1609020024338164,0.8950849003261616,3.066763094431256,0.6952722462573492,1.0,1.0,0.2886,across paths,ff12,ew
rolling120,1947-05,1957-04,120,20000,0.15349700996273907,4.018292976265367,3.643049784163612,0.9956381103570734,3.5317189655299672,0.688300003258378,1.0,1.0,0.317,across paths,ff12,ew
rolling120,1947-06,1957-05,120,20000,0.15614925741141872,4.253834132413889,3.9463268309319517,1.061263522678736,3.8335753446248835,0.681196320269601,1.0,1.0,0.3444,across paths,ff12,ew
rolling120,1947-07,1957-06,120,20000,0.15857644269639715,3.962536388814751,3.63080109419388,0.9951211291520281,3.524996117516922,0.6803931068550008,1.0,1.0,0.33155,across paths,ff12,ew
rolling120,1947-08,1957-07,120,20000,0.16170366092620858,3.810077513582347,3.409792441368977,0.9448566986218417,3.3137783135814987,0.6776168479712359,1.0,1.0,0.3014,across paths,ff12,ew
rolling120,1947-09,1957-08,120,20000,0.16425864248577815,3.6554346715544677,3.2989421336116327,0.9229028681993305,3.2042093319385456,0.6770281291466739,1.0,1.0,0.31315,across paths,ff12,ew
rolling120,1947-10,1957-09,120,20000,0.16658576349814247,3.409845523386652,3.1016079465189055,0.8826726715608568,3.0078816446835352,0.6763164357961385,1.0,1.0,0.3264,across paths,ff12,ew
rolling120,1947-11,1957-10,120,20000,0.16926730183118832,3.127697989655876,2.724973691428681,0.8041279301293646,2.6349274717540627,0.6830182859946258,1.0,1.0,0.2804,across paths,ff12,ew
rolling120,1947-12,1957-11,120,20000,0.17183814738788294,3.3179416412643663,2.9666425213260172,0.8563850478390815,2.8759083460572397,0.6895707043088711,1.0,1.0,0.30805,across paths,ff12,ew
rolling120,1948-01,1957-12,120,20000,0.17371158966987776,3.0352167787312947,2.7102891524730786,0.8017716127868977,2.6255897422048617,0.6837836693192608,1.0,1.0,0.31015,across paths,ff12,ew
rolling120,1948-02,1958-01,120,20000,0.17617465985905212,3.4041532826323575,3.141675210987856,0.8989809825538378,3.039846445144345,0.700375499842425,1.0,1.0,0.3469,across paths,ff12,ew
rolling120,1948-03,1958-02,120,20000,0.1767623358158119,3.537626420051458,3.3446972299499933,0.949434905739144,3.2391699082393406,0.704014265326685,1.0,1.0,0.3763,across paths,ff12,ew
rolling120,1948-04,1958-03,120,20000,0.1767623358158119,3.33464941567947,3.1411517377457683,0.9062356674560041,3.037014557284353,0.710770776886796,1.0,1.0,0.37205,across paths,ff12,ew
rolling120,1948-05,1958-04,120,20000,0.1767623358158119,3.3112482427036625,3.127444728668106,0.8980865293052358,3.02824315744083,0.6975025941281392,1.0,1.0,0.3759,across paths,ff12,ew
rolling120,1948-06,1958-05,120,20000,0.1771150823193539,3.1117426210440984,2.9301779356060185,0.8523374331407708,2.836412365185492,0.6927784582274364,1.0,1.0,0.3734,across paths,ff12,ew
rolling120,1948-07,1958-06,120,20000,0.17640944834054317,3.2342970620394125,3.081794042386303,0.8827518677864022,2.9871134708735676,0.6818369284811541,1.0,1.0,0.38925,across paths,ff12,ew
rolling120,1948-08,1958-07,120,20000,0.17629190143323492,3.655943906322495,3.533714633448282,0.981877105376947,3.4271148710991515,0.6788546664009594,1.0,1.0,0.40705,across paths,ff12,ew
rolling120,1948-09,1958-08,120,20000,0.1757042843379042,3.7306580465515315,3.7226175867225217,1.0261584513661222,3.6163435310271788,0.6815886264541398,1.0,1.0,0.4555,across paths,ff12,ew
rolling120,1948-10,1958-09,120,20000,0.1774671356238966,4.110865493878702,4.198627531014944,1.1344867338560463,4.077325297368022,0.686139374944325,1.0,1.0,0.48825,across paths,ff12,ew
rolling120,1948-11,1958-10,120,20000,0.17911493049582128,3.9522358007196354,4.081166574205471,1.1098700247147155,3.9634744365411128,0.680781024781925,1.0,1.0,0.5042,across paths,ff12,ew
rolling120,1948-12,1958-11,120,20000,0.17993998092699592,4.630369964390394,4.971173349189269,1.303957141009755,4.831351719488424,0.6748999385913074,1.0,1.0,0.56605,across paths,ff12,ew
rolling120,1949-01,1958-12,120,20000,0.18206302367556493,4.743740434147722,5.075732518300238,1.3184679137183315,4.938885713696139,0.66803092624103,1.0,1.0,0.56135,across paths,ff12,ew
rolling120,1949-02,1959-01,120,20000,0.18336199403125253,4.777517039910177,5.195587633949508,1.3377018779237468,5.060070195965026,0.6644786763287642,1.0,1.0,0.5884,across paths,ff12,ew
rolling120,1949-03,1959-02,120,20000,0.1845442919571505,5.01418354689703,5.702857170487899,1.4621455323667742,5.550478232987603,0.6701471011138252,1.0,1.0,0.64915,across paths,ff12,ew
rolling120,1949-04,1959-03,120,20000,0.18596432507438188,4.80341283209939,5.429848537538508,1.4046693413530047,5.282227568929718,0.6713205026132701,1.0,1.0,0.64065,across paths,ff12,ew
rolling120,1949-05,1959-04,120,20000,0.18726771278302579,5.136657063142361,5.882760587035069,1.509366177153332,5.717449874941925,0.6699383320312827,1.0,1.0,0.6632,across paths,ff12,ew
rolling120,1949-06,1959-05,120,20000,0.18869101074040806,5.441847071533812,6.160421507064151,1.5676163309856606,5.9894913343254945,0.6675680432656237,1.0,1.0,0.6475,across paths,ff12,ew
rolling120,1949-07,1959-06,120,20000,0.1903535156505345,5.428989093347117,6.227436367428827,1.5858405157330129,6.056433975064943,0.6729689031181193,1.0,1.0,0.6652,across paths,ff12,ew
rolling120,1949-08,1959-07,120,20000,0.1922563687078238,5.295089860123944,6.031906592203712,1.5420716368302316,5.858239951947613,0.6699517056382608,1.0,1.0,0.65515,across paths,ff12,ew
rolling120,1949-09,1959-08,120,20000,0.1934475530106592,5.057828487328076,5.770602534706921,1.4905464915351707,5.603629491386476,0.6748843225260429,1.0,1.0,0.65365,across paths,ff12,ew
rolling120,1949-10,1959-09,120,20000,0.19607077672593887,4.606925959874309,5.101385550760543,1.330239699987351,4.960962174295821,0.6469031987029172,1.0,1.0,0.6116,across paths,ff12,ew
rolling120,1949-11,1959-10,120,20000,0.19858026681598218,4.517306393529327,5.041062618574229,1.3193499079620796,4.898508481196739,0.648099764501655,1.0,1.0,0.6222,across paths,ff12,ew
rolling120,1949-12,1959-11,120,20000,0.20073598672032755,4.515681904454776,5.083487006614252,1.3323633924142646,4.932676993822689,0.6535099367856436,1.0,1.0,0.63545,across paths,ff12,ew
rolling120,1950-01,1959-12,120,20000,0.2037351274604624,4.388312266254403,4.795902320246667,1.2593150879820616,4.654774634970426,0.6482288021251059,1.0,1.0,0.59005,across paths,ff12,ew
rolling120,1950-02,1960-01,120,20000,0.20662149403644903,3.941536006040363,4.3529136316936246,1.1629740269809077,4.215507070738224,0.6606434054364194,1.0,1.0,0.6033,across paths,ff12,ew
rolling120,1950-03,1960-02,120,20000,0.2090325670588018,3.9356978223175636,4.308560022018739,1.155900322802929,4.181149491885517,0.6633049908194735,1.0,1.0,0.5912,across paths,ff12,ew
rolling120,1950-04,1960-03,120,20000,0.21205212891459313,3.8071437353905875,4.163761366451775,1.121801179712513,4.04525572015542,0.6725499181865544,1.0,1.0,0.58725,across paths,ff12,ew
rolling120,1950-05,1960-04,120,20000,0.2132630911774711,3.550682640212104,3.802117902471698,1.0259360527729209,3.695196920326879,0.6566100640167976,1.0,1.0,0.55705,across paths,ff12,ew
rolling120,1950-06,1960-05,120,20000,0.21532357794570456,3.505794657838819,3.8269068771941153,1.0430453438023821,3.706952160045288,0.6776227938962442,1.0,1.0,0.584,across paths,ff12,ew
rolling120,1950-07,1960-06,120,20000,0.21702333120157258,3.8973115507761635,4.35131510526414,1.1557680296450028,4.221864578186739,0.6778474437260716,1.0,1.0,0.62005,across paths,ff12,ew
rolling120,1950-08,1960-07,120,20000,0.21738807345867595,3.718253446377034,4.127612652370802,1.0821959369362044,4.007514089758928,0.6762633947984494,1.0,1.0,0.61455,across paths,ff12,ew
rolling120,1950-09,1960-08,120,20000,0.21823939378976598,3.637787805475596,4.115634584496364,1.108469112106018,3.98241403147271,0.727919720305624,1.0,1.0,0.6356,across paths,ff12,ew
rolling120,1950-10,1960-09,120,20000,0.21896960721261705,3.162162597822933,3.561975552054397,0.9938169529966059,3.445560978486441,0.7294036605820207,1.0,1.0,0.62255,across paths,ff12,ew
rolling120,1950-11,1960-10,120,20000,0.22018711580951345,3.144669269582308,3.4867969894698194,0.9812846151719083,3.3711069319696185,0.7288237314677257,1.0,1.0,0.59935,across paths,ff12,ew
rolling120,1950-12,1960-11,120,20000,0.22043088508647068,3.2240567120818424,3.5824555667625666,0.994572043604995,3.467672922177917,0.7340800827874948,1.0,1.0,0.60285,across paths,ff12,ew
rolling120,1951-01,1960-12,120,20000,0.22104043002957652,3.192480209408256,3.4543092269359468,0.9580163243836932,3.348680366915713,0.7347954484677747,1.0,1.0,0.5649,across paths,ff12,ew
rolling120,1951-02,1961-01,120,20000,0.22177210311258633,3.214664740422794,3.4871777825214973,0.9650566900485685,3.376160324901125,0.7319027706819775,1.0,1.0,0.5706,across paths,ff12,ew
rolling120,1951-03,1961-02,120,20000,0.2222603237332108,3.306432317529537,3.6695062473628073,1.0043948880100275,3.5500366826120615,0.7315190910763892,1.0,1.0,0.6047,across paths,ff12,ew
rolling120,1951-04,1961-03,120,20000,0.2233591493164293,3.5324155958562535,4.052857734443912,1.0888347135670837,3.9286628076951517,0.7263978060096364,1.0,1.0,0.6513,across paths,ff12,ew
rolling120,1951-05,1961-04,120,20000,0.22384785765531534,3.3368556125318527,3.9017011528807597,1.051833592297393,3.77732497384784,0.7174645310814106,1.0,1.0,0.6776,across paths,ff12,ew
rolling120,1951-06,1961-05,120,20000,0.22458128625558804,3.550681758730744,4.20761952212782,1.1174814358225396,4.080017195269875,0.7175785361953995,1.0,1.0,0.6989,across paths,ff12,ew
rolling120,1951-07,1961-06,120,20000,0.2255597770955846,3.5334107334898954,4.191833542362473,1.109791234624783,4.057166929750821,0.7174292347389778,1.0,1.0,0.7,across paths,ff12,ew
rolling120,1951-08,1961-07,120,20000,0.22617176140453088,3.3611004824130957,3.9389011759493138,1.0504866027858213,3.816236736227025,0.7207933830849585,1.0,1.0,0.68345,across paths,ff12,ew
rolling120,1951-09,1961-08,120,20000,0.22629421938529637,3.2896823458020394,3.847738571495931,1.03106803650697,3.721554681685974,0.7233254214038956,1.0,1.0,0.67935,across paths,ff12,ew
rolling120,1951-10,1961-09,120,20000,0.22690663160033098,3.1705481406022207,3.623518847966065,0.9853437197098679,3.5037049458365974,0.7221097432297042,1.0,1.0,0.64645,across paths,ff12,ew
rolling120,1951-11,1961-10,120,20000,0.22727411561538702,3.3901181236268583,3.884532170402467,1.0426495073133548,3.756205272379611,0.7280565911387329,1.0,1.0,0.65195,across paths,ff12,ew
rolling120,1951-12,1961-11,120,20000,0.22776448585437037,3.5605954487175433,4.047177769042761,1.0774828450395995,3.9227061227522815,0.7343111691105273,1.0,1.0,0.6425,across paths,ff12,ew
rolling120,1952-01,1961-12,120,20000,0.2286228909084036,3.4093838258166143,3.9227537323114565,1.0531389486542488,3.7964568741044546,0.741642008510324,1.0,1.0,0.6581,across paths,ff12,ew
rolling120,1952-02,1962-01,120,20000,0.22972699535355323,3.18240471746011,3.7710945703266385,1.0230632399623465,3.647624255384726,0.7490640771694725,1.0,1.0,0.695,across paths,ff12,ew
rolling120,1952-03,1962-02,120,20000,0.23070959782686828,3.376765543989597,3.9629271600947837,1.0659701338717065,3.829758366963509,0.7522507931184086,1.0,1.0,0.6864,across paths,ff12,ew
rolling120,1952-04,1962-03,120,20000,0.23181601940118068,3.1661951883103256,3.7957052892158587,1.028697100576454,3.6615904028743684,0.7472202817707494,1.0,1.0,0.7118,across paths,ff12,ew
rolling120,1952-05,1962-04,120,20000,0.2330463590130476,3.0996411506200285,3.6729652677157993,1.005096558553148,3.5451457826778654,0.7540476553157249,1.0,1.0,0.69325,across paths,ff12,ew
rolling120,1952-06,1962-05,120,20000,0.2344009490409258,2.633457239657237,3.113013620269719,0.8870557065289155,3.000574441214775,0.7541300162841147,1.0,1.0,0.68085,across paths,ff12,ew
rolling120,1952-07,1962-06,120,20000,0.2350172251013556,2.2040391275754274,2.6500959443489505,0.7890650700891093,2.550088993308317,0.7516097618829507,1.0,1.0,0.68945,across paths,ff12,ew
rolling120,1952-08,1962-07,120,20000,0.23649702607002432,2.3777788309112022,2.861247716550059,0.8345714471867529,2.7560047914555668,0.7563160366953591,1.0,1.0,0.69415,across paths,ff12,ew
rolling120,1952-09,1962-08,120,20000,0.23748474211681003,2.4790646119145756,2.974905489712732,0.862438287529406,2.866471367345853,0.749001103257937,1.0,1.0,0.69225,across paths,ff12,ew
rolling120,1952-10,1962-09,120,20000,0.23810249608152478,2.3680834435972846,2.7654373585139287,0.8172196900013835,2.665797021581642,0.7477553196338206,1.0,1.0,0.6564,across paths,ff12,ew
rolling120,1952-11,1962-10,120,20000,0.23958614197257533,2.392798973490992,2.7170337332713745,0.8084263775552333,2.61946957408176,0.7452188462030146,1.0,1.0,0.62205,across paths,ff12,ew
rolling120,1952-12,1962-11,120,20000,0.24082448976675375,2.5537058077042643,3.029447260169226,0.8817968026182681,2.9205317496876972,0.7486008893258194,1.0,1.0,0.68145,across paths,ff12,ew
rolling120,1953-01,1962-12,120,20000,0.24169167940616743,2.489932835114751,2.91666248674518,0.8575014143415048,2.8100036328016964,0.7468101258044916,1.0,1.0,0.66285,across paths,ff12,ew
rolling120,1953-02,1963-01,120,20000,0.24280741673790196,2.677680173569633,3.1482430687325578,0.9060401252434725,3.0428700438331293,0.7617440340919165,1.0,1.0,0.67295,across paths,ff12,ew
rolling120,1953-03,1963-02,120,20000,0.24392437966486846,2.6025578389938637,3.0216156087896846,0.8778310390268567,2.9164715914966735,0.759530952221685,1.0,1.0,0.65575,across paths,ff12,ew
rolling120,1953-04,1963-03,120,20000,0.24454522433429582,2.769295628382176,3.146551911490823,0.9072466545378965,3.0363489760002222,0.768587815249874,1.0,1.0,0.62995,across paths,ff12,ew
rolling120,1953-05,1963-04,120,20000,0.24566352575392525,3.057036987869277,3.4120161275821292,0.9617521760809528,3.301647045196271,0.7585663746770916,1.0,1.0,0.60845,across paths,ff12,ew
rolling120,1953-06,1963-05,120,20000,0.246534010398058,3.1102281760296604,3.5113290457534787,0.9861770468914208,3.3970575750070506,0.7599697593862328,1.0,1.0,0.62545,across paths,ff12,ew
rolling120,1953-07,1963-06,120,20000,0.24715615753840448,3.1077191345141273,3.5706719700476928,0.9987354377615952,3.4516003929095684,0.7618766747082805,1.0,1.0,0.64755,across paths,ff12,ew
rolling120,1953-08,1963-07,120,20000,0.24865050340864503,3.00077023067061,3.4711120578411143,0.9789441218747912,3.3565330654112557,0.7665933536640821,1.0,1.0,0.6553,across paths,ff12,ew
rolling120,1953-09,1963-08,120,20000,0.249647728528668,3.407500558482745,3.9142165072933843,1.0693250246486377,3.7883915563401827,0.7492368389652693,1.0,1.0,0.6519,across paths,ff12,ew
rolling120,1953-10,1963-09,120,20000,0.25102014516343374,3.334166634674175,3.8852079408953433,1.0591650106450299,3.7588290296758426,0.7503510808568581,1.0,1.0,0.6741,across paths,ff12,ew
rolling120,1953-11,1963-10,120,20000,0.25301917865215984,3.255536666127618,3.796043125021099,1.0409134101747273,3.674931945774931,0.7475843028011179,1.0,1.0,0.67285,across paths,ff12,ew
rolling120,1953-12,1963-11,120,20000,0.25539801202490064,3.1104051688665626,3.606384717236457,0.9996875923373355,3.487617446635334,0.7489065850235809,1.0,1.0,0.6631,across paths,ff12,ew
rolling120,1954-01,1963-12,120,20000,0.25740404100646463,3.191258870141321,3.6464390331480985,1.010607452386893,3.5231385156852353,0.752658547005951,1.0,1.0,0.64385,across paths,ff12,ew
rolling120,1954-02,1964-01,120,20000,0.25979048359752666,3.083729423643968,3.4972825834939387,0.975771747929747,3.37507305606575,0.7503980061901544,1.0,1.0,0.6324,across paths,ff12,ew
rolling120,1954-03,1964-02,120,20000,0.2621824111670632,3.086539145087402,3.5266867416732164,0.9825514845403407,3.4078215498634203,0.7477583892740147,1.0,1.0,0.64255,across paths,ff12,ew
rolling120,1954-04,1964-03,120,20000,0.26508311015355845,3.0069670506872033,3.509494978600459,0.9798813083600271,3.390804488902136,0.7437516499402016,1.0,1.0,0.6681,across paths,ff12,ew
rolling120,1954-05,1964-04,120,20000,0.2676110012718589,2.8545364336765844,3.436163297701846,0.9626838853048587,3.318936283643078,0.7383724410557989,1.0,1.0,0.70865,across paths,ff12,ew
rolling120,1954-06,1964-05,120,20000,0.2702716540481416,2.7992314029267895,3.3118850948714025,0.9376572854755346,3.1966415331772464,0.7405718754753217,1.0,1.0,0.685,across paths,ff12,ew
rolling120,1954-07,1964-06,120,20000,0.27331847792353203,2.8153839588221676,3.2935147682874484,0.9328031077583904,3.177599756406092,0.7331828014819156,1.0,1.0,0.6705,across paths,ff12,ew
rolling120,1954-08,1964-07,120,20000,0.2765001832656697,2.7060616768987527,3.1356749964782176,0.8966345776276691,3.03028060223061,0.734603261256437,1.0,1.0,0.65515,across paths,ff12,ew
rolling120,1954-09,1964-08,120,20000,0.2794346664455909,2.749305385308831,3.129672258105648,0.8945585287080471,3.0252831679685155,0.7262431538345756,1.0,1.0,0.63135,across paths,ff12,ew
rolling120,1954-10,1964-09,120,20000,0.2818634064458372,2.6253730446544314,3.0912720516421084,0.8869559736186247,2.9861782744992484,0.72451112858348,1.0,1.0,0.672,across paths,ff12,ew
rolling120,1954-11,1964-10,120,20000,0.2846815332512542,2.717112667430747,3.2061685693280624,0.9102632876770582,3.1015868725007665,0.720589642211866,1.0,1.0,0.67935,across paths,ff12,ew
rolling120,1954-12,1964-11,120,20000,0.2876345289802946,2.4050612797109285,2.8544244659996094,0.8304678412931669,2.7554644753203337,0.7111069160282839,1.0,1.0,0.6798,across paths,ff12,ew
rolling120,1955-01,1964-12,120,20000,0.29059372104329895,2.236695078327097,2.5188201461556137,0.7541847927925625,2.4300550879174647,0.7083224290806949,1.0,1.0,0.61115,across paths,ff12,ew
rolling120,1955-02,1965-01,120,20000,0.29317284518607156,2.3376408723869604,2.719830229967131,0.798832460785142,2.6249908945112743,0.7202800756409031,1.0,1.0,0.6538,across paths,ff12,ew
rolling120,1955-03,1965-02,120,20000,0.29588606626199376,2.2609246579794626,2.691721187320646,0.7929535857321529,2.598950877527269,0.722095339454116,1.0,1.0,0.68265,across paths,ff12,ew
rolling120,1955-04,1965-03,120,20000,0.2992520040964406,2.2305828877751517,2.716296219770896,0.7960490567114678,2.6230252557092024,0.7172008145368959,1.0,1.0,0.7111,across paths,ff12,ew
rolling120,1955-05,1965-04,120,20000,0.30197770760153797,2.2371561113623315,2.7621775704428746,0.8066875218222378,2.666909097784246,0.7259194733424499,1.0,1.0,0.72795,across paths,ff12,ew
rolling120,1955-06,1965-05,120,20000,0.30418797532964126,2.1875163015818444,2.70952705717497,0.7967519170364911,2.6159026322807195,0.7234948078592989,1.0,1.0,0.7281,across paths,ff12,ew
rolling120,1955-07,1965-06,120,20000,0.3074451880552398,1.8345433290391195,2.311472092997339,0.7100672855194164,2.2309093462282013,0.7329987785071554,1.0,1.0,0.73645,across paths,ff12,ew
rolling120,1955-08,1965-07,120,20000,0.3101880800581529,1.8278731613857278,2.3728739724030357,0.7220775232403892,2.2897908347494247,0.7305161025428141,1.0,1.0,0.76535,across paths,ff12,ew
rolling120,1955-09,1965-08,120,20000,0.31241184177550374,1.9033732617295587,2.5253445252799085,0.7554252539795562,2.43702880850047,0.7352165022677632,1.0,1.0,0.79145,across paths,ff12,ew
rolling120,1955-10,1965-09,120,20000,0.3143773147813578,2.001713793091879,2.668754498155487,0.7880581974926134,2.5772276370532143,0.7355903904736608,1.0,1.0,0.79895,across paths,ff12,ew
rolling120,1955-11,1965-10,120,20000,0.316082935173867,2.16794550761035,2.9407322326588368,0.8511834466292654,2.8412083734055367,0.733896054578027,1.0,1.0,0.82115,across paths,ff12,ew
rolling120,1955-12,1965-11,120,20000,0.3184478640780428,1.9643530764244974,2.9002392973447306,0.8492366991308852,2.801913144484021,0.7474964719366858,1.0,1.0,0.8817,across paths,ff12,ew
rolling120,1956-01,1965-12,120,20000,0.32042198246107034,1.954731393379154,2.972025439281564,0.8645905799981738,2.8699470180187765,0.7439756353018138,1.0,1.0,0.9,across paths,ff12,ew
rolling120,1956-02,1966-01,120,20000,0.3225300199505312,2.0736016449288246,3.2690119657497823,0.932527759438863,3.159720568385439,0.7428825271843612,1.0,1.0,0.9248,across paths,ff12,ew
rolling120,1956-03,1966-02,120,20000,0.3246420551156384,1.9308153032436626,3.242126944240246,0.9323532116882558,3.133972006769835,0.7390349386711472,1.0,1.0,0.9474,across paths,ff12,ew
rolling120,1956-04,1966-03,120,20000,0.32768416867206973,1.686008930877959,2.9829271783988216,0.8723292284610275,2.8773874656596767,0.7294861747034941,1.0,1.0,0.9589,across paths,ff12,ew
rolling120,1956-05,1966-04,120,20000,0.32967191820097286,1.739477805783463,3.1616530700136245,0.9176129401235992,3.0559864439448203,0.7224074018548211,1.0,1.0,0.9674,across paths,ff12,ew
rolling120,1956-06,1966-05,120,20000,0.33205983544407536,1.731692740973847,2.9797066848087725,0.8846691852665359,2.87436151921687,0.730865052222234,1.0,1.0,0.9478,across paths,ff12,ew
rolling120,1956-07,1966-06,120,20000,0.3344527573041547,1.6070577774857955,2.884296234028331,0.8645540878219767,2.7781252754809356,0.732762252684726,1.0,1.0,0.95785,across paths,ff12,ew
rolling120,1956-08,1966-07,120,20000,0.3361837377317094,1.4497310469579072,2.684544313095472,0.819379387370974,2.5881700173969326,0.7374854179562045,1.0,1.0,0.96245,across paths,ff12,ew
rolling120,1956-09,1966-08,120,20000,0.3393851363246574,1.3358076914023274,2.380526350594289,0.7515387997233495,2.290824435192939,0.7374999884579362,1.0,1.0,0.94495,across paths,ff12,ew
rolling120,1956-10,1966-09,120,20000,0.3423264891894151,1.4414892262616497,2.456477013366686,0.7709296588806844,2.3631773408240297,0.7360002688024158,1.0,1.0,0.93175,across paths,ff12,ew
rolling120,1956-11,1966-10,120,20000,0.34500444727258595,1.5272575289406842,2.4377781942672176,0.7817358506068923,2.343406432863201,0.7448391572681404,1.0,1.0,0.8993,across paths,ff12,ew
rolling120,1956-12,1966-11,120,20000,0.34768908688790057,1.5581727627606456,2.5852684344604415,0.821999959110493,2.4845004099968846,0.7540357893293911,1.0,1.0,0.91915,across paths,ff12,ew
rolling120,1957-01,1966-12,120,20000,0.3498402266913929,1.487167387237212,2.580857923212803,0.8214311210935248,2.479089520543307,0.7503962509286644,1.0,1.0,0.9355,across paths,ff12,ew
rolling120,1957-02,1967-01,120,20000,0.3519941554464605,1.7927263175410184,3.138440684779195,0.9641994965728966,3.0233828609625486,0.7494495298667038,1.0,1.0,0.94715,across paths,ff12,ew
rolling120,1957-03,1967-02,120,20000,0.35361266401243796,1.8769319801662747,3.3980481096420823,1.0265559790791874,3.2756803561420966,0.7529547081141789,1.0,1.0,0.9609,across paths,ff12,ew
rolling120,1957-04,1967-03,120,20000,0.3557734744109413,1.9337061360859296,3.5220887557450404,1.058508237231928,3.394120995968984,0.7627250408130053,1.0,1.0,0.9642,across paths,ff12,ew
rolling120,1957-05,1967-04,120,20000,0.3567201491561658,1.9252848190748701,3.563154295785396,1.06746775266581,3.4302802370474383,0.7665887115006557,1.0,1.0,0.96725,across paths,ff12,ew
rolling120,1957-06,1967-05,120,20000,0.3576673904332546,1.7078345109851352,3.367328966561619,1.0235781563306394,3.2454528260492954,0.7728507921380203,1.0,1.0,0.97605,across paths,ff12,ew
rolling120,1957-07,1967-06,120,20000,0.35807371547029576,1.7949293992668967,3.7326153836976586,1.1154056157005385,3.5905693124314624,0.7782036965187192,1.0,1.0,0.9856,across paths,ff12,ew
rolling120,1957-08,1967-07,120,20000,0.3583445178063813,1.904002515680443,4.068093569034555,1.2048448678699097,3.9175273399674198,0.7804901772944136,1.0,1.0,0.9894,across paths,ff12,ew
rolling120,1957-09,1967-08,120,20000,0.3591574920813778,2.0346566812130025,4.341033840968522,1.2698597629937876,4.1849105531371995,0.7830044434618622,1.0,1.0,0.9902,across paths,ff12,ew
rolling120,1957-10,1967-09,120,20000,0.3599708717893857,2.3292054096854646,4.953125408064982,1.4186651531770484,4.778508166404689,0.7760675827924143,1.0,1.0,0.99205,across paths,ff12,ew
rolling120,1957-11,1967-10,120,20000,0.36132691014992946,2.37569009499315,5.181431069393242,1.4679505490249427,5.001220774186425,0.7635906678767918,1.0,1.0,0.9945,across paths,ff12,ew
rolling120,1957-12,1967-11,120,20000,0.3624129308201727,2.3144874087987133,5.018905210613482,1.4251378187348263,4.842065192576339,0.7697251366651877,1.0,1.0,0.99365,across paths,ff12,ew
rolling120,1958-01,1967-12,120,20000,0.36363616669181886,2.5566920108118216,5.738812854841294,1.5883206701292798,5.548607637985085,0.7824671253187708,1.0,1.0,0.99635,across paths,ff12,ew
rolling120,1958-02,1968-01,120,20000,0.36526796106759685,2.266543496444632,5.257504775720322,1.4855434467456412,5.085239895090133,0.7683302106683456,1.0,1.0,0.9967,across paths,ff12,ew
rolling120,1958-03,1968-02,120,20000,0.36894976639608523,2.202266243344901,4.979704068421255,1.4175935505583381,4.817715390828285,0.7777240303059116,1.0,1.0,0.99565,across paths,ff12,ew
rolling120,1958-04,1968-03,120,20000,0.3729161509725152,2.116446995143805,4.691108603445683,1.3455633757488679,4.5376522959511325,0.7739812734747606,1.0,1.0,0.99435,across paths,ff12,ew
rolling120,1958-05,1968-04,120,20000,0.3777175164085702,2.3061463954491566,5.212895888959505,1.4775839183244388,5.0430306378005785,0.7843158384765442,1.0,1.0,0.99525,across paths,ff12,ew
rolling120,1958-06,1968-05,120,20000,0.3823966089625499,2.315829534359971,5.501402780726677,1.5562175454121487,5.3191218280917525,0.7896481255250211,1.0,1.0,0.997,across paths,ff12,ew
rolling120,1958-07,1968-06,120,20000,0.38792453701998286,2.2568943357597497,5.412512188280368,1.543587035291197,5.2381161599221295,0.7969829786841106,1.0,1.0,0.99725,across paths,ff12,ew
rolling120,1958-08,1968-07,120,20000,0.3936110470647336,2.0489344925708024,4.9794525180298805,1.448152212278057,4.810078161774859,0.8127639292502628,1.0,1.0,0.99695,across paths,ff12,ew
rolling120,1958-09,1968-08,120,20000,0.3989046516017647,2.0438499441723614,4.978373575351994,1.4483024754480107,4.807299467587678,0.8208548439923445,1.0,1.0,0.9975,across paths,ff12,ew
rolling120,1958-10,1968-09,120,20000,0.4022556558575232,2.0331086520470034,5.061084890882251,1.4693630797174035,4.878693832136003,0.8050683835957447,1.0,1.0,0.9976,across paths,ff12,ew
rolling120,1958-11,1968-10,120,20000,0.4058949697976604,1.9787719767498908,4.932006718990005,1.435920507699821,4.7600020444624676,0.7951386047605202,1.0,1.0,0.99785,across paths,ff12,ew
rolling120,1958-12,1968-11,120,20000,0.41024845536990373,2.0576320184152053,5.057571658138876,1.4586017968918454,4.87808358799373,0.789174350210945,1.0,1.0,0.9976,across paths,ff12,ew
rolling120,1959-01,1968-12,120,20000,0.4132034760806169,1.799976179323092,4.834762741992943,1.4122412078862725,4.666376368042728,0.796450338012833,1.0,1.0,0.9986,across paths,ff12,ew
rolling120,1959-02,1969-01,120,20000,0.41771625037805027,1.754475179183479,4.606805259347357,1.3549147038528428,4.444729316214417,0.7935356133457363,1.0,1.0,0.99835,across paths,ff12,ew
rolling120,1959-03,1969-02,120,20000,0.42153682516198154,1.5763629815182623,3.9623872821269694,1.1897341728846877,3.816117889571877,0.7843581850430172,1.0,1.0,0.9964,across paths,ff12,ew
rolling120,1959-04,1969-03,120,20000,0.4249410243042573,1.6435278672056044,3.9820460498802945,1.199905016136884,3.8306343184679963,0.7909491587325017,1.0,1.0,0.99495,across paths,ff12,ew
rolling120,1959-05,1969-04,120,20000,0.4296339438453789,1.5959311301396069,3.857631296650005,1.1571175307766182,3.720782483647638,0.7760322864860646,1.0,1.0,0.995,across paths,ff12,ew
rolling120,1959-06,1969-05,120,20000,0.43334283254423944,1.5562091824886215,3.911205789571094,1.1753549650268629,3.7707728088854764,0.7777675486113855,1.0,1.0,0.9963,across paths,ff12,ew
rolling120,1959-07,1969-06,120,20000,0.4372035923685307,1.3854544090983811,3.355166966087002,1.0433008579281309,3.230527560612453,0.7802803942027657,1.0,1.0,0.99275,across paths,ff12,ew
rolling120,1959-08,1969-07,120,20000,0.4412177270903579,1.1571260841435915,2.8340509704751495,0.9245604253060471,2.727019196579672,0.7871887295350932,1.0,1.0,0.98985,across paths,ff12,ew
rolling120,1959-09,1969-08,120,20000,0.44567702937000675,1.2964081853159035,3.0966865983154253,0.9894538010508752,2.9771259220775024,0.784243412403636,1.0,1.0,0.99,across paths,ff12,ew
rolling120,1959-10,1969-09,120,20000,0.4501447781398673,1.3481074271842726,3.201771964727719,1.0175191312250156,3.0786961927585765,0.7853947781839417,1.0,1.0,0.9906,across paths,ff12,ew
rolling120,1959-11,1969-10,120,20000,0.45448220020808217,1.4424200704497956,3.4740908436460485,1.0884029305944036,3.337097179249179,0.7957180958684723,1.0,1.0,0.99205,across paths,ff12,ew
rolling120,1959-12,1969-11,120,20000,0.458254047126635,1.319172091241943,3.1765700215453703,1.0163900311413532,3.0523714599060665,0.7938769354641445,1.0,1.0,0.9899,across paths,ff12,ew
rolling120,1960-01,1969-12,120,20000,0.46261398547762145,1.2111095006091723,2.8381129663528775,0.9415444936641894,2.718529731381149,0.8083319496558244,1.0,1.0,0.9849,across paths,ff12,ew
rolling120,1960-02,1970-01,120,20000,0.466550054211589,1.1909762057455646,2.831520862658316,0.9392827580471897,2.7076558118078733,0.8080204863062634,1.0,1.0,0.9863,across paths,ff12,ew
rolling120,1960-03,1970-02,120,20000,0.47137567508994005,1.2840575999965584,2.9670215440815473,0.9741431884556415,2.8437519223458363,0.8064960815783382,1.0,1.0,0.9852,across paths,ff12,ew
rolling120,1960-04,1970-03,120,20000,0.4746014114977106,1.302335613610793,2.943147659785436,0.9719757943987462,2.819482243922627,0.8225960589993954,1.0,1.0,0.98255,across paths,ff12,ew
rolling120,1960-05,1970-04,120,20000,0.47916400694200934,1.092628561883652,2.3619513399749406,0.8402174042279021,2.253013856621872,0.8277896198054274,1.0,0.99955,0.9652,across paths,ff12,ew
rolling120,1960-06,1970-05,120,20000,0.48299947758931094,0.8950847494841501,1.978424400320628,0.7365566782830086,1.8870268888432187,0.8233761829490767,1.0,0.99715,0.9606,across paths,ff12,ew
rolling120,1960-07,1970-06,120,20000,0.48802960351090263,0.7554352282653216,1.7144861595955485,0.6727557795132583,1.6289647116528085,0.81780607120447,0.99995,0.9902,0.9536,across paths,ff12,ew
rolling120,1960-08,1970-07,120,20000,0.4938253844493752,0.9292549194438029,1.9509929693331989,0.7370084940449917,1.85997258338692,0.8253138279607795,1.0,0.99555,0.9467,across paths,ff12,ew
rolling120,1960-09,1970-08,120,20000,0.4991940291374233,0.9640364853075762,1.9698239284511467,0.7229206352730118,1.881238619230128,0.7573251710973788,1.0,0.996,0.94655,across paths,ff12,ew
rolling120,1960-10,1970-09,120,20000,0.5048818659093104,1.1843022593607628,2.5368967196504815,0.8704333587079929,2.4312734017773696,0.7617927686145287,1.0,0.9997,0.9693,across paths,ff12,ew
rolling120,1960-11,1970-10,120,20000,0.5084856540535752,1.1553274931829294,2.4265465819787018,0.8473242282502855,2.325960600761813,0.7654673163944263,1.0,0.99935,0.9634,across paths,ff12,ew
rolling120,1960-12,1970-11,120,20000,0.5134571937103982,1.1606736594510805,2.3061255264606597,0.8233216920107802,2.207436764962909,0.7852024588667994,1.0,0.99875,0.94815,across paths,ff12,ew
rolling120,1961-01,1970-12,120,20000,0.5173858964895985,1.1868349288523854,2.4230278757635495,0.8562263311281957,2.318875522953708,0.7831881839828824,1.0,0.9992,0.95575,across paths,ff12,ew
rolling120,1961-02,1971-01,120,20000,0.520263462317855,1.1625801566365204,2.5766933981987985,0.9023241064683335,2.4685927003072425,0.7922795042529103,1.0,0.99945,0.9717,across paths,ff12,ew
rolling120,1961-03,1971-02,120,20000,0.5231479246489952,1.1215013512313146,2.5218062228458535,0.8927309481293553,2.4185749831289067,0.795922324269349,1.0,0.99935,0.97285,across paths,ff12,ew
rolling120,1961-04,1971-03,120,20000,0.5246680323582258,1.1488715791597044,2.5288308290063317,0.8957550994346343,2.42057927411227,0.7927625899358115,1.0,0.99925,0.96935,across paths,ff12,ew
rolling120,1961-05,1971-04,120,20000,0.5263423209032934,1.2124008305045613,2.5897093379037504,0.9128563809872394,2.4753192167506453,0.7955684105682138,1.0,0.99955,0.9661,across paths,ff12,ew
rolling120,1961-06,1971-05,120,20000,0.5280182807286014,1.0769565215206582,2.3036378983443493,0.8385189756202511,2.2002428718769584,0.7824132277648557,1.0,0.99845,0.95865,across paths,ff12,ew
rolling120,1961-07,1971-06,120,20000,0.5306107269134701,1.144534596150037,2.398778302181036,0.8626484555928806,2.2930679635866307,0.7781680729485616,1.0,0.999,0.9567,across paths,ff12,ew
rolling120,1961-08,1971-07,120,20000,0.5339720201847913,0.9967218048417634,2.173695394795036,0.8063508105634442,2.0758097034741185,0.778221283650974,1.0,0.99765,0.9576,across paths,ff12,ew
rolling120,1961-09,1971-08,120,20000,0.5390270508085278,1.0268543995015311,2.2191002692187634,0.8185564956864398,2.119371968875736,0.7782833945571642,1.0,0.99785,0.95755,across paths,ff12,ew
rolling120,1961-10,1971-09,120,20000,0.5420998810986515,1.0576645714588593,2.300121251482715,0.8383221453458288,2.1972809565122997,0.782826063905936,1.0,0.9983,0.96145,across paths,ff12,ew
rolling120,1961-11,1971-10,120,20000,0.5448703969045978,0.9211142904687906,2.03443475274343,0.7710926483414952,1.9384783514705497,0.7690592977282633,1.0,0.9949,0.95505,across paths,ff12,ew
rolling120,1961-12,1971-11,120,20000,0.548264021341133,0.8349763743856295,1.8175712498506666,0.7147577452951343,1.731621468383109,0.7690125696221951,1.0,0.9885,0.9445,across paths,ff12,ew
rolling120,1962-01,1971-12,120,20000,0.5510456115581346,1.0011919907816873,2.166981238675167,0.8043086762687344,2.067484782176672,0.7695948461132585,1.0,0.9969,0.95675,across paths,ff12,ew
rolling120,1962-02,1972-01,120,20000,0.551819277565496,1.133884912034099,2.511805415921281,0.8998430564991146,2.3994338392571395,0.7811646386047996,1.0,0.9992,0.96815,across paths,ff12,ew
rolling120,1962-03,1972-02,120,20000,0.5525936384824448,1.157104324369731,2.5959427320852813,0.9252760819234609,2.4844461091504404,0.7875760524236858,1.0,0.99935,0.97105,across paths,ff12,ew
rolling120,1962-04,1972-03,120,20000,0.5536782847368735,1.1867991889636471,2.6234671334260065,0.9325222314517031,2.5129516005886936,0.7882553709457955,1.0,0.99945,0.9702,across paths,ff12,ew
rolling120,1962-05,1972-04,120,20000,0.5547634721239378,1.3491216749542194,2.884517054400531,0.9969516534366198,2.7636587254059566,0.783407912520116,1.0,0.99995,0.96885,across paths,ff12,ew
rolling120,1962-06,1972-05,120,20000,0.55569409670821,1.6058885232430562,3.256423902105748,1.0912901048619894,3.1239735453374045,0.7874316186421958,1.0,1.0,0.9656,across paths,ff12,ew
rolling120,1962-07,1972-06,120,20000,0.5570914267351932,1.780940576712819,3.519006175918864,1.1557458898118738,3.380946081991807,0.7818894861003673,1.0,1.0,0.9644,across paths,ff12,ew
rolling120,1962-08,1972-07,120,20000,0.5577125861753989,1.597441306445397,3.1235909637433728,1.0573262189691386,2.9935291538156905,0.7846730049578212,1.0,0.99995,0.95575,across paths,ff12,ew
rolling120,1962-09,1972-08,120,20000,0.5586450690165692,1.6278919665444067,3.087065135672744,1.0500751109470665,2.9547391304268245,0.7866525565777333,1.0,0.99995,0.94845,across paths,ff12,ew
rolling120,1962-10,1972-09,120,20000,0.5606670614222389,1.7443613336267512,3.2231006529966733,1.0826497190445166,3.084926862177393,0.7832407644327589,1.0,1.0,0.94385,across paths,ff12,ew
rolling120,1962-11,1972-10,120,20000,0.5628463292119767,1.7638054664166418,3.274215676952956,1.098650595040543,3.1375954601429057,0.7783371580123883,1.0,1.0,0.94465,across paths,ff12,ew
rolling120,1962-12,1972-11,120,20000,0.5654978649002604,1.6115461320528839,2.9209701967873145,1.0042227337410503,2.8037278143404865,0.7732070224941101,1.0,0.9999,0.93095,across paths,ff12,ew
rolling120,1963-01,1972-12,120,20000,0.5676845325754678,1.6050972330701394,2.869564077939561,0.991473985157223,2.746622907705476,0.7746078512148216,1.0,0.99985,0.9247,across paths,ff12,ew
rolling120,1963-02,1973-01,120,20000,0.5706557052556607,1.4064768337049651,2.431576394645057,0.8857523456992059,2.324960715663413,0.774148373281208,1.0,0.99845,0.8975,across paths,ff12,ew
rolling120,1963-03,1973-02,120,20000,0.573633103080649,1.3508840948296381,2.231654446040508,0.8362105869860553,2.1314534043946196,0.7789175781695866,1.0,0.9968,0.8673,across paths,ff12,ew
rolling120,1963-04,1973-03,120,20000,0.5772441538010775,1.2564482319553476,2.073675492935733,0.7942740395525535,1.978141157139539,0.7716267922753156,1.0,0.9943,0.8605,across paths,ff12,ew
rolling120,1963-05,1973-04,120,20000,0.5814920931679233,1.0427792126636612,1.7364123705943635,0.7113236041926853,1.6525080853017244,0.7916342526874044,1.0,0.97875,0.84335,across paths,ff12,ew
rolling120,1963-06,1973-05,120,20000,0.5857518982871905,0.9534576902275824,1.4504696657749745,0.6398627036167979,1.3737407127523713,0.8011801612680965,0.9997,0.9425,0.7729,across paths,ff12,ew
rolling120,1963-07,1973-06,120,20000,0.590181814794428,0.9675771543430416,1.4118102141370688,0.6308064189363111,1.3352748606552631,0.8042878982125896,0.99975,0.93335,0.7442,across paths,ff12,ew
rolling120,1963-08,1973-07,120,20000,0.5960496443693153,1.0818337371943598,1.6698783038862766,0.7053340654702632,1.5831752131003305,0.8038406645254551,0.99995,0.9699,0.7948,across paths,ff12,ew
rolling120,1963-09,1973-08,120,20000,0.6032139569874317,0.9148205872912707,1.4239297690223938,0.6404969586420314,1.3451860044005677,0.8018298343432133,0.9995,0.92715,0.7807,across paths,ff12,ew
rolling120,1963-10,1973-09,120,20000,0.6097694344220068,1.045191350681315,1.6470944468601767,0.7036919851439769,1.5570610740260162,0.8134360443504708,0.99985,0.96255,0.803,across paths,ff12,ew
rolling120,1963-11,1973-10,120,20000,0.6155478469894806,0.9853253002529312,1.6072827770208715,0.703785721863782,1.517392468706339,0.849602340821845,0.9999,0.9544,0.81355,across paths,ff12,ew
rolling120,1963-12,1973-11,120,20000,0.6202203200684369,0.7530616120732552,1.195672655985738,0.6058217258759774,1.1162228040558364,0.8686507278831942,0.99745,0.83595,0.7544,across paths,ff12,ew
rolling120,1964-01,1973-12,120,20000,0.6258746935057085,0.7377832646903217,1.1313447795865383,0.5926793543275101,1.0552981792015195,0.8910546801821868,0.996,0.8023,0.7301,across paths,ff12,ew
rolling120,1964-02,1974-01,120,20000,0.6312240319788576,0.7027022099028337,1.3207677629774746,0.6494584297956328,1.2377618227435256,0.8927203437301369,0.9983,0.8742,0.8385,across paths,ff12,ew
rolling120,1964-03,1974-02,120,20000,0.636430412292375,0.6744381225368012,1.272474153269193,0.6354603651263566,1.1894954873089256,0.8878200369711101,0.9976,0.8554,0.83525,across paths,ff12,ew
rolling120,1964-04,1974-03,120,20000,0.6405088451811507,0.6089223564367576,1.2407593940708062,0.6268533135734489,1.1575680218686655,0.8930224512975755,0.99725,0.841,0.85765,across paths,ff12,ew
rolling120,1964-05,1974-04,120,20000,0.6480333647621992,0.5300708971911268,1.1069569272734487,0.5897728615284443,1.0310685915187592,0.8960169824328822,0.9949,0.7746,0.8469,across paths,ff12,ew
rolling120,1964-06,1974-05,120,20000,0.6560877867523598,0.4454933576788407,0.9468067300804137,0.5457154792101953,0.8756836508851298,0.8968987493019644,0.99035,0.6729,0.82665,across paths,ff12,ew
rolling120,1964-07,1974-06,120,20000,0.6610411899031643,0.39127134632946214,0.8774376444557249,0.5271308393190088,0.8059387764368957,0.9051346083308379,0.9853,0.6188,0.8285,across paths,ff12,ew
rolling120,1964-08,1974-07,120,20000,0.6676654817871248,0.2631064045860583,0.7248508955626135,0.4847537519455471,0.6617251783921794,0.9036094262001809,0.96745,0.4952,0.84,across paths,ff12,ew
rolling120,1964-09,1974-08,120,20000,0.6729871107676979,0.16560031528019414,0.6064853998614151,0.45150793223940755,0.5482676715944369,0.9071095205832725,0.9462,0.38625,0.84875,across paths,ff12,ew
rolling120,1964-10,1974-09,120,20000,0.6818291846479021,0.0076890362847710225,0.42443513656324605,0.402060409293982,0.3716964896498045,0.9186417874566608,0.87405,0.22925,0.86905,across paths,ff12,ew
rolling120,1964-11,1974-10,120,20000,0.685518509811154,0.164800232050055,0.5463683984245755,0.44421762418503064,0.4863575520543115,0.9489698251045283,0.92245,0.3273,0.80955,across paths,ff12,ew
rolling120,1964-12,1974-11,120,20000,0.6897201214120394,0.11520213680819502,0.48242336001394454,0.42776882028478186,0.4230173793372518,0.9441399239260966,0.89655,0.27215,0.80855,across paths,ff12,ew
rolling120,1965-01,1974-12,120,20000,0.6962896643025855,0.08086257923233742,0.38904676098394947,0.4020443710783787,0.3335152960132809,0.9539093505270866,0.84695,0.19675,0.7731,across paths,ff12,ew
rolling120,1965-02,1975-01,120,20000,0.701364324247647,0.18944856171541602,0.668963406492361,0.4885802949799021,0.5992729899241757,0.9571963525062975,0.9517,0.41485,0.8512,across paths,ff12,ew
rolling120,1965-03,1975-02,120,20000,0.7035694823947276,0.2514359048661603,0.7161461708728606,0.5035255863057235,0.6459100795554986,0.9469856631076452,0.95995,0.4518,0.8313,across paths,ff12,ew
rolling120,1965-04,1975-03,120,20000,0.7044182117103885,0.30262066970869683,0.8165027133681225,0.5379102415936895,0.7398812703070053,0.9376011912686957,0.97205,0.52815,0.84425,across paths,ff12,ew
rolling120,1965-05,1975-04,120,20000,0.7066271078077102,0.3182390184849373,0.8212993326808854,0.5401885051918592,0.7441170409816906,0.9332677108537337,0.97195,0.53045,0.83505,across paths,ff12,ew
rolling120,1965-06,1975-05,120,20000,0.7088388665956176,0.3991637688410412,0.9803015498824663,0.5884679724396656,0.89567064428457,0.9431762278659734,0.98725,0.64055,0.85335,across paths,ff12,ew
rolling120,1965-07,1975-06,120,20000,0.7098605938701141,0.5531839053520111,1.315656526931393,0.6878351060279096,1.2175372482927354,0.9367015942410084,0.99715,0.8163,0.88985,across paths,ff12,ew
rolling120,1965-08,1975-07,120,20000,0.7127583737620284,0.43305066372920686,1.21794432010153,0.6604147970949673,1.1206361023815548,0.9441094002885158,0.9951,0.77115,0.91355,across paths,ff12,ew
rolling120,1965-09,1975-08,120,20000,0.7153190610546059,0.35768549200970057,1.024955138984635,0.6025867912844901,0.9366718468103123,0.9412494497333216,0.98905,0.66475,0.8912,across paths,ff12,ew
rolling120,1965-10,1975-09,120,20000,0.7190811006661302,0.26688361263714144,0.8972026078443907,0.5640110075214091,0.8147326176660737,0.9416333837361035,0.98045,0.5758,0.89345,across paths,ff12,ew
rolling120,1965-11,1975-10,120,20000,0.7233655217125519,0.3034460879022498,0.8370733912972362,0.5445888789862686,0.7585498604350627,0.9304005950917061,0.97525,0.52975,0.8495,across paths,ff12,ew
rolling120,1965-12,1975-11,120,20000,0.7243959345805413,0.3390465891069159,0.7951999580885492,0.5286744187132696,0.7178651959960926,0.9188772141800098,0.971,0.4941,0.80975,across paths,ff12,ew
rolling120,1966-01,1975-12,120,20000,0.726974020797895,0.3065416097384235,0.7107212753103745,0.5025816591982879,0.6381249308836224,0.9108259248925761,0.95855,0.42725,0.78625,across paths,ff12,ew
rolling120,1966-02,1976-01,120,20000,0.7285224135242527,0.4554175676433361,0.9346976098724546,0.5702232117428743,0.8550145819132781,0.9157437546589079,0.9844,0.59775,0.80005,across paths,ff12,ew
rolling120,1966-03,1976-02,120,20000,0.7283501641556902,0.4775850129443391,1.066670629790867,0.6121541846748686,0.9810133524344251,0.9105808824136421,0.99095,0.6822,0.8437,across paths,ff12,ew
rolling120,1966-04,1976-03,120,20000,0.7286945256149759,0.550807525591525,1.1216073484073539,0.6288176327988594,1.0324859427662048,0.9099208260208042,0.99255,0.7156,0.8245,across paths,ff12,ew
rolling120,1966-05,1976-04,120,20000,0.7300727951191537,0.49723224852902814,1.0204774908824328,0.5966619294171401,0.9366166189694072,0.9116937499621053,0.9887,0.65405,0.81215,across paths,ff12,ew
rolling120,1966-06,1976-05,120,20000,0.7293835917349814,0.565029655603015,1.161936595049628,0.6368175331911631,1.0724189440564416,0.8992007230297587,0.9942,0.7373,0.8335,across paths,ff12,ew
rolling120,1966-07,1976-06,120,20000,0.7302450101409061,0.652819372487963,1.2361129736324603,0.6585714077129327,1.1426921198845272,0.9025132833119304,0.99575,0.7726,0.81565,across paths,ff12,ew
rolling120,1966-08,1976-07,120,20000,0.7323140624699236,0.6643716958977748,1.2802399982343131,0.6721136306556794,1.185468856908129,0.9057178740001387,0.99645,0.79075,0.82645,across paths,ff12,ew
rolling120,1966-09,1976-08,120,20000,0.7324865865275343,0.7972046483766932,1.5028041156814063,0.7395634182968349,1.3987845480033407,0.9103616156744453,0.9992,0.86925,0.83965,across paths,ff12,ew
rolling120,1966-10,1976-09,120,20000,0.7331768202273459,0.8543736305477247,1.600748398691297,0.7692525108836309,1.4913917981009344,0.9234642807718594,0.99945,0.8959,0.8464,across paths,ff12,ew
rolling120,1966-11,1976-10,120,20000,0.7324866552416902,0.7420196726811568,1.561637154910468,0.7504608561167699,1.453867235707598,0.9274840890004176,0.9994,0.89,0.8861,across paths,ff12,ew
rolling120,1966-12,1976-11,120,20000,0.7324866552416902,0.7245618217660965,1.5042437781887117,0.7286260232983593,1.402045935360426,0.9183254507521191,0.9993,0.8759,0.87875,across paths,ff12,ew
rolling120,1967-01,1976-12,120,20000,0.7324866552416902,0.8192557564736349,1.693540181317725,0.782846772187365,1.5825503881075338,0.9186000739643524,0.9998,0.9222,0.89295,across paths,ff12,ew
rolling120,1967-02,1977-01,120,20000,0.7312791070402871,0.6140072483063665,1.407405222665767,0.6937161009782065,1.308865600115472,0.9101663092057565,0.9992,0.8493,0.90175,across paths,ff12,ew
rolling120,1967-03,1977-02,120,20000,0.7311066001543722,0.5705967893387673,1.3093500442572636,0.6647952008984076,1.2144128008870163,0.9091359299038703,0.99815,0.8133,0.8913,across paths,ff12,ew
rolling120,1967-04,1977-03,120,20000,0.7309341620031466,0.49009580425577814,1.197768184610757,0.6311018604001544,1.108030016900558,0.9028855486548499,0.9968,0.76135,0.8947,across paths,ff12,ew
rolling120,1967-05,1977-04,120,20000,0.7319694097076941,0.4374755896922886,1.1370024968493568,0.6138737175458263,1.0485260306450583,0.9083462396213292,0.995,0.72885,0.89925,across paths,ff12,ew
rolling120,1967-06,1977-05,120,20000,0.7326599187916005,0.4807450871843275,1.17436277012557,0.6232051702625853,1.085844001107963,0.9048779550826773,0.99635,0.75115,0.8927,across paths,ff12,ew
rolling120,1967-07,1977-06,120,20000,0.7349063114259171,0.5157846291247106,1.1345928013655573,0.6087169988726437,1.047187879573916,0.9061203944465749,0.99525,0.72915,0.8635,across paths,ff12,ew
rolling120,1967-08,1977-07,120,20000,0.7366356837459189,0.4266293272972612,1.0036385788714963,0.5677046183554001,0.9222695611609253,0.9040845301026241,0.99105,0.6465,0.86235,across paths,ff12,ew
rolling120,1967-09,1977-08,120,20000,0.7388863331217235,0.41615312360621415,0.9819361200269157,0.5608702146201325,0.9004841681591981,0.8967128408283511,0.99015,0.62965,0.8605,across paths,ff12,ew
rolling120,1967-10,1977-09,120,20000,0.7407930067326025,0.3715132165963879,0.8964351808137135,0.5347220538353622,0.8229454724554063,0.8975056668419112,0.9849,0.5667,0.85165,across paths,ff12,ew
rolling120,1967-11,1977-10,120,20000,0.7425270370212096,0.35445915234727043,0.9020007438067947,0.534641364084359,0.8278223936830246,0.9028877184875379,0.98595,0.5729,0.8652,across paths,ff12,ew
rolling120,1967-12,1977-11,120,20000,0.7449578240397723,0.4051522031201211,1.037746606052097,0.5724887311917094,0.9579570094110892,0.8974854716753236,0.99245,0.66665,0.889,across paths,ff12,ew
rolling120,1968-01,1977-12,120,20000,0.7477405734850664,0.36954087818130543,0.9457256742813697,0.5446219606456795,0.8713784630622944,0.8951481156357775,0.9886,0.6007,0.8742,across paths,ff12,ew
rolling120,1968-02,1978-01,120,20000,0.7493072732023338,0.3428236752033984,0.8737341532718734,0.5170123701918201,0.8024116888780002,0.8757859293193966,0.98605,0.5449,0.8631,across paths,ff12,ew
rolling120,1968-03,1978-02,120,20000,0.7505270312372392,0.37644636836420764,1.0262381028113399,0.5576310275225389,0.9491554481532382,0.8720803181005318,0.9931,0.65995,0.90315,across paths,ff12,ew
rolling120,1968-04,1978-03,120,20000,0.7531428815528955,0.414623974167331,1.17200802774627,0.5995769394223622,1.0875836810131898,0.8789949738204527,0.99695,0.74635,0.9264,across paths,ff12,ew
rolling120,1968-05,1978-04,120,20000,0.7550630818612778,0.4011821383232552,1.0692790478127319,0.5701390410152155,0.9898226649672042,0.8840169939656128,0.99455,0.68405,0.90455,across paths,ff12,ew
rolling120,1968-06,1978-05,120,20000,0.7561114022685618,0.39490798487607703,1.0266890615433892,0.5596258681537543,0.949539385041229,0.8966085459672165,0.9934,0.65555,0.8949,across paths,ff12,ew
rolling120,1968-07,1978-06,120,20000,0.7580348539687463,0.36345945125086776,0.9977591460588557,0.5489935956599854,0.9257433685601489,0.8993375671816846,0.99245,0.63635,0.9008,across paths,ff12,ew
rolling120,1968-08,1978-07,120,20000,0.7594345632473838,0.4734675816360743,1.1509557665965364,0.588407759098801,1.0739429976563544,0.8953494363475416,0.997,0.73215,0.89915,across paths,ff12,ew
rolling120,1968-09,1978-08,120,20000,0.7618874694299633,0.5106770901828435,1.2599191631985893,0.6224084402623816,1.1759855344919181,0.8895781310191037,0.9981,0.7871,0.9127,across paths,ff12,ew
rolling120,1968-10,1978-09,120,20000,0.7652207226331067,0.4340443511134615,1.1249658715298168,0.5818450791152218,1.0488713898380895,0.8863216092357553,0.9961,0.71375,0.9087,across paths,ff12,ew
rolling120,1968-11,1978-10,120,20000,0.7694386932965072,0.2621637502909997,0.7282526920204535,0.48337947303482587,0.664383138904237,0.9119280163811571,0.96905,0.40865,0.8434,across paths,ff12,ew
rolling120,1968-12,1978-11,120,20000,0.7743724000692915,0.23306899780436696,0.6893619180600232,0.4734575883651285,0.6267862366116722,0.9106541359877048,0.9625,0.37165,0.8436,across paths,ff12,ew
rolling120,1969-01,1978-12,120,20000,0.7805561135017745,0.2988752707441855,0.7135067977301389,0.47903436678062933,0.6508148173093566,0.9111398557435605,0.96725,0.38685,0.80775,across paths,ff12,ew
rolling120,1969-02,1979-01,120,20000,0.7848069189055387,0.37357891494190176,0.876038568211567,0.5249846956187001,0.8068235448844182,0.9116420587311327,0.98475,0.5187,0.84035,across paths,ff12,ew
rolling120,1969-03,1979-02,120,20000,0.7896038317873273,0.41089495945987875,1.011491727989304,0.5623971871219667,0.9409660898208797,0.9077193819615589,0.99215,0.61645,0.8789,across paths,ff12,ew
rolling120,1969-04,1979-03,120,20000,0.7958387645080678,0.45686671143607316,1.1331802090479997,0.5985917154170955,1.057329506994266,0.9019257887373747,0.9956,0.68815,0.8946,across paths,ff12,ew
rolling120,1969-05,1979-04,120,20000,0.800661966203255,0.43886835810330105,1.1625055091681058,0.6059740527675238,1.0853415207848485,0.9030948118935883,0.9962,0.702,0.91185,across paths,ff12,ew
rolling120,1969-06,1979-05,120,20000,0.806754970467876,0.4134993273846763,1.1182076071622549,0.5904138048175808,1.0445442791966288,0.8935017063565132,0.9952,0.67335,0.91095,across paths,ff12,ew
rolling120,1969-07,1979-06,120,20000,0.8121477322939665,0.5851125654822802,1.5151274547064861,0.7054947950128858,1.4243063103554314,0.9149928973229958,0.9995,0.85655,0.9391,across paths,ff12,ew
rolling120,1969-08,1979-07,120,20000,0.8164739578559934,0.7218800027050114,1.8281879333089364,0.7887455242329905,1.7267312729541848,0.9172567584869913,0.9999,0.93155,0.95435,across paths,ff12,ew
rolling120,1969-09,1979-08,120,20000,0.8213540371457557,0.7402135477475966,1.8797556338478676,0.8022642973200941,1.7779848743739524,0.9265843222551248,1.0,0.94015,0.95725,across paths,ff12,ew
rolling120,1969-10,1979-09,120,20000,0.8251553127152311,0.782092726828056,1.9623601086675226,0.8240578825391106,1.8538249371684594,0.9228902494995557,1.0,0.95045,0.9582,across paths,ff12,ew
rolling120,1969-11,1979-10,120,20000,0.8300538408905103,0.5646861846284186,1.4515456461435152,0.6782469417106312,1.3625002703414055,0.9218825635698527,0.99935,0.82935,0.93705,across paths,ff12,ew
rolling120,1969-12,1979-11,120,20000,0.8386105988015584,0.7182105011309374,1.7719712674528747,0.7709351166305609,1.6689132703032985,0.9283871251111683,0.9999,0.91635,0.94695,across paths,ff12,ew
rolling120,1970-01,1979-12,120,20000,0.8442740455983437,0.800956685860434,2.141580077598746,0.874687864970177,2.025191890955589,0.9329737692568811,0.99995,0.96465,0.97075,across paths,ff12,ew
rolling120,1970-02,1980-01,120,20000,0.84794059439675,1.0696399535888017,2.592190458490396,1.0124446112129135,2.4538904705741675,0.9374312254277242,1.0,0.98875,0.9684,across paths,ff12,ew
rolling120,1970-03,1980-02,120,20000,0.8528992900883334,0.9502677550554075,2.4023651514810167,0.9617515076356042,2.2712829357311453,0.9317474319756827,1.0,0.9809,0.97005,across paths,ff12,ew
rolling120,1970-04,1980-03,120,20000,0.8646906348795886,0.7307621892165912,1.9447560474056824,0.8441556265830839,1.8294475097572167,0.9375064369083698,0.99995,0.9315,0.9603,across paths,ff12,ew
rolling120,1970-05,1980-04,120,20000,0.8787917779891261,1.0343368330630947,2.715267557313662,1.0564332028240624,2.5752666749030775,0.9258157256381659,1.0,0.99065,0.98045,across paths,ff12,ew
rolling120,1970-06,1980-05,120,20000,0.8840246606891853,1.3046257383637982,3.363905931158206,1.2368479697434227,3.2002222833675096,0.9268903468551806,1.0,0.9982,0.98635,across paths,ff12,ew
rolling120,1970-07,1980-06,120,20000,0.8845866087884167,1.518845539534774,3.878705245970894,1.379255035501045,3.698807284230137,0.92106141464334,1.0,0.99935,0.98885,across paths,ff12,ew
rolling120,1970-08,1980-07,120,20000,0.8847740925338194,1.509467856960184,3.976814418977632,1.4086200914277858,3.786239799664856,0.9157035770518026,1.0,0.99955,0.9918,across paths,ff12,ew
rolling120,1970-09,1980-08,120,20000,0.8868364137332496,1.4463906871765508,4.013807693486522,1.4264826249873763,3.8248097820817475,0.9156496197515794,1.0,0.9996,0.99325,across paths,ff12,ew
rolling120,1970-10,1980-09,120,20000,0.890777488398895,1.4048076521958937,3.689850242504748,1.322005080926874,3.5108752052572583,0.8913254542887097,1.0,0.99905,0.9897,across paths,ff12,ew
rolling120,1970-11,1980-10,120,20000,0.8999998751131644,1.4978748594302802,4.1620161735507955,1.4548058885062032,3.95591709174058,0.9011736899139329,1.0,0.99965,0.9942,across paths,ff12,ew
rolling120,1970-12,1980-11,120,20000,0.9094563745911315,1.628140887501063,4.4713789979157434,1.5672677961562376,4.254279603984138,0.9558083958022023,1.0,0.99985,0.99395,across paths,ff12,ew
rolling120,1971-01,1980-12,120,20000,0.9263794593689254,1.3976586751552178,3.925697595011086,1.4063364180844091,3.7310725680827663,0.9503375753638694,1.0,0.9995,0.9939,across paths,ff12,ew
rolling120,1971-02,1981-01,120,20000,0.9390454331005802,1.187313750037049,3.415354805761861,1.2572314373706381,3.235216784577061,0.9566271478228641,1.0,0.9979,0.99295,across paths,ff12,ew
rolling120,1971-03,1981-02,120,20000,0.9533471735620018,1.1860238067993611,3.2462360984304413,1.2058840071267465,3.082578688022152,0.9549804046839173,1.0,0.9972,0.98965,across paths,ff12,ew
rolling120,1971-04,1981-03,120,20000,0.9710694659642094,1.1956538676222657,3.313380372807132,1.2292364803795888,3.1437562509941137,0.9649668666649494,1.0,0.99735,0.9903,across paths,ff12,ew
rolling120,1971-05,1981-04,120,20000,0.9867939930161773,1.0999137637551426,3.309057516322104,1.234008881546554,3.135626280688379,0.95606251069138,1.0,0.99655,0.99365,across paths,ff12,ew
rolling120,1971-06,1981-05,120,20000,1.0038310139952773,1.2085074350272165,3.6566051624936606,1.3331183252109708,3.4657046097707793,0.9497029002052174,1.0,0.99855,0.99485,across paths,ff12,ew
rolling120,1971-07,1981-06,120,20000,1.0233961668668061,1.1805377058440842,3.6805504874868644,1.345277991147685,3.488334579635578,0.9395425419304029,1.0,0.9981,0.99545,across paths,ff12,ew
rolling120,1971-08,1981-07,120,20000,1.0403249794182816,1.266476946049388,3.866065954286544,1.4035417313530627,3.6613018873081784,0.9675717045966333,1.0,0.9988,0.9958,across paths,ff12,ew
rolling120,1971-09,1981-08,120,20000,1.0567742999450935,1.0490899379878695,3.336040174676448,1.2557078535335742,3.15798011203376,0.9731451541871177,1.0,0.99475,0.99485,across paths,ff12,ew
rolling120,1971-10,1981-09,120,20000,1.0746022728548499,0.9366587143780434,2.993423231585647,1.1652484951410096,2.82579889146808,0.9767242437061595,1.0,0.9865,0.9927,across paths,ff12,ew
rolling120,1971-11,1981-10,120,20000,1.0919646909996947,1.1421322496815192,3.528771964567961,1.318732586980981,3.336514731199921,0.9910303045911697,1.0,0.9958,0.9945,across paths,ff12,ew
rolling120,1971-12,1981-11,120,20000,1.1065544616851564,1.2399014725675936,3.770143886706535,1.3919812992380307,3.566339746848309,0.988065979346107,1.0,0.99735,0.9949,across paths,ff12,ew
rolling120,1972-01,1981-12,120,20000,1.117048406398144,0.996773186582993,3.1820901152731587,1.221740097486144,3.0041725278078273,0.9929410561742393,1.0,0.9894,0.9938,across paths,ff12,ew
rolling120,1972-02,1982-01,120,20000,1.1278141326646023,0.895924093177332,2.7495379830815896,1.0888355107297758,2.5978840464619477,0.9984369720457098,1.0,0.97185,0.99005,across paths,ff12,ew
rolling120,1972-03,1982-02,120,20000,1.1420349353467496,0.7477360773607182,2.4412547758009326,1.0056691637272108,2.2972825395094763,1.009255528666499,1.0,0.9388,0.98895,across paths,ff12,ew
rolling120,1972-04,1982-03,120,20000,1.1572024311490456,0.7177669682930805,2.425573841218177,1.0009174357032267,2.282404390954283,1.0056380107727616,1.0,0.93405,0.99045,across paths,ff12,ew
rolling120,1972-05,1982-04,120,20000,1.1752705340722205,0.7824949143045223,2.6215881078147807,1.0591384015473433,2.4693527519982323,0.996157607433302,1.0,0.95205,0.9912,across paths,ff12,ew
rolling120,1972-06,1982-05,120,20000,1.1917531423064665,0.7042398959188725,2.5816856695695876,1.046921807116958,2.4300123342560997,0.9937333456566415,1.0,0.9454,0.9941,across paths,ff12,ew
rolling120,1972-07,1982-06,120,20000,1.2063954257379685,0.7045881975530268,2.5817869883008586,1.0495369882556598,2.4288515977512493,0.9900663066082399,1.0,0.94195,0.99365,across paths,ff12,ew
rolling120,1972-08,1982-07,120,20000,1.222672293598063,0.6761526995333502,2.6247936941938153,1.0655072669196703,2.4732623717844415,0.9878874927529028,1.0,0.9432,0.9951,across paths,ff12,ew
rolling120,1972-09,1982-08,120,20000,1.2330886459561352,0.8125950253064882,2.7694140237969185,1.1046491729916272,2.6130299874012675,0.9874562108069599,1.0,0.95545,0.9927,across paths,ff12,ew
rolling120,1972-10,1982-09,120,20000,1.236872033137843,0.8604679987571233,3.0180486370371282,1.1813922735118627,2.856112970709183,0.9839981483512565,1.0,0.9728,0.9946,across paths,ff12,ew
rolling120,1972-11,1982-10,120,20000,1.241105157503343,1.062700796481714,3.5731179314450485,1.3468075633262235,3.383442524219112,0.9926906733757266,1.0,0.9909,0.996,across paths,ff12,ew
rolling120,1972-12,1982-11,120,20000,1.2469105509570726,1.0693819270028517,3.758415059213419,1.4194206882566551,3.553994586060597,0.9795443154505304,1.0,0.99305,0.99665,across paths,ff12,ew
rolling120,1973-01,1982-12,120,20000,1.253626433843265,1.0742997571096002,3.9392754966585564,1.4748345775199696,3.7342825008077174,0.9765377607033559,1.0,0.9948,0.99775,across paths,ff12,ew
rolling120,1973-02,1983-01,120,20000,1.2592358186347905,1.2260777881176201,4.731885204680522,1.7146648189059832,4.492659142318692,0.9688246697664261,1.0,0.9988,0.99895,across paths,ff12,ew
rolling120,1973-03,1983-02,120,20000,1.263735392063659,1.4040335723722897,5.526374320507139,1.9657441476674091,5.253033121233637,0.9827697684130703,1.0,0.9997,0.9992,across paths,ff12,ew
rolling120,1973-04,1983-03,120,20000,1.267566120877623,1.5077978290257121,6.016066629440201,2.1182414005434618,5.718232010464895,0.9961747329183955,1.0,0.99985,0.9996,across paths,ff12,ew
rolling120,1973-05,1983-04,120,20000,1.2718522088498352,1.8391211820169855,7.127489791133252,2.446893864157481,6.792647141323331,0.9842659880308737,1.0,1.0,0.99965,across paths,ff12,ew
rolling120,1973-06,1983-05,120,20000,1.2759207930463625,1.945653717655515,8.609913415476468,2.889547926526838,8.19870190362359,0.9626305437330515,1.0,1.0,0.99995,across paths,ff12,ew
rolling120,1973-07,1983-06,120,20000,1.2795437890356909,2.0885599016533583,9.374481429695939,3.12784492848413,8.92119744384506,0.9760594339263233,1.0,1.0,1.0,across paths,ff12,ew
rolling120,1973-08,1983-07,120,20000,1.2818088365208218,1.8255296299379875,8.20149290885578,2.762948446574749,7.797636976067319,0.9784316413619025,1.0,1.0,1.0,across paths,ff12,ew
rolling120,1973-09,1983-08,120,20000,1.283168404844469,1.924108182262414,8.34695951248753,2.8141852718071387,7.9314556022101055,0.9860489305008396,1.0,1.0,1.0,across paths,ff12,ew
rolling120,1973-10,1983-09,120,20000,1.2849826030207456,1.8203691896456276,7.691728148018363,2.615013413887339,7.31367036492624,0.9775200813772215,1.0,1.0,1.0,across paths,ff12,ew
rolling120,1973-11,1983-10,120,20000,1.2874798517672161,1.7500153599299635,7.19787443953293,2.4513024488105075,6.854644727435057,0.9657008835971003,1.0,1.0,0.99985,across paths,ff12,ew
rolling120,1973-12,1983-11,120,20000,1.2906644895878947,2.22276236131232,9.160886233068627,2.976992178980811,8.7362757813666,0.9257411771253992,1.0,1.0,0.99995,across paths,ff12,ew
rolling120,1974-01,1983-12,120,20000,1.2927129773071204,2.1504945497922265,9.288203430057116,2.9976336175461564,8.865798034172371,0.9336544557718625,1.0,1.0,0.99995,across paths,ff12,ew
rolling120,1974-02,1984-01,120,20000,1.2956748444148412,2.0993817189356396,8.189084433713788,2.6671314941567537,7.805654205397253,0.9453672871143557,1.0,1.0,0.9999,across paths,ff12,ew
rolling120,1974-03,1984-02,120,20000,1.298642012139776,1.9699828417367695,7.657755031853998,2.5190478198182986,7.3038313541887065,0.9488221938396093,1.0,1.0,0.9998,across paths,ff12,ew
rolling120,1974-04,1984-03,120,20000,1.302527942351229,2.0805899375411663,7.679800763239294,2.523897529435471,7.311478006049322,0.9500150780057095,1.0,1.0,0.9997,across paths,ff12,ew
rolling120,1974-05,1984-04,120,20000,1.3038991748727282,2.236442555099811,8.061189666311076,2.6304485416104915,7.675863169900393,0.9484167400819397,1.0,1.0,0.9997,across paths,ff12,ew
rolling120,1974-06,1984-05,120,20000,1.304585199440928,2.194323313102155,8.272882156905736,2.692664988696384,7.887917112629227,0.9591743581199046,1.0,1.0,0.99975,across paths,ff12,ew
rolling120,1974-07,1984-06,120,20000,1.3080214596786637,2.3511640649729646,8.710281896681982,2.822015838457038,8.309005265207507,0.9616812496118805,1.0,1.0,0.99975,across paths,ff12,ew
rolling120,1974-08,1984-07,120,20000,1.3107718328183005,2.548674382273832,8.815083697671428,2.855613594741027,8.400855743598836,0.9622336604646696,1.0,1.0,0.99955,across paths,ff12,ew
rolling120,1974-09,1984-08,120,20000,1.316054909573253,3.3225273968931317,10.583185083965297,3.378999949043055,10.089039296774905,0.96791113375741,1.0,1.0,0.9995,across paths,ff12,ew
rolling120,1974-10,1984-09,120,20000,1.3172036323733591,3.858594600461995,11.594775357206602,3.663659255507629,11.05390500805921,0.9648141377297638,1.0,1.0,0.9993,across paths,ff12,ew
rolling120,1974-11,1984-10,120,20000,1.3285003170799845,3.1728420097948327,10.124649699831247,3.1945850492386803,9.678384170938466,0.9378727781027959,1.0,1.0,0.99955,across paths,ff12,ew
rolling120,1974-12,1984-11,120,20000,1.3329007055845121,3.3010566116997877,10.260424444613358,3.2332518322464767,9.82798137573473,0.9363629367516535,1.0,1.0,0.99945,across paths,ff12,ew
rolling120,1975-01,1984-12,120,20000,1.3315106952336175,3.531896787651596,11.234602913913347,3.5023957658875746,10.76474329092359,0.9334405976063095,1.0,1.0,0.99975,across paths,ff12,ew
rolling120,1975-02,1985-01,120,20000,1.3331333413726747,3.3085744339143677,9.648779504148724,3.0490325430044534,9.213722504975957,0.9537943665938386,1.0,1.0,0.9991,across paths,ff12,ew
rolling120,1975-03,1985-02,120,20000,1.3366180571070756,3.13824773443233,9.504587934627418,2.9974603165456153,9.085178999057934,0.9350920521240339,1.0,1.0,0.99935,across paths,ff12,ew
rolling120,1975-04,1985-03,120,20000,1.3415049188936758,3.006556140671411,8.771567334853778,2.7742325868255437,8.390725528463769,0.9475337708474347,1.0,1.0,0.9989,across paths,ff12,ew
rolling120,1975-05,1985-04,120,20000,1.348032411698238,2.8189761187978224,8.270518978675033,2.626585144621958,7.916959147540053,0.9452161138250161,1.0,1.0,0.99885,across paths,ff12,ew
rolling120,1975-06,1985-05,120,20000,1.3531754536195209,2.8222296955745323,7.7898495862571755,2.487210860491668,7.448453531573881,0.9429468114036753,1.0,1.0,0.9977,across paths,ff12,ew
rolling120,1975-07,1985-06,120,20000,1.3564564471809866,2.6966131041356283,7.2317647909531555,2.3329816447319587,6.918274944852875,0.9409419016204075,1.0,1.0,0.9966,across paths,ff12,ew
rolling120,1975-08,1985-07,120,20000,1.3597397264664695,2.933656253761709,7.482618411162593,2.4006970564762096,7.158150484191446,0.9331117600711614,1.0,1.0,0.99515,across paths,ff12,ew
rolling120,1975-09,1985-08,120,20000,1.3613836534255928,3.0102022070815293,7.885131887786437,2.510179919258405,7.5530666583735675,0.9253079393801233,1.0,1.0,0.9963,across paths,ff12,ew
rolling120,1975-10,1985-09,120,20000,1.3630279074367313,3.0027041661832756,7.705739002047756,2.4631972097837793,7.370454763295728,0.926338545130971,1.0,1.0,0.9953,across paths,ff12,ew
rolling120,1975-11,1985-10,120,20000,1.3651427892154633,2.956205052805815,7.696752210304682,2.461038932807764,7.360410657786729,0.9265077532273003,1.0,1.0,0.9958,across paths,ff12,ew
rolling120,1975-12,1985-11,120,20000,1.369853759814439,3.1101385115846965,7.980627637394726,2.535835429648832,7.6344104084813935,0.9127469901165579,1.0,1.0,0.99545,across paths,ff12,ew
rolling120,1976-01,1985-12,120,20000,1.3738632655784562,3.344991693122453,8.264817962681319,2.635019876819057,7.905506072663458,0.9241492447057125,1.0,1.0,0.99415,across paths,ff12,ew
rolling120,1976-02,1986-01,120,20000,1.3759897480498609,2.904782536502607,7.067575578977153,2.276998425983511,6.756921404986104,0.9204453101320673,1.0,0.99995,0.9928,across paths,ff12,ew
rolling120,1976-03,1986-02,120,20000,1.3804888316867903,3.1771280248905684,6.793663542027705,2.200194337010274,6.501937468468108,0.9336521534737593,1.0,0.99995,0.98225,across paths,ff12,ew
rolling120,1976-04,1986-03,120,20000,1.3852308413116643,3.2905838970619508,7.087994248157549,2.2910368277973907,6.77383224144944,0.940006911521809,1.0,1.0,0.9828,across paths,ff12,ew
rolling120,1976-05,1986-04,120,20000,1.3876060960829366,3.3040285650907535,7.2289818059116895,2.3313392272571765,6.905774878510349,0.942959749362565,1.0,1.0,0.9851,across paths,ff12,ew
rolling120,1976-06,1986-05,120,20000,1.3904606615061703,3.5682767088426672,7.710727654687676,2.4544250023269596,7.368876734766737,0.9313356528994928,1.0,1.0,0.9853,across paths,ff12,ew
rolling120,1976-07,1986-06,120,20000,1.3926028646281017,3.441052235469786,7.5637691811566485,2.414667208067693,7.223761321590384,0.9290950705004812,1.0,1.0,0.98625,across paths,ff12,ew
rolling120,1976-08,1986-07,120,20000,1.3937935697463604,3.2033860259063704,6.940201013142125,2.259606536288409,6.6238315789607025,0.9347631445653278,1.0,0.9999,0.9835,across paths,ff12,ew
rolling120,1976-09,1986-08,120,20000,1.3947470824210257,3.4845940244347062,7.2022875140067555,2.3359393317794708,6.879294266031659,0.9181837539460949,1.0,1.0,0.978,across paths,ff12,ew
rolling120,1976-10,1986-09,120,20000,1.3949855080564726,3.0190712886299718,6.4981905278734455,2.1362817163143943,6.199051988979094,0.9205902989268562,1.0,0.9999,0.98195,across paths,ff12,ew
rolling120,1976-11,1986-10,120,20000,1.3961781111378677,3.310688768598939,6.871041752592103,2.2453565043460935,6.565629754526639,0.9244973520663413,1.0,0.99995,0.978,across paths,ff12,ew
rolling120,1976-12,1986-11,120,20000,1.3959394479793876,3.3449141657295396,6.624925547464626,2.173611672343776,6.335641834823573,0.9227405711564007,1.0,0.9999,0.9698,across paths,ff12,ew
rolling120,1977-01,1986-12,120,20000,1.398087202464628,2.9835549677876756,5.706667150811538,1.908188436157023,5.451218996166268,0.9197180788417749,1.0,0.99975,0.9578,across paths,ff12,ew
rolling120,1977-02,1987-01,120,20000,1.399520893498385,3.6675371038533653,6.229637045368054,2.0602456784114125,5.94376537005158,0.9207726459425315,1.0,0.99985,0.9259,across paths,ff12,ew
rolling120,1977-03,1987-02,120,20000,1.4014338149879708,3.9710859044291347,6.754927651412319,2.2191871321118604,6.443755743118366,0.9234060000577492,1.0,0.99995,0.92765,across paths,ff12,ew
rolling120,1977-04,1987-03,120,20000,1.4035869236087009,4.125193081310862,6.993078951984366,2.3016884331042715,6.672395687984482,0.9267535028134456,1.0,0.99995,0.9264,across paths,ff12,ew
rolling120,1977-05,1987-04,120,20000,1.4050236163305234,4.014052915019629,6.7420220567178255,2.2308498122357188,6.433186901168155,0.9251165068489864,1.0,0.99995,0.9209,across paths,ff12,ew
rolling120,1977-06,1987-05,120,20000,1.4052632321137586,4.094663068051797,6.783298754325554,2.2467217079313193,6.472893457826288,0.9217999342361594,1.0,0.99995,0.9147,across paths,ff12,ew
rolling120,1977-07,1987-06,120,20000,1.4071797765218177,4.059283463412551,6.582904909218184,2.188988735638554,6.278650926707156,0.918373528841431,1.0,0.99995,0.90345,across paths,ff12,ew
rolling120,1977-08,1987-07,120,20000,1.408138621284424,4.344710475376573,6.799628770932766,2.280713812744739,6.472430178397115,0.9679849649173591,1.0,0.99995,0.88505,across paths,ff12,ew
rolling120,1977-09,1987-08,120,20000,1.4088578980530277,4.632310927588262,6.9367716049948696,2.321735480204295,6.611774874058431,0.9692411864722724,1.0,0.99995,0.8568,across paths,ff12,ew
rolling120,1977-10,1987-09,120,20000,1.4093376068846628,4.503537045557736,6.690312563544576,2.25168276957378,6.371606889998682,0.9693627417287073,1.0,0.99995,0.85005,across paths,ff12,ew
rolling120,1977-11,1987-10,120,20000,1.411974955245269,3.4331821300377117,4.7391992035254935,1.745927406883947,4.472718762979552,1.056189507020017,1.0,0.9972,0.76785,across paths,ff12,ew
rolling120,1977-12,1987-11,120,20000,1.4083749926254998,2.9279266355999187,4.05856030614068,1.5406507466054933,3.827695423871309,1.07281900192045,1.0,0.9914,0.76195,across paths,ff12,ew
rolling120,1978-01,1987-12,120,20000,1.4059783611272159,3.1793669571523164,4.143574217317058,1.587836955305679,3.9044258679986465,1.0942006973807925,1.0,0.9923,0.708,across paths,ff12,ew
rolling120,1978-02,1988-01,120,20000,1.4011898680211807,3.6221171237423784,4.634578238694725,1.7412725303090313,4.366387207820042,1.0986376493038261,1.0,0.9965,0.6959,across paths,ff12,ew
rolling120,1978-03,1988-02,120,20000,1.4011898680211816,3.9095123138327503,4.89115460975608,1.8249882305876302,4.614554527910633,1.1069553184918353,1.0,0.99745,0.67815,across paths,ff12,ew
rolling120,1978-04,1988-03,120,20000,1.3990401904311898,3.662564509306433,4.748585879247684,1.780971112293717,4.476859714998031,1.1149615584773276,1.0,0.99685,0.7088,across paths,ff12,ew
rolling120,1978-05,1988-04,120,20000,1.3971312664682451,3.345160892678063,4.411477478489297,1.6726551801305503,4.151001547816223,1.1114684328367874,1.0,0.9954,0.7202,across paths,ff12,ew
rolling120,1978-06,1988-05,120,20000,1.3971312664682447,3.258911976943865,4.009771372603519,1.540130304756453,3.7793023859518593,1.0981710544282246,1.0,0.99135,0.6553,across paths,ff12,ew
rolling120,1978-07,1988-06,120,20000,1.3959391383269733,3.5355150613341486,4.233340770480978,1.6102079557699167,3.9940676922854617,1.0826179480704303,1.0,0.9941,0.6297,across paths,ff12,ew
rolling120,1978-08,1988-07,120,20000,1.3947478400282818,3.2599850964045,3.9914417277353533,1.5322484670832273,3.7579486922517353,1.0679875460527508,1.0,0.99065,0.65075,across paths,ff12,ew
rolling120,1978-09,1988-08,120,20000,1.395462263608243,2.97173998637368,3.4770777655265235,1.36329139670756,3.2702465429010634,1.0585591694792318,1.0,0.9781,0.6013,across paths,ff12,ew
rolling120,1978-10,1988-09,120,20000,1.3954622636082425,3.1619574186712684,3.5527782976950686,1.3886912871358295,3.3386577289606394,1.0664130969920438,1.0,0.98065,0.5602,across paths,ff12,ew
rolling120,1978-11,1988-10,120,20000,1.3937967654114551,3.7709214518830256,4.479730074554143,1.6407472291793552,4.239366121522667,1.0218840909189766,1.0,0.99665,0.6294,across paths,ff12,ew
rolling120,1978-12,1988-11,120,20000,1.3907064617421057,3.535166605938512,4.017104094745639,1.4998612363413553,3.799585453315506,1.0280807836041848,1.0,0.9921,0.58105,across paths,ff12,ew
rolling120,1979-01,1988-12,120,20000,1.3871481568278239,3.5556897406038512,4.061642459718445,1.5123874886247148,3.850023427123696,1.0335684935239373,1.0,0.9932,0.58515,across paths,ff12,ew
rolling120,1979-02,1989-01,120,20000,1.3819365601770133,3.626418136424257,3.9498293284574837,1.4792855506007947,3.7429677739534197,1.0367564233105988,1.0,0.99115,0.5334,across paths,ff12,ew
rolling120,1979-03,1989-02,120,20000,1.3790989508528675,3.6840281595288538,4.068976558891108,1.5113097337356425,3.8574043316705064,1.0270796000926603,1.0,0.99365,0.55025,across paths,ff12,ew
rolling120,1979-04,1989-03,120,20000,1.37579497452989,3.4975116362718834,3.7850530559338864,1.4170462321201063,3.5827471404186966,0.9997976720141182,1.0,0.98865,0.5281,across paths,ff12,ew
rolling120,1979-05,1989-04,120,20000,1.3727309532333738,3.6890566071803166,3.8267424774005625,1.4289587574560707,3.6269565597829816,0.9935441114643915,1.0,0.9898,0.4821,across paths,ff12,ew
rolling120,1979-06,1989-05,120,20000,1.3720249233921025,3.948186180381822,4.025994986963139,1.4890150907978914,3.8154691544138175,0.9979115500297434,1.0,0.99325,0.46125,across paths,ff12,ew
rolling120,1979-07,1989-06,120,20000,1.3696719574924971,3.699003751613432,3.68455143791827,1.3728979281053066,3.4894930200756145,0.9612716897466126,1.0,0.9872,0.43705,across paths,ff12,ew
rolling120,1979-08,1989-07,120,20000,1.3680258620571055,3.9894539835044975,3.7431262538314405,1.3910298931869733,3.5477724045473376,0.960966818496844,1.0,0.9886,0.37325,across paths,ff12,ew
rolling120,1979-09,1989-08,120,20000,1.3673208826399996,3.7951511005046994,3.5033457512628563,1.3169368017581398,3.320464556925618,0.9615472583393149,1.0,0.9824,0.35675,across paths,ff12,ew
rolling120,1979-10,1989-09,120,20000,1.363094781689139,3.789876434294146,3.509740576024546,1.316007665318106,3.3306218901677496,0.9601077293594461,1.0,0.98315,0.36015,across paths,ff12,ew
rolling120,1979-11,1989-10,120,20000,1.3586436266527468,4.009827642767715,3.7103129747493995,1.374576837063822,3.5237079056119174,0.956669428546347,1.0,0.9879,0.3578,across paths,ff12,ew
rolling120,1979-12,1989-11,120,20000,1.3516370607749781,3.798510178879198,3.372448811273645,1.268830165544104,3.2008773622187556,0.9665467324207235,1.0,0.97905,0.3158,across paths,ff12,ew
rolling120,1980-01,1989-12,120,20000,1.343716737836261,3.754602853189076,3.0839633344166453,1.1791333948952998,2.921752964358597,0.9587904120468499,1.0,0.96575,0.2478,across paths,ff12,ew
rolling120,1980-02,1990-01,120,20000,1.3383689714701665,3.149430919006119,2.534957543025121,1.0108239473006055,2.3932772416165884,0.9453600517263893,1.0,0.9124,0.23545,across paths,ff12,ew
rolling120,1980-03,1990-02,120,20000,1.3309522000273035,3.2339517374446354,2.6392267793448987,1.034881986116993,2.4950675336657526,0.9277648709137828,1.0,0.9291,0.24615,across paths,ff12,ew
rolling120,1980-04,1990-03,120,20000,1.3178246162508431,3.912841518921436,3.4339342675667766,1.2433905958013278,3.270161721380274,0.9171080702525114,1.0,0.98675,0.30375,across paths,ff12,ew
rolling120,1980-05,1990-04,120,20000,1.304777410727803,3.544880382441055,3.0719643501022205,1.1379133989528856,2.919006128536134,0.9112180635526562,1.0,0.9737,0.29455,across paths,ff12,ew
rolling120,1980-06,1990-05,120,20000,1.3018052743981277,3.675138102461995,2.9854703694817406,1.115574980315939,2.84041191406595,0.9059164697426815,1.0,0.9698,0.2357,across paths,ff12,ew
rolling120,1980-07,1990-06,120,20000,1.302262844276747,3.4923568560581817,2.857597746326677,1.0797382240209281,2.7132026132303952,0.8993083294480909,1.0,0.95995,0.2435,across paths,ff12,ew
rolling120,1980-08,1990-07,120,20000,1.305698032047975,3.1456932944826894,2.4551945521591,0.9659888597311386,2.3321100033962106,0.8910147221199168,1.0,0.9107,0.2095,across paths,ff12,ew
rolling120,1980-09,1990-08,120,20000,1.306156239129066,2.6658957992231933,1.8707616733698607,0.815138197790316,1.766151634652037,0.9164447966396949,0.99975,0.74115,0.1519,across paths,ff12,ew
rolling120,1980-10,1990-09,120,20000,1.3027227558946302,2.3649746849485096,1.540088249915552,0.7270151660755566,1.446219790478002,0.9568748770699252,0.9989,0.5873,0.122,across paths,ff12,ew
rolling120,1980-11,1990-10,120,20000,1.296563913456874,2.2584067054173413,1.3039712269276016,0.6595991566118754,1.2228857927705319,0.9276000864941433,0.99775,0.45035,0.0844,across paths,ff12,ew
rolling120,1980-12,1990-11,120,20000,1.2876924799560006,2.151129205347524,1.2345562002870596,0.6287672609374017,1.1560816226339918,0.9039555888784715,0.99755,0.41035,0.08135,across paths,ff12,ew
rolling120,1981-01,1990-12,120,20000,1.2716598902731584,2.3531788941984093,1.2991227028082346,0.648276152530473,1.2180660611173497,0.8953089341150792,0.998,0.46555,0.0667,across paths,ff12,ew
rolling120,1981-02,1991-01,120,20000,1.2599688457072236,2.6756402527465575,1.4487265638633033,0.6958578894620363,1.3604602813504691,0.9062025726624732,0.99865,0.56185,0.0549,across paths,ff12,ew
rolling120,1981-03,1991-02,120,20000,1.2467761909237347,2.892173347887706,1.75543758436773,0.7875175771491524,1.651462036737286,0.9156572794513084,0.99975,0.72295,0.0834,across paths,ff12,ew
rolling120,1981-04,1991-03,120,20000,1.2296828437543716,2.826116248734002,1.7671892482298899,0.7933206911803318,1.6663255048740993,0.9197573143950989,0.9996,0.7363,0.09485,across paths,ff12,ew
rolling120,1981-05,1991-04,120,20000,1.2175506161716165,2.877559178483461,1.7765976879179426,0.7934676420637996,1.6703033164818004,0.922706401070857,0.99985,0.74765,0.0889,across paths,ff12,ew
rolling120,1981-06,1991-05,120,20000,1.2026427128696224,2.9866729586836773,1.7816474592630758,0.7978968982061233,1.675459207713685,0.9392336489236054,0.99975,0.7582,0.0751,across paths,ff12,ew
rolling120,1981-07,1991-06,120,20000,1.1824309938467437,2.844536249824434,1.7000269276061026,0.7713590935015117,1.598780046349654,0.9404928218117901,0.9997,0.73505,0.07785,across paths,ff12,ew
rolling120,1981-08,1991-07,120,20000,1.1662632415217233,3.0389034150277148,1.8401096764230447,0.8101694436819871,1.7315374576989344,0.9406606629541334,0.9999,0.7976,0.07845,across paths,ff12,ew
rolling120,1981-09,1991-08,120,20000,1.1487243803640634,3.4039729789576567,2.15975688769309,0.895766762551532,2.0396641196287884,0.9314571029175934,1.0,0.89665,0.0905,across paths,ff12,ew
rolling120,1981-10,1991-09,120,20000,1.1321696093577032,3.6296736675124253,2.491433659520271,0.9843030766785964,2.36265052748616,0.936338926724197,1.0,0.9506,0.1216,across paths,ff12,ew
rolling120,1981-11,1991-10,120,20000,1.11552684686988,3.436861478589358,2.3506772438337857,0.9452240777303053,2.2265819634015145,0.939164307625116,1.0,0.9373,0.1215,across paths,ff12,ew
rolling120,1981-12,1991-11,120,20000,1.1012935604755838,3.085208247587924,2.201163468504114,0.9031779140837811,2.079927898315571,0.9448907946725312,1.0,0.9187,0.1511,across paths,ff12,ew
rolling120,1982-01,1991-12,120,20000,1.091086027565571,3.6729505695105376,2.3767713771795194,0.9575250179572806,2.2501129175547936,0.9422135567187161,1.0,0.94355,0.0943,across paths,ff12,ew
rolling120,1982-02,1992-01,120,20000,1.0815433730746964,3.777357992299641,2.905999470040782,1.132521578867278,2.754900367114134,0.9499308833746593,1.0,0.9808,0.1945,across paths,ff12,ew
rolling120,1982-03,1992-02,120,20000,1.0683429394761248,4.093972292231132,3.2754711192700854,1.236936447121709,3.1028213564553124,0.9485241375755611,1.0,0.9934,0.2209,across paths,ff12,ew
rolling120,1982-04,1992-03,120,20000,1.0552340121512618,4.018456567447149,3.234332622814915,1.226041219585386,3.064736369568777,0.9604029498569703,1.0,0.99295,0.22625,across paths,ff12,ew
rolling120,1982-05,1992-04,120,20000,1.0387726302681162,3.8761299272282805,2.889409057810546,1.1323698663254156,2.7263415480023463,0.963824308203131,1.0,0.98505,0.17315,across paths,ff12,ew
rolling120,1982-06,1992-05,120,20000,1.0230370014178378,4.049327170602495,2.989433545223799,1.1635147059248916,2.8235889864042045,0.9627357846740309,1.0,0.98865,0.1659,across paths,ff12,ew
rolling120,1982-07,1992-06,120,20000,1.0102126781124956,4.055001731174277,2.953476399324908,1.1527790982412118,2.790095460577373,0.9616571962520791,1.0,0.98785,0.15755,across paths,ff12,ew
rolling120,1982-08,1992-07,120,20000,0.9954916748289402,4.377364641777523,3.1240167276788133,1.1964565525290307,2.952345500103781,0.9603727651036467,1.0,0.99295,0.1386,across paths,ff12,ew
rolling120,1982-09,1992-08,120,20000,0.9855894731872723,3.6998522291024525,2.790784210008468,1.1004988790363808,2.6299340555987025,0.9609683602644834,1.0,0.9852,0.18215,across paths,ff12,ew
rolling120,1982-10,1992-09,120,20000,0.9806506873122669,3.6827736067810255,2.7187430334176446,1.0775167607719902,2.5645362050585807,0.9721679322284918,1.0,0.98285,0.1683,across paths,ff12,ew
rolling120,1982-11,1992-10,120,20000,0.9735621671071533,3.2374727650958866,2.3621946498824924,0.9695557477887761,2.224866432536145,0.9669751927499532,1.0,0.96035,0.16475,across paths,ff12,ew
rolling120,1982-12,1992-11,120,20000,0.9657173408441817,3.199648964894668,2.28448963457859,0.9380659889081846,2.148332158765374,0.9729914835771895,1.0,0.95715,0.1503,across paths,ff12,ew
rolling120,1983-01,1992-12,120,20000,0.958102065559298,3.2237109662740906,2.33242307674382,0.9510381077577531,2.198081316929212,0.9665784911738324,1.0,0.96335,0.15825,across paths,ff12,ew
rolling120,1983-02,1993-01,120,20000,0.9491565203198775,3.097339867168076,2.193534502148676,0.9081823876810842,2.068443710745326,0.9684645689652833,1.0,0.95165,0.14595,across paths,ff12,ew
rolling120,1983-03,1993-02,120,20000,0.9414079354646998,2.9834035681779345,2.0191625290640944,0.8682739770590756,1.8965065331092614,0.9775003549610829,1.0,0.92645,0.12645,across paths,ff12,ew
rolling120,1983-04,1993-03,120,20000,0.9340767716420169,2.949900463921217,1.9813543738966415,0.8584380600684764,1.8576783079407664,0.986936101515392,1.0,0.9229,0.12255,across paths,ff12,ew
rolling120,1983-05,1993-04,120,20000,0.9250506959526934,2.575401192963613,1.7344773336763504,0.7887395665981378,1.622911012607763,0.985741791422381,0.99985,0.86935,0.1332,across paths,ff12,ew
rolling120,1983-06,1993-05,120,20000,0.9160649592648615,2.642881590973106,1.6298277385846254,0.7552769792166245,1.5233789346076747,0.9770610916880453,0.99965,0.8408,0.0954,across paths,ff12,ew
rolling120,1983-07,1993-06,120,20000,0.9080710456571208,2.530863157628166,1.5569171154554615,0.7367457007775882,1.4531436470896004,0.9929733796386128,0.9994,0.81835,0.0983,across paths,ff12,ew
rolling120,1983-08,1993-07,120,20000,0.898600770465255,2.6484612065272426,1.6521609511106454,0.7634533547795121,1.5440460219047636,0.9867073148019336,0.9996,0.8547,0.10165,across paths,ff12,ew
rolling120,1983-09,1993-08,120,20000,0.8889909412380093,2.783468099368017,1.862326632653895,0.824291641255828,1.7434368044421733,0.9871027946218649,1.0,0.9133,0.1276,across paths,ff12,ew
rolling120,1983-10,1993-09,120,20000,0.8796172267618383,2.726165376383885,1.9251125522091685,0.8411136738920714,1.8026264849022795,0.9905198354943486,1.0,0.92855,0.15505,across paths,ff12,ew
rolling120,1983-11,1993-10,120,20000,0.869543851390149,2.8911686926503433,2.2305696445865144,0.9264050875568998,2.0980740878077464,0.9867901353394817,1.0,0.9689,0.20575,across paths,ff12,ew
rolling120,1983-12,1993-11,120,20000,0.8611893853213748,2.7213296003007756,2.0423846991355115,0.8755523071210165,1.9163890582624752,0.9987881091677344,1.0,0.9496,0.19245,across paths,ff12,ew
rolling120,1984-01,1993-12,120,20000,0.8519508794873567,2.8311343944891174,2.143885683651004,0.9045888693002436,2.014650093342984,0.9936102409523304,1.0,0.96255,0.1952,across paths,ff12,ew
rolling120,1984-02,1994-01,120,20000,0.8425771701926115,2.9970313512719318,2.2748827728245598,0.9440644481318599,2.1396269737594564,0.9902890743543948,1.0,0.9748,0.1952,across paths,ff12,ew
rolling120,1984-03,1994-02,120,20000,0.8334292346837613,3.0686896160643817,2.4434087641297997,0.9907235085127842,2.3014133444765674,0.9758106412679546,1.0,0.9846,0.22535,across paths,ff12,ew
rolling120,1984-04,1994-03,120,20000,0.8250565805791796,2.8319045624563732,2.2600138436468864,0.9372270307370067,2.127026720604368,0.9733084926694808,1.0,0.9757,0.2332,across paths,ff12,ew
rolling120,1984-05,1994-04,120,20000,0.8152804616077209,2.8567374434693003,2.2757218393131295,0.9429711377406516,2.140715767171865,0.9840791321302504,1.0,0.97725,0.23025,across paths,ff12,ew
rolling120,1984-06,1994-05,120,20000,0.8069947996476148,3.104903038460469,2.4186674953369263,0.9825754520093718,2.276484166674405,0.9767635363520162,1.0,0.98555,0.20825,across paths,ff12,ew
rolling120,1984-07,1994-06,120,20000,0.799103209455605,2.8931739328300483,2.279714447396406,0.9435648809866346,2.141914865627851,0.9707915891491543,1.0,0.97825,0.22145,across paths,ff12,ew
rolling120,1984-08,1994-07,120,20000,0.7894670684805403,3.091602777520672,2.479405626506597,0.9966161017942127,2.335060599067265,0.9670789513474702,1.0,0.98885,0.232,across paths,ff12,ew
rolling120,1984-09,1994-08,120,20000,0.7813032794147756,2.844486174125862,2.310199005573959,0.9473469975638223,2.1749426920155734,0.9606588368758757,1.0,0.98295,0.2473,across paths,ff12,ew
rolling120,1984-10,1994-09,120,20000,0.7726493174188085,2.768795211073414,2.3325125602784236,0.9525732437335446,2.1985340414961696,0.9578222827933103,1.0,0.9845,0.277,across paths,ff12,ew
rolling120,1984-11,1994-10,120,20000,0.7617677077475249,2.8278707749850067,2.4052392650686567,0.9684907993777065,2.27079413767419,0.9486098640734965,1.0,0.9889,0.28425,across paths,ff12,ew
rolling120,1984-12,1994-11,120,20000,0.7554713077198361,2.7265265810636166,2.347992831316946,0.9495656200749315,2.2201999271324153,0.9561505647125544,1.0,0.9879,0.2968,across paths,ff12,ew
rolling120,1985-01,1994-12,120,20000,0.7519826922434458,2.683617707472135,2.2639599283242395,0.9251867348833784,2.134474352536452,0.9553599895625837,1.0,0.9849,0.28065,across paths,ff12,ew
rolling120,1985-02,1995-01,120,20000,0.7479791550430881,2.4665752352955397,1.9993919718114317,0.8432739477878747,1.8806725237593196,0.9406283263229178,0.99995,0.96845,0.2523,across paths,ff12,ew
rolling120,1985-03,1995-02,120,20000,0.7448509362331084,2.5425129835736255,1.947685113257639,0.8275057242927752,1.829063006548108,0.9445726637685012,0.99995,0.96555,0.2099,across paths,ff12,ew
rolling120,1985-04,1995-03,120,20000,0.7420763770023662,2.644042065976878,2.003080219402153,0.8406075399752225,1.8803996499959785,0.9517948759933755,0.99995,0.97065,0.19955,across paths,ff12,ew
rolling120,1985-05,1995-04,120,20000,0.7372334323482694,2.7459554316953554,2.103106236127704,0.8676929669750699,1.9776653464224998,0.9530421039167244,1.0,0.97915,0.2035,across paths,ff12,ew
rolling120,1985-06,1995-05,120,20000,0.7351624209049774,2.6648219980570103,2.074612771770203,0.8593758486864295,1.951634259330242,0.9527411948010103,1.0,0.97705,0.2176,across paths,ff12,ew
rolling120,1985-07,1995-06,120,20000,0.7337818839216617,2.7141326063592914,2.185626402003711,0.8921241781598807,2.053309991835058,0.9455371554905115,1.0,0.98325,0.24375,across paths,ff12,ew
rolling120,1985-08,1995-07,120,20000,0.7308526161789994,2.8725130358196584,2.305815730154637,0.926730274111589,2.1710190007999413,0.9431672513491394,1.0,0.98845,0.23835,across paths,ff12,ew
rolling120,1985-09,1995-08,120,20000,0.7294755081800504,2.930091087788848,2.4163776582726078,0.9589745410744323,2.276570067971825,0.9496596493969686,1.0,0.99195,0.25835,across paths,ff12,ew
rolling120,1985-10,1995-09,120,20000,0.7265529352537028,3.245021896155735,2.717491014920034,1.043222040680645,2.5678914427858217,0.957918228329269,1.0,0.99685,0.26575,across paths,ff12,ew
rolling120,1985-11,1995-10,120,20000,0.7234652101832042,3.014212774424955,2.474172684606558,0.9769599169626878,2.3344862781297837,0.9623046319133174,1.0,0.99335,0.2531,across paths,ff12,ew
rolling120,1985-12,1995-11,120,20000,0.720210480137137,2.9133606929529905,2.345042828801353,0.9406100188710897,2.210449154366851,0.961990748341479,1.0,0.99075,0.2379,across paths,ff12,ew
rolling120,1986-01,1995-12,120,20000,0.7174759180226615,2.80104765287972,2.2965973916596356,0.9235932643502361,2.160149940292771,0.9518412168908731,1.0,0.98895,0.2538,across paths,ff12,ew
rolling120,1986-02,1996-01,120,20000,0.7152556329257751,2.856630604428597,2.268876987725542,0.9175283229039622,2.131089806917591,0.9517271707667742,1.0,0.98805,0.2273,across paths,ff12,ew
rolling120,1986-03,1996-02,120,20000,0.7128669351379546,2.6435076166293014,2.2071170863757694,0.8941489306318324,2.075715950906634,0.9645109985266224,1.0,0.98735,0.2691,across paths,ff12,ew
rolling120,1986-04,1996-03,120,20000,0.70929136797713,2.4922559498599304,2.1416277352344784,0.8733499607311662,2.0154422783379493,0.9616013245907714,1.0,0.98545,0.29625,across paths,ff12,ew
rolling120,1986-05,1996-04,120,20000,0.7082710985573268,2.6076791614232153,2.2787141081698112,0.9181743222405117,2.1513621430910774,0.9777972901765175,1.0,0.99015,0.3075,across paths,ff12,ew
rolling120,1986-06,1996-05,120,20000,0.7070811395872898,2.5277068234333364,2.36383452356141,0.9462746246452606,2.221022711858291,0.9800393211708891,1.0,0.9923,0.3735,across paths,ff12,ew
rolling120,1986-07,1996-06,120,20000,0.7050432393012722,2.4474843115005656,2.2436620165369967,0.9151417243046519,2.1101822014334557,0.970783218630877,1.0,0.98835,0.35405,across paths,ff12,ew
rolling120,1986-08,1996-07,120,20000,0.7038558832850459,2.4621404250577994,2.196848539517602,0.9014664704888222,2.068375952697031,0.9622106440389873,1.0,0.986,0.3302,across paths,ff12,ew
rolling120,1986-09,1996-08,120,20000,0.7030078562676834,2.353268084647178,2.267958050534748,0.9166599842073037,2.140211109747346,0.9488293437279431,1.0,0.9888,0.40375,across paths,ff12,ew
rolling120,1986-10,1996-09,120,20000,0.70283831840245,2.849359019443119,2.595030917370641,1.0065128632323337,2.4537377533279483,0.9363966967490682,1.0,0.99595,0.3437,across paths,ff12,ew
rolling120,1986-11,1996-10,120,20000,0.7021603019507663,2.7098151767782466,2.430188889088382,0.9725657751576694,2.290746879033075,0.9634273559488011,1.0,0.9929,0.33135,across paths,ff12,ew
rolling120,1986-12,1996-11,120,20000,0.7024994114839773,2.896109558440015,2.525638623026258,1.001482788319029,2.383047587450684,0.9642060770020214,1.0,0.9944,0.303,across paths,ff12,ew
rolling120,1987-01,1996-12,120,20000,0.7019911521313602,2.9574182864500242,2.627572209574454,1.031519917402785,2.48033357141726,0.9585327784636172,1.0,0.9959,0.3198,across paths,ff12,ew
rolling120,1987-02,1997-01,120,20000,0.7024996139374147,2.695857726363935,2.4361354107542694,0.973895447662938,2.295608598888601,0.9493662282436348,1.0,0.9927,0.3383,across paths,ff12,ew
rolling120,1987-03,1997-02,120,20000,0.7018215298534007,2.5230717053813647,2.1478196352094163,0.8946602781947028,2.0179055390233485,0.958145257976787,1.0,0.98195,0.28825,across paths,ff12,ew
rolling120,1987-04,1997-03,120,20000,0.7011439856989854,2.2922259687603908,1.8966693111223198,0.8222793549333188,1.7745595102192209,0.942548370311868,1.0,0.9641,0.27105,across paths,ff12,ew
rolling120,1987-05,1997-04,120,20000,0.7009746165247821,2.497090462190117,1.8885877047867319,0.8199680170082924,1.7692537029184032,0.9459708917721429,1.0,0.9633,0.2018,across paths,ff12,ew
rolling120,1987-06,1997-05,120,20000,0.7028386054450622,2.7312970380736825,2.1127375653607365,0.8841756019358729,1.9825265331367863,0.9392697501016097,1.0,0.98055,0.2126,across paths,ff12,ew
rolling120,1987-07,1997-06,120,20000,0.7009744310163302,2.7341565434194597,2.1498872376163325,0.8943812325471149,2.020441514934639,0.9330700637332169,1.0,0.98285,0.22335,across paths,ff12,ew
rolling120,1987-08,1997-07,120,20000,0.7004664752833969,2.8573156854075985,2.162804117749512,0.8896377467254458,2.0324416621788703,0.9257465180705253,1.0,0.98505,0.19365,across paths,ff12,ew
rolling120,1987-09,1997-08,120,20000,0.6994509682811378,2.5724403660121733,2.218404115705368,0.904685654877009,2.0897430508309074,0.9223392214869668,1.0,0.98725,0.29795,across paths,ff12,ew
rolling120,1987-10,1997-09,120,20000,0.699281784511274,2.8611703475709396,2.5341987846678085,0.9949195873340716,2.396438464122201,0.9225179601881787,1.0,0.99515,0.31925,across paths,ff12,ew
rolling120,1987-11,1997-10,120,20000,0.6962413200857072,3.819355108930428,3.7776674366166,1.284884826963009,3.6156545644113685,0.8272129020805972,1.0,0.99995,0.43445,across paths,ff12,ew
rolling120,1987-12,1997-11,120,20000,0.6969174501584867,4.380979923979133,3.961203178083953,1.3458105825161835,3.7848349139340827,0.8339500396569411,1.0,0.99995,0.32845,across paths,ff12,ew
rolling120,1988-01,1997-12,120,20000,0.6984387428222412,4.109948382243405,3.635733506385578,1.2621876842333846,3.466637634977941,0.8401383959280027,1.0,0.9999,0.30935,across paths,ff12,ew
rolling120,1988-02,1998-01,120,20000,0.7008096813404898,3.9182641941247978,3.3581040529838595,1.1951753974000687,3.199228687749311,0.8605510142199735,1.0,0.9997,0.27815,across paths,ff12,ew
rolling120,1988-03,1998-02,120,20000,0.6996245660936864,4.020620923053174,3.327399413795789,1.185891766476497,3.1707881039002244,0.8515931946469578,1.0,0.99965,0.2479,across paths,ff12,ew
rolling120,1988-04,1998-03,120,20000,0.6987784766043923,4.377045121807305,3.3709985787210384,1.1956678546552042,3.2147106820690188,0.8527523540740506,1.0,0.99975,0.18175,across paths,ff12,ew
rolling120,1988-05,1998-04,120,20000,0.6982711766412415,4.384496238476148,3.388277598346916,1.2019064976631721,3.2323613640661146,0.8467521602683333,1.0,0.9998,0.1858,across paths,ff12,ew
rolling120,1988-06,1998-05,120,20000,0.6964125573055484,4.228182550786945,3.271664614332809,1.1714471436744078,3.117491671434687,0.8532510710829146,1.0,0.99955,0.18855,across paths,ff12,ew
rolling120,1988-07,1998-06,120,20000,0.6950620447711231,4.14524282570084,2.961711478621588,1.0904768129764886,2.8193124007683226,0.8607284420487333,1.0,0.99885,0.13385,across paths,ff12,ew
rolling120,1988-08,1998-07,120,20000,0.6932069375686081,4.078892726800004,2.7266884113201333,1.032744571772722,2.5902262236953,0.8581039640574492,1.0,0.9973,0.1008,across paths,ff12,ew
rolling120,1988-09,1998-08,120,20000,0.6905136965902705,3.4053964667699868,2.093932651432731,0.8867449835416877,1.9693856672274985,0.9153033593782108,0.9999,0.97865,0.08075,across paths,ff12,ew
rolling120,1988-10,1998-09,120,20000,0.6878255412389052,3.520692131059553,2.1620733607145293,0.9138417442199577,2.028761383601152,0.9216469735417859,0.99995,0.98185,0.08085,across paths,ff12,ew
rolling120,1988-11,1998-10,120,20000,0.6829605237758372,3.7663384657825496,2.3058784467201368,0.9565611596923563,2.166421515324603,0.9304428977953269,1.0,0.9883,0.07555,across paths,ff12,ew
rolling120,1988-12,1998-11,120,20000,0.6786096265283306,4.15811888087434,2.6495100451725224,1.084959993290679,2.485877778705328,0.9289166892480054,1.0,0.9941,0.092,across paths,ff12,ew
rolling120,1989-01,1998-12,120,20000,0.6744393750463467,4.381396576040966,2.614444699981672,1.0873548476415347,2.4517676630202043,0.917287964041602,1.0,0.9928,0.0678,across paths,ff12,ew
rolling120,1989-02,1999-01,120,20000,0.6711088143799195,4.240577813640344,2.588481199845836,1.0981402875268107,2.4208828027747438,0.941891998609151,0.99995,0.9921,0.07905,across paths,ff12,ew
rolling120,1989-03,1999-02,120,20000,0.6667902745554608,4.128180789989385,2.3808589991010196,1.0377507461519837,2.2228626706797288,0.9444442433953475,0.9999,0.9864,0.06235,across paths,ff12,ew
rolling120,1989-04,1999-03,120,20000,0.6628166015059591,4.211945088886903,2.311782618043335,1.0442764105655657,2.146829001166597,1.0122446896589956,0.9999,0.98235,0.051,across paths,ff12,ew
rolling120,1989-05,1999-04,120,20000,0.6578613518739753,4.196560371903898,2.51940198590473,1.1204636410134148,2.339561610647678,1.0284073510883645,0.9999,0.9889,0.0789,across paths,ff12,ew
rolling120,1989-06,1999-05,120,20000,0.6504594508089561,3.8874731354084124,2.5356097582532597,1.126011213058804,2.357186447861286,1.021543871294207,0.99985,0.9896,0.1152,across paths,ff12,ew
rolling120,1989-07,1999-06,120,20000,0.6453790970233264,4.1722232808502975,2.70701315347382,1.1811624909260352,2.5198255703407684,1.025573053562371,0.99995,0.9937,0.10945,across paths,ff12,ew
rolling120,1989-08,1999-07,120,20000,0.6401504842025967,3.645316218776281,2.6174314917824364,1.1527060679026668,2.4378095521756724,1.0240880871716715,0.9999,0.9924,0.16825,across paths,ff12,ew
rolling120,1989-09,1999-08,120,20000,0.6344521253632986,3.502096623110771,2.428891445721603,1.0959632518212323,2.2523338531524386,1.025507352451808,0.99985,0.9877,0.1514,across paths,ff12,ew
rolling120,1989-10,1999-09,120,20000,0.6302299936932101,3.3997864886182114,2.345333597793576,1.0711463838540836,2.175040870492068,1.022461642483618,0.99975,0.98465,0.1517,across paths,ff12,ew
rolling120,1989-11,1999-10,120,20000,0.6255342577161436,3.828292953808793,2.493768121581797,1.1289485102958066,2.313533560030943,1.035086971602777,0.9998,0.98885,0.11825,across paths,ff12,ew
rolling120,1989-12,1999-11,120,20000,0.6202067544382974,3.9251151068194083,2.7291090514949237,1.2394634966416551,2.534353477775641,1.0784606928011993,0.9999,0.9932,0.1549,across paths,ff12,ew
rolling120,1990-01,1999-12,120,20000,0.6174691026317722,4.23042482608486,2.9869641827928786,1.3682104518331661,2.7581364557633843,1.1334869814173374,0.99995,0.9954,0.16065,across paths,ff12,ew
rolling120,1990-02,2000-01,120,20000,0.6148958197798176,4.393928458677789,3.4251807242589427,1.5476245137115883,3.1611113471463064,1.1823374285430388,0.99995,0.9983,0.2204,across paths,ff12,ew
rolling120,1990-03,2000-02,120,20000,0.612647779461938,4.457579890976083,3.7865033130585695,1.7717915988546356,3.463816105207454,1.256958336944509,0.99995,0.99865,0.28565,across paths,ff12,ew
rolling120,1990-04,2000-03,120,20000,0.609923712266901,4.628545358430297,3.807854266656955,1.8030766260828714,3.482935048627275,1.2852606042612356,0.99995,0.9985,0.26325,across paths,ff12,ew
rolling120,1990-05,2000-04,120,20000,0.6062462621346005,4.440021184296086,3.6035832737551514,1.7587564658206563,3.2866880384403085,1.2876135835560614,0.99995,0.99695,0.25725,across paths,ff12,ew
rolling120,1990-06,2000-05,120,20000,0.6033745465288767,3.791865420426146,3.2163304380048316,1.6452450472074487,2.9075541012589063,1.3155525990607218,0.9998,0.99315,0.29325,across paths,ff12,ew
rolling120,1990-07,2000-06,120,20000,0.5997098725181285,4.058561566991956,3.418258895247486,1.74890691661654,3.0859399583250964,1.3531312097459516,0.9998,0.99475,0.28495,across paths,ff12,ew
rolling120,1990-08,2000-07,120,20000,0.5965320618853946,4.018617468771126,3.448346335957613,1.763947920137636,3.123003538018129,1.3616446525799004,0.99985,0.9949,0.30015,across paths,ff12,ew
rolling120,1990-09,2000-08,120,20000,0.593994359422632,4.9603704044285335,4.308814766987932,2.095110322428753,3.916241732671114,1.3644625824001868,0.99995,0.99905,0.3033,across paths,ff12,ew
rolling120,1990-10,2000-09,120,20000,0.5925683207312995,4.996956443528637,4.546520874687707,2.2076940985157036,4.1408867842623405,1.3588599445500178,1.0,0.99925,0.3385,across paths,ff12,ew
rolling120,1990-11,2000-10,120,20000,0.5906701463323343,4.937448370273695,4.548143510570702,2.2190318042238477,4.14072519943209,1.369974170118851,1.0,0.99895,0.35165,across paths,ff12,ew
rolling120,1990-12,2000-11,120,20000,0.589721153503658,3.9873011422959275,3.784161707343928,1.964640393162272,3.4105029437712333,1.37546978684315,0.99985,0.9961,0.37605,across paths,ff12,ew
rolling120,1991-01,2000-12,120,20000,0.5881409137884455,3.9205198927678016,3.8520748394773587,2.0365486232291317,3.4649659616539727,1.437478900251626,0.99985,0.9964,0.4014,across paths,ff12,ew
rolling120,1991-02,2001-01,120,20000,0.588456898848889,3.854108541682063,4.461182782663453,2.4190058268390384,3.9757862115433036,1.4822646877643424,0.99995,0.99725,0.5226,across paths,ff12,ew
rolling120,1991-03,2001-02,120,20000,0.5868760301199389,3.0732674537101756,3.5983586214353416,2.067545943113016,3.1802181769110045,1.4735437610492708,0.9997,0.9891,0.5255,across paths,ff12,ew
rolling120,1991-04,2001-03,120,20000,0.5865600452473538,2.6809537212626293,3.0473075619978935,1.8327555194753333,2.6755089198031983,1.4882438277564587,0.99925,0.9759,0.4987,across paths,ff12,ew
rolling120,1991-05,2001-04,120,20000,0.5843505713954229,2.977265906106414,3.1754062280175384,1.896700149160906,2.786418877931916,1.4852291915125337,0.9992,0.9798,0.45375,across paths,ff12,ew
rolling120,1991-06,2001-05,120,20000,0.581985162957986,2.8577149382190314,3.2934677025520034,1.9541461663711057,2.889198694605083,1.4972172076111756,0.9993,0.9833,0.50765,across paths,ff12,ew
rolling120,1991-07,2001-06,120,20000,0.5797796468972998,2.973268611483657,3.463062122061349,2.046162730993502,3.0375948084181856,1.5080877546620919,0.9995,0.9858,0.5155,across paths,ff12,ew
rolling120,1991-08,2001-07,120,20000,0.5767927016001513,2.7243939615138975,3.1876723938404896,1.9275139700058206,2.7911218529755133,1.5185918092857136,0.9991,0.9788,0.51725,across paths,ff12,ew
rolling120,1991-09,2001-08,120,20000,0.574438342599155,2.4029756462908147,2.923531475587671,1.8120366098294163,2.5482973298201195,1.5309161029076708,0.99825,0.96945,0.53945,across paths,ff12,ew
rolling120,1991-10,2001-09,120,20000,0.5716173302393313,2.13347732212315,2.365569858704693,1.5656267213690502,2.0341743683892615,1.5401271797065925,0.9943,0.93605,0.47325,across paths,ff12,ew
rolling120,1991-11,2001-10,120,20000,0.5684872419496692,2.1639771997055113,2.4914623131162283,1.629293217187794,2.1565340731047544,1.5327971333424588,0.99525,0.9447,0.49775,across paths,ff12,ew
rolling120,1991-12,2001-11,120,20000,0.5650499753570908,2.5425755734305393,2.8102150239605055,1.7908991177691438,2.434490689790612,1.5514936812685824,0.9973,0.9626,0.4719,across paths,ff12,ew
rolling120,1992-01,2001-12,120,20000,0.5614639871688849,2.2409645810688814,2.9054776930752775,1.8311330587889467,2.5225493960345204,1.547420205900826,0.9976,0.96805,0.5754,across paths,ff12,ew
rolling120,1992-02,2002-01,120,20000,0.5583516411709399,2.206849164426051,2.44529199032392,1.6137723863753113,2.111790175228877,1.5622466223220366,0.99475,0.94175,0.4738,across paths,ff12,ew
rolling120,1992-03,2002-02,120,20000,0.5560206405110313,2.0951662762016636,2.202648634256066,1.50662378890673,1.8935669521820857,1.5621825589923113,0.9919,0.9204,0.4367,across paths,ff12,ew
rolling120,1992-04,2002-03,120,20000,0.5527640695073701,2.306812409122402,2.5232370046610666,1.6563079509059657,2.1799312572910567,1.5607443461964743,0.99585,0.948,0.46355,across paths,ff12,ew
rolling120,1992-05,2002-04,120,20000,0.5501327906814506,2.0958364078698435,2.6449305184665683,1.7186870781358659,2.2891156574158567,1.5843446280862388,0.99695,0.9549,0.5568,across paths,ff12,ew
rolling120,1992-06,2002-05,120,20000,0.5479686643282855,2.040432694068236,2.5536688246362442,1.6801775704557926,2.2092976527737793,1.5926457090946011,0.99635,0.95065,0.5483,across paths,ff12,ew
rolling120,1992-07,2002-06,120,20000,0.54503690549433,1.8825002273593139,2.4589664904812665,1.6439810453610724,2.113883884150087,1.5838633991310433,0.99455,0.94365,0.5684,across paths,ff12,ew
rolling120,1992-08,2002-07,120,20000,0.5425724861455208,1.5465916121429775,1.975256994575649,1.4184314704822492,1.6797095293290938,1.6035670724903668,0.98635,0.89355,0.54465,across paths,ff12,ew
rolling120,1992-09,2002-08,120,20000,0.5407261995074051,1.6183998758282518,2.0639902176645957,1.4580393892698431,1.7664088882026734,1.597799426807476,0.98825,0.90585,0.54625,across paths,ff12,ew
rolling120,1992-10,2002-09,120,20000,0.5388821226677791,1.3177162035424042,1.7740833209958011,1.3210712993709277,1.5025848078284412,1.5855695810526578,0.98005,0.86345,0.56395,across paths,ff12,ew
rolling120,1992-11,2002-10,120,20000,0.5375003069335667,1.4717727966272478,1.8205436653551235,1.3463861092251728,1.5417727070905325,1.60265478695289,0.9814,0.8712,0.52445,across paths,ff12,ew
rolling120,1992-12,2002-11,120,20000,0.535812937545532,1.512270367598147,1.9390798106727611,1.4183795088845204,1.6372539615434438,1.601707488321574,0.9849,0.88775,0.54335,across paths,ff12,ew
rolling120,1993-01,2002-12,120,20000,0.5332093456091269,1.328186908779935,1.729681117671524,1.3203588643413209,1.4430427494503135,1.5825793860994402,0.97665,0.8542,0.5432,across paths,ff12,ew
rolling120,1993-02,2003-01,120,20000,0.5312207472360928,1.244642835244239,1.5527543015430563,1.2323835100444738,1.2852598957473271,1.5748053471384797,0.96725,0.8166,0.5155,across paths,ff12,ew
rolling120,1993-03,2003-02,120,20000,0.5292345299427312,1.1969939490665409,1.4995261761617331,1.2028659673387563,1.2411958171632447,1.585747848612338,0.96535,0.80805,0.51715,across paths,ff12,ew
rolling120,1993-04,2003-03,120,20000,0.5269463984764828,1.1674350951159527,1.4368649848774373,1.173802040725507,1.1890362550152689,1.5969793918866573,0.9601,0.79145,0.5075,across paths,ff12,ew
rolling120,1993-05,2003-04,120,20000,0.5248137917747004,1.414753288395465,1.7072059029824043,1.3072506242899624,1.4269368811875944,1.614389956948754,0.9758,0.85155,0.5045,across paths,ff12,ew
rolling120,1993-06,2003-05,120,20000,0.5228358852397701,1.4857134519473827,1.919712547392336,1.4172334593353557,1.6151773867085768,1.604083333578927,0.9837,0.8864,0.5455,across paths,ff12,ew
rolling120,1993-07,2003-06,120,20000,0.5205573278054962,1.5096929849994853,2.0037879239674234,1.4580385402999008,1.6887584609135389,1.5977493444319737,0.98655,0.9005,0.5646,across paths,ff12,ew
rolling120,1993-08,2003-07,120,20000,0.5179785693684757,1.5724981147542287,2.1223790495662676,1.52074595765338,1.7967037122130745,1.6067008388506645,0.9889,0.91295,0.57525,across paths,ff12,ew
rolling120,1993-09,2003-08,120,20000,0.5152530218125024,1.5336520818585462,2.131110327630862,1.518572455181358,1.803881826227145,1.573044906813598,0.989,0.9159,0.58975,across paths,ff12,ew
rolling120,1993-10,2003-09,120,20000,0.5125326393675969,1.500760652795074,2.1025164104178824,1.5046280783118375,1.7789918096352177,1.5703440665727884,0.98845,0.91265,0.59415,across paths,ff12,ew
rolling120,1993-11,2003-10,120,20000,0.5102688208093737,1.6117251406355493,2.195197830304348,1.547048419779836,1.8651917875771928,1.577260511872932,0.99035,0.92355,0.58175,across paths,ff12,ew
rolling120,1993-12,2003-11,120,20000,0.5075571161934567,1.6924289872256293,2.419397603365136,1.6507330555794553,2.066655689097977,1.562395697433352,0.99385,0.94465,0.61625,across paths,ff12,ew
rolling120,1994-01,2003-12,120,20000,0.5053009696562023,1.7582333470429803,2.5523315569168923,1.7251760093897595,2.1850073808256574,1.594664330540318,0.9948,0.952,0.62505,across paths,ff12,ew
rolling120,1994-02,2004-01,120,20000,0.5025981848727796,1.7341603252010613,2.6031693582467104,1.7510266164561226,2.229287615121023,1.604524742528295,0.995,0.9558,0.6448,across paths,ff12,ew
rolling120,1994-03,2004-02,120,20000,0.5003490108608952,1.840547886492931,2.685426489961349,1.7928611893414403,2.2969879526454884,1.6132357861244528,0.99585,0.96,0.6315,across paths,ff12,ew
rolling120,1994-04,2004-03,120,20000,0.4976556547029716,1.9384260028163678,2.8700334184716163,1.8830443557944136,2.4640800332219905,1.6140133905081253,0.9969,0.96775,0.6438,across paths,ff12,ew
rolling120,1994-05,2004-04,120,20000,0.4948177712443744,1.8604172689129719,2.8361570982756774,1.8671621012368111,2.4395267082344896,1.6243173931257608,0.99675,0.9666,0.6584,across paths,ff12,ew
rolling120,1994-06,2004-05,120,20000,0.49094364225191445,1.8700559395911736,2.8301453185816055,1.864767612216312,2.433613206721325,1.620529969870976,0.99675,0.9665,0.65405,across paths,ff12,ew
rolling120,1994-07,2004-06,120,20000,0.48752506945042007,2.007554250257306,3.0474164234398944,1.9714027901081408,2.631491501411058,1.6141688592698005,0.99795,0.975,0.6615,across paths,ff12,ew
rolling120,1994-08,2004-07,120,20000,0.4848550005184191,1.8021887611999703,2.7751573889862393,1.8452134877398905,2.3806239142681145,1.625159150336835,0.996,0.96515,0.66205,across paths,ff12,ew
rolling120,1994-09,2004-08,120,20000,0.4810086091650789,1.6891777957372622,2.588277682065477,1.7574645704598673,2.2093588510307582,1.6345787182051628,0.99465,0.9566,0.65395,across paths,ff12,ew
rolling120,1994-10,2004-09,120,20000,0.47717218156337604,1.788421588382473,2.7094896948535876,1.8215571201152794,2.312650626502668,1.6536073122251285,0.99565,0.96325,0.65055,across paths,ff12,ew
rolling120,1994-11,2004-10,120,20000,0.4731989150857703,1.7829395838835396,2.7719298330116615,1.851916426941507,2.371840288633112,1.6485869707355452,0.9963,0.9657,0.66615,across paths,ff12,ew
rolling120,1994-12,2004-11,120,20000,0.46996982510550844,2.0238542208940107,3.300169307502928,2.111880486718647,2.844655702162541,1.6532939492499914,0.99855,0.98305,0.70395,across paths,ff12,ew
rolling120,1995-01,2004-12,120,20000,0.4658719402884084,2.0919133287285447,3.6027015373307294,2.2620396988378553,3.1114175790294105,1.6471213130841424,0.999,0.988,0.73835,across paths,ff12,ew
rolling120,1995-02,2005-01,120,20000,0.4620766136156844,1.9464222006598288,3.366520119265846,2.146010033385143,2.911826945610138,1.6665986252234801,0.9985,0.9851,0.7349,across paths,ff12,ew
rolling120,1995-03,2005-02,120,20000,0.45858160975843587,1.8900598034733131,3.331255268185999,2.1428842800219,2.87643802393468,1.7091786777663092,0.99845,0.9844,0.74005,across paths,ff12,ew
rolling120,1995-04,2005-03,120,20000,0.45495185261689075,1.7667430773241333,3.1563024442163474,2.058717754743406,2.713319682280174,1.7166759079067377,0.99765,0.98,0.741,across paths,ff12,ew
rolling120,1995-05,2005-04,120,20000,0.45162012296633414,1.6331947766634367,2.833379221208533,1.9033785142023298,2.424284618341683,1.7196852202260051,0.9966,0.9693,0.71715,across paths,ff12,ew
rolling120,1995-06,2005-05,120,20000,0.4472886525377491,1.6446500903670191,2.9469172629397242,1.9597460706393512,2.5247992986211516,1.724381692730561,0.99675,0.97305,0.73535,across paths,ff12,ew
rolling120,1995-07,2005-06,120,20000,0.4438314088171458,1.5836532184310421,2.939122082938179,1.9575655089076711,2.5230881615420007,1.7680387155350596,0.9968,0.9733,0.7514,across paths,ff12,ew
rolling120,1995-08,2005-07,120,20000,0.4408129459415695,1.5836532184310421,2.979469794598432,1.9767894798465655,2.558027170902804,1.7754638776523095,0.99725,0.97585,0.75705,across paths,ff12,ew
rolling120,1995-09,2005-08,120,20000,0.4383750221751712,1.5345479503713735,2.8215748757047323,1.9002346531908292,2.414146505335533,1.7822331421091027,0.99615,0.97015,0.74185,across paths,ff12,ew
rolling120,1995-10,2005-09,120,20000,0.43636991908740286,1.460799662384849,2.7528680777052736,1.8695679910921814,2.3450417022828667,1.7768196056944892,0.9961,0.9677,0.75095,across paths,ff12,ew
rolling120,1995-11,2005-10,120,20000,0.43351061796450585,1.4426470375511689,2.7600752446965657,1.8746497368780661,2.3482990413127665,1.7937451066029257,0.9961,0.9684,0.7561,across paths,ff12,ew
rolling120,1995-12,2005-11,120,20000,0.43194035140429765,1.431882354304633,2.8074454145233596,1.8985325649172367,2.3858347007815275,1.7874726080056649,0.9962,0.9702,0.7678,across paths,ff12,ew
rolling120,1996-01,2005-12,120,20000,0.42951792270752476,1.3971514431085166,2.7975323190777104,1.8896352354178922,2.378338712120014,1.766967513165919,0.99645,0.9706,0.7763,across paths,ff12,ew
rolling120,1996-02,2006-01,120,20000,0.42837920485611947,1.4132585080198519,2.981175997754667,1.9869244046948984,2.545808356912536,1.773078137586683,0.9972,0.97695,0.8007,across paths,ff12,ew
rolling120,1996-03,2006-02,120,20000,0.4276677897725176,1.3734013089098105,2.8300185938363542,1.9136527424525815,2.4109222046420387,1.7602945431377466,0.9964,0.97195,0.7871,across paths,ff12,ew
rolling120,1996-04,2006-03,120,20000,0.4273833654693455,1.3900641678965204,2.861123812225367,1.9306974210491934,2.4383140634028138,1.776085365660339,0.99665,0.97335,0.78835,across paths,ff12,ew
rolling120,1996-05,2006-04,120,20000,0.4259625180022244,1.3567263629795092,2.715038944806138,1.8544298836991666,2.3068116543488584,1.7526829737292684,0.9957,0.96845,0.77305,across paths,ff12,ew
rolling120,1996-06,2006-05,120,20000,0.426104517854645,1.2212111576359694,2.3303503472624842,1.6569620318377782,1.9606562597711523,1.716457772480743,0.991,0.9475,0.7396,across paths,ff12,ew
rolling120,1996-07,2006-06,120,20000,0.426104517854645,1.2386640104913744,2.3865039623977777,1.683098674847556,2.010660844262625,1.7270456981771545,0.9922,0.9506,0.7465,across paths,ff12,ew
rolling120,1996-08,2006-07,120,20000,0.42539465995626013,1.3604412674913293,2.585437287410439,1.7784756332852585,2.1995618721393035,1.7345004762286755,0.99495,0.96305,0.748,across paths,ff12,ew
rolling120,1996-09,2006-08,120,20000,0.4255366173967494,1.3437411112084376,2.489528233890807,1.7327630442448199,2.1164520347598335,1.734647204328916,0.99375,0.95795,0.73235,across paths,ff12,ew
rolling120,1996-10,2006-09,120,20000,0.42511082987661886,1.2726176256146302,2.406201338285167,1.6926149152389207,2.0407662486490112,1.7290912090387585,0.9925,0.95225,0.73815,across paths,ff12,ew
rolling120,1996-11,2006-10,120,20000,0.424968914836799,1.3251196025515264,2.661800983895908,1.811585395451384,2.2714183494831284,1.711612803449394,0.99545,0.9668,0.77445,across paths,ff12,ew
rolling120,1996-12,2006-11,120,20000,0.42511082987661886,1.2261505138998854,2.6984764153018608,1.8295590203251697,2.3029666965131783,1.706773080362045,0.9956,0.96835,0.8089,across paths,ff12,ew
rolling120,1997-01,2006-12,120,20000,0.42425967867422365,1.2822776380352723,2.7734911660473442,1.8673668346100258,2.369479921187403,1.709105722025502,0.99625,0.972,0.80605,across paths,ff12,ew
rolling120,1997-02,2007-01,120,20000,0.42411789075200623,1.2045489906531763,2.6488099948615944,1.8050418208329815,2.2573428969120832,1.7113552133335779,0.9954,0.96725,0.80535,across paths,ff12,ew
rolling120,1997-03,2007-02,120,20000,0.42397603221124003,1.1716716210598106,2.730151138472554,1.8419409738193664,2.331099697323634,1.7306482176606355,0.996,0.9716,0.8287,across paths,ff12,ew
rolling120,1997-04,2007-03,120,20000,0.42397603221124003,1.30209483024829,2.9419585125051255,1.941813186871052,2.5174229752148065,1.7155119147024795,0.99755,0.97905,0.82775,across paths,ff12,ew
rolling120,1997-05,2007-04,120,20000,0.42411782012642596,1.2901954217258997,3.137564962941509,2.036146220757822,2.6974877033091573,1.7059911504030831,0.9982,0.9836,0.85675,across paths,ff12,ew
rolling120,1997-06,2007-05,120,20000,0.4229840811911081,1.213727415665662,2.9254770780180217,1.9286764943786667,2.50508350764642,1.7036449462223866,0.9973,0.9784,0.8483,across paths,ff12,ew
rolling120,1997-07,2007-06,120,20000,0.4234094027257871,1.085951247230092,2.7443399167435163,1.8392186100797465,2.34338466956153,1.7039370743709568,0.9965,0.9721,0.85395,across paths,ff12,ew
rolling120,1997-08,2007-07,120,20000,0.4229842082412525,0.8718188841860515,2.408296225917527,1.6756685800762379,2.0459993380278396,1.7158279971588593,0.9933,0.95585,0.86035,across paths,ff12,ew
rolling120,1997-09,2007-08,120,20000,0.4231259256208202,0.9699674187633487,2.254784829683404,1.599996874410889,1.911703222474058,1.7162489278670736,0.99095,0.9444,0.8075,across paths,ff12,ew
rolling120,1997-10,2007-09,120,20000,0.4214256556977367,0.9282513380483743,2.057190043291539,1.5015171904498592,1.7365041768910026,1.7055437043040724,0.9875,0.9277,0.7819,across paths,ff12,ew
rolling120,1997-11,2007-10,120,20000,0.4200101750607148,1.0378156088606865,2.148336281230749,1.5467789756651473,1.8183308656905928,1.6999990655175024,0.9896,0.93635,0.76375,across paths,ff12,ew
rolling120,1997-12,2007-11,120,20000,0.41930292823580184,0.8832743593591592,1.94197087938479,1.4421141152107453,1.6331090024084116,1.6946313709890612,0.98535,0.9153,0.77275,across paths,ff12,ew
rolling120,1998-01,2007-12,120,20000,0.416336630316519,0.8386943455485742,2.0135120015331927,1.470397191586712,1.6973273415586934,1.6805079096230189,0.98715,0.92465,0.80595,across paths,ff12,ew
rolling120,1998-02,2008-01,120,20000,0.41323403090728217,0.7162122207208221,1.8102041370198512,1.3726330418759176,1.518576514102078,1.6939958518815565,0.98105,0.90065,0.80615,across paths,ff12,ew
rolling120,1998-03,2008-02,120,20000,0.409573896949359,0.5503745475586359,1.5875373802819344,1.267285766582625,1.3179338401704574,1.71221052341518,0.96955,0.8654,0.81565,across paths,ff12,ew
rolling120,1998-04,2008-03,120,20000,0.4064848815361817,0.4630876495886209,1.4101352902521995,1.1801020535405644,1.1596540146247243,1.7064747953464876,0.9573,0.83175,0.8078,across paths,ff12,ew
rolling120,1998-05,2008-04,120,20000,0.40298372430842044,0.5154389127250332,1.4305993641438604,1.1909691216076257,1.1762345840022435,1.7023678211158566,0.9593,0.8369,0.7899,across paths,ff12,ew
rolling120,1998-06,2008-05,120,20000,0.39990945718344184,0.5889298370860949,1.6462645539895595,1.3009754772221618,1.3705562650190868,1.7156550866217435,0.97305,0.87635,0.8124,across paths,ff12,ew
rolling120,1998-07,2008-06,120,20000,0.3965633933479267,0.4070311124930346,1.4934315853623814,1.2425372110106574,1.2269302196263667,1.7549444512618213,0.96215,0.84725,0.8433,across paths,ff12,ew
rolling120,1998-08,2008-07,120,20000,0.39308589485851475,0.4274228677465557,1.6244346434796257,1.3158353050301126,1.3448126717210704,1.7523471679903935,0.9698,0.87025,0.85875,across paths,ff12,ew
rolling120,1998-09,2008-08,120,20000,0.38892453103836555,0.7197417484607116,2.3023663969670385,1.6302168220648425,1.9590203003303712,1.696511591896655,0.9921,0.95125,0.8818,across paths,ff12,ew
rolling120,1998-10,2008-09,120,20000,0.3846385803652428,0.46415893821127563,1.7683980157719377,1.3715542265947258,1.4776435464240534,1.6907085857327528,0.97735,0.89775,0.87235,across paths,ff12,ew
rolling120,1998-11,2008-10,120,20000,0.38132604787633073,0.13093655917008862,1.0689101495345614,1.0412344828092357,0.8431045574456525,1.7301701631724025,0.90685,0.73185,0.8525,across paths,ff12,ew
rolling120,1998-12,2008-11,120,20000,0.37747028779851877,-0.018855658527848762,0.6702537345701801,0.8375617290906004,0.4864425986013029,1.7416492524579117,0.80545,0.564,0.816,across paths,ff12,ew
rolling120,1999-01,2008-12,120,20000,0.37225571607742447,-0.0626953944276647,0.6785538629807178,0.8433069121087018,0.49478206689712545,1.758188939313227,0.8083,0.57375,0.8431,across paths,ff12,ew
rolling120,1999-02,2009-01,120,20000,0.3674695725734174,-0.17030081577431055,0.5224751886429715,0.7621066921271291,0.3593705250568009,1.7510950669550236,0.74825,0.49575,0.85505,across paths,ff12,ew
rolling120,1999-03,2009-02,120,20000,0.36283639215812147,-0.2254589624352058,0.39951950031944355,0.7015383459277904,0.24874436278460166,1.7318706802172943,0.6834,0.4261,0.84715,across paths,ff12,ew
rolling120,1999-04,2009-03,120,20000,0.3572726868829563,-0.18729468457617637,0.5651813731539661,0.7740305042830921,0.40050108353708413,1.6774859768866077,0.7681,0.52655,0.88055,across paths,ff12,ew
rolling120,1999-05,2009-04,120,20000,0.3524045174371271,-0.1448393500773857,0.7554927423486443,0.8746608579378479,0.5668863947777307,1.6605122896280047,0.83375,0.62455,0.90325,across paths,ff12,ew
rolling120,1999-06,2009-05,120,20000,0.3478219228992694,-0.08079840643279246,0.8667300327380736,0.9385115180880085,0.6620948315973545,1.6988210746200452,0.86025,0.6726,0.89735,across paths,ff12,ew
rolling120,1999-07,2009-06,120,20000,0.3425863596529477,-0.12222671824707976,0.8518887443025503,0.9366271604190856,0.646087069325955,1.7007584821845303,0.85625,0.6685,0.91025,across paths,ff12,ew
rolling120,1999-08,2009-07,120,20000,0.3376375954262929,-0.023840735794435353,1.015124993395689,1.0233531146400638,0.7896070442762632,1.7335137200929922,0.8905,0.7346,0.90015,across paths,ff12,ew
rolling120,1999-09,2009-08,120,20000,0.33257431934040804,0.018746701302797986,1.2437053703113576,1.1413581321287019,0.9868550490557544,1.746389341074054,0.9295,0.80405,0.9232,across paths,ff12,ew
rolling120,1999-10,2009-09,120,20000,0.32753020895740814,0.0862665861361227,1.4751590476848597,1.2634586935079035,1.1940593728529456,1.7620595672578565,0.9538,0.857,0.9332,across paths,ff12,ew
rolling120,1999-11,2009-10,120,20000,0.32237295443511105,-0.005649848321864548,1.3719579979841556,1.2095879434558479,1.1046887683890512,1.7684138753374685,0.94465,0.83825,0.946,across paths,ff12,ew
rolling120,1999-12,2009-11,120,20000,0.31762948827731297,0.01217313791810204,1.2892231215374417,1.1500323633546754,1.0410700475417636,1.722392650959355,0.9379,0.82305,0.93455,across paths,ff12,ew
rolling120,2000-01,2009-12,120,20000,0.31198850181814075,-0.037358739043847344,1.3073684157343646,1.1422881271860712,1.0652190727505546,1.6917106029788014,0.9417,0.83495,0.951,across paths,ff12,ew
rolling120,2000-02,2010-01,120,20000,0.30663131343306493,-0.027497879466789943,1.171373839568551,1.0660075863587164,0.9412888771261785,1.6301698015979005,0.9258,0.806,0.9338,across paths,ff12,ew
rolling120,2000-03,2010-02,120,20000,0.3010368549567508,-0.02277194827555129,1.04529378016094,0.9606530185357532,0.8478130479273301,1.484874502007227,0.91465,0.7834,0.92275,across paths,ff12,ew
rolling120,2000-04,2010-03,120,20000,0.29508008225564497,-0.016946307921781645,1.139387225493177,0.9941509039315628,0.9420706385950857,1.4748041470192765,0.9316,0.8193,0.936,across paths,ff12,ew
rolling120,2000-05,2010-04,120,20000,0.2892789072903348,0.06592406284658492,1.481709840087972,1.1363049060404544,1.2556186017011544,1.431335619557387,0.96765,0.8981,0.9549,across paths,ff12,ew
rolling120,2000-06,2010-05,120,20000,0.28299287082692914,0.021561392454467976,1.3626931448470205,1.0677922348061406,1.1528766523430705,1.4319851282373426,0.9613,0.88365,0.95715,across paths,ff12,ew
rolling120,2000-07,2010-06,120,20000,0.27800913357969326,-0.08178080017772626,1.0716608547372215,0.9318737307932531,0.8880421199538946,1.4232267241990009,0.9293,0.8157,0.9516,across paths,ff12,ew
rolling120,2000-08,2010-07,120,20000,0.2720311848059822,0.0018895820101600957,1.2502973305584113,1.0069846676524128,1.056246447959681,1.4160127033727992,0.95265,0.86845,0.95225,across paths,ff12,ew
rolling120,2000-09,2010-08,120,20000,0.2658292417158834,-0.1127132437940338,0.9836660653060527,0.884559629862453,0.8132687195939136,1.4043656919307956,0.91675,0.79865,0.9517,across paths,ff12,ew
rolling120,2000-10,2010-09,120,20000,0.25953221036718266,0.022521689385985644,1.271035959977832,1.0011662087512505,1.0800278054015882,1.3785923811581073,0.9568,0.8822,0.95135,across paths,ff12,ew
rolling120,2000-11,2010-10,120,20000,0.25264336076791927,0.08631164955426729,1.5245929691586269,1.1094759726828425,1.3159616895907535,1.367657072145667,0.9769,0.92555,0.96145,across paths,ff12,ew
rolling120,2000-12,2010-11,120,20000,0.24641192429011682,0.2168238720093454,1.8950332161101284,1.2419086990696244,1.657962647874824,1.3452286890305372,0.99245,0.9672,0.9714,across paths,ff12,ew
rolling120,2001-01,2010-12,120,20000,0.2403348910274088,0.2784549001451455,2.0743340567217396,1.2848992700396835,1.8372960828084681,1.2848376160334076,0.9955,0.9792,0.9754,across paths,ff12,ew
rolling120,2001-02,2011-01,120,20000,0.23379642382784094,0.25628302597363395,1.5884970674462304,1.0144857849896827,1.41549376241041,1.2146485268109304,0.9901,0.96015,0.95555,across paths,ff12,ew
rolling120,2001-03,2011-02,120,20000,0.22924865856766652,0.43898982133936104,1.8537522315952435,1.0923431224890852,1.6698400597525132,1.186400631818399,0.996,0.98145,0.94895,across paths,ff12,ew
rolling120,2001-04,2011-03,120,20000,0.22422981819709564,0.5515822416201808,2.067336486104858,1.158318959277735,1.8784039407285409,1.1641771042599645,0.99825,0.98975,0.95075,across paths,ff12,ew
rolling120,2001-05,2011-04,120,20000,0.21947387010369113,0.47394583329686624,1.9334011235583144,1.1039510145151727,1.750570199348797,1.1572420087113753,0.99725,0.9866,0.9543,across paths,ff12,ew
rolling120,2001-06,2011-05,120,20000,0.21558400129953248,0.4408185358554424,1.7084340228783346,1.0169719828202644,1.541270531622407,1.1530992623409357,0.995,0.9773,0.937,across paths,ff12,ew
rolling120,2001-07,2011-06,120,20000,0.21218986966447217,0.4396464239694515,1.6423310778611842,0.9865781677580756,1.4802982359203323,1.1636118732878444,0.99425,0.97425,0.93085,across paths,ff12,ew
rolling120,2001-08,2011-07,120,20000,0.20856417713307263,0.43202071203643677,1.6632533222919719,0.9919757600990936,1.495884109669965,1.150318033957522,0.99495,0.9762,0.9356,across paths,ff12,ew
rolling120,2001-09,2011-08,120,20000,0.20494968951329495,0.43415555283811,1.5066186322431605,0.9316266749255211,1.3503976868816547,1.134025194314501,0.99105,0.96675,0.91245,across paths,ff12,ew
rolling120,2001-10,2011-09,120,20000,0.20158525081102407,0.4558947297154885,1.555725921909148,0.9462276604027824,1.3957803839416214,1.1117284236087235,0.9927,0.9723,0.9147,across paths,ff12,ew
rolling120,2001-11,2011-10,120,20000,0.19894756616546028,0.578235250820111,1.7124022263843872,0.9991475478289739,1.549225452340668,1.0917621961147728,0.995,0.9812,0.90595,across paths,ff12,ew
rolling120,2001-12,2011-11,120,20000,0.1969128143810126,0.46144291146044214,1.4979604457023847,0.9122220692670094,1.3505364517729397,1.0753129667322818,0.9917,0.9695,0.9064,across paths,ff12,ew
rolling120,2002-01,2011-12,120,20000,0.19512013417974283,0.44693763099095496,1.357247649366531,0.8604675645739879,1.2184312032878466,1.076091059005996,0.98655,0.95755,0.88145,across paths,ff12,ew
rolling120,2002-02,2012-01,120,20000,0.19344930515252945,0.5400283499047611,1.5457974492112698,0.9241940387041242,1.3987284951048333,1.0592190300591038,0.99285,0.97475,0.89085,across paths,ff12,ew
rolling120,2002-03,2012-02,120,20000,0.19189983536655286,0.6437673545646039,1.7176750296817427,0.9772146043291018,1.5605460491758607,1.0479435126461447,0.9954,0.98535,0.895,across paths,ff12,ew
rolling120,2002-04,2012-03,120,20000,0.190352377276094,0.624080574903727,1.569972914051565,0.9248746029710623,1.4182223255883757,1.0449548415640377,0.99335,0.9789,0.8698,across paths,ff12,ew
rolling120,2002-05,2012-04,120,20000,0.18856952299160645,0.6960984727375659,1.5263540025939737,0.9040122802804863,1.3807286083923822,1.050138205983904,0.99235,0.9779,0.8336,across paths,ff12,ew
rolling120,2002-06,2012-05,120,20000,0.1870265427840081,0.6112763786362949,1.3956952617634022,0.8592830287134815,1.259474454670354,1.0535096031190765,0.9889,0.96715,0.83195,across paths,ff12,ew
rolling120,2002-07,2012-06,120,20000,0.18548541174873479,0.8018891601348197,1.655841434510547,0.9434641761404372,1.5006941110025314,1.0422201767635788,0.99595,0.984,0.82885,across paths,ff12,ew
rolling120,2002-08,2012-07,120,20000,0.1837098469782672,0.9749065729663806,1.983993613474945,1.0569263492145546,1.8140945577513572,1.0452882619342991,0.99865,0.9937,0.8476,across paths,ff12,ew
rolling120,2002-09,2012-08,120,20000,0.18217317551724088,1.0123874111456908,2.033281696707456,1.0730675800737985,1.8615739966386111,1.0505405634613705,0.9989,0.9945,0.84665,across paths,ff12,ew
rolling120,2002-10,2012-09,120,20000,0.18063849893628192,1.3023684033531002,2.4488686485449316,1.216824563051085,2.2497377604762967,1.053209846750666,0.9998,0.99835,0.8435,across paths,ff12,ew
rolling120,2002-11,2012-10,120,20000,0.17910581464567144,1.0949036453921295,2.273388449859045,1.1524380853001142,2.084197993223875,1.0566947711885526,0.99955,0.9973,0.87225,across paths,ff12,ew
rolling120,2002-12,2012-11,120,20000,0.17781035280377155,0.9904349398479693,1.945821628444541,1.0137852950140525,1.7843219956003653,1.0308588159820669,0.9988,0.99475,0.84255,across paths,ff12,ew
rolling120,2003-01,2012-12,120,20000,0.17663383661877097,1.1347335618782832,2.1460678740441708,1.0744170395299784,1.9724132086828725,1.0098305593895707,0.99925,0.997,0.8411,across paths,ff12,ew
rolling120,2003-02,2013-01,120,20000,0.17545837824053034,1.3107128281297071,2.3955088975043397,1.158785221640999,2.207798073167911,1.015038776049693,0.99975,0.9986,0.8401,across paths,ff12,ew
rolling120,2003-03,2013-02,120,20000,0.1744014169652619,1.3829446617755492,2.509832181717106,1.1946579088616633,2.317577405742675,1.0088217818881533,0.9998,0.99895,0.8434,across paths,ff12,ew
rolling120,2003-04,2013-03,120,20000,0.17322818877648527,1.4500599131448575,2.643725433747194,1.2387445954935736,2.4445083087606783,1.0110143894958532,0.99995,0.99925,0.84955,across paths,ff12,ew
rolling120,2003-05,2013-04,120,20000,0.17205613264384145,1.2980059547376412,2.3385122784095937,1.1324790375830884,2.154413097145425,1.0119913923167267,0.99975,0.99855,0.8351,across paths,ff12,ew
rolling120,2003-06,2013-05,120,20000,0.17100223063626907,1.2256925960715037,2.088221637484929,1.0373223038104122,1.924684628094432,1.0041853257928373,0.99935,0.9972,0.79885,across paths,ff12,ew
rolling120,2003-07,2013-06,120,20000,0.16983239823803076,1.1660601703296343,1.9426426663371927,0.9865431916964259,1.791471710330002,1.0056099388257176,0.999,0.9959,0.7797,across paths,ff12,ew
rolling120,2003-08,2013-07,120,20000,0.1690140883761675,1.2348071972199803,1.9886983920318941,0.9948130710581558,1.8361742174511022,1.0177623612359306,0.99935,0.99605,0.7685,across paths,ff12,ew
rolling120,2003-09,2013-08,120,20000,0.16819635093051621,1.1232850802493353,1.785736497485204,0.9258821380688516,1.6459501146448579,1.0117118035073411,0.9982,0.9936,0.74975,across paths,ff12,ew
rolling120,2003-10,2013-09,120,20000,0.16726254089779768,1.229191549751858,1.9010783987165472,0.9640444539704291,1.7548591595850607,1.0112038411820456,0.9989,0.99565,0.7429,across paths,ff12,ew
rolling120,2003-11,2013-10,120,20000,0.1664460286777234,1.187610774730579,1.784566880834708,0.9233685007494827,1.644471561179998,1.007668797780127,0.99845,0.99405,0.71875,across paths,ff12,ew
rolling120,2003-12,2013-11,120,20000,0.16563008761639186,1.2240637643706354,1.7749331978449943,0.9224546410472269,1.6301337497875314,1.0185297935155802,0.99835,0.9936,0.698,across paths,ff12,ew
rolling120,2004-01,2013-12,120,20000,0.1646983289532291,1.1908210751647497,1.7179054061057137,0.8978567467230516,1.5810916995627489,1.0183401932444152,0.998,0.99295,0.6954,across paths,ff12,ew
rolling120,2004-02,2014-01,120,20000,0.16388361042593091,1.0720855169920576,1.548395271713988,0.8439623694250964,1.415353104092223,1.0270213473957872,0.99655,0.9879,0.6848,across paths,ff12,ew
rolling120,2004-03,2014-02,120,20000,0.16318569900652724,1.1374381057400837,1.6341891219533564,0.8699869644098175,1.4993730780597876,1.0129102836031476,0.9974,0.9906,0.6873,across paths,ff12,ew
rolling120,2004-04,2014-03,120,20000,0.16213977321063777,1.1733614352483204,1.646170467339694,0.8744398751431194,1.5096747086264335,1.0074900368871365,0.99725,0.9915,0.6728,across paths,ff12,ew
rolling120,2004-05,2014-04,120,20000,0.161210804566984,1.2076415840692731,1.627600822005727,0.8707377812554219,1.4938092017413431,1.006410671422718,0.99705,0.9906,0.6444,across paths,ff12,ew
rolling120,2004-06,2014-05,120,20000,0.16051449586946243,1.2253044612235193,1.6518322541308532,0.877749412677392,1.5151708416883893,1.0030275083434406,0.99735,0.9915,0.64555,across paths,ff12,ew
rolling120,2004-07,2014-06,120,20000,0.15958682640833555,1.2399316954923303,1.6780045292685044,0.8859150407071625,1.5466176249093657,0.9991930664095802,0.9978,0.9919,0.65025,across paths,ff12,ew
rolling120,2004-08,2014-07,120,20000,0.15842839801032516,1.2844691672640391,1.6901731462502376,0.8856358278504214,1.5592661949956477,1.001055454941612,0.99795,0.99275,0.63485,across paths,ff12,ew
rolling120,2004-09,2014-08,120,20000,0.15715552693070123,1.3770519664164844,1.8505903566450561,0.9395931749657661,1.7096775703223197,1.0167620309057308,0.99895,0.99555,0.6542,across paths,ff12,ew
rolling120,2004-10,2014-09,120,20000,0.15588405447078313,1.2912808454180724,1.5851509906812837,0.8515161040719493,1.4596211922855968,1.0169731400009931,0.99725,0.99,0.58485,across paths,ff12,ew
rolling120,2004-11,2014-10,120,20000,0.15461397909377972,1.3133970202285687,1.5997151067169815,0.8687375200450586,1.4654921818809388,1.0045329708572734,0.99665,0.9888,0.5777,across paths,ff12,ew
rolling120,2004-12,2014-11,120,20000,0.1528846521156062,1.2665456476370083,1.360946576970587,0.798277162799295,1.2368850120870547,0.9901587734215701,0.9913,0.9756,0.48465,across paths,ff12,ew
rolling120,2005-01,2014-12,120,20000,0.15104298334225819,1.1871137042027318,1.257400918721739,0.7660577748545485,1.135715259298729,0.9884202192061339,0.98805,0.96695,0.4724,across paths,ff12,ew
rolling120,2005-02,2015-01,120,20000,0.14920425653180724,1.1756628471126653,1.2333106490736998,0.7582203957876774,1.1133896357098667,0.9863382539649441,0.9865,0.96505,0.46475,across paths,ff12,ew
rolling120,2005-03,2015-02,120,20000,0.14736846698463157,1.2628684629955633,1.3316337305750527,0.7875390945479793,1.2071494329855148,0.9635657164567868,0.9903,0.97375,0.4708,across paths,ff12,ew
rolling120,2005-04,2015-03,120,20000,0.1449640424953913,1.2771452356327617,1.3832290920318542,0.8060623664346623,1.2588053631435796,0.9622432334779967,0.99145,0.97765,0.48975,across paths,ff12,ew
rolling120,2005-05,2015-04,120,20000,0.14256465671628704,1.3469061398801188,1.5743984148593502,0.8809298302263221,1.4399707341547394,0.9939006860882252,0.9952,0.9871,0.5468,across paths,ff12,ew
rolling120,2005-06,2015-05,120,20000,0.13982906695559372,1.2899785869635902,1.464534792160404,0.8473393808029062,1.3356690239645854,0.996151287405575,0.993,0.9816,0.5221,across paths,ff12,ew
rolling120,2005-07,2015-06,120,20000,0.1372134759608834,1.2370508009540164,1.3333083673675699,0.8019287441247144,1.2127022781429777,0.9987901927548714,0.98945,0.97375,0.48765,across paths,ff12,ew
rolling120,2005-08,2015-07,120,20000,0.1344906982849996,1.1814252098012625,1.1065320048119185,0.7368516723020591,0.9922822489580225,1.0312361282858251,0.97565,0.9489,0.39325,across paths,ff12,ew
rolling120,2005-09,2015-08,120,20000,0.13109740606679887,1.0687219093554265,1.040779703964484,0.7139450253799743,0.9303344673478251,1.0378582926013795,0.97085,0.93975,0.41835,across paths,ff12,ew
rolling120,2005-10,2015-09,120,20000,0.12782670861182477,0.9900952852328573,0.9006701401500344,0.6708204552523983,0.7958774363464415,1.0660436018406712,0.95285,0.90905,0.38255,across paths,ff12,ew
rolling120,2005-11,2015-10,120,20000,0.12478977621604148,1.182966171066277,1.110041382066803,0.746086033902888,0.9946565710136902,1.0706444279342973,0.97485,0.94975,0.3974,across paths,ff12,ew
rolling120,2005-12,2015-11,120,20000,0.1213137037344647,1.1125953408788996,1.0669970404020301,0.7356143841447061,0.9522035046894106,1.0850197698306987,0.97105,0.94325,0.40765,across paths,ff12,ew
rolling120,2006-01,2015-12,120,20000,0.11784871920338724,1.0657332140128797,0.9465009375412208,0.6972329279928787,0.8369778967294418,1.0836970155194396,0.9576,0.91935,0.3653,across paths,ff12,ew
rolling120,2006-02,2016-01,120,20000,0.11406128956184114,0.883697717982145,0.6520608808789552,0.596255783433759,0.5556581888056,1.0582388225467927,0.89425,0.8287,0.29305,across paths,ff12,ew
rolling120,2006-03,2016-02,120,20000,0.11050837335036223,0.8821913623500128,0.6656101160807614,0.601414114103321,0.5699722858838517,1.0574482496563937,0.89775,0.83565,0.30195,across paths,ff12,ew
rolling120,2006-04,2016-03,120,20000,0.1066359221132136,0.9770032406773443,0.7460462612495822,0.63258707426269,0.6419146676765594,1.0600002921936396,0.91995,0.86705,0.299,across paths,ff12,ew
rolling120,2006-05,2016-04,120,20000,0.10277658998149164,0.9738741426606428,0.7951427175030245,0.6566779444638102,0.6846729517210447,1.0901425698328497,0.9285,0.88185,0.33045,across paths,ff12,ew
rolling120,2006-06,2016-05,120,20000,0.09816475917603262,1.0741266540871965,0.8678242496270288,0.6855193775679507,0.7527760400167791,1.1071600000405366,0.94295,0.90335,0.3216,across paths,ff12,ew
rolling120,2006-07,2016-06,120,20000,0.09400835869309576,1.0728828000217754,0.8939934222334519,0.6958580859343754,0.7790580774701155,1.1066825733239722,0.94575,0.91205,0.3345,across paths,ff12,ew
rolling120,2006-08,2016-07,120,20000,0.08986768960640878,1.1629719551366424,1.0488578774757902,0.7521130900302612,0.9249195086887654,1.1133964112083465,0.96535,0.9441,0.3719,across paths,ff12,ew
rolling120,2006-09,2016-08,120,20000,0.08552645204573817,1.1220137746294205,1.0630216979636389,0.7593678386325623,0.9383176847923027,1.130058600430747,0.9662,0.9464,0.3996,across paths,ff12,ew
rolling120,2006-10,2016-09,120,20000,0.08131018557528868,1.0813375203675757,1.0944394318458854,0.7707773231058476,0.9680477043759362,1.1325958711175919,0.96905,0.9516,0.439,across paths,ff12,ew
rolling120,2006-11,2016-10,120,20000,0.07711029540125858,0.9684636724039966,0.8901118464793865,0.6983220651525714,0.7733808016618922,1.1414990833410672,0.9436,0.91785,0.38635,across paths,ff12,ew
rolling120,2006-12,2016-11,120,20000,0.07271261345429059,1.0214726334215345,0.9937433023973881,0.7398836414705802,0.8695125608304063,1.1413118123730281,0.9568,0.9359,0.41405,across paths,ff12,ew
rolling120,2007-01,2016-12,120,20000,0.06875938967960882,1.033252078890361,1.007474343175274,0.7463522414369603,0.8827067848514863,1.149142513356009,0.95805,0.9396,0.41495,across paths,ff12,ew
year,1927-01,1927-12,12,20000,0.031340782429983394,0.32583722609273513,0.4084518251459209,0.1365515129528668,0.3986040773564009,0.45311925912456885,0.99995,0.99965,0.7165,across paths,ff12,vw
year,1928-01,1928-12,12,20000,0.035355979534331006,0.3907859670535341,0.4266949601228468,0.17418331570197104,0.4072200247696557,0.6594107708072483,0.9997,0.99845,0.53915,across paths,ff12,vw
year,1929-01,1929-12,12,20000,0.04739767766948333,-0.1485230019924365,-0.14316185409195858,0.15178228417755296,-0.15812012592554947,0.5682987728866062,0.17025,0.11015,0.47305,across paths,ff12,vw
year,1930-01,1930-12,12,20000,0.024261799957746355,-0.2872601404747538,-0.27780321267014213,0.10082863186074005,-0.28409257344038485,0.37067218387381834,0.00705,0.00405,0.51135,across paths,ff12,vw
year,1931-01,1931-12,12,20000,0.010852440211584602,-0.4376338865587708,-0.40670447561580086,0.10047859780041782,-0.4140272368569822,0.4580053167725574,0.0006,0.00045,0.5979,across paths,ff12,vw
year,1932-01,1932-12,12,20000,0.009436727769233544,-0.08658574309335187,-0.08448798910252923,0.2203716947962455,-0.11207604849674463,0.7135770332996052,0.31155,0.2992,0.4538,across paths,ff12,vw
year,1933-01,1933-12,12,20000,0.003003642310775989,0.5679565173050354,0.554819395105651,0.3372923292044506,0.5230709429639392,0.6055563667898147,0.97355,0.9728,0.4451,across paths,ff12,vw
year,1934-01,1934-12,12,20000,0.0018014106441925914,0.03263777211935448,0.057698382766567885,0.1314328463209384,0.05122234905406298,0.31285232506760574,0.65375,0.6487,0.5582,across paths,ff12,vw
year,1935-01,1935-12,12,20000,0.0014008903400870576,0.45004656526311426,0.473994563080976,0.1949147252193974,0.4547267132865169,0.5790530398602689,0.9989,0.9988,0.50995,across paths,ff12,vw
year,1936-01,1936-12,12,20000,0.0018014506902155336,0.3215330595896724,0.308147258098574,0.14009368390137972,0.29955946454436366,0.39666775082355793,0.9943,0.994,0.4345,across paths,ff12,vw
year,1937-01,1937-12,12,20000,0.0029037227913610852,-0.34728916228237694,-0.3449152256174895,0.08792120542518345,-0.3497667132889153,0.35651800554085716,0.0004,0.00035,0.4877,across paths,ff12,vw
year,1938-01,1938-12,12,20000,-0.0004001399919975057,0.28167847492774056,0.304037504347652,0.18526926521151485,0.29034784808608016,0.44871259024057836,0.9656,0.96615,0.5165,across paths,ff12,vw
year,1939-01,1939-12,12,20000,9.99699970003487e-05,0.025054688210840448,0.05328311429410215,0.1507555418447549,0.0410076658226427,0.431343866022806,0.6073,0.6068,0.5411,across paths,ff12,vw
year,1940-01,1940-12,12,20000,-0.00020000999799996144,-0.07206559093168252,-0.08468074558759056,0.08292551117063951,-0.08783382828627301,0.2524253345217461,0.14875,0.14885,0.41955,across paths,ff12,vw
year,1941-01,1941-12,12,20000,0.00039999998799933323,-0.10550183945566882,-0.12418979200990939,0.08277704757657413,-0.12885258108662223,0.32704077356088995,0.074,0.0733,0.3915,across paths,ff12,vw
year,1942-01,1942-12,12,20000,0.0028035526933587462,0.1649378017045231,0.2053108583496406,0.11442081461925631,0.19804732640377376,0.31870911906068106,0.97295,0.9713,0.621,across paths,ff12,vw
year,1943-01,1943-12,12,20000,0.0035056154485657576,0.28319964874993087,0.30836930779125105,0.0925011381700154,0.304059834619678,0.23587250853469519,1.0,1.0,0.58945,across paths,ff12,vw
year,1944-01,1944-12,12,20000,0.003304984546793177,0.21344771087952652,0.20394167159402438,0.0633863103679009,0.20150496078976476,0.1999622788903384,0.9999,0.99985,0.4269,across paths,ff12,vw
year,1945-01,1945-12,12,20000,0.003204684138460978,0.38735699571189386,0.40415962935644917,0.10783579751323326,0.4009161650363623,0.15378960126944854,1.0,1.0,0.55205,across paths,ff12,vw
year,1946-01,1946-12,12,20000,0.003605945944011646,-0.06396093599835928,-0.05323258975570793,0.08177606039891391,-0.05772466269311777,0.3305980845901148,0.24625,0.23265,0.53135,across paths,ff12,vw
year,1947-01,1947-12,12,20000,0.005011295205622046,0.03433766682547601,0.004353553635895185,0.07560923754574161,-6.417784719503494e-05,0.3433344742158288,0.49955,0.47315,0.32465,across paths,ff12,vw
year,1948-01,1948-12,12,20000,0.008129886047645751,0.018551882838878653,0.027591212427064686,0.08125534858392637,0.022161825960609893,0.3926084142221997,0.61115,0.5716,0.5187,across paths,ff12,vw
year,1949-01,1949-12,12,20000,0.011156624285102223,0.20198664134954614,0.2364754132136223,0.07906277101155192,0.23473251930027428,0.15021402307380588,0.99975,0.99955,0.66065,across paths,ff12,vw
year,1950-01,1950-12,12,20000,0.012167285608503553,0.30066784084275433,0.25377102630907145,0.11933299973245896,0.2430421834535711,0.506232639018617,0.99565,0.99335,0.31475,across paths,ff12,vw
year,1951-01,1951-12,12,20000,0.014900682357238404,0.20694463164474208,0.19938324082717346,0.09737505638432926,0.19444225017990924,0.27975842527294825,0.98845,0.98085,0.45055,across paths,ff12,vw
year,1952-01,1952-12,12,20000,0.016523610223636576,0.13474905746088828,0.13381076751928173,0.07563365706286322,0.13176761848717555,0.16468107177244745,0.96745,0.9435,0.4837,across paths,ff12,vw
year,1953-01,1953-12,12,20000,0.01825047080823472,0.007186150650095646,0.011085207484108113,0.0582666700076793,0.010200248679721247,0.08128518723217808,0.57085,0.44645,0.5222,across paths,ff12,vw
year,1954-01,1954-12,12,20000,0.00863377969622614,0.5030563197321554,0.4717282420955069,0.12721425683848442,0.4635654797402282,0.36389732258072904,1.0,1.0,0.3834,across paths,ff12,vw
year,1955-01,1955-12,12,20000,0.015711204189441386,0.25355601474255596,0.21938931376503798,0.12208187408736963,0.20526474584420495,0.7898257175318509,0.98755,0.97885,0.34,across paths,ff12,vw
year,1956-01,1956-12,12,20000,0.02467423803643598,0.0833752446150553,0.052950556100027926,0.0775250837848723,0.04937933801221073,0.2809710838508264,0.7422,0.62365,0.33435,across paths,ff12,vw
year,1957-01,1957-12,12,20000,0.031546885166551686,-0.10004075784085131,-0.0474616220164963,0.0852000571829064,-0.051799602648467113,0.28116382897397035,0.27835,0.1775,0.7214,across paths,ff12,vw
year,1958-01,1958-12,12,20000,0.015303139073847838,0.44980999895087215,0.49853236807240775,0.12340579341434968,0.4878036466670729,0.41261176241532654,1.0,1.0,0.62805,across paths,ff12,vw
year,1959-01,1959-12,12,20000,0.02969530696561873,0.12760655494675488,0.14382837351481967,0.09596038846908297,0.1396816071582343,0.2479493373504791,0.9417,0.888,0.5507,across paths,ff12,vw
year,1960-01,1960-12,12,20000,0.026718544210524664,0.012009681750978718,0.037155442425241075,0.09352077920817037,0.03127181583951588,0.3761493837388583,0.63835,0.52025,0.58475,across paths,ff12,vw
year,1961-01,1961-12,12,20000,0.021203049199982615,0.26938753950174754,0.30637899245555034,0.0973275579774309,0.30043689603887025,0.3211690440791779,0.99995,0.99975,0.63015,across paths,ff12,vw
year,1962-01,1962-12,12,20000,0.027336311308160388,-0.1018704309519155,-0.10454866621034628,0.07496964060538208,-0.10558574659351194,0.07415363361327346,0.08405,0.04105,0.4799,across paths,ff12,vw
year,1963-01,1963-12,12,20000,0.0311354082386468,0.20958714314537952,0.21633925618433705,0.0796419016101889,0.21080369526219944,0.3912515106795766,0.9996,0.9966,0.50615,across paths,ff12,vw
year,1964-01,1964-12,12,20000,0.03525706968952491,0.16073359896318462,0.15210466545416898,0.06940148321433269,0.14899988513814877,0.18767639726449972,0.99125,0.95915,0.43535,across paths,ff12,vw
year,1965-01,1965-12,12,20000,0.03918636823954258,0.1443528724471268,0.15561255044956165,0.07795871974882278,0.15328048465032706,0.18003761261867848,0.9831,0.9376,0.54555,across paths,ff12,vw
year,1966-01,1966-12,12,20000,0.04750339219432975,-0.08806073452750662,-0.08891343803102379,0.08315749939877319,-0.09416261633452228,0.359632955670043,0.14365,0.0616,0.47135,across paths,ff12,vw
year,1967-01,1967-12,12,20000,0.042089732130200286,0.28695714774520886,0.2858593166880594,0.10714726715684796,0.28205577930111103,0.18343965754382668,0.9976,0.9909,0.4799,across paths,ff12,vw
year,1968-01,1968-12,12,20000,0.052208763937099834,0.14135085333978803,0.17260915318009334,0.10527943711572607,0.16788082016319028,0.2089865016115924,0.95615,0.87595,0.60485,across paths,ff12,vw
year,1969-01,1969-12,12,20000,0.06569703672500249,-0.1095418650330422,-0.09104547010510163,0.07769914119886125,-0.09360382988163951,0.16988793806453842,0.1242,0.02615,0.5856,across paths,ff12,vw
year,1970-01,1970-12,12,20000,0.06516705987919003,0.00089937643527227,0.01818047206596613,0.0956006241064547,0.01386311549451047,0.2662088661015123,0.5603,0.29835,0.5557,across paths,ff12,vw
year,1971-01,1971-12,12,20000,0.04385608936775598,0.1616277679367737,0.17172161805980668,0.08926943717010889,0.16997924310304302,0.09098315388435645,0.97525,0.92595,0.53615,across paths,ff12,vw
year,1972-01,1972-12,12,20000,0.03835711405871445,0.16916061329614052,0.16519470090688163,0.09057370616821012,0.16054394793442728,0.2569023554875487,0.9736,0.9283,0.4614,across paths,ff12,vw
year,1973-01,1973-12,12,20000,0.06940964906929548,-0.1931202152998398,-0.2005656002551952,0.08642510694159178,-0.2058407643710311,0.3437678366508213,0.0158,0.0029,0.4433,across paths,ff12,vw
year,1974-01,1974-12,12,20000,0.08009299500444977,-0.27804949151668024,-0.2625288220979812,0.09096768759536925,-0.2681970675008557,0.41448926559336635,0.0057,0.00075,0.5441,across paths,ff12,vw
year,1975-01,1975-12,12,20000,0.05798431629002354,0.3832883780080134,0.4024593331574275,0.1591837831620063,0.3982222221106292,0.18370599464014428,0.99755,0.98945,0.5389,across paths,ff12,vw
year,1976-01,1976-12,12,20000,0.05084710391799252,0.2698032315995835,0.2625062288001702,0.10836365369671136,0.26037441038606757,0.17497308002600892,0.99505,0.98015,0.46405,across paths,ff12,vw
year,1977-01,1977-12,12,20000,0.05126495522821517,-0.031175019766812806,-0.026684587344756393,0.06210365275839125,-0.02802960757827372,0.15180059464712364,0.32865,0.1075,0.5189,across paths,ff12,vw
year,1978-01,1978-12,12,20000,0.07196501341871309,0.0824594010034132,0.0788833287696176,0.08226479066582267,0.07567798458540886,0.21190968605180605,0.83415,0.5199,0.46855,across paths,ff12,vw
year,1979-01,1979-12,12,20000,0.1038334430458423,0.23466553545879343,0.20043957080694796,0.0868828197705131,0.19793817361801236,0.17947063085754852,0.99225,0.86925,0.3355,across paths,ff12,vw
year,1980-01,1980-12,12,20000,0.11258733475368765,0.33252237086475556,0.2804362095310332,0.1642624534381648,0.26489101722881936,0.5879398382662738,0.97555,0.85585,0.3394,across paths,ff12,vw
year,1981-01,1981-12,12,20000,0.1471747478188743,-0.03259492110308704,0.022915485219805406,0.10920744287557761,0.019558034001583402,0.23227626978780827,0.571,0.1283,0.6872,across paths,ff12,vw
year,1982-01,1982-12,12,20000,0.10534507994232367,0.21455435824057512,0.26893889587867653,0.12356609270970126,0.26689408092661404,0.12738822616614212,0.98855,0.90855,0.6641,across paths,ff12,vw
year,1983-01,1983-12,12,20000,0.087957322322191,0.22550771908568645,0.22220610887172507,0.11131619387635189,0.21710642798608926,0.27876761998443234,0.9863,0.89025,0.46985,across paths,ff12,vw
year,1984-01,1984-12,12,20000,0.09837053073148505,0.03850526910283558,0.05038931329296691,0.09622775233164418,0.04257485695621377,0.47779018919132693,0.6821,0.28345,0.5168,across paths,ff12,vw
year,1985-01,1985-12,12,20000,0.0772029093125699,0.3262386133802917,0.3347493981473014,0.11124636589956763,0.33214995963137717,0.11075353359820106,0.9997,0.9928,0.52235,across paths,ff12,vw
year,1986-01,1986-12,12,20000,0.06157040643142642,0.16417506145248417,0.18794076522731049,0.11754433696543687,0.1799468293352583,0.38399741873156024,0.9597,0.8652,0.5533,across paths,ff12,vw
year,1987-01,1987-12,12,20000,0.05472425335115183,0.016447656023945934,0.04172674771925667,0.12917690780317811,0.028185817515643863,0.604166238393838,0.5911,0.4159,0.5385,across paths,ff12,vw
year,1988-01,1988-12,12,20000,0.06357536181976098,0.17992730438092464,0.18197642086101903,0.09867128927236721,0.1785803269152253,0.1829028010874544,0.9742,0.8867,0.49485,across paths,ff12,vw
year,1989-01,1989-12,12,20000,0.08375046134037079,0.2885742032222962,0.281581369500792,0.09858772786189426,0.2793556966575861,0.1439731595789752,0.99905,0.98125,0.4621,across paths,ff12,vw
year,1990-01,1990-12,12,20000,0.07838118061963528,-0.06023993422837459,-0.059773471904375944,0.1013492589042381,-0.0676391430685846,0.42786250117191665,0.26435,0.0946,0.47065,across paths,ff12,vw
year,1991-01,1991-12,12,20000,0.05598602000744668,0.34816431124513314,0.3247178499382394,0.12825321741652704,0.317971740193958,0.31599495323916993,0.99865,0.9915,0.40885,across paths,ff12,vw
year,1992-01,1992-12,12,20000,0.03504994804571826,0.0977917454354833,0.11911571824633309,0.1110560190716242,0.11228814354231065,0.3656346568332899,0.864,0.7673,0.55175,across paths,ff12,vw
year,1993-01,1993-12,12,20000,0.028977781780637812,0.11160181432651584,0.13353783215900925,0.10909965660496611,0.13147721377176658,0.10346382571932666,0.89045,0.8301,0.57265,across paths,ff12,vw
year,1994-01,1994-12,12,20000,0.03908056138318705,-0.0014820664936643357,-0.005634653936705041,0.07616623642873459,-0.009778216072950652,0.28257964802013774,0.4525,0.269,0.46,across paths,ff12,vw
year,1995-01,1995-12,12,20000,0.05598649105331033,0.36851773687640366,0.3413195291484861,0.10899982708794664,0.3380882217224882,0.19197662174016614,0.99975,0.99825,0.3904,across paths,ff12,vw
year,1996-01,1996-12,12,20000,0.05199928578383717,0.21206785537948347,0.19505538934662559,0.09850947326117804,0.18942786764771824,0.33733493136356024,0.98625,0.9379,0.40785,across paths,ff12,vw
year,1997-01,1997-12,12,20000,0.05252282460020541,0.31247057540483114,0.30505166407451245,0.13073445997597863,0.2978149747362149,0.3464293037525617,0.9968,0.98245,0.453,across paths,ff12,vw
year,1998-01,1998-12,12,20000,0.04854677372757088,0.24260682903123243,0.21083332533358326,0.16308876940345893,0.19489088581213676,0.5889627373025135,0.91945,0.84565,0.391,across paths,ff12,vw
year,1999-01,1999-12,12,20000,0.046877487656105554,0.2524240515544398,0.13035071994823857,0.1779599846839768,0.11223955653521589,0.5972518479873878,0.7594,0.65135,0.22885,across paths,ff12,vw
year,2000-01,2000-12,12,20000,0.058827813659585004,-0.11592112460980486,0.009183632231535267,0.20957179073861704,-0.009604659426495854,0.6075417326600437,0.47995,0.37105,0.7076,across paths,ff12,vw
year,2001-01,2001-12,12,20000,0.03824800864936062,-0.11201399904333464,-0.05630595568726543,0.17183286495419747,-0.06547783327613027,0.34854662508581236,0.3507,0.27645,0.6095,across paths,ff12,vw
year,2002-01,2002-12,12,20000,0.01632075190748239,-0.21138775004858779,-0.1727896435495235,0.11784243593295717,-0.18134746878695263,0.43898987672950757,0.0791,0.06295,0.60565,across paths,ff12,vw
year,2003-01,2003-12,12,20000,0.010247724555652926,0.3169291440246156,0.30639898734334614,0.12615502955618074,0.3015291890563797,0.22136762515262456,0.99665,0.99555,0.45165,across paths,ff12,vw
year,2004-01,2004-12,12,20000,0.011863454109524163,0.11931461886375816,0.13935536297535173,0.09027603182819437,0.13545717161440407,0.23268045242138452,0.94645,0.92585,0.57205,across paths,ff12,vw
year,2005-01,2005-12,12,20000,0.02979774263278001,0.061007835307562264,0.047364359244876024,0.10688298581044581,0.037488389334260575,0.6451323769343532,0.6524,0.53245,0.40875,across paths,ff12,vw
year,2006-01,2006-12,12,20000,0.04812968129714923,0.15398439680005582,0.18219498873967813,0.09939263072456216,0.17860752429103943,0.21610782381915922,0.97285,0.91875,0.5983,across paths,ff12,vw
year,2007-01,2007-12,12,20000,0.046667720112056,0.057378903196549036,0.0840892504716292,0.0833670186719333,0.07967002239653853,0.31715209292040547,0.8462,0.6583,0.60615,across paths,ff12,vw
year,2008-01,2008-12,12,20000,0.015912653124452003,-0.36656078451194607,-0.35919835127096783,0.09771170836143198,-0.3624669155223659,0.19044686245437736,0.0003,0.00015,0.51795,across paths,ff12,vw
year,2009-01,2009-12,12,20000,0.0009003500770106143,0.28627882661901216,0.3146322886115057,0.19848770964089116,0.2911214811855416,0.7857575048632135,0.97065,0.9702,0.5112,across paths,ff12,vw
year,2010-01,2010-12,12,20000,0.0010004501200209237,0.17411855921775898,0.20541421529400936,0.10486389674185369,0.20083733292884554,0.25306164071927495,0.98295,0.9822,0.6005,across paths,ff12,vw
year,2011-01,2011-12,12,20000,0.00040006000400016895,0.005010313959058266,0.015497070741599816,0.09822184728495513,0.012123199937607576,0.25091396498200536,0.54735,0.54595,0.52715,across paths,ff12,vw
year,2012-01,2012-12,12,20000,0.0006001500200014664,0.16347588259673151,0.16759091523225703,0.10539222510004022,0.16381048053481384,0.1949963271689624,0.94965,0.94885,0.50145,across paths,ff12,vw
year,2013-01,2013-12,12,20000,0.0,0.35152984651126506,0.34279097544711395,0.08785554832570053,0.3426712357114752,0.0363504268808177,1.0,1.0,0.45715,across paths,ff12,vw
year,2014-01,2014-12,12,20000,0.0,0.11742048220313417,0.10917013771569961,0.08624875610286445,0.11142437614032008,-0.09718254490524757,0.8936,0.8936,0.47,across paths,ff12,vw
year,2015-01,2015-12,12,20000,9.999999999998899e-05,0.002123996347826118,-0.022333247318225335,0.08115550099649091,-0.02164419085300967,-0.04041297735196594,0.3973,0.3967,0.38725,across paths,ff12,vw
year,2016-01,2016-12,12,20000,0.002102001142436638,0.135839399727115,0.14837094107169188,0.118796185280993,0.14279922948921886,0.29374889231314144,0.898,0.89505,0.524,across paths,ff12,vw
decade,1926-07,1936-12,126,20000,0.1973957264279631,0.9553014461411233,1.355713727971047,1.24983713906286,1.0790521376871498,1.660562155727683,0.9291,0.8647,0.54895,across paths,ff12,vw
decade,1937-01,1946-12,120,20000,0.019382264221265322,0.6766558202743989,0.8205432573037962,0.6053766882486875,0.726900747192748,0.9901280028943183,0.956,0.94955,0.53665,across paths,ff12,vw
decade,1947-01,1956-12,120,20000,0.1435189441161644,3.6377397025607188,3.1580137753728117,1.055824139285469,3.0266199725064724,0.8163731826231345,1.0,1.0,0.2849,across paths,ff12,vw
decade,1957-01,1966-12,120,20000,0.3498402266913929,1.487167387237212,1.9237873232639289,0.7513646034125135,1.8292572947489767,0.8198614701333923,1.0,0.99845,0.6968,across paths,ff12,vw
decade,1967-01,1976-12,120,20000,0.7324866552416902,0.8192557564736349,0.9872731496152605,0.6033565628591363,0.9004193488942738,0.9188205773838592,0.9848,0.62225,0.5577,across paths,ff12,vw
decade,1977-01,1986-12,120,20000,1.398087202464628,2.9835549677876756,3.263815169126336,1.2722443448582572,3.082614574085073,0.9524257542142396,1.0,0.9671,0.5344,across paths,ff12,vw
decade,1987-01,1996-12,120,20000,0.7019911521313602,2.9574182864500242,2.9741420015469378,1.2002437356184683,2.797426326357677,0.9543777004027615,1.0,0.99655,0.4435,across paths,ff12,vw
decade,1997-01,2006-12,120,20000,0.42425967867422365,1.2822776380352723,1.5900411078493129,1.141021257780325,1.372052127920098,1.4034876848262638,0.9788,0.88545,0.53535,across paths,ff12,vw
decade,2007-01,2016-12,120,20000,0.06875938967960882,1.033252078890361,1.182469779540779,0.7223021607336151,1.0753635845435447,1.02814525061641,0.9861,0.9779,0.5247,across paths,ff12,vw
full,1926-07,2016-12,1086,20000,19.27971267079745,5031.7488104007925,9945.27125302405,12852.140150800347,5969.429532201895,4.908200805004207,1.0,1.0,0.56745,across paths,ff12,vw
rolling120,1926-07,1936-06,120,20000,0.19655790851608335,0.6209805593553541,0.9770366449889807,1.0356317514782574,0.7533712070132351,1.6258133524124232,0.87035,0.7779,0.56315,across paths,ff12,vw
rolling120,1926-08,1936-07,120,20000,0.19405065287061962,0.6772613313706015,1.0423434091156347,1.0681596541725633,0.8083189093028822,1.617482682551019,0.88495,0.7999,0.56315,across paths,ff12,vw
rolling120,1926-09,1936-08,120,20000,0.19131118503859712,0.6466145114369177,1.0028350926201763,1.0470652270810903,0.7764101017378158,1.6116457760362481,0.87575,0.7886,0.56225,across paths,ff12,vw
rolling120,1926-10,1936-09,120,20000,0.18869631463344416,0.6526700463661661,1.0016374956751994,1.0463171396418254,0.7779298108563847,1.6232315222423426,0.876,0.7892,0.5585,across paths,ff12,vw
rolling120,1926-11,1936-10,120,20000,0.1851416007738944,0.8241526570504245,1.2081374298207486,1.1535594889757228,0.9589677367658099,1.6208533324086059,0.91305,0.8433,0.55795,across paths,ff12,vw
rolling120,1926-12,1936-11,120,20000,0.18159716372641976,0.8316017977014813,1.2062026391662222,1.156147863670116,0.9557661084488815,1.650650771523709,0.9129,0.8429,0.55265,across paths,ff12,vw
rolling120,1927-01,1936-12,120,20000,0.17829792952375323,0.7835422753128127,1.1370140716768435,1.1245028119110845,0.8889401037617111,1.6676497790510802,0.8996,0.8299,0.54575,across paths,ff12,vw
rolling120,1927-02,1937-01,120,20000,0.17547706665008045,0.8397897163306618,1.201995986785473,1.160218477955653,0.9479482332320988,1.672188296354647,0.9107,0.84595,0.54415,across paths,ff12,vw
rolling120,1927-03,1937-02,120,20000,0.17266323764553215,0.7811236265539587,1.1090572051915248,1.1101118466620317,0.8639062061517854,1.6612758511716201,0.8946,0.8246,0.53665,across paths,ff12,vw
rolling120,1927-04,1937-03,120,20000,0.16927268591156208,0.7688877115567241,1.0494128878535502,1.0802322219287692,0.8110205001024474,1.6702264845773958,0.88355,0.80865,0.5188,across paths,ff12,vw
rolling120,1927-05,1937-04,120,20000,0.16670670096492324,0.6275101690822245,0.8807825907259649,0.9912819386718896,0.6596037592043563,1.6720659130566975,0.84545,0.76125,0.5155,across paths,ff12,vw
rolling120,1927-06,1937-05,120,20000,0.1639149800453661,0.527166279697675,0.7547514157823132,0.9256392313422339,0.5495665524428353,1.68095138148446,0.81065,0.71885,0.5106,across paths,ff12,vw
rolling120,1927-07,1937-06,120,20000,0.16124491775322136,0.49471321613237906,0.7071933448195094,0.9026157267996157,0.5056820524651773,1.6757332654710086,0.79565,0.7012,0.5062,across paths,ff12,vw
rolling120,1927-08,1937-07,120,20000,0.15811893442527136,0.513890458957432,0.7209231641925108,0.9129267692522861,0.5201003383396559,1.6885310555787596,0.80005,0.7074,0.5034,across paths,ff12,vw
rolling120,1927-09,1937-08,120,20000,0.1551162327604274,0.4083459300401886,0.5862915851637613,0.8419970724716688,0.399221491371919,1.6732129559683517,0.74905,0.6509,0.49405,across paths,ff12,vw
rolling120,1927-10,1937-09,120,20000,0.1531566502879269,0.15935659434247573,0.3187772220850807,0.7031446717908859,0.1628588283627601,1.6773196111696125,0.6169,0.50685,0.5026,across paths,ff12,vw
rolling120,1927-11,1937-10,120,20000,0.15051100410771512,0.09254498568559888,0.24492822832090225,0.6633719222665544,0.09706873395386495,1.6680867545272773,0.57485,0.4628,0.50345,across paths,ff12,vw
rolling120,1927-12,1937-11,120,20000,0.148329614118887,-0.06141244507155841,0.07546098619925609,0.5764624518598475,-0.05342198660020353,1.6847545238119588,0.45645,0.34805,0.50765,across paths,ff12,vw
rolling120,1928-01,1937-12,120,20000,0.14580883468258543,-0.12196056219136797,-0.005457106399836755,0.534576431014345,-0.12431755888693224,1.6817187557392899,0.3937,0.2943,0.49765,across paths,ff12,vw
rolling120,1928-02,1938-01,120,20000,0.14295145604247916,-0.11491369671938856,0.00240299121270617,0.5404832950109176,-0.1176733350602856,1.6946070498370291,0.39975,0.30195,0.49715,across paths,ff12,vw
rolling120,1928-03,1938-02,120,20000,0.13919212203974807,-0.05021912811990348,0.07393864190752163,0.5808665597666125,-0.05552042179896588,1.7141144973846392,0.45465,0.3534,0.4953,across paths,ff12,vw
rolling120,1928-04,1938-03,120,20000,0.13578442798638357,-0.3375565756083815,-0.2511315367389991,0.4058956560629726,-0.34258049358297377,1.7561605142832089,0.2047,0.1412,0.4933,across paths,ff12,vw
rolling120,1928-05,1938-04,120,20000,0.13340451649289786,-0.27401983671296637,-0.17790237084326682,0.4443887790150374,-0.276479763601471,1.751043422555602,0.25985,0.1866,0.49675,across paths,ff12,vw
rolling120,1928-06,1938-05,120,20000,0.12978919108143727,-0.3146530548073899,-0.2231140796621602,0.4206163080249331,-0.3176037379988936,1.7664404304106078,0.22515,0.15995,0.49675,across paths,ff12,vw
rolling120,1928-07,1938-06,120,20000,0.12629766830967704,-0.1100761656020075,0.0037505714643258324,0.5496315932375024,-0.12085838732091686,1.8021475947508452,0.3973,0.31055,0.4907,across paths,ff12,vw
rolling120,1928-08,1938-07,120,20000,0.12259274176918478,-0.05392148679947939,0.06715539274838218,0.5862070452714313,-0.069294735335302,1.821006174663954,0.44505,0.35635,0.4887,across paths,ff12,vw
rolling120,1928-09,1938-08,120,20000,0.1190119036774171,-0.13959105780137682,-0.03250209946139605,0.5323073776261105,-0.1555597283524343,1.8410493540996544,0.36945,0.291,0.4858,across paths,ff12,vw
rolling120,1928-10,1938-09,120,20000,0.11622190690949696,-0.15869457222482886,-0.05020305067197508,0.5217699531083697,-0.1716895517627512,1.83201584642256,0.3562,0.28045,0.4883,across paths,ff12,vw
rolling120,1928-11,1938-10,120,20000,0.1117752505728391,-0.10832542107313003,0.010442175430955852,0.5572829421766137,-0.12000678969500622,1.8476908921497135,0.401,0.32475,0.49065,across paths,ff12,vw
rolling120,1928-12,1938-11,120,20000,0.10690195798216329,-0.21958606371997658,-0.11396210573129816,0.48649250781585984,-0.22643812349641912,1.856782266124225,0.30805,0.2446,0.49245,across paths,ff12,vw
rolling120,1929-01,1938-12,120,20000,0.10623821505313136,-0.19084296632562958,-0.09061075047892271,0.4994111637034186,-0.207736943338932,1.8602125263475517,0.3266,0.2609,0.4843,across paths,ff12,vw
rolling120,1929-02,1939-01,120,20000,0.10237950092846937,-0.27545767327557813,-0.18602810202442727,0.4458457170963767,-0.28823849627201287,1.8817410108960184,0.25355,0.1976,0.48685,across paths,ff12,vw
rolling120,1929-03,1939-02,120,20000,0.09853501283236565,-0.250103762622354,-0.1500143894006028,0.46610242084135806,-0.2596394770495707,1.8920047170385512,0.2807,0.22335,0.49215,across paths,ff12,vw
rolling120,1929-04,1939-03,120,20000,0.09470316855798533,-0.3370100207082346,-0.24165070729639093,0.4172352208585305,-0.3364352543207421,1.8669694127297864,0.21305,0.16525,0.5009,across paths,ff12,vw
rolling120,1929-05,1939-04,120,20000,0.09077637361297852,-0.3500966342639298,-0.2589334637161148,0.4083921085019953,-0.35329392880406596,1.8758808708722743,0.2005,0.1561,0.4963,across paths,ff12,vw
rolling120,1929-06,1939-05,120,20000,0.0861065822882714,-0.2619319846063468,-0.15884577398389443,0.4605537930082371,-0.2635324411665553,1.8430035483892482,0.27485,0.2241,0.49835,across paths,ff12,vw
rolling120,1929-07,1939-06,120,20000,0.08059609326154016,-0.3659927445339224,-0.2742569232675537,0.39507955577554316,-0.3636643271864242,1.8263664016421186,0.1892,0.14895,0.5027,across paths,ff12,vw
rolling120,1929-08,1939-07,120,20000,0.07704185513957973,-0.33326705755680675,-0.23903087057081213,0.41393337424294774,-0.33343018254897755,1.8197361012729687,0.2135,0.1754,0.49985,across paths,ff12,vw
rolling120,1929-09,1939-08,120,20000,0.07264357664747578,-0.42682097973673894,-0.3431063907680359,0.3571360352136614,-0.42281532545028294,1.8131433951728737,0.1398,0.111,0.5058,across paths,ff12,vw
rolling120,1929-10,1939-09,120,20000,0.06900930842565067,-0.2939449160297658,-0.20598984154844324,0.4403784165822555,-0.3047483357486553,1.8797697429330538,0.23595,0.19975,0.48915,across paths,ff12,vw
rolling120,1929-11,1939-10,120,20000,0.06411438226722144,-0.12636771734644614,0.0016598395649258446,0.5445695829865252,-0.12185572091602515,1.7876192692060415,0.39855,0.35135,0.5044,across paths,ff12,vw
rolling120,1929-12,1939-11,120,20000,0.06019167307683726,-0.03800605218662956,0.1143708217656214,0.6037225406778376,-0.022545684720720438,1.7610279965311662,0.4829,0.43685,0.5126,across paths,ff12,vw
rolling120,1930-01,1939-12,120,20000,0.05628342440653311,-0.02589240483590538,0.11988343711110931,0.6044268435251929,-0.014359935487564923,1.7706297515532041,0.4886,0.4438,0.5088,across paths,ff12,vw
rolling120,1930-02,1940-01,120,20000,0.05480669503348623,-0.10105758664714892,0.039402091661055814,0.559629717348189,-0.08732342827563605,1.7583786066259888,0.42915,0.3867,0.51285,across paths,ff12,vw
rolling120,1930-03,1940-02,120,20000,0.05165173981404414,-0.11295021001446293,0.022653064646872095,0.5486134078823787,-0.09860808537667254,1.7485776998995288,0.4162,0.37765,0.5116,across paths,ff12,vw
rolling120,1930-04,1940-03,120,20000,0.04798379652620244,-0.1574513117272519,-0.02827774465441366,0.5191814859258546,-0.14450974540829892,1.7469030111404817,0.37735,0.3413,0.5116,across paths,ff12,vw
rolling120,1930-05,1940-04,120,20000,0.045787642477000734,-0.139769462727233,-0.011529777095564022,0.5264894623085834,-0.1298731379791942,1.7456623144193757,0.3902,0.3547,0.5089,across paths,ff12,vw
rolling120,1930-06,1940-05,120,20000,0.042867030668766404,-0.31966757305750126,-0.2206103095267737,0.4160450995197644,-0.313720210884976,1.7436607737446153,0.22555,0.20245,0.506,across paths,ff12,vw
rolling120,1930-07,1940-06,120,20000,0.04005887171513556,-0.13784693395302072,-0.006085565675358376,0.5285008357639469,-0.1265496210758923,1.735236165835288,0.3922,0.3636,0.51125,across paths,ff12,vw
rolling120,1930-08,1940-07,120,20000,0.03808670419391924,-0.1472684686088256,-0.021838668983055903,0.520453524239511,-0.13846040776422497,1.7455057705175037,0.38055,0.3543,0.5084,across paths,ff12,vw
rolling120,1930-09,1940-08,120,20000,0.03704955092766493,-0.13189398836360167,-0.017410623498297167,0.5225085161041964,-0.1325787990273738,1.7474855024108467,0.3829,0.35795,0.4991,across paths,ff12,vw
rolling120,1930-10,1940-09,120,20000,0.03477305021718724,0.01687878425181122,0.15063255245315332,0.6089865070690226,0.01430923188591815,1.7412017599079916,0.51095,0.4839,0.4979,across paths,ff12,vw
rolling120,1930-11,1940-10,120,20000,0.033842591884491124,0.14739920207495483,0.3020846974877303,0.6872495145176697,0.14574095553149846,1.7178377754827483,0.6111,0.58495,0.4993,across paths,ff12,vw
rolling120,1930-12,1940-11,120,20000,0.03250034144061842,0.16228974687477393,0.3048858731268018,0.6865257315504507,0.14825390848798603,1.707144178603098,0.61205,0.58805,0.49065,across paths,ff12,vw
rolling120,1931-01,1940-12,120,20000,0.031056861834050764,0.2682158063808082,0.4191465487940432,0.7432133179064674,0.2527140241403716,1.6809512016582993,0.67845,0.6556,0.4904,across paths,ff12,vw
rolling120,1931-02,1941-01,120,20000,0.029409641685339327,0.14199019181715444,0.2790906159943014,0.6682796444352929,0.13093199870210126,1.67863822090186,0.59915,0.5754,0.4921,across paths,ff12,vw
rolling120,1931-03,1941-02,120,20000,0.02889514266410509,0.014736326230605279,0.12529317433264964,0.5854058038473123,-0.001480283518047576,1.6862476675529925,0.49865,0.4756,0.48765,across paths,ff12,vw
rolling120,1931-04,1941-03,120,20000,0.02766207148544053,0.09123649499207254,0.20047337429191475,0.6217231828585855,0.06824748612964437,1.6726740105797682,0.5525,0.53045,0.48245,across paths,ff12,vw
rolling120,1931-05,1941-04,120,20000,0.026737914946334707,0.14514415932061064,0.24853069274490644,0.6471089284487513,0.1069733030675123,1.714964367566254,0.58395,0.56235,0.47195,across paths,ff12,vw
rolling120,1931-06,1941-05,120,20000,0.025814681732775346,0.337364786063713,0.43481275190615987,0.7386011899607637,0.27546777212541795,1.6847556014156417,0.6909,0.6723,0.46245,across paths,ff12,vw
rolling120,1931-07,1941-06,120,20000,0.02499468598398802,0.24141141399107746,0.3248527074882549,0.680101799820565,0.17869413738444673,1.6963878154254257,0.63085,0.6137,0.4568,across paths,ff12,vw
rolling120,1931-08,1941-07,120,20000,0.024687371966603422,0.4071012388061126,0.48130029912284306,0.7571184211693079,0.3140568494789431,1.6666190446477205,0.71695,0.6993,0.4451,across paths,ff12,vw
rolling120,1931-09,1941-08,120,20000,0.024482495955013395,0.39883488681073676,0.47143058981165187,0.7494953937685703,0.3094671098641272,1.6477766250910697,0.71225,0.6962,0.4451,across paths,ff12,vw
rolling120,1931-10,1941-09,120,20000,0.024277660906337095,0.9451045354123766,1.0943550880968524,1.0538103009892603,0.8685653457638588,1.6193461880547613,0.90775,0.89765,0.4656,across paths,ff12,vw
rolling120,1931-11,1941-10,120,20000,0.023254406499837232,0.7048681995093771,0.8089114556561718,0.9097749222821655,0.6166785892460283,1.6177267503666006,0.84265,0.83065,0.45335,across paths,ff12,vw
rolling120,1931-12,1941-11,120,20000,0.02151782619530529,0.8363432600449789,0.928986646159659,0.9637124824133195,0.72089876921793,1.5996225679318867,0.87485,0.8652,0.44505,across paths,ff12,vw
rolling120,1932-01,1941-12,120,20000,0.020395503373876078,1.0172209506706564,1.0940550306149517,1.0437417442893469,0.8717105231575479,1.5712441222257874,0.9092,0.9022,0.4342,across paths,ff12,vw
rolling120,1932-02,1942-01,120,20000,0.018257590017510594,1.0611802557987926,1.1665236531408132,1.0775785682913472,0.9358631170384003,1.5720964566267681,0.9206,0.91535,0.44555,across paths,ff12,vw
rolling120,1932-03,1942-02,120,20000,0.016022563879589224,0.9026129253706681,0.9999080395128356,0.993108152452921,0.7864456924757389,1.5625061750412124,0.8915,0.8851,0.446,across paths,ff12,vw
rolling120,1932-04,1942-03,120,20000,0.014500964592629062,1.0000345865279554,1.1130790494453866,1.0434862865298866,0.8896693650189744,1.5694226173014825,0.9154,0.909,0.4501,across paths,ff12,vw
rolling120,1932-05,1942-04,120,20000,0.013487578352900265,1.3278971383173137,1.5141948705545545,1.232106326393221,1.2599909408636254,1.577946157099777,0.9618,0.9598,0.47265,across paths,ff12,vw
rolling120,1932-06,1942-05,120,20000,0.013183714397767332,2.1016193298586052,2.503273016704619,1.6688621057352833,2.1620690857176124,1.5170003242933519,0.9952,0.99475,0.51795,across paths,ff12,vw
rolling120,1932-07,1942-06,120,20000,0.013183714397767332,2.209433805304572,2.573662296691923,1.6841669839979152,2.2327217261548,1.4780907646426598,0.99625,0.9959,0.5079,across paths,ff12,vw
rolling120,1932-08,1942-07,120,20000,0.013285012509584693,1.4867527965369707,1.7009675266890136,1.2481835879697292,1.4574061078089742,1.466338648708175,0.98005,0.9786,0.4893,across paths,ff12,vw
rolling120,1932-09,1942-08,120,20000,0.013285012509584693,0.8463436913697393,0.9629667779054815,0.8861162138197852,0.7906453925046364,1.4439214332651007,0.91295,0.9081,0.47015,across paths,ff12,vw
rolling120,1932-10,1942-09,120,20000,0.013285012509584693,0.9520772470810972,1.0730479478413313,0.9252008108370129,0.890946618465405,1.4199552809633786,0.93415,0.93015,0.472,across paths,ff12,vw
rolling120,1932-11,1942-10,120,20000,0.013386320749187774,1.401052766785026,1.6038894981032317,1.1488629935598145,1.3900309493622505,1.367621051855776,0.98055,0.97865,0.49595,across paths,ff12,vw
rolling120,1932-12,1942-11,120,20000,0.0134876391175891,1.5545936384234995,1.7569519512922753,1.210078578475339,1.527494778569065,1.3631806696351887,0.9872,0.98575,0.4912,across paths,ff12,vw
rolling120,1933-01,1942-12,120,20000,0.013690316377686695,1.5726957095949383,1.759179613509697,1.2103478018326952,1.533685145303884,1.369159791759892,0.98755,0.98645,0.48445,across paths,ff12,vw
rolling120,1933-02,1943-01,120,20000,0.013893034169182972,1.7228649110142578,1.9244357351561476,1.2814089003858358,1.6822566318756338,1.3704037337035175,0.9915,0.9905,0.4851,across paths,ff12,vw
rolling120,1933-03,1943-02,120,20000,0.01450155254519725,2.4145137565021733,2.7131425536298104,1.613534373274187,2.408461422411464,1.3716739058029295,0.99835,0.99825,0.498,across paths,ff12,vw
rolling120,1933-04,1943-03,120,20000,0.014400142953779449,2.512544413332886,2.8232833902381294,1.6332725898563787,2.5243655774807943,1.3641487028424433,0.9988,0.99875,0.5041,across paths,ff12,vw
rolling120,1933-05,1943-04,120,20000,0.013690772224441039,1.549888263195509,1.7251385170903002,1.1137031349180937,1.526203648165003,1.2904208446549148,0.9916,0.9911,0.4905,across paths,ff12,vw
rolling120,1933-06,1943-05,120,20000,0.013488115132832768,1.2203151526976947,1.369069806313735,0.95966215705082,1.2002176204169026,1.2533856795413576,0.9791,0.977,0.4913,across paths,ff12,vw
rolling120,1933-07,1943-06,120,20000,0.013589443678637014,0.9991080118658084,1.1256942044617089,0.858671799703182,0.9756384400704963,1.2303031287006934,0.9603,0.95705,0.4886,across paths,ff12,vw
rolling120,1933-08,1943-07,120,20000,0.013690782355269437,1.1068271534655705,1.2723406624363816,0.9137384025389715,1.1112993637740938,1.2325945715487765,0.9738,0.9713,0.50195,across paths,ff12,vw
rolling120,1933-09,1943-08,120,20000,0.013690782355269437,0.9049236678920876,1.0759893431217329,0.8217674348836432,0.9294518424216343,1.202048635744641,0.9586,0.955,0.5137,across paths,ff12,vw
rolling120,1933-10,1943-09,120,20000,0.013792131163743448,1.1832978773882346,1.3899186867221793,0.930220581123708,1.2300384836404434,1.1950261947447376,0.98445,0.9832,0.5215,across paths,ff12,vw
rolling120,1933-11,1943-10,120,20000,0.013994869316160896,1.355531850694475,1.5834010094565383,1.0034304172846162,1.411610041694306,1.1926075644863103,0.9912,0.9903,0.52485,across paths,ff12,vw
rolling120,1933-12,1943-11,120,20000,0.014096248527250221,1.0152336316969732,1.2058598455193408,0.8462324043927176,1.0608789400723004,1.1908558214097822,0.9757,0.9734,0.52275,across paths,ff12,vw
rolling120,1934-01,1943-12,120,20000,0.01419763787423367,1.105467973414748,1.3204101292063286,0.8782349237756506,1.1742234243890972,1.1872838933089167,0.98425,0.98295,0.5335,across paths,ff12,vw
rolling120,1934-02,1944-01,120,20000,0.013994899715737974,0.9021169609801947,1.0606949406893074,0.7744740403081284,0.9276933223327737,1.175926391093122,0.96565,0.96335,0.5144,across paths,ff12,vw
rolling120,1934-03,1944-02,120,20000,0.014096278929866868,0.9584918765502157,1.1143722876870765,0.7928152137584314,0.9799068527039375,1.1767190017054563,0.9719,0.9694,0.512,across paths,ff12,vw
rolling120,1934-04,1944-03,120,20000,0.014096278929866868,1.0048571322431936,1.162413266464397,0.8102247722166186,1.0232944589535615,1.1784542711101766,0.97555,0.9739,0.50995,across paths,ff12,vw
rolling120,1934-05,1944-04,120,20000,0.014299077905755242,1.0073065606271192,1.1542212376386036,0.8025029769731481,1.0164312189236342,1.1620097702902545,0.9755,0.97305,0.50495,across paths,ff12,vw
rolling120,1934-06,1944-05,120,20000,0.014501917437383272,1.2748031545823881,1.4224082810390632,0.8981455036645807,1.2667823428695622,1.159928326008622,0.9905,0.98925,0.49615,across paths,ff12,vw
rolling120,1934-07,1944-06,120,20000,0.014704797532861136,1.3372539421205727,1.4950584046748077,0.9251076637519187,1.3392727573602128,1.1612794605571872,0.99245,0.99155,0.50065,across paths,ff12,vw
rolling120,1934-08,1944-07,120,20000,0.014907718200301012,1.5857528175206155,1.7538005324201809,1.0062582298554086,1.5839609956413352,1.1427320172679682,0.9969,0.9964,0.4992,across paths,ff12,vw
rolling120,1934-09,1944-08,120,20000,0.015110679447816189,1.4877983590483885,1.6696463528751326,0.9715938357052503,1.5078273196376142,1.139702661352091,0.9959,0.9954,0.50995,across paths,ff12,vw
rolling120,1934-10,1944-09,120,20000,0.015212180365669292,1.4945308994607678,1.667583400771351,0.9689277038100401,1.5057491889500048,1.1298819594582479,0.9962,0.9955,0.5056,across paths,ff12,vw
rolling120,1934-11,1944-10,120,20000,0.015415202499529101,1.5412003133398509,1.7168850797255968,0.9850135499599187,1.5516364163733192,1.1306119379833348,0.9965,0.99625,0.50475,across paths,ff12,vw
rolling120,1934-12,1944-11,120,20000,0.015618265233755535,1.3863920978327156,1.553621592208289,0.9171726289402287,1.4025976935786986,1.1194826824941349,0.9952,0.9943,0.5075,across paths,ff12,vw
rolling120,1935-01,1944-12,120,20000,0.015719816905111816,1.4741253531978917,1.6405578655972894,0.9460098059637988,1.4854938143420784,1.114290371760164,0.99635,0.99605,0.5056,across paths,ff12,vw
rolling120,1935-02,1945-01,120,20000,0.01592294055612764,1.614808400210387,1.7829554670156424,0.9962889603512334,1.6203424481658308,1.1128758354953023,0.99765,0.9974,0.50235,across paths,ff12,vw
rolling120,1935-03,1945-02,120,20000,0.01592294055612764,1.833197965759266,2.0071581302243535,1.0701047645570747,1.8315360006483816,1.1153810756147047,0.9987,0.9984,0.49895,across paths,ff12,vw
rolling120,1935-04,1945-03,120,20000,0.016024522691969745,1.8276080632307696,1.984801709307379,1.0483025968231523,1.8115671836924827,1.0818680634562599,0.9988,0.9987,0.493,across paths,ff12,vw
rolling120,1935-05,1945-04,120,20000,0.016227707278049452,1.7954614234727595,1.963444358278036,1.0376366917469713,1.7956552098944352,1.073239745953078,0.99865,0.99845,0.5001,across paths,ff12,vw
rolling120,1935-06,1945-05,120,20000,0.016430932496983353,1.7495323191922556,1.9224037663148974,1.017578958180847,1.7537460436658425,1.0625596579049315,0.9984,0.9983,0.50225,across paths,ff12,vw
rolling120,1935-07,1945-06,120,20000,0.016532565426939927,1.6060084969803134,1.755673274571617,0.962724966634921,1.5954340533862925,1.0695901996350354,0.99765,0.9973,0.4947,across paths,ff12,vw
rolling120,1935-08,1945-07,120,20000,0.016735851611406893,1.3712133102230908,1.508129525285459,0.8677012427136334,1.368308173963543,1.0592928346939072,0.99535,0.99455,0.4988,across paths,ff12,vw
rolling120,1935-09,1945-08,120,20000,0.016939178449045356,1.454134173107378,1.5898738427672685,0.8972455909541948,1.4440496221633616,1.055208768973174,0.99645,0.99575,0.4955,across paths,ff12,vw
rolling120,1935-10,1945-09,120,20000,0.017142545947985477,1.5060241775470447,1.64522468262857,0.9099972876213941,1.5007752657285132,1.036014301560781,0.99685,0.9965,0.4972,across paths,ff12,vw
rolling120,1935-11,1945-10,120,20000,0.017345954116358087,1.4329786297710094,1.572824985728706,0.879939118702724,1.4337581155851866,1.014279086509137,0.9962,0.99575,0.50035,across paths,ff12,vw
rolling120,1935-12,1945-11,120,20000,0.017345954116358087,1.4452722580842772,1.5779807296956878,0.8786910523906071,1.4335736743171934,1.0198250006209093,0.9966,0.99575,0.49395,across paths,ff12,vw
rolling120,1936-01,1945-12,120,20000,0.0175494029622969,1.3671619927629157,1.5155651991710424,0.8533742397534009,1.3769681999400165,1.0099433042629995,0.9956,0.99505,0.50405,across paths,ff12,vw
rolling120,1936-02,1946-01,120,20000,0.01775289249393608,1.353211459035688,1.518474657582165,0.8505357929668504,1.382653347593462,1.015654801525512,0.9962,0.99525,0.51405,across paths,ff12,vw
rolling120,1936-03,1946-02,120,20000,0.017956422719412446,1.162429144649478,1.333609452108539,0.7847173857650325,1.2072508709853014,1.007332137539883,0.9928,0.9917,0.5253,across paths,ff12,vw
rolling120,1936-04,1946-03,120,20000,0.018058198006627002,1.2680022847081225,1.4570422611236533,0.8267631858207446,1.322097234330181,1.0043854146734978,0.99525,0.9944,0.5291,across paths,ff12,vw
rolling120,1936-05,1946-04,120,20000,0.018159983469335117,1.5735951045240406,1.7861775495918852,0.940144042874359,1.6368430945596253,0.9988179965148617,0.99795,0.9977,0.52755,across paths,ff12,vw
rolling120,1936-06,1946-05,120,20000,0.0182617791085542,1.5432628363973437,1.733711965471015,0.9191264057444742,1.5830197067961893,0.9973365045374416,0.9979,0.9975,0.5199,across paths,ff12,vw
rolling120,1936-07,1946-06,120,20000,0.0182617791085542,1.387086684479553,1.5578675236999828,0.8601891041593916,1.4192916207883368,0.9913800228061606,0.9966,0.99605,0.5159,across paths,ff12,vw
rolling120,1936-08,1946-07,120,20000,0.01846541110117661,1.1778893792036715,1.3232713978291137,0.779336768390096,1.1955994661059484,0.9806236610538634,0.9926,0.9918,0.51075,across paths,ff12,vw
rolling120,1936-09,1946-08,120,20000,0.018567237277051563,1.0174745986742648,1.1593315454171251,0.7251744339485792,1.03825225157454,0.9835947866145462,0.98715,0.98535,0.51335,across paths,ff12,vw
rolling120,1936-10,1946-09,120,20000,0.018770930355199056,0.7951088600800424,0.9267204133146757,0.6497198888190608,0.8194959292947755,0.9921818180886206,0.96925,0.9651,0.5156,across paths,ff12,vw
rolling120,1936-11,1946-10,120,20000,0.01887278707689033,0.6521637650792698,0.7755563823572263,0.5974298927578706,0.6789120809082204,0.9911920846550333,0.9449,0.9381,0.51855,across paths,ff12,vw
rolling120,1936-12,1946-11,120,20000,0.01907654125888758,0.600008697061855,0.7145702629620678,0.5746250170107599,0.6222841126956684,0.9900385469504154,0.9331,0.9251,0.51715,across paths,ff12,vw
rolling120,1937-01,1946-12,120,20000,0.019382264221265322,0.6766558202743989,0.8205432573037962,0.6053766882486875,0.726900747192748,0.9901280028943183,0.956,0.94955,0.53665,across paths,ff12,vw
rolling120,1937-02,1947-01,120,20000,0.019586120288502817,0.6429150684732112,0.7896529113301022,0.5959806391754229,0.6982536228510869,0.9906036226269725,0.9498,0.9433,0.5397,across paths,ff12,vw
rolling120,1937-03,1947-02,120,20000,0.019688058512886686,0.6078142124108759,0.7622150452253634,0.5845397984047492,0.6712329271009968,0.9901664548681184,0.94555,0.9378,0.54815,across paths,ff12,vw
rolling120,1937-04,1947-03,120,20000,0.019891975732867273,0.5852483989033546,0.7593099868952219,0.5810433431846167,0.6680094951223439,0.9909384953543471,0.94545,0.93815,0.56415,across paths,ff12,vw
rolling120,1937-05,1947-04,120,20000,0.019891975732867273,0.6290407362422192,0.7897567392763695,0.5906233864391633,0.6958094368050881,0.9842213732566527,0.95185,0.9458,0.55115,across paths,ff12,vw
rolling120,1937-06,1947-05,120,20000,0.019586191610620807,0.62641404554587,0.7908319979460272,0.5904753865451646,0.699436692287854,0.9846117104666947,0.95165,0.94485,0.55365,across paths,ff12,vw
rolling120,1937-07,1947-06,120,20000,0.019586191610620807,0.7882065909952658,0.9627952101497919,0.6465641085698092,0.8612534955314648,0.989382129320416,0.97595,0.97235,0.55015,across paths,ff12,vw
rolling120,1937-08,1947-07,120,20000,0.019586191610620807,0.7097448000556901,0.8635927309960487,0.6071722328602893,0.7726781599359034,0.9727720099060883,0.9659,0.96015,0.5423,across paths,ff12,vw
rolling120,1937-09,1947-08,120,20000,0.019688129842135638,0.7663529156766213,0.930624785829774,0.6225285186851897,0.8383375086399006,0.967487433366944,0.97555,0.9716,0.5483,across paths,ff12,vw
rolling120,1937-10,1947-09,120,20000,0.01989198592567054,1.0341060190712494,1.1930756274929042,0.6994222765114225,1.0942708484783779,0.9602227526695365,0.991,0.9897,0.5349,across paths,ff12,vw
rolling120,1937-11,1947-10,120,20000,0.020299861144996934,1.3062798864909344,1.4436931579533547,0.7760571103999272,1.3364945677198676,0.9542445350908287,0.9965,0.9956,0.51645,across paths,ff12,vw
rolling120,1937-12,1947-11,120,20000,0.02070789948178775,1.466756118095386,1.5808262591302027,0.8084033160353387,1.4715186671203453,0.9450048628045613,0.99815,0.9979,0.5032,across paths,ff12,vw
rolling120,1938-01,1947-12,120,20000,0.021524465801373127,1.6569625766842888,1.7899328470372116,0.8645555891280431,1.6659498701280386,0.9334539917441115,0.99935,0.99915,0.50405,across paths,ff12,vw
rolling120,1938-02,1948-01,120,20000,0.02223953292743408,1.542201255199319,1.6666431932223087,0.8222823243498599,1.5509977484789177,0.9245407642746863,0.9988,0.9984,0.5039,across paths,ff12,vw
rolling120,1938-03,1948-02,120,20000,0.022955100600483336,1.2981883619274712,1.4169932958771907,0.7424194992949898,1.3124165373422518,0.9169571833292648,0.99685,0.9962,0.50755,across paths,ff12,vw
rolling120,1938-04,1948-03,120,20000,0.023978158006824346,2.2684540057906464,2.389380740476074,1.0168679486133243,2.248247373534606,0.91125891906104,0.99995,0.9999,0.4902,across paths,ff12,vw
rolling120,1938-05,1948-04,120,20000,0.024694871046125222,1.9612781380091162,2.055706572916338,0.9181321938212611,1.9271656733616926,0.9093440919751709,0.9998,0.9997,0.48315,across paths,ff12,vw
rolling120,1938-06,1948-05,120,20000,0.025514626942962026,2.30810559623652,2.398699754857595,1.0195108206999712,2.2589226310046047,0.908101057169636,1.0,1.0,0.48095,across paths,ff12,vw
rolling120,1938-07,1948-06,120,20000,0.026437590107210696,1.6696617766706536,1.754458960546725,0.8049823990162321,1.6466638985512299,0.8823203633630913,0.9995,0.99935,0.48825,across paths,ff12,vw
rolling120,1938-08,1948-07,120,20000,0.0273614763269292,1.363192962949237,1.436819725916963,0.7059706363850314,1.3404206373102687,0.8706490633147065,0.99845,0.99785,0.48685,across paths,ff12,vw
rolling120,1938-09,1948-08,120,20000,0.028286101655623508,1.4362839084740742,1.499771353936616,0.7195281565707642,1.4042765896555789,0.8691859682721693,0.9987,0.99845,0.48085,across paths,ff12,vw
rolling120,1938-10,1948-09,120,20000,0.02849171775273529,1.34448540721278,1.4196043648481804,0.6969737524486557,1.3258832481379836,0.8636145249654199,0.99825,0.9979,0.4897,across paths,ff12,vw
rolling120,1938-11,1948-10,120,20000,0.028800234416394677,1.305124322090295,1.3579622697107034,0.6711857460049949,1.2706715797047696,0.8514922285169818,0.99795,0.99765,0.47905,across paths,ff12,vw
rolling120,1938-12,1948-11,120,20000,0.02982965230154222,1.1290710388349265,1.1936117596446685,0.626673180030514,1.111566223060646,0.8560594428724531,0.99585,0.99455,0.4874,across paths,ff12,vw
rolling120,1939-01,1948-12,120,20000,0.03024158416246281,1.1114923032992312,1.1987793742007984,0.6270140929916682,1.1160840593180088,0.8490695797198693,0.9958,0.9947,0.50285,across paths,ff12,vw
rolling120,1939-02,1949-01,120,20000,0.031374963242949416,1.2532016888961053,1.3301365359863724,0.6589762944025835,1.244276870934292,0.8384127837975934,0.9984,0.9975,0.49485,across paths,ff12,vw
rolling120,1939-03,1949-02,120,20000,0.03219998071179697,1.1147708277931376,1.1859317604190953,0.6177051720562413,1.1067561643323498,0.8422449633263078,0.9961,0.9947,0.49395,across paths,ff12,vw
rolling120,1939-04,1949-03,120,20000,0.033335514243933106,1.5040175274517424,1.5651465241536966,0.7075475874661002,1.4762216179265584,0.8229216011475727,0.9994,0.99925,0.48385,across paths,ff12,vw
rolling120,1939-05,1949-04,120,20000,0.034265516206752666,1.4638810012653791,1.5297745396921485,0.6983157217965772,1.440797530730853,0.8199323215496404,0.99925,0.99905,0.48625,across paths,ff12,vw
rolling120,1939-06,1949-05,120,20000,0.03519626209674964,1.2401434454492941,1.3075389394092192,0.63698249927628,1.2254539997186369,0.8141936120857386,0.9983,0.99745,0.49115,across paths,ff12,vw
rolling120,1939-07,1949-06,120,20000,0.03612784557428905,1.370747499303119,1.4321712166248688,0.668052201944772,1.3487997140539507,0.8163374457010132,0.999,0.9986,0.486,across paths,ff12,vw
rolling120,1939-08,1949-07,120,20000,0.03706036063530593,1.2720201265776492,1.3338131536384188,0.6354684444864249,1.2546632456840812,0.8119711036203298,0.9985,0.9979,0.48765,across paths,ff12,vw
rolling120,1939-09,1949-08,120,20000,0.03809752471234895,1.5001717564783306,1.561051027760241,0.6957917745173988,1.475599706007889,0.8122823155762552,0.9998,0.99935,0.4848,across paths,ff12,vw
rolling120,1939-10,1949-09,120,20000,0.03892791969262066,1.206738424580275,1.3064497022778756,0.5880584321179332,1.2398620240052296,0.7655049117152577,0.99905,0.99805,0.52335,across paths,ff12,vw
rolling120,1939-11,1949-10,120,20000,0.03986295482034419,1.2901538913182042,1.379551609273879,0.6038184872781659,1.3129556369500774,0.7645287676933843,0.9993,0.9989,0.51565,across paths,ff12,vw
rolling120,1939-12,1949-11,120,20000,0.04069484518420041,1.4218347689300654,1.505368021711792,0.6344634512706432,1.4326396233434693,0.7630644926039527,0.99965,0.9994,0.50745,across paths,ff12,vw
rolling120,1940-01,1949-12,120,20000,0.041631470544866156,1.475951352710685,1.5816689810438112,0.655489245783048,1.5006841843991083,0.7662290191597666,0.9998,0.9996,0.51705,across paths,ff12,vw
rolling120,1940-02,1950-01,120,20000,0.042568938868356554,1.5825093574384734,1.6846197694757312,0.6796640639435427,1.6036496683132984,0.7517355988554477,0.99985,0.9997,0.5127,across paths,ff12,vw
rolling120,1940-03,1950-02,120,20000,0.04350725091333807,1.5858189613074303,1.7004659840808762,0.6837425845210042,1.6185525940219316,0.7534904056641969,0.9999,0.9998,0.52145,across paths,ff12,vw
rolling120,1940-04,1950-03,120,20000,0.04455075816425147,1.5683352270271547,1.6699925231746726,0.6790547436172604,1.5927605619789518,0.7545179963211742,0.9998,0.99965,0.51485,across paths,ff12,vw
rolling120,1940-05,1950-04,120,20000,0.04549085384659923,1.665973993889791,1.7740068579358834,0.7108613921079169,1.6924243242592623,0.7630610297759799,0.9999,0.99985,0.5145,across paths,ff12,vw
rolling120,1940-06,1950-05,120,20000,0.046745693839213676,2.5699025960755573,2.7004160866313147,0.9389542572630186,2.591044638214294,0.7494223637030061,1.0,1.0,0.50985,across paths,ff12,vw
rolling120,1940-07,1950-06,120,20000,0.0477924395330529,2.14997310333258,2.245205948514994,0.8170320506725545,2.149802339214533,0.7454529594526581,1.0,1.0,0.49995,across paths,ff12,vw
rolling120,1940-08,1950-07,120,20000,0.04873535843674226,2.09776866442292,2.141159397203739,0.8102571241658976,2.0416337364632158,0.776311190318207,1.0,1.0,0.47145,across paths,ff12,vw
rolling120,1940-09,1950-08,120,20000,0.04988908270344927,2.181426604871132,2.226898295605015,0.830970815280259,2.123423774225092,0.7705894722505494,1.0,1.0,0.47215,across paths,ff12,vw
rolling120,1940-10,1950-09,120,20000,0.05093897178615259,2.2600378883004115,2.325832629949529,0.8541216607330951,2.221461372864696,0.7654540744850947,1.0,1.0,0.48155,across paths,ff12,vw
rolling120,1940-11,1950-10,120,20000,0.052200098552296126,2.1619488127522093,2.2287644660470334,0.8215739619402644,2.1295796578641815,0.7535587625077209,1.0,1.0,0.4838,across paths,ff12,vw
rolling120,1940-12,1950-11,120,20000,0.053357518660703596,2.3066236440423467,2.3743663352829825,0.8565280091613651,2.2770401074740176,0.7757279676702654,1.0,1.0,0.4841,across paths,ff12,vw
rolling120,1941-01,1950-12,120,20000,0.05451621193123035,2.470493462135219,2.535809963740036,0.9010738124832821,2.431788560563051,0.7692051465210016,1.0,1.0,0.4813,across paths,ff12,vw
rolling120,1941-02,1951-01,120,20000,0.05599268227496834,2.833444557956061,2.856769321830336,0.9793333379180651,2.746498139176838,0.7634166248529753,1.0,1.0,0.46315,across paths,ff12,vw
rolling120,1941-03,1951-02,120,20000,0.057154390396283006,2.947794466645091,2.9861475108611018,1.0119750258028792,2.868196177778562,0.7649876382724808,1.0,1.0,0.46795,across paths,ff12,vw
rolling120,1941-04,1951-03,120,20000,0.0582114390818107,2.8342733565482066,2.904396408199481,0.989627478081783,2.7856364598715673,0.7613331794861637,1.0,1.0,0.4814,across paths,ff12,vw
rolling120,1941-05,1951-04,120,20000,0.05969308326094325,3.258546066899358,3.326782714166923,1.0988219378820823,3.1909083023234213,0.7666738480513937,1.0,1.0,0.47645,across paths,ff12,vw
rolling120,1941-06,1951-05,120,20000,0.060964714960856314,3.106890238730208,3.231939506706286,1.0736115812173523,3.1043472902481604,0.764248041069344,1.0,1.0,0.4989,across paths,ff12,vw
rolling120,1941-07,1951-06,120,20000,0.06223787261880931,2.783244159253595,2.9106157621777284,0.9970721197153583,2.7891396758665676,0.7754492554496191,1.0,1.0,0.5023,across paths,ff12,vw
rolling120,1941-08,1951-07,120,20000,0.06329979191563906,2.825399287751416,2.9433957504321064,1.0090807499926207,2.822289780559701,0.7752142115681878,1.0,1.0,0.4987,across paths,ff12,vw
rolling120,1941-09,1951-08,120,20000,0.0645756240827211,3.0008833496294356,3.0854592219154138,1.0463716064951043,2.961917549660727,0.7632822122513853,1.0,1.0,0.48505,across paths,ff12,vw
rolling120,1941-10,1951-09,120,20000,0.06574654017760273,3.0690916908064123,3.152005798043806,1.0641317067765867,3.0192000709417957,0.7617485877018659,1.0,1.0,0.4806,across paths,ff12,vw
rolling120,1941-11,1951-10,120,20000,0.0674517346418868,3.1932174559154527,3.2715923009969177,1.0900937662309345,3.14090369613928,0.7622380042737323,1.0,1.0,0.48085,across paths,ff12,vw
rolling120,1941-12,1951-11,120,20000,0.06862593154999286,3.3061199962889027,3.4262849728112617,1.1272200179527594,3.291683437814248,0.7692721063690341,1.0,1.0,0.49495,across paths,ff12,vw
rolling120,1942-01,1951-12,120,20000,0.0698013025375992,3.682730091622906,3.844000844641139,1.2197847045679644,3.688749890771695,0.7598025545259564,1.0,1.0,0.5022,across paths,ff12,vw
rolling120,1942-02,1952-01,120,20000,0.07119176613817779,3.7194264190942086,3.8187897390789884,1.202864046060445,3.6690496674951794,0.7626300851558878,1.0,1.0,0.48395,across paths,ff12,vw
rolling120,1942-03,1952-02,120,20000,0.07236995926161738,3.7160398496494462,3.8208164633797654,1.1981965631079083,3.677550562093238,0.7714221246291464,1.0,1.0,0.48605,across paths,ff12,vw
rolling120,1942-04,1952-03,120,20000,0.07344222199460582,4.2784708947741095,4.375429578786477,1.3281274993059982,4.218068821660443,0.7585743606700792,1.0,1.0,0.481,across paths,ff12,vw
rolling120,1942-05,1952-04,120,20000,0.07462289037196213,4.251427286049315,4.381834304355087,1.332607478086656,4.222966632856647,0.7655309223524343,1.0,1.0,0.49085,across paths,ff12,vw
rolling120,1942-06,1952-05,120,20000,0.075697190972154,4.119633752877401,4.155049796594846,1.267732156951671,4.00718199979589,0.7616400671604698,1.0,1.0,0.4625,across paths,ff12,vw
rolling120,1942-07,1952-06,120,20000,0.07709531769507327,4.183940739646747,4.20258624160716,1.2788671922417332,4.053514636936727,0.7627887705186934,1.0,1.0,0.45675,across paths,ff12,vw
rolling120,1942-08,1952-07,120,20000,0.07838744443828438,4.059774494385746,4.076359433220155,1.2480994887808938,3.929638661233551,0.7625343630117303,1.0,1.0,0.4559,across paths,ff12,vw
rolling120,1942-09,1952-08,120,20000,0.07968112126856108,3.938037800766528,3.973219023633668,1.2240343783335206,3.82638317752637,0.7631843967490206,1.0,1.0,0.4624,across paths,ff12,vw
rolling120,1942-10,1952-09,120,20000,0.08108428577685789,3.7201195227590027,3.7771283012764556,1.1769915074827408,3.6400378491271366,0.7734042951071958,1.0,1.0,0.47235,across paths,ff12,vw
rolling120,1942-11,1952-10,120,20000,0.08227312184039337,3.39454833995382,3.432564132801031,1.0834808836059864,3.3065386798729466,0.7665958837852812,1.0,1.0,0.46735,across paths,ff12,vw
rolling120,1942-12,1952-11,120,20000,0.08303048581648875,3.653412509340077,3.678564208823041,1.1393716206388236,3.552566718349293,0.7613882583817364,1.0,1.0,0.462,across paths,ff12,vw
rolling120,1943-01,1952-12,120,20000,0.08443800319283734,3.561379629056465,3.557454206399931,1.1101265712864545,3.4330938459357165,0.7730548886059666,1.0,1.0,0.45295,across paths,ff12,vw
rolling120,1943-02,1953-01,120,20000,0.0858473497930079,3.2489447048564424,3.239333768555116,1.0287271662621877,3.118839015417064,0.7711340429158615,1.0,1.0,0.4465,across paths,ff12,vw
rolling120,1943-03,1953-02,120,20000,0.0870414236556214,2.996064673453366,2.9909200710342336,0.9649140193366599,2.874768413842962,0.7722030934669678,1.0,1.0,0.447,across paths,ff12,vw
rolling120,1943-04,1953-03,120,20000,0.08867149676917085,2.7202661310275817,2.721691466146284,0.8948943573093823,2.612467699945146,0.7673339078256008,1.0,1.0,0.44955,across paths,ff12,vw
rolling120,1943-05,1953-04,120,20000,0.09008634526042325,2.5907725360265226,2.577501517962085,0.8603992761703256,2.4707482630767057,0.7609184838631291,1.0,1.0,0.44315,across paths,ff12,vw
rolling120,1943-06,1953-05,120,20000,0.0917211478178026,2.4179727609638864,2.3958761668781894,0.8157903060535358,2.2963734392952455,0.7569031190196559,1.0,1.0,0.4378,across paths,ff12,vw
rolling120,1943-07,1953-06,120,20000,0.0933582384123508,2.298503119048997,2.2671327140612565,0.7828464160863953,2.1694527855025294,0.7497308985315039,1.0,1.0,0.4334,across paths,ff12,vw
rolling120,1943-08,1953-07,120,20000,0.0946698748075272,2.551301783291073,2.4962954555122727,0.8302465949820642,2.3952747631753653,0.7403933769085216,1.0,1.0,0.4248,across paths,ff12,vw
rolling120,1943-09,1953-08,120,20000,0.09620195300879719,2.3508335488054817,2.3186959262509554,0.7935392441571433,2.2198678214661474,0.7489387565849634,1.0,1.0,0.4327,across paths,ff12,vw
rolling120,1943-10,1953-09,120,20000,0.0976265881571643,2.2834439450708404,2.251121320933529,0.7779784770792817,2.150749026755561,0.7501799504297857,1.0,1.0,0.43325,across paths,ff12,vw
rolling120,1943-11,1953-10,120,20000,0.09872388555610168,2.477701095947301,2.421937161114893,0.8214421823030723,2.317652963353273,0.7534198791988833,1.0,1.0,0.4222,across paths,ff12,vw
rolling120,1943-12,1953-11,120,20000,0.09927308273972457,2.803666278372967,2.752962774392768,0.8999697432673789,2.6392857184109966,0.7499652460692924,1.0,1.0,0.42665,across paths,ff12,vw
rolling120,1944-01,1953-12,120,20000,0.10037202613944429,2.580236633261774,2.5218471716501614,0.844468453810504,2.416491003592136,0.7472174457997411,1.0,1.0,0.42115,across paths,ff12,vw
rolling120,1944-02,1954-01,120,20000,0.10125205975027263,2.7023101433081367,2.6429733448032398,0.8753099545925979,2.5393258788937194,0.7484194120679142,1.0,1.0,0.4247,across paths,ff12,vw
rolling120,1944-03,1954-02,120,20000,0.10169242846355875,2.7517234460176283,2.689381410623426,0.885832303769458,2.5853086658313686,0.7488391181852908,1.0,1.0,0.4229,across paths,ff12,vw
rolling120,1944-04,1954-03,120,20000,0.10235331174398077,2.7978511933047305,2.7135365398226083,0.894076797958147,2.606051150718347,0.7440565571651541,1.0,1.0,0.41315,across paths,ff12,vw
rolling120,1944-05,1954-04,120,20000,0.10301452536694033,3.0303411687337967,2.919398926432313,0.9483287715855102,2.8027995598064104,0.748952862121605,1.0,1.0,0.40535,across paths,ff12,vw
rolling120,1944-06,1954-05,120,20000,0.10323506211099054,2.95518686666246,2.8449972681567983,0.9311936318929672,2.7317878684825527,0.7459132808996336,1.0,1.0,0.4044,across paths,ff12,vw
rolling120,1944-07,1954-06,120,20000,0.1035659333682466,2.7902937245995956,2.6985241991372013,0.9047954891265237,2.590280019159279,0.7525790037585991,1.0,1.0,0.41165,across paths,ff12,vw
rolling120,1944-08,1954-07,120,20000,0.10378658036082244,3.04069774476545,2.9523947796271037,0.9733909692433066,2.8287422538698817,0.7621170170920649,1.0,1.0,0.41585,across paths,ff12,vw
rolling120,1944-09,1954-08,120,20000,0.1040072714695619,2.885974698922969,2.7984914782561003,0.9367483311122264,2.6821446412030934,0.7577891026310845,1.0,1.0,0.4147,across paths,ff12,vw
rolling120,1944-10,1954-09,120,20000,0.10477992202947872,3.1365198489434922,3.0160758344301457,0.9990983157786282,2.8920227419998943,0.7691098998957548,1.0,1.0,0.40675,across paths,ff12,vw
rolling120,1944-11,1954-10,120,20000,0.10522170146446008,3.0626165598965924,2.9405888927490667,0.9819152533128044,2.8155524143273256,0.7728005416645681,1.0,1.0,0.40395,across paths,ff12,vw
rolling120,1944-12,1954-11,120,20000,0.10555316853477814,3.371285972202476,3.239306699496392,1.0645404505225438,3.1080091299220145,0.7768130224966879,1.0,1.0,0.40255,across paths,ff12,vw
rolling120,1945-01,1954-12,120,20000,0.10621636779604682,3.434717087117197,3.3066129673708833,1.082021799493244,3.1767906531250305,0.7883666312674615,1.0,1.0,0.4032,across paths,ff12,vw
rolling120,1945-02,1955-01,120,20000,0.10676931009725443,3.3756107049290414,3.2490093848862447,1.0657014122733004,3.1165569529747827,0.7851979036507212,1.0,1.0,0.4048,across paths,ff12,vw
rolling120,1945-03,1955-02,120,20000,0.10754389369760253,3.2462985391551378,3.1227605999427976,1.033434283693946,2.994396181613382,0.7833500437632398,1.0,1.0,0.40515,across paths,ff12,vw
rolling120,1945-04,1955-03,120,20000,0.1084297516409718,3.4159560814541257,3.2814032158540094,1.0750526519504606,3.148054329274827,0.7788660182698206,1.0,1.0,0.4018,across paths,ff12,vw
rolling120,1945-05,1955-04,120,20000,0.10920541976668274,3.2267534746070687,3.0952900223576063,1.0290146519834955,2.965939771689151,0.780780548437452,1.0,1.0,0.3986,across paths,ff12,vw
rolling120,1945-06,1955-05,120,20000,0.1104251798004161,3.198096110968679,3.0592751478525364,1.0195249514913218,2.93200580847277,0.7783022185113658,1.0,1.0,0.3953,across paths,ff12,vw
rolling120,1945-07,1955-06,120,20000,0.11131334231175405,3.458987652970917,3.246328091757645,1.0704764662807071,3.106429565415781,0.7702142348152708,1.0,1.0,0.37085,across paths,ff12,vw
rolling120,1945-08,1955-07,120,20000,0.11209102834556228,3.6471709659360707,3.415866995340153,1.1370492451535312,3.261157488053057,0.8060329883950775,1.0,1.0,0.3661,across paths,ff12,vw
rolling120,1945-09,1955-08,120,20000,0.11353631309698597,3.3904284382180023,3.1480729871283826,1.0616991956568125,3.0000510796289817,0.8085709629006987,1.0,1.0,0.3596,across paths,ff12,vw
rolling120,1945-10,1955-09,120,20000,0.11498347615509474,3.1805424985665507,2.939438682574474,1.0154759740627026,2.79760123860332,0.8133515823827956,1.0,1.0,0.35565,across paths,ff12,vw
rolling120,1945-11,1955-10,120,20000,0.11665544977724074,2.922678012271213,2.6979635475235453,0.9509443882015561,2.570134287098013,0.8122292071919666,1.0,1.0,0.35405,across paths,ff12,vw
rolling120,1945-12,1955-11,120,20000,0.11833009802225747,2.9892839090836345,2.736322802688154,0.9605837558626198,2.6061153037759546,0.8010631793666511,1.0,1.0,0.3464,across paths,ff12,vw
rolling120,1946-01,1955-12,120,20000,0.12000709007167609,3.007019314725679,2.7389343933790715,0.9650605618341837,2.612114220402976,0.8004698172060095,1.0,1.0,0.34235,across paths,ff12,vw
rolling120,1946-02,1956-01,120,20000,0.12213446533023475,2.6646486044809325,2.3990247942566048,0.8754352516694772,2.2882415953036217,0.809757060466495,1.0,1.0,0.33365,across paths,ff12,vw
rolling120,1946-03,1956-02,120,20000,0.12392934201175865,3.045158885315665,2.7421695236273225,0.9660408888368284,2.6168206079985756,0.8109393622715118,1.0,1.0,0.3292,across paths,ff12,vw
rolling120,1946-04,1956-03,120,20000,0.12527765272895763,3.0787698740710034,2.717835688618217,0.9540220853596959,2.593729231909026,0.8139897288816841,1.0,1.0,0.31045,across paths,ff12,vw
rolling120,1946-05,1956-04,120,20000,0.12707755700204193,2.9305007600989224,2.5547702178544527,0.9059198950545831,2.4434043621751043,0.7973696908427815,1.0,1.0,0.30105,across paths,ff12,vw
rolling120,1946-06,1956-05,120,20000,0.129331036072325,2.59177529303644,2.2751019836843906,0.8360345044178917,2.17168045739613,0.7981151713310648,1.0,1.0,0.3097,across paths,ff12,vw
rolling120,1946-07,1956-06,120,20000,0.13125032304755546,2.873094909809525,2.518115634645088,0.8988895033092659,2.404530281184817,0.8057051023554577,1.0,1.0,0.3058,across paths,ff12,vw
rolling120,1946-08,1956-07,120,20000,0.13339905404204733,3.1802686585636817,2.7690905113382476,0.9643132280554015,2.6455477887961347,0.8125115990701298,1.0,1.0,0.29615,across paths,ff12,vw
rolling120,1946-09,1956-08,120,20000,0.13498533683286906,3.3326114620872707,2.917627245917983,1.0022339165009688,2.7933470942821375,0.8151561451874209,1.0,1.0,0.29855,across paths,ff12,vw
rolling120,1946-10,1956-09,120,20000,0.13668730424789377,3.5828758303480726,3.1566901942817567,1.0555718507681533,3.0293867205413925,0.8051829726121315,1.0,1.0,0.3007,across paths,ff12,vw
rolling120,1946-11,1956-10,120,20000,0.1391872663286149,3.684211354337916,3.252911656774585,1.079409260760615,3.1232716617281144,0.807557741284344,1.0,1.0,0.30305,across paths,ff12,vw
rolling120,1946-12,1956-11,120,20000,0.14112330387011118,3.709503566430131,3.2568492118680648,1.081398401628539,3.121065737719861,0.8095337191142085,1.0,1.0,0.2959,across paths,ff12,vw
rolling120,1947-01,1956-12,120,20000,0.1435189441161644,3.6377397025607188,3.1580137753728117,1.055824139285469,3.0266199725064724,0.8163731826231345,1.0,1.0,0.2849,across paths,ff12,vw
rolling120,1947-02,1957-01,120,20000,0.14626256649532943,3.4280156915247,3.0167867324885043,1.0180277374049915,2.891788907222581,0.8213758852265913,1.0,1.0,0.2989,across paths,ff12,vw
rolling120,1947-03,1957-02,120,20000,0.14866899595613137,3.3935546840204145,3.0197802648316188,1.018215983757964,2.895033493720924,0.8234275817236667,1.0,1.0,0.31105,across paths,ff12,vw
rolling120,1947-04,1957-03,120,20000,0.15096564495334452,3.572691992438531,3.2124934922259536,1.0682837781486332,3.0810730277427223,0.827223623277975,1.0,1.0,0.3217,across paths,ff12,vw
rolling120,1947-05,1957-04,120,20000,0.15349700996273907,4.018292976265367,3.618455664080395,1.1697447889501589,3.4765870868772186,0.8333803022235925,1.0,1.0,0.3185,across paths,ff12,vw
rolling120,1947-06,1957-05,120,20000,0.15614925741141872,4.253834132413889,3.8098410443027446,1.217508576862672,3.6600487999549394,0.8313635397881399,1.0,1.0,0.3107,across paths,ff12,vw
rolling120,1947-07,1957-06,120,20000,0.15857644269639715,3.962536388814751,3.567813696205428,1.1584376949816368,3.421686353135318,0.8368110687710617,1.0,1.0,0.31935,across paths,ff12,vw
rolling120,1947-08,1957-07,120,20000,0.16170366092620858,3.810077513582347,3.4504149340675467,1.1271391213417736,3.309883516451359,0.8297654424774696,1.0,1.0,0.32615,across paths,ff12,vw
rolling120,1947-09,1957-08,120,20000,0.16425864248577815,3.6554346715544677,3.3509631858890208,1.1052672842256708,3.210072050436031,0.8442034517467428,1.0,1.0,0.34235,across paths,ff12,vw
rolling120,1947-10,1957-09,120,20000,0.16658576349814247,3.409845523386652,3.178582642029372,1.0660819086196398,3.049785306459398,0.8343576551743142,1.0,1.0,0.36315,across paths,ff12,vw
rolling120,1947-11,1957-10,120,20000,0.16926730183118832,3.127697989655876,2.943950053716085,1.0083785521998163,2.819240077387539,0.8290857876583668,1.0,1.0,0.37555,across paths,ff12,vw
rolling120,1947-12,1957-11,120,20000,0.17183814738788294,3.3179416412643663,3.1512725055652537,1.0690736771413685,3.019695289474943,0.8327631561800009,1.0,1.0,0.38515,across paths,ff12,vw
rolling120,1948-01,1957-12,120,20000,0.17371158966987776,3.0352167787312947,2.9429548072064646,1.017490839688783,2.818882724623081,0.8239385931331411,1.0,1.0,0.413,across paths,ff12,vw
rolling120,1948-02,1958-01,120,20000,0.17617465985905212,3.4041532826323575,3.3126594666084808,1.11760987016107,3.1743172081777806,0.8405683490220228,1.0,1.0,0.4145,across paths,ff12,vw
rolling120,1948-03,1958-02,120,20000,0.1767623358158119,3.537626420051458,3.486565697278518,1.1694246621754356,3.3305831633709437,0.8436892474216408,1.0,1.0,0.4316,across paths,ff12,vw
rolling120,1948-04,1958-03,120,20000,0.1767623358158119,3.33464941567947,3.3072800388070624,1.1213424214808199,3.1664890029883925,0.8406968500272934,1.0,1.0,0.43695,across paths,ff12,vw
rolling120,1948-05,1958-04,120,20000,0.1767623358158119,3.3112482427036625,3.3207752535875805,1.1209047377623838,3.1823652046745226,0.8315752158467971,1.0,1.0,0.45295,across paths,ff12,vw
rolling120,1948-06,1958-05,120,20000,0.1771150823193539,3.1117426210440984,3.105898179918499,1.0573757018920038,2.976839936347273,0.8144228502281785,1.0,1.0,0.4484,across paths,ff12,vw
rolling120,1948-07,1958-06,120,20000,0.17640944834054317,3.2342970620394125,3.2317652641639794,1.0869667884859147,3.096284768075234,0.8113129221977877,1.0,1.0,0.44885,across paths,ff12,vw
rolling120,1948-08,1958-07,120,20000,0.17629190143323492,3.655943906322495,3.6370865321493677,1.196659177339933,3.490799774495184,0.8257787279199976,1.0,1.0,0.44295,across paths,ff12,vw
rolling120,1948-09,1958-08,120,20000,0.1757042843379042,3.7306580465515315,3.727669512208423,1.2199141793879273,3.576796215544955,0.8289230011050257,1.0,1.0,0.44895,across paths,ff12,vw
rolling120,1948-10,1958-09,120,20000,0.1774671356238966,4.110865493878702,4.106902692107491,1.3253354897703968,3.943385310418774,0.8376589584074272,1.0,1.0,0.44825,across paths,ff12,vw
rolling120,1948-11,1958-10,120,20000,0.17911493049582128,3.9522358007196354,3.964170413403189,1.2849272765134088,3.803476884658723,0.8295831381108407,1.0,1.0,0.45225,across paths,ff12,vw
rolling120,1948-12,1958-11,120,20000,0.17993998092699592,4.630369964390394,4.633116786985266,1.4485514447629295,4.4544429198020286,0.8156681292431311,1.0,1.0,0.4489,across paths,ff12,vw
rolling120,1949-01,1958-12,120,20000,0.18206302367556493,4.743740434147722,4.750088816735337,1.4906688327382893,4.564519588718824,0.8313269029194965,1.0,1.0,0.44895,across paths,ff12,vw
rolling120,1949-02,1959-01,120,20000,0.18336199403125253,4.777517039910177,4.754222132628656,1.4897316324719763,4.571619996869725,0.8319064095184455,1.0,1.0,0.44155,across paths,ff12,vw
rolling120,1949-03,1959-02,120,20000,0.1845442919571505,5.01418354689703,5.010392518658906,1.5670487156301718,4.811715851153236,0.8240505502153187,1.0,1.0,0.44815,across paths,ff12,vw
rolling120,1949-04,1959-03,120,20000,0.18596432507438188,4.80341283209939,4.787114802933183,1.5113447403216618,4.587990537630884,0.8235230157870149,1.0,1.0,0.44155,across paths,ff12,vw
rolling120,1949-05,1959-04,120,20000,0.18726771278302579,5.136657063142361,5.133930852891782,1.6131594995703589,4.928233045495055,0.8283370891405145,1.0,1.0,0.4455,across paths,ff12,vw
rolling120,1949-06,1959-05,120,20000,0.18869101074040806,5.441847071533812,5.392157042987725,1.682873481314435,5.178196488597372,0.8275439011587868,1.0,1.0,0.4349,across paths,ff12,vw
rolling120,1949-07,1959-06,120,20000,0.1903535156505345,5.428989093347117,5.406028970149948,1.6959114588705944,5.184804452579076,0.8432280812746978,1.0,1.0,0.43915,across paths,ff12,vw
rolling120,1949-08,1959-07,120,20000,0.1922563687078238,5.295089860123944,5.258196485118537,1.661963133748393,5.039945790478184,0.8383741974045748,1.0,1.0,0.43605,across paths,ff12,vw
rolling120,1949-09,1959-08,120,20000,0.1934475530106592,5.057828487328076,5.0553428664939455,1.6112630556748755,4.848830462945637,0.8482020561903125,1.0,1.0,0.44345,across paths,ff12,vw
rolling120,1949-10,1959-09,120,20000,0.19607077672593887,4.606925959874309,4.624399709035076,1.4969089079936007,4.429961135479093,0.8512565741034556,1.0,1.0,0.4494,across paths,ff12,vw
rolling120,1949-11,1959-10,120,20000,0.19858026681598218,4.517306393529327,4.5268420555953055,1.470444901671048,4.333035814170495,0.8580881221358029,1.0,1.0,0.44695,across paths,ff12,vw
rolling120,1949-12,1959-11,120,20000,0.20073598672032755,4.515681904454776,4.491051936333796,1.4649890682854163,4.290665027351325,0.8621434179422367,1.0,1.0,0.4379,across paths,ff12,vw
rolling120,1950-01,1959-12,120,20000,0.2037351274604624,4.388312266254403,4.320194957124007,1.4161968146504444,4.126938773895848,0.8766219769777479,1.0,1.0,0.4248,across paths,ff12,vw
rolling120,1950-02,1960-01,120,20000,0.20662149403644903,3.941536006040363,3.909415165804742,1.3186172364876152,3.733994189194641,0.8815894571401901,1.0,1.0,0.43395,across paths,ff12,vw
rolling120,1950-03,1960-02,120,20000,0.2090325670588018,3.9356978223175636,3.897642022647235,1.3229043103701077,3.717883193806818,0.8860975321059291,1.0,1.0,0.4338,across paths,ff12,vw
rolling120,1950-04,1960-03,120,20000,0.21205212891459313,3.8071437353905875,3.8022803807911543,1.2957326639190148,3.6300712489234925,0.8846142168753145,1.0,1.0,0.4438,across paths,ff12,vw
rolling120,1950-05,1960-04,120,20000,0.2132630911774711,3.550682640212104,3.587682221641753,1.2331346343231342,3.427542679733466,0.8850139909560896,1.0,1.0,0.4586,across paths,ff12,vw
rolling120,1950-06,1960-05,120,20000,0.21532357794570456,3.505794657838819,3.5751806146808276,1.2398091714011135,3.416753737483079,0.8974930288615529,1.0,1.0,0.47045,across paths,ff12,vw
rolling120,1950-07,1960-06,120,20000,0.21702333120157258,3.8973115507761635,3.975589161937724,1.3494031042522345,3.8096127707859373,0.8994530413334278,1.0,1.0,0.4715,across paths,ff12,vw
rolling120,1950-08,1960-07,120,20000,0.21738807345867595,3.718253446377034,3.888941679315197,1.3006910284617885,3.7230401038196383,0.8894034906278009,1.0,1.0,0.5018,across paths,ff12,vw
rolling120,1950-09,1960-08,120,20000,0.21823939378976598,3.637787805475596,3.8265020714501516,1.2835078323115443,3.6611480967866896,0.8829867302181822,1.0,1.0,0.5081,across paths,ff12,vw
rolling120,1950-10,1960-09,120,20000,0.21896960721261705,3.162162597822933,3.309157070706336,1.1476953740006492,3.1636021718249387,0.8916856948430494,1.0,1.0,0.50045,across paths,ff12,vw
rolling120,1950-11,1960-10,120,20000,0.22018711580951345,3.144669269582308,3.3020701970253454,1.1476329653367716,3.154452147092835,0.8995670540639942,1.0,1.0,0.5036,across paths,ff12,vw
rolling120,1950-12,1960-11,120,20000,0.22043088508647068,3.2240567120818424,3.4199166742449436,1.1737099700222255,3.266764093301687,0.8941247191856285,1.0,1.0,0.5149,across paths,ff12,vw
rolling120,1951-01,1960-12,120,20000,0.22104043002957652,3.192480209408256,3.401156585949757,1.1665129839355692,3.2460176642820584,0.8853420744005582,1.0,1.0,0.5192,across paths,ff12,vw
rolling120,1951-02,1961-01,120,20000,0.22177210311258633,3.214664740422794,3.4434986378467816,1.1760219660321183,3.2894063513096667,0.8686328347295169,1.0,1.0,0.5272,across paths,ff12,vw
rolling120,1951-03,1961-02,120,20000,0.2222603237332108,3.306432317529537,3.5441837821348674,1.2044739252251262,3.388537750164092,0.878013317235486,1.0,1.0,0.52965,across paths,ff12,vw
rolling120,1951-04,1961-03,120,20000,0.2233591493164293,3.5324155958562535,3.7732626417465567,1.2639541083874435,3.6097938297420917,0.8739344792691568,1.0,1.0,0.527,across paths,ff12,vw
rolling120,1951-05,1961-04,120,20000,0.22384785765531534,3.3368556125318527,3.5918463264899017,1.208958915059966,3.433040642503693,0.861803007632737,1.0,1.0,0.5348,across paths,ff12,vw
rolling120,1951-06,1961-05,120,20000,0.22458128625558804,3.550681758730744,3.8071105996242,1.2648006222141328,3.6434278213484608,0.8596831584196657,1.0,1.0,0.53055,across paths,ff12,vw
rolling120,1951-07,1961-06,120,20000,0.2255597770955846,3.5334107334898954,3.7932335661559256,1.2564496963813356,3.6347510330458874,0.8638408167854948,1.0,1.0,0.53445,across paths,ff12,vw
rolling120,1951-08,1961-07,120,20000,0.22617176140453088,3.3611004824130957,3.6386865128942745,1.2074334579917918,3.481443564317291,0.853442353607107,1.0,1.0,0.5436,across paths,ff12,vw
rolling120,1951-09,1961-08,120,20000,0.22629421938529637,3.2896823458020394,3.6212897179878842,1.2040260877873374,3.464401737392107,0.8493530727045847,1.0,1.0,0.5626,across paths,ff12,vw
rolling120,1951-10,1961-09,120,20000,0.22690663160033098,3.1705481406022207,3.514923605297921,1.1812943459819247,3.358937893131599,0.8578176052620698,1.0,1.0,0.56855,across paths,ff12,vw
rolling120,1951-11,1961-10,120,20000,0.22727411561538702,3.3901181236268583,3.792306995615922,1.256080447905628,3.627739070713056,0.8692361121004838,1.0,1.0,0.5812,across paths,ff12,vw
rolling120,1951-12,1961-11,120,20000,0.22776448585437037,3.5605954487175433,3.9784371626813146,1.3081558565592242,3.8057531238957045,0.8627500259310327,1.0,1.0,0.5809,across paths,ff12,vw
rolling120,1952-01,1961-12,120,20000,0.2286228909084036,3.4093838258166143,3.7947925009979837,1.263092385636395,3.6318771124425893,0.858354007389481,1.0,1.0,0.5756,across paths,ff12,vw
rolling120,1952-02,1962-01,120,20000,0.22972699535355323,3.18240471746011,3.5656298282085235,1.2033946734431444,3.4126353225631405,0.8544326158784246,1.0,1.0,0.58165,across paths,ff12,vw
rolling120,1952-03,1962-02,120,20000,0.23070959782686828,3.376765543989597,3.759621768189645,1.2545910060028485,3.597348465631996,0.8517786339157142,1.0,1.0,0.5761,across paths,ff12,vw
rolling120,1952-04,1962-03,120,20000,0.23181601940118068,3.1661951883103256,3.550435746741308,1.1942437650690838,3.3985738722621175,0.8443344192566756,1.0,1.0,0.58405,across paths,ff12,vw
rolling120,1952-05,1962-04,120,20000,0.2330463590130476,3.0996411506200285,3.4171607547386316,1.1621666095766476,3.2702582265009,0.844200472766481,1.0,1.0,0.5641,across paths,ff12,vw
rolling120,1952-06,1962-05,120,20000,0.2344009490409258,2.633457239657237,2.918679137071014,1.0341122838140735,2.783473218499651,0.8521066096222619,1.0,1.0,0.56375,across paths,ff12,vw
rolling120,1952-07,1962-06,120,20000,0.2350172251013556,2.2040391275754274,2.453139947032954,0.9135880220048753,2.33914843650894,0.854034543599559,1.0,0.99995,0.56155,across paths,ff12,vw
rolling120,1952-08,1962-07,120,20000,0.23649702607002432,2.3777788309112022,2.6538119410855616,0.9675991685751735,2.526768575065984,0.8582343270911066,1.0,1.0,0.56605,across paths,ff12,vw
rolling120,1952-09,1962-08,120,20000,0.23748474211681003,2.4790646119145756,2.7355981808648266,0.9953025067954693,2.607781545267311,0.8574864039106644,1.0,1.0,0.5539,across paths,ff12,vw
rolling120,1952-10,1962-09,120,20000,0.23810249608152478,2.3680834435972846,2.5991634271213644,0.9609487712502597,2.477762815725309,0.864743018550379,1.0,1.0,0.5489,across paths,ff12,vw
rolling120,1952-11,1962-10,120,20000,0.23958614197257533,2.392798973490992,2.644804942072647,0.9755272423531154,2.5135387588415536,0.8696359656207074,1.0,1.0,0.55445,across paths,ff12,vw
rolling120,1952-12,1962-11,120,20000,0.24082448976675375,2.5537058077042643,2.831106149421822,1.0297878917397068,2.6917756904376473,0.8739405949343961,1.0,1.0,0.5579,across paths,ff12,vw
rolling120,1953-01,1962-12,120,20000,0.24169167940616743,2.489932835114751,2.7868385959328683,1.0177014415276757,2.652069383858298,0.8778248427005433,1.0,1.0,0.5691,across paths,ff12,vw
rolling120,1953-02,1963-01,120,20000,0.24280741673790196,2.677680173569633,2.9949269025483662,1.0709847042298557,2.8530989196024636,0.8753168582882827,1.0,1.0,0.5722,across paths,ff12,vw
rolling120,1953-03,1963-02,120,20000,0.24392437966486846,2.6025578389938637,2.909619378606939,1.0495387824248332,2.7722103935434275,0.8752563745286008,1.0,1.0,0.5717,across paths,ff12,vw
rolling120,1953-04,1963-03,120,20000,0.24454522433429582,2.769295628382176,3.076677691504123,1.0964052777240259,2.935835390442447,0.8770310920310351,1.0,1.0,0.5645,across paths,ff12,vw
rolling120,1953-05,1963-04,120,20000,0.24566352575392525,3.057036987869277,3.3951096051841154,1.1806892539457925,3.2404505103850405,0.8731936697931006,1.0,1.0,0.5697,across paths,ff12,vw
rolling120,1953-06,1963-05,120,20000,0.246534010398058,3.1102281760296604,3.463643762713833,1.2048931084302565,3.3064277177871495,0.8831449409932656,1.0,1.0,0.5707,across paths,ff12,vw
rolling120,1953-07,1963-06,120,20000,0.24715615753840448,3.1077191345141273,3.468566292096737,1.2062756656508948,3.313756403531083,0.8868288756387623,1.0,1.0,0.57175,across paths,ff12,vw
rolling120,1953-08,1963-07,120,20000,0.24865050340864503,3.00077023067061,3.3516366208298742,1.175977619813089,3.1998846053762264,0.8899253772662947,1.0,1.0,0.5729,across paths,ff12,vw
rolling120,1953-09,1963-08,120,20000,0.249647728528668,3.407500558482745,3.7743136290418886,1.2866151375792545,3.605405769864371,0.8874142635476165,1.0,1.0,0.5675,across paths,ff12,vw
rolling120,1953-10,1963-09,120,20000,0.25102014516343374,3.334166634674175,3.6811809014928905,1.2623575618363134,3.5119287296178903,0.8917010798230847,1.0,1.0,0.5627,across paths,ff12,vw
rolling120,1953-11,1963-10,120,20000,0.25301917865215984,3.255536666127618,3.630485378478034,1.2545632243391442,3.4625010416500754,0.8907307463518304,1.0,1.0,0.5703,across paths,ff12,vw
rolling120,1953-12,1963-11,120,20000,0.25539801202490064,3.1104051688665626,3.456637124565142,1.2081997273663092,3.293518253687928,0.9026857057033146,1.0,1.0,0.5653,across paths,ff12,vw
rolling120,1954-01,1963-12,120,20000,0.25740404100646463,3.191258870141321,3.5559600698035743,1.235937768193715,3.391791528318858,0.9020461695178701,1.0,1.0,0.56835,across paths,ff12,vw
rolling120,1954-02,1964-01,120,20000,0.25979048359752666,3.083729423643968,3.443402100026527,1.2032857687510852,3.2791501363948656,0.893523797199127,1.0,1.0,0.57005,across paths,ff12,vw
rolling120,1954-03,1964-02,120,20000,0.2621824111670632,3.086539145087402,3.47021599202215,1.2117957339834908,3.3042825958327082,0.8974639725222942,1.0,1.0,0.57815,across paths,ff12,vw
rolling120,1954-04,1964-03,120,20000,0.26508311015355845,3.0069670506872033,3.3946068156816915,1.1878598746682183,3.2347039325520157,0.8904623067595754,1.0,1.0,0.5825,across paths,ff12,vw
rolling120,1954-05,1964-04,120,20000,0.2676110012718589,2.8545364336765844,3.2407464033003985,1.1431337563302977,3.0883457696485337,0.8799413492861118,1.0,1.0,0.5899,across paths,ff12,vw
rolling120,1954-06,1964-05,120,20000,0.2702716540481416,2.7992314029267895,3.1978752975093836,1.1289868822964382,3.0490666823248285,0.8705319865603348,1.0,1.0,0.59655,across paths,ff12,vw
rolling120,1954-07,1964-06,120,20000,0.27331847792353203,2.8153839588221676,3.1890476269875356,1.1178642613845764,3.0473245499146437,0.8686359692402617,1.0,1.0,0.5877,across paths,ff12,vw
rolling120,1954-08,1964-07,120,20000,0.2765001832656697,2.7060616768987527,3.0495227832927205,1.079353012947528,2.9142608350292907,0.8672960172175915,1.0,1.0,0.58285,across paths,ff12,vw
rolling120,1954-09,1964-08,120,20000,0.2794346664455909,2.749305385308831,3.0819973035323565,1.0874877597305326,2.93946527282809,0.8608928743228887,1.0,1.0,0.577,across paths,ff12,vw
rolling120,1954-10,1964-09,120,20000,0.2818634064458372,2.6253730446544314,2.969509704449865,1.0515319139008292,2.836102123738789,0.8543608793271499,1.0,1.0,0.58845,across paths,ff12,vw
rolling120,1954-11,1964-10,120,20000,0.2846815332512542,2.717112667430747,3.0696459302471784,1.0774842773009061,2.9326922851245065,0.849460665670764,1.0,1.0,0.58765,across paths,ff12,vw
rolling120,1954-12,1964-11,120,20000,0.2876345289802946,2.4050612797109285,2.735962839149988,0.9832924013374398,2.6109831342597754,0.8458259048364102,1.0,1.0,0.5896,across paths,ff12,vw
rolling120,1955-01,1964-12,120,20000,0.29059372104329895,2.236695078327097,2.56571954782204,0.934157975686802,2.448310284475485,0.8387169372868489,1.0,0.99995,0.59745,across paths,ff12,vw
rolling120,1955-02,1965-01,120,20000,0.29317284518607156,2.3376408723869604,2.70011097591695,0.9710411955188574,2.576804511786407,0.8402226526821321,1.0,1.0,0.6086,across paths,ff12,vw
rolling120,1955-03,1965-02,120,20000,0.29588606626199376,2.2609246579794626,2.6391979924184517,0.9554474485632727,2.5194148509551813,0.8385890009917675,1.0,0.9999,0.6177,across paths,ff12,vw
rolling120,1955-04,1965-03,120,20000,0.2992520040964406,2.2305828877751517,2.5966601962060882,0.9420408314175023,2.4776042435023595,0.8312525165585324,1.0,0.9999,0.61595,across paths,ff12,vw
rolling120,1955-05,1965-04,120,20000,0.30197770760153797,2.2371561113623315,2.6145499782418007,0.947318448396851,2.4968522230630477,0.8492071529503598,1.0,0.99995,0.61925,across paths,ff12,vw
rolling120,1955-06,1965-05,120,20000,0.30418797532964126,2.1875163015818444,2.5502893567679603,0.929411606361174,2.432438000770623,0.8411369097758402,1.0,0.9999,0.6147,across paths,ff12,vw
rolling120,1955-07,1965-06,120,20000,0.3074451880552398,1.8345433290391195,2.201752556084399,0.8307746379326256,2.1002183086559114,0.8386592350936618,1.0,0.99965,0.63965,across paths,ff12,vw
rolling120,1955-08,1965-07,120,20000,0.3101880800581529,1.8278731613857278,2.1925140434196697,0.807018171508365,2.098486747719825,0.788810644769548,1.0,0.9997,0.6441,across paths,ff12,vw
rolling120,1955-09,1965-08,120,20000,0.31241184177550374,1.9033732617295587,2.3019278644433556,0.8336629137494536,2.2035404419328413,0.7856221785439031,1.0,0.99985,0.6553,across paths,ff12,vw
rolling120,1955-10,1965-09,120,20000,0.3143773147813578,2.001713793091879,2.4104068732353574,0.8565858038397609,2.3092232665910917,0.776791661788702,1.0,0.99985,0.6535,across paths,ff12,vw
rolling120,1955-11,1965-10,120,20000,0.316082935173867,2.16794550761035,2.5819416821166903,0.9023898189058707,2.475452062105851,0.778515233448628,1.0,0.99995,0.64405,across paths,ff12,vw
rolling120,1955-12,1965-11,120,20000,0.3184478640780428,1.9643530764244974,2.3846596469230783,0.8525672217580512,2.280772323643377,0.7755633389938303,1.0,0.99995,0.6606,across paths,ff12,vw
rolling120,1956-01,1965-12,120,20000,0.32042198246107034,1.954731393379154,2.379255440730086,0.8466391022157788,2.2790205960109624,0.7651665071992048,1.0,0.9999,0.66345,across paths,ff12,vw
rolling120,1956-02,1966-01,120,20000,0.3225300199505312,2.0736016449288246,2.5225892649998785,0.8822027805921931,2.421911209874303,0.7666279780451292,1.0,1.0,0.66715,across paths,ff12,vw
rolling120,1956-03,1966-02,120,20000,0.3246420551156384,1.9308153032436626,2.3690441084916207,0.8459934357482366,2.2705125087489044,0.7714242930044569,1.0,0.9999,0.6707,across paths,ff12,vw
rolling120,1956-04,1966-03,120,20000,0.32768416867206973,1.686008930877959,2.1174905589208,0.7776270326764142,2.0256636642248664,0.7710286155075032,1.0,0.9997,0.6875,across paths,ff12,vw
rolling120,1956-05,1966-04,120,20000,0.32967191820097286,1.739477805783463,2.18646477288018,0.7942142206404574,2.0929283147503055,0.7699585397721752,1.0,0.9999,0.6901,across paths,ff12,vw
rolling120,1956-06,1966-05,120,20000,0.33205983544407536,1.731692740973847,2.1572845128472626,0.7874601813714188,2.0658633765957584,0.7777420560099394,1.0,0.99975,0.68105,across paths,ff12,vw
rolling120,1956-07,1966-06,120,20000,0.3344527573041547,1.6070577774857955,2.026172473118578,0.7536227959095719,1.9358930547906077,0.7806174394408173,1.0,0.9992,0.68825,across paths,ff12,vw
rolling120,1956-08,1966-07,120,20000,0.3361837377317094,1.4497310469579072,1.867791005962372,0.7131423413439368,1.784349034540212,0.7802695221735005,1.0,0.99875,0.7024,across paths,ff12,vw
rolling120,1956-09,1966-08,120,20000,0.3393851363246574,1.3358076914023274,1.7189501831511949,0.6781064852744787,1.6393497717575052,0.778518669948794,1.0,0.99695,0.69175,across paths,ff12,vw
rolling120,1956-10,1966-09,120,20000,0.3423264891894151,1.4414892262616497,1.8197096920267206,0.7066176724522153,1.7364462867952388,0.78406081353855,1.0,0.99835,0.67975,across paths,ff12,vw
rolling120,1956-11,1966-10,120,20000,0.34500444727258595,1.5272575289406842,1.918984051695779,0.7401218357934191,1.8292317038825563,0.8007982408273532,1.0,0.99875,0.6763,across paths,ff12,vw
rolling120,1956-12,1966-11,120,20000,0.34768908688790057,1.5581727627606456,1.993507393637384,0.7691283677011679,1.8962637219880547,0.8244126169269734,1.0,0.99895,0.6911,across paths,ff12,vw
rolling120,1957-01,1966-12,120,20000,0.3498402266913929,1.487167387237212,1.9237873232639289,0.7513646034125135,1.8292572947489767,0.8198614701333923,1.0,0.99845,0.6968,across paths,ff12,vw
rolling120,1957-02,1967-01,120,20000,0.3519941554464605,1.7927263175410184,2.2503386267725443,0.8329419886461502,2.1444634457451506,0.8128842532856229,1.0,0.99955,0.68095,across paths,ff12,vw
rolling120,1957-03,1967-02,120,20000,0.35361266401243796,1.8769319801662747,2.33104895928437,0.8558813556781341,2.2250330876024855,0.8088696463049535,1.0,0.99975,0.67415,across paths,ff12,vw
rolling120,1957-04,1967-03,120,20000,0.3557734744109413,1.9337061360859296,2.3763980767690542,0.8680153346986091,2.2658156192765215,0.8156023681820166,1.0,0.9998,0.6673,across paths,ff12,vw
rolling120,1957-05,1967-04,120,20000,0.3567201491561658,1.9252848190748701,2.3859275539927243,0.8726265211304111,2.273254670422376,0.8265885828268192,1.0,0.9999,0.6759,across paths,ff12,vw
rolling120,1957-06,1967-05,120,20000,0.3576673904332546,1.7078345109851352,2.152886238496344,0.8130486887101168,2.0442123560295538,0.8262938020774276,1.0,0.9993,0.6843,across paths,ff12,vw
rolling120,1957-07,1967-06,120,20000,0.35807371547029576,1.7949293992668967,2.2507835596814876,0.8337153329811908,2.143049205421558,0.8185220211776931,1.0,0.9996,0.68415,across paths,ff12,vw
rolling120,1957-08,1967-07,120,20000,0.3583445178063813,1.904002515680443,2.3697209837277713,0.8744225166960764,2.256388036186484,0.8204653933652611,1.0,0.99975,0.6772,across paths,ff12,vw
rolling120,1957-09,1967-08,120,20000,0.3591574920813778,2.0346566812130025,2.499616723559605,0.9048737944055804,2.377663989236608,0.8144394239751921,1.0,0.99985,0.66895,across paths,ff12,vw
rolling120,1957-10,1967-09,120,20000,0.3599708717893857,2.3292054096854646,2.7817245236401793,0.9767595085500949,2.6563055929683124,0.8212342898287716,1.0,0.99995,0.64735,across paths,ff12,vw
rolling120,1957-11,1967-10,120,20000,0.36132691014992946,2.37569009499315,2.8071018369889016,0.986839775190074,2.677936444410827,0.8243008770571573,1.0,0.99995,0.6342,across paths,ff12,vw
rolling120,1957-12,1967-11,120,20000,0.3624129308201727,2.3144874087987133,2.719416041418876,0.9569799661023373,2.5941543528889626,0.8167924861504622,1.0,0.9999,0.62915,across paths,ff12,vw
rolling120,1958-01,1967-12,120,20000,0.36363616669181886,2.5566920108118216,2.947711703621711,1.0100005031509975,2.8195739226809895,0.8241283510884271,1.0,0.99995,0.6138,across paths,ff12,vw
rolling120,1958-02,1968-01,120,20000,0.36526796106759685,2.266543496444632,2.6425746487803505,0.9345727950564565,2.523419683126808,0.8302842597182569,1.0,0.9999,0.6218,across paths,ff12,vw
rolling120,1958-03,1968-02,120,20000,0.36894976639608523,2.202266243344901,2.545102724689526,0.9037710575295775,2.433041379429266,0.8250400394076891,1.0,0.99985,0.6116,across paths,ff12,vw
rolling120,1958-04,1968-03,120,20000,0.3729161509725152,2.116446995143805,2.444989270365894,0.8786322040631368,2.3388836839077034,0.8334128292470693,1.0,0.9998,0.6079,across paths,ff12,vw
rolling120,1958-05,1968-04,120,20000,0.3777175164085702,2.3061463954491566,2.6445360897921386,0.93567276341869,2.531683920602388,0.8366626340627265,1.0,0.99995,0.6038,across paths,ff12,vw
rolling120,1958-06,1968-05,120,20000,0.3823966089625499,2.315829534359971,2.650500680902757,0.9409904288144412,2.533313168503403,0.8432085501540474,1.0,0.99995,0.60165,across paths,ff12,vw
rolling120,1958-07,1968-06,120,20000,0.38792453701998286,2.2568943357597497,2.6182235552019866,0.9390287628387581,2.4998842993973334,0.8413624364099458,1.0,0.9999,0.6149,across paths,ff12,vw
rolling120,1958-08,1968-07,120,20000,0.3936110470647336,2.0489344925708024,2.3944774437044667,0.8805464840293306,2.283260412505701,0.836241102040149,1.0,0.9996,0.6177,across paths,ff12,vw
rolling120,1958-09,1968-08,120,20000,0.3989046516017647,2.0438499441723614,2.375508402413303,0.8758275860208747,2.2660053558671356,0.8425610665705919,1.0,0.9996,0.6104,across paths,ff12,vw
rolling120,1958-10,1968-09,120,20000,0.4022556558575232,2.0331086520470034,2.364261301005587,0.8724874460992923,2.252845290816447,0.8321442136469543,1.0,0.99965,0.61315,across paths,ff12,vw
rolling120,1958-11,1968-10,120,20000,0.4058949697976604,1.9787719767498908,2.3155913239933645,0.8624083532751147,2.2029859715445608,0.8234464058695108,1.0,0.9994,0.6182,across paths,ff12,vw
rolling120,1958-12,1968-11,120,20000,0.41024845536990373,2.0576320184152053,2.3886523338977415,0.8831922524797637,2.273114113515289,0.8176478804346102,1.0,0.9996,0.61235,across paths,ff12,vw
rolling120,1959-01,1968-12,120,20000,0.4132034760806169,1.799976179323092,2.0892150173318083,0.7979892829389862,1.989286509942732,0.8015382879066653,1.0,0.9985,0.60605,across paths,ff12,vw
rolling120,1959-02,1969-01,120,20000,0.41771625037805027,1.754475179183479,2.0429892188679823,0.7842880172522692,1.943843258716987,0.7984841790992736,1.0,0.99795,0.60865,across paths,ff12,vw
rolling120,1959-03,1969-02,120,20000,0.42153682516198154,1.5763629815182623,1.826336505261952,0.7236050889940407,1.734977687709939,0.8037182150857182,1.0,0.9948,0.5985,across paths,ff12,vw
rolling120,1959-04,1969-03,120,20000,0.4249410243042573,1.6435278672056044,1.8891865570510789,0.7421407068957807,1.7959193083865366,0.8019399690639172,1.0,0.9961,0.5896,across paths,ff12,vw
rolling120,1959-05,1969-04,120,20000,0.4296339438453789,1.5959311301396069,1.8371347293967455,0.7216649904586836,1.7448579431985065,0.7868223545647302,1.0,0.9957,0.59155,across paths,ff12,vw
rolling120,1959-06,1969-05,120,20000,0.43334283254423944,1.5562091824886215,1.7992487435173279,0.7094191494458142,1.7095527255926906,0.7782878205879286,1.0,0.9947,0.5943,across paths,ff12,vw
rolling120,1959-07,1969-06,120,20000,0.4372035923685307,1.3854544090983811,1.6046410705239804,0.6628824877572669,1.5209107989825252,0.7919728541352417,1.0,0.9871,0.58915,across paths,ff12,vw
rolling120,1959-08,1969-07,120,20000,0.4412177270903579,1.1571260841435915,1.3664354031303665,0.6027835890252335,1.290453605579343,0.7838803601875692,0.99955,0.9664,0.5964,across paths,ff12,vw
rolling120,1959-09,1969-08,120,20000,0.44567702937000675,1.2964081853159035,1.5232596784847678,0.6467289400927569,1.4419443287955853,0.7870697769658991,0.9998,0.98055,0.5985,across paths,ff12,vw
rolling120,1959-10,1969-09,120,20000,0.4501447781398673,1.3481074271842726,1.5827154926368736,0.6662010593882653,1.4995803187984378,0.7912126344288058,0.9998,0.984,0.5977,across paths,ff12,vw
rolling120,1959-11,1969-10,120,20000,0.45448220020808217,1.4424200704497956,1.7028520971759136,0.6997990277001149,1.6160227607318651,0.7990696705441321,0.99985,0.9897,0.60845,across paths,ff12,vw
rolling120,1959-12,1969-11,120,20000,0.458254047126635,1.319172091241943,1.5677889339647784,0.6627783451473828,1.4874819503070646,0.7871669020824179,0.99975,0.98145,0.612,across paths,ff12,vw
rolling120,1960-01,1969-12,120,20000,0.46261398547762145,1.2111095006091723,1.4547141535209644,0.6342076399973297,1.38022541812015,0.7843283732482956,0.9996,0.9713,0.61515,across paths,ff12,vw
rolling120,1960-02,1970-01,120,20000,0.466550054211589,1.1909762057455646,1.4251272355755977,0.6225427429744868,1.3520107492639808,0.7675444191567888,0.99955,0.96765,0.6119,across paths,ff12,vw
rolling120,1960-03,1970-02,120,20000,0.47137567508994005,1.2840575999965584,1.5355743300778242,0.6475757840190022,1.4590159437644523,0.764756601594986,0.9997,0.9781,0.61535,across paths,ff12,vw
rolling120,1960-04,1970-03,120,20000,0.4746014114977106,1.302335613610793,1.5482354615061595,0.6537601678675313,1.467206826577482,0.7835108238580132,0.9997,0.9778,0.60905,across paths,ff12,vw
rolling120,1960-05,1970-04,120,20000,0.47916400694200934,1.092628561883652,1.305243331513329,0.5929898906158966,1.2324861324965535,0.796548639399206,0.99925,0.94825,0.60355,across paths,ff12,vw
rolling120,1960-06,1970-05,120,20000,0.48299947758931094,0.8950847494841501,1.0860383747936315,0.5345952213668289,1.018336610748055,0.8048386918360337,0.99765,0.89105,0.60185,across paths,ff12,vw
rolling120,1960-07,1970-06,120,20000,0.48802960351090263,0.7554352282653216,0.9373800083831196,0.4996648120408652,0.876225455405937,0.803419461114773,0.99345,0.8224,0.60375,across paths,ff12,vw
rolling120,1960-08,1970-07,120,20000,0.4938253844493752,0.9292549194438029,1.1273734140356686,0.5510902865712534,1.059933794914718,0.8077034906470513,0.9977,0.89625,0.60075,across paths,ff12,vw
rolling120,1960-09,1970-08,120,20000,0.4991940291374233,0.9640364853075762,1.157954962073173,0.5592512675010166,1.0902736130947168,0.8046095517940007,0.9981,0.9036,0.59565,across paths,ff12,vw
rolling120,1960-10,1970-09,120,20000,0.5048818659093104,1.1843022593607628,1.4060905919309967,0.6259228061239223,1.3311436182570302,0.7983148559981852,0.99935,0.95515,0.59935,across paths,ff12,vw
rolling120,1960-11,1970-10,120,20000,0.5084856540535752,1.1553274931829294,1.3677806024103607,0.6185426502476183,1.2927393298393741,0.801959950020721,0.99915,0.94695,0.5967,across paths,ff12,vw
rolling120,1960-12,1970-11,120,20000,0.5134571937103982,1.1606736594510805,1.3701141128091532,0.6181234074097,1.296985010556782,0.8081223738768994,0.9992,0.94635,0.5953,across paths,ff12,vw
rolling120,1961-01,1970-12,120,20000,0.5173858964895985,1.1868349288523854,1.4096624601836447,0.6257973191663733,1.3362877437723641,0.8031415787501619,0.99945,0.9524,0.6027,across paths,ff12,vw
rolling120,1961-02,1971-01,120,20000,0.520263462317855,1.1625801566365204,1.3927083779396923,0.622695251047829,1.3174804829524465,0.8009925161540601,0.9993,0.9497,0.6076,across paths,ff12,vw
rolling120,1961-03,1971-02,120,20000,0.5231479246489952,1.1215013512313146,1.3334309895698897,0.6089456536728713,1.2606769158225002,0.7934392881072106,0.9991,0.9368,0.5975,across paths,ff12,vw
rolling120,1961-04,1971-03,120,20000,0.5246680323582258,1.1488715791597044,1.3506302509331962,0.6135152476659158,1.2764246209257104,0.7985488947078194,0.9992,0.9396,0.5878,across paths,ff12,vw
rolling120,1961-05,1971-04,120,20000,0.5263423209032934,1.2124008305045613,1.4224690349755849,0.6351752709234276,1.3480210705734388,0.7961931107774243,0.99935,0.9507,0.5889,across paths,ff12,vw
rolling120,1961-06,1971-05,120,20000,0.5280182807286014,1.0769565215206582,1.2702313234371483,0.5949738196818188,1.1987130870010978,0.7999032913808235,0.99865,0.9186,0.5868,across paths,ff12,vw
rolling120,1961-07,1971-06,120,20000,0.5306107269134701,1.144534596150037,1.3401795641198526,0.6141591183655283,1.2641389314797082,0.8102229224996914,0.99925,0.93335,0.58475,across paths,ff12,vw
rolling120,1961-08,1971-07,120,20000,0.5339720201847913,0.9967218048417634,1.1804692694268701,0.5725805870620613,1.1087671632995835,0.811107413553733,0.9977,0.88995,0.5848,across paths,ff12,vw
rolling120,1961-09,1971-08,120,20000,0.5390270508085278,1.0268543995015311,1.2007681193188628,0.5804821579588335,1.1267119342163792,0.8181290982916085,0.9982,0.8942,0.5746,across paths,ff12,vw
rolling120,1961-10,1971-09,120,20000,0.5420998810986515,1.0576645714588593,1.2212659536136263,0.581787756143693,1.1472096138565464,0.8110477534782269,0.9986,0.90005,0.56885,across paths,ff12,vw
rolling120,1961-11,1971-10,120,20000,0.5448703969045978,0.9211142904687906,1.0766540056678844,0.5422562422404494,1.0093878331221033,0.8018116362310607,0.9967,0.8466,0.56905,across paths,ff12,vw
rolling120,1961-12,1971-11,120,20000,0.548264021341133,0.8349763743856295,0.9783723865846183,0.515693730163022,0.9136839926653132,0.8117510367281033,0.99415,0.7988,0.5655,across paths,ff12,vw
rolling120,1962-01,1971-12,120,20000,0.5510456115581346,1.0011919907816873,1.1607408463379378,0.5609526339838152,1.088798108701164,0.8096451656850137,0.9982,0.8787,0.57095,across paths,ff12,vw
rolling120,1962-02,1972-01,120,20000,0.551819277565496,1.133884912034099,1.3049088000037397,0.5968441960722399,1.229232216721656,0.8114283948118799,0.9994,0.92225,0.56975,across paths,ff12,vw
rolling120,1962-03,1972-02,120,20000,0.5525936384824448,1.157104324369731,1.3256809293171903,0.6042715456165318,1.248974051423236,0.8114704864581065,0.9995,0.92695,0.56575,across paths,ff12,vw
rolling120,1962-04,1972-03,120,20000,0.5536782847368735,1.1867991889636471,1.3614433116195228,0.6161946961376615,1.2824297570393424,0.810273964897856,0.9996,0.9336,0.56865,across paths,ff12,vw
rolling120,1962-05,1972-04,120,20000,0.5547634721239378,1.3491216749542194,1.5420206152140452,0.6598472340373893,1.4593573004058025,0.8074225889992737,0.99995,0.96415,0.5739,across paths,ff12,vw
rolling120,1962-06,1972-05,120,20000,0.55569409670821,1.6058885232430562,1.8171421152597111,0.7282156173279786,1.72588521431756,0.8003479502754568,1.0,0.98605,0.5738,across paths,ff12,vw
rolling120,1962-07,1972-06,120,20000,0.5570914267351932,1.780940576712819,2.0191784163676165,0.7792774223867857,1.9227406812710128,0.7972411211962341,1.0,0.99355,0.58095,across paths,ff12,vw
rolling120,1962-08,1972-07,120,20000,0.5577125861753989,1.597441306445397,1.8123129897741834,0.7264176073545744,1.725041709422132,0.7931199834907946,1.0,0.98605,0.57435,across paths,ff12,vw
rolling120,1962-09,1972-08,120,20000,0.5586450690165692,1.6278919665444067,1.8576710904377565,0.7391932968857889,1.7669886947395224,0.8152874225251063,1.0,0.9875,0.58265,across paths,ff12,vw
rolling120,1962-10,1972-09,120,20000,0.5606670614222389,1.7443613336267512,1.9887828127476321,0.7718730642664512,1.8967354199434214,0.814546702278657,1.0,0.9919,0.58435,across paths,ff12,vw
rolling120,1962-11,1972-10,120,20000,0.5628463292119767,1.7638054664166418,2.006312093829834,0.7776596554017084,1.90811622136886,0.8133805522395087,1.0,0.9921,0.58045,across paths,ff12,vw
rolling120,1962-12,1972-11,120,20000,0.5654978649002604,1.6115461320528839,1.821943201424673,0.7263678004055423,1.7303253073705487,0.799206871576825,1.0,0.98605,0.57125,across paths,ff12,vw
rolling120,1963-01,1972-12,120,20000,0.5676845325754678,1.6050972330701394,1.8115437121909577,0.7233649898891255,1.7238032015249836,0.7962027943582662,1.0,0.9852,0.57025,across paths,ff12,vw
rolling120,1963-02,1973-01,120,20000,0.5706557052556607,1.4064768337049651,1.5891941595687336,0.6734024595319358,1.5004841612642799,0.812881404155402,0.9999,0.966,0.56295,across paths,ff12,vw
rolling120,1963-03,1973-02,120,20000,0.573633103080649,1.3508840948296381,1.5335680037904549,0.659743800709903,1.4438170780919724,0.812636068702285,0.9998,0.9584,0.5634,across paths,ff12,vw
rolling120,1963-04,1973-03,120,20000,0.5772441538010775,1.2564482319553476,1.4361606892029932,0.6336611811449266,1.3520833405917503,0.7947145567021209,0.99955,0.9443,0.56815,across paths,ff12,vw
rolling120,1963-05,1973-04,120,20000,0.5814920931679233,1.0427792126636612,1.2098246948706877,0.5768473294676646,1.135249836147656,0.8040809203077564,0.9984,0.8822,0.56835,across paths,ff12,vw
rolling120,1963-06,1973-05,120,20000,0.5857518982871905,0.9534576902275824,1.1124817092771009,0.5508478448655061,1.042937303083837,0.7998112049648161,0.99735,0.84155,0.5679,across paths,ff12,vw
rolling120,1963-07,1973-06,120,20000,0.590181814794428,0.9675771543430416,1.1235193083265247,0.5549144973085791,1.05584892100453,0.8033742533111746,0.9972,0.8423,0.5692,across paths,ff12,vw
rolling120,1963-08,1973-07,120,20000,0.5960496443693153,1.0818337371943598,1.2505454859548817,0.5938457606996732,1.1799639349205668,0.821660848177042,0.9989,0.8836,0.56915,across paths,ff12,vw
rolling120,1963-09,1973-08,120,20000,0.6032139569874317,0.9148205872912707,1.0586046100703246,0.543895982977767,0.994066631894643,0.8194684099268129,0.99575,0.7968,0.5624,across paths,ff12,vw
rolling120,1963-10,1973-09,120,20000,0.6097694344220068,1.045191350681315,1.204442349312214,0.5868316500909317,1.1300096636659478,0.8147483783364319,0.99805,0.8585,0.5622,across paths,ff12,vw
rolling120,1963-11,1973-10,120,20000,0.6155478469894806,0.9853253002529312,1.1229605576985373,0.565773142853497,1.0536541014324532,0.826277814169668,0.9972,0.8201,0.54905,across paths,ff12,vw
rolling120,1963-12,1973-11,120,20000,0.6202203200684369,0.7530616120732552,0.8738810720148844,0.5052233163884857,0.8079797289381992,0.830848512917229,0.987,0.6633,0.54605,across paths,ff12,vw
rolling120,1964-01,1973-12,120,20000,0.6258746935057085,0.7377832646903217,0.8477327323139021,0.5020980583608706,0.7831823066009308,0.8417864764497949,0.98495,0.6351,0.5378,across paths,ff12,vw
rolling120,1964-02,1974-01,120,20000,0.6312240319788576,0.7027022099028337,0.8302213417500601,0.5007708790991119,0.7655776307297659,0.8483850966183223,0.98285,0.6135,0.5511,across paths,ff12,vw
rolling120,1964-03,1974-02,120,20000,0.636430412292375,0.6744381225368012,0.79698824619499,0.4915475619766483,0.7310462851466628,0.8466644925984338,0.9796,0.5843,0.55025,across paths,ff12,vw
rolling120,1964-04,1974-03,120,20000,0.6405088451811507,0.6089223564367576,0.7328968801771926,0.4744516721021462,0.6697516363472411,0.8475311929072624,0.9722,0.52505,0.55425,across paths,ff12,vw
rolling120,1964-05,1974-04,120,20000,0.6480333647621992,0.5300708971911268,0.6525750276777155,0.45437004836981426,0.5920691401123924,0.8399878196368458,0.9569,0.44795,0.5575,across paths,ff12,vw
rolling120,1964-06,1974-05,120,20000,0.6560877867523598,0.4454933576788407,0.571431272149948,0.43647374330539424,0.5125468055072488,0.8515791622539205,0.9363,0.36865,0.56805,across paths,ff12,vw
rolling120,1964-07,1974-06,120,20000,0.6610411899031643,0.39127134632946214,0.5125234935932835,0.42155088619915265,0.4566184982384043,0.8607944627861835,0.9158,0.31325,0.56635,across paths,ff12,vw
rolling120,1964-08,1974-07,120,20000,0.6676654817871248,0.2631064045860583,0.3697763552690773,0.384760797924653,0.3169288513773716,0.8592696199625738,0.8431,0.19865,0.56265,across paths,ff12,vw
rolling120,1964-09,1974-08,120,20000,0.6729871107676979,0.16560031528019414,0.2716132219991244,0.360134925959837,0.22219464211582451,0.8763338517717127,0.7665,0.13185,0.5693,across paths,ff12,vw
rolling120,1964-10,1974-09,120,20000,0.6818291846479021,0.0076890362847710225,0.1059834012997095,0.3181012735691752,0.061791467270300715,0.8995610363444578,0.5845,0.0512,0.57435,across paths,ff12,vw
rolling120,1964-11,1974-10,120,20000,0.685518509811154,0.164800232050055,0.2729013379014585,0.3732701737660871,0.2217820408252169,0.9272231847392359,0.7559,0.13155,0.56655,across paths,ff12,vw
rolling120,1964-12,1974-11,120,20000,0.6897201214120394,0.11520213680819502,0.2207779541481701,0.3578937716019977,0.17149372275117658,0.9201849391098527,0.70805,0.1019,0.5671,across paths,ff12,vw
rolling120,1965-01,1974-12,120,20000,0.6962896643025855,0.08086257923233742,0.18267378408802812,0.3471631756107672,0.13489925451324336,0.9224141714971719,0.67005,0.08175,0.56805,across paths,ff12,vw
rolling120,1965-02,1975-01,120,20000,0.701364324247647,0.18944856171541602,0.30424943128184967,0.38948796590358653,0.24961635600294585,0.9309762284269615,0.7754,0.14705,0.5671,across paths,ff12,vw
rolling120,1965-03,1975-02,120,20000,0.7035694823947276,0.2514359048661603,0.36856622282733714,0.4125563166594894,0.3108911310243412,0.9426118275852559,0.82035,0.1883,0.5606,across paths,ff12,vw
rolling120,1965-04,1975-03,120,20000,0.7044182117103885,0.30262066970869683,0.4273563804422881,0.4338199738095783,0.36777180091589123,0.9580754448569918,0.8523,0.2272,0.5637,across paths,ff12,vw
rolling120,1965-05,1975-04,120,20000,0.7066271078077102,0.3182390184849373,0.4332734445926677,0.43699894593434674,0.3725560825823174,0.9646928754961934,0.85585,0.23055,0.5534,across paths,ff12,vw
rolling120,1965-06,1975-05,120,20000,0.7088388665956176,0.3991637688410412,0.5187514497359813,0.4642959465309259,0.45452446706780714,0.9714270423810303,0.8941,0.2936,0.5511,across paths,ff12,vw
rolling120,1965-07,1975-06,120,20000,0.7098605938701141,0.5531839053520111,0.6936621115982895,0.5195729574815339,0.6229043275789242,0.9843875620699579,0.94785,0.43045,0.5552,across paths,ff12,vw
rolling120,1965-08,1975-07,120,20000,0.7127583737620284,0.43305066372920686,0.5620753855142575,0.48026667283080177,0.4944563227918951,0.9961008892217375,0.9086,0.3231,0.5564,across paths,ff12,vw
rolling120,1965-09,1975-08,120,20000,0.7153190610546059,0.35768549200970057,0.4708106017444975,0.4522442735017568,0.40722917850544704,0.9963065548169505,0.8713,0.2542,0.5487,across paths,ff12,vw
rolling120,1965-10,1975-09,120,20000,0.7190811006661302,0.26688361263714144,0.38030891881788637,0.4249637166633012,0.32142604588792034,1.0067485314090285,0.82055,0.18965,0.55465,across paths,ff12,vw
rolling120,1965-11,1975-10,120,20000,0.7233655217125519,0.3034460879022498,0.4342440838138178,0.4422433415441976,0.3701266431326288,0.995551386929437,0.85035,0.2256,0.5647,across paths,ff12,vw
rolling120,1965-12,1975-11,120,20000,0.7243959345805413,0.3390465891069159,0.4730333711287477,0.451948359412646,0.41017186652536397,0.9856461315595556,0.87205,0.2543,0.56485,across paths,ff12,vw
rolling120,1966-01,1975-12,120,20000,0.726974020797895,0.3065416097384235,0.43442258819535534,0.44003240192774457,0.37189342113667556,0.9825028891304496,0.85145,0.2248,0.56315,across paths,ff12,vw
rolling120,1966-02,1976-01,120,20000,0.7285224135242527,0.4554175676433361,0.5944290987753408,0.48858336431437943,0.5269599630833072,0.9752056126622128,0.9214,0.34055,0.5611,across paths,ff12,vw
rolling120,1966-03,1976-02,120,20000,0.7283501641556902,0.4775850129443391,0.6149727753091255,0.49521801880603844,0.5452783670922474,0.9543789446288725,0.92765,0.3578,0.5572,across paths,ff12,vw
rolling120,1966-04,1976-03,120,20000,0.7286945256149759,0.550807525591525,0.6968851820576453,0.5210283140387288,0.6257294409008486,0.9531089705014651,0.94675,0.418,0.5591,across paths,ff12,vw
rolling120,1966-05,1976-04,120,20000,0.7300727951191537,0.49723224852902814,0.6429607598820954,0.5050762591187533,0.5717666493488304,0.9542341763909374,0.9341,0.3756,0.56395,across paths,ff12,vw
rolling120,1966-06,1976-05,120,20000,0.7293835917349814,0.565029655603015,0.7040160777707152,0.5234958161147764,0.6287171151850418,0.936831128338099,0.94775,0.42195,0.55305,across paths,ff12,vw
rolling120,1966-07,1976-06,120,20000,0.7302450101409061,0.652819372487963,0.7951351399838094,0.551412250612692,0.7157203999229558,0.939556913579635,0.96325,0.4887,0.5495,across paths,ff12,vw
rolling120,1966-08,1976-07,120,20000,0.7323140624699236,0.6643716958977748,0.8130426361033217,0.5575611394682147,0.7331227875444943,0.93773057861767,0.96655,0.5008,0.55295,across paths,ff12,vw
rolling120,1966-09,1976-08,120,20000,0.7324865865275343,0.7972046483766932,0.9696259314074627,0.6060358619609646,0.8831112363221262,0.9488150204439333,0.98185,0.6068,0.55975,across paths,ff12,vw
rolling120,1966-10,1976-09,120,20000,0.7331768202273459,0.8543736305477247,1.0353874044565519,0.6258600620628225,0.9453008138750482,0.951494766135279,0.9866,0.64975,0.56105,across paths,ff12,vw
rolling120,1966-11,1976-10,120,20000,0.7324866552416902,0.7420196726811568,0.9182593454136447,0.5850671457198356,0.8351604137807193,0.9404587849323132,0.97905,0.57405,0.56655,across paths,ff12,vw
rolling120,1966-12,1976-11,120,20000,0.7324866552416902,0.7245618217660965,0.8820995128429966,0.5716288507292803,0.8002225749179204,0.933138308961804,0.9756,0.54975,0.5557,across paths,ff12,vw
rolling120,1967-01,1976-12,120,20000,0.7324866552416902,0.8192557564736349,0.9872731496152605,0.6033565628591363,0.9004193488942738,0.9188205773838592,0.9848,0.62225,0.5577,across paths,ff12,vw
rolling120,1967-02,1977-01,120,20000,0.7312791070402871,0.6140072483063665,0.7533268983870336,0.532093022113957,0.6773586467961321,0.9218338907564502,0.95825,0.45695,0.55015,across paths,ff12,vw
rolling120,1967-03,1977-02,120,20000,0.7311066001543722,0.5705967893387673,0.7081700880373408,0.5179109508063947,0.6337579376189072,0.9151510397218001,0.9499,0.42405,0.55375,across paths,ff12,vw
rolling120,1967-04,1977-03,120,20000,0.7309341620031466,0.49009580425577814,0.6212981178722192,0.4912857409937001,0.5532448930168904,0.916328299928754,0.929,0.3574,0.5528,across paths,ff12,vw
rolling120,1967-05,1977-04,120,20000,0.7319694097076941,0.4374755896922886,0.5543476465847164,0.46977250660977676,0.48721778575769925,0.9162274100666792,0.91015,0.3045,0.5465,across paths,ff12,vw
rolling120,1967-06,1977-05,120,20000,0.7326599187916005,0.4807450871843275,0.6028373003571545,0.4842574214957849,0.53334724162687,0.9162506376452894,0.92515,0.3416,0.54975,across paths,ff12,vw
rolling120,1967-07,1977-06,120,20000,0.7349063114259171,0.5157846291247106,0.6393659344626696,0.4946737736672471,0.5685427169714069,0.9157296694262624,0.9361,0.3699,0.548,across paths,ff12,vw
rolling120,1967-08,1977-07,120,20000,0.7366356837459189,0.4266293272972612,0.545039205881094,0.4614522482179618,0.4785720141915092,0.903748903391173,0.9093,0.2959,0.5499,across paths,ff12,vw
rolling120,1967-09,1977-08,120,20000,0.7388863331217235,0.41615312360621415,0.5398224011042355,0.461403002646369,0.47300540094396304,0.9100767475735128,0.9072,0.2894,0.554,across paths,ff12,vw
rolling120,1967-10,1977-09,120,20000,0.7407930067326025,0.3715132165963879,0.4963998791450249,0.44741241141847987,0.43227649758264586,0.9027592644028096,0.89195,0.2558,0.5593,across paths,ff12,vw
rolling120,1967-11,1977-10,120,20000,0.7425270370212096,0.35445915234727043,0.4844021279481656,0.44116946162169607,0.4238201817645194,0.8932091288017195,0.8871,0.2459,0.56705,across paths,ff12,vw
rolling120,1967-12,1977-11,120,20000,0.7449578240397723,0.4051522031201211,0.5445249615645211,0.45939820751844496,0.4805846694527316,0.8974970480208522,0.9093,0.2894,0.57165,across paths,ff12,vw
rolling120,1968-01,1977-12,120,20000,0.7477405734850664,0.36954087818130543,0.5037549738394387,0.4467486295415545,0.4428272393946734,0.8968760878487511,0.89415,0.25725,0.56975,across paths,ff12,vw
rolling120,1968-02,1978-01,120,20000,0.7493072732023338,0.3428236752033984,0.4621867154979959,0.4316468794948891,0.40244602104514693,0.9056653156719268,0.87915,0.22395,0.56,across paths,ff12,vw
rolling120,1968-03,1978-02,120,20000,0.7505270312372392,0.37644636836420764,0.49454983081058873,0.44203632857766656,0.4337240889099637,0.9060301788678294,0.8926,0.2474,0.55505,across paths,ff12,vw
rolling120,1968-04,1978-03,120,20000,0.7531428815528955,0.414623974167331,0.5391908109983288,0.45522639602282317,0.4754619536391139,0.9042339913161411,0.91035,0.27975,0.5602,across paths,ff12,vw
rolling120,1968-05,1978-04,120,20000,0.7550630818612778,0.4011821383232552,0.5248794417204871,0.45078064100564724,0.46473373676726015,0.9099526885264165,0.90375,0.26565,0.55985,across paths,ff12,vw
rolling120,1968-06,1978-05,120,20000,0.7561114022685618,0.39490798487607703,0.5160520535473025,0.44756946030226635,0.4561780269501633,0.9012248638938459,0.90125,0.2596,0.5588,across paths,ff12,vw
rolling120,1968-07,1978-06,120,20000,0.7580348539687463,0.36345945125086776,0.4720903271169776,0.43316724223694236,0.4142604783318088,0.9073647576767481,0.8831,0.22465,0.54965,across paths,ff12,vw
rolling120,1968-08,1978-07,120,20000,0.7594345632473838,0.4734675816360743,0.5884842534157114,0.4653916363056492,0.5253203916473764,0.901666139349826,0.92865,0.31195,0.5483,across paths,ff12,vw
rolling120,1968-09,1978-08,120,20000,0.7618874694299633,0.5106770901828435,0.6263093096209814,0.47700217854214894,0.5620373224929365,0.897566529394343,0.93955,0.3391,0.54585,across paths,ff12,vw
rolling120,1968-10,1978-09,120,20000,0.7652207226331067,0.4340443511134615,0.5357283883205981,0.44946284425493244,0.4754173996877148,0.9069999757139602,0.91175,0.26755,0.53785,across paths,ff12,vw
rolling120,1968-11,1978-10,120,20000,0.7694386932965072,0.2621637502909997,0.3508544949210377,0.39714612838647545,0.29652609038319755,0.9037401314744437,0.8159,0.1409,0.53455,across paths,ff12,vw
rolling120,1968-12,1978-11,120,20000,0.7743724000692915,0.23306899780436696,0.31454117966973544,0.3857811094485495,0.26212610281874826,0.8950687441600319,0.789,0.119,0.53205,across paths,ff12,vw
rolling120,1969-01,1978-12,120,20000,0.7805561135017745,0.2988752707441855,0.3836968195003718,0.40600219790745856,0.33003796395491924,0.8893840933219189,0.8366,0.1552,0.5303,across paths,ff12,vw
rolling120,1969-02,1979-01,120,20000,0.7848069189055387,0.37357891494190176,0.4585502200144655,0.42770513048371883,0.40100213297255916,0.8887431830528492,0.8773,0.2001,0.52655,across paths,ff12,vw
rolling120,1969-03,1979-02,120,20000,0.7896038317873273,0.41089495945987875,0.49446738148462566,0.43853183021676223,0.43554646779597406,0.8966494626788746,0.89415,0.2214,0.52285,across paths,ff12,vw
rolling120,1969-04,1979-03,120,20000,0.7958387645080678,0.45686671143607316,0.5430515241988111,0.4530865691065296,0.4826512969589022,0.8895703381983494,0.9138,0.25035,0.52335,across paths,ff12,vw
rolling120,1969-05,1979-04,120,20000,0.800661966203255,0.43886835810330105,0.5129521595622084,0.44439087071012184,0.4533885144573445,0.8920996657321693,0.9016,0.22625,0.5133,across paths,ff12,vw
rolling120,1969-06,1979-05,120,20000,0.806754970467876,0.4134993273846763,0.4873900437131255,0.4365461746277632,0.4280793496997982,0.8857533644307841,0.8907,0.20545,0.51445,across paths,ff12,vw
rolling120,1969-07,1979-06,120,20000,0.8121477322939665,0.5851125654822802,0.6561485626240524,0.4846112106749893,0.5898962527730489,0.8849923099311923,0.94615,0.32365,0.5043,across paths,ff12,vw
rolling120,1969-08,1979-07,120,20000,0.8164739578559934,0.7218800027050114,0.7938007020559092,0.5226835364499555,0.7237335654602267,0.8773034172608973,0.9704,0.42825,0.5015,across paths,ff12,vw
rolling120,1969-09,1979-08,120,20000,0.8213540371457557,0.7402135477475966,0.8050645170880525,0.5236396971658224,0.7362572646983802,0.8668940460022068,0.9737,0.43415,0.4968,across paths,ff12,vw
rolling120,1969-10,1979-09,120,20000,0.8251553127152311,0.782092726828056,0.8328704997926352,0.5311082350160743,0.7631511187287748,0.8758067617797917,0.97755,0.45345,0.4851,across paths,ff12,vw
rolling120,1969-11,1979-10,120,20000,0.8300538408905103,0.5646861846284186,0.598326199024099,0.46274277550503645,0.5394494758520666,0.8756919454619942,0.93275,0.2686,0.47725,across paths,ff12,vw
rolling120,1969-12,1979-11,120,20000,0.8386105988015584,0.7182105011309374,0.7465299517412101,0.5062129612696721,0.6803299638964496,0.8713874258143075,0.9655,0.3765,0.46935,across paths,ff12,vw
rolling120,1970-01,1979-12,120,20000,0.8442740455983437,0.800956685860434,0.8276129133893341,0.5298597149285976,0.7606785084755184,0.8785774898589114,0.97645,0.433,0.46575,across paths,ff12,vw
rolling120,1970-02,1980-01,120,20000,0.84794059439675,1.0696399535888017,1.0564637351030277,0.6017636622728403,0.9777003025361578,0.8942651261130645,0.9913,0.59325,0.4389,across paths,ff12,vw
rolling120,1970-03,1980-02,120,20000,0.8528992900883334,0.9502677550554075,0.8929101668693503,0.5618958323766664,0.8163749819299653,0.9227302655320531,0.9804,0.47555,0.4055,across paths,ff12,vw
rolling120,1970-04,1980-03,120,20000,0.8646906348795886,0.7307621892165912,0.7157175677818762,0.5132393053073118,0.6491451842624886,0.9078269725955084,0.95725,0.3329,0.43495,across paths,ff12,vw
rolling120,1970-05,1980-04,120,20000,0.8787917779891261,1.0343368330630947,1.011348301218955,0.6030636131837516,0.9339422229388908,0.9069579172993504,0.98695,0.5378,0.42925,across paths,ff12,vw
rolling120,1970-06,1980-05,120,20000,0.8840246606891853,1.3046257383637982,1.2864309129915652,0.6812971376407742,1.1958920257898724,0.9013640710939854,0.996,0.6956,0.4342,across paths,ff12,vw
rolling120,1970-07,1980-06,120,20000,0.8845866087884167,1.518845539534774,1.4761980961991334,0.7349621160748325,1.3770927554938783,0.9023913298722297,0.9984,0.78495,0.42095,across paths,ff12,vw
rolling120,1970-08,1980-07,120,20000,0.8847740925338194,1.509467856960184,1.4798555255692103,0.7407833477627385,1.3787857310919005,0.9026584358684715,0.99825,0.7839,0.42585,across paths,ff12,vw
rolling120,1970-09,1980-08,120,20000,0.8868364137332496,1.4463906871765508,1.4177266253730256,0.7229443898222251,1.3193089995525438,0.9088313050426142,0.9976,0.7559,0.4272,across paths,ff12,vw
rolling120,1970-10,1980-09,120,20000,0.890777488398895,1.4048076521958937,1.353903780172903,0.7006692123044223,1.2591234253135284,0.8981561799189185,0.9972,0.72885,0.4143,across paths,ff12,vw
rolling120,1970-11,1980-10,120,20000,0.8999998751131644,1.4978748594302802,1.4201260292551916,0.7206427188764625,1.3213528481746173,0.8945061001570391,0.9979,0.75415,0.40015,across paths,ff12,vw
rolling120,1970-12,1980-11,120,20000,0.9094563745911315,1.628140887501063,1.4719386941762322,0.7458957733815379,1.3702137117762097,0.9082223050199273,0.99785,0.76525,0.3631,across paths,ff12,vw
rolling120,1971-01,1980-12,120,20000,0.9263794593689254,1.3976586751552178,1.298595628842193,0.6970608669859116,1.2046442466171814,0.9028280218279436,0.99615,0.67175,0.3886,across paths,ff12,vw
rolling120,1971-02,1981-01,120,20000,0.9390454331005802,1.187313750037049,1.1287247637257898,0.6503736807626993,1.0404852048885298,0.9172278673315243,0.99155,0.5666,0.4084,across paths,ff12,vw
rolling120,1971-03,1981-02,120,20000,0.9533471735620018,1.1860238067993611,1.143291682411447,0.6546015146193587,1.0538533784556114,0.9226562453352047,0.99245,0.56595,0.41835,across paths,ff12,vw
rolling120,1971-04,1981-03,120,20000,0.9710694659642094,1.1956538676222657,1.1707186382024815,0.6681012924328306,1.0806387154004566,0.9322250151472756,0.9925,0.5681,0.4261,across paths,ff12,vw
rolling120,1971-05,1981-04,120,20000,0.9867939930161773,1.0999137637551426,1.1044926669893862,0.6488502032049999,1.0143042180875639,0.9296998639852572,0.98985,0.51745,0.4448,across paths,ff12,vw
rolling120,1971-06,1981-05,120,20000,1.0038310139952773,1.2085074350272165,1.2306394253695574,0.6889213229836292,1.1317986749123503,0.9288358164788671,0.99385,0.5813,0.4574,across paths,ff12,vw
rolling120,1971-07,1981-06,120,20000,1.0233961668668061,1.1805377058440842,1.1919005923221206,0.6808818609287433,1.0948690196058903,0.9453772683711599,0.9921,0.542,0.44845,across paths,ff12,vw
rolling120,1971-08,1981-07,120,20000,1.0403249794182816,1.266476946049388,1.2526405016724642,0.7039147355594717,1.147791074814642,0.9676334259267088,0.99405,0.56585,0.4337,across paths,ff12,vw
rolling120,1971-09,1981-08,120,20000,1.0567742999450935,1.0490899379878695,1.041071426479609,0.6352638683696183,0.9484662892730927,0.9648491024075171,0.98575,0.43215,0.43735,across paths,ff12,vw
rolling120,1971-10,1981-09,120,20000,1.0746022728548499,0.9366587143780434,0.9567190823361823,0.6146540756854952,0.8678049345565073,0.9764157906615997,0.9786,0.3661,0.4531,across paths,ff12,vw
rolling120,1971-11,1981-10,120,20000,1.0919646909996947,1.1421322496815192,1.1441906561524355,0.6747407324110791,1.04892496913003,0.9765753451363375,0.9897,0.4717,0.4414,across paths,ff12,vw
rolling120,1971-12,1981-11,120,20000,1.1065544616851564,1.2399014725675936,1.2306526947925085,0.7023724165897509,1.1317648873196788,0.9736522071250585,0.99245,0.5149,0.43385,across paths,ff12,vw
rolling120,1972-01,1981-12,120,20000,1.117048406398144,0.996773186582993,1.0075126635343872,0.6327502046510063,0.9171159354529449,0.9755310272075237,0.9828,0.3731,0.44575,across paths,ff12,vw
rolling120,1972-02,1982-01,120,20000,1.1278141326646023,0.895924093177332,0.9293725974551904,0.6102985512845436,0.8420025806314275,0.9811640692960859,0.9756,0.3186,0.46295,across paths,ff12,vw
rolling120,1972-03,1982-02,120,20000,1.1420349353467496,0.7477360773607182,0.7983551747200189,0.5695261985119184,0.7165279837147152,0.9859572979175175,0.95905,0.2369,0.4769,across paths,ff12,vw
rolling120,1972-04,1982-03,120,20000,1.1572024311490456,0.7177669682930805,0.7796378247788223,0.5636001859609414,0.6981845808758685,0.9737602286439557,0.95625,0.2206,0.48695,across paths,ff12,vw
rolling120,1972-05,1982-04,120,20000,1.1752705340722205,0.7824949143045223,0.8501286526058047,0.586725223397706,0.76581695109572,0.9723720810623729,0.96525,0.2515,0.48785,across paths,ff12,vw
rolling120,1972-06,1982-05,120,20000,1.1917531423064665,0.7042398959188725,0.7726956549866544,0.5638280624739499,0.6951019617438478,0.9746653040545733,0.9533,0.20345,0.49265,across paths,ff12,vw
rolling120,1972-07,1982-06,120,20000,1.2063954257379685,0.7045881975530268,0.7890008956049396,0.5702928706871054,0.7080933186201721,0.977315734848327,0.95495,0.20645,0.50285,across paths,ff12,vw
rolling120,1972-08,1982-07,120,20000,1.222672293598063,0.6761526995333502,0.7713398913382985,0.5650231665391093,0.6900830985798792,0.9844814657263223,0.95195,0.18935,0.51165,across paths,ff12,vw
rolling120,1972-09,1982-08,120,20000,1.2330886459561352,0.8125950253064882,0.9141878137228596,0.6079842230272163,0.8237387254592429,0.9886871546139567,0.9737,0.25905,0.50845,across paths,ff12,vw
rolling120,1972-10,1982-09,120,20000,1.236872033137843,0.8604679987571233,0.9612116863882838,0.6221854948449163,0.8702975812883521,0.9812206253167294,0.9777,0.28265,0.50695,across paths,ff12,vw
rolling120,1972-11,1982-10,120,20000,1.241105157503343,1.062700796481714,1.1735502677230505,0.6927116053012018,1.0722002620118296,0.9851256284212659,0.98975,0.40205,0.50675,across paths,ff12,vw
rolling120,1972-12,1982-11,120,20000,1.2469105509570726,1.0693819270028517,1.1877345563203165,0.7008157250059913,1.0857513019312022,0.9735730611658279,0.99025,0.40685,0.51,across paths,ff12,vw
rolling120,1973-01,1982-12,120,20000,1.253626433843265,1.0742997571096002,1.186537097774231,0.7026729307155178,1.0821568777942077,0.9890617876095517,0.9902,0.4014,0.5054,across paths,ff12,vw
rolling120,1973-02,1983-01,120,20000,1.2592358186347905,1.2260777881176201,1.356875336775764,0.7564907584659569,1.244989041872141,0.9943632989192841,0.99575,0.49185,0.5113,across paths,ff12,vw
rolling120,1973-03,1983-02,120,20000,1.263735392063659,1.4040335723722897,1.5401484181400227,0.8166353233935326,1.4190287147565022,1.0042048863823945,0.9974,0.58495,0.508,across paths,ff12,vw
rolling120,1973-04,1983-03,120,20000,1.267566120877623,1.5077978290257121,1.646184293842575,0.8534635379151146,1.5226953471726261,1.0154543275149475,0.998,0.63345,0.50735,across paths,ff12,vw
rolling120,1973-05,1983-04,120,20000,1.2718522088498352,1.8391211820169855,1.9781210122737303,0.9575663657668281,1.8395862102828167,1.0108191896741479,0.99935,0.7586,0.50025,across paths,ff12,vw
rolling120,1973-06,1983-05,120,20000,1.2759207930463625,1.945653717655515,2.072095099538042,0.9884430892142898,1.9314806927566628,1.0126708852375181,0.9995,0.78745,0.49445,across paths,ff12,vw
rolling120,1973-07,1983-06,120,20000,1.2795437890356909,2.0885599016533583,2.2329841335796576,1.0428288863753263,2.081883628433107,1.0330431751784952,0.9996,0.82925,0.49645,across paths,ff12,vw
rolling120,1973-08,1983-07,120,20000,1.2818088365208218,1.8255296299379875,1.959409135809102,0.9488432527989079,1.821983430237654,1.0200552284300044,0.9994,0.75275,0.4983,across paths,ff12,vw
rolling120,1973-09,1983-08,120,20000,1.283168404844469,1.924108182262414,2.071625128472289,0.9895700772472288,1.927457742774069,1.026941626275219,0.9995,0.78525,0.5019,across paths,ff12,vw
rolling120,1973-10,1983-09,120,20000,1.2849826030207456,1.8203691896456276,1.966941503956082,0.9525473049087191,1.832696504955879,1.0443566925157775,0.99925,0.75155,0.5053,across paths,ff12,vw
rolling120,1973-11,1983-10,120,20000,1.2874798517672161,1.7500153599299635,1.917999355446483,0.9361401714239451,1.790424547878881,1.0473133814086666,0.99905,0.7335,0.51805,across paths,ff12,vw
rolling120,1973-12,1983-11,120,20000,1.2906644895878947,2.22276236131232,2.4120667877075097,1.0853489750779381,2.2576797603411034,1.0172327290621763,0.9999,0.8702,0.5144,across paths,ff12,vw
rolling120,1974-01,1983-12,120,20000,1.2927129773071204,2.1504945497922265,2.3429474400224595,1.0565422237339899,2.195456689072377,1.0079969709093992,0.99985,0.8581,0.517,across paths,ff12,vw
rolling120,1974-02,1984-01,120,20000,1.2956748444148412,2.0993817189356396,2.25860956890991,1.03659833217638,2.1120010269997405,1.0305515884281904,0.99975,0.83655,0.50455,across paths,ff12,vw
rolling120,1974-03,1984-02,120,20000,1.298642012139776,1.9699828417367695,2.1120991170790098,0.9923897652604508,1.9705454445131783,1.0409306116459156,0.99965,0.79575,0.5001,across paths,ff12,vw
rolling120,1974-04,1984-03,120,20000,1.302527942351229,2.0805899375411663,2.212557094613441,1.0238570014784845,2.0636151115986148,1.0277672397518989,0.9997,0.82235,0.49225,across paths,ff12,vw
rolling120,1974-05,1984-04,120,20000,1.3038991748727282,2.236442555099811,2.379025225763402,1.0717943248193342,2.224912301606704,1.023866114445595,0.9999,0.8608,0.4954,across paths,ff12,vw
rolling120,1974-06,1984-05,120,20000,1.304585199440928,2.194323313102155,2.321143140538017,1.0484612851433521,2.1664215782876406,1.028191185132612,0.99975,0.85085,0.4895,across paths,ff12,vw
rolling120,1974-07,1984-06,120,20000,1.3080214596786637,2.3511640649729646,2.5216051003286184,1.1174977683924845,2.3650912249428897,1.0448430697235056,0.9999,0.8872,0.50475,across paths,ff12,vw
rolling120,1974-08,1984-07,120,20000,1.3107718328183005,2.548674382273832,2.7558537597921458,1.1820077514332867,2.595219452626478,1.0297480191654544,0.99995,0.92205,0.51735,across paths,ff12,vw
rolling120,1974-09,1984-08,120,20000,1.316054909573253,3.3225273968931317,3.5421262564134035,1.4213474523252512,3.340225022576571,1.0181921868494823,1.0,0.9802,0.5063,across paths,ff12,vw
rolling120,1974-10,1984-09,120,20000,1.3172036323733591,3.858594600461995,4.082481001142792,1.5788951933083324,3.864975674278583,1.027887460491775,1.0,0.99295,0.5019,across paths,ff12,vw
rolling120,1974-11,1984-10,120,20000,1.3285003170799845,3.1728420097948327,3.3901804686335657,1.3396687433223864,3.1994389531939773,0.9880686789390473,1.0,0.97465,0.50915,across paths,ff12,vw
rolling120,1974-12,1984-11,120,20000,1.3329007055845121,3.3010566116997877,3.521156590391219,1.379960996224119,3.3337511760825422,0.9944730297338132,1.0,0.9806,0.5097,across paths,ff12,vw
rolling120,1975-01,1984-12,120,20000,1.3315106952336175,3.531896787651596,3.7607911042856204,1.449701949426114,3.5628833604203174,1.003733392125934,1.0,0.98765,0.50875,across paths,ff12,vw
rolling120,1975-02,1985-01,120,20000,1.3331333413726747,3.3085744339143677,3.4796672624282916,1.3400785593533295,3.298728332568011,0.9960109775629146,1.0,0.9813,0.49725,across paths,ff12,vw
rolling120,1975-03,1985-02,120,20000,1.3366180571070756,3.13824773443233,3.301419335241721,1.2758317961028296,3.130281941795513,0.9750228879578836,1.0,0.9747,0.49715,across paths,ff12,vw
rolling120,1975-04,1985-03,120,20000,1.3415049188936758,3.006556140671411,3.1740993985028445,1.2416034343875175,3.0003346636142894,0.988765990656153,1.0,0.96805,0.4979,across paths,ff12,vw
rolling120,1975-05,1985-04,120,20000,1.348032411698238,2.8189761187978224,2.9985245353753993,1.1845038204229186,2.835381703354639,0.9778733101152547,1.0,0.9564,0.5055,across paths,ff12,vw
rolling120,1975-06,1985-05,120,20000,1.3531754536195209,2.8222296955745323,3.024692177056086,1.188571072227787,2.8588833217324794,0.9626538322207924,1.0,0.9574,0.5144,across paths,ff12,vw
rolling120,1975-07,1985-06,120,20000,1.3564564471809866,2.6966131041356283,2.887496105629614,1.143973502308856,2.726088833076033,0.9561708617991581,1.0,0.94535,0.51235,across paths,ff12,vw
rolling120,1975-08,1985-07,120,20000,1.3597397264664695,2.933656253761709,3.1349298715200495,1.2205412945255039,2.964568172511716,0.9553936516671192,1.0,0.9641,0.51145,across paths,ff12,vw
rolling120,1975-09,1985-08,120,20000,1.3613836534255928,3.0102022070815293,3.225512098092637,1.2471476480945098,3.053713571813178,0.9554767961512884,1.0,0.96975,0.51515,across paths,ff12,vw
rolling120,1975-10,1985-09,120,20000,1.3630279074367313,3.0027041661832756,3.2200237846715494,1.2436247064084984,3.0437774798424777,0.963745309588425,1.0,0.97015,0.5151,across paths,ff12,vw
rolling120,1975-11,1985-10,120,20000,1.3651427892154633,2.956205052805815,3.1283384856371055,1.2115773883258343,2.9639933475255473,0.953310110414266,1.0,0.96485,0.5028,across paths,ff12,vw
rolling120,1975-12,1985-11,120,20000,1.369853759814439,3.1101385115846965,3.2785135851246356,1.2573344070879091,3.1076666921139116,0.9492690016627163,1.0,0.97225,0.49935,across paths,ff12,vw
rolling120,1976-01,1985-12,120,20000,1.3738632655784562,3.344991693122453,3.5315971181351626,1.332479304933604,3.350660078785196,0.946007987388196,1.0,0.98265,0.5013,across paths,ff12,vw
rolling120,1976-02,1986-01,120,20000,1.3759897480498609,2.904782536502607,3.065894540375014,1.1933286765562567,2.9007153420852454,0.9329195887816167,1.0,0.95825,0.498,across paths,ff12,vw
rolling120,1976-03,1986-02,120,20000,1.3804888316867903,3.1771280248905684,3.348760319612969,1.272295792842331,3.1703060151087694,0.9251959510469249,1.0,0.97515,0.49725,across paths,ff12,vw
rolling120,1976-04,1986-03,120,20000,1.3852308413116643,3.2905838970619508,3.4809794703415013,1.3130160814346459,3.297698932521083,0.9270870106828072,1.0,0.98035,0.5021,across paths,ff12,vw
rolling120,1976-05,1986-04,120,20000,1.3876060960829366,3.3040285650907535,3.516044754444325,1.3248116554327831,3.3343467183175663,0.9344083303411788,1.0,0.98165,0.5097,across paths,ff12,vw
rolling120,1976-06,1986-05,120,20000,1.3904606615061703,3.5682767088426672,3.8295748304999413,1.4153156024255635,3.6317909702366666,0.9243517059827554,1.0,0.9895,0.51975,across paths,ff12,vw
rolling120,1976-07,1986-06,120,20000,1.3926028646281017,3.441052235469786,3.7178657764979093,1.3890607899347955,3.5263677087248735,0.924221953435609,1.0,0.98715,0.52565,across paths,ff12,vw
rolling120,1976-08,1986-07,120,20000,1.3937935697463604,3.2033860259063704,3.461002790055098,1.3226020095375157,3.270747739883257,0.9365156761064963,1.0,0.9773,0.5244,across paths,ff12,vw
rolling120,1976-09,1986-08,120,20000,1.3947470824210257,3.4845940244347062,3.742050258119651,1.413072257570492,3.537576241298056,0.9421356955533889,1.0,0.98695,0.5167,across paths,ff12,vw
rolling120,1976-10,1986-09,120,20000,1.3949855080564726,3.0190712886299718,3.271170029805885,1.2821115917859711,3.0893133403916595,0.9640846369089774,1.0,0.9684,0.52355,across paths,ff12,vw
rolling120,1976-11,1986-10,120,20000,1.3961781111378677,3.310688768598939,3.5886424811276885,1.3804725611640414,3.392591079327412,0.96875464162969,1.0,0.98095,0.52465,across paths,ff12,vw
rolling120,1976-12,1986-11,120,20000,1.3959394479793876,3.3449141657295396,3.656959952929782,1.3924754047173502,3.458282729096828,0.9585648604710348,1.0,0.98385,0.5356,across paths,ff12,vw
rolling120,1977-01,1986-12,120,20000,1.398087202464628,2.9835549677876756,3.263815169126336,1.2722443448582572,3.082614574085073,0.9524257542142396,1.0,0.9671,0.5344,across paths,ff12,vw
rolling120,1977-02,1987-01,120,20000,1.399520893498385,3.6675371038533653,4.015699867915507,1.497323882367709,3.7956223138260627,0.9560523613291952,1.0,0.99125,0.53855,across paths,ff12,vw
rolling120,1977-03,1987-02,120,20000,1.4014338149879708,3.9710859044291347,4.328778111642732,1.603804505074836,4.091138989276819,0.9583333475045402,1.0,0.9944,0.53285,across paths,ff12,vw
rolling120,1977-04,1987-03,120,20000,1.4035869236087009,4.125193081310862,4.526185541468187,1.6709023999798531,4.2800922735313325,0.9674146915588737,1.0,0.99575,0.542,across paths,ff12,vw
rolling120,1977-05,1987-04,120,20000,1.4050236163305234,4.014052915019629,4.447287451377043,1.6471731611964449,4.205740926736629,0.957776232323579,1.0,0.99485,0.5518,across paths,ff12,vw
rolling120,1977-06,1987-05,120,20000,1.4052632321137586,4.094663068051797,4.5509651899453,1.6791102734745558,4.311192490820506,0.9601031041828675,1.0,0.9957,0.5572,across paths,ff12,vw
rolling120,1977-07,1987-06,120,20000,1.4071797765218177,4.059283463412551,4.523094619428321,1.6724594672698163,4.275910764116252,0.954980899143724,1.0,0.9958,0.5576,across paths,ff12,vw
rolling120,1977-08,1987-07,120,20000,1.408138621284424,4.344710475376573,4.834828973945199,1.7747062234857922,4.575786852252026,0.9650277678147318,1.0,0.99755,0.55595,across paths,ff12,vw
rolling120,1977-09,1987-08,120,20000,1.4088578980530277,4.632310927588262,5.0964344693633015,1.8472676944848077,4.832810851654958,0.9518093164405698,1.0,0.9984,0.5461,across paths,ff12,vw
rolling120,1977-10,1987-09,120,20000,1.4093376068846628,4.503537045557736,4.9596635182538655,1.808788632477936,4.700240198068931,0.9605369592355467,1.0,0.99785,0.5462,across paths,ff12,vw
rolling120,1977-11,1987-10,120,20000,1.411974955245269,3.4331821300377117,3.8288867254928127,1.5194138271748916,3.6080595231039845,0.9902498405935339,1.0,0.98245,0.5488,across paths,ff12,vw
rolling120,1977-12,1987-11,120,20000,1.4083749926254998,2.9279266355999187,3.2724562671689004,1.3462214280562022,3.0731378336596293,0.9917954004794585,1.0,0.95655,0.54535,across paths,ff12,vw
rolling120,1978-01,1987-12,120,20000,1.4059783611272159,3.1793669571523164,3.5623277248945233,1.4456124662340386,3.3426083591933007,1.0058124487164886,1.0,0.97325,0.54995,across paths,ff12,vw
rolling120,1978-02,1988-01,120,20000,1.4011898680211807,3.6221171237423784,4.038733220677348,1.6125350083259666,3.7915913142069937,1.015112144213678,1.0,0.9864,0.5462,across paths,ff12,vw
rolling120,1978-03,1988-02,120,20000,1.4011898680211816,3.9095123138327503,4.350072438430857,1.7184357020091758,4.0821893977433845,1.0259794727387117,1.0,0.9916,0.54265,across paths,ff12,vw
rolling120,1978-04,1988-03,120,20000,1.3990401904311898,3.662564509306433,4.074586013838391,1.6328252060505433,3.82008289940318,1.0335204894100685,1.0,0.98655,0.54335,across paths,ff12,vw
rolling120,1978-05,1988-04,120,20000,1.3971312664682451,3.345160892678063,3.7282482936241244,1.5158210331016067,3.491169746151663,1.026015416353354,1.0,0.97785,0.54375,across paths,ff12,vw
rolling120,1978-06,1988-05,120,20000,1.3971312664682447,3.258911976943865,3.638350047847553,1.485943681675411,3.410749882952924,1.0288344736681203,1.0,0.9743,0.545,across paths,ff12,vw
rolling120,1978-07,1988-06,120,20000,1.3959391383269733,3.5355150613341486,3.9262838936761617,1.5821612833764251,3.6868554643179476,1.0190509171978817,1.0,0.98255,0.5412,across paths,ff12,vw
rolling120,1978-08,1988-07,120,20000,1.3947478400282818,3.2599850964045,3.639568838285624,1.491256524208432,3.411331897648502,1.0225727089898455,1.0,0.97475,0.5469,across paths,ff12,vw
rolling120,1978-09,1988-08,120,20000,1.395462263608243,2.97173998637368,3.328952680450416,1.3913491268819143,3.121147133280665,1.0137351916620634,1.0,0.95865,0.5458,across paths,ff12,vw
rolling120,1978-10,1988-09,120,20000,1.3954622636082425,3.1619574186712684,3.543805078147456,1.46272749928673,3.320822801249875,1.0122411486444993,1.0,0.97055,0.5483,across paths,ff12,vw
rolling120,1978-11,1988-10,120,20000,1.3937967654114551,3.7709214518830256,4.208239049003109,1.66959824982797,3.9690289578238866,1.0049308408966637,1.0,0.9894,0.5509,across paths,ff12,vw
rolling120,1978-12,1988-11,120,20000,1.3907064617421057,3.535166605938512,3.965584193123834,1.5920771253053754,3.737669759417931,1.0135890427164427,1.0,0.98485,0.55585,across paths,ff12,vw
rolling120,1979-01,1988-12,120,20000,1.3871481568278239,3.5556897406038512,4.000719355756127,1.6015809983298885,3.7677360569626663,1.015608642835935,1.0,0.98605,0.55925,across paths,ff12,vw
rolling120,1979-02,1989-01,120,20000,1.3819365601770133,3.626418136424257,4.090709089416242,1.6311196871059723,3.8550735174943167,1.0203914174797972,1.0,0.9884,0.56205,across paths,ff12,vw
rolling120,1979-03,1989-02,120,20000,1.3790989508528675,3.6840281595288538,4.157339877587149,1.6498631795433414,3.919952793049413,1.017290705459651,1.0,0.98935,0.56375,across paths,ff12,vw
rolling120,1979-04,1989-03,120,20000,1.37579497452989,3.4975116362718834,3.966322357193567,1.5901166878597028,3.7433954416588398,1.0073995387941883,1.0,0.9849,0.565,across paths,ff12,vw
rolling120,1979-05,1989-04,120,20000,1.3727309532333738,3.6890566071803166,4.182192677463843,1.6592078938356745,3.942750657745736,1.0026437829321653,1.0,0.98945,0.56605,across paths,ff12,vw
rolling120,1979-06,1989-05,120,20000,1.3720249233921025,3.948186180381822,4.457573172169862,1.7478755191051794,4.2102995474944045,0.9991294399806503,1.0,0.99425,0.5635,across paths,ff12,vw
rolling120,1979-07,1989-06,120,20000,1.3696719574924971,3.699003751613432,4.21013571356083,1.6668457618028507,3.97030654954787,0.9982148466146357,1.0,0.9903,0.57115,across paths,ff12,vw
rolling120,1979-08,1989-07,120,20000,1.3680258620571055,3.9894539835044975,4.527760061587278,1.7743968650185726,4.261867584608881,1.0037010423631152,1.0,0.99475,0.57075,across paths,ff12,vw
rolling120,1979-09,1989-08,120,20000,1.3673208826399996,3.7951511005046994,4.335580762057066,1.7137719230959718,4.075598495523947,1.0024291693627634,1.0,0.992,0.57475,across paths,ff12,vw
rolling120,1979-10,1989-09,120,20000,1.363094781689139,3.789876434294146,4.331113795386278,1.7107870169681578,4.072212528924609,0.9889934036390172,1.0,0.9921,0.57475,across paths,ff12,vw
rolling120,1979-11,1989-10,120,20000,1.3586436266527468,4.009827642767715,4.58732682191407,1.7885249822233966,4.31676914387069,0.9774249052358736,1.0,0.9954,0.5786,across paths,ff12,vw
rolling120,1979-12,1989-11,120,20000,1.3516370607749781,3.798510178879198,4.371747125143408,1.7151874911585598,4.114789992705239,0.9773862376122683,1.0,0.99335,0.58295,across paths,ff12,vw
rolling120,1980-01,1989-12,120,20000,1.343716737836261,3.754602853189076,4.336945941533561,1.70617961230946,4.083957566200519,0.9808918898133423,1.0,0.9928,0.5832,across paths,ff12,vw
rolling120,1980-02,1990-01,120,20000,1.3383689714701665,3.149430919006119,3.754604245514448,1.5115655785317106,3.525328643429256,0.9788953165897106,1.0,0.98315,0.613,across paths,ff12,vw
rolling120,1980-03,1990-02,120,20000,1.3309522000273035,3.2339517374446354,3.951226544718413,1.5552658723311712,3.7279461394675533,0.9532325404219526,1.0,0.98895,0.6415,across paths,ff12,vw
rolling120,1980-04,1990-03,120,20000,1.3178246162508431,3.912841518921436,4.623338056474736,1.7473922208342858,4.3747045178020825,0.9511906709595184,1.0,0.99705,0.61595,across paths,ff12,vw
rolling120,1980-05,1990-04,120,20000,1.304777410727803,3.544880382441055,4.211793834425366,1.6130355185785752,3.97695061623747,0.9453918087202676,1.0,0.99425,0.62085,across paths,ff12,vw
rolling120,1980-06,1990-05,120,20000,1.3018052743981277,3.675138102461995,4.339655202768775,1.6551636322410408,4.091989888792202,0.9551112564831995,1.0,0.9956,0.61465,across paths,ff12,vw
rolling120,1980-07,1990-06,120,20000,1.302262844276747,3.4923568560581817,4.161062707953834,1.6002557716250911,3.926051089177768,0.948439739587787,1.0,0.9935,0.6206,across paths,ff12,vw
rolling120,1980-08,1990-07,120,20000,1.305698032047975,3.1456932944826894,3.731631269078102,1.4656604801472708,3.5110270360324014,0.9533489349329876,1.0,0.98665,0.6128,across paths,ff12,vw
rolling120,1980-09,1990-08,120,20000,1.306156239129066,2.6658957992231933,3.1754943317653117,1.3024436817166898,2.973931984888811,0.9503743344205335,1.0,0.96345,0.60775,across paths,ff12,vw
rolling120,1980-10,1990-09,120,20000,1.3027227558946302,2.3649746849485096,2.857422065368082,1.2121806500884027,2.6726126019485754,0.963843069199762,1.0,0.936,0.61405,across paths,ff12,vw
rolling120,1980-11,1990-10,120,20000,1.296563913456874,2.2584067054173413,2.7924650485353313,1.198881081143714,2.613126087284754,0.9715041168034926,1.0,0.9298,0.6325,across paths,ff12,vw
rolling120,1980-12,1990-11,120,20000,1.2876924799560006,2.151129205347524,2.772119832923351,1.184018870136484,2.5938583949465377,0.9747366651212873,1.0,0.9302,0.66925,across paths,ff12,vw
rolling120,1981-01,1990-12,120,20000,1.2716598902731584,2.3531788941984093,2.9197661116798983,1.2262698466124387,2.7369320711834,0.9761493847701803,1.0,0.94835,0.64115,across paths,ff12,vw
rolling120,1981-02,1991-01,120,20000,1.2599688457072236,2.6756402527465575,3.220721746635659,1.3274099720680828,3.0150275854736863,0.9973031601827398,1.0,0.97005,0.61835,across paths,ff12,vw
rolling120,1981-03,1991-02,120,20000,1.2467761909237347,2.892173347887706,3.446770311953676,1.3993128144797824,3.230194232553005,1.0017729132653328,1.0,0.9806,0.611,across paths,ff12,vw
rolling120,1981-04,1991-03,120,20000,1.2296828437543716,2.826116248734002,3.3242602034818285,1.3586502576149408,3.1124737610066653,1.0119161172358426,1.0,0.9788,0.59695,across paths,ff12,vw
rolling120,1981-05,1991-04,120,20000,1.2175506161716165,2.877559178483461,3.323052630839736,1.3543058655289002,3.113975788774617,1.0037878625840144,1.0,0.9795,0.57815,across paths,ff12,vw
rolling120,1981-06,1991-05,120,20000,1.2026427128696224,2.9866729586836773,3.4340442479321123,1.3953290889713006,3.2224460245494684,0.9999278807712368,1.0,0.9839,0.5749,across paths,ff12,vw
rolling120,1981-07,1991-06,120,20000,1.1824309938467437,2.844536249824434,3.291885786815783,1.345419149091907,3.0917793805478393,0.9942614658352252,1.0,0.98075,0.57955,across paths,ff12,vw
rolling120,1981-08,1991-07,120,20000,1.1662632415217233,3.0389034150277148,3.5358247603486577,1.4145051921523586,3.3212581851366045,0.9881593204003493,1.0,0.98925,0.58905,across paths,ff12,vw
rolling120,1981-09,1991-08,120,20000,1.1487243803640634,3.4039729789576567,3.9082688706708955,1.5289662913100828,3.6812508536990727,0.9839126156139854,1.0,0.9957,0.58065,across paths,ff12,vw
rolling120,1981-10,1991-09,120,20000,1.1321696093577032,3.6296736675124253,4.077430078512639,1.5690498742002938,3.8479981602269495,0.9769367344001739,1.0,0.9973,0.561,across paths,ff12,vw
rolling120,1981-11,1991-10,120,20000,1.11552684686988,3.436861478589358,3.87567317409174,1.4999915872759755,3.6565990159490824,0.9695624783268934,1.0,0.99635,0.5648,across paths,ff12,vw
rolling120,1981-12,1991-11,120,20000,1.1012935604755838,3.085208247587924,3.4980056548675806,1.391040615394942,3.2927692998020226,0.9753949402374955,1.0,0.99285,0.56465,across paths,ff12,vw
rolling120,1982-01,1991-12,120,20000,1.091086027565571,3.6729505695105376,4.078071478601693,1.5787119170209913,3.849804820332954,0.979703701363437,1.0,0.9979,0.5465,across paths,ff12,vw
rolling120,1982-02,1992-01,120,20000,1.0815433730746964,3.777357992299641,4.179728292343941,1.6228674958267841,3.944949331714646,0.9867253062583412,1.0,0.9984,0.54355,across paths,ff12,vw
rolling120,1982-03,1992-02,120,20000,1.0683429394761248,4.093972292231132,4.511811664792364,1.7320872209548002,4.255888113502413,1.0087740508658292,1.0,0.99925,0.53985,across paths,ff12,vw
rolling120,1982-04,1992-03,120,20000,1.0552340121512618,4.018456567447149,4.405978010304141,1.6954588266982604,4.156549059503353,1.0137686401092574,1.0,0.9992,0.5348,across paths,ff12,vw
rolling120,1982-05,1992-04,120,20000,1.0387726302681162,3.8761299272282805,4.302546536922772,1.67380262229953,4.0513591749736655,1.0279568702902302,1.0,0.99885,0.54575,across paths,ff12,vw
rolling120,1982-06,1992-05,120,20000,1.0230370014178378,4.049327170602495,4.482031616579015,1.728646636296702,4.225115492397393,1.0297450862294015,1.0,0.99945,0.5442,across paths,ff12,vw
rolling120,1982-07,1992-06,120,20000,1.0102126781124956,4.055001731174277,4.461634679149365,1.7222146273227787,4.205932493763099,1.0256377760197808,1.0,0.9995,0.5385,across paths,ff12,vw
rolling120,1982-08,1992-07,120,20000,0.9954916748289402,4.377364641777523,4.7697761805840315,1.813207595599083,4.500655293614132,1.0309857615998375,1.0,0.9998,0.5307,across paths,ff12,vw
rolling120,1982-09,1992-08,120,20000,0.9855894731872723,3.6998522291024525,4.017385222112598,1.5857957669915208,3.782870631698334,1.0355791741735798,1.0,0.99865,0.52235,across paths,ff12,vw
rolling120,1982-10,1992-09,120,20000,0.9806506873122669,3.6827736067810255,3.9990131632118007,1.5792873032759556,3.7619590463768238,1.0312307783297705,1.0,0.99875,0.52215,across paths,ff12,vw
rolling120,1982-11,1992-10,120,20000,0.9735621671071533,3.2374727650958866,3.5091525985159495,1.417512062736828,3.293684610884822,1.0306868516358758,1.0,0.99535,0.51705,across paths,ff12,vw
rolling120,1982-12,1992-11,120,20000,0.9657173408441817,3.199648964894668,3.4407096782499518,1.3916211262672094,3.235633640553737,1.0324160757286167,1.0,0.9948,0.51185,across paths,ff12,vw
rolling120,1983-01,1992-12,120,20000,0.958102065559298,3.2237109662740906,3.479525447941938,1.400668509332681,3.268932931705985,1.0162458392833351,1.0,0.99525,0.51415,across paths,ff12,vw
rolling120,1983-02,1993-01,120,20000,0.9491565203198775,3.097339867168076,3.3561413793651425,1.366423497017021,3.149475776734568,1.0357456112598582,1.0,0.9943,0.51645,across paths,ff12,vw
rolling120,1983-03,1993-02,120,20000,0.9414079354646998,2.9834035681779345,3.249077687380755,1.3440059395895723,3.0364319039668897,1.0298523439405858,1.0,0.9924,0.51895,across paths,ff12,vw
rolling120,1983-04,1993-03,120,20000,0.9340767716420169,2.949900463921217,3.217513991555931,1.3291364719128846,3.0137304393607525,1.0352883304410094,1.0,0.99305,0.5212,across paths,ff12,vw
rolling120,1983-05,1993-04,120,20000,0.9250506959526934,2.575401192963613,2.8527759344264343,1.2201431464538561,2.6644369412427347,1.040211143029753,1.0,0.98355,0.5335,across paths,ff12,vw
rolling120,1983-06,1993-05,120,20000,0.9160649592648615,2.642881590973106,2.940114898770317,1.2473148181427456,2.7542431261661995,1.0417521689352178,1.0,0.9869,0.54025,across paths,ff12,vw
rolling120,1983-07,1993-06,120,20000,0.9080710456571208,2.530863157628166,2.8056700909321397,1.2018054846528312,2.6281088891693454,1.0281027850981235,1.0,0.98335,0.5329,across paths,ff12,vw
rolling120,1983-08,1993-07,120,20000,0.898600770465255,2.6484612065272426,2.9281387287180114,1.242137203835482,2.739219787628717,1.0287510335425885,1.0,0.98755,0.53055,across paths,ff12,vw
rolling120,1983-09,1993-08,120,20000,0.8889909412380093,2.783468099368017,3.065520533569596,1.2777581987178672,2.8733147187773955,1.0298235472523634,1.0,0.99155,0.5308,across paths,ff12,vw
rolling120,1983-10,1993-09,120,20000,0.8796172267618383,2.726165376383885,2.98590833550744,1.2510317399779611,2.798537523375069,1.03579678014942,1.0,0.9907,0.52615,across paths,ff12,vw
rolling120,1983-11,1993-10,120,20000,0.869543851390149,2.8911686926503433,3.1836609527975965,1.3166955771385318,2.9871472364080462,1.0375654741794413,1.0,0.9946,0.5311,across paths,ff12,vw
rolling120,1983-12,1993-11,120,20000,0.8611893853213748,2.7213296003007756,3.0211851215100194,1.266495361264309,2.8272074774016613,1.0453684883251806,1.0,0.9917,0.53615,across paths,ff12,vw
rolling120,1984-01,1993-12,120,20000,0.8519508794873567,2.8311343944891174,3.1545059475074035,1.308049051458307,2.953628398990307,1.0487316680726804,1.0,0.9947,0.54115,across paths,ff12,vw
rolling120,1984-02,1994-01,120,20000,0.8425771701926115,2.9970313512719318,3.345486692728608,1.357186015141668,3.139739344911101,1.0484722923050378,1.0,0.99665,0.546,across paths,ff12,vw
rolling120,1984-03,1994-02,120,20000,0.8334292346837613,3.0686896160643817,3.4245689003899358,1.378534149382746,3.21759753060617,1.025029938300945,1.0,0.99745,0.5481,across paths,ff12,vw
rolling120,1984-04,1994-03,120,20000,0.8250565805791796,2.8319045624563732,3.1749192466996385,1.299353463599991,2.9801213381083214,1.0300919176172785,1.0,0.9956,0.5517,across paths,ff12,vw
rolling120,1984-05,1994-04,120,20000,0.8152804616077209,2.8567374434693003,3.2011311606696187,1.3070137549110206,3.0063101315290535,1.0318101345647819,1.0,0.9961,0.54965,across paths,ff12,vw
rolling120,1984-06,1994-05,120,20000,0.8069947996476148,3.104903038460469,3.444257046363341,1.38491355869946,3.235185676760744,1.0298272317853832,1.0,0.9982,0.5423,across paths,ff12,vw
rolling120,1984-07,1994-06,120,20000,0.799103209455605,2.8931739328300483,3.175801865364815,1.292137718891064,2.9797112891875592,1.0173899780197524,1.0,0.9963,0.53185,across paths,ff12,vw
rolling120,1984-08,1994-07,120,20000,0.7894670684805403,3.091602777520672,3.3733268860304175,1.3485812597552205,3.1691811069949654,1.013844742601631,1.0,0.99815,0.52545,across paths,ff12,vw
rolling120,1984-09,1994-08,120,20000,0.7813032794147756,2.844486174125862,3.1168070667863534,1.2745618370451488,2.924207986354082,1.0128769428342355,1.0,0.9963,0.52675,across paths,ff12,vw
rolling120,1984-10,1994-09,120,20000,0.7726493174188085,2.768795211073414,3.0338010971323794,1.2453182054756773,2.8430622868244892,1.0099525577945216,1.0,0.996,0.5273,across paths,ff12,vw
rolling120,1984-11,1994-10,120,20000,0.7617677077475249,2.8278707749850067,3.0872265475913903,1.2638458085251703,2.895254204998287,1.0143746903252666,1.0,0.99665,0.52325,across paths,ff12,vw
rolling120,1984-12,1994-11,120,20000,0.7554713077198361,2.7265265810636166,2.978901055793201,1.2319329055720019,2.790600980224643,1.0277872127739858,1.0,0.9958,0.52465,across paths,ff12,vw
rolling120,1985-01,1994-12,120,20000,0.7519826922434458,2.683617707472135,2.932148808013851,1.2182292682900715,2.7450483204802647,1.027564495858683,1.0,0.9954,0.5246,across paths,ff12,vw
rolling120,1985-02,1995-01,120,20000,0.7479791550430881,2.4665752352955397,2.6920243517128233,1.1461831941080312,2.5203771405129456,1.0285334378808069,0.9999,0.99115,0.5221,across paths,ff12,vw
rolling120,1985-03,1995-02,120,20000,0.7448509362331084,2.5425129835736255,2.7639631214223663,1.1678495089395415,2.589884824177859,1.0286578398867294,1.0,0.993,0.52025,across paths,ff12,vw
rolling120,1985-04,1995-03,120,20000,0.7420763770023662,2.644042065976878,2.8505962426419735,1.1864515030621576,2.6727265966687312,1.023163800270236,1.0,0.9938,0.51015,across paths,ff12,vw
rolling120,1985-05,1995-04,120,20000,0.7372334323482694,2.7459554316953554,2.96410654701701,1.2219721735501743,2.7778346319251828,1.0243202643443983,1.0,0.99555,0.5126,across paths,ff12,vw
rolling120,1985-06,1995-05,120,20000,0.7351624209049774,2.6648219980570103,2.8613879330871512,1.1891607602100451,2.681044194980905,1.025589116962846,1.0,0.99475,0.5056,across paths,ff12,vw
rolling120,1985-07,1995-06,120,20000,0.7337818839216617,2.7141326063592914,2.882497059723473,1.1972487372943872,2.6999407859380407,1.0120309724128371,1.0,0.9944,0.4949,across paths,ff12,vw
rolling120,1985-08,1995-07,120,20000,0.7308526161789994,2.8725130358196584,3.029304311898025,1.2364592034120059,2.8446935424646074,0.9996422636320953,1.0,0.99605,0.4887,across paths,ff12,vw
rolling120,1985-09,1995-08,120,20000,0.7294755081800504,2.930091087788848,3.076256930880748,1.2523287573790678,2.8893490377722824,0.9961545553169098,1.0,0.9964,0.4859,across paths,ff12,vw
rolling120,1985-10,1995-09,120,20000,0.7265529352537028,3.245021896155735,3.391416092664444,1.3488483247545673,3.1947271779403756,0.9883203596404414,1.0,0.99825,0.4833,across paths,ff12,vw
rolling120,1985-11,1995-10,120,20000,0.7234652101832042,3.014212774424955,3.1511275852907827,1.276049260491857,2.9630115758971325,0.9820338430683467,1.0,0.9969,0.4813,across paths,ff12,vw
rolling120,1985-12,1995-11,120,20000,0.720210480137137,2.9133606929529905,3.0464921498821798,1.2423298677569403,2.8627067346491444,0.9827124046937297,1.0,0.996,0.4832,across paths,ff12,vw
rolling120,1986-01,1995-12,120,20000,0.7174759180226615,2.80104765287972,2.950340466851958,1.2131366600166742,2.7764682247342294,0.9823606894337877,1.0,0.995,0.49,across paths,ff12,vw
rolling120,1986-02,1996-01,120,20000,0.7152556329257751,2.856630604428597,3.0251219080780727,1.2315901378838854,2.8456383012010105,0.9784056779093172,1.0,0.99575,0.4962,across paths,ff12,vw
rolling120,1986-03,1996-02,120,20000,0.7128669351379546,2.6435076166293014,2.793731490487121,1.159366794897319,2.620946415947218,0.9669607785152969,1.0,0.99365,0.49125,across paths,ff12,vw
rolling120,1986-04,1996-03,120,20000,0.70929136797713,2.4922559498599304,2.6520345904307008,1.116325591276136,2.477709226765066,0.9688179840039419,1.0,0.991,0.4943,across paths,ff12,vw
rolling120,1986-05,1996-04,120,20000,0.7082710985573268,2.6076791614232153,2.74155104169329,1.145449267767493,2.566946093118643,0.9727408918117333,1.0,0.9926,0.48555,across paths,ff12,vw
rolling120,1986-06,1996-05,120,20000,0.7070811395872898,2.5277068234333364,2.640217240820446,1.1130064986471664,2.472918033974902,0.9829624655115171,1.0,0.9914,0.47985,across paths,ff12,vw
rolling120,1986-07,1996-06,120,20000,0.7050432393012722,2.4474843115005656,2.5600193749195315,1.0855827891195362,2.392143779724945,0.9711502276613053,1.0,0.98975,0.4785,across paths,ff12,vw
rolling120,1986-08,1996-07,120,20000,0.7038558832850459,2.4621404250577994,2.5684468941974172,1.080644060404268,2.4151744821389203,0.9613595860458408,1.0,0.9907,0.4795,across paths,ff12,vw
rolling120,1986-09,1996-08,120,20000,0.7030078562676834,2.353268084647178,2.444810239488395,1.0390809228086528,2.296280962731334,0.9530899041905236,1.0,0.98735,0.476,across paths,ff12,vw
rolling120,1986-10,1996-09,120,20000,0.70283831840245,2.849359019443119,2.9063699721990393,1.1741171624677282,2.7362339511202602,0.9489653060274548,1.0,0.996,0.4603,across paths,ff12,vw
rolling120,1986-11,1996-10,120,20000,0.7021603019507663,2.7098151767782466,2.7558006284529206,1.130630894995306,2.595771757094959,0.9478698172383306,1.0,0.99405,0.455,across paths,ff12,vw
rolling120,1986-12,1996-11,120,20000,0.7024994114839773,2.896109558440015,2.9003751086307,1.1760498498132406,2.7287038158583115,0.9510461498228182,1.0,0.9956,0.43945,across paths,ff12,vw
rolling120,1987-01,1996-12,120,20000,0.7019911521313602,2.9574182864500242,2.9741420015469378,1.2002437356184683,2.797426326357677,0.9543777004027615,1.0,0.99655,0.4435,across paths,ff12,vw
rolling120,1987-02,1997-01,120,20000,0.7024996139374147,2.695857726363935,2.6773173387550355,1.1062628125440976,2.513238110393025,0.9473512712143238,1.0,0.993,0.43205,across paths,ff12,vw
rolling120,1987-03,1997-02,120,20000,0.7018215298534007,2.5230717053813647,2.5181268497841214,1.0552814422382555,2.361156488230276,0.9518989503001661,1.0,0.9894,0.43455,across paths,ff12,vw
rolling120,1987-04,1997-03,120,20000,0.7011439856989854,2.2922259687603908,2.299074933014405,0.9891387753052411,2.154468463901993,0.9435287456726216,0.99985,0.9827,0.44055,across paths,ff12,vw
rolling120,1987-05,1997-04,120,20000,0.7009746165247821,2.497090462190117,2.467660540562165,1.0391430693700576,2.318343309643776,0.9379433068835463,0.99995,0.98815,0.42655,across paths,ff12,vw
rolling120,1987-06,1997-05,120,20000,0.7028386054450622,2.7312970380736825,2.670331504942383,1.0982453394433684,2.513325649678033,0.9330096483542607,1.0,0.9928,0.4157,across paths,ff12,vw
rolling120,1987-07,1997-06,120,20000,0.7009744310163302,2.7341565434194597,2.6520361924597604,1.0931339642170106,2.4962456076921873,0.9332089048188245,1.0,0.99265,0.4087,across paths,ff12,vw
rolling120,1987-08,1997-07,120,20000,0.7004664752833969,2.8573156854075985,2.7272495286065817,1.1194622842805853,2.5672263631772307,0.9436394050212659,1.0,0.9939,0.3906,across paths,ff12,vw
rolling120,1987-09,1997-08,120,20000,0.6994509682811378,2.5724403660121733,2.4762819104801084,1.0471715402117667,2.327056446928021,0.947671538018572,0.99995,0.989,0.4025,across paths,ff12,vw
rolling120,1987-10,1997-09,120,20000,0.699281784511274,2.8611703475709396,2.748378477074896,1.1283373555323983,2.5831412811892602,0.9453885916727314,1.0,0.99455,0.39775,across paths,ff12,vw
rolling120,1987-11,1997-10,120,20000,0.6962413200857072,3.819355108930428,3.6747636050411945,1.3519813793045732,3.490338488789206,0.8774877141554304,1.0,0.99945,0.40125,across paths,ff12,vw
rolling120,1987-12,1997-11,120,20000,0.6969174501584867,4.380979923979133,4.231325404056529,1.5225283754098045,4.027292134980257,0.8882281683964824,1.0,0.99985,0.4025,across paths,ff12,vw
rolling120,1988-01,1997-12,120,20000,0.6984387428222412,4.109948382243405,3.9776118325234946,1.4486805236165907,3.7809267903394472,0.8736638001650288,1.0,0.99985,0.40545,across paths,ff12,vw
rolling120,1988-02,1998-01,120,20000,0.7008096813404898,3.9182641941247978,3.7667944255487806,1.3833806171247565,3.5671538677911285,0.8643736827554841,1.0,0.99975,0.39725,across paths,ff12,vw
rolling120,1988-03,1998-02,120,20000,0.6996245660936864,4.020620923053174,3.84993770035989,1.406803035598226,3.647895926116818,0.8618538800567882,1.0,0.9998,0.39285,across paths,ff12,vw
rolling120,1988-04,1998-03,120,20000,0.6987784766043923,4.377045121807305,4.214143455310073,1.513018836427479,4.004482450939026,0.8695091276865591,1.0,0.9999,0.39815,across paths,ff12,vw
rolling120,1988-05,1998-04,120,20000,0.6982711766412415,4.384496238476148,4.202524505049345,1.5143417631337948,3.9932276297204763,0.8729044236511665,1.0,0.99995,0.3947,across paths,ff12,vw
rolling120,1988-06,1998-05,120,20000,0.6964125573055484,4.228182550786945,4.114982043081882,1.502166636697887,3.896731373636242,0.8956419799877302,1.0,0.9999,0.4097,across paths,ff12,vw
rolling120,1988-07,1998-06,120,20000,0.6950620447711231,4.14524282570084,4.003883870401021,1.4715650814235306,3.786862997512012,0.9063266698385574,1.0,0.99985,0.4023,across paths,ff12,vw
rolling120,1988-08,1998-07,120,20000,0.6932069375686081,4.078892726800004,3.894861434739473,1.4449323253927595,3.6768519530264387,0.9089796655225606,1.0,0.99965,0.38905,across paths,ff12,vw
rolling120,1988-09,1998-08,120,20000,0.6905136965902705,3.4053964667699868,3.3395703417510085,1.3139801170827605,3.139882055601532,0.9466799905090072,1.0,0.9988,0.4157,across paths,ff12,vw
rolling120,1988-10,1998-09,120,20000,0.6878255412389052,3.520692131059553,3.414908219606293,1.3525449938930458,3.208570399774204,0.9521842202834987,1.0,0.99905,0.40755,across paths,ff12,vw
rolling120,1988-11,1998-10,120,20000,0.6829605237758372,3.7663384657825496,3.6405571653207627,1.4297182360662368,3.420982884623328,0.9664976704215863,1.0,0.99935,0.40205,across paths,ff12,vw
rolling120,1988-12,1998-11,120,20000,0.6786096265283306,4.15811888087434,3.964670639086262,1.5364561169347397,3.723420271572375,0.9631199753655749,1.0,0.9997,0.3859,across paths,ff12,vw
rolling120,1989-01,1998-12,120,20000,0.6744393750463467,4.381396576040966,4.10151925659641,1.5970931928275136,3.859104228916317,0.9760842610987215,1.0,0.99975,0.36725,across paths,ff12,vw
rolling120,1989-02,1999-01,120,20000,0.6711088143799195,4.240577813640344,3.8560776050984256,1.544852378828583,3.6137771339587954,1.0072349580753077,1.0,0.99945,0.3416,across paths,ff12,vw
rolling120,1989-03,1999-02,120,20000,0.6667902745554608,4.128180789989385,3.797333500761399,1.5345636475023297,3.5575946197028907,1.0140411517555874,1.0,0.99955,0.3504,across paths,ff12,vw
rolling120,1989-04,1999-03,120,20000,0.6628166015059591,4.211945088886903,3.8481314982387347,1.5631427902224526,3.603851985953858,1.0354028524077719,1.0,0.9996,0.34355,across paths,ff12,vw
rolling120,1989-05,1999-04,120,20000,0.6578613518739753,4.196560371903898,3.915577035438012,1.6002471564798586,3.6574234148594353,1.035434169889913,1.0,0.99955,0.3657,across paths,ff12,vw
rolling120,1989-06,1999-05,120,20000,0.6504594508089561,3.8874731354084124,3.6510759811371987,1.5188508313376017,3.409028847251801,1.0350370304968326,1.0,0.99915,0.3736,across paths,ff12,vw
rolling120,1989-07,1999-06,120,20000,0.6453790970233264,4.1722232808502975,3.827401802703778,1.5878681001302315,3.573973111547759,1.041825680614069,1.0,0.99945,0.3511,across paths,ff12,vw
rolling120,1989-08,1999-07,120,20000,0.6401504842025967,3.645316218776281,3.3527324637286364,1.4313429737727092,3.1237814872336283,1.0383092430629437,0.99995,0.9982,0.356,across paths,ff12,vw
rolling120,1989-09,1999-08,120,20000,0.6344521253632986,3.502096623110771,3.1839784809264393,1.382843067901695,2.961633909008288,1.0582457289852252,0.99995,0.99755,0.348,across paths,ff12,vw
rolling120,1989-10,1999-09,120,20000,0.6302299936932101,3.3997864886182114,3.0612524870377826,1.3477277632190645,2.843255876237448,1.0509820620859278,0.99995,0.99615,0.3415,across paths,ff12,vw
rolling120,1989-11,1999-10,120,20000,0.6255342577161436,3.828292953808793,3.4165127905933463,1.4740176115169954,3.179960024558374,1.0669976234843945,0.99995,0.99855,0.3274,across paths,ff12,vw
rolling120,1989-12,1999-11,120,20000,0.6202067544382974,3.9251151068194083,3.3944324906128633,1.4783218254165043,3.158987139428477,1.0627699746160801,1.0,0.99815,0.3039,across paths,ff12,vw
rolling120,1990-01,1999-12,120,20000,0.6174691026317722,4.23042482608486,3.498942414654698,1.5464254064008747,3.24935918746622,1.0931475633676233,1.0,0.9987,0.2662,across paths,ff12,vw
rolling120,1990-02,2000-01,120,20000,0.6148958197798176,4.393928458677789,3.668461319771806,1.6194306444634738,3.405257445695008,1.1145108496172194,1.0,0.9991,0.27465,across paths,ff12,vw
rolling120,1990-03,2000-02,120,20000,0.612647779461938,4.457579890976083,3.4246643404389214,1.5603752695967217,3.169799847672859,1.1145724545887612,0.99995,0.99795,0.2169,across paths,ff12,vw
rolling120,1990-04,2000-03,120,20000,0.609923712266901,4.628545358430297,3.642074057137185,1.6498865934904936,3.356062283320535,1.11748002457017,1.0,0.99865,0.23265,across paths,ff12,vw
rolling120,1990-05,2000-04,120,20000,0.6062462621346005,4.440021184296086,3.734017307731937,1.7030161980608307,3.44008345670328,1.1335360802244896,1.0,0.99855,0.28275,across paths,ff12,vw
rolling120,1990-06,2000-05,120,20000,0.6033745465288767,3.791865420426146,3.304003048993893,1.581612616829098,3.0320810684426593,1.1699517132380752,1.0,0.99555,0.31285,across paths,ff12,vw
rolling120,1990-07,2000-06,120,20000,0.5997098725181285,4.058561566991956,3.3252261449567637,1.6160688958816751,3.04569070927502,1.2116853484114953,0.9999,0.9959,0.2669,across paths,ff12,vw
rolling120,1990-08,2000-07,120,20000,0.5965320618853946,4.018617468771126,3.3522171662151705,1.6264878422994735,3.0741628384796456,1.1994371998281987,0.99995,0.9957,0.2803,across paths,ff12,vw
rolling120,1990-09,2000-08,120,20000,0.593994359422632,4.9603704044285335,4.090468647826909,1.9129511073928014,3.759576106696834,1.2036809867149365,1.0,0.99845,0.26545,across paths,ff12,vw
rolling120,1990-10,2000-09,120,20000,0.5925683207312995,4.996956443528637,4.350067978912633,2.0225445601896563,3.9991844334136926,1.1865706439752985,1.0,0.99895,0.3074,across paths,ff12,vw
rolling120,1990-11,2000-10,120,20000,0.5906701463323343,4.937448370273695,4.425479011714471,2.05310273438901,4.075188661760777,1.193904747385927,1.0,0.99915,0.3308,across paths,ff12,vw
rolling120,1990-12,2000-11,120,20000,0.589721153503658,3.9873011422959275,3.8027714141725446,1.852517900989246,3.4820511434647425,1.189807735642975,0.99995,0.99775,0.3849,across paths,ff12,vw
rolling120,1991-01,2000-12,120,20000,0.5881409137884455,3.9205198927678016,3.826570416544025,1.881272511990511,3.4958688397191455,1.224171256090816,0.99995,0.99795,0.40255,across paths,ff12,vw
rolling120,1991-02,2001-01,120,20000,0.588456898848889,3.854108541682063,3.680231204487756,1.8577764104715035,3.349393284208048,1.268548937612851,1.0,0.99605,0.38185,across paths,ff12,vw
rolling120,1991-03,2001-02,120,20000,0.5868760301199389,3.0732674537101756,3.1645970116102675,1.685569517216267,2.8630570909576,1.273563645459189,0.9999,0.98695,0.44525,across paths,ff12,vw
rolling120,1991-04,2001-03,120,20000,0.5865600452473538,2.6809537212626293,2.8462226712547127,1.5641514216924248,2.5637183823210528,1.2989237357435766,0.99955,0.9789,0.46795,across paths,ff12,vw
rolling120,1991-05,2001-04,120,20000,0.5843505713954229,2.977265906106414,3.110949927612228,1.6820236582785297,2.806054487822939,1.30694763085066,0.99985,0.9858,0.4543,across paths,ff12,vw
rolling120,1991-06,2001-05,120,20000,0.581985162957986,2.8577149382190314,2.969250242171386,1.6178233985951678,2.6760515030803695,1.290205053956193,0.99975,0.98315,0.45245,across paths,ff12,vw
rolling120,1991-07,2001-06,120,20000,0.5797796468972998,2.973268611483657,3.059460588048626,1.6576465776466442,2.760522025556492,1.2968702457727648,0.99985,0.9851,0.44435,across paths,ff12,vw
rolling120,1991-08,2001-07,120,20000,0.5767927016001513,2.7243939615138975,2.8562598251778453,1.5815313272544185,2.577913900035914,1.310206126404695,0.9997,0.9797,0.4571,across paths,ff12,vw
rolling120,1991-09,2001-08,120,20000,0.574438342599155,2.4029756462908147,2.596929468414886,1.4875010033602216,2.324253684314394,1.330700579570908,0.99915,0.97,0.47655,across paths,ff12,vw
rolling120,1991-10,2001-09,120,20000,0.5716173302393313,2.13347732212315,2.320715139026203,1.3916941132440148,2.073334045895404,1.3536659565195517,0.99705,0.951,0.47885,across paths,ff12,vw
rolling120,1991-11,2001-10,120,20000,0.5684872419496692,2.1639771997055113,2.3414987458660854,1.4092078920296702,2.0937153713950893,1.3654547126979937,0.99685,0.951,0.47715,across paths,ff12,vw
rolling120,1991-12,2001-11,120,20000,0.5650499753570908,2.5425755734305393,2.716701050100401,1.5750959868018548,2.4247152038164854,1.3535779277855073,0.9988,0.97185,0.46715,across paths,ff12,vw
rolling120,1992-01,2001-12,120,20000,0.5614639871688849,2.2409645810688814,2.4378315248402593,1.4541535213179781,2.168382189725239,1.352038756163448,0.9978,0.95845,0.4763,across paths,ff12,vw
rolling120,1992-02,2002-01,120,20000,0.5583516411709399,2.206849164426051,2.382403824499233,1.4255326806807969,2.117611057630893,1.3389373332905787,0.9977,0.9565,0.47045,across paths,ff12,vw
rolling120,1992-03,2002-02,120,20000,0.5560206405110313,2.0951662762016636,2.3293696206519066,1.4091788199138668,2.0688114191733815,1.3423999883218904,0.9973,0.95225,0.49205,across paths,ff12,vw
rolling120,1992-04,2002-03,120,20000,0.5527640695073701,2.306812409122402,2.558556428877358,1.5089581329962545,2.2855029934245974,1.3441888932015498,0.9985,0.96605,0.4934,across paths,ff12,vw
rolling120,1992-05,2002-04,120,20000,0.5501327906814506,2.0958364078698435,2.336987513727043,1.419912409219995,2.0789999926424603,1.3240935266435494,0.997,0.95155,0.49495,across paths,ff12,vw
rolling120,1992-06,2002-05,120,20000,0.5479686643282855,2.040432694068236,2.288659868338392,1.4013328990726486,2.034206613855604,1.3298080180943328,0.9962,0.94805,0.49785,across paths,ff12,vw
rolling120,1992-07,2002-06,120,20000,0.54503690549433,1.8825002273593139,2.1357702929955793,1.3426173611768986,1.8920355808998595,1.3270975062403088,0.99455,0.93415,0.5029,across paths,ff12,vw
rolling120,1992-08,2002-07,120,20000,0.5425724861455208,1.5465916121429775,1.7521055097286227,1.1816871183254194,1.533025066770112,1.3207380648410338,0.98675,0.884,0.4956,across paths,ff12,vw
rolling120,1992-09,2002-08,120,20000,0.5407261995074051,1.6183998758282518,1.8431647871164114,1.216869642582383,1.6189074949040343,1.3152160967125728,0.98925,0.89995,0.50015,across paths,ff12,vw
rolling120,1992-10,2002-09,120,20000,0.5388821226677791,1.3177162035424042,1.53335352299316,1.0862302998688675,1.3363362021992398,1.3168032728976702,0.9783,0.8416,0.5074,across paths,ff12,vw
rolling120,1992-11,2002-10,120,20000,0.5375003069335667,1.4717727966272478,1.664706917663338,1.1532568828269607,1.4487285392172917,1.3164757467497659,0.9832,0.86785,0.4909,across paths,ff12,vw
rolling120,1992-12,2002-11,120,20000,0.535812937545532,1.512270367598147,1.7062441031685764,1.1760615116311517,1.4815558363967762,1.3436088982947305,0.9842,0.87475,0.4889,across paths,ff12,vw
rolling120,1993-01,2002-12,120,20000,0.5332093456091269,1.328186908779935,1.5411570622984125,1.1103484530911398,1.33228330484544,1.3576333661924072,0.97685,0.8407,0.5017,across paths,ff12,vw
rolling120,1993-02,2003-01,120,20000,0.5312207472360928,1.244642835244239,1.4238504486228012,1.0538609666269352,1.2272366917655666,1.3396347453229887,0.9707,0.8154,0.49235,across paths,ff12,vw
rolling120,1993-03,2003-02,120,20000,0.5292345299427312,1.1969939490665409,1.3522518501394865,1.0171510566449184,1.1627239706035202,1.3275750102181325,0.96695,0.79905,0.48405,across paths,ff12,vw
rolling120,1993-04,2003-03,120,20000,0.5269463984764828,1.1674350951159527,1.3238928197311808,1.0065664032627555,1.1386559080685692,1.3332217721684396,0.9648,0.7906,0.4861,across paths,ff12,vw
rolling120,1993-05,2003-04,120,20000,0.5248137917747004,1.414753288395465,1.5624586823799456,1.1091196404004826,1.3565833184700937,1.3292530168965397,0.9783,0.85115,0.47655,across paths,ff12,vw
rolling120,1993-06,2003-05,120,20000,0.5228358852397701,1.4857134519473827,1.6363735014113967,1.13987809007137,1.4273771655711494,1.3185315263277146,0.9818,0.86655,0.47505,across paths,ff12,vw
rolling120,1993-07,2003-06,120,20000,0.5205573278054962,1.5096929849994853,1.6641979209928401,1.1493122974994,1.454022001490765,1.3079262376127412,0.983,0.87365,0.47795,across paths,ff12,vw
rolling120,1993-08,2003-07,120,20000,0.5179785693684757,1.5724981147542287,1.7131105005810867,1.1710016308980045,1.4990724684484824,1.3049817563599768,0.9848,0.88265,0.471,across paths,ff12,vw
rolling120,1993-09,2003-08,120,20000,0.5152530218125024,1.5336520818585462,1.6956994688706912,1.1655174880088814,1.4833477449164143,1.3103764489959597,0.98415,0.88065,0.4783,across paths,ff12,vw
rolling120,1993-10,2003-09,120,20000,0.5125326393675969,1.500760652795074,1.6560918274200376,1.1518994817666777,1.4442293151693264,1.3206864708057957,0.9828,0.8731,0.47635,across paths,ff12,vw
rolling120,1993-11,2003-10,120,20000,0.5102688208093737,1.6117251406355493,1.7419558139586173,1.1868197401740483,1.525027534261955,1.3185614525472185,0.9857,0.8897,0.4651,across paths,ff12,vw
rolling120,1993-12,2003-11,120,20000,0.5075571161934567,1.6924289872256293,1.8198585388098891,1.2164120551729571,1.590852389078193,1.3020504331982532,0.9879,0.9033,0.46415,across paths,ff12,vw
rolling120,1994-01,2003-12,120,20000,0.5053009696562023,1.7582333470429803,1.9259399339899603,1.2673735130119903,1.6904240873620293,1.3056013031561033,0.98995,0.9173,0.47645,across paths,ff12,vw
rolling120,1994-02,2004-01,120,20000,0.5025981848727796,1.7341603252010613,1.8665140005598215,1.2390081846326637,1.6380104668674111,1.2951158925960586,0.9888,0.90965,0.4635,across paths,ff12,vw
rolling120,1994-03,2004-02,120,20000,0.5003490108608952,1.840547886492931,1.9924700844817347,1.2931187240952193,1.756612196791021,1.3074550812487635,0.99145,0.9266,0.4707,across paths,ff12,vw
rolling120,1994-04,2004-03,120,20000,0.4976556547029716,1.9384260028163678,2.1116700744851076,1.34406540784883,1.867043188603526,1.2984849822771547,0.99315,0.94,0.47525,across paths,ff12,vw
rolling120,1994-05,2004-04,120,20000,0.4948177712443744,1.8604172689129719,2.0583949183670955,1.3228835550492652,1.8138662037826212,1.303306454780872,0.9924,0.93445,0.48455,across paths,ff12,vw
rolling120,1994-06,2004-05,120,20000,0.49094364225191445,1.8700559395911736,2.0586843205006886,1.3225944672939933,1.8129076232333445,1.3067343605101072,0.99265,0.93475,0.4793,across paths,ff12,vw
rolling120,1994-07,2004-06,120,20000,0.48752506945042007,2.007554250257306,2.2265127650034673,1.398687986666794,1.9674268164562994,1.3140382482766348,0.99455,0.9492,0.48755,across paths,ff12,vw
rolling120,1994-08,2004-07,120,20000,0.4848550005184191,1.8021887611999703,2.026407482241885,1.3143292446406099,1.784264110291345,1.3215040242977805,0.9919,0.9321,0.49425,across paths,ff12,vw
rolling120,1994-09,2004-08,120,20000,0.4810086091650789,1.6891777957372622,1.9188506027866992,1.2688489046830682,1.683084459178894,1.3441819158772494,0.99035,0.9204,0.4978,across paths,ff12,vw
rolling120,1994-10,2004-09,120,20000,0.47717218156337604,1.788421588382473,2.032356124768359,1.3196863867621937,1.7866736703887551,1.3538841317669374,0.99205,0.93355,0.4996,across paths,ff12,vw
rolling120,1994-11,2004-10,120,20000,0.4731989150857703,1.7829395838835396,2.0168435996342042,1.3132493941737216,1.7758803570022224,1.3563997818767806,0.9919,0.9326,0.49755,across paths,ff12,vw
rolling120,1994-12,2004-11,120,20000,0.46996982510550844,2.0238542208940107,2.2860928611750704,1.4292813346604745,2.0216216656129697,1.3557539177461493,0.99525,0.956,0.49925,across paths,ff12,vw
rolling120,1995-01,2004-12,120,20000,0.4658719402884084,2.0919133287285447,2.3530926648003123,1.4591833471503948,2.085717350877163,1.359458806393636,0.99595,0.96,0.49755,across paths,ff12,vw
rolling120,1995-02,2005-01,120,20000,0.4620766136156844,1.9464222006598288,2.228965992979233,1.40226670391537,1.9681280701884214,1.3479344796813195,0.99475,0.9521,0.50785,across paths,ff12,vw
rolling120,1995-03,2005-02,120,20000,0.45858160975843587,1.8900598034733131,2.1936234362141587,1.3974857208456852,1.9338867287082961,1.3725649585142816,0.99425,0.9492,0.5149,across paths,ff12,vw
rolling120,1995-04,2005-03,120,20000,0.45495185261689075,1.7667430773241333,2.0576889991698213,1.3381206752037298,1.8072838600784094,1.3660067259913549,0.9925,0.93915,0.51275,across paths,ff12,vw
rolling120,1995-05,2005-04,120,20000,0.45162012296633414,1.6331947766634367,1.893602455162318,1.2700228531051212,1.6499873876447801,1.3607839982351497,0.98875,0.92135,0.5066,across paths,ff12,vw
rolling120,1995-06,2005-05,120,20000,0.4472886525377491,1.6446500903670191,1.9001025053165292,1.2758969315972712,1.657072893272417,1.3695246811247068,0.98825,0.92295,0.50385,across paths,ff12,vw
rolling120,1995-07,2005-06,120,20000,0.4438314088171458,1.5836532184310421,1.8538755632447326,1.2547004608314691,1.6114322710606055,1.3739497232132654,0.9871,0.9194,0.5109,across paths,ff12,vw
rolling120,1995-08,2005-07,120,20000,0.4408129459415695,1.5836532184310421,1.87263123311219,1.2608297612941852,1.6281706600151982,1.3680771598239838,0.98765,0.9226,0.51885,across paths,ff12,vw
rolling120,1995-09,2005-08,120,20000,0.4383750221751712,1.5345479503713735,1.826995262655097,1.2408943731607582,1.5922649768612969,1.3695927495524378,0.98705,0.91675,0.5217,across paths,ff12,vw
rolling120,1995-10,2005-09,120,20000,0.43636991908740286,1.460799662384849,1.7429724844388983,1.2043605355474696,1.5133107638998253,1.375911592069379,0.985,0.90515,0.5224,across paths,ff12,vw
rolling120,1995-11,2005-10,120,20000,0.43351061796450585,1.4426470375511689,1.702706679946971,1.1888899564626125,1.481990442278674,1.3670409323124117,0.9833,0.90045,0.51525,across paths,ff12,vw
rolling120,1995-12,2005-11,120,20000,0.43194035140429765,1.431882354304633,1.6687646787457875,1.174812919081877,1.4483617912080908,1.3778850010795862,0.98175,0.8961,0.507,across paths,ff12,vw
rolling120,1996-01,2005-12,120,20000,0.42951792270752476,1.3971514431085166,1.6179901058629982,1.1511079676705158,1.4038460534340036,1.3775401267186917,0.97965,0.8887,0.50285,across paths,ff12,vw
rolling120,1996-02,2006-01,120,20000,0.42837920485611947,1.4132585080198519,1.650934567045961,1.1690003467354522,1.4306632897401523,1.3785867296657268,0.98095,0.89405,0.50755,across paths,ff12,vw
rolling120,1996-03,2006-02,120,20000,0.4276677897725176,1.3734013089098105,1.6141761215879191,1.1536517692332282,1.3989741499438488,1.3807554989303128,0.9794,0.88715,0.5102,across paths,ff12,vw
rolling120,1996-04,2006-03,120,20000,0.4273833654693455,1.3900641678965204,1.6095601560610837,1.1505142715230543,1.3975987412543622,1.381922174099961,0.9794,0.88545,0.5035,across paths,ff12,vw
rolling120,1996-05,2006-04,120,20000,0.4259625180022244,1.3567263629795092,1.5884072413952297,1.138846110439339,1.3766806551391528,1.3902549949740863,0.97835,0.88355,0.5074,across paths,ff12,vw
rolling120,1996-06,2006-05,120,20000,0.426104517854645,1.2212111576359694,1.4758665334701058,1.0896079150801588,1.2718947505651197,1.3978119795741009,0.9726,0.8617,0.52165,across paths,ff12,vw
rolling120,1996-07,2006-06,120,20000,0.426104517854645,1.2386640104913744,1.500164649996336,1.0984354247297008,1.293647679533291,1.391585646851081,0.97445,0.86835,0.52375,across paths,ff12,vw
rolling120,1996-08,2006-07,120,20000,0.42539465995626013,1.3604412674913293,1.645821477984059,1.1660093442761263,1.4314898982271334,1.4045249406855815,0.9806,0.89515,0.52645,across paths,ff12,vw
rolling120,1996-09,2006-08,120,20000,0.4255366173967494,1.3437411112084376,1.6331638324173015,1.1620185125785287,1.4174913935244886,1.405451133192044,0.98015,0.89175,0.5269,across paths,ff12,vw
rolling120,1996-10,2006-09,120,20000,0.42511082987661886,1.2726176256146302,1.5643069652753911,1.1315498783503786,1.348245049236519,1.4013190204574484,0.97705,0.8803,0.5313,across paths,ff12,vw
rolling120,1996-11,2006-10,120,20000,0.424968914836799,1.3251196025515264,1.629429596043393,1.1586215231930144,1.409974145450275,1.4022335578450915,0.97985,0.89265,0.5349,across paths,ff12,vw
rolling120,1996-12,2006-11,120,20000,0.42511082987661886,1.2261505138998854,1.537661991272238,1.1176105039181916,1.3240122412997928,1.396487672375523,0.9765,0.87635,0.54115,across paths,ff12,vw
rolling120,1997-01,2006-12,120,20000,0.42425967867422365,1.2822776380352723,1.5900411078493129,1.141021257780325,1.372052127920098,1.4034876848262638,0.9788,0.88545,0.53535,across paths,ff12,vw
rolling120,1997-02,2007-01,120,20000,0.42411789075200623,1.2045489906531763,1.5266506097746064,1.1125271920047362,1.3135378648305118,1.4101993831757822,0.97575,0.8758,0.5452,across paths,ff12,vw
rolling120,1997-03,2007-02,120,20000,0.42397603221124003,1.1716716210598106,1.499058338232762,1.0992570555472998,1.2873616485898531,1.41422547531265,0.97435,0.8706,0.5489,across paths,ff12,vw
rolling120,1997-04,2007-03,120,20000,0.42397603221124003,1.30209483024829,1.637361957461056,1.1567338936258376,1.411451220160669,1.4054809702860798,0.9822,0.8953,0.5453,across paths,ff12,vw
rolling120,1997-05,2007-04,120,20000,0.42411782012642596,1.2901954217258997,1.6454074106652603,1.1575221798971196,1.4189832869857995,1.4002406751786547,0.9827,0.8977,0.55365,across paths,ff12,vw
rolling120,1997-06,2007-05,120,20000,0.4229840811911081,1.213727415665662,1.5693104568165568,1.1232472837716598,1.3534459680301714,1.3861895230399124,0.97945,0.884,0.55725,across paths,ff12,vw
rolling120,1997-07,2007-06,120,20000,0.4234094027257871,1.085951247230092,1.4350268771475096,1.0650021746321083,1.2302184366379514,1.3887883360289364,0.97135,0.8582,0.5625,across paths,ff12,vw
rolling120,1997-08,2007-07,120,20000,0.4229842082412525,0.8718188841860515,1.213274266200526,0.9651065423993034,1.0287255193547755,1.3846190738304711,0.9555,0.8031,0.57735,across paths,ff12,vw
rolling120,1997-09,2007-08,120,20000,0.4231259256208202,0.9699674187633487,1.3095629974168697,1.006258450330662,1.1179215419458788,1.385425954364255,0.9643,0.8292,0.56615,across paths,ff12,vw
rolling120,1997-10,2007-09,120,20000,0.4214256556977367,0.9282513380483743,1.2642505619541706,0.9851015544063012,1.0758817409310717,1.3662230431151516,0.9609,0.81915,0.5686,across paths,ff12,vw
rolling120,1997-11,2007-10,120,20000,0.4200101750607148,1.0378156088606865,1.3743836260926474,1.030563695315685,1.1794903202372664,1.3447119097699278,0.9684,0.8472,0.5637,across paths,ff12,vw
rolling120,1997-12,2007-11,120,20000,0.41930292823580184,0.8832743593591592,1.205860103835243,0.9562317148532598,1.0245176108155225,1.3387118578075996,0.955,0.8029,0.56655,across paths,ff12,vw
rolling120,1998-01,2007-12,120,20000,0.416336630316519,0.8386943455485742,1.1511176897969821,0.9333395234494056,0.9703094896025464,1.3373653503864256,0.94925,0.78755,0.5671,across paths,ff12,vw
rolling120,1998-02,2008-01,120,20000,0.41323403090728217,0.7162122207208221,1.022625622720207,0.8779470777969367,0.8475053910206412,1.3281573598506817,0.9313,0.7442,0.5727,across paths,ff12,vw
rolling120,1998-03,2008-02,120,20000,0.409573896949359,0.5503745475586359,0.8478127561093268,0.8053668714815828,0.688428615362642,1.3318222260301968,0.89605,0.66915,0.58155,across paths,ff12,vw
rolling120,1998-04,2008-03,120,20000,0.4064848815361817,0.4630876495886209,0.7421320948279588,0.7595488308080102,0.5911197736594437,1.3322505765421466,0.86835,0.61905,0.58085,across paths,ff12,vw
rolling120,1998-05,2008-04,120,20000,0.40298372430842044,0.5154389127250332,0.8064522745836512,0.7890097186571341,0.6467565128194119,1.339051491357137,0.8863,0.652,0.5801,across paths,ff12,vw
rolling120,1998-06,2008-05,120,20000,0.39990945718344184,0.5889298370860949,0.8766392829050397,0.8175261831238403,0.7120489933205086,1.323916642231597,0.9037,0.68895,0.57025,across paths,ff12,vw
rolling120,1998-07,2008-06,120,20000,0.3965633933479267,0.4070311124930346,0.6736188685478489,0.738568106232244,0.5265579067377846,1.3374942407616588,0.8423,0.5849,0.57805,across paths,ff12,vw
rolling120,1998-08,2008-07,120,20000,0.39308589485851475,0.4274228677465557,0.7096329724446294,0.7601066720620843,0.5592582246445137,1.342085360492605,0.8525,0.6052,0.58245,across paths,ff12,vw
rolling120,1998-09,2008-08,120,20000,0.38892453103836555,0.7197417484607116,1.0178402699416063,0.8841119471909542,0.8458535171422291,1.3184902706438295,0.92685,0.75065,0.5648,across paths,ff12,vw
rolling120,1998-10,2008-09,120,20000,0.3846385803652428,0.46415893821127563,0.7312129161577909,0.7560055671919544,0.5791614947913805,1.3118697378664639,0.8649,0.62725,0.5741,across paths,ff12,vw
rolling120,1998-11,2008-10,120,20000,0.38132604787633073,0.13093655917008862,0.32855516127612744,0.5864342957790162,0.2128245560111831,1.3303347902344493,0.677,0.3802,0.56855,across paths,ff12,vw
rolling120,1998-12,2008-11,120,20000,0.37747028779851877,-0.018855658527848762,0.1780316457299398,0.5212367262368639,0.0761692146448506,1.3325321689579201,0.57125,0.2818,0.5884,across paths,ff12,vw
rolling120,1999-01,2008-12,120,20000,0.37225571607742447,-0.0626953944276647,0.13821064280106127,0.5018123967264535,0.041814854650895295,1.3315486671024743,0.5399,0.25755,0.5998,across paths,ff12,vw
rolling120,1999-02,2009-01,120,20000,0.3674695725734174,-0.17030081577431055,0.029572787465288974,0.4532521398961823,-0.057893644393526345,1.2968249465234862,0.44215,0.1919,0.61755,across paths,ff12,vw
rolling120,1999-03,2009-02,120,20000,0.36283639215812147,-0.2254589624352058,-0.04993401207793235,0.41921153101958364,-0.13213845106254923,1.319181042225333,0.36765,0.1444,0.60785,across paths,ff12,vw
rolling120,1999-04,2009-03,120,20000,0.3572726868829563,-0.18729468457617637,-0.0007388777716512196,0.43944904384366185,-0.086325040367626,1.326061792273984,0.41395,0.1747,0.6112,across paths,ff12,vw
rolling120,1999-05,2009-04,120,20000,0.3524045174371271,-0.1448393500773857,0.05862951430546709,0.4768218832878862,-0.03362897007189203,1.4294788610426792,0.4677,0.21565,0.6112,across paths,ff12,vw
rolling120,1999-06,2009-05,120,20000,0.3478219228992694,-0.08079840643279246,0.12487882228098092,0.508172937543386,0.025047362628530023,1.429122136434432,0.5229,0.26115,0.5987,across paths,ff12,vw
rolling120,1999-07,2009-06,120,20000,0.3425863596529477,-0.12222671824707976,0.09510995858086888,0.4933283854045452,-0.0001551172979783466,1.422033784960405,0.4998,0.24345,0.61775,across paths,ff12,vw
rolling120,1999-08,2009-07,120,20000,0.3376375954262929,-0.023840735794435353,0.22518835265855383,0.5534965185110944,0.11613861018573457,1.4382102514592099,0.60185,0.33885,0.6219,across paths,ff12,vw
rolling120,1999-09,2009-08,120,20000,0.33257431934040804,0.018746701302797986,0.2766056772666561,0.5753229251588924,0.16370619974751532,1.4291970418869198,0.6379,0.3783,0.6233,across paths,ff12,vw
rolling120,1999-10,2009-09,120,20000,0.32753020895740814,0.0862665861361227,0.37627778573951415,0.618339587203506,0.2561649277508945,1.433783151725756,0.7024,0.4491,0.6334,across paths,ff12,vw
rolling120,1999-11,2009-10,120,20000,0.32237295443511105,-0.005649848321864548,0.27511021305305977,0.5720009537392035,0.16670005064226734,1.454103839334723,0.63765,0.38335,0.643,across paths,ff12,vw
rolling120,1999-12,2009-11,120,20000,0.31762948827731297,0.01217313791810204,0.33952801019272555,0.5967521924393567,0.2274014659549669,1.4329526346480974,0.68195,0.43475,0.6709,across paths,ff12,vw
rolling120,2000-01,2009-12,120,20000,0.31198850181814075,-0.037358739043847344,0.3244314705343397,0.5845682505016593,0.21570406715639923,1.4366289145692996,0.6722,0.42925,0.70315,across paths,ff12,vw
rolling120,2000-02,2010-01,120,20000,0.30663131343306493,-0.027497879466789943,0.3295924708937186,0.58414684128421,0.22289075846105377,1.4296322457159651,0.67775,0.4372,0.7015,across paths,ff12,vw
rolling120,2000-03,2010-02,120,20000,0.3010368549567508,-0.02277194827555129,0.42580063123931167,0.6171380877399388,0.3123756431141498,1.397842445665786,0.741,0.50855,0.7595,across paths,ff12,vw
rolling120,2000-04,2010-03,120,20000,0.29508008225564497,-0.016946307921781645,0.40564231821398006,0.6024512626921337,0.29737599167933293,1.3583183237751975,0.7317,0.50185,0.74475,across paths,ff12,vw
rolling120,2000-05,2010-04,120,20000,0.2892789072903348,0.06592406284658492,0.44992448317300804,0.6165367548898188,0.34073714213503037,1.3284462369631818,0.75585,0.53665,0.709,across paths,ff12,vw
rolling120,2000-06,2010-05,120,20000,0.28299287082692914,0.021561392454467976,0.3498945643717416,0.5661138292177663,0.24967022454272936,1.3120511323964015,0.7042,0.4742,0.6859,across paths,ff12,vw
rolling120,2000-07,2010-06,120,20000,0.27800913357969326,-0.08178080017772626,0.27875692713570244,0.5324328218519843,0.1850473710352507,1.3112164642499875,0.6613,0.42795,0.73505,across paths,ff12,vw
rolling120,2000-08,2010-07,120,20000,0.2720311848059822,0.0018895820101600957,0.38687805760405386,0.574661864829065,0.2851412241852036,1.3132649638128493,0.73215,0.51035,0.7301,across paths,ff12,vw
rolling120,2000-09,2010-08,120,20000,0.2658292417158834,-0.1127132437940338,0.2590348982028594,0.5186427147841493,0.1676209365150737,1.274549421760803,0.64875,0.42,0.75235,across paths,ff12,vw
rolling120,2000-10,2010-09,120,20000,0.25953221036718266,0.022521689385985644,0.38554458031107086,0.5632333953223617,0.28623234944097575,1.2698848369359645,0.73695,0.52235,0.7165,across paths,ff12,vw
rolling120,2000-11,2010-10,120,20000,0.25264336076791927,0.08631164955426729,0.43856308470859984,0.5816219939647352,0.3373754657081901,1.2489275839953027,0.7688,0.56505,0.6992,across paths,ff12,vw
rolling120,2000-12,2010-11,120,20000,0.24641192429011682,0.2168238720093454,0.5359532643725125,0.6097890896457285,0.42915266677115305,1.2695109158147193,0.82315,0.64015,0.66355,across paths,ff12,vw
rolling120,2001-01,2010-12,120,20000,0.2403348910274088,0.2784549001451455,0.582406622953736,0.6214296818847751,0.4752691870532867,1.2477508285683345,0.8463,0.6748,0.6463,across paths,ff12,vw
rolling120,2001-02,2011-01,120,20000,0.23379642382784094,0.25628302597363395,0.5711607812615812,0.59944768468135,0.4716237763534227,1.2054321315040049,0.8514,0.68135,0.66405,across paths,ff12,vw
rolling120,2001-03,2011-02,120,20000,0.22924865856766652,0.43898982133936104,0.6955159252846371,0.6319618720345175,0.5932049235615954,1.2038567455153322,0.90155,0.7632,0.60865,across paths,ff12,vw
rolling120,2001-04,2011-03,120,20000,0.22422981819709564,0.5515822416201808,0.8057821124867502,0.6687957365882106,0.6952744238481181,1.197371885928557,0.9292,0.8205,0.5967,across paths,ff12,vw
rolling120,2001-05,2011-04,120,20000,0.21947387010369113,0.47394583329686624,0.7417910691712193,0.641657231015284,0.6349593700829633,1.20112250216625,0.917,0.7983,0.6132,across paths,ff12,vw
rolling120,2001-06,2011-05,120,20000,0.21558400129953248,0.4408185358554424,0.7055170281697895,0.6276739761049822,0.6014311750585648,1.1793119081306676,0.9053,0.7836,0.61525,across paths,ff12,vw
rolling120,2001-07,2011-06,120,20000,0.21218986966447217,0.4396464239694515,0.7197178663612323,0.6299409843899182,0.6159784376948697,1.1627912427245481,0.9103,0.79405,0.6273,across paths,ff12,vw
rolling120,2001-08,2011-07,120,20000,0.20856417713307263,0.43202071203643677,0.6855006602310009,0.6161284953068237,0.5832080110664707,1.1529053298073821,0.90125,0.7799,0.61365,across paths,ff12,vw
rolling120,2001-09,2011-08,120,20000,0.20494968951329495,0.43415555283811,0.6690536532153075,0.6071588613597445,0.5685503441361781,1.1225671326298077,0.89755,0.77385,0.601,across paths,ff12,vw
rolling120,2001-10,2011-09,120,20000,0.20158525081102407,0.4558947297154885,0.6856506812715395,0.6051279687925017,0.5886558495908994,1.109001442040634,0.9074,0.7885,0.60185,across paths,ff12,vw
rolling120,2001-11,2011-10,120,20000,0.19894756616546028,0.578235250820111,0.8460808067761983,0.6611506461965494,0.7390734445550632,1.1164413778355269,0.9436,0.8578,0.6126,across paths,ff12,vw
rolling120,2001-12,2011-11,120,20000,0.1969128143810126,0.46144291146044214,0.7239808816697113,0.6133275937942452,0.6259866021962293,1.11041002727261,0.91935,0.81005,0.62075,across paths,ff12,vw
rolling120,2002-01,2011-12,120,20000,0.19512013417974283,0.44693763099095496,0.7027002731091472,0.6052132431378652,0.6060595277841965,1.1137698549229813,0.9137,0.80225,0.61845,across paths,ff12,vw
rolling120,2002-02,2012-01,120,20000,0.19344930515252945,0.5400283499047611,0.8023484738506772,0.6429733785174068,0.6998896484830326,1.107063247001723,0.93575,0.8439,0.61105,across paths,ff12,vw
rolling120,2002-03,2012-02,120,20000,0.19189983536655286,0.6437673545646039,0.8673165424638464,0.6596361644781783,0.762991326468596,1.0880787819286075,0.9494,0.8697,0.581,across paths,ff12,vw
rolling120,2002-04,2012-03,120,20000,0.190352377276094,0.624080574903727,0.8275952899244694,0.6448664104887903,0.7256606173691753,1.0814871038120444,0.94305,0.85565,0.5706,across paths,ff12,vw
rolling120,2002-05,2012-04,120,20000,0.18856952299160645,0.6960984727375659,0.8883829740671038,0.6615110684364961,0.7841036450672164,1.0763357798124893,0.95435,0.8795,0.559,across paths,ff12,vw
rolling120,2002-06,2012-05,120,20000,0.1870265427840081,0.6112763786362949,0.8042412228983712,0.6342150477843563,0.704697905985838,1.0877870743108358,0.9404,0.85275,0.56505,across paths,ff12,vw
rolling120,2002-07,2012-06,120,20000,0.18548541174873479,0.8018891601348197,0.9906171526197122,0.6970004909300194,0.8813514222001537,1.081217580461353,0.9667,0.9126,0.55005,across paths,ff12,vw
rolling120,2002-08,2012-07,120,20000,0.1837098469782672,0.9749065729663806,1.2058661213262842,0.7699367398394159,1.0861474473062696,1.0835589826664427,0.983,0.95085,0.56255,across paths,ff12,vw
rolling120,2002-09,2012-08,120,20000,0.18217317551724088,1.0123874111456908,1.2364081398862328,0.7805311987412146,1.1161449458197128,1.0778665589039667,0.9848,0.95545,0.5587,across paths,ff12,vw
rolling120,2002-10,2012-09,120,20000,0.18063849893628192,1.3023684033531002,1.5460728101807704,0.8866042582441214,1.410215437380706,1.068807212869274,0.99445,0.98045,0.5525,across paths,ff12,vw
rolling120,2002-11,2012-10,120,20000,0.17910581464567144,1.0949036453921295,1.377104184965125,0.8167861759550162,1.2524531955854095,1.0726087802383901,0.99145,0.9718,0.5862,across paths,ff12,vw
rolling120,2002-12,2012-11,120,20000,0.17781035280377155,0.9904349398479693,1.2645007543329414,0.7713053554719568,1.14874641862801,1.0707495422121223,0.989,0.9634,0.5903,across paths,ff12,vw
rolling120,2003-01,2012-12,120,20000,0.17663383661877097,1.1347335618782832,1.4047435501881231,0.8141193274635316,1.281728824173535,1.0755403023916403,0.99305,0.97695,0.5797,across paths,ff12,vw
rolling120,2003-02,2013-01,120,20000,0.17545837824053034,1.3107128281297071,1.6248754292035297,0.8885710638126767,1.4898127226291304,1.0774395540915154,0.99645,0.9879,0.58915,across paths,ff12,vw
rolling120,2003-03,2013-02,120,20000,0.1744014169652619,1.3829446617755492,1.7216326612995698,0.9201118361737495,1.5829028478865301,1.0792435791906678,0.99765,0.99065,0.5952,across paths,ff12,vw
rolling120,2003-04,2013-03,120,20000,0.17322818877648527,1.4500599131448575,1.796257447473427,0.9424149438644311,1.654260718955614,1.0744470544953262,0.99805,0.9928,0.5964,across paths,ff12,vw
rolling120,2003-05,2013-04,120,20000,0.17205613264384145,1.2980059547376412,1.640979900084792,0.8829241322278103,1.5055741237060525,1.077899376882394,0.9975,0.9895,0.60545,across paths,ff12,vw
rolling120,2003-06,2013-05,120,20000,0.17100223063626907,1.2256925960715037,1.5466207901583102,0.8554905428146568,1.4211145731624075,1.0726936760462358,0.996,0.986,0.5984,across paths,ff12,vw
rolling120,2003-07,2013-06,120,20000,0.16983239823803076,1.1660601703296343,1.4883182567508004,0.8352303135370076,1.3613781504983127,1.066151648231052,0.9952,0.9834,0.6033,across paths,ff12,vw
rolling120,2003-08,2013-07,120,20000,0.1690140883761675,1.2348071972199803,1.586498175413436,0.8645690305372886,1.4573360733486034,1.0822304881549485,0.9969,0.98765,0.6164,across paths,ff12,vw
rolling120,2003-09,2013-08,120,20000,0.16819635093051621,1.1232850802493353,1.4380640874828066,0.8104723995840677,1.3196876104746518,1.0804379258598258,0.99465,0.98165,0.60785,across paths,ff12,vw
rolling120,2003-10,2013-09,120,20000,0.16726254089779768,1.229191549751858,1.5698233515612194,0.8523462817259808,1.4452337957985,1.0809569511259345,0.99675,0.9878,0.6139,across paths,ff12,vw
rolling120,2003-11,2013-10,120,20000,0.1664460286777234,1.187610774730579,1.5305867523887602,0.8366788766122262,1.4094419580092659,1.0669877357413877,0.99605,0.98705,0.61825,across paths,ff12,vw
rolling120,2003-12,2013-11,120,20000,0.16563008761639186,1.2240637643706354,1.551143548926454,0.8449086469807773,1.4270343620612504,1.0718908428240719,0.9964,0.98775,0.60725,across paths,ff12,vw
rolling120,2004-01,2013-12,120,20000,0.1646983289532291,1.1908210751647497,1.4710961810019245,0.814055036769704,1.3527200870575786,1.0665070953130467,0.9955,0.98515,0.5857,across paths,ff12,vw
rolling120,2004-02,2014-01,120,20000,0.16388361042593091,1.0720855169920576,1.3569311262830277,0.7793088647230869,1.2413614072170365,1.0819909445826326,0.99345,0.97815,0.5951,across paths,ff12,vw
rolling120,2004-03,2014-02,120,20000,0.16318569900652724,1.1374381057400837,1.4251045321233315,0.8005169578174177,1.3046499038144734,1.0747409896333693,0.99485,0.9835,0.5942,across paths,ff12,vw
rolling120,2004-04,2014-03,120,20000,0.16213977321063777,1.1733614352483204,1.4628416890077216,0.8137696499616965,1.3436416128514912,1.075007445078746,0.9956,0.98495,0.59345,across paths,ff12,vw
rolling120,2004-05,2014-04,120,20000,0.161210804566984,1.2076415840692731,1.49706637059229,0.823660630774876,1.37839266567421,1.071193563164062,0.9959,0.9873,0.5907,across paths,ff12,vw
rolling120,2004-06,2014-05,120,20000,0.16051449586946243,1.2253044612235193,1.5277681086415664,0.8327970005037073,1.409561563683296,1.073311927481682,0.99625,0.98815,0.59445,across paths,ff12,vw
rolling120,2004-07,2014-06,120,20000,0.15958682640833555,1.2399316954923303,1.5255094405591325,0.8309734303104965,1.406555906299047,1.0735805051690441,0.99645,0.9883,0.58675,across paths,ff12,vw
rolling120,2004-08,2014-07,120,20000,0.15842839801032516,1.2844691672640391,1.5385371864171868,0.8328043202115873,1.419675461921155,1.078158783748742,0.9968,0.9889,0.56955,across paths,ff12,vw
rolling120,2004-09,2014-08,120,20000,0.15715552693070123,1.3770519664164844,1.6371948436557622,0.8638298489732974,1.5145582461285365,1.0939950608055842,0.9977,0.99245,0.56785,across paths,ff12,vw
rolling120,2004-10,2014-09,120,20000,0.15588405447078313,1.2912808454180724,1.519605255443241,0.8266732581472773,1.3999899517687557,1.0768300613112907,0.9968,0.98845,0.55865,across paths,ff12,vw
rolling120,2004-11,2014-10,120,20000,0.15461397909377972,1.3133970202285687,1.5555138222794862,0.8388673890536913,1.4337111747103937,1.077007006053291,0.9969,0.98985,0.56305,across paths,ff12,vw
rolling120,2004-12,2014-11,120,20000,0.1528846521156062,1.2665456476370083,1.4880222939636232,0.8209254997800539,1.3685998042585206,1.075175739947784,0.996,0.9869,0.55515,across paths,ff12,vw
rolling120,2005-01,2014-12,120,20000,0.15104298334225819,1.1871137042027318,1.4059050646772058,0.7929113362552025,1.2917748883720042,1.0703871275069452,0.9947,0.9834,0.55805,across paths,ff12,vw
rolling120,2005-02,2015-01,120,20000,0.14920425653180724,1.1756628471126653,1.3875396029740739,0.7862123288433691,1.2775082501697965,1.0776994936327695,0.9943,0.98195,0.55495,across paths,ff12,vw
rolling120,2005-03,2015-02,120,20000,0.14736846698463157,1.2628684629955633,1.4521074979572075,0.800059711852546,1.3383040128128636,1.0357594942494373,0.99545,0.98605,0.5402,across paths,ff12,vw
rolling120,2005-04,2015-03,120,20000,0.1449640424953913,1.2771452356327617,1.4647131150415829,0.8033231498650133,1.3518696327942488,1.0410324809510871,0.99585,0.98715,0.541,across paths,ff12,vw
rolling120,2005-05,2015-04,120,20000,0.14256465671628704,1.3469061398801188,1.5600002353837525,0.8303718298462243,1.4408676743835245,1.0286165341160678,0.99685,0.99075,0.55145,across paths,ff12,vw
rolling120,2005-06,2015-05,120,20000,0.13982906695559372,1.2899785869635902,1.4910779142004655,0.8086957821256759,1.3761276050818865,1.0403059676018438,0.9964,0.9889,0.545,across paths,ff12,vw
rolling120,2005-07,2015-06,120,20000,0.1372134759608834,1.2370508009540164,1.4248453004995576,0.7852135019206296,1.3123184565324502,1.0381852176119741,0.9955,0.9868,0.54295,across paths,ff12,vw
rolling120,2005-08,2015-07,120,20000,0.1344906982849996,1.1814252098012625,1.3404760504416875,0.7625359745318457,1.2308827999813763,1.0429663912526839,0.9938,0.98145,0.5294,across paths,ff12,vw
rolling120,2005-09,2015-08,120,20000,0.13109740606679887,1.0687219093554265,1.223604560361314,0.7224959859232284,1.1238411918950968,1.054636656118806,0.9906,0.97445,0.5301,across paths,ff12,vw
rolling120,2005-10,2015-09,120,20000,0.12782670861182477,0.9900952852328573,1.1419339489796652,0.6950675880626364,1.0417531891819685,1.0522510847012785,0.98625,0.9681,0.533,across paths,ff12,vw
rolling120,2005-11,2015-10,120,20000,0.12478977621604148,1.182966171066277,1.374063959632566,0.7680131150011332,1.2640240048067402,1.0253650888642507,0.99435,0.9854,0.5442,across paths,ff12,vw
rolling120,2005-12,2015-11,120,20000,0.1213137037344647,1.1125953408788996,1.3063033281381264,0.7451374008974687,1.1972942382261573,1.0145832047919001,0.9929,0.98225,0.54775,across paths,ff12,vw
rolling120,2006-01,2015-12,120,20000,0.11784871920338724,1.0657332140128797,1.2464590200477255,0.7292284766554376,1.1377219376215932,1.0158496687003584,0.9911,0.9782,0.5421,across paths,ff12,vw
rolling120,2006-02,2016-01,120,20000,0.11406128956184114,0.883697717982145,1.054220909132403,0.6713950359128761,0.9561606884546657,1.012505479111889,0.9809,0.95995,0.54465,across paths,ff12,vw
rolling120,2006-03,2016-02,120,20000,0.11050837335036223,0.8821913623500128,1.071128793012095,0.6761453736336188,0.9702990563745701,1.0075032486028508,0.98215,0.96295,0.55795,across paths,ff12,vw
rolling120,2006-04,2016-03,120,20000,0.1066359221132136,0.9770032406773443,1.184842189137549,0.7122995363818663,1.080578671834895,1.0091154182133968,0.9883,0.97445,0.5652,across paths,ff12,vw
rolling120,2006-05,2016-04,120,20000,0.10277658998149164,0.9738741426606428,1.1916318928448582,0.7172833871819325,1.0862768298124872,1.0253832903417601,0.98855,0.975,0.56915,across paths,ff12,vw
rolling120,2006-06,2016-05,120,20000,0.09816475917603262,1.0741266540871965,1.2564220506125032,0.7393308116940842,1.1469023998158705,1.031987224290409,0.9907,0.9809,0.5433,across paths,ff12,vw
rolling120,2006-07,2016-06,120,20000,0.09400835869309576,1.0728828000217754,1.2595919825695772,0.7431884406359914,1.1514921692116205,1.0260944990702074,0.99075,0.98095,0.54715,across paths,ff12,vw
rolling120,2006-08,2016-07,120,20000,0.08986768960640878,1.1629719551366424,1.336190800308549,0.7664473400854926,1.221273186822738,1.0322813809387046,0.99275,0.9855,0.53405,across paths,ff12,vw
rolling120,2006-09,2016-08,120,20000,0.08552645204573817,1.1220137746294205,1.2825670841111336,0.7493289457198689,1.1722578157382328,1.0296071222107748,0.9907,0.9827,0.53045,across paths,ff12,vw
rolling120,2006-10,2016-09,120,20000,0.08131018557528868,1.0813375203675757,1.2444906219289893,0.7352474312385211,1.1396799774362865,1.0316854606809027,0.99,0.98135,0.53395,across paths,ff12,vw
rolling120,2006-11,2016-10,120,20000,0.07711029540125858,0.9684636724039966,1.107460893433277,0.69242394610211,1.0072084398440602,1.0472661519736994,0.9834,0.97105,0.525,across paths,ff12,vw
rolling120,2006-12,2016-11,120,20000,0.07271261345429059,1.0214726334215345,1.1586273554340378,0.7136466535283112,1.055823263328138,1.018228153216704,0.985,0.97595,0.5199,across paths,ff12,vw
rolling120,2007-01,2016-12,120,20000,0.06875938967960882,1.033252078890361,1.182469779540779,0.7223021607336151,1.0753635845435447,1.02814525061641,0.9861,0.9779,0.5247,across paths,ff12,vw
