kind,start,end,n_months,exact_mean,exact_sd,exact_skew,exact_kurt,universe,weighting
year,1927-01,1927-12,12,0.3350234486507944,0.27464324838501963,0.9342217138372728,5.045078603945387,ff49,ew
year,1928-01,1928-12,12,0.37542513432378066,0.27210552948598643,1.1299464975241946,5.845389101434628,ff49,ew
year,1929-01,1929-12,12,-0.2900939600517217,0.16034956721961582,0.5600885069660166,3.686279293352226,ff49,ew
year,1930-01,1930-12,12,-0.35841370972376196,0.1883467910315901,1.340871955459047,8.129565354467251,ff49,ew
year,1931-01,1931-12,12,-0.4243654750879001,0.1739571113094023,1.458444101873506,7.925171391051524,ff49,ew
year,1932-01,1932-12,12,0.06345673401237296,0.5206352770158683,2.9048882936454627,22.423119866130516,ff49,ew
year,1933-01,1933-12,12,1.2230887787804936,0.9359477198081412,1.8467935521615493,9.962007403310055,ff49,ew
year,1934-01,1934-12,12,0.23945047018576307,0.3334954418748331,1.7227809592954049,9.629145974360847,ff49,ew
year,1935-01,1935-12,12,0.6197268498482924,0.4808475274177384,1.4867592107435537,7.957876168688761,ff49,ew
year,1936-01,1936-12,12,0.5053990012868577,0.31409707179888086,0.8568385169796483,4.502279477220805,ff49,ew
year,1937-01,1937-12,12,-0.4480939527158848,0.1038195294603992,0.8420540986112859,4.51339704591875,ff49,ew
year,1938-01,1938-12,12,0.3714598591388808,0.2786657635079516,1.1877107217500957,6.288645544079655,ff49,ew
year,1939-01,1939-12,12,0.02494105798067938,0.3135157029869782,1.6996807018746898,8.289906327633576,ff49,ew
year,1940-01,1940-12,12,-0.06784904161638919,0.17834570811857214,1.0456393847158498,6.288771124811632,ff49,ew
year,1941-01,1941-12,12,-0.0792802137640552,0.19906719770266978,1.2211031515088673,6.8330046974825756,ff49,ew
year,1942-01,1942-12,12,0.38557722033693015,0.2985685979783612,1.6277412602876915,8.30967460625802,ff49,ew
year,1943-01,1943-12,12,0.6845686981209445,0.4368168709164103,2.125951747137477,11.145377333219665,ff49,ew
year,1944-01,1944-12,12,0.42289950603539056,0.2058671628356615,1.2213665198761028,6.315719609570077,ff49,ew
year,1945-01,1945-12,12,0.6129432866966198,0.2254392112543728,0.8395199981711026,4.569015882409829,ff49,ew
year,1946-01,1946-12,12,-0.07909564969937187,0.13158595484565971,0.7188453781471734,4.319198062668679,ff49,ew
year,1947-01,1947-12,12,-0.024179237893556832,0.11852098448461616,1.1820346474169392,6.551735145913226,ff49,ew
year,1948-01,1948-12,12,-0.03624044991883418,0.10676361461854621,0.4218351159170819,3.4370652967189015,ff49,ew
year,1949-01,1949-12,12,0.23076778655240726,0.12935783691538952,0.4245979390252729,3.644038168022165,ff49,ew
year,1950-01,1950-12,12,0.3256629867609525,0.19397603296505594,0.6849668810662852,3.8436854265570037,ff49,ew
year,1951-01,1951-12,12,0.15318739418486363,0.11012434866643607,0.3773137735874779,3.302888464496234,ff49,ew
year,1952-01,1952-12,12,0.09057482565499371,0.08897856269984462,0.43715816713036343,3.7088798592446977,ff49,ew
year,1953-01,1953-12,12,-0.0033119601130398384,0.08285494522866074,0.42126796664436367,3.3957469969237444,ff49,ew
year,1954-01,1954-12,12,0.5667436073506498,0.15834526043100589,0.4792158404267422,3.4967150059483894,ff49,ew
year,1955-01,1955-12,12,0.18039995103027998,0.12081929002217885,0.3715411520502118,3.34187333230078,ff49,ew
year,1956-01,1956-12,12,0.07150903146071214,0.11220739073007094,0.6104270863133553,3.9233409625021274,ff49,ew
year,1957-01,1957-12,12,-0.09744500545669058,0.09735468764987996,0.4711946337811851,3.4147359325706255,ff49,ew
year,1958-01,1958-12,12,0.632665342754998,0.17519160005046708,0.45115749170775526,3.442399526162558,ff49,ew
year,1959-01,1959-12,12,0.1986864841935571,0.13300786989672714,0.5067457455026283,3.507270467938071,ff49,ew
year,1960-01,1960-12,12,0.027157678253954216,0.11441137508102858,0.5043692192874751,3.573001890117517,ff49,ew
year,1961-01,1961-12,12,0.29356342142012004,0.13728725101265749,0.4388800576397468,3.4522353025276344,ff49,ew
year,1962-01,1962-12,12,-0.16406800670328586,0.08538462827487966,0.22609932482288075,3.202462705582984,ff49,ew
year,1963-01,1963-12,12,0.1525120784321784,0.10272876465831961,0.3830339611424707,3.396042371855795,ff49,ew
year,1964-01,1964-12,12,0.1857742871558732,0.12287799306796184,0.9823720641173105,5.276369680982529,ff49,ew
year,1965-01,1965-12,12,0.38002818707184005,0.1658833825744825,0.7107170043479918,4.275457607758598,ff49,ew
year,1966-01,1966-12,12,-0.06033667209149471,0.15257041430970672,1.4818283360072486,9.092676816595127,ff49,ew
year,1967-01,1967-12,12,0.8265010018205081,0.2646660131069661,0.7057542982000998,4.257347819987913,ff49,ew
year,1968-01,1968-12,12,0.41482581093643944,0.21130946130839245,0.4963081090497842,4.263984859109181,ff49,ew
year,1969-01,1969-12,12,-0.25054708576709406,0.09791953893585657,0.64195424304506,4.2951194915484345,ff49,ew
year,1970-01,1970-12,12,-0.15292808460387455,0.15962274930654427,0.3775599592366279,3.863885253618263,ff49,ew
year,1971-01,1971-12,12,0.1814288496756667,0.15697329331793608,0.4929470635971242,3.973799197489518,ff49,ew
year,1972-01,1972-12,12,0.03748919162963646,0.12997823494537175,0.27116636489454066,3.507244511319411,ff49,ew
year,1973-01,1973-12,12,-0.34878058727313793,0.11334820165174783,0.8649359461627734,4.72819005983569,ff49,ew
year,1974-01,1974-12,12,-0.22041782984695465,0.11071468517253784,0.983063214862299,5.247690757124221,ff49,ew
year,1975-01,1975-12,12,0.6311650781685318,0.20781740993375725,0.35650256147547665,3.289661672046984,ff49,ew
year,1976-01,1976-12,12,0.48284002018440825,0.17468878241152566,1.0543874626178562,6.190108236544597,ff49,ew
year,1977-01,1977-12,12,0.22504300263000535,0.10772972528919651,0.37959261241763365,3.5345312663445068,ff49,ew
year,1978-01,1978-12,12,0.27556714494068285,0.1453503147278011,0.4424122700042975,3.5408338800710237,ff49,ew
year,1979-01,1979-12,12,0.4273110837908986,0.16438933498379,1.0933401002132448,5.511887876223224,ff49,ew
year,1980-01,1980-12,12,0.41289497286387317,0.20721312652398174,0.833961450371473,4.454259989334789,ff49,ew
year,1981-01,1981-12,12,0.012364520610403633,0.11320679201234805,0.1381998917242525,3.1084635290946885,ff49,ew
year,1982-01,1982-12,12,0.32014672358755997,0.15945772924303328,0.27719624599447384,3.376394496885925,ff49,ew
year,1983-01,1983-12,12,0.3852320417467538,0.19888115404593093,1.047684539257881,5.701883170895057,ff49,ew
year,1984-01,1984-12,12,-0.0883630280518694,0.09129096836041338,0.3152942254165981,3.4093557751431036,ff49,ew
year,1985-01,1985-12,12,0.24772469179518983,0.1396001963665957,0.49869215421568347,3.9491859182162647,ff49,ew
year,1986-01,1986-12,12,0.08486062192022811,0.1307408200350779,0.664827657520612,4.249423455950225,ff49,ew
year,1987-01,1987-12,12,-0.07485191478066351,0.12817409595018148,0.7305257201065778,4.255947313147983,ff49,ew
year,1988-01,1988-12,12,0.20283129583650072,0.1338738887145697,0.8083771860918553,5.1435386079646666,ff49,ew
year,1989-01,1989-12,12,0.11821827224602455,0.12929694634964456,0.9509702902100601,5.645034648624138,ff49,ew
year,1990-01,1990-12,12,-0.2084358072810826,0.10409073406377074,0.5267602148658758,3.691422975319633,ff49,ew
year,1991-01,1991-12,12,0.47395354214951974,0.21020254511398362,0.4514062326679315,3.5881750967715034,ff49,ew
year,1992-01,1992-12,12,0.22941790918571367,0.1796541707181475,0.47823659706921823,3.62184229739803,ff49,ew
year,1993-01,1993-12,12,0.217997558083158,0.16822424310150186,0.48507251282124314,3.872292320514263,ff49,ew
year,1994-01,1994-12,12,-0.0469012910478992,0.10273860543913804,0.48939061591398564,3.7192636547294238,ff49,ew
year,1995-01,1995-12,12,0.24081769982404044,0.13833623575952925,0.4521914194385663,3.599285156236895,ff49,ew
year,1996-01,1996-12,12,0.17389089160655674,0.15004644915077692,0.48014640115000606,3.6029221004508316,ff49,ew
year,1997-01,1997-12,12,0.20400179595767293,0.15782097209713802,0.6634686190600576,4.214139359589118,ff49,ew
year,1998-01,1998-12,12,-0.05294442342330234,0.16255679754906807,0.9658124497894405,5.27778082232755,ff49,ew
year,1999-01,1999-12,12,0.15591120325049176,0.21916355511614558,1.0725777210673477,5.4302399551316025,ff49,ew
year,2000-01,2000-12,12,-0.006789416166951027,0.26827018585613277,1.1159005996082634,5.3701797489834435,ff49,ew
year,2001-01,2001-12,12,0.25464086928125057,0.29487055524096284,0.98904490387572,5.183484850329608,ff49,ew
year,2002-01,2002-12,12,-0.06943769665123495,0.18316190420185066,0.8846154773594344,4.8612858300063335,ff49,ew
year,2003-01,2003-12,12,0.6651170300405278,0.28488156598162684,1.0822988384773757,5.643228076739633,ff49,ew
year,2004-01,2004-12,12,0.26559963381049345,0.18260598249314922,0.35470850819585287,3.716773432552622,ff49,ew
year,2005-01,2005-12,12,0.04196571695323225,0.12672309427231043,0.5697908192751554,3.7275915893427247,ff49,ew
year,2006-01,2006-12,12,0.19949904918246908,0.14381387357117137,0.36581867641618554,3.449493008223012,ff49,ew
year,2007-01,2007-12,12,-0.022034664789412742,0.123702616533509,0.4776155688597595,3.6705424726263267,ff49,ew
year,2008-01,2008-12,12,-0.455216607987705,0.1267738320971963,0.8184564882104516,4.670562250801168,ff49,ew
year,2009-01,2009-12,12,0.7592215975869685,0.3791705058734146,0.9193672406916442,4.849878046270665,ff49,ew
year,2010-01,2010-12,12,0.3229536306491455,0.1853785730319797,0.6623522045012563,4.011033761645711,ff49,ew
year,2011-01,2011-12,12,-0.10303519521466176,0.12886562609638455,0.687909104627304,4.379245665709484,ff49,ew
year,2012-01,2012-12,12,0.19401042524047413,0.16462178033047303,0.5219381782348183,3.9010703416285675,ff49,ew
year,2013-01,2013-12,12,0.4026401799240939,0.16090870075431937,-0.08759520413235652,3.2035138294923033,ff49,ew
year,2014-01,2014-12,12,0.03363066066146201,0.15002490895314236,0.3248478592132915,3.933493978911258,ff49,ew
year,2015-01,2015-12,12,-0.11941421504440504,0.19309425286213858,1.5395962540058752,10.423584646436641,ff49,ew
year,2016-01,2016-12,12,0.2580468582931358,0.24249311123346126,1.3357127995691782,6.786342294886086,ff49,ew
decade,1926-07,1936-12,126,2.674853210848764,4.428763501322729,6.7912152127020065,176.73481283820104,ff49,ew
decade,1937-01,1946-12,120,2.284643065925155,2.36284037156039,3.1258281699443673,26.540136338757645,ff49,ew
decade,1947-01,1956-12,120,2.811408971393185,1.3189181076801704,1.1879134092326353,5.73513404446141,ff49,ew
decade,1957-01,1966-12,120,2.4768022968002756,1.2854579150641199,1.3384157613623842,6.696797282673998,ff49,ew
decade,1967-01,1976-12,120,1.4692219396519905,1.1855233113329033,1.625687141378118,8.287620052118042,ff49,ew
decade,1977-01,1986-12,120,6.199120933454812,2.782361585068065,1.3357893429332808,6.514364670430998,ff49,ew
decade,1987-01,1996-12,120,2.018088985338163,1.2657422789689305,1.4084084319418337,6.865813684614821,ff49,ew
decade,1997-01,2006-12,120,3.025573301934032,2.4811228055763332,2.285620787612762,14.035776996400807,ff49,ew
decade,2007-01,2016-12,120,1.1329278222223782,1.237366747981553,2.1455767440237556,12.991543207287133,ff49,ew
full,1926-07,2016-12,1086,73682.33285526623,271012.927590794,80.25111446350958,169202.83919022378,ff49,ew
rolling120,1926-07,1936-06,120,1.662262123032014,3.1519521417789234,6.6082873584183925,164.74931497800176,ff49,ew
rolling120,1926-08,1936-07,120,1.8239204246921377,3.331982653927453,6.557643631454258,161.2094207723931,ff49,ew
rolling120,1926-09,1936-08,120,1.7254535011814305,3.2002510443943284,6.499537042993238,157.4374289894136,ff49,ew
rolling120,1926-10,1936-09,120,1.8645979899793272,3.3688877486047915,6.51677943007632,158.53053835187131,ff49,ew
rolling120,1926-11,1936-10,120,2.1530536740613235,3.7061276402247945,6.51129168704741,158.18510109924148,ff49,ew
rolling120,1926-12,1936-11,120,2.422912070424446,4.037979437140844,6.553796886972188,160.9335908499044,ff49,ew
rolling120,1927-01,1936-12,120,2.4397576409607744,4.067179316377678,6.57755401400947,162.4380798264543,ff49,ew
rolling120,1927-02,1937-01,120,2.6800495598470695,4.3553193289893635,6.586036337190679,162.96407501139328,ff49,ew
rolling120,1927-03,1937-02,120,2.5541750052185694,4.210873687359562,6.597645502300779,163.7082157027543,ff49,ew
rolling120,1927-04,1937-03,120,2.5312893168928716,4.184045867548501,6.59736158384196,163.67298815092494,ff49,ew
rolling120,1927-05,1937-04,120,2.1591285343546716,3.7429033584433657,6.598106547899666,163.73159870326606,ff49,ew
rolling120,1927-06,1937-05,120,1.9352044648254276,3.467815770934207,6.570086730024199,161.9595081558372,ff49,ew
rolling120,1927-07,1937-06,120,1.7530740595246201,3.2485872116150554,6.557315400938207,161.15241039393328,ff49,ew
rolling120,1927-08,1937-07,120,1.8243008840248924,3.3307875466756074,6.55106322777737,160.7501578279917,ff49,ew
rolling120,1927-09,1937-08,120,1.6671530903498888,3.1375641156165868,6.527523161566198,159.26099774296878,ff49,ew
rolling120,1927-10,1937-09,120,1.094803635907609,2.468568194858668,6.54327250060874,160.2240628471324,ff49,ew
rolling120,1927-11,1937-10,120,0.9564534387237094,2.304226801436617,6.537482941918021,159.85986125317532,ff49,ew
rolling120,1927-12,1937-11,120,0.6271968309676696,1.9138757680370553,6.524628442621449,159.0556071624431,ff49,ew
rolling120,1928-01,1937-12,120,0.4220147557382485,1.6717714531132868,6.517962251688705,158.60339984377063,ff49,ew
rolling120,1928-02,1938-01,120,0.43851135267486263,1.6906683151437096,6.514310544849108,158.3682887921365,ff49,ew
rolling120,1928-03,1938-02,120,0.5563759915643587,1.8304565315523376,6.520646075673461,158.75501685142433,ff49,ew
rolling120,1928-04,1938-03,120,0.04407151584380544,1.2288588391616735,6.525353764129675,159.01574185463426,ff49,ew
rolling120,1928-05,1938-04,120,0.17524884078829578,1.3729797912055963,6.428933561379129,152.69853910451667,ff49,ew
rolling120,1928-06,1938-05,120,0.04893302097866039,1.224059309043409,6.417938381623209,152.0329371548772,ff49,ew
rolling120,1928-07,1938-06,120,0.455330995315107,1.7020643709397167,6.437146652708727,153.16304613231975,ff49,ew
rolling120,1928-08,1938-07,120,0.6128856763985064,1.8877949599813522,6.443329325857204,153.52043455407366,ff49,ew
rolling120,1928-09,1938-08,120,0.4512385887306424,1.6958137767446873,6.431042217576537,152.8126331821156,ff49,ew
rolling120,1928-10,1938-09,120,0.3775647624719509,1.6091961800345622,6.4285305094767855,152.6691604702377,ff49,ew
rolling120,1928-11,1938-10,120,0.5710147952559719,1.8509550615356776,6.545486767920962,160.46974082011965,ff49,ew
rolling120,1928-12,1938-11,120,0.368050357329772,1.6101716813745797,6.533656542380927,159.70567488473122,ff49,ew
rolling120,1929-01,1938-12,120,0.4179151652314467,1.6699181038041895,6.539753536375462,160.08447631038177,ff49,ew
rolling120,1929-02,1939-01,120,0.25598231794929566,1.4762775591281903,6.522002936368686,158.9998321020746,ff49,ew
rolling120,1929-03,1939-02,120,0.2898260075004014,1.514873008489822,6.515915410362225,158.64097347242873,ff49,ew
rolling120,1929-04,1939-03,120,0.12947900880220287,1.3280941302107157,6.524382357718341,159.13046353945904,ff49,ew
rolling120,1929-05,1939-04,120,0.10173467194909012,1.2938713354685587,6.5124041069375656,158.38867842246347,ff49,ew
rolling120,1929-06,1939-05,120,0.3177948472503737,1.5462190187832154,6.507166469335342,158.11112590659215,ff49,ew
rolling120,1929-07,1939-06,120,0.11734936574170175,1.3109092494298369,6.503644854485095,157.8723543969612,ff49,ew
rolling120,1929-08,1939-07,120,0.22745368725150306,1.4374927170423222,6.485119910175419,156.71127419792245,ff49,ew
rolling120,1929-09,1939-08,120,0.06953938102444507,1.2531586609445002,6.489986088004054,157.01421389726204,ff49,ew
rolling120,1929-10,1939-09,120,0.4746281020413575,1.808078841292175,7.085253239332397,198.70218237914338,ff49,ew
rolling120,1929-11,1939-10,120,0.8376289505454388,2.2478742051681992,7.066077601189889,197.4136975591409,ff49,ew
rolling120,1929-12,1939-11,120,0.9723168167399632,2.405624370824057,7.045019269570482,195.99784282256635,ff49,ew
rolling120,1930-01,1939-12,120,1.0471434074360748,2.493547605059414,7.035092398188843,195.33576140892555,ff49,ew
rolling120,1930-02,1940-01,120,0.8256294127555839,2.2107767783415815,6.967785696045605,190.44709349109638,ff49,ew
rolling120,1930-03,1940-02,120,0.8056174557835809,2.179955821283334,6.943445675625664,188.80604797564726,ff49,ew
rolling120,1930-04,1940-03,120,0.6704106267585723,1.9873521819872568,6.682377004994557,168.75044723196487,ff49,ew
rolling120,1930-05,1940-04,120,0.7394126914573742,2.0538753167788477,6.604480045852215,163.68197709314987,ff49,ew
rolling120,1930-06,1940-05,120,0.35252566068478774,1.596773597561356,6.610124720589155,164.09114933652558,ff49,ew
rolling120,1930-07,1940-06,120,0.7749745358374776,2.0769126644636673,6.572809379657908,161.95380917119715,ff49,ew
rolling120,1930-08,1940-07,120,0.7638994462295969,2.0629729620642467,6.568987081171964,161.7221706600621,ff49,ew
rolling120,1930-09,1940-08,120,0.8087645852849112,2.1185652851686956,6.579345801509619,162.34908075736763,ff49,ew
rolling120,1930-10,1940-09,120,1.2231837061039323,2.6091952406337207,6.631254184915222,166.2613459076818,ff49,ew
rolling120,1930-11,1940-10,120,1.552887228526934,2.9923301590850726,6.618679582298795,165.45360977217936,ff49,ew
rolling120,1930-12,1940-11,120,1.6268067881470376,3.083984181939417,6.629744226500044,166.12267893723526,ff49,ew
rolling120,1931-01,1940-12,120,1.9742635061117397,3.4816909577129604,6.601751793731882,164.3438616113091,ff49,ew
rolling120,1931-02,1941-01,120,1.5912085356323313,3.0253369268724617,6.578339225359236,162.88847421663752,ff49,ew
rolling120,1931-03,1941-02,120,1.1652532039552774,2.510334634271124,6.49303774190029,157.21492495252897,ff49,ew
rolling120,1931-04,1941-03,120,1.2801459127261041,2.6060585104247447,6.284081786959976,143.30933994944115,ff49,ew
rolling120,1931-05,1941-04,120,1.5024826781998923,2.8585247052478464,6.273753745666879,142.6847937083539,ff49,ew
rolling120,1931-06,1941-05,120,1.8912849192395766,3.290715806067167,6.242877170648361,140.93781498153749,ff49,ew
rolling120,1931-07,1941-06,120,1.6727355816491207,3.0376448939290634,6.230325838642111,140.23308970407075,ff49,ew
rolling120,1931-08,1941-07,120,2.2572974574612426,3.7297403358797703,6.328762349807826,146.4616373014289,ff49,ew
rolling120,1931-09,1941-08,120,2.291889081210955,3.76727869057372,6.32413486686591,146.19567812669519,ff49,ew
rolling120,1931-10,1941-09,120,3.718705612408109,5.355907895427564,6.2653065452244,142.88938792312135,ff49,ew
rolling120,1931-11,1941-10,120,2.9683465991615585,4.475174019524932,6.203753642421917,139.3009870361813,ff49,ew
rolling120,1931-12,1941-11,120,3.2482539155013797,4.78554108167584,6.196803652618463,138.92679884852205,ff49,ew
rolling120,1932-01,1941-12,120,3.7572950214804077,5.368569328550276,6.227138296107507,140.8536795092692,ff49,ew
rolling120,1932-02,1942-01,120,4.05619745701427,5.742914102399491,6.341170025494348,148.42946676794688,ff49,ew
rolling120,1932-03,1942-02,120,3.8052687494606667,5.453091489929197,6.333313629491191,147.96745314740645,ff49,ew
rolling120,1932-04,1942-03,120,4.1990235467556865,5.883153215281156,6.30937323246863,146.56694421385095,ff49,ew
rolling120,1932-05,1942-04,120,5.205976187241672,6.9760214335453545,6.264422877085485,144.04754332988253,ff49,ew
rolling120,1932-06,1942-05,120,7.159586256549844,9.023368108922378,6.126929616656089,136.06926909435686,ff49,ew
rolling120,1932-07,1942-06,120,7.313837759658405,9.084867512820777,6.079303019827415,133.45392015415834,ff49,ew
rolling120,1932-08,1942-07,120,5.104836185908462,6.323341206904888,5.305745916001282,91.7914640439401,ff49,ew
rolling120,1932-09,1942-08,120,2.704288790132403,3.617971191759153,4.59227463882177,62.66076436055176,ff49,ew
rolling120,1932-10,1942-09,120,3.1384933852865293,4.008206526811742,4.551218549897466,61.403225111237845,ff49,ew
rolling120,1932-11,1942-10,120,4.354700476684365,5.182582682919081,4.548488354224543,61.32867978389406,ff49,ew
rolling120,1932-12,1942-11,120,4.720691034953618,5.527961980664742,4.539405711657482,61.04847982904333,ff49,ew
rolling120,1933-01,1942-12,120,5.198277185490884,5.942254211238123,4.502645037022594,59.923447879071844,ff49,ew
rolling120,1933-02,1943-01,120,6.165334532379368,7.01960970047266,4.7428976003217045,68.59061422710411,ff49,ew
rolling120,1933-03,1943-02,120,8.547281663878453,9.428143486584904,4.826907655969319,71.74699300973224,ff49,ew
rolling120,1933-04,1943-03,120,8.590899832119277,9.273965134108188,4.650684416079594,65.37514772609936,ff49,ew
rolling120,1933-05,1943-04,120,5.940872130168503,6.603829287011577,4.561708041639074,62.51361338132731,ff49,ew
rolling120,1933-06,1943-05,120,3.636980801190396,4.183072275992621,4.161561403472209,50.21477743802888,ff49,ew
rolling120,1933-07,1943-06,120,2.9002637240963383,3.468986113914198,4.09092607234344,48.33156721742741,ff49,ew
rolling120,1933-08,1943-07,120,3.1049805223947278,3.626902760934667,4.056955554261243,47.430840346552486,ff49,ew
rolling120,1933-09,1943-08,120,2.6924994815182206,3.239332919847242,4.023221749241043,46.547922795389326,ff49,ew
rolling120,1933-10,1943-09,120,3.4206207972156335,3.854320414335105,3.995506388967666,45.84537301989864,ff49,ew
rolling120,1933-11,1943-10,120,4.001601418822812,4.3445324016105475,3.990081534323359,45.73341512332715,ff49,ew
rolling120,1933-12,1943-11,120,3.335399667727918,3.7563249362930478,3.9790275225601075,45.45617610372928,ff49,ew
rolling120,1934-01,1943-12,120,3.696809155180441,4.039689011009358,3.9485108822307358,44.697595105564474,ff49,ew
rolling120,1934-02,1944-01,120,2.734636887694644,3.181205529639641,3.899833534549932,43.46354329049003,ff49,ew
rolling120,1934-03,1944-02,120,2.726879666972651,3.1663921454705775,3.889409903871297,43.21188030766967,ff49,ew
rolling120,1934-04,1944-03,120,2.8336776523455964,3.2485876563845126,3.8752363729413846,42.85355589520549,ff49,ew
rolling120,1934-05,1944-04,120,2.68457548337995,3.106986074168892,3.8519639691842475,42.28314643819041,ff49,ew
rolling120,1934-06,1944-05,120,3.38464408911567,3.6889716944802573,3.842903057070517,42.06710299107038,ff49,ew
rolling120,1934-07,1944-06,120,3.8746779762529737,4.099900898046582,3.850941155763783,42.2857840947168,ff49,ew
rolling120,1934-08,1944-07,120,4.804415356390215,4.8530907652959865,3.8273305482478697,41.72565510750885,ff49,ew
rolling120,1934-09,1944-08,120,4.51867040341957,4.606320015296201,3.8215732878950672,41.591921804788676,ff49,ew
rolling120,1934-10,1944-09,120,4.632583975424376,4.688659886507678,3.8142252431504127,41.42210294211402,ff49,ew
rolling120,1934-11,1944-10,120,4.718807437557698,4.745980377015641,3.802998320817726,41.16045709310035,ff49,ew
rolling120,1934-12,1944-11,120,4.103593878321511,4.123309126212754,3.587145343820928,35.70691776528966,ff49,ew
rolling120,1935-01,1944-12,120,4.391976192358151,4.368058083992186,3.608454222152084,36.20760223422957,ff49,ew
rolling120,1935-02,1945-01,120,4.864698248784681,4.752415094506888,3.6152173109766808,36.36889538361982,ff49,ew
rolling120,1935-03,1945-02,120,5.650956816614288,5.358561107520693,3.600657880810978,36.063538859139115,ff49,ew
rolling120,1935-04,1945-03,120,5.676283269684099,5.35962980989089,3.5866206817348756,35.76380205531105,ff49,ew
rolling120,1935-05,1945-04,120,5.590669308459575,5.270146745366682,3.57139937531936,35.43994194940175,ff49,ew
rolling120,1935-06,1945-05,120,5.425251205435162,5.0307309508602245,3.424040913695379,32.1018501268474,ff49,ew
rolling120,1935-07,1945-06,120,5.435946751275002,5.027512330192088,3.4189842731678493,32.00847643539865,ff49,ew
rolling120,1935-08,1945-07,120,4.666106443165323,4.383644241156762,3.3792874097425885,31.219227411961977,ff49,ew
rolling120,1935-09,1945-08,120,4.608656779400326,4.322000358210673,3.363804473431265,30.920056924870515,ff49,ew
rolling120,1935-10,1945-09,120,4.794873946976218,4.428815023495451,3.3214672293315446,30.06681943853565,ff49,ew
rolling120,1935-11,1945-10,120,4.7073223289219674,4.3156998964441495,3.2844554877303676,29.35511116879285,ff49,ew
rolling120,1935-12,1945-11,120,4.5469834758740175,4.149415515868496,3.2507873324570764,28.745456600194423,ff49,ew
rolling120,1936-01,1945-12,120,4.36939410636223,3.9887616796726735,3.226416916882548,28.304947121620714,ff49,ew
rolling120,1936-02,1946-01,120,4.148844539929838,3.8035635299007495,3.212505915059797,28.07335750120267,ff49,ew
rolling120,1936-03,1946-02,120,3.665521137633214,3.4422033458420427,3.20879221955752,28.007704231325935,ff49,ew
rolling120,1936-04,1946-03,120,3.917776349626407,3.621964565262625,3.205662850190808,27.95425550795744,ff49,ew
rolling120,1936-05,1946-04,120,4.992684455571905,4.411999124957735,3.2048471658857,27.938927985592283,ff49,ew
rolling120,1936-06,1946-05,120,4.953450052357765,4.372401739065415,3.1974010678911866,27.807155946823233,ff49,ew
rolling120,1936-07,1946-06,120,4.652750555357575,4.149417378670089,3.195949441070207,27.781810151007164,ff49,ew
rolling120,1936-08,1946-07,120,4.03509649490325,3.682939822687269,3.186517520515102,27.616296574219806,ff49,ew
rolling120,1936-09,1946-08,120,3.607227286470324,3.366397995078997,3.1838724010609654,27.5704513637623,ff49,ew
rolling120,1936-10,1946-09,120,2.8647843579148518,2.8137908252560737,3.1709489832047306,27.339614520933125,ff49,ew
rolling120,1936-11,1946-10,120,2.560562797266432,2.587370151772757,3.1655240769967716,27.245538125654814,ff49,ew
rolling120,1936-12,1946-11,120,2.2048000351092236,2.312838628547635,3.137055068634879,26.734787890011585,ff49,ew
rolling120,1937-01,1946-12,120,2.284643065925155,2.36284037156039,3.1258281699443673,26.540136338757645,ff49,ew
rolling120,1937-02,1947-01,120,2.1421858256522204,2.255798419526705,3.1204913479222145,26.449821275367025,ff49,ew
rolling120,1937-03,1947-02,120,2.0769914845526216,2.200048345066172,3.108031676488836,26.237076061845745,ff49,ew
rolling120,1937-04,1947-03,120,2.0190890783583497,2.1467579363144016,3.0884371394978976,25.897149786466592,ff49,ew
rolling120,1937-05,1947-04,120,2.0701627956611195,2.179503321044166,3.0845247389395563,25.832361336727626,ff49,ew
rolling120,1937-06,1947-05,120,1.989124448834188,2.118882381332042,3.08000734304709,25.756127383104218,ff49,ew
rolling120,1937-07,1947-06,120,2.428996961819817,2.4278125470227954,3.0771472092553176,25.70865558227514,ff49,ew
rolling120,1937-08,1947-07,120,2.3207260815918187,2.346245251734285,3.071213539348764,25.609563334391957,ff49,ew
rolling120,1937-09,1947-08,120,2.4046056194231316,2.4038350539167976,3.0691193192272865,25.574463977576322,ff49,ew
rolling120,1937-10,1947-09,120,3.1982820728392136,2.9521494411298836,3.0584370989493896,25.398193745596075,ff49,ew
rolling120,1937-11,1947-10,120,3.7753321665175763,3.351603706606012,3.0545241648119084,25.33416111043298,ff49,ew
rolling120,1937-12,1947-11,120,4.143819782477946,3.592909599365141,3.041059024300441,25.11249487758939,ff49,ew
rolling120,1938-01,1947-12,120,4.807551694009099,4.053810373618667,3.0454397347181934,25.20523468558885,ff49,ew
rolling120,1938-02,1948-01,120,4.4666424802629985,3.8114718462260626,3.0432559325879294,25.17039076286889,ff49,ew
rolling120,1938-03,1948-02,120,3.8776000744220545,3.394306541012103,3.0389486903821807,25.10033159897166,ff49,ew
rolling120,1938-04,1948-03,120,6.349124814044583,5.0961599922597856,3.030459926247325,24.962838536016704,ff49,ew
rolling120,1938-05,1948-04,120,5.286964179565166,4.35390193036911,3.027670304581698,24.91785122393649,ff49,ew
rolling120,1938-06,1948-05,120,6.327878023390731,5.068189136945808,3.0247795131853206,24.871168901885262,ff49,ew
rolling120,1938-07,1948-06,120,4.531551073594008,3.8079923353525955,3.013321979818004,24.686359187882037,ff49,ew
rolling120,1938-08,1948-07,120,3.706843063953716,3.233102377638927,3.0082238276199176,24.604216653909916,ff49,ew
rolling120,1938-09,1948-08,120,4.012005580404213,3.4346095561085512,3.0025350385841514,24.512451403560217,ff49,ew
rolling120,1938-10,1948-09,120,3.881398299549735,3.343053807405782,3.001033855015751,24.48819646860902,ff49,ew
rolling120,1938-11,1948-10,120,3.445330716999184,2.987651647760179,2.914591356925769,23.019573315123658,ff49,ew
rolling120,1938-12,1948-11,120,3.1362862830019047,2.7700912935146413,2.9052595546968325,22.87416749121665,ff49,ew
rolling120,1939-01,1948-12,120,3.0811135450990506,2.7248811360372374,2.8981029102077573,22.76444067011842,ff49,ew
rolling120,1939-02,1949-01,120,3.4916254942887104,2.996308610908546,2.8958377964753503,22.729890088480865,ff49,ew
rolling120,1939-03,1949-02,120,3.1658012719781707,2.776491176084672,2.893288039609517,22.69056045880603,ff49,ew
rolling120,1939-04,1949-03,120,4.228361058922796,3.4594102804796223,2.8786807323623615,22.470970172438474,ff49,ew
rolling120,1939-05,1949-04,120,4.116606679233261,3.3849538898433615,2.8785859768559012,22.469539289675474,ff49,ew
rolling120,1939-06,1949-05,120,3.4938836444619747,2.9662815468032444,2.8711814192440817,22.35405153227055,ff49,ew
rolling120,1939-07,1949-06,120,3.862580092617325,3.196082201734426,2.8646721444478453,22.255358786520222,ff49,ew
rolling120,1939-08,1949-07,120,3.581850651960086,3.002732140750528,2.85854226103671,22.16383457086532,ff49,ew
rolling120,1939-09,1949-08,120,4.246935345950789,3.4256052300793547,2.8502545616280197,22.039216420043022,ff49,ew
rolling120,1939-10,1949-09,120,3.124117858184494,2.436268863775238,2.4753024846478686,16.883451776713347,ff49,ew
rolling120,1939-11,1949-10,120,3.2808153656912937,2.5074213124764255,2.4599444028495876,16.700924950060372,ff49,ew
rolling120,1939-12,1949-11,120,3.6317155452913177,2.694550922956823,2.4512805132929327,16.598304987917636,ff49,ew
rolling120,1940-01,1949-12,120,3.90067506366331,2.843652868962904,2.447005852890903,16.547741172152467,ff49,ew
rolling120,1940-02,1950-01,120,4.133105686904229,2.9776958836126597,2.4470054169843025,16.547746875554864,ff49,ew
rolling120,1940-03,1950-02,120,4.088261454331326,2.9519647240402183,2.447248119431666,16.550546326448817,ff49,ew
rolling120,1940-04,1950-03,120,3.9162533062078184,2.8408638377938575,2.4418530769965496,16.48500282120872,ff49,ew
rolling120,1940-05,1950-04,120,4.112424179950193,2.9493374106335812,2.4391928741001623,16.452872379956247,ff49,ew
rolling120,1940-06,1950-05,120,6.16965068643785,4.117462574501156,2.4330673857860217,16.381372917660002,ff49,ew
rolling120,1940-07,1950-06,120,5.293633632753853,3.5952365600666787,2.4224778337937063,16.255316899091998,ff49,ew
rolling120,1940-08,1950-07,120,5.260933506339111,3.615539712980584,2.442766382025251,16.490650278674142,ff49,ew
rolling120,1940-09,1950-08,120,5.48502094409041,3.728140015943204,2.4401230612078453,16.454444439686153,ff49,ew
rolling120,1940-10,1950-09,120,5.539496428120858,3.7074521040783037,2.375431558468704,15.627929521634965,ff49,ew
rolling120,1940-11,1950-10,120,5.247619241385042,3.5373517582960288,2.373818895306642,15.61018410028732,ff49,ew
rolling120,1940-12,1950-11,120,5.398826189200043,3.599332286101651,2.3689487088775927,15.551282478247568,ff49,ew
rolling120,1941-01,1950-12,120,5.9695187068264985,3.924676004046947,2.3733013320419203,15.600615385006229,ff49,ew
rolling120,1941-02,1951-01,120,6.447226322462194,4.167138230775793,2.3589389806685035,15.437209294028575,ff49,ew
rolling120,1941-03,1951-02,120,6.753318191293765,4.33348401599192,2.3575766401800617,15.421895860585215,ff49,ew
rolling120,1941-04,1951-03,120,6.354563357831723,4.086184066731893,2.3392218354583543,15.206571993693297,ff49,ew
rolling120,1941-05,1951-04,120,7.178654645650139,4.521853883752601,2.340001610426631,15.208110240526464,ff49,ew
rolling120,1941-06,1951-05,120,6.907878027134758,4.365381161169552,2.3379493496881527,15.18549777445596,ff49,ew
rolling120,1941-07,1951-06,120,6.126951716017068,3.918496325103918,2.3332011212546715,15.131409386737815,ff49,ew
rolling120,1941-08,1951-07,120,5.631809963792633,3.566115974736086,2.251958852016182,14.174445033921398,ff49,ew
rolling120,1941-09,1951-08,120,5.945027687274407,3.7247272243653815,2.24849221630965,14.13774304199785,ff49,ew
rolling120,1941-10,1951-09,120,6.275401341103335,3.896069537988611,2.2485545244019645,14.138077931691637,ff49,ew
rolling120,1941-11,1951-10,120,6.589856275942069,4.043239206142346,2.247229504971636,14.118703493376682,ff49,ew
rolling120,1941-12,1951-11,120,6.91112350978199,4.1973355089676945,2.2429320745547376,14.073410932202457,ff49,ew
rolling120,1942-01,1951-12,120,7.729215160135917,4.533810889216416,2.201614298907593,13.622729207454114,ff49,ew
rolling120,1942-02,1952-01,120,6.833054060257738,3.8730232834543687,2.028427285484762,11.83078713958675,ff49,ew
rolling120,1942-03,1952-02,120,6.8691588102643495,3.8814481069085347,2.029263559941263,11.836996496906018,ff49,ew
rolling120,1942-04,1952-03,120,7.401912864697724,4.132631844819578,2.0262309634985325,11.810037172543732,ff49,ew
rolling120,1942-05,1952-04,120,7.387524841114937,4.10564928408351,2.0174383682334143,11.729503194983849,ff49,ew
rolling120,1942-06,1952-05,120,7.219309786011284,4.008559757746044,2.0135357620765166,11.695100674868705,ff49,ew
rolling120,1942-07,1952-06,120,7.223610477236141,4.006953761858143,2.012753474348694,11.688145129818615,ff49,ew
rolling120,1942-08,1952-07,120,6.8761217139337925,3.8185571849280904,2.000824009654306,11.577935150148074,ff49,ew
rolling120,1942-09,1952-08,120,6.798602928584796,3.7661878292897346,1.999670128464976,11.566408419615621,ff49,ew
rolling120,1942-10,1952-09,120,6.327329581319589,3.5131983208636415,1.9863021629559297,11.447448568575432,ff49,ew
rolling120,1942-11,1952-10,120,5.632851920383896,3.149146373090114,1.9740810348196798,11.338520269476117,ff49,ew
rolling120,1942-12,1952-11,120,5.981297519161182,3.3000981136518144,1.9711132296274165,11.31244240289248,ff49,ew
rolling120,1943-01,1952-12,120,5.870683323629711,3.2335604512752494,1.9681601612497936,11.28523824529851,ff49,ew
rolling120,1943-02,1953-01,120,4.977418848619636,2.6055228206363266,1.6343264427032433,8.433118208708686,ff49,ew
rolling120,1943-03,1953-02,120,4.367039445889034,2.23711914368604,1.4969881624136483,7.478903153680146,ff49,ew
rolling120,1943-04,1953-03,120,3.8218426616969223,1.9878675583165075,1.4875391866997818,7.422359596304609,ff49,ew
rolling120,1943-05,1953-04,120,3.5366518951882266,1.8507223937737431,1.471785621686006,7.328290597706786,ff49,ew
rolling120,1943-06,1953-05,120,3.1765898939170016,1.6836347000347385,1.448761491914952,7.187662525874626,ff49,ew
rolling120,1943-07,1953-06,120,3.0028883493397807,1.6079674734079634,1.4449901831952539,7.166630035003591,ff49,ew
rolling120,1943-08,1953-07,120,3.3144056174726995,1.7126061357197553,1.4304351222355096,7.083418105826502,ff49,ew
rolling120,1943-09,1953-08,120,3.1010786559543204,1.622420383937601,1.4245236324767359,7.047563995663364,ff49,ew
rolling120,1943-10,1953-09,120,2.9404832735666786,1.557234264981596,1.423804010706041,7.04379805736487,ff49,ew
rolling120,1943-11,1953-10,120,3.051269674686745,1.5911372922579177,1.4085297803259293,6.950592451142455,ff49,ew
rolling120,1943-12,1953-11,120,3.5191353574571425,1.7684124302803008,1.4066286272163149,6.940898508113911,ff49,ew
rolling120,1944-01,1953-12,120,3.0650926864253485,1.587188565435193,1.4041526125932902,6.927685516841744,ff49,ew
rolling120,1944-02,1954-01,120,3.1363455276657195,1.6076203948039285,1.3950679924395908,6.875074783808695,ff49,ew
rolling120,1944-03,1954-02,120,3.1948482378184266,1.6233012982316741,1.3940465410584149,6.869714201580538,ff49,ew
rolling120,1944-04,1954-03,120,3.1304623731665258,1.59648774874244,1.3928874429262565,6.863572074434786,ff49,ew
rolling120,1944-05,1954-04,120,3.324415493174678,1.6748854330727656,1.3948355266959798,6.8736906847271015,ff49,ew
rolling120,1944-06,1954-05,120,3.2136178819535406,1.6315223221478041,1.3945827236517385,6.872374914708614,ff49,ew
rolling120,1944-07,1954-06,120,2.8778062505386974,1.4809373133727577,1.366702691068745,6.7078297034646255,ff49,ew
rolling120,1944-08,1954-07,120,3.218647142202143,1.612359568618181,1.3678753676386672,6.713999268356999,ff49,ew
rolling120,1944-09,1954-08,120,3.047142847563511,1.542631695450706,1.3640209720603007,6.693272691376509,ff49,ew
rolling120,1944-10,1954-09,120,3.2216485486900375,1.6085413865245854,1.3619724368654835,6.681617323912925,ff49,ew
rolling120,1944-11,1954-10,120,3.1633980742624237,1.5858463450290383,1.3617317563305764,6.680423544531978,ff49,ew
rolling120,1944-12,1954-11,120,3.4084964325509572,1.6809532791270554,1.362761328176919,6.68528971698814,ff49,ew
rolling120,1945-01,1954-12,120,3.4760420203465756,1.6768561492361755,1.308263985385286,6.350862579965721,ff49,ew
rolling120,1945-02,1955-01,120,3.3429416332067348,1.6163348563814184,1.2896389494317517,6.243389166112172,ff49,ew
rolling120,1945-03,1955-02,120,3.219579502434118,1.5703812723319583,1.2886639672954927,6.2387011182468495,ff49,ew
rolling120,1945-04,1955-03,120,3.476428804787192,1.6674404937421736,1.2912026867318158,6.251835690972216,ff49,ew
rolling120,1945-05,1955-04,120,3.2244021530847595,1.5723543070219952,1.289957009746054,6.245141593049082,ff49,ew
rolling120,1945-06,1955-05,120,3.148502665461761,1.5410089769637383,1.287989397477988,6.2357407280241794,ff49,ew
rolling120,1945-07,1955-06,120,3.156771925740662,1.5370864317958586,1.2825082579301614,6.208978186344808,ff49,ew
rolling120,1945-08,1955-07,120,3.2909994361873256,1.5872757036479763,1.2817321643868298,6.2043605591010795,ff49,ew
rolling120,1945-09,1955-08,120,3.043737658031218,1.4916106418111725,1.2797715786027737,6.1955934354037945,ff49,ew
rolling120,1945-10,1955-09,120,2.727242071525706,1.3678052782666068,1.2703572046491105,6.145873557017255,ff49,ew
rolling120,1945-11,1955-10,120,2.4267600647411327,1.2483227277544937,1.2589889707535904,6.088525499449327,ff49,ew
rolling120,1945-12,1955-11,120,2.281025343984284,1.1851447731797595,1.2430644627491834,6.0068690912458695,ff49,ew
rolling120,1946-01,1955-12,120,2.27570090356212,1.182045781953591,1.2419917837570071,6.001868867799619,ff49,ew
rolling120,1946-02,1956-01,120,1.9228467200075525,1.037415357322836,1.2044516047981442,5.802349599160313,ff49,ew
rolling120,1946-03,1956-02,120,2.21812765699808,1.141378625271416,1.2045031849755719,5.8030965844607785,ff49,ew
rolling120,1946-04,1956-03,120,2.212298977543874,1.1394901295031183,1.2110695600533843,5.838319727700898,ff49,ew
rolling120,1946-05,1956-04,120,2.005631475816221,1.0560655245384953,1.2019353039469667,5.799005832220244,ff49,ew
rolling120,1946-06,1956-05,120,1.771734874183863,0.9714959862446296,1.2015269187799227,5.798309913052244,ff49,ew
rolling120,1946-07,1956-06,120,1.989286880991259,1.0453750339365222,1.200910999316057,5.796324573593833,ff49,ew
rolling120,1946-08,1956-07,120,2.1952121884728206,1.1142840688466515,1.1938199702608643,5.760644805452867,ff49,ew
rolling120,1946-09,1956-08,120,2.4018750429719558,1.187645035266202,1.1954760241781044,5.768336076002244,ff49,ew
rolling120,1946-10,1956-09,120,2.7620011179222415,1.309844897146645,1.1932098718256468,5.758540206305353,ff49,ew
rolling120,1946-11,1956-10,120,2.8636546363032735,1.3419104399527026,1.1908860121618097,5.748325847435234,ff49,ew
rolling120,1946-12,1956-11,120,2.901405720250153,1.356336533978753,1.1935127634785416,5.7608321984049295,ff49,ew
rolling120,1947-01,1956-12,120,2.811408971393185,1.3189181076801704,1.1879134092326353,5.73513404446141,ff49,ew
rolling120,1947-02,1957-01,120,2.771693801640634,1.3046699944208675,1.187705212537826,5.734297927349166,ff49,ew
rolling120,1947-03,1957-02,120,2.7183151984790355,1.2861465709346414,1.187542940879873,5.733633070815439,ff49,ew
rolling120,1947-04,1957-03,120,2.949690459235335,1.3656836297996962,1.1874516249775124,5.733230163441153,ff49,ew
rolling120,1947-05,1957-04,120,3.4223804908074484,1.5291456302863111,1.187521821361557,5.733533239467362,ff49,ew
rolling120,1947-06,1957-05,120,3.7062814314218304,1.6263711548713107,1.1874949824846324,5.733598363826272,ff49,ew
rolling120,1947-07,1957-06,120,3.4223281729703574,1.5267747580127784,1.1871956539334119,5.7329456815119,ff49,ew
rolling120,1947-08,1957-07,120,3.207155680530831,1.4499452616076733,1.1850514985724787,5.723267193365577,ff49,ew
rolling120,1947-09,1957-08,120,3.0972513727013276,1.4112492749316212,1.1843826617998312,5.720255202387848,ff49,ew
rolling120,1947-10,1957-09,120,2.895783329738286,1.3421405371743196,1.1838649518095499,5.717293880550969,ff49,ew
rolling120,1947-11,1957-10,120,2.5424520764832934,1.22332500196236,1.1866784521183267,5.72974325448841,ff49,ew
rolling120,1947-12,1957-11,120,2.740403766909465,1.2947134994527707,1.190187617958653,5.745613561195993,ff49,ew
rolling120,1948-01,1957-12,120,2.5252439146225694,1.2022450638086732,1.132005793744019,5.418470186522267,ff49,ew
rolling120,1948-02,1958-01,120,2.9658292403812103,1.350691723346025,1.1293825564128577,5.405945386776981,ff49,ew
rolling120,1948-03,1958-02,120,3.1928293031815445,1.4319041839402884,1.1334664507979353,5.424271952123791,ff49,ew
rolling120,1948-04,1958-03,120,3.017857678556176,1.3622296042493716,1.1257232602712206,5.390465736780393,ff49,ew
rolling120,1948-05,1958-04,120,3.0281899496139877,1.3645940451566143,1.1246064871546257,5.385136985195435,ff49,ew
rolling120,1948-06,1958-05,120,2.827068271289907,1.29443951500458,1.1244324107119508,5.385800171762127,ff49,ew
rolling120,1948-07,1958-06,120,3.052229547668503,1.3649682815298518,1.1225817581642545,5.378670865750125,ff49,ew
rolling120,1948-08,1958-07,120,3.474016157242793,1.5084168913494993,1.123878812072669,5.384270806931963,ff49,ew
rolling120,1948-09,1958-08,120,3.6369626449488806,1.5652851839488526,1.1248351562637364,5.388219906825961,ff49,ew
rolling120,1948-10,1958-09,120,4.071416843189342,1.7144322565546475,1.1257011402689487,5.391560260373525,ff49,ew
rolling120,1948-11,1958-10,120,4.004197171580826,1.6978062385791317,1.1286466550035588,5.404200509274584,ff49,ew
rolling120,1948-12,1958-11,120,4.851271632068443,1.9875749524582407,1.1308430298965924,5.4138068064581635,ff49,ew
rolling120,1949-01,1958-12,120,4.971970460554719,2.0293450649142937,1.1298150922110024,5.408917707135658,ff49,ew
rolling120,1949-02,1959-01,120,5.099000577380268,2.0726412128940406,1.1310728789488211,5.414661840339751,ff49,ew
rolling120,1949-03,1959-02,120,5.553653454820562,2.2296352726883564,1.1314165338382833,5.415502893404265,ff49,ew
rolling120,1949-04,1959-03,120,5.31295820637095,2.147612605275984,1.133087270537813,5.422505343962692,ff49,ew
rolling120,1949-05,1959-04,120,5.692001191573977,2.2913993121240104,1.1415172223661125,5.459566960855378,ff49,ew
rolling120,1949-06,1959-05,120,6.0017573904788994,2.391023819194194,1.1394530942140018,5.451006099587571,ff49,ew
rolling120,1949-07,1959-06,120,6.1220041290077,2.433037937711881,1.1397099164204583,5.451969494645596,ff49,ew
rolling120,1949-08,1959-07,120,5.9304382954218555,2.3706658939575487,1.1413643415483707,5.459275087344911,ff49,ew
rolling120,1949-09,1959-08,120,5.671850882768146,2.290833878261618,1.1468896347531443,5.484727928503453,ff49,ew
rolling120,1949-10,1959-09,120,5.0964931448877735,2.0921059551431984,1.1450227253035252,5.475736341908411,ff49,ew
rolling120,1949-11,1959-10,120,5.007430217521373,2.0568761182226325,1.1380053657059161,5.440220979987195,ff49,ew
rolling120,1949-12,1959-11,120,5.0846598083265135,2.085531150859255,1.1413263131453646,5.455916360658036,ff49,ew
rolling120,1950-01,1959-12,120,4.816304548498432,1.9883628992597255,1.1393588733710434,5.447290385179197,ff49,ew
rolling120,1950-02,1960-01,120,4.395528629948893,1.8417559541365927,1.1374859139260403,5.439145614576476,ff49,ew
rolling120,1950-03,1960-02,120,4.355940665299784,1.8249189163613169,1.1355170606063894,5.430692822923185,ff49,ew
rolling120,1950-04,1960-03,120,4.316440739783474,1.8075189153870732,1.1331294132984444,5.4203296994975,ff49,ew
rolling120,1950-05,1960-04,120,4.011558935525517,1.692657428944893,1.1252762601402129,5.386182013985765,ff49,ew
rolling120,1950-06,1960-05,120,3.9983634339564516,1.6953941877515388,1.1300576953096273,5.405600814651487,ff49,ew
rolling120,1950-07,1960-06,120,4.530698186945971,1.8832679860202834,1.1345539707615429,5.4256798494724565,ff49,ew
rolling120,1950-08,1960-07,120,4.247446802457684,1.7370487085710107,1.0951798787871745,5.258377096428368,ff49,ew
rolling120,1950-09,1960-08,120,4.2066203665541515,1.7304966362758352,1.1043750682601086,5.300891844451032,ff49,ew
rolling120,1950-10,1960-09,120,3.6090575303278047,1.52974439451845,1.102432150252346,5.292632595268879,ff49,ew
rolling120,1950-11,1960-10,120,3.514629222330244,1.496852712564103,1.1007339471805748,5.2848848181585595,ff49,ew
rolling120,1950-12,1960-11,120,3.6373914691871434,1.5339258500921598,1.0983863730824985,5.275334930869822,ff49,ew
rolling120,1951-01,1960-12,120,3.506621921043995,1.4743143106917234,1.0794981490822408,5.1909284139829905,ff49,ew
rolling120,1951-02,1961-01,120,3.544635619463178,1.4850488135023014,1.0790436086244317,5.188964844172981,ff49,ew
rolling120,1951-03,1961-02,120,3.757260528883112,1.5576282749009054,1.0812257257021705,5.197845911876216,ff49,ew
rolling120,1951-04,1961-03,120,4.182105968886633,1.698436375783041,1.082404780234956,5.202733503904324,ff49,ew
rolling120,1951-05,1961-04,120,4.054706199056537,1.6568771530691724,1.0828683552565515,5.205232971339571,ff49,ew
rolling120,1951-06,1961-05,120,4.376030318087405,1.766674509801986,1.0848652958842857,5.2131688029478696,ff49,ew
rolling120,1951-07,1961-06,120,4.357060639263238,1.7582363438720294,1.0839680662464188,5.209808422044572,ff49,ew
rolling120,1951-08,1961-07,120,4.1176807877787525,1.6771207027721327,1.0823601677621226,5.203308256051205,ff49,ew
rolling120,1951-09,1961-08,120,4.008186803993647,1.6485588598947527,1.0879244775529668,5.227161013351102,ff49,ew
rolling120,1951-10,1961-09,120,3.7250477304255574,1.5532333905867597,1.084409770197465,5.211544969286273,ff49,ew
rolling120,1951-11,1961-10,120,3.9441821107539257,1.6325916129548428,1.09144717957295,5.242147453293612,ff49,ew
rolling120,1951-12,1961-11,120,4.158729508608092,1.7061368074260017,1.0927329639646908,5.2472924316489555,ff49,ew
rolling120,1952-01,1961-12,120,4.055207246133025,1.6718574521277967,1.092083975467357,5.244406522180716,ff49,ew
rolling120,1952-02,1962-01,120,3.915941672556169,1.6333777753908147,1.0958593424062881,5.259797325376877,ff49,ew
rolling120,1952-03,1962-02,120,4.0716386466975045,1.6840414799212444,1.0928757205979918,5.245531792131977,ff49,ew
rolling120,1952-04,1962-03,120,3.9031768402029403,1.6293468801440036,1.0925918019391279,5.244243734254731,ff49,ew
rolling120,1952-05,1962-04,120,3.7439883569080177,1.5797415012490104,1.0946336581765372,5.25259801610318,ff49,ew
rolling120,1952-06,1962-05,120,3.1663911783878094,1.3880248492794323,1.0954986809529395,5.256125467490443,ff49,ew
rolling120,1952-07,1962-06,120,2.6801491836675484,1.2290058541503157,1.097188792855588,5.262795871528681,ff49,ew
rolling120,1952-08,1962-07,120,2.8943224670897765,1.3015354401922705,1.0976558562845091,5.2645044359851765,ff49,ew
rolling120,1952-09,1962-08,120,2.9830521982563685,1.3321870764162285,1.0970616732240517,5.261154320840415,ff49,ew
rolling120,1952-10,1962-09,120,2.774704208306551,1.2639651516248671,1.0983299928651933,5.266552153487676,ff49,ew
rolling120,1952-11,1962-10,120,2.6908372755664147,1.239794431796383,1.1001135521814438,5.273421376894713,ff49,ew
rolling120,1952-12,1962-11,120,3.0065892390867885,1.352744380305048,1.1068643074956408,5.302516839009248,ff49,ew
rolling120,1953-01,1962-12,120,2.874845971481116,1.3056417878071542,1.1033442932293862,5.286890232185906,ff49,ew
rolling120,1953-02,1963-01,120,3.0810843715008236,1.3760188481011053,1.103818659475019,5.288684048413553,ff49,ew
rolling120,1953-03,1963-02,120,2.9568575467207494,1.3345771863198772,1.104550947786219,5.291999562848033,ff49,ew
rolling120,1953-04,1963-03,120,3.042805996666938,1.3614654906556838,1.1025363428199833,5.283396745192588,ff49,ew
rolling120,1953-05,1963-04,120,3.2959343118998268,1.4484328458461515,1.102970547484592,5.284601403695891,ff49,ew
rolling120,1953-06,1963-05,120,3.410814578349326,1.493621564397441,1.1094242239106817,5.313106951154502,ff49,ew
rolling120,1953-07,1963-06,120,3.4558704585415425,1.5087870738239186,1.1088212361213938,5.310359527405101,ff49,ew
rolling120,1953-08,1963-07,120,3.351804616249204,1.475374774550044,1.1102783456541538,5.31654140578076,ff49,ew
rolling120,1953-09,1963-08,120,3.7421562345767185,1.6057553358729209,1.109083150201013,5.3116848388580005,ff49,ew
rolling120,1953-10,1963-09,120,3.7317728310950677,1.6051113941586788,1.111622231949518,5.322714262652944,ff49,ew
rolling120,1953-11,1963-10,120,3.6552547316212047,1.5764485658506386,1.1094997351794673,5.313689138026615,ff49,ew
rolling120,1953-12,1963-11,120,3.4777329841082,1.5144827789615605,1.1073722028873498,5.304137329781603,ff49,ew
rolling120,1954-01,1963-12,120,3.4806465067070995,1.5173545320821005,1.1077543983594367,5.305364465640396,ff49,ew
rolling120,1954-02,1964-01,120,3.323250532118931,1.4664995796307347,1.1093824775987797,5.312219429623717,ff49,ew
rolling120,1954-03,1964-02,120,3.351694190437483,1.4760802990783906,1.1092843159752055,5.311747465682213,ff49,ew
rolling120,1954-04,1964-03,120,3.341464126168005,1.4720823549844306,1.1074776098404069,5.302992645326438,ff49,ew
rolling120,1954-05,1964-04,120,3.2815805304653516,1.4610831495217986,1.1278608088516424,5.408351059453395,ff49,ew
rolling120,1954-06,1964-05,120,3.136037747143588,1.4100128281594455,1.126166776990863,5.400918938416447,ff49,ew
rolling120,1954-07,1964-06,120,3.0836091953732216,1.3918303896846511,1.1261293749286254,5.400818993039442,ff49,ew
rolling120,1954-08,1964-07,120,2.935040800177185,1.3376205117469855,1.1231781783460577,5.38816984698303,ff49,ew
rolling120,1954-09,1964-08,120,2.942440037052436,1.3382183627101656,1.1207491816736193,5.377409495092159,ff49,ew
rolling120,1954-10,1964-09,120,2.9344590878216574,1.3435616170908722,1.1353664505594427,5.447192197673686,ff49,ew
rolling120,1954-11,1964-10,120,3.038918011826026,1.377593943721688,1.1333857856193825,5.438107747055913,ff49,ew
rolling120,1954-12,1964-11,120,2.720693272455281,1.2651034147399436,1.130291433013122,5.42532317145427,ff49,ew
rolling120,1955-01,1964-12,120,2.39113266048193,1.151286381393944,1.1297157067696426,5.423964804372467,ff49,ew
rolling120,1955-02,1965-01,120,2.5817466203535666,1.2173706769998054,1.129057730444395,5.4208612074959674,ff49,ew
rolling120,1955-03,1965-02,120,2.558329562786145,1.2069106548946877,1.128363807026499,5.418056936156096,ff49,ew
rolling120,1955-04,1965-03,120,2.609979499527941,1.2198321361240034,1.1233907128425002,5.396368070948264,ff49,ew
rolling120,1955-05,1965-04,120,2.6855407779708576,1.2419565633842224,1.1212810463569307,5.387811140084339,ff49,ew
rolling120,1955-06,1965-05,120,2.6424341468532395,1.2276753009313721,1.1217804589471732,5.389940926489567,ff49,ew
rolling120,1955-07,1965-06,120,2.232924090895809,1.0862477570954092,1.1173952846810706,5.37099156453,ff49,ew
rolling120,1955-08,1965-07,120,2.3233951648816746,1.1166293082142935,1.1189365099384687,5.378215702031531,ff49,ew
rolling120,1955-09,1965-08,120,2.447182789667972,1.1593524982282732,1.1187090131955837,5.376936402359788,ff49,ew
rolling120,1955-10,1965-09,120,2.597928530686814,1.2184449816119391,1.1323681240554238,5.441462504049126,ff49,ew
rolling120,1955-11,1965-10,120,2.876902689402428,1.3182604263645121,1.1384075915682241,5.468587232445156,ff49,ew
rolling120,1955-12,1965-11,120,2.868189471920277,1.3265895674472283,1.1482875630669631,5.513853609486589,ff49,ew
rolling120,1956-01,1965-12,120,2.964638132592513,1.3713511703161563,1.1654960325319808,5.597615580319368,ff49,ew
rolling120,1956-02,1966-01,120,3.27713465691504,1.4909992492785944,1.16529887876112,5.5995450016568755,ff49,ew
rolling120,1956-03,1966-02,120,3.2593998159950432,1.486004021973134,1.1662145538791904,5.603208474795111,ff49,ew
rolling120,1956-04,1966-03,120,3.0151279236801907,1.3927188190924007,1.154227703384973,5.545256187152069,ff49,ew
rolling120,1956-05,1966-04,120,3.2259465650364927,1.4714191713958713,1.1603766416076593,5.573291783189771,ff49,ew
rolling120,1956-06,1966-05,120,2.991880947203096,1.401708669911005,1.1747842729107467,5.6450974262803335,ff49,ew
rolling120,1956-07,1966-06,120,2.8871513950689396,1.3642768407584112,1.173585731849068,5.63925563898444,ff49,ew
rolling120,1956-08,1966-07,120,2.71508387890717,1.3033293515468976,1.1741376535071983,5.642420965252514,ff49,ew
rolling120,1956-09,1966-08,120,2.3740622011204717,1.1833460751000884,1.1721487957515981,5.633102138439305,ff49,ew
rolling120,1956-10,1966-09,120,2.41280872884569,1.1976794502469932,1.1721644797282342,5.633079391440634,ff49,ew
rolling120,1956-11,1966-10,120,2.310555951773459,1.179369195488336,1.1731664816968876,5.644015565538466,ff49,ew
rolling120,1956-12,1966-11,120,2.455332596281316,1.2349145863228217,1.1757648528227065,5.654291092090979,ff49,ew
rolling120,1957-01,1966-12,120,2.4768022968002756,1.2854579150641199,1.3384157613623842,6.696797282673998,ff49,ew
rolling120,1957-02,1967-01,120,3.0336878428166694,1.5026238359028679,1.3430443459737083,6.71645902255192,ff49,ew
rolling120,1957-03,1967-02,120,3.3077449963437386,1.609950898088935,1.3451354846272665,6.725606810000481,ff49,ew
rolling120,1957-04,1967-03,120,3.4702007494647784,1.6784059864418295,1.3514794448326806,6.758341346495284,ff49,ew
rolling120,1957-05,1967-04,120,3.56124199622289,1.7140369674191236,1.3538009750279294,6.771473180854831,ff49,ew
rolling120,1957-06,1967-05,120,3.4261257130040423,1.6683965791933293,1.3593356808938057,6.801691612665635,ff49,ew
rolling120,1957-07,1967-06,120,3.819957711739219,1.8238114383905646,1.3620848741089289,6.81378197626632,ff49,ew
rolling120,1957-08,1967-07,120,4.1786511379274875,1.9686882478888468,1.3656298656198291,6.830500824750266,ff49,ew
rolling120,1957-09,1967-08,120,4.447333064938586,2.072519185388161,1.3652438763296215,6.827991351425597,ff49,ew
rolling120,1957-10,1967-09,120,5.094203257711497,2.336907363782551,1.3817711941061432,6.922376873149011,ff49,ew
rolling120,1957-11,1967-10,120,5.419124437758039,2.4727939473354184,1.3930712851742384,6.988261719317272,ff49,ew
rolling120,1957-12,1967-11,120,5.266559015679977,2.4139116782712815,1.3936806626072864,6.99229282380332,ff49,ew
rolling120,1958-01,1967-12,120,6.03600657758348,2.6996203926653,1.3877508619223098,6.961277259630699,ff49,ew
rolling120,1958-02,1968-01,120,5.524759964782953,2.538752865251693,1.3876024800625224,6.966109633986472,ff49,ew
rolling120,1958-03,1968-02,120,5.170189584170126,2.4178928465499823,1.4021684679844488,7.055527236110445,ff49,ew
rolling120,1958-04,1968-03,120,4.834956144874782,2.28219189419131,1.399478668947533,7.041475413361369,ff49,ew
rolling120,1958-05,1968-04,120,5.465727101485382,2.5376782258176735,1.4024201759123307,7.055610108439275,ff49,ew
rolling120,1958-06,1968-05,120,5.831887600929972,2.695054606971787,1.4066600651789416,7.076413928420423,ff49,ew
rolling120,1958-07,1968-06,120,5.679679979799879,2.647309242159037,1.411562519399465,7.102314235393096,ff49,ew
rolling120,1958-08,1968-07,120,5.199989210857367,2.4609533160143116,1.4133001581678988,7.111262236029362,ff49,ew
rolling120,1958-09,1968-08,120,5.181610887857824,2.459147740080253,1.414569437596279,7.117042118534535,ff49,ew
rolling120,1958-10,1968-09,120,5.347836871085987,2.525316119097346,1.4147567259272216,7.118167588650294,ff49,ew
rolling120,1958-11,1968-10,120,5.135054132842299,2.4356549113386627,1.4126605012721212,7.107391869938915,ff49,ew
rolling120,1958-12,1968-11,120,5.234917490807901,2.473455494179601,1.4113377258733735,7.100624122916908,ff49,ew
rolling120,1959-01,1968-12,120,5.097222407554652,2.434735698338092,1.4263479726346906,7.188833742803881,ff49,ew
rolling120,1959-02,1969-01,120,4.8564661117955845,2.3385663139854227,1.4279438861199985,7.199228815197925,ff49,ew
rolling120,1959-03,1969-02,120,4.151033937016023,2.0511424177409143,1.424730335234377,7.1825774423294035,ff49,ew
rolling120,1959-04,1969-03,120,4.158636100119904,2.0537257647574565,1.4244773369944506,7.181240918190807,ff49,ew
rolling120,1959-05,1969-04,120,4.005523652093076,1.9886077079658726,1.4199667183408942,7.15653486311659,ff49,ew
rolling120,1959-06,1969-05,120,4.017228358001022,1.9989360103908282,1.4240429529881704,7.178560067603612,ff49,ew
rolling120,1959-07,1969-06,120,3.390476908794457,1.749033327267592,1.4237632720166775,7.176995588230308,ff49,ew
rolling120,1959-08,1969-07,120,2.827386057014565,1.531413400933558,1.425538396296887,7.185377818765456,ff49,ew
rolling120,1959-09,1969-08,120,3.1081809024630713,1.6422062981293146,1.4238483682440788,7.175709946262186,ff49,ew
rolling120,1959-10,1969-09,120,3.2208697422960935,1.6915503448110991,1.426931073013986,7.192184805533549,ff49,ew
rolling120,1959-11,1969-10,120,3.5164115584558573,1.8261510406533852,1.4471233110742232,7.317320972603702,ff49,ew
rolling120,1959-12,1969-11,120,3.174495579023633,1.6877336512559409,1.4457485919410067,7.308672871980817,ff49,ew
rolling120,1960-01,1969-12,120,2.8121570254813504,1.548061429164751,1.451142932200436,7.337697396004633,ff49,ew
rolling120,1960-02,1970-01,120,2.786315109118545,1.5476130592133825,1.449977405471454,7.332776143288257,ff49,ew
rolling120,1960-03,1970-02,120,2.8884947886830865,1.5981738753814545,1.4500454420598332,7.33330926357046,ff49,ew
rolling120,1960-04,1970-03,120,2.8580093459329583,1.5874244008561793,1.4514765125389388,7.340962565035367,ff49,ew
rolling120,1960-05,1970-04,120,2.2277818591259546,1.3495681969922073,1.4580911189889847,7.374547129207494,ff49,ew
rolling120,1960-06,1970-05,120,1.827336300819439,1.184390921910516,1.450201865094695,7.330641775235963,ff49,ew
rolling120,1960-07,1970-06,120,1.5534937531386306,1.073065894717401,1.454179218560261,7.3526836009636085,ff49,ew
rolling120,1960-08,1970-07,120,1.737712317523087,1.1565614479136987,1.459328377078057,7.379588661708834,ff49,ew
rolling120,1960-09,1970-08,120,1.7715358638895986,1.1701161611048623,1.4554761812097934,7.355011404099018,ff49,ew
rolling120,1960-10,1970-09,120,2.370999014592724,1.4455338279365462,1.4946554172806645,7.604343969396598,ff49,ew
rolling120,1960-11,1970-10,120,2.2047991605328936,1.3905700408836088,1.4991865417326466,7.628752893921365,ff49,ew
rolling120,1960-12,1970-11,120,2.044855433355599,1.3261598181112204,1.505061855841155,7.662477767014846,ff49,ew
rolling120,1961-01,1970-12,120,2.1437930336601196,1.375704226031749,1.5100747197020694,7.689921831334301,ff49,ew
rolling120,1961-02,1971-01,120,2.3218306946703313,1.4590880491075755,1.5148108334104529,7.7160147098655045,ff49,ew
rolling120,1961-03,1971-02,120,2.285466445951407,1.4522570102578425,1.5310945395002324,7.823840310185709,ff49,ew
rolling120,1961-04,1971-03,120,2.3102387462054867,1.465836937589934,1.5340273868114145,7.841166273842731,ff49,ew
rolling120,1961-05,1971-04,120,2.353799088681041,1.4845364024435264,1.533111919775034,7.835407411340018,ff49,ew
rolling120,1961-06,1971-05,120,2.0665761497976254,1.360452031011742,1.537433698843144,7.86266830781647,ff49,ew
rolling120,1961-07,1971-06,120,2.1296839014609072,1.3876702322187668,1.536814454832971,7.859287162153547,ff49,ew
rolling120,1961-08,1971-07,120,1.9134411746613744,1.2979667833901667,1.5413481409588228,7.885194630116335,ff49,ew
rolling120,1961-09,1971-08,120,1.9509449673177546,1.3137373151031821,1.538240550950442,7.865089794560545,ff49,ew
rolling120,1961-10,1971-09,120,2.033537191401198,1.3516530442416188,1.539189526053975,7.870451544714442,ff49,ew
rolling120,1961-11,1971-10,120,1.7842844086868732,1.2403847097124014,1.5360439128510748,7.849450010669311,ff49,ew
rolling120,1961-12,1971-11,120,1.5498898685579574,1.1360468523485672,1.5361529111324304,7.850212773754113,ff49,ew
rolling120,1962-01,1971-12,120,1.8712684093199727,1.280910849370958,1.537592798443716,7.858138264460385,ff49,ew
rolling120,1962-02,1972-01,120,2.2370126517613533,1.451707395011525,1.547537652266029,7.918216776149847,ff49,ew
rolling120,1962-03,1972-02,120,2.33394887126313,1.4975525495781856,1.549036284059897,7.926686528126075,ff49,ew
rolling120,1962-04,1972-03,120,2.3699512372117084,1.5128082153084268,1.548507594347678,7.923800407143578,ff49,ew
rolling120,1962-05,1972-04,120,2.657391514708192,1.6454710313752299,1.5523830512311212,7.948470943413126,ff49,ew
rolling120,1962-06,1972-05,120,3.0074266259839257,1.8040141771174325,1.5539934466770104,7.959014602223839,ff49,ew
rolling120,1962-07,1972-06,120,3.2595648098468795,1.9195257320436991,1.5545992851071218,7.962157024521721,ff49,ew
rolling120,1962-08,1972-07,120,2.8646892318874904,1.7441637398364145,1.5565786029101587,7.973775229821199,ff49,ew
rolling120,1962-09,1972-08,120,2.7929235309452403,1.7157538415494233,1.559190559381678,7.989023194762552,ff49,ew
rolling120,1962-10,1972-09,120,2.9011079088659577,1.7643842832071894,1.5588085603956134,7.986604712657766,ff49,ew
rolling120,1962-11,1972-10,120,2.9502476873988734,1.7915810500418436,1.5593050474558177,7.989168793715409,ff49,ew
rolling120,1962-12,1972-11,120,2.5957601246336344,1.628701411938731,1.5564430645619858,7.971065785858119,ff49,ew
rolling120,1963-01,1972-12,120,2.5635792921251745,1.6145075742160004,1.5570943108137782,7.975120944353089,ff49,ew
rolling120,1963-02,1973-01,120,2.1592417128030528,1.4388286212156167,1.5656317521094738,8.028079342070678,ff49,ew
rolling120,1963-03,1973-02,120,2.0156404214013417,1.384531805863419,1.5868784228877766,8.171803472421866,ff49,ew
rolling120,1963-04,1973-03,120,1.8899355645883573,1.3270946252023934,1.587225319123788,8.173970982273042,ff49,ew
rolling120,1963-05,1973-04,120,1.5556210914700164,1.1778357887699298,1.58953236722398,8.187953695470199,ff49,ew
rolling120,1963-06,1973-05,120,1.2648248650585683,1.0475768055829857,1.5913309002289333,8.19755387522659,ff49,ew
rolling120,1963-07,1973-06,120,1.2389581271669114,1.037944023774561,1.5953429838021052,8.222848409845518,ff49,ew
rolling120,1963-08,1973-07,120,1.5036399773301112,1.163853443311985,1.5983908080708227,8.2404201772838,ff49,ew
rolling120,1963-09,1973-08,120,1.2939075710959522,1.0677235720616713,1.6004903515049291,8.253471903817715,ff49,ew
rolling120,1963-10,1973-09,120,1.4939294233023324,1.163680343239924,1.6058904494817268,8.289558793130292,ff49,ew
rolling120,1963-11,1973-10,120,1.462492161818286,1.1579165156022622,1.623133839785964,8.40448068713123,ff49,ew
rolling120,1963-12,1973-11,120,1.0841638894384742,0.9935507161319038,1.6505025881506226,8.585586494156017,ff49,ew
rolling120,1964-01,1973-12,120,1.0135771739418926,0.9698400177901044,1.6759966005586058,8.768877486188396,ff49,ew
rolling120,1964-02,1974-01,120,1.229210797524658,1.0774316407633513,1.6828464706897976,8.816126508861174,ff49,ew
rolling120,1964-03,1974-02,120,1.1961999077352776,1.0617570956712257,1.683306686060526,8.819195843320987,ff49,ew
rolling120,1964-04,1974-03,120,1.166971610545422,1.0469352072224172,1.6819037351592803,8.809508335292726,ff49,ew
rolling120,1964-05,1974-04,120,1.046783606432681,0.9856272908251771,1.6699670737550338,8.717873285745952,ff49,ew
rolling120,1964-06,1974-05,120,0.898236779714557,0.9136601287028914,1.6691536896439616,8.71247247700622,ff49,ew
rolling120,1964-07,1974-06,120,0.8400188854718253,0.8865950565914752,1.6708534736643932,8.723618810544657,ff49,ew
rolling120,1964-08,1974-07,120,0.6947943585292571,0.8207938429541946,1.6843443321837852,8.823095270376621,ff49,ew
rolling120,1964-09,1974-08,120,0.5766027808546272,0.7646016385723174,1.6870724552453271,8.841954090095722,ff49,ew
rolling120,1964-10,1974-09,120,0.3832089428633651,0.6698814819171656,1.679073765364962,8.78206277223302,ff49,ew
rolling120,1964-11,1974-10,120,0.4949481163873266,0.7347632286993238,1.720049484886966,9.08853346462963,ff49,ew
rolling120,1964-12,1974-11,120,0.42305187421791146,0.7015879825663016,1.7263088493301866,9.13352717819259,ff49,ew
rolling120,1965-01,1974-12,120,0.3238175933105802,0.6532230675121813,1.7269979350533888,9.137181108064278,ff49,ew
rolling120,1965-02,1975-01,120,0.5811293929648569,0.7861193462109356,1.7392218461504358,9.221134329263473,ff49,ew
rolling120,1965-03,1975-02,120,0.6321728766166723,0.8132591848410697,1.7431670393721748,9.248917187444409,ff49,ew
rolling120,1965-04,1975-03,120,0.7425931363985847,0.8714316541573591,1.7492692992706305,9.291479489518693,ff49,ew
rolling120,1965-05,1975-04,120,0.7453335333536792,0.8753484528071153,1.754344195510544,9.327810151199825,ff49,ew
rolling120,1965-06,1975-05,120,0.8898481734235963,0.9490265184524818,1.7567237105395834,9.344855269199678,ff49,ew
rolling120,1965-07,1975-06,120,1.2052833929111668,1.1087474635904138,1.758517349140583,9.357361281190977,ff49,ew
rolling120,1965-08,1975-07,120,1.1099470851666564,1.0604129616048033,1.7571571879299737,9.346919673175796,ff49,ew
rolling120,1965-09,1975-08,120,0.9184105501195454,0.963956704973781,1.7567270481082107,9.343717163356708,ff49,ew
rolling120,1965-10,1975-09,120,0.7985292422102628,0.9008459728608395,1.7483269024447596,9.279681348625463,ff49,ew
rolling120,1965-11,1975-10,120,0.7159856761192491,0.8591346462125368,1.746194745994085,9.263023272816103,ff49,ew
rolling120,1965-12,1975-11,120,0.6591811881688858,0.8267459876119921,1.73738687742761,9.199932162848505,ff49,ew
rolling120,1966-01,1975-12,120,0.5647253065570323,0.7755540359597543,1.7240808249450454,9.100760665873585,ff49,ew
rolling120,1966-02,1976-01,120,0.7650064731525756,0.8736333685235514,1.7249929582182348,9.107118595699767,ff49,ew
rolling120,1966-03,1976-02,120,0.9016034460268654,0.9431823690774475,1.7283398249674988,9.130213427869617,ff49,ew
rolling120,1966-04,1976-03,120,0.9601468043632124,0.9787542627788391,1.756007173236491,9.361034122077637,ff49,ew
rolling120,1966-05,1976-04,120,0.8519341129961784,0.9216391234802118,1.7492949326922285,9.312250513729973,ff49,ew
rolling120,1966-06,1976-05,120,0.99733178075716,0.9904188236113667,1.7412172639107921,9.250971072212273,ff49,ew
rolling120,1966-07,1976-06,120,1.0776853173347378,1.0313968783465473,1.74307071290365,9.264009120106168,ff49,ew
rolling120,1966-08,1976-07,120,1.100906819765461,1.0429336349916747,1.7423595419231912,9.258259057652769,ff49,ew
rolling120,1966-09,1976-08,120,1.2902631238955777,1.1368285879577982,1.7426016179863966,9.260295370968118,ff49,ew
rolling120,1966-10,1976-09,120,1.3803758506541546,1.1820450109177114,1.7437441393800013,9.268724913111745,ff49,ew
rolling120,1966-11,1976-10,120,1.3813218320765275,1.1730266313060782,1.7381485294564343,9.230309640190868,ff49,ew
rolling120,1966-12,1976-11,120,1.3202339083307915,1.138223514164634,1.731191433603363,9.182059667775256,ff49,ew
rolling120,1967-01,1976-12,120,1.4692219396519905,1.1855233113329033,1.625687141378118,8.287620052118042,ff49,ew
rolling120,1967-02,1977-01,120,1.190537904736475,1.0484218106357823,1.622626299065723,8.270401197602771,ff49,ew
rolling120,1967-03,1977-02,120,1.108215409425274,1.0073279371638646,1.6212405048547238,8.263129433656285,ff49,ew
rolling120,1967-04,1977-03,120,0.993134389522776,0.9496768142237253,1.6150700014429102,8.221358132391904,ff49,ew
rolling120,1967-05,1977-04,120,0.9341318916998163,0.9198583795059607,1.610946371842124,8.193529903127313,ff49,ew
rolling120,1967-06,1977-05,120,0.9435745039079493,0.9223705170948403,1.605256815971187,8.1542435238179,ff49,ew
rolling120,1967-07,1977-06,120,0.8843822517046032,0.8911904160071706,1.599840862390079,8.120488858706315,ff49,ew
rolling120,1967-08,1977-07,120,0.7620772324982121,0.8311074792584687,1.5959758488745845,8.096491154603601,ff49,ew
rolling120,1967-09,1977-08,120,0.7437219712596213,0.8208641247557786,1.5935028704363765,8.081488265556144,ff49,ew
rolling120,1967-10,1977-09,120,0.6576529947481509,0.7750804389515954,1.5768147280611557,7.967522319469802,ff49,ew
rolling120,1967-11,1977-10,120,0.6398812619334191,0.76257438616866,1.5634758350289455,7.878026908172285,ff49,ew
rolling120,1967-12,1977-11,120,0.7526025668513652,0.8137431711258123,1.559822364549355,7.854308081694888,ff49,ew
rolling120,1968-01,1977-12,120,0.6561190254460207,0.7670709592189408,1.5563566372970423,7.833702268549143,ff49,ew
rolling120,1968-02,1978-01,120,0.6052408302704957,0.7346726278101674,1.5477623433812329,7.780238034272705,ff49,ew
rolling120,1968-03,1978-02,120,0.7473352040299537,0.7936809862516284,1.530024518039813,7.660309257412087,ff49,ew
rolling120,1968-04,1978-03,120,0.8941096604868073,0.8610054218358366,1.5313449633116032,7.668296575502998,ff49,ew
rolling120,1968-05,1978-04,120,0.7838090461153708,0.8086155525998527,1.5266573329975877,7.640340363673138,ff49,ew
rolling120,1968-06,1978-05,120,0.7578225045568592,0.7952133881502816,1.5240870696860358,7.625057720202513,ff49,ew
rolling120,1968-07,1978-06,120,0.7508505677925017,0.7885143694095875,1.5172015603636364,7.583546310382137,ff49,ew
rolling120,1968-08,1978-07,120,0.8987455611603279,0.8543074753000791,1.5157454249787479,7.57495613896978,ff49,ew
rolling120,1968-09,1978-08,120,1.0070613082690802,0.9060945213228675,1.523716517103951,7.62520068881159,ff49,ew
rolling120,1968-10,1978-09,120,0.8725034584033815,0.8444159916050904,1.5221617293870626,7.616207710782118,ff49,ew
rolling120,1968-11,1978-10,120,0.5207423156948923,0.6900188211251209,1.5320810807177934,7.675125731467426,ff49,ew
rolling120,1968-12,1978-11,120,0.49010151632878696,0.6765009804742167,1.5314872227009035,7.670872803561043,ff49,ew
rolling120,1969-01,1978-12,120,0.4931103183450686,0.6734823711741273,1.5160428254243539,7.570680951490248,ff49,ew
rolling120,1969-02,1979-01,120,0.6424519983859533,0.7406013880261607,1.5145793028439463,7.560751396818736,ff49,ew
rolling120,1969-03,1979-02,120,0.767261231784711,0.7971450297459932,1.5155767697508291,7.567208031508455,ff49,ew
rolling120,1969-04,1979-03,120,0.8727920862171918,0.8446990955004356,1.5157235114286725,7.5684202002004755,ff49,ew
rolling120,1969-05,1979-04,120,0.9194707980870196,0.8627976692772696,1.5112379915426633,7.5427524846845655,ff49,ew
rolling120,1969-06,1979-05,120,0.9022953459477785,0.8532159320382449,1.5072718538314251,7.51876444635585,ff49,ew
rolling120,1969-07,1979-06,120,1.2626697434864131,1.0151533517696754,1.5087465896219474,7.528749344079961,ff49,ew
rolling120,1969-08,1979-07,120,1.5702089205829872,1.1480868746459534,1.504189750299989,7.5027446138774625,ff49,ew
rolling120,1969-09,1979-08,120,1.6196473494054233,1.169730221701313,1.5040021341932157,7.502294349552263,ff49,ew
rolling120,1969-10,1979-09,120,1.6609558418396895,1.1876477483859105,1.5050612503037395,7.510516450641596,ff49,ew
rolling120,1969-11,1979-10,120,1.1767816176674897,0.9630361558279111,1.483151264649276,7.367194124457203,ff49,ew
rolling120,1969-12,1979-11,120,1.4750290273033855,1.09722554710608,1.4873577910699403,7.392362303956848,ff49,ew
rolling120,1970-01,1979-12,120,1.8435847886158,1.2683541627072077,1.5106801627713315,7.552393403217379,ff49,ew
rolling120,1970-02,1980-01,120,2.31811870918161,1.4877145716812061,1.5323470613207937,7.687835397164904,ff49,ew
rolling120,1970-03,1980-02,120,2.1364879452433736,1.4015088496463313,1.5329670093486896,7.69160797288171,ff49,ew
rolling120,1970-04,1980-03,120,1.6836918383288322,1.2047657497083646,1.5380549195533157,7.721034169957418,ff49,ew
rolling120,1970-05,1980-04,120,2.4125088213146704,1.510210016917433,1.5286920524812555,7.665524854337574,ff49,ew
rolling120,1970-06,1980-05,120,3.060113041776561,1.7844142253667556,1.5278522283245604,7.660538401187957,ff49,ew
rolling120,1970-07,1980-06,120,3.584687008270274,2.0076780863421555,1.5250519521817134,7.6458359541590575,ff49,ew
rolling120,1970-08,1980-07,120,3.788154134495948,2.092959220366726,1.5252628136066089,7.648228995041284,ff49,ew
rolling120,1970-09,1980-08,120,3.8416035886939026,2.116331494949782,1.527385944758181,7.663055566348481,ff49,ew
rolling120,1970-10,1980-09,120,3.4571640078548844,1.9271558922761869,1.5013591834222741,7.489490004837609,ff49,ew
rolling120,1970-11,1980-10,120,3.969540111964668,2.1241574897507753,1.4975697998023494,7.464749556534498,ff49,ew
rolling120,1970-12,1980-11,120,4.30580627128249,2.2753867202735463,1.5049227166818429,7.510058909704749,ff49,ew
rolling120,1971-01,1980-12,120,3.7430289916631327,2.0275611062361714,1.5015567801866505,7.490432682102602,ff49,ew
rolling120,1971-02,1981-01,120,3.1803524406848247,1.782571487738944,1.4980362907125715,7.469978501117259,ff49,ew
rolling120,1971-03,1981-02,120,2.9717664734741156,1.6818828231912648,1.4806046195060218,7.356029008350175,ff49,ew
rolling120,1971-04,1981-03,120,3.0611670573865153,1.7158496793736189,1.4771917239223638,7.336169863669045,ff49,ew
rolling120,1971-05,1981-04,120,3.0649535122864817,1.719960075189157,1.4781851726342783,7.341452718577013,ff49,ew
rolling120,1971-06,1981-05,120,3.4140066471668407,1.8617696545576534,1.473242863533552,7.3114164286384495,ff49,ew
rolling120,1971-07,1981-06,120,3.453802349470376,1.8867884336400753,1.4755459647408407,7.323487076765377,ff49,ew
rolling120,1971-08,1981-07,120,3.653581984967464,1.9631938602148415,1.47303464392117,7.309073257737964,ff49,ew
rolling120,1971-09,1981-08,120,3.146163054197502,1.7466454455411695,1.4722508240119447,7.304835586462974,ff49,ew
rolling120,1971-10,1981-09,120,2.830751066629181,1.6150194655660124,1.4728038739358087,7.307642242374268,ff49,ew
rolling120,1971-11,1981-10,120,3.395740392200439,1.850418088404948,1.4730392413496394,7.309768283363559,ff49,ew
rolling120,1971-12,1981-11,120,3.6406119644048056,1.9546627302808548,1.4732127688646857,7.310507704819353,ff49,ew
rolling120,1972-01,1981-12,120,3.0642940729816104,1.7087287764563108,1.4711341613962414,7.298881270903208,ff49,ew
rolling120,1972-02,1982-01,120,2.601734845235739,1.5025368546710745,1.4588337422468831,7.228128718990152,ff49,ew
rolling120,1972-03,1982-02,120,2.3177709737093286,1.383699379119952,1.458253971218715,7.22451784224612,ff49,ew
rolling120,1972-04,1982-03,120,2.2963943872009116,1.3770681136372855,1.460257468110994,7.235733607768811,ff49,ew
rolling120,1972-05,1982-04,120,2.4697052828581123,1.445130959804284,1.4558937419370463,7.209392063352907,ff49,ew
rolling120,1972-06,1982-05,120,2.4312551606143438,1.4276451473081215,1.4536708490845986,7.196050425948302,ff49,ew
rolling120,1972-07,1982-06,120,2.4635293895460237,1.440202944645863,1.4542529748633228,7.199520889003215,ff49,ew
rolling120,1972-08,1982-07,120,2.5454357011408097,1.4722104971544696,1.4522428105506888,7.188110980004652,ff49,ew
rolling120,1972-09,1982-08,120,2.7640257504530976,1.565461365818949,1.457835602455663,7.22184106498694,ff49,ew
rolling120,1972-10,1982-09,120,3.0523568803621695,1.6881814733473246,1.459623522658225,7.231749670125521,ff49,ew
rolling120,1972-11,1982-10,120,3.6912480222538653,1.9511590423882101,1.4631589566956094,7.250880360275444,ff49,ew
rolling120,1972-12,1982-11,120,3.9493283347130603,2.073779532503297,1.4681155511539619,7.279031204605826,ff49,ew
rolling120,1973-01,1982-12,120,4.171585928249726,2.1663678022507176,1.4679773102589273,7.278267714003121,ff49,ew
rolling120,1973-02,1983-01,120,5.033858628706999,2.5636120196722185,1.515385557040277,7.597160309957875,ff49,ew
rolling120,1973-03,1983-02,120,5.814431578138997,2.881914421912362,1.4950680901782678,7.464171679616122,ff49,ew
rolling120,1973-04,1983-03,120,6.344353751487387,3.113270336206299,1.4979440001867272,7.4808176521975644,ff49,ew
rolling120,1973-05,1983-04,120,7.589482125783073,3.624446350889455,1.4960383052303645,7.4681560738660995,ff49,ew
rolling120,1973-06,1983-05,120,9.20437673844924,4.288415764370244,1.4946020078990854,7.458429425670521,ff49,ew
rolling120,1973-07,1983-06,120,10.045273693063127,4.665033089897686,1.5090028857497553,7.555629085210384,ff49,ew
rolling120,1973-08,1983-07,120,8.730813186093663,4.100856547550368,1.5073635651757944,7.5464002729172615,ff49,ew
rolling120,1973-09,1983-08,120,8.823781015142954,4.135750756556563,1.5061228343403934,7.539098870588759,ff49,ew
rolling120,1973-10,1983-09,120,8.201975226487928,3.868393918297206,1.5018506285733109,7.511681816710705,ff49,ew
rolling120,1973-11,1983-10,120,7.620279275661018,3.604652238726197,1.4880767581896792,7.425610505570064,ff49,ew
rolling120,1973-12,1983-11,120,9.73301682853005,4.414718825199427,1.4611069204333629,7.2674872767281125,ff49,ew
rolling120,1974-01,1983-12,120,10.000664897965578,4.460754345799232,1.4327717241442295,7.093595258672581,ff49,ew
rolling120,1974-02,1984-01,120,8.646291238711132,3.888931366269212,1.4245736646256084,7.047176321980714,ff49,ew
rolling120,1974-03,1984-02,120,8.059079513600544,3.664340105039431,1.4303098528911067,7.0803437981898805,ff49,ew
rolling120,1974-04,1984-03,120,8.05015953457946,3.656678352752725,1.4293272058924569,7.075131587309272,ff49,ew
rolling120,1974-05,1984-04,120,8.374602671198426,3.7823623563553737,1.4273197832781521,7.0640410885363245,ff49,ew
rolling120,1974-06,1984-05,120,8.585929725542037,3.8714944369050794,1.4289394549952927,7.073203873665091,ff49,ew
rolling120,1974-07,1984-06,120,9.026052419868499,4.048568259369217,1.4281266365314973,7.068458740971627,ff49,ew
rolling120,1974-08,1984-07,120,9.102277824953175,4.06207016077319,1.4144705099037411,6.982895523941828,ff49,ew
rolling120,1974-09,1984-08,120,10.904113698556035,4.77958672731461,1.4121990995836844,6.970113513248505,ff49,ew
rolling120,1974-10,1984-09,120,12.033511211442502,5.218389777173991,1.4117934795052844,6.967778924051589,ff49,ew
rolling120,1974-11,1984-10,120,10.601068922170157,4.556306698225266,1.3639687278275185,6.681854106890862,ff49,ew
rolling120,1974-12,1984-11,120,10.787174620713408,4.613414357362709,1.3583316020876848,6.650589389240696,ff49,ew
rolling120,1975-01,1984-12,120,11.864086969855457,5.029412464918451,1.3564726212231122,6.641061550372204,ff49,ew
rolling120,1975-02,1985-01,120,10.156738383412867,4.323786161029955,1.3468139993903188,6.592392775656029,ff49,ew
rolling120,1975-03,1985-02,120,9.918076499055617,4.219148079686456,1.3427223486577204,6.571293765851585,ff49,ew
rolling120,1975-04,1985-03,120,9.037164739776957,3.895506305550562,1.3566483685065065,6.653971841331076,ff49,ew
rolling120,1975-05,1985-04,120,8.481160437486874,3.66679785913449,1.352427393662443,6.631488220347823,ff49,ew
rolling120,1975-06,1985-05,120,8.039205167719599,3.4914379868825023,1.3503769364296119,6.620685212830325,ff49,ew
rolling120,1975-07,1985-06,120,7.493500241833567,3.277243971154394,1.3493865743675093,6.615592766356001,ff49,ew
rolling120,1975-08,1985-07,120,7.795721271014971,3.3924907752535316,1.3494646676842472,6.616374674268397,ff49,ew
rolling120,1975-09,1985-08,120,8.291733582802193,3.5839568685191106,1.3503448162261924,6.621310769474174,ff49,ew
rolling120,1975-10,1985-09,120,8.102705192987,3.5106803967226528,1.3500476726014154,6.619663489507547,ff49,ew
rolling120,1975-11,1985-10,120,8.116147638004884,3.511621566751337,1.34896662954585,6.614374004516594,ff49,ew
rolling120,1975-12,1985-11,120,8.473660904164081,3.6478406516658124,1.3491952596932193,6.615897262902379,ff49,ew
rolling120,1976-01,1985-12,120,8.840107028107333,3.7937506752605326,1.3488827893052953,6.613728139178697,ff49,ew
rolling120,1976-02,1986-01,120,7.644219310697194,3.3412896304981343,1.3615131349364757,6.690449720477379,ff49,ew
rolling120,1976-03,1986-02,120,7.262541967182621,3.1936571054257774,1.3593403904511017,6.679390606151295,ff49,ew
rolling120,1976-04,1986-03,120,7.548187733048902,3.2722629344011813,1.3219789184442647,6.442413847350125,ff49,ew
rolling120,1976-05,1986-04,120,7.6870629125475585,3.3244038553525566,1.3214261018223254,6.439537855507887,ff49,ew
rolling120,1976-06,1986-05,120,8.160885322387175,3.499771674579996,1.3178073020816072,6.420194369891185,ff49,ew
rolling120,1976-07,1986-06,120,7.960320662225808,3.4241870741485094,1.3186289916842207,6.424449534026549,ff49,ew
rolling120,1976-08,1986-07,120,7.305063108723042,3.1796675319201775,1.3219173113673883,6.441375206706883,ff49,ew
rolling120,1976-09,1986-08,120,7.681816775903457,3.3264337251498213,1.3241745740828634,6.45338935522876,ff49,ew
rolling120,1976-10,1986-09,120,7.043353609112858,3.0921980568839085,1.329825576626338,6.482751567159365,ff49,ew
rolling120,1976-11,1986-10,120,7.452129844303608,3.25168816182858,1.3305013685879874,6.486145036625925,ff49,ew
rolling120,1976-12,1986-11,120,7.184650972405924,3.152734840286428,1.3308053751150921,6.487506629543581,ff49,ew
rolling120,1977-01,1986-12,120,6.199120933454812,2.782361585068065,1.3357893429332808,6.514364670430998,ff49,ew
rolling120,1977-02,1987-01,120,6.696426728306943,2.967775149773801,1.3317981734427211,6.493077841104852,ff49,ew
rolling120,1977-03,1987-02,120,7.2377156308428425,3.181490248522857,1.332881153037193,6.497651057460293,ff49,ew
rolling120,1977-04,1987-03,120,7.45082410868477,3.2856206516844995,1.3459710813615033,6.569814939903416,ff49,ew
rolling120,1977-05,1987-04,120,7.146124962798712,3.176537752972691,1.3507166532428112,6.595155864296306,ff49,ew
rolling120,1977-06,1987-05,120,7.198883543953263,3.1986590855471317,1.3520898933076961,6.6025178787782774,ff49,ew
rolling120,1977-07,1987-06,120,6.9828529546600455,3.1133489943285917,1.3514818510973756,6.599190361835963,ff49,ew
rolling120,1977-08,1987-07,120,7.221919072449364,3.2193992216480343,1.3585553498725285,6.637153386748522,ff49,ew
rolling120,1977-09,1987-08,120,7.429712598094417,3.3044287559431287,1.3607644430527623,6.649413777331142,ff49,ew
rolling120,1977-10,1987-09,120,7.190881141836654,3.2109681401513996,1.3603493865814633,6.647098514540181,ff49,ew
rolling120,1977-11,1987-10,120,4.9974054398401595,2.387806191763734,1.3813568624413048,6.763481172324373,ff49,ew
rolling120,1977-12,1987-11,120,4.332550273667891,2.134748578141147,1.3902133078485786,6.813028335620939,ff49,ew
rolling120,1978-01,1987-12,120,4.436750328396211,2.191244654882799,1.3998430698692754,6.866357704140758,ff49,ew
rolling120,1978-02,1988-01,120,4.866719903686458,2.3703592425561313,1.4005791050051688,6.869539109068803,ff49,ew
rolling120,1978-03,1988-02,120,5.117173535599514,2.479217871758628,1.4042346152199012,6.889092217469497,ff49,ew
rolling120,1978-04,1988-03,120,4.913452352798571,2.3981304324478065,1.404230702521994,6.888771075990592,ff49,ew
rolling120,1978-05,1988-04,120,4.616879061754297,2.295102532758658,1.430203424463833,7.053176960362228,ff49,ew
rolling120,1978-06,1988-05,120,4.120980580474803,2.0863848132356777,1.4261743279722114,7.030682158881784,ff49,ew
rolling120,1978-07,1988-06,120,4.319574002737303,2.169589345583881,1.4267862653324646,7.0337115258352885,ff49,ew
rolling120,1978-08,1988-07,120,4.050531916399414,2.058263699544425,1.4262101982227346,7.030964440709193,ff49,ew
rolling120,1978-09,1988-08,120,3.4887274221043745,1.8171568268374716,1.4156322612107313,6.97078977353707,ff49,ew
rolling120,1978-10,1988-09,120,3.5479577758666796,1.8436601076588781,1.415472709639337,6.969148697959953,ff49,ew
rolling120,1978-11,1988-10,120,4.530076645531533,2.2279950342642723,1.410152020392363,6.943522770251446,ff49,ew
rolling120,1978-12,1988-11,120,4.063604820617628,2.0341902141476864,1.408524367540996,6.934732180639047,ff49,ew
rolling120,1979-01,1988-12,120,4.126733993253203,2.061932659408681,1.409261787851495,6.938391445723462,ff49,ew
rolling120,1979-02,1989-01,120,3.9580842228937003,1.9940363417098907,1.4089544920979513,6.9364386610576085,ff49,ew
rolling120,1979-03,1989-02,120,4.113754138315926,2.071554238609313,1.4333191650651689,7.09545297254603,ff49,ew
rolling120,1979-04,1989-03,120,3.83519368278664,1.9596969917186893,1.4353917864470402,7.108458951122131,ff49,ew
rolling120,1979-05,1989-04,120,3.853311765524891,1.9676659844127262,1.4354803651685903,7.108789043899897,ff49,ew
rolling120,1979-06,1989-05,120,4.021130139937076,2.044466450727381,1.4399777154502298,7.13484463081533,ff49,ew
rolling120,1979-07,1989-06,120,3.7141113947560527,1.9175426938482452,1.4375709591897186,7.1204063355483145,ff49,ew
rolling120,1979-08,1989-07,120,3.762060981827589,1.9389931507530436,1.4389370978775131,7.128052655874278,ff49,ew
rolling120,1979-09,1989-08,120,3.505180308438815,1.8321359654604963,1.436765629875694,7.115258676657137,ff49,ew
rolling120,1979-10,1989-09,120,3.512839449012426,1.8312311494777778,1.4318157459063576,7.085816818529034,ff49,ew
rolling120,1979-11,1989-10,120,3.716559806322744,1.9168790834585556,1.4325642621775658,7.089756409526022,ff49,ew
rolling120,1979-12,1989-11,120,3.3709862734842337,1.7788826324782,1.4359344195646486,7.11168734534702,ff49,ew
rolling120,1980-01,1989-12,120,3.0165088699335127,1.6160078434054852,1.4048111227365365,6.917458222769656,ff49,ew
rolling120,1980-02,1990-01,120,2.4104705262578348,1.3586036445449416,1.3856750726789389,6.809230533984933,ff49,ew
rolling120,1980-03,1990-02,120,2.538380769262938,1.4067735669102281,1.3826683316191317,6.792930813321513,ff49,ew
rolling120,1980-04,1990-03,120,3.381201263819534,1.73199912622713,1.378108787373836,6.769967978899075,ff49,ew
rolling120,1980-05,1990-04,120,3.096104532112859,1.6205612993677678,1.380155169590411,6.781632401804655,ff49,ew
rolling120,1980-06,1990-05,120,2.9913094854380904,1.5818734754169024,1.3821455655104118,6.791784215870934,ff49,ew
rolling120,1980-07,1990-06,120,2.8522973370563567,1.525047854888723,1.37757383690337,6.764041890133094,ff49,ew
rolling120,1980-08,1990-07,120,2.420349947621919,1.3531833511886928,1.3760129705338828,6.755632760451023,ff49,ew
rolling120,1980-09,1990-08,120,1.8226390091856204,1.118000485440543,1.3777191636165336,6.764299488697988,ff49,ew
rolling120,1980-10,1990-09,120,1.468051763062486,0.9747795962304829,1.3671079274588955,6.699092974471435,ff49,ew
rolling120,1980-11,1990-10,120,1.2398375510588941,0.8886905689025563,1.3716657848912863,6.72296810034414,ff49,ew
rolling120,1980-12,1990-11,120,1.1512487454638878,0.8499117465522804,1.35953492684475,6.656075153244052,ff49,ew
rolling120,1981-01,1990-12,120,1.2502200533228223,0.8918446833197491,1.3664456731733143,6.694090825906415,ff49,ew
rolling120,1981-02,1991-01,120,1.4211355719839935,0.9660447659360232,1.37425226392424,6.734930623333798,ff49,ew
rolling120,1981-03,1991-02,120,1.745415541889093,1.0995336407862224,1.3793247970644233,6.761779543437667,ff49,ew
rolling120,1981-04,1991-03,120,1.7391480011672442,1.1050829134202302,1.3909737530768522,6.825681396318444,ff49,ew
rolling120,1981-05,1991-04,120,1.7337560848635079,1.1014006511046666,1.3899473087626402,6.820792696585282,ff49,ew
rolling120,1981-06,1991-05,120,1.732888256782807,1.1052345226882447,1.3927268669656694,6.835346478769003,ff49,ew
rolling120,1981-07,1991-06,120,1.6651724375482986,1.075966701674158,1.394877924854354,6.849642020141912,ff49,ew
rolling120,1981-08,1991-07,120,1.8083486851047148,1.1338136880756415,1.3948200576993526,6.849164202206071,ff49,ew
rolling120,1981-09,1991-08,120,2.099945798569026,1.252798877977073,1.3954372550696617,6.852279839925593,ff49,ew
rolling120,1981-10,1991-09,120,2.39025869795149,1.3720358898918916,1.3971197837251508,6.86247035887719,ff49,ew
rolling120,1981-11,1991-10,120,2.2131655340775658,1.302110964183849,1.3984697793220264,6.869738443847031,ff49,ew
rolling120,1981-12,1991-11,120,2.0868691367361336,1.2520193064250797,1.4009217113549544,6.883585928925014,ff49,ew
rolling120,1982-01,1991-12,120,2.2762110392917005,1.3349691865344118,1.4061757451121348,6.911663567021762,ff49,ew
rolling120,1982-02,1992-01,120,2.825417520865587,1.5901039744669943,1.4335463269810693,7.065787119235807,ff49,ew
rolling120,1982-03,1992-02,120,3.169954780075707,1.7372659082020152,1.4371154653832758,7.085371026589312,ff49,ew
rolling120,1982-04,1992-03,120,3.162484709235172,1.7361314614826926,1.4389462020810844,7.095868890116464,ff49,ew
rolling120,1982-05,1992-04,120,2.802254938754192,1.5914170007799282,1.4432096638238134,7.119361138919075,ff49,ew
rolling120,1982-06,1992-05,120,2.907255390382702,1.6374397784398658,1.4461894432036884,7.137235508069711,ff49,ew
rolling120,1982-07,1992-06,120,2.8372550873203246,1.6112295423027154,1.4488231199896209,7.152674800996979,ff49,ew
rolling120,1982-08,1992-07,120,2.9467371708030647,1.6608971748718877,1.451626005402832,7.169015629102776,ff49,ew
rolling120,1982-09,1992-08,120,2.577107610213545,1.500759664023315,1.4447818904490695,7.128071999087487,ff49,ew
rolling120,1982-10,1992-09,120,2.5000112837544264,1.4671876671502933,1.444445707280495,7.126636179605351,ff49,ew
rolling120,1982-11,1992-10,120,2.116753577811405,1.3049422200515186,1.441927785726961,7.112133354852922,ff49,ew
rolling120,1982-12,1992-11,120,2.021488493970048,1.2597718500244133,1.4393027496763342,7.097263594566731,ff49,ew
rolling120,1983-01,1992-12,120,2.0510491402283946,1.271992665534605,1.4394567440873183,7.098306750255117,ff49,ew
rolling120,1983-02,1993-01,120,1.8888286093496114,1.1862056446933857,1.3845904554407718,6.750170977381533,ff49,ew
rolling120,1983-03,1993-02,120,1.699010882713842,1.1101273993412122,1.38924526003908,6.775607436290889,ff49,ew
rolling120,1983-04,1993-03,120,1.6319324815650127,1.083025225400844,1.3883165761022436,6.770237236474045,ff49,ew
rolling120,1983-05,1993-04,120,1.3985751598040008,0.992363938391288,1.3987937996026083,6.831747342722093,ff49,ew
rolling120,1983-06,1993-05,120,1.308070954475764,0.9546651298408796,1.399238784145727,6.834920930083546,ff49,ew
rolling120,1983-07,1993-06,120,1.210964760335104,0.9093718793714872,1.3823695501393958,6.72949770313456,ff49,ew
rolling120,1983-08,1993-07,120,1.2927594544368204,0.9440493629430384,1.3849348229932876,6.744253421559368,ff49,ew
rolling120,1983-09,1993-08,120,1.4618708452140727,1.01917325385912,1.39558702816786,6.8064075886286775,ff49,ew
rolling120,1983-10,1993-09,120,1.4829219527937587,1.0273520178965547,1.3931900553141925,6.793045432844346,ff49,ew
rolling120,1983-11,1993-10,120,1.7498290943559494,1.136789536323849,1.3943193386677062,6.801463224692056,ff49,ew
rolling120,1983-12,1993-11,120,1.5975815009315988,1.0762935026196705,1.3969932464205985,6.815498856126181,ff49,ew
rolling120,1984-01,1993-12,120,1.6827060668506313,1.112726547149321,1.3983800109627194,6.822892604507159,ff49,ew
rolling120,1984-02,1994-01,120,1.7921999234301635,1.1602742242544681,1.400361778561648,6.833243028703747,ff49,ew
rolling120,1984-03,1994-02,120,1.9235464595595242,1.2111184733305072,1.3937829965439132,6.795372076062909,ff49,ew
rolling120,1984-04,1994-03,120,1.7566324235869164,1.1421111759552092,1.3935105693967997,6.793608562183034,ff49,ew
rolling120,1984-05,1994-04,120,1.7667032449379012,1.148122613294005,1.3958759419770448,6.806490340751953,ff49,ew
rolling120,1984-06,1994-05,120,1.8934198115417757,1.200666543479235,1.395433531468599,6.803754321076018,ff49,ew
rolling120,1984-07,1994-06,120,1.7530557869569132,1.1430006338333405,1.3967608605176394,6.8112294554091575,ff49,ew
rolling120,1984-08,1994-07,120,1.9260217824474704,1.2127537347647575,1.3958801280438637,6.807362948160972,ff49,ew
rolling120,1984-09,1994-08,120,1.7892422249325883,1.1570759490462763,1.3979780313656827,6.819682552348502,ff49,ew
rolling120,1984-10,1994-09,120,1.8093969433403254,1.1649597766747162,1.397361024209134,6.8163239623970036,ff49,ew
rolling120,1984-11,1994-10,120,1.867044451895504,1.189704467347052,1.3996383461472641,6.8299420013951195,ff49,ew
rolling120,1984-12,1994-11,120,1.836801800473908,1.1802757295068227,1.4049563132469112,6.861431239467538,ff49,ew
rolling120,1985-01,1994-12,120,1.8047169734125084,1.1695618921499331,1.4094255693612197,6.886740083382773,ff49,ew
rolling120,1985-02,1995-01,120,1.587683219638143,1.0758295334734542,1.406568957297072,6.871923836806074,ff49,ew
rolling120,1985-03,1995-02,120,1.5425314071824845,1.0570079157832402,1.4058156426489377,6.867680042279878,ff49,ew
rolling120,1985-04,1995-03,120,1.5938991991590603,1.0716491973323634,1.3901385152638874,6.772651901830238,ff49,ew
rolling120,1985-05,1995-04,120,1.6863080897630645,1.1093441134767894,1.3893586610977475,6.768465279693861,ff49,ew
rolling120,1985-06,1995-05,120,1.673294280809308,1.1055338051514618,1.3922770345507152,6.78489572845875,ff49,ew
rolling120,1985-07,1995-06,120,1.7737334962436537,1.14882802968224,1.394833493832769,6.79890064778214,ff49,ew
rolling120,1985-08,1995-07,120,1.8528256085978043,1.1843889410160482,1.3972973874732901,6.811676195004878,ff49,ew
rolling120,1985-09,1995-08,120,1.928066887268181,1.2165941279138501,1.3979162765894868,6.814676421035715,ff49,ew
rolling120,1985-10,1995-09,120,2.1712985384906167,1.3228421945761586,1.4059686604093142,6.861959622447629,ff49,ew
rolling120,1985-11,1995-10,120,1.970799000846843,1.2385764120193163,1.4061601777345387,6.863530442412557,ff49,ew
rolling120,1985-12,1995-11,120,1.8575078679053867,1.190771181598861,1.405345150372964,6.8588759408394,ff49,ew
rolling120,1986-01,1995-12,120,1.7891909861942588,1.162744687303617,1.4076405694772651,6.8724062395264625,ff49,ew
rolling120,1986-02,1996-01,120,1.7557800216318546,1.1446683378914042,1.397007448792254,6.805980253330845,ff49,ew
rolling120,1986-03,1996-02,120,1.7030387851749502,1.119298730384725,1.395247925415372,6.797015814365531,ff49,ew
rolling120,1986-04,1996-03,120,1.6245562735801724,1.0864675264669699,1.3937490048196144,6.788065198311738,ff49,ew
rolling120,1986-05,1996-04,120,1.738150193172173,1.1402959642737973,1.4002369453176293,6.823038713753935,ff49,ew
rolling120,1986-06,1996-05,120,1.8418374051018387,1.191097973184823,1.4128119506764496,6.895182742323288,ff49,ew
rolling120,1986-07,1996-06,120,1.7394685251803752,1.149632121095527,1.4129907441279954,6.895187407495936,ff49,ew
rolling120,1986-08,1996-07,120,1.706166880577951,1.1370615885953055,1.4136438742717856,6.897841581770857,ff49,ew
rolling120,1986-09,1996-08,120,1.756391546731542,1.1569947485282288,1.411790051208482,6.887506222193832,ff49,ew
rolling120,1986-10,1996-09,120,1.9945560613354365,1.2523922021198135,1.4050665672558589,6.849438528910827,ff49,ew
rolling120,1986-11,1996-10,120,1.8499663300167262,1.195142963980408,1.4094178025405393,6.873437519415329,ff49,ew
rolling120,1986-12,1996-11,120,1.9437100420789561,1.2350801699362584,1.4109956486499176,6.882214895083986,ff49,ew
rolling120,1987-01,1996-12,120,2.018088985338163,1.2657422789689305,1.4084084319418337,6.865813684614821,ff49,ew
rolling120,1987-02,1997-01,120,1.8772760470621033,1.207297821739156,1.4094480935987264,6.871881102357811,ff49,ew
rolling120,1987-03,1997-02,120,1.6772275070349116,1.1343003402463636,1.4354595198159148,7.032647061611258,ff49,ew
rolling120,1987-04,1997-03,120,1.4737167822301251,1.0443758177722513,1.4257196773783842,6.972813298353735,ff49,ew
rolling120,1987-05,1997-04,120,1.476262224844736,1.0428119993519556,1.4210515613867964,6.945866779124546,ff49,ew
rolling120,1987-06,1997-05,120,1.6708629770550978,1.125499950611824,1.4217301432617757,6.949452211650357,ff49,ew
rolling120,1987-07,1997-06,120,1.7031326025194469,1.1396990173887813,1.4220505903678815,6.9509631632100985,ff49,ew
rolling120,1987-08,1997-07,120,1.7262219286789744,1.1493818681892518,1.4202740615181986,6.939858032541238,ff49,ew
rolling120,1987-09,1997-08,120,1.7603692378345084,1.1648934534575779,1.4211371053901154,6.943964189277222,ff49,ew
rolling120,1987-10,1997-09,120,2.015912840250572,1.276147916008949,1.4250415309361542,6.965778747994377,ff49,ew
rolling120,1987-11,1997-10,120,3.1274901772942156,1.72521421886128,1.405171775001712,6.850331971008391,ff49,ew
rolling120,1987-12,1997-11,120,3.228688872055727,1.764572860501664,1.3984768866496105,6.810912514380103,ff49,ew
rolling120,1988-01,1997-12,120,2.927786931370789,1.636347193598548,1.3949740806459356,6.790249029364774,ff49,ew
rolling120,1988-02,1998-01,120,2.734202224599423,1.5547727850479984,1.396204530853582,6.7978333777541975,ff49,ew
rolling120,1988-03,1998-02,120,2.714861831697741,1.5438029107235518,1.393502451822789,6.783223876239451,ff49,ew
rolling120,1988-04,1998-03,120,2.7385134095868295,1.5516480380245183,1.3923814496604854,6.777496129025809,ff49,ew
rolling120,1988-05,1998-04,120,2.715234410580071,1.5329019913460817,1.3673497903720857,6.620270620741982,ff49,ew
rolling120,1988-06,1998-05,120,2.6192560204139568,1.4989762066335381,1.3704790749947422,6.636788270283715,ff49,ew
rolling120,1988-07,1998-06,120,2.3500813234300555,1.3909086789399265,1.374852256992414,6.660463071240825,ff49,ew
rolling120,1988-08,1998-07,120,2.1611838473392533,1.3235186774204146,1.390037143533257,6.749201618790436,ff49,ew
rolling120,1988-09,1998-08,120,1.6465477977371057,1.1183783894123027,1.4069618439856728,6.845165456510904,ff49,ew
rolling120,1988-10,1998-09,120,1.685529085748529,1.1500110105603543,1.4498816861568378,7.1265538782695455,ff49,ew
rolling120,1988-11,1998-10,120,1.8227249303297661,1.2206280198050077,1.4706144337158946,7.257378090947201,ff49,ew
rolling120,1988-12,1998-11,120,2.1247065779451138,1.3660824432359322,1.4885691033889332,7.363749081600188,ff49,ew
rolling120,1989-01,1998-12,120,2.092563794969143,1.359866067288712,1.4981379394677818,7.422101527089031,ff49,ew
rolling120,1989-02,1999-01,120,2.0678601588995345,1.3627920729630822,1.5154416523947223,7.526304587281781,ff49,ew
rolling120,1989-03,1999-02,120,1.8817062590812061,1.2739840900714903,1.4945993561246735,7.378039110556129,ff49,ew
rolling120,1989-04,1999-03,120,1.7704653609542103,1.2355252380933108,1.5151607018354074,7.5106477948596755,ff49,ew
rolling120,1989-05,1999-04,120,1.9297545749161444,1.311688672506244,1.522388037660313,7.554753950934321,ff49,ew
rolling120,1989-06,1999-05,120,1.9414169127446494,1.3176252544116531,1.5203656258379457,7.540835950329629,ff49,ew
rolling120,1989-07,1999-06,120,2.0775323619683173,1.3804415035431274,1.522325855247337,7.552629010826567,ff49,ew
rolling120,1989-08,1999-07,120,1.9807262430800034,1.3397739567809501,1.5238309008899487,7.560927776029694,ff49,ew
rolling120,1989-09,1999-08,120,1.7971869651060395,1.2585837924706893,1.525529783008774,7.57118250075592,ff49,ew
rolling120,1989-10,1999-09,120,1.7544836543988618,1.2524465236612823,1.564302277619873,7.854722163460553,ff49,ew
rolling120,1989-11,1999-10,120,1.8549516696633765,1.3018256276778828,1.5680686320022568,7.877701090533981,ff49,ew
rolling120,1989-12,1999-11,120,2.0069859705580018,1.3911227631293621,1.6029472736007333,8.112774682978527,ff49,ew
rolling120,1990-01,1999-12,120,2.196808016910312,1.4992465146411194,1.630846311859112,8.2986604566691,ff49,ew
rolling120,1990-02,2000-01,120,2.5193747095833765,1.6673287899401668,1.6513576355179815,8.438742206950428,ff49,ew
rolling120,1990-03,2000-02,120,2.749213809166343,1.872220713563439,1.7954898434837818,9.489359867831094,ff49,ew
rolling120,1990-04,2000-03,120,2.7127666189835336,1.8638337661196402,1.8009885705856141,9.530282335466426,ff49,ew
rolling120,1990-05,2000-04,120,2.582786098395695,1.8159201629574357,1.810464140691016,9.599759217543866,ff49,ew
rolling120,1990-06,2000-05,120,2.2843161460747186,1.675975191311092,1.8236279295632383,9.702078620269873,ff49,ew
rolling120,1990-07,2000-06,120,2.4249783648371954,1.762115912256434,1.8413216947115114,9.841267876568422,ff49,ew
rolling120,1990-08,2000-07,120,2.4980118876314497,1.8036542780775198,1.8431058246456473,9.853957012348777,ff49,ew
rolling120,1990-09,2000-08,120,3.1731980176456416,2.1596825113718605,1.8494966579045373,9.903013110649331,ff49,ew
rolling120,1990-10,2000-09,120,3.427295569090261,2.301261555863762,1.8583478409928214,9.973583936859141,ff49,ew
rolling120,1990-11,2000-10,120,3.5012473650352636,2.3546353235544695,1.8731105145005384,10.096080571816232,ff49,ew
rolling120,1990-12,2000-11,120,3.0099400840869457,2.127433159245023,1.8903484701248996,10.22876491896671,ff49,ew
rolling120,1991-01,2000-12,120,3.011176334254845,2.1477481416813133,1.9148139292420616,10.438785696477336,ff49,ew
rolling120,1991-02,2001-01,120,3.4282241664306508,2.4160337653360964,1.9577482155248531,10.801008391663357,ff49,ew
rolling120,1991-03,2001-02,120,2.783809297840729,2.091897347754389,1.982791250581768,11.022543656928622,ff49,ew
rolling120,1991-04,2001-03,120,2.356916453853101,1.8637650282793796,1.9948294522181023,11.135640112333233,ff49,ew
rolling120,1991-05,2001-04,120,2.506936777235081,1.9582884671843335,2.014508207835461,11.321707750939511,ff49,ew
rolling120,1991-06,2001-05,120,2.631189712282656,2.0270183682057943,2.0144691133082118,11.321325067753818,ff49,ew
rolling120,1991-07,2001-06,120,2.7596073074669336,2.101866844221666,2.0154904131271265,11.328241652907733,ff49,ew
rolling120,1991-08,2001-07,120,2.5713526766214527,2.002126188558827,2.019719108705539,11.363691737351093,ff49,ew
rolling120,1991-09,2001-08,120,2.4228065150018727,1.9225000899154125,2.0236024249892726,11.397250145247318,ff49,ew
rolling120,1991-10,2001-09,120,2.010930205725459,1.7125333230298587,2.066627548691543,11.812388709648037,ff49,ew
rolling120,1991-11,2001-10,120,2.124418560956085,1.7921580523067298,2.0865101129847896,11.996288508108112,ff49,ew
rolling120,1991-12,2001-11,120,2.36469469230257,1.9374421666298287,2.0931741988532164,12.055824446841703,ff49,ew
rolling120,1992-01,2001-12,120,2.4143449022895775,1.9634870658232602,2.090568482252695,12.032093816741035,ff49,ew
rolling120,1992-02,2002-01,120,2.0308606381944774,1.7294716024485919,2.072812788173444,11.866838493760293,ff49,ew
rolling120,1992-03,2002-02,120,1.8757107807930673,1.6506507548801348,2.090808534248935,12.044385324970913,ff49,ew
rolling120,1992-04,2002-03,120,2.1659481749628626,1.8196851460541728,2.095113783537444,12.085922836033323,ff49,ew
rolling120,1992-05,2002-04,120,2.3450461870358157,1.9283766001960478,2.101459310198389,12.14431437598545,ff49,ew
rolling120,1992-06,2002-05,120,2.319138930432954,1.925432282828817,2.126046758056673,12.400050834397293,ff49,ew
rolling120,1992-07,2002-06,120,2.265809897471815,1.8953158246578323,2.1257096871567147,12.395355523236057,ff49,ew
rolling120,1992-08,2002-07,120,1.8075347040448153,1.6323405933035895,2.1275206780475213,12.411155750863815,ff49,ew
rolling120,1992-09,2002-08,120,1.9317941596201043,1.712146210803857,2.1395257954841855,12.527526658167428,ff49,ew
rolling120,1992-10,2002-09,120,1.654931944786667,1.554135192450474,2.1439894692532984,12.569303420306047,ff49,ew
rolling120,1992-11,2002-10,120,1.6818943950913123,1.577109283554285,2.152211757520388,12.646294198247586,ff49,ew
rolling120,1992-12,2002-11,120,1.7613948242277568,1.6341660371730795,2.1717708291324826,12.840529250607712,ff49,ew
rolling120,1993-01,2002-12,120,1.5843617804511356,1.5362501444964707,2.1822582984025187,12.94301358713653,ff49,ew
rolling120,1993-02,2003-01,120,1.4133890594036238,1.4323557703690861,2.180321387046855,12.924773751052939,ff49,ew
rolling120,1993-03,2003-02,120,1.3704553325288966,1.405071451284942,2.1794715460844687,12.919283824545726,ff49,ew
rolling120,1993-04,2003-03,120,1.3179059531643316,1.3743108155888177,2.1795933333026345,12.919967628807552,ff49,ew
rolling120,1993-05,2003-04,120,1.5670136851585466,1.5211773572300213,2.177088878837654,12.892430017379525,ff49,ew
rolling120,1993-06,2003-05,120,1.7595322053648301,1.649909630556403,2.2049024571271962,13.179557125749865,ff49,ew
rolling120,1993-07,2003-06,120,1.8642130829688686,1.7119449724434672,2.204109425176107,13.171519793316712,ff49,ew
rolling120,1993-08,2003-07,120,1.9979277134238878,1.7979152603865538,2.2095205050950635,13.223064239787062,ff49,ew
rolling120,1993-09,2003-08,120,2.043483170424867,1.8252937261997806,2.2107922618312434,13.238288626193956,ff49,ew
rolling120,1993-10,2003-09,120,2.050345804155762,1.828974513168165,2.2112270833395513,13.243202575956634,ff49,ew
rolling120,1993-11,2003-10,120,2.162718922867531,1.897180615815574,2.211481099943759,13.244546043480218,ff49,ew
rolling120,1993-12,2003-11,120,2.390125388801266,2.0449105105921364,2.2384261810186334,13.548482841424889,ff49,ew
rolling120,1994-01,2003-12,120,2.5330652215652827,2.1400562095033244,2.251604766974274,13.68740548489081,ff49,ew
rolling120,1994-02,2004-01,120,2.579782147640425,2.1732730741603326,2.25672089421603,13.739281514099378,ff49,ew
rolling120,1994-03,2004-02,120,2.693114140727768,2.2483019524433905,2.2651190877310814,13.828299515107664,ff49,ew
rolling120,1994-04,2004-03,120,2.8985297415200493,2.374785652606033,2.2667114974251934,13.844774288767347,ff49,ew
rolling120,1994-05,2004-04,120,2.852995260268963,2.3557380765712943,2.269362381590619,13.871462978966592,ff49,ew
rolling120,1994-06,2004-05,120,2.8814590092329264,2.375905827878617,2.272747998748048,13.907272323157693,ff49,ew
rolling120,1994-07,2004-06,120,3.1723937563989315,2.5554077688982204,2.2740479293834253,13.920564721187764,ff49,ew
rolling120,1994-08,2004-07,120,2.8963556332918987,2.3930434390254605,2.279413420715897,13.97427841921154,ff49,ew
rolling120,1994-09,2004-08,120,2.7052775178482436,2.276570774386767,2.2801507816731825,13.981456256600799,ff49,ew
rolling120,1994-10,2004-09,120,2.8160049779516623,2.346355773855452,2.2818679565643905,13.999157607965238,ff49,ew
rolling120,1994-11,2004-10,120,2.848235025683293,2.3650225583800455,2.2798229044195195,13.976769760958248,ff49,ew
rolling120,1994-12,2004-11,120,3.4200076094768335,2.7225260844227144,2.284490593322822,14.02471255280616,ff49,ew
rolling120,1995-01,2004-12,120,3.691482643553061,2.8894665574030953,2.2838270046176388,14.017337247075849,ff49,ew
rolling120,1995-02,2005-01,120,3.44644787833872,2.7405250853631853,2.2854107139835937,14.033500017504158,ff49,ew
rolling120,1995-03,2005-02,120,3.4371628332616435,2.7422456123634227,2.293336314913257,14.117724340809458,ff49,ew
rolling120,1995-04,2005-03,120,3.244840950404752,2.6240824220384367,2.2935196022040825,14.118976092005648,ff49,ew
rolling120,1995-05,2005-04,120,2.9211380619143985,2.42653345343291,2.2961591606509657,14.146439004710803,ff49,ew
rolling120,1995-06,2005-05,120,3.021320827516524,2.4860084006832066,2.2934980007588006,14.118418912888961,ff49,ew
rolling120,1995-07,2005-06,120,2.9890203985435306,2.4651151433797764,2.2929113628760027,14.112938651111469,ff49,ew
rolling120,1995-08,2005-07,120,3.0403253064080804,2.499485512831383,2.2964283802678005,14.151192549503934,ff49,ew
rolling120,1995-09,2005-08,120,2.886900322946165,2.403399229324313,2.2955389659214003,14.142274044061203,ff49,ew
rolling120,1995-10,2005-09,120,2.8100768011573614,2.358062469826058,2.297627145316219,14.163370668078452,ff49,ew
rolling120,1995-11,2005-10,120,2.8482272878677444,2.3808763113091973,2.296617087911466,14.152586448263268,ff49,ew
rolling120,1995-12,2005-11,120,2.93393694829988,2.435024354793281,2.297686225489803,14.163668056606282,ff49,ew
rolling120,1996-01,2005-12,120,2.939631161738446,2.436672938314957,2.2956876309914334,14.142576992619624,ff49,ew
rolling120,1996-02,2006-01,120,3.112767634925155,2.547296069838002,2.2986079480455115,14.1720195203369,ff49,ew
rolling120,1996-03,2006-02,120,2.9723706230184903,2.4602035460935223,2.297670566335946,14.161493788188672,ff49,ew
rolling120,1996-04,2006-03,120,3.0465775560902966,2.5062626072241003,2.2979358585423157,14.164472352080157,ff49,ew
rolling120,1996-05,2006-04,120,2.937150856636369,2.4366065861062483,2.298506422551648,14.173442467618637,ff49,ew
rolling120,1996-06,2006-05,120,2.504726708618505,2.1622803048081405,2.28936422629043,14.075475585284885,ff49,ew
rolling120,1996-07,2006-06,120,2.5691969007872286,2.199994128841868,2.287702860330187,14.058839931676879,ff49,ew
rolling120,1996-08,2006-07,120,2.776139005697992,2.327874033249582,2.288109160121186,14.06321442042185,ff49,ew
rolling120,1996-09,2006-08,120,2.6842548976685414,2.272216231950544,2.2886258525847367,14.06787058715295,ff49,ew
rolling120,1996-10,2006-09,120,2.612833141433879,2.232638838523555,2.291874489804288,14.100396163559132,ff49,ew
rolling120,1996-11,2006-10,120,2.8937479467495266,2.4028894087378423,2.288244699361589,14.062420475128933,ff49,ew
rolling120,1996-12,2006-11,120,2.9270462457924964,2.4221465675864438,2.287126392819157,14.051036750585393,ff49,ew
rolling120,1997-01,2006-12,120,3.025573301934032,2.4811228055763332,2.285620787612762,14.035776996400807,ff49,ew
rolling120,1997-02,2007-01,120,2.891387009597547,2.398895664468385,2.2852917131842894,14.031541842747979,ff49,ew
rolling120,1997-03,2007-02,120,2.9001277853017107,2.3884655189137765,2.262984035928281,13.789064807448893,ff49,ew
rolling120,1997-04,2007-03,120,3.1234567055984614,2.5231327549933056,2.2617184787063374,13.777291258125052,ff49,ew
rolling120,1997-05,2007-04,120,3.3347202175763213,2.6539423508416347,2.263557088021989,13.796695229501408,ff49,ew
rolling120,1997-06,2007-05,120,3.1277835868307022,2.5287195996562977,2.2650996460238306,13.812966166642441,ff49,ew
rolling120,1997-07,2007-06,120,2.962826461995069,2.4285285792059854,2.266580942058187,13.829074264132554,ff49,ew
rolling120,1997-08,2007-07,120,2.609035576837917,2.2122377605283248,2.2664286328327647,13.827040867281271,ff49,ew
rolling120,1997-09,2007-08,120,2.414341656595434,2.093751492815674,2.2668975713544537,13.831215266074055,ff49,ew
rolling120,1997-10,2007-09,120,2.2450207546771277,1.991666811753882,2.26963341466427,13.86022718424241,ff49,ew
rolling120,1997-11,2007-10,120,2.3830773791247726,2.080035343311976,2.2741214277418087,13.907108604243776,ff49,ew
rolling120,1997-12,2007-11,120,2.1893671947682365,1.9623645984468607,2.2769199593162264,13.936509475241223,ff49,ew
rolling120,1998-01,2007-12,120,2.2698216538035036,2.011063377633337,2.2763685273584744,13.931497894539834,ff49,ew
rolling120,1998-02,2008-01,120,2.0605083681817336,1.8886606988867676,2.2851299451325144,14.022812711783352,ff49,ew
rolling120,1998-03,2008-02,120,1.8478710326629537,1.7654275650640594,2.2978909329396378,14.157761660670957,ff49,ew
rolling120,1998-04,2008-03,120,1.6606416433616618,1.6512350543309873,2.300766284117438,14.187984550049059,ff49,ew
rolling120,1998-05,2008-04,120,1.6825818027949513,1.6674233662597011,2.3054316173637064,14.237596904279663,ff49,ew
rolling120,1998-06,2008-05,120,1.9110913309670257,1.814135244030324,2.3169581093434046,14.368934014292583,ff49,ew
rolling120,1998-07,2008-06,120,1.733961224452254,1.7180209136454059,2.3463081537398964,14.701544196500343,ff49,ew
rolling120,1998-08,2008-07,120,1.9086515302677975,1.828649195354763,2.342131713191579,14.648359673659595,ff49,ew
rolling120,1998-09,2008-08,120,2.655664252793137,2.2987889403337887,2.3370116932279923,14.589940225274434,ff49,ew
rolling120,1998-10,2008-09,120,2.101747285438214,1.9559885685214424,2.3224410351512974,14.400279807574435,ff49,ew
rolling120,1998-11,2008-10,120,1.2782289621390759,1.4512534686372547,2.341270943698756,14.58411670024273,ff49,ew
rolling120,1998-12,2008-11,120,0.8316085723417239,1.1733130554440157,2.36418102972518,14.858048844122797,ff49,ew
rolling120,1999-01,2008-12,120,0.8809292462785703,1.2063293879971184,2.366084308387586,14.876043062934238,ff49,ew
rolling120,1999-02,2009-01,120,0.6963913876153685,1.0877234244295508,2.363644417507439,14.846413836669024,ff49,ew
rolling120,1999-03,2009-02,120,0.5665279806255039,1.0117628244512804,2.3828319257014963,15.055744376458975,ff49,ew
rolling120,1999-04,2009-03,120,0.7846221770052235,1.1556982484975122,2.3941272231887303,15.194526613274574,ff49,ew
rolling120,1999-05,2009-04,120,1.0597686324190394,1.3452144417130687,2.41443875214293,15.41440574234693,ff49,ew
rolling120,1999-06,2009-05,120,1.1943263618480944,1.4413831628594067,2.4355826224763235,15.660308585623232,ff49,ew
rolling120,1999-07,2009-06,120,1.1625450155573764,1.4276086413092581,2.4451355182389514,15.76368913912138,ff49,ew
rolling120,1999-08,2009-07,120,1.389019425738892,1.58619747005814,2.4710797731155325,16.0873969512747,ff49,ew
rolling120,1999-09,2009-08,120,1.6810794836485554,1.785261076323177,2.479397191702836,16.183924759142265,ff49,ew
rolling120,1999-10,2009-09,120,1.9587642667686778,1.963356591125704,2.4578720860142917,15.898110671636312,ff49,ew
rolling120,1999-11,2009-10,120,1.856821350593917,1.8926671861312243,2.454175879898318,15.856826293134677,ff49,ew
rolling120,1999-12,2009-11,120,1.8210214586318285,1.8537055882380244,2.4252507980967226,15.516061628390695,ff49,ew
rolling120,2000-01,2009-12,120,1.8626518579292362,1.8676226958024416,2.4015067205309966,15.24515036263145,ff49,ew
rolling120,2000-02,2010-01,120,1.6930735829173358,1.7462179004561764,2.3814850073689384,15.018953565902384,ff49,ew
rolling120,2000-03,2010-02,120,1.5987116326546098,1.628531270713466,2.2543067445433818,13.63449328493415,ff49,ew
rolling120,2000-04,2010-03,120,1.7577522741490972,1.7248605463784359,2.2538399858039604,13.636407608114068,ff49,ew
rolling120,2000-05,2010-04,120,2.140046175309276,1.9533901755578524,2.2446885003220505,13.548183156558874,ff49,ew
rolling120,2000-06,2010-05,120,2.0019189578311924,1.8577009202602484,2.230312046579281,13.401752523422754,ff49,ew
rolling120,2000-07,2010-06,120,1.6476342894351887,1.6334221492961831,2.2202929116615375,13.298631421844428,ff49,ew
rolling120,2000-08,2010-07,120,1.826886389229903,1.7398173902267746,2.2158343281105233,13.256160724582458,ff49,ew
rolling120,2000-09,2010-08,120,1.5101157162003247,1.540209097979616,2.2085383483077097,13.185250521918222,ff49,ew
rolling120,2000-10,2010-09,120,1.8649031325612122,1.7522984838003794,2.200350075398175,13.104002378109943,ff49,ew
rolling120,2000-11,2010-10,120,2.141885647713142,1.9077925806210443,2.1808893293606104,12.909153584863667,ff49,ew
rolling120,2000-12,2010-11,120,2.53391845294357,2.1222470037521353,2.164777510533387,12.765676350645478,ff49,ew
rolling120,2001-01,2010-12,120,2.8130440113882194,2.2712136099154367,2.139230413967486,12.509198692460792,ff49,ew
rolling120,2001-02,2011-01,120,2.2433215387362626,1.8981015515619053,2.094728589954526,12.09159991548413,ff49,ew
rolling120,2001-03,2011-02,120,2.4964355119557387,2.0182151334326006,2.0654234176415613,11.817825165110836,ff49,ew
rolling120,2001-04,2011-03,120,2.7259777023277914,2.1424603568251968,2.0587452704227314,11.759566777962362,ff49,ew
rolling120,2001-05,2011-04,120,2.517765025069682,2.0101154310917937,2.037817805495943,11.557690164059776,ff49,ew
rolling120,2001-06,2011-05,120,2.231319118732807,1.8449832015542074,2.0367306562238303,11.549000417626102,ff49,ew
rolling120,2001-07,2011-06,120,2.1540694090177346,1.7953407970681152,2.0317385441115534,11.506282967686698,ff49,ew
rolling120,2001-08,2011-07,120,2.141571129840947,1.782783928209728,2.0266523374226444,11.463483026052584,ff49,ew
rolling120,2001-09,2011-08,120,1.916251324397031,1.6538920333583318,2.0250739472523835,11.450023773487489,ff49,ew
rolling120,2001-10,2011-09,120,1.8986575570744093,1.6297521709484917,1.9872732765246142,11.086711650106798,ff49,ew
rolling120,2001-11,2011-10,120,2.111316756521624,1.7402362851312156,1.977446045122985,11.004752525200155,ff49,ew
rolling120,2001-12,2011-11,120,1.9084162080385156,1.6204459965947755,1.9706192575776473,10.94849978096806,ff49,ew
rolling120,2002-01,2011-12,120,1.7260121689420633,1.5186956424707123,1.9701377873020234,10.944084401572928,ff49,ew
rolling120,2002-02,2012-01,120,1.9163754788793002,1.621565570249922,1.9666301462588234,10.915263944586613,ff49,ew
rolling120,2002-03,2012-02,120,2.042787979781085,1.6810675756571816,1.9488846663447204,10.75498826265515,ff49,ew
rolling120,2002-04,2012-03,120,1.8446312558973714,1.569583603185099,1.9437193903666048,10.708994334226547,ff49,ew
rolling120,2002-05,2012-04,120,1.761706650149058,1.517876995569586,1.9373098788983232,10.659059864985757,ff49,ew
rolling120,2002-06,2012-05,120,1.5629074417041706,1.4042380093588822,1.915452175288365,10.4489862488747,ff49,ew
rolling120,2002-07,2012-06,120,1.8468903411499626,1.5580374418293321,1.9151116527390004,10.448356993466906,ff49,ew
rolling120,2002-08,2012-07,120,2.189922046705567,1.7421597089695757,1.9130001729343937,10.432162172069615,ff49,ew
rolling120,2002-09,2012-08,120,2.245855708316138,1.7638320027394518,1.9006581683941688,10.32977630219479,ff49,ew
rolling120,2002-10,2012-09,120,2.666359079435689,1.9872473560771529,1.8963721284620025,10.296283320993094,ff49,ew
rolling120,2002-11,2012-10,120,2.578178817100453,1.9352617982945894,1.8972899172760613,10.30999564207658,ff49,ew
rolling120,2002-12,2012-11,120,2.290965823948588,1.767817461305875,1.878002057044623,10.151410040349049,ff49,ew
rolling120,2003-01,2012-12,120,2.497763596629728,1.8688713256972038,1.8664931613324844,10.059642412704116,ff49,ew
rolling120,2003-02,2013-01,120,2.7629882240474846,2.008269146053153,1.86359088257472,10.036445632581575,ff49,ew
rolling120,2003-03,2013-02,120,2.9086711801881515,2.08189193040901,1.857925066027215,9.98967185871046,ff49,ew
rolling120,2003-04,2013-03,120,3.083459689647726,2.170456336714843,1.8552395452790853,9.969881499520154,ff49,ew
rolling120,2003-05,2013-04,120,2.7368444862398658,1.98534327280434,1.851600044714464,9.940184302557377,ff49,ew
rolling120,2003-06,2013-05,120,2.4659725252197466,1.8206256976535173,1.8192658140059093,9.674977436422704,ff49,ew
rolling120,2003-07,2013-06,120,2.290280154694658,1.732411923156441,1.8214352171284915,9.690238073564544,ff49,ew
rolling120,2003-08,2013-07,120,2.303559848988188,1.7304483865442606,1.813605095064029,9.632482125423701,ff49,ew
rolling120,2003-09,2013-08,120,2.096043805879379,1.616168657121521,1.8034504671639189,9.54955054416678,ff49,ew
rolling120,2003-10,2013-09,120,2.1952377017811067,1.6705586073491219,1.8036695130538427,9.549862176825425,ff49,ew
rolling120,2003-11,2013-10,120,2.064842112004273,1.6004497141995342,1.8011914421172106,9.531372573121237,ff49,ew
rolling120,2003-12,2013-11,120,2.015397646106937,1.5623427150219118,1.7680481287925889,9.247564526942002,ff49,ew
rolling120,2004-01,2013-12,120,1.9464017675618006,1.5177839006514258,1.7523015985013455,9.127057317230829,ff49,ew
rolling120,2004-02,2014-01,120,1.7678756040814587,1.425874547467486,1.7546863804957844,9.147367839763538,ff49,ew
rolling120,2004-03,2014-02,120,1.8449737726930544,1.461452170057119,1.7473225701296626,9.091333516711689,ff49,ew
rolling120,2004-04,2014-03,120,1.8404016882486531,1.4596189755251487,1.7473351103363726,9.09088614003756,ff49,ew
rolling120,2004-05,2014-04,120,1.8302022465817394,1.446889660805303,1.745617620992958,9.079129985822695,ff49,ew
rolling120,2004-06,2014-05,120,1.8147756688852787,1.4379090225885285,1.7421415004141814,9.05228734938633,ff49,ew
rolling120,2004-07,2014-06,120,1.8112307780090915,1.4370725928160555,1.7461482878709362,9.085889991259526,ff49,ew
rolling120,2004-08,2014-07,120,1.8302722059383738,1.4425109874832216,1.7422146457446002,9.059450208582948,ff49,ew
rolling120,2004-09,2014-08,120,2.0122465477306566,1.5398953842094636,1.7525772607569565,9.142512354836422,ff49,ew
rolling120,2004-10,2014-09,120,1.7490235046846752,1.4099937434183434,1.7562909627986032,9.168037565073046,ff49,ew
rolling120,2004-11,2014-10,120,1.7812557733226986,1.4350244157883532,1.7605778162784396,9.196812860401485,ff49,ew
rolling120,2004-12,2014-11,120,1.5258152159432612,1.300325181772759,1.7528966140680244,9.137849993607864,ff49,ew
rolling120,2005-01,2014-12,120,1.4063622683024768,1.2403126141669072,1.7519190731848522,9.129309238935093,ff49,ew
rolling120,2005-02,2015-01,120,1.3941415663172618,1.240643154807911,1.7628054312382047,9.211767895975125,ff49,ew
rolling120,2005-03,2015-02,120,1.4863255134487279,1.2861189445121022,1.757613595145158,9.17208118986459,ff49,ew
rolling120,2005-04,2015-03,120,1.533784979286306,1.3144816563031412,1.7582181793319192,9.174357739503396,ff49,ew
rolling120,2005-05,2015-04,120,1.7047700266107242,1.4070081509721932,1.765516137601812,9.229806696762003,ff49,ew
rolling120,2005-06,2015-05,120,1.576707273377016,1.3448024725028684,1.7680812356021718,9.247124238410779,ff49,ew
rolling120,2005-07,2015-06,120,1.4497018045036927,1.2830492458891567,1.7699035132051397,9.257894022020228,ff49,ew
rolling120,2005-08,2015-07,120,1.199276086730804,1.1618813533780972,1.770601759213206,9.259908379882997,ff49,ew
rolling120,2005-09,2015-08,120,1.1752566239499438,1.187054003558679,1.9852449819931706,11.440949015668108,ff49,ew
rolling120,2005-10,2015-09,120,1.0276259261721377,1.1122156165999804,1.9830207998707967,11.418231121324775,ff49,ew
rolling120,2005-11,2015-10,120,1.227736857659235,1.228896760825744,1.9863426938860853,11.444367161239853,ff49,ew
rolling120,2005-12,2015-11,120,1.1561092170660565,1.1905291719992823,1.9885025853692329,11.462764643927423,ff49,ew
rolling120,2006-01,2015-12,120,1.0336642294880538,1.1271552371857418,1.9943860020762274,11.509886302648338,ff49,ew
rolling120,2006-02,2016-01,120,0.7333242040006609,0.9623315314631569,1.9955760551740422,11.517788352683581,ff49,ew
rolling120,2006-03,2016-02,120,0.765436567771534,0.9896139373175532,2.0351879619452458,11.90936851159889,ff49,ew
rolling120,2006-04,2016-03,120,0.8331963488584173,1.0291348287596822,2.0390624747410637,11.944155252813125,ff49,ew
rolling120,2006-05,2016-04,120,0.8607318474750942,1.0505058999227606,2.0588315285287115,12.134726891457555,ff49,ew
rolling120,2006-06,2016-05,120,0.9285782186307605,1.0904980852171262,2.06057030079595,12.148512498313286,ff49,ew
rolling120,2006-07,2016-06,120,0.9787389080533213,1.1252276016548208,2.080417026456436,12.343826117509037,ff49,ew
rolling120,2006-08,2016-07,120,1.2062613613571562,1.2660784170136226,2.11710181974026,12.716751150452827,ff49,ew
rolling120,2006-09,2016-08,120,1.2020287894887245,1.2650692399423462,2.1184885670403295,12.728720077960427,ff49,ew
rolling120,2006-10,2016-09,120,1.2210165436577651,1.2745392619061642,2.1181614026070323,12.727627176800215,ff49,ew
rolling120,2006-11,2016-10,120,1.014143130840829,1.1571216014508998,2.1201064010312813,12.745104308162528,ff49,ew
rolling120,2006-12,2016-11,120,1.1331335890817185,1.237134589675873,2.1451378758180097,12.987692948505659,ff49,ew
rolling120,2007-01,2016-12,120,1.1329278222223782,1.237366747981553,2.1455767440237556,12.991543207287133,ff49,ew
year,1927-01,1927-12,12,0.35248541435185876,0.2503311505619638,0.7495385486936212,4.50102053279052,ff49,vw
year,1928-01,1928-12,12,0.355903344053526,0.25884496844297783,1.35382876373016,6.831689805383706,ff49,vw
year,1929-01,1929-12,12,-0.21176864610767276,0.18835810205014034,0.655998666241128,3.8719253406867162,ff49,vw
year,1930-01,1930-12,12,-0.3303139166556598,0.17952947191703195,0.6592637694369599,4.472703496807941,ff49,vw
year,1931-01,1931-12,12,-0.44229594627881685,0.17032631775029133,1.4588402784448167,8.006433184882724,ff49,vw
year,1932-01,1932-12,12,-0.10011489798743851,0.4277566336203653,2.5048683273755765,16.001524452643753,ff49,vw
year,1933-01,1933-12,12,0.7828966396505053,0.7688553817305349,2.402799765891987,15.040823060309386,ff49,vw
year,1934-01,1934-12,12,0.16949227130897657,0.3353442670443676,1.6941832756948307,9.764358422162738,ff49,vw
year,1935-01,1935-12,12,0.4816578952729951,0.452351095429268,1.6579981070973857,9.30920263753579,ff49,vw
year,1936-01,1936-12,12,0.3683646090188206,0.28020009844651905,0.9074018464266363,4.864242096839846,ff49,vw
year,1937-01,1937-12,12,-0.38598682316359306,0.12185211599451622,0.681483008503652,3.971525055420851,ff49,vw
year,1938-01,1938-12,12,0.34471293583993157,0.29011965297105696,1.124187044337692,5.79035803658436,ff49,vw
year,1939-01,1939-12,12,-0.024615820739757318,0.23817323062515866,1.0454370006748688,5.293213687405355,ff49,vw
year,1940-01,1940-12,12,-0.07026726858006688,0.172332809203065,0.9944372924354273,6.061891614197791,ff49,vw
year,1941-01,1941-12,12,-0.0970475725345511,0.1465465306250204,0.4072264019547761,3.64774662631339,ff49,vw
year,1942-01,1942-12,12,0.2512731161190368,0.17953289663875724,0.48179333372845723,3.6280365657483027,ff49,vw
year,1943-01,1943-12,12,0.4244658667102366,0.2409278643921504,1.2416186539253047,6.278342387759464,ff49,vw
year,1944-01,1944-12,12,0.2904750037645897,0.14970749781060977,0.8196072743948701,4.509008301507329,ff49,vw
year,1945-01,1945-12,12,0.4971240178518775,0.21761896871328595,0.9031348538763255,4.7535621380574655,ff49,vw
year,1946-01,1946-12,12,-0.0558470134346129,0.12300222877711992,0.4771515417611913,3.489589613366919,ff49,vw
year,1947-01,1947-12,12,-0.0036693095610652966,0.11518439990435891,0.3953113198831449,3.394164993729493,ff49,vw
year,1948-01,1948-12,12,-0.001765003272960068,0.1214972187285379,0.5125576096963008,3.583296228329204,ff49,vw
year,1949-01,1949-12,12,0.24668716077341593,0.1182054937062044,0.3250781031850633,3.2513486382909784,ff49,vw
year,1950-01,1950-12,12,0.2540436243307958,0.17632430741406704,0.5973231742803881,3.5996298321428206,ff49,vw
year,1951-01,1951-12,12,0.1611734149177947,0.12401642518572549,0.3741558844818171,3.3435595958519935,ff49,vw
year,1952-01,1952-12,12,0.10084303258514304,0.10078833842061617,0.20890690357488464,3.2044456966260038,ff49,vw
year,1953-01,1953-12,12,0.018169454709958868,0.09201720752276854,0.29218039429413933,3.215026764171674,ff49,vw
year,1954-01,1954-12,12,0.5201542109583484,0.1826492863812766,0.5050748956972125,3.5503133574653387,ff49,vw
year,1955-01,1955-12,12,0.1820991176632955,0.14576513707174002,0.536725427488943,3.6298961260158715,ff49,vw
year,1956-01,1956-12,12,0.0870931128462707,0.12860115364516117,0.5187608314346425,3.552026904883903,ff49,vw
year,1957-01,1957-12,12,-0.06625835180505599,0.1123129072589066,0.4430140679492202,3.373202426183954,ff49,vw
year,1958-01,1958-12,12,0.5300008708822208,0.17888137684451838,0.5108110000955036,3.5709291981498694,ff49,vw
year,1959-01,1959-12,12,0.17725811628044535,0.15866798672910323,0.6384399279001066,3.918918665420674,ff49,vw
year,1960-01,1960-12,12,0.05704710675842228,0.13604632177374054,0.5020421575791528,3.5328414504496184,ff49,vw
year,1961-01,1961-12,12,0.26256486189930517,0.1585552786331212,0.48821769350411387,3.6640241225525085,ff49,vw
year,1962-01,1962-12,12,-0.16306816837695504,0.10194857154587475,0.19994939489971014,3.2024373278675293,ff49,vw
year,1963-01,1963-12,12,0.17170960461655568,0.11600310472621549,0.40484176857226384,3.423063975080286,ff49,vw
year,1964-01,1964-12,12,0.15273532595674424,0.1165431563168847,0.46245571706516025,3.620310539444069,ff49,vw
year,1965-01,1965-12,12,0.2932790123334896,0.15938290968549157,0.6733265658897492,4.159459440403391,ff49,vw
year,1966-01,1966-12,12,-0.07346032033957749,0.16516065596707674,1.2779533478573155,7.802714956946183,ff49,vw
year,1967-01,1967-12,12,0.4759441024790514,0.22388030139737647,0.7553740410013884,4.3362497007787635,ff49,vw
year,1968-01,1968-12,12,0.2188309359423508,0.18105611137690064,0.45369963375664024,3.856224183554499,ff49,vw
year,1969-01,1969-12,12,-0.15161653924680274,0.12442444776433396,0.5581151473716615,4.115420104672292,ff49,vw
year,1970-01,1970-12,12,-0.0961154610723391,0.19861282603373837,0.6896790953477056,4.977476004160412,ff49,vw
year,1971-01,1971-12,12,0.19282195655564235,0.1632621104835074,0.42236403013783697,3.6110211908914844,ff49,vw
year,1972-01,1972-12,12,0.09004938689301303,0.15631380831136793,0.20471865981709306,3.2556231066566017,ff49,vw
year,1973-01,1973-12,12,-0.24347071143949697,0.15427727530361876,0.5350216080108656,3.7179144506561217,ff49,vw
year,1974-01,1974-12,12,-0.2818392178017658,0.131825691613393,0.7161679315759785,4.228818787279268,ff49,vw
year,1975-01,1975-12,12,0.4746737815671726,0.25849816694897926,0.6399890641262374,3.9006291716002677,ff49,vw
year,1976-01,1976-12,12,0.2844340067141706,0.16987213385154135,0.39838129707083286,3.5448199686387714,ff49,vw
year,1977-01,1977-12,12,0.008589810956969318,0.10684200008370962,0.4285597852337924,3.5016998164803663,ff49,vw
year,1978-01,1978-12,12,0.1328514450735554,0.13870504340369103,0.3278673014812806,3.344009964999161,ff49,vw
year,1979-01,1979-12,12,0.30584262112195365,0.15189256932014258,0.6503990213615757,3.9800053779634297,ff49,vw
year,1980-01,1980-12,12,0.3463990931415417,0.22145908193966737,0.7020751481757848,4.090731830455803,ff49,vw
year,1981-01,1981-12,12,0.004728260245589453,0.14234142385720086,0.38030541131722634,3.3608984966423785,ff49,vw
year,1982-01,1982-12,12,0.2594684570229136,0.19025476427481555,0.4789237075549275,3.672113199802115,ff49,vw
year,1983-01,1983-12,12,0.23956989259641817,0.18133331927691704,0.2792978226015663,3.479448311518588,ff49,vw
year,1984-01,1984-12,12,-0.013723703694682236,0.12757030886490567,0.3142042315191645,3.376225725388393,ff49,vw
year,1985-01,1985-12,12,0.3079827375347409,0.15291066178161178,0.4605497113263139,3.5886153099735867,ff49,vw
year,1986-01,1986-12,12,0.15198056975812463,0.15306419157856002,0.41819031336286605,3.4389554126210387,ff49,vw
year,1987-01,1987-12,12,0.0415756059651128,0.16867582935051428,0.8086646366260424,4.316354769615021,ff49,vw
year,1988-01,1988-12,12,0.1778155382315368,0.13532066086717606,0.41825507086186653,3.566620549222805,ff49,vw
year,1989-01,1989-12,12,0.2543714890649852,0.14225818054500072,0.3407928558037878,3.325618381200088,ff49,vw
year,1990-01,1990-12,12,-0.08473588101214795,0.13108471284262901,0.375965935943125,3.3179991351573617,ff49,vw
year,1991-01,1991-12,12,0.3598000078318025,0.18232866478535595,0.31455489299041023,3.342775370965884,ff49,vw
year,1992-01,1992-12,12,0.10399312780401258,0.14479454591209823,0.3524791891475688,3.3216511643446327,ff49,vw
year,1993-01,1993-12,12,0.13796600806457096,0.1530597338110022,0.30590565021687144,3.2451179089379343,ff49,vw
year,1994-01,1994-12,12,-0.013859549883862027,0.10545580369680388,0.27000005656778164,3.236942013408974,ff49,vw
year,1995-01,1995-12,12,0.3102719526904467,0.15025880223902313,0.25282343534798135,3.198711403342154,ff49,vw
year,1996-01,1996-12,12,0.21544054749050415,0.1437411641578772,0.43634958450345956,3.7152317399894037,ff49,vw
year,1997-01,1997-12,12,0.24386580936016888,0.18260812185340794,0.4186856511495546,3.5226115004272494,ff49,vw
year,1998-01,1998-12,12,0.09726856752334725,0.22809576332826223,1.168716429740994,6.375933170094868,ff49,vw
year,1999-01,1999-12,12,0.07421288672489014,0.25692692315286536,0.6728721341618057,3.986290520343861,ff49,vw
year,2000-01,2000-12,12,0.07796153316581103,0.3064894835056614,0.996008249239289,5.0225464886538145,ff49,vw
year,2001-01,2001-12,12,0.007159743112376906,0.2428960444215328,0.654205098087994,3.912172443295019,ff49,vw
year,2002-01,2002-12,12,-0.11486885982944398,0.18697340250687944,0.5505981856844646,3.679230027634831,ff49,vw
year,2003-01,2003-12,12,0.3556212041896193,0.2033465119256495,0.49089842491014923,3.688431993856462,ff49,vw
year,2004-01,2004-12,12,0.1621268783997591,0.15361467645142676,0.24426975754372995,3.2747942957918563,ff49,vw
year,2005-01,2005-12,12,0.0704794299908353,0.1326173938322136,0.5562128894423297,3.665622626407056,ff49,vw
year,2006-01,2006-12,12,0.1681181374937351,0.15182982266248488,0.3236484007711521,3.395045554278705,ff49,vw
year,2007-01,2007-12,12,0.10460364194073928,0.13952913947840617,0.541610340239219,3.5846637973390036,ff49,vw
year,2008-01,2008-12,12,-0.3874385916282771,0.1506444766540844,0.703776463116929,4.105957191335494,ff49,vw
year,2009-01,2009-12,12,0.3878787115734899,0.30803338787894025,0.8651828938446009,4.491828602941068,ff49,vw
year,2010-01,2010-12,12,0.23190583587546926,0.18640851956646995,0.5305744238861998,3.682913347277098,ff49,vw
year,2011-01,2011-12,12,-0.005607474948578989,0.14744147864321452,0.2917255711124386,3.2744388061241905,ff49,vw
year,2012-01,2012-12,12,0.17301385628990137,0.1535129349872852,0.23061839238416715,3.3320253102585693,ff49,vw
year,2013-01,2013-12,12,0.3441286873339801,0.1600709276785237,-0.07508616123792848,3.235776816079098,ff49,vw
year,2014-01,2014-12,12,0.07482816209439723,0.12571882823421973,0.04385694807242685,3.212483264111498,ff49,vw
year,2015-01,2015-12,12,-0.05342219796010847,0.16689951922557011,0.05437996381814841,3.8035523708163543,ff49,vw
year,2016-01,2016-12,12,0.18865617720868028,0.19520496364019335,0.9012095549308827,4.770351004166483,ff49,vw
decade,1926-07,1936-12,126,1.2486913224290923,2.689052301730303,6.678677663627057,165.85346357045253,ff49,vw
decade,1937-01,1946-12,120,1.1981629221093644,1.3039721684592949,2.1794381435388805,12.99650640430188,ff49,vw
decade,1947-01,1956-12,120,2.9532771452878013,1.4587562209537184,1.2046746733852889,5.728963728061865,ff49,vw
decade,1957-01,1966-12,120,2.0404234466640307,1.2623047758686472,1.4448369521925952,7.223096176796052,ff49,vw
decade,1967-01,1976-12,120,0.8458462149047954,1.0350628198069722,1.8802158355246557,10.096158219742625,ff49,vw
decade,1977-01,1986-12,120,3.6827921712347127,2.063442861469175,1.4245981498480738,6.881542666469337,ff49,vw
decade,1987-01,1996-12,120,2.778725359007217,1.5910601008635732,1.3509377961668423,6.4594244374219665,ff49,vw
decade,1997-01,2006-12,120,1.775511696552058,1.8533977273065858,2.3405546664950223,14.355545364437601,ff49,vw
decade,2007-01,2016-12,120,1.193504744725872,1.2183841497606336,1.8241385369655627,9.567157840124294,ff49,vw
full,1926-07,2016-12,1086,11813.311675954345,44675.0874228181,78.60830544173305,137551.688565274,ff49,vw
rolling120,1926-07,1936-06,120,0.7566849456871505,2.061008584625383,6.488167275279712,153.96410663309013,ff49,vw
rolling120,1926-08,1936-07,120,0.8199378120807297,2.1305464934144993,6.450449853033498,151.40609867375994,ff49,vw
rolling120,1926-09,1936-08,120,0.7727774436655994,2.066086908026304,6.398055068429808,148.15135919759157,ff49,vw
rolling120,1926-10,1936-09,120,0.8222374333000482,2.127736836726908,6.419598462213442,149.47175820334394,ff49,vw
rolling120,1926-11,1936-10,120,0.9968948844035062,2.3331362040103243,6.42674234816932,149.9070938016201,ff49,vw
rolling120,1926-12,1936-11,120,1.069908132318783,2.4262821645590233,6.463598672603877,152.19525197227267,ff49,vw
rolling120,1927-01,1936-12,120,1.053763638784908,2.4125761882578516,6.486302427018072,153.58380945801815,ff49,vw
rolling120,1927-02,1937-01,120,1.13623451311489,2.5098792869195723,6.489492856373192,153.78999395711813,ff49,vw
rolling120,1927-03,1937-02,120,1.0640407302629713,2.4267871757945136,6.496905962142253,154.24227183253535,ff49,vw
rolling120,1927-04,1937-03,120,1.0474144600057427,2.4048578781789103,6.490403785176943,153.87956437343226,ff49,vw
rolling120,1927-05,1937-04,120,0.8643775340600008,2.18931789960081,6.4887859725372286,153.78996270530297,ff49,vw
rolling120,1927-06,1937-05,120,0.7472243499530531,2.048314789866474,6.471383143174141,152.7219146848013,ff49,vw
rolling120,1927-07,1937-06,120,0.6741638842409667,1.9615699664150368,6.465742327492815,152.37889130089505,ff49,vw
rolling120,1927-08,1937-07,120,0.7082965458791115,2.004020118242237,6.478718785635342,153.17293506079855,ff49,vw
rolling120,1927-09,1937-08,120,0.5937927555400144,1.8686513452896716,6.46811493370479,152.47015874614334,ff49,vw
rolling120,1927-10,1937-09,120,0.28523857582407225,1.5125428351378691,6.5009639541827955,154.40438952173824,ff49,vw
rolling120,1927-11,1937-10,120,0.1967310946600231,1.4077339760205247,6.497308935402634,154.18748802292345,ff49,vw
rolling120,1927-12,1937-11,120,0.025468346445649895,1.2076510649755723,6.507755069429199,154.81046998662785,ff49,vw
rolling120,1928-01,1937-12,120,-0.06761439129771461,1.0999527139655385,6.5197824128425,155.45870564419997,ff49,vw
rolling120,1928-02,1938-01,120,-0.06283794190861852,1.107779444691212,6.536628664436361,156.45506236133429,ff49,vw
rolling120,1928-03,1938-02,120,0.012806192369692373,1.198161746803924,6.544609907931898,156.94288992042098,ff49,vw
rolling120,1928-04,1938-03,120,-0.29933795147195313,0.8301336445468375,6.553084909804901,157.38148373245136,ff49,vw
rolling120,1928-05,1938-04,120,-0.22481032854120347,0.9126582012695172,6.463785434324867,151.4782804001912,ff49,vw
rolling120,1928-06,1938-05,120,-0.2790995803367105,0.8500112003500284,6.485902675130046,152.93451356769805,ff49,vw
rolling120,1928-07,1938-06,120,-0.04013843774366719,1.1375309867983203,6.53282406048035,155.72013253350661,ff49,vw
rolling120,1928-08,1938-07,120,0.031827819215183746,1.2239733042913072,6.541647331954927,156.2496956362381,ff49,vw
rolling120,1928-09,1938-08,120,-0.0649601016216642,1.1086293325177998,6.537926028402632,156.03433222738698,ff49,vw
rolling120,1928-10,1938-09,120,-0.08734931486469809,1.080968107580084,6.527211621047359,155.37695221185737,ff49,vw
rolling120,1928-11,1938-10,120,-0.000421564389407326,1.1913618639218537,6.613050076755151,161.07279431412366,ff49,vw
rolling120,1928-12,1938-11,120,-0.11244377089946807,1.055379860894767,6.584716054718339,159.24121582166055,ff49,vw
rolling120,1929-01,1938-12,120,-0.07530946456353249,1.0999744266466853,6.589127302109636,159.51513545586437,ff49,vw
rolling120,1929-02,1939-01,120,-0.1795111297747922,0.9746280589356376,6.576247245150259,158.73516547930737,ff49,vw
rolling120,1929-03,1939-02,120,-0.15292673348411095,1.0055275671965715,6.56994586746561,158.3532057254084,ff49,vw
rolling120,1929-04,1939-03,120,-0.2467828669922209,0.8976407819418707,6.6006759365580585,160.1567426148847,ff49,vw
rolling120,1929-05,1939-04,120,-0.26505897713531046,0.8748247801104688,6.589131771742264,159.44618389606566,ff49,vw
rolling120,1929-06,1939-05,120,-0.14976615862749462,1.0106925001554534,6.576705929029472,158.6959722869793,ff49,vw
rolling120,1929-07,1939-06,120,-0.2700974759142498,0.8674156666868975,6.572068610414525,158.39302371213859,ff49,vw
rolling120,1929-08,1939-07,120,-0.2200253873846089,0.9254823362167565,6.555042008236579,157.3250734501598,ff49,vw
rolling120,1929-09,1939-08,120,-0.3211535167524737,0.8053291251770571,6.553555304648497,157.2417786884081,ff49,vw
rolling120,1929-10,1939-09,120,-0.17717333001261137,0.9937918979399887,6.7640594233332445,170.93293422035066,ff49,vw
rolling120,1929-11,1939-10,120,0.029210870548920447,1.2331692033264412,6.696782762976673,166.80713637120607,ff49,vw
rolling120,1929-12,1939-11,120,0.12625188263941003,1.344146983901952,6.664852262158359,164.8457611947784,ff49,vw
rolling120,1930-01,1939-12,120,0.1442433931645113,1.363914518230618,6.651961529155191,164.02994095075826,ff49,vw
rolling120,1930-02,1940-01,120,0.05182651495719164,1.24443736794927,6.571316575704609,158.881838124352,ff49,vw
rolling120,1930-03,1940-02,120,0.03019386393720418,1.2103933935506166,6.505785731395779,154.8716939986804,ff49,vw
rolling120,1930-04,1940-03,120,-0.0035700721542851767,1.1665567024721624,6.470895684259373,152.75855086823927,ff49,vw
rolling120,1930-05,1940-04,120,0.02451183208515492,1.192280647191772,6.4113953312239556,149.16132094773565,ff49,vw
rolling120,1930-06,1940-05,120,-0.2011077053588212,0.9316417907799016,6.429261151739532,150.196237683884,ff49,vw
rolling120,1930-07,1940-06,120,0.034236018716940514,1.1968637900072336,6.404320305996358,148.90030801820674,ff49,vw
rolling120,1930-08,1940-07,120,0.018928219822815597,1.1790643989400664,6.403049110566083,148.8182859080552,ff49,vw
rolling120,1930-09,1940-08,120,0.03883728819579704,1.2015079881725501,6.399581603629101,148.62583616996804,ff49,vw
rolling120,1930-10,1940-09,120,0.2500791865210701,1.4475174820917696,6.43999916293704,151.51658589068523,ff49,vw
rolling120,1930-11,1940-10,120,0.4255991912509362,1.649265197362067,6.432955976267823,151.11126635596622,ff49,vw
rolling120,1930-12,1940-11,120,0.4390837206227603,1.6664447144808325,6.436021107966669,151.2570632623459,ff49,vw
rolling120,1931-01,1940-12,120,0.5885659890427293,1.836219687137061,6.423168358262831,150.5356480330363,ff49,vw
rolling120,1931-02,1941-01,120,0.42339883983726784,1.6383616519905793,6.377889056736702,147.7716049758867,ff49,vw
rolling120,1931-03,1941-02,120,0.2281713546680347,1.400437384197389,6.268194983803445,141.0067298757732,ff49,vw
rolling120,1931-04,1941-03,120,0.2978432075436551,1.455765717291536,6.0455987671397295,127.41330205391102,ff49,vw
rolling120,1931-05,1941-04,120,0.3792972719245896,1.5431435183066282,6.0239627955044535,126.28645809018005,ff49,vw
rolling120,1931-06,1941-05,120,0.6079491373266623,1.7905765824638036,5.9931804663117125,124.72924198710943,ff49,vw
rolling120,1931-07,1941-06,120,0.5062135999076558,1.6750564976944182,5.983205339886021,124.22154886408745,ff49,vw
rolling120,1931-08,1941-07,120,0.7631760830210905,1.961375492296566,5.987120043571825,124.44374095343098,ff49,vw
rolling120,1931-09,1941-08,120,0.7601066060004333,1.956568524672936,5.981787128505123,124.17277218765885,ff49,vw
rolling120,1931-10,1941-09,120,1.4770806534472234,2.730310129728785,5.91622199938346,120.8310487207514,ff49,vw
rolling120,1931-11,1941-10,120,1.1461404909917086,2.3530980742335563,5.8807681727170005,119.07257263273448,ff49,vw
rolling120,1931-12,1941-11,120,1.3119149456016226,2.529141876270302,5.865660920726991,118.33043527326704,ff49,vw
rolling120,1932-01,1941-12,120,1.571972547849354,2.809317072961219,5.855414836238388,117.83156015568015,ff49,vw
rolling120,1932-02,1942-01,120,1.652714221952623,2.8905194597123116,5.833939685156558,116.73521857468653,ff49,vw
rolling120,1932-03,1942-02,120,1.4905355949064871,2.707339298311895,5.814486591847366,115.76497546421248,ff49,vw
rolling120,1932-04,1942-03,120,1.6686954344051985,2.888766262468155,5.784465921370715,114.30731888320548,ff49,vw
rolling120,1932-05,1942-04,120,2.1521211727905447,3.3769598939525753,5.725192739762627,111.53292456291959,ff49,vw
rolling120,1932-06,1942-05,120,3.3583176232452505,4.59604691567367,5.634091116503095,107.31967840543581,ff49,vw
rolling120,1932-07,1942-06,120,3.5254625429634734,4.694965892162798,5.564140237998588,104.06178103591812,ff49,vw
rolling120,1932-08,1942-07,120,2.4744125604686573,3.542440142634404,5.45882942885665,99.26804503545948,ff49,vw
rolling120,1932-09,1942-08,120,1.369025354840927,2.213402443014184,4.367762464700228,56.38102470761995,ff49,vw
rolling120,1932-10,1942-09,120,1.5438075711605834,2.353413155557889,4.322462416236389,55.06436580836413,ff49,vw
rolling120,1932-11,1942-10,120,2.195634240227433,2.945001845586036,4.305325545209773,54.58830987851567,ff49,vw
rolling120,1932-12,1942-11,120,2.395561436569703,3.1185521300475934,4.288741993389104,54.11634951515617,ff49,vw
rolling120,1933-01,1942-12,120,2.576278901964926,3.249698260618607,4.252416208893138,53.11770352861223,ff49,vw
rolling120,1933-02,1943-01,120,2.8130526794807307,3.441399619787365,4.2216001088894295,52.25566027917553,ff49,vw
rolling120,1933-03,1943-02,120,3.939357210828531,4.463122410856041,4.246861908113181,53.09139965810373,ff49,vw
rolling120,1933-04,1943-03,120,3.925579263213754,4.357991655482631,4.102046771855765,48.84741427848696,ff49,vw
rolling120,1933-05,1943-04,120,2.5714224387919633,3.096465887415423,4.018210727556578,46.68580397172798,ff49,vw
rolling120,1933-06,1943-05,120,1.8155378823809354,2.2674667922711373,3.3363339637019647,30.21576081275244,ff49,vw
rolling120,1933-07,1943-06,120,1.481333120193261,1.979729920788893,3.297616498424033,29.500970330862724,ff49,vw
rolling120,1933-08,1943-07,120,1.6622648594726988,2.109140527645299,3.273126117731715,29.065394944607966,ff49,vw
rolling120,1933-09,1943-08,120,1.3863332988537338,1.8717432331973343,3.2388880832802145,28.458764384647314,ff49,vw
rolling120,1933-10,1943-09,120,1.784651031368512,2.1662878679181663,3.2118709671430223,27.993019615930166,ff49,vw
rolling120,1933-11,1943-10,120,2.0820198554577924,2.3840628678254943,3.201382223972383,27.82218547615243,ff49,vw
rolling120,1933-12,1943-11,120,1.6704892280009536,2.0588971105733473,3.190250665879723,27.63113324079813,ff49,vw
rolling120,1934-01,1943-12,120,1.8573093427803062,2.182539008215535,3.159707805747285,27.1092155869036,ff49,vw
rolling120,1934-02,1944-01,120,1.4329509382175396,1.8304897330511294,3.0990668452375774,26.073458382439483,ff49,vw
rolling120,1934-03,1944-02,120,1.4759125354734728,1.8563279228387342,3.0892171061831775,25.914287931959553,ff49,vw
rolling120,1934-04,1944-03,120,1.5307430034604592,1.8912597018288666,3.0741443133963835,25.65335866377012,ff49,vw
rolling120,1934-05,1944-04,120,1.4711552713977882,1.8401180194982776,3.061437545535542,25.444793402981674,ff49,vw
rolling120,1934-06,1944-05,120,1.851529613552195,2.116465567158424,3.05206135625696,25.295567904658867,ff49,vw
rolling120,1934-07,1944-06,120,2.03512898911975,2.2478926812120403,3.052636739092501,25.31461651831816,ff49,vw
rolling120,1934-08,1944-07,120,2.4517794208293946,2.534823557553657,3.028572975777891,24.937070479816143,ff49,vw
rolling120,1934-09,1944-08,120,2.343010027371578,2.440470811885847,3.020027487435417,24.801321356591018,ff49,vw
rolling120,1934-10,1944-09,120,2.3712253107107193,2.4543447637492717,3.015786000577024,24.736725163500196,ff49,vw
rolling120,1934-11,1944-10,120,2.3452801775627243,2.4103288532536253,2.9677637967492325,23.922818481967038,ff49,vw
rolling120,1934-12,1944-11,120,2.014408491978808,2.1022046457221046,2.7376930967528517,20.027011000578238,ff49,vw
rolling120,1935-01,1944-12,120,2.1528949573595284,2.190856198788549,2.736939207541915,20.026271129244943,ff49,vw
rolling120,1935-02,1945-01,120,2.398375755264379,2.357104702225428,2.7335923704200824,19.98318220491922,ff49,vw
rolling120,1935-03,1945-02,120,2.703528617893627,2.54859204705765,2.72038240949869,19.81016319933079,ff49,vw
rolling120,1935-04,1945-03,120,2.6723300020178833,2.517828685254449,2.7094817902628554,19.66355233226598,ff49,vw
rolling120,1935-05,1945-04,120,2.677226802391165,2.515895345573712,2.7053026243721443,19.61058488275131,ff49,vw
rolling120,1935-06,1945-05,120,2.5845733342059933,2.3958015795747754,2.5600265858382647,17.45253228503568,ff49,vw
rolling120,1935-07,1945-06,120,2.4605879833112607,2.3125219035384297,2.5624919425775974,17.486156727120658,ff49,vw
rolling120,1935-08,1945-07,120,2.0957065880551413,2.0186840497129905,2.4538948174958506,16.063112325342022,ff49,vw
rolling120,1935-09,1945-08,120,2.2223719424321775,2.083980900066581,2.4459750402968834,15.965215091004243,ff49,vw
rolling120,1935-10,1945-09,120,2.3385522511261394,2.1403026219141217,2.4072957046766925,15.478438837302258,ff49,vw
rolling120,1935-11,1945-10,120,2.2566332171018035,2.051033616619076,2.3491185162315307,14.801692361948021,ff49,vw
rolling120,1935-12,1945-11,120,2.251891179548214,2.0299587150176515,2.321078432876494,14.48377610670923,ff49,vw
rolling120,1936-01,1945-12,120,2.1858061037479315,1.9769364415704933,2.3024916506382644,14.282577664566473,ff49,vw
rolling120,1936-02,1946-01,120,2.193106667890307,1.9693872724491865,2.2835256684753236,14.07645308285558,ff49,vw
rolling120,1936-03,1946-02,120,1.9390289561562732,1.8083403491393535,2.277749426022532,14.016978880049608,ff49,vw
rolling120,1936-04,1946-03,120,2.115885797273341,1.9147626508444662,2.275154640627331,13.990619242254777,ff49,vw
rolling120,1936-05,1946-04,120,2.629464112830022,2.227185402480917,2.2739718299084646,13.97939479582855,ff49,vw
rolling120,1936-06,1946-05,120,2.55795858988437,2.1739296529501986,2.260950181298497,13.84133713990345,ff49,vw
rolling120,1936-07,1946-06,120,2.37102423976747,2.0585311260562174,2.260164443973218,13.8342675484718,ff49,vw
rolling120,1936-08,1946-07,120,2.0548852691675346,1.8468205297565843,2.240428887887078,13.63323548699031,ff49,vw
rolling120,1936-09,1946-08,120,1.8136145230880931,1.6999795989896769,2.2389960123556207,13.61881686328284,ff49,vw
rolling120,1936-10,1946-09,120,1.4379466664134903,1.4654324759964186,2.2223368933822423,13.442816555681315,ff49,vw
rolling120,1936-11,1946-10,120,1.2683769964722904,1.3590381598597978,2.2140057476019974,13.359031853972311,ff49,vw
rolling120,1936-12,1946-11,120,1.12101261587547,1.2636467263398197,2.1921620464693388,13.124887323773663,ff49,vw
rolling120,1937-01,1946-12,120,1.1981629221093644,1.3039721684592949,2.1794381435388805,12.99650640430188,ff49,vw
rolling120,1937-02,1947-01,120,1.149071122661193,1.274172941087267,2.1773870466366567,12.97573775543283,ff49,vw
rolling120,1937-03,1947-02,120,1.1088625580015803,1.2470740623675227,2.171005722847262,12.913734689234822,ff49,vw
rolling120,1937-04,1947-03,120,1.1018340152237043,1.2388141628414777,2.1647123442938283,12.85491015587562,ff49,vw
rolling120,1937-05,1947-04,120,1.1257663505894193,1.2511598669926236,2.162130360828755,12.830849494179498,ff49,vw
rolling120,1937-06,1947-05,120,1.0876868296925641,1.2258087703987401,2.1572959107988794,12.784669090721886,ff49,vw
rolling120,1937-07,1947-06,120,1.3366618616673347,1.3709776113272698,2.1560678722528386,12.77344604455948,ff49,vw
rolling120,1937-08,1947-07,120,1.253402864281108,1.316143605151254,2.14423944194753,12.658682485667924,ff49,vw
rolling120,1937-09,1947-08,120,1.3079715766945963,1.345207453683946,2.1426005721954633,12.64440958448907,ff49,vw
rolling120,1937-10,1947-09,120,1.7426876596987095,1.5853769589297027,2.127258735760008,12.504154585561986,ff49,vw
rolling120,1937-11,1947-10,120,2.099982972341181,1.7836680879736733,2.1194154835722117,12.432624908437553,ff49,vw
rolling120,1937-12,1947-11,120,2.314721609160732,1.8948665641975837,2.105620588806138,12.304736588089325,ff49,vw
rolling120,1938-01,1947-12,120,2.5668569739277793,2.011585187138906,2.071172943578782,11.980080865322803,ff49,vw
rolling120,1938-02,1948-01,120,2.4110982039751887,1.9163338367080525,2.0659698163194538,11.93569137409951,ff49,vw
rolling120,1938-03,1948-02,120,2.065501705352661,1.718579020560822,2.0615852138284807,11.896136119149707,ff49,vw
rolling120,1938-04,1948-03,120,3.399727883000214,2.4444870503410576,2.046426499631364,11.765220433309084,ff49,vw
rolling120,1938-05,1948-04,120,2.8818275993421096,2.1486581350783793,2.0374668861164498,11.684207220759008,ff49,vw
rolling120,1938-06,1948-05,120,3.3493158904276052,2.389929555000215,2.010568452859747,11.421593199538426,ff49,vw
rolling120,1938-07,1948-06,120,2.4156677864940956,1.855322379716905,1.990000429772361,11.250280280651799,ff49,vw
rolling120,1938-08,1948-07,120,1.9955095286295759,1.6232231311719396,1.9855967182372791,11.213078065984922,ff49,vw
rolling120,1938-09,1948-08,120,2.1346347332668114,1.694396634303935,1.9812262119486568,11.176523996668472,ff49,vw
rolling120,1938-10,1948-09,120,2.029906346435901,1.6381656877253796,1.9820836269266155,11.184175396824113,ff49,vw
rolling120,1938-11,1948-10,120,1.8692885366288579,1.5206877387016315,1.9062797990573204,10.474886539307937,ff49,vw
rolling120,1938-12,1948-11,120,1.6856068977951382,1.422194208835362,1.9054957042975622,10.468684206427646,ff49,vw
rolling120,1939-01,1948-12,120,1.6478227172482929,1.396311838790555,1.8963248284893828,10.393980318154783,ff49,vw
rolling120,1939-02,1949-01,120,1.8745913747382832,1.509522045785264,1.8885828571376986,10.33294645326952,ff49,vw
rolling120,1939-03,1949-02,120,1.7017894614014946,1.418454429086873,1.8877498715867433,10.325981298859226,ff49,vw
rolling120,1939-04,1949-03,120,2.2855269745025044,1.6988912514258872,1.8701598872557912,10.192925554624043,ff49,vw
rolling120,1939-05,1949-04,120,2.2246417923240207,1.666753156724831,1.869624137360362,10.18873149602859,ff49,vw
rolling120,1939-06,1949-05,120,1.8983976502942026,1.495357919513728,1.8653551415573608,10.15405493156598,ff49,vw
rolling120,1939-07,1949-06,120,2.1122557984516224,1.5960520935176745,1.8581880687783272,10.100244244508271,ff49,vw
rolling120,1939-08,1949-07,120,1.972552875222188,1.5169788713382317,1.8500093946027032,10.037586129423513,ff49,vw
rolling120,1939-09,1949-08,120,2.3416119708748315,1.6971842310057186,1.8438634298956718,9.991463633602772,ff49,vw
rolling120,1939-10,1949-09,120,1.9508386874704238,1.403141656584365,1.670340257008679,8.654021922043219,ff49,vw
rolling120,1939-11,1949-10,120,2.019042335220469,1.4207857237298518,1.650065981981898,8.513388676186326,ff49,vw
rolling120,1939-12,1949-11,120,2.2374795783048653,1.5110132315665872,1.6428234933895132,8.468859463881548,ff49,vw
rolling120,1940-01,1949-12,120,2.3843142587172137,1.5765803539264267,1.6435782356364421,8.475448453159462,ff49,vw
rolling120,1940-02,1950-01,120,2.5083300078424937,1.6299534653490422,1.6405135516361702,8.456076732952697,ff49,vw
rolling120,1940-03,1950-02,120,2.5103497996039903,1.631904638289469,1.6409534968176307,8.458607253401185,ff49,vw
rolling120,1940-04,1950-03,120,2.4150697552916776,1.5883564347877415,1.6412517779950826,8.46016890695855,ff49,vw
rolling120,1940-05,1950-04,120,2.534236523835636,1.6422117281098063,1.6432488305583046,8.471500780914132,ff49,vw
rolling120,1940-06,1950-05,120,3.8718831326791117,2.24163760797137,1.634683557440877,8.420172780305693,ff49,vw
rolling120,1940-07,1950-06,120,3.286947642198795,1.9487182122506617,1.6109891960884783,8.256578864407052,ff49,vw
rolling120,1940-08,1950-07,120,3.174085673306143,1.9229731607656189,1.6348146612965548,8.411211512968892,ff49,vw
rolling120,1940-09,1950-08,120,3.2995391872755615,1.9804004756899056,1.634551308469967,8.40937566095331,ff49,vw
rolling120,1940-10,1950-09,120,3.3526081681153252,1.9712179206429532,1.5582506114671744,7.810517957807287,ff49,vw
rolling120,1940-11,1950-10,120,3.1877026549981062,1.8893804904684126,1.5529759866461061,7.778379320180002,ff49,vw
rolling120,1940-12,1950-11,120,3.353676604459297,1.94872701279215,1.5526569390657494,7.774413845705936,ff49,vw
rolling120,1941-01,1950-12,120,3.5648362969800607,2.040700330996343,1.5481139505751613,7.743181322573337,ff49,vw
rolling120,1941-02,1951-01,120,3.936076250009119,2.2015334602498315,1.5428651814409053,7.709787004547191,ff49,vw
rolling120,1941-03,1951-02,120,4.115310957556563,2.282769243696886,1.5442478882492165,7.718498098683485,ff49,vw
rolling120,1941-04,1951-03,120,3.8964245699320204,2.1779264044076245,1.5345601228987718,7.652615430365667,ff49,vw
rolling120,1941-05,1951-04,120,4.404960362690119,2.3926817493679553,1.534397300264507,7.651245571033573,ff49,vw
rolling120,1941-06,1951-05,120,4.2892360996449295,2.3368463419821834,1.531875249676284,7.636325346784597,ff49,vw
rolling120,1941-07,1951-06,120,3.8044277716485286,2.119581302777766,1.528699683240136,7.6161947859620165,ff49,vw
rolling120,1941-08,1951-07,120,3.6856172128803184,2.051727698358084,1.5140362054210323,7.522928701826414,ff49,vw
rolling120,1941-09,1951-08,120,3.854480308456681,2.122439560207862,1.5106605075889248,7.501538425974119,ff49,vw
rolling120,1941-10,1951-09,120,4.037239566692329,2.2057657385261575,1.515203404139377,7.530341399367685,ff49,vw
rolling120,1941-11,1951-10,120,4.2014942575983305,2.272333174241793,1.5135579049205308,7.520845149729615,ff49,vw
rolling120,1941-12,1951-11,120,4.387793271525107,2.339935920102735,1.50849986633537,7.490942551579882,ff49,vw
rolling120,1942-01,1951-12,120,4.870261145854067,2.5070457301626288,1.4966422927813963,7.424872791135195,ff49,vw
rolling120,1942-02,1952-01,120,4.686807302740272,2.405080756565962,1.4846916035925766,7.35517463385827,ff49,vw
rolling120,1942-03,1952-02,120,4.6379644330822,2.37790909955841,1.4831385511782376,7.346093135012423,ff49,vw
rolling120,1942-04,1952-03,120,5.094752437582561,2.561832212922853,1.479430397650734,7.3250190784399365,ff49,vw
rolling120,1942-05,1952-04,120,5.103134806669129,2.5627280820272533,1.47800861226663,7.316716730601263,ff49,vw
rolling120,1942-06,1952-05,120,4.946253829187396,2.487853607535619,1.473172501818152,7.2891488440244725,ff49,vw
rolling120,1942-07,1952-06,120,4.971594701303138,2.497470352514247,1.4726080892331028,7.28583368699311,ff49,vw
rolling120,1942-08,1952-07,120,4.773113367141963,2.4125036025513102,1.4713637003543785,7.278570520894523,ff49,vw
rolling120,1942-09,1952-08,120,4.711488532226728,2.3845137692147045,1.4703344200632344,7.272595365923023,ff49,vw
rolling120,1942-10,1952-09,120,4.434932001431683,2.268156069624009,1.468870080965472,7.263865372554357,ff49,vw
rolling120,1942-11,1952-10,120,4.024372427991942,2.0801425367366146,1.4560188497981306,7.1858041085274325,ff49,vw
rolling120,1942-12,1952-11,120,4.292571798389024,2.1800243798010195,1.4499771451575119,7.151625123957787,ff49,vw
rolling120,1943-01,1952-12,120,4.164528829574851,2.118430370903691,1.4450085398214532,7.1224239416830555,ff49,vw
rolling120,1943-02,1953-01,120,3.7659937266438748,1.9419089283786912,1.4353342458006801,7.067670014968655,ff49,vw
rolling120,1943-03,1953-02,120,3.4234487721878457,1.7587606098337576,1.355117795788548,6.543672530089112,ff49,vw
rolling120,1943-04,1953-03,120,3.0601387170481145,1.5985146839861226,1.3388755522085285,6.451994024068943,ff49,vw
rolling120,1943-05,1953-04,120,2.8755172487707124,1.514066007359642,1.3268456388181655,6.3877672914905155,ff49,vw
rolling120,1943-06,1953-05,120,2.630787733858295,1.4030193520340182,1.304504059472498,6.265391460701121,ff49,vw
rolling120,1943-07,1953-06,120,2.491584541759593,1.3439166929629065,1.2990320227358054,6.237204077514829,ff49,vw
rolling120,1943-08,1953-07,120,2.7649369279061506,1.436712280504145,1.2867539664380814,6.1743884796049775,ff49,vw
rolling120,1943-09,1953-08,120,2.563742400101778,1.3591145050826212,1.2840336411181117,6.159178362558512,ff49,vw
rolling120,1943-10,1953-09,120,2.470970250899285,1.3240536581299958,1.284591633570393,6.162006441554096,ff49,vw
rolling120,1943-11,1953-10,120,2.627842377517838,1.3852169261351788,1.2837438908590835,6.15616536759549,ff49,vw
rolling120,1943-12,1953-11,120,2.998196228506972,1.5255103079520338,1.2834663640344324,6.155308079316421,ff49,vw
rolling120,1944-01,1953-12,120,2.6914647273269763,1.4058643186390716,1.2808463767150695,6.142237912737498,ff49,vw
rolling120,1944-02,1954-01,120,2.7950655446829917,1.4449534962813937,1.2798927143696042,6.137085261076789,ff49,vw
rolling120,1944-03,1954-02,120,2.8529636545509973,1.4651010996255953,1.2786854377694603,6.131048697056859,ff49,vw
rolling120,1944-04,1954-03,120,2.850847959776418,1.4678752405339301,1.2832966648395472,6.155235270962949,ff49,vw
rolling120,1944-05,1954-04,120,3.06307863190015,1.5533751562599267,1.2866779388260943,6.1718291054595475,ff49,vw
rolling120,1944-06,1954-05,120,2.967091728065457,1.519547184659048,1.288077818568152,6.17846821236063,ff49,vw
rolling120,1944-07,1954-06,120,2.7888148198223797,1.4446857796461463,1.2777143422863542,6.1229903307894595,ff49,vw
rolling120,1944-08,1954-07,120,3.0599947737551414,1.5506639252986127,1.2793108519141172,6.130480269769042,ff49,vw
rolling120,1944-09,1954-08,120,2.8789037497436,1.4810888610407074,1.278943452207843,6.128622022736471,ff49,vw
rolling120,1944-10,1954-09,120,3.063753717112262,1.5520916476413864,1.2788053825540284,6.127548070965911,ff49,vw
rolling120,1944-11,1954-10,120,3.0162412398055904,1.5352443328729488,1.2796590754881043,6.131616960261237,ff49,vw
rolling120,1944-12,1954-11,120,3.3018227263699345,1.652125642658236,1.2862695275568419,6.16444550961331,ff49,vw
rolling120,1945-01,1954-12,120,3.348472952579553,1.6623784161941761,1.2724911393162666,6.085789448793355,ff49,vw
rolling120,1945-02,1955-01,120,3.2494320067630227,1.624329104850286,1.2723449589820777,6.085116640783771,ff49,vw
rolling120,1945-03,1955-02,120,3.1524723357937487,1.5894682753700025,1.2731553446926032,6.088945378536714,ff49,vw
rolling120,1945-04,1955-03,120,3.3453224645448865,1.6656413345456258,1.2762674134243073,6.104900268080261,ff49,vw
rolling120,1945-05,1955-04,120,3.1266388431013254,1.5842465244747463,1.276749679351274,6.105822500348665,ff49,vw
rolling120,1945-06,1955-05,120,3.078397163907426,1.5667570398543267,1.2777057383483161,6.11063214166889,ff49,vw
rolling120,1945-07,1955-06,120,3.1862002111566117,1.6060484651289617,1.275540923593217,6.099657862378269,ff49,vw
rolling120,1945-08,1955-07,120,3.298138163904631,1.656429037023499,1.2829188649561765,6.138424489082474,ff49,vw
rolling120,1945-09,1955-08,120,3.0543918534395997,1.559773120506055,1.2831063380375554,6.141526302189404,ff49,vw
rolling120,1945-10,1955-09,120,2.71979826066069,1.4225148344676104,1.272141223159877,6.0838582983120775,ff49,vw
rolling120,1945-11,1955-10,120,2.456703073271115,1.305119284883615,1.2375226096049654,5.889414734296717,ff49,vw
rolling120,1945-12,1955-11,120,2.4285729443127315,1.2855807075053793,1.2243596596919943,5.822669687046111,ff49,vw
rolling120,1946-01,1955-12,120,2.433467086983551,1.2823761047810012,1.2164301031985378,5.782431047321519,ff49,vw
rolling120,1946-02,1956-01,120,2.0968842370684038,1.150805172623265,1.207353039855579,5.7374501741116495,ff49,vw
rolling120,1946-03,1956-02,120,2.4248269327771106,1.2738827121032552,1.208360069006968,5.742137564962492,ff49,vw
rolling120,1946-04,1956-03,120,2.421470422468029,1.2779554126069768,1.2167319279004256,5.783887514545089,ff49,vw
rolling120,1946-05,1956-04,120,2.214742693974383,1.1933838123709763,1.2076901572994456,5.74101278488356,ff49,vw
rolling120,1946-06,1956-05,120,1.9776294287555687,1.1036471767857623,1.2071078528065777,5.739020418463768,ff49,vw
rolling120,1946-07,1956-06,120,2.2242556261410793,1.193912543464018,1.2059485714055773,5.733363588271877,ff49,vw
rolling120,1946-08,1956-07,120,2.452031764320771,1.2798641960681392,1.2077166590434674,5.741662227841722,ff49,vw
rolling120,1946-09,1956-08,120,2.623009199746536,1.3469622702316897,1.2130759999362724,5.767861659512328,ff49,vw
rolling120,1946-10,1956-09,120,2.9091008543268266,1.4532483690970617,1.2135291225759806,5.770706252380856,ff49,vw
rolling120,1946-11,1956-10,120,3.0092713043235078,1.489060575093246,1.2126182139424626,5.766648469763358,ff49,vw
rolling120,1946-12,1956-11,120,3.03454810353061,1.4954201458216116,1.2115733977629624,5.762304314326413,ff49,vw
rolling120,1947-01,1956-12,120,2.9532771452878013,1.4587562209537184,1.2046746733852889,5.728963728061865,ff49,vw
rolling120,1947-02,1957-01,120,2.874791515894868,1.4309834667955603,1.205679569340016,5.733189028694439,ff49,vw
rolling120,1947-03,1957-02,120,2.8583437595616106,1.4268295030114406,1.2070333468920136,5.73941754912645,ff49,vw
rolling120,1947-04,1957-03,120,3.046486539090041,1.4940343087678596,1.20475660536695,5.7285108987654985,ff49,vw
rolling120,1947-05,1957-04,120,3.473061141709013,1.652871311966928,1.2066010904288749,5.7373386279792715,ff49,vw
rolling120,1947-06,1957-05,120,3.7138272738474027,1.7411865259116743,1.2064414190993267,5.7366721236554525,ff49,vw
rolling120,1947-07,1957-06,120,3.4440167006364852,1.639523733719793,1.205526290102574,5.73285368858706,ff49,vw
rolling120,1947-08,1957-07,120,3.267838060984329,1.572299533829588,1.2036084477152367,5.723667465742474,ff49,vw
rolling120,1947-09,1957-08,120,3.1484023132216326,1.5282643589334985,1.203023207510152,5.7202107305383105,ff49,vw
rolling120,1947-10,1957-09,120,2.9481198372085164,1.4552290838276083,1.202780587979845,5.718110022212915,ff49,vw
rolling120,1947-11,1957-10,120,2.681079351628994,1.359196634032993,1.2047663431190043,5.727195858781196,ff49,vw
rolling120,1947-12,1957-11,120,2.8737138841410577,1.4344046897809826,1.2090108547603156,5.747236061444033,ff49,vw
rolling120,1948-01,1957-12,120,2.704934067409096,1.3733096581511088,1.2117507069802735,5.760900765893332,ff49,vw
rolling120,1948-02,1958-01,120,3.0939222223212894,1.5180881109396624,1.2115677293230716,5.759488759723238,ff49,vw
rolling120,1948-03,1958-02,120,3.296750442415102,1.5941277222569263,1.212524736175131,5.764118233754302,ff49,vw
rolling120,1948-04,1958-03,120,3.1195186066570297,1.5178880159763117,1.2024306114566994,5.715155148428774,ff49,vw
rolling120,1948-05,1958-04,120,3.108835120745865,1.511000150722231,1.2002597020954335,5.705215411615007,ff49,vw
rolling120,1948-06,1958-05,120,2.9174786743345362,1.4384954719641962,1.1997228133258755,5.704299805006296,ff49,vw
rolling120,1948-07,1958-06,120,3.0894409653582464,1.494953230516994,1.1939712931621216,5.676833003110749,ff49,vw
rolling120,1948-08,1958-07,120,3.486778579042335,1.6433701313843627,1.1956704806183782,5.684093855521005,ff49,vw
rolling120,1948-09,1958-08,120,3.586931825961045,1.6810356853090345,1.196651156690782,5.688796958145831,ff49,vw
rolling120,1948-10,1958-09,120,3.9473195951154425,1.8179754812357307,1.1984360634104096,5.695877090827255,ff49,vw
rolling120,1948-11,1958-10,120,3.8787843407841196,1.795382089348853,1.1996498721784101,5.701746639535562,ff49,vw
rolling120,1948-12,1958-11,120,4.572577720679423,2.044208496153466,1.1979846147591204,5.695387190853057,ff49,vw
rolling120,1949-01,1958-12,120,4.678575053251864,2.095031359456856,1.2061241689505287,5.734340339857462,ff49,vw
rolling120,1949-02,1959-01,120,4.710147822821392,2.108455162220475,1.2074523615726966,5.740656706940737,ff49,vw
rolling120,1949-03,1959-02,120,5.038955391266682,2.232154245760206,1.2092655660570153,5.749675493774654,ff49,vw
rolling120,1949-04,1959-03,120,4.838196036029073,2.1640665189538857,1.214172243263578,5.773740084054484,ff49,vw
rolling120,1949-05,1959-04,120,5.153250322307114,2.3034667333490524,1.2303404198797956,5.8536911850677305,ff49,vw
rolling120,1949-06,1959-05,120,5.390630944529948,2.3999270144066873,1.2359365564501152,5.881906079620501,ff49,vw
rolling120,1949-07,1959-06,120,5.500480399771396,2.456997265497038,1.249559828724976,5.953565342329512,ff49,vw
rolling120,1949-08,1959-07,120,5.334847959751992,2.400295617273959,1.252940371853549,5.970014109987798,ff49,vw
rolling120,1949-09,1959-08,120,5.078600467450331,2.3088232905841073,1.2534593967970724,5.9713846839256,ff49,vw
rolling120,1949-10,1959-09,120,4.58365400084105,2.120606825056664,1.253069217240459,5.969333023549805,ff49,vw
rolling120,1949-11,1959-10,120,4.558516080193853,2.1188128785299374,1.2582961385101155,5.99511961074517,ff49,vw
rolling120,1949-12,1959-11,120,4.603217145568028,2.1440272618152876,1.2643355997076438,6.0250459741856375,ff49,vw
rolling120,1950-01,1959-12,120,4.3623304873061395,2.0520623248608625,1.2628742089821396,6.017303688438178,ff49,vw
rolling120,1950-02,1960-01,120,3.938321738042723,1.8979091307965261,1.27072367535826,6.058678722853743,ff49,vw
rolling120,1950-03,1960-02,120,3.983965600133967,1.9203716081553985,1.2750994881076798,6.080729511632656,ff49,vw
rolling120,1950-04,1960-03,120,3.9500479056505684,1.9077819559003957,1.2753972112439058,6.082226150936492,ff49,vw
rolling120,1950-05,1960-04,120,3.7720955081811702,1.8358708571382987,1.2745234781414811,6.078922400282128,ff49,vw
rolling120,1950-06,1960-05,120,3.7969327679968465,1.8553896025248795,1.281909288639796,6.115046761079985,ff49,vw
rolling120,1950-07,1960-06,120,4.219232000888171,2.0253662042189844,1.285427803044932,6.132332534044324,ff49,vw
rolling120,1950-08,1960-07,120,4.078206760596941,1.9303921682636027,1.2526073079461244,5.96993682475434,ff49,vw
rolling120,1950-09,1960-08,120,3.977246437374702,1.8876535177247176,1.2489383071737523,5.951625913563378,ff49,vw
rolling120,1950-10,1960-09,120,3.3840454492182968,1.6624112957616357,1.2469134274506897,5.940673057695931,ff49,vw
rolling120,1950-11,1960-10,120,3.3936044273551413,1.669521828589061,1.2490116962531153,5.950486882480076,ff49,vw
rolling120,1950-12,1960-11,120,3.547056445961295,1.7243518645350064,1.2466123552220811,5.939165289224344,ff49,vw
rolling120,1951-01,1960-12,120,3.5199671025114583,1.7082951265018744,1.2421294492527866,5.917602422831045,ff49,vw
rolling120,1951-02,1961-01,120,3.557610739382735,1.7205386576661863,1.2418620514645662,5.916568168680401,ff49,vw
rolling120,1951-03,1961-02,120,3.754895798064556,1.8062373052626322,1.254948550521847,5.98552951529362,ff49,vw
rolling120,1951-04,1961-03,120,4.059362917377769,1.9241199023160735,1.2573563141851045,5.997797853176148,ff49,vw
rolling120,1951-05,1961-04,120,3.892024809835962,1.861328122621246,1.2569815874953085,5.995630601318331,ff49,vw
rolling120,1951-06,1961-05,120,4.121238595616951,1.9510984446186732,1.2578713751890995,5.999373087623991,ff49,vw
rolling120,1951-07,1961-06,120,4.10793260369663,1.9431085543337752,1.2566748516748623,5.994082245097267,ff49,vw
rolling120,1951-08,1961-07,120,3.9108076978045005,1.8679230024103604,1.255662627420268,5.988912157564018,ff49,vw
rolling120,1951-09,1961-08,120,3.8776772990277673,1.863853037388461,1.2614196095712158,6.0175147267868025,ff49,vw
rolling120,1951-10,1961-09,120,3.6589434829667313,1.7804543175918075,1.2593820814891294,6.006171148831786,ff49,vw
rolling120,1951-11,1961-10,120,3.8941460703447968,1.8803554819367436,1.265437608173068,6.0360127391228,ff49,vw
rolling120,1951-12,1961-11,120,4.068916889896821,1.9486378030314977,1.2661308704542646,6.0393102296967065,ff49,vw
rolling120,1952-01,1961-12,120,3.9146420054542768,1.8892493295401913,1.2661973823632555,6.039861061351442,ff49,vw
rolling120,1952-02,1962-01,120,3.712900727367301,1.820073447109959,1.2700456750124136,6.059334771276001,ff49,vw
rolling120,1952-03,1962-02,120,3.8907545172575775,1.8893605319574855,1.2707268350179872,6.062757021828958,ff49,vw
rolling120,1952-04,1962-03,120,3.698523218416078,1.8185587397961895,1.2719250709306633,6.068221119302595,ff49,vw
rolling120,1952-05,1962-04,120,3.5363836923566403,1.7603312140451486,1.2751513387054356,6.083893187028457,ff49,vw
rolling120,1952-06,1962-05,120,2.9935346419626656,1.552181423539243,1.27786543594039,6.097157113048742,ff49,vw
rolling120,1952-07,1962-06,120,2.5028060952700497,1.3674157048347082,1.2823639039459804,6.118655913273085,ff49,vw
rolling120,1952-08,1962-07,120,2.681734097756626,1.4412655134613843,1.2845098715512155,6.128958955793732,ff49,vw
rolling120,1952-09,1962-08,120,2.747427789609106,1.4674977214680092,1.2835261597114414,6.123230655576297,ff49,vw
rolling120,1952-10,1962-09,120,2.5955380350203052,1.4084884439536507,1.2847443997790908,6.12954616859802,ff49,vw
rolling120,1952-11,1962-10,120,2.5890299517797235,1.4101146003017486,1.2863957043510457,6.136768450510028,ff49,vw
rolling120,1952-12,1962-11,120,2.826729084250291,1.5055230770655514,1.289877119128859,6.155656179308367,ff49,vw
rolling120,1953-01,1962-12,120,2.736427641039071,1.4716075457712938,1.2898232571515533,6.155010969782787,ff49,vw
rolling120,1953-02,1963-01,120,2.9398968578240208,1.5520570976261203,1.2901117225754357,6.156380990232939,ff49,vw
rolling120,1953-03,1963-02,120,2.8429474089804527,1.5145514324215896,1.2905419533481786,6.158439881920118,ff49,vw
rolling120,1953-04,1963-03,120,2.9555412021142766,1.557749999295093,1.289216346276476,6.151675142893143,ff49,vw
rolling120,1953-05,1963-04,120,3.236937576101033,1.672307642936686,1.2917701426478438,6.164110279916365,ff49,vw
rolling120,1953-06,1963-05,120,3.2988559782301525,1.7016509906296837,1.2973178795535696,6.193680106322508,ff49,vw
rolling120,1953-07,1963-06,120,3.31060704706569,1.7077705928427556,1.298180705770375,6.1978827574161155,ff49,vw
rolling120,1953-08,1963-07,120,3.184052830075956,1.6594003620190239,1.2994692746822025,6.2042522188058244,ff49,vw
rolling120,1953-09,1963-08,120,3.5655142945214147,1.8088539226800469,1.2981261693091668,6.197602685124988,ff49,vw
rolling120,1953-10,1963-09,120,3.483371300736893,1.7760597388171788,1.2981113596302325,6.197657741983491,ff49,vw
rolling120,1953-11,1963-10,120,3.4231241611312813,1.7525273075895993,1.299886109492086,6.207664553240422,ff49,vw
rolling120,1953-12,1963-11,120,3.2556468170119572,1.6848642278067374,1.299305139532643,6.20475185821307,ff49,vw
rolling120,1954-01,1963-12,120,3.2998816490791336,1.7037151980204115,1.2995728652139318,6.205693659888096,ff49,vw
rolling120,1954-02,1964-01,120,3.131251750816382,1.6361395095352684,1.2986854269348815,6.200996186377902,ff49,vw
rolling120,1954-03,1964-02,120,3.1673612576539627,1.6501052477359783,1.2987884576134856,6.2016644622498,ff49,vw
rolling120,1954-04,1964-03,120,3.127319267655645,1.6325194779564163,1.2951946590118375,6.181713855484091,ff49,vw
rolling120,1954-05,1964-04,120,2.9762259828557758,1.574039403098006,1.2979060328311798,6.1974388715991715,ff49,vw
rolling120,1954-06,1964-05,120,2.870001128002787,1.5308853875095705,1.2964404198338013,6.19015174243031,ff49,vw
rolling120,1954-07,1964-06,120,2.822598487471888,1.5081161890618862,1.2940303201191847,6.1785286413973175,ff49,vw
rolling120,1954-08,1964-07,120,2.707355106380038,1.4588516103380689,1.2909803304954757,6.1635339258630655,ff49,vw
rolling120,1954-09,1964-08,120,2.73810162699295,1.4675690882125896,1.2863966966793523,6.139266870556466,ff49,vw
rolling120,1954-10,1964-09,120,2.690645450990661,1.4499264812278563,1.2881761611334182,6.1490631926040455,ff49,vw
rolling120,1954-11,1964-10,120,2.7869721718164,1.4882266887062896,1.289093070906384,6.153959632216473,ff49,vw
rolling120,1954-12,1964-11,120,2.473674911456787,1.35785674968345,1.280895090679843,6.1126726617135745,ff49,vw
rolling120,1955-01,1964-12,120,2.2606070085493895,1.2719960506402845,1.278052446264901,6.098611289211974,ff49,vw
rolling120,1955-02,1965-01,120,2.4304011068147293,1.3388795769812887,1.277780541610588,6.096821583604281,ff49,vw
rolling120,1955-03,1965-02,120,2.3999915143059796,1.3251315279031324,1.27730931344553,6.095267247577032,ff49,vw
rolling120,1955-04,1965-03,120,2.409784296357709,1.3259928832112564,1.2738094787752265,6.077625139254743,ff49,vw
rolling120,1955-05,1965-04,120,2.462601188737634,1.3406651745275873,1.268843609847837,6.053705447006738,ff49,vw
rolling120,1955-06,1965-05,120,2.382939770329465,1.3068332075488336,1.2654289846642497,6.036845305564443,ff49,vw
rolling120,1955-07,1965-06,120,2.0329824222747264,1.166358525323748,1.2576895164372839,5.998173707959616,ff49,vw
rolling120,1955-08,1965-07,120,2.1148466250302613,1.1930314344400295,1.251249735279141,5.964906169701581,ff49,vw
rolling120,1955-09,1965-08,120,2.2244199159569686,1.2321691556808305,1.2456240689431504,5.935758416344229,ff49,vw
rolling120,1955-10,1965-09,120,2.4043218599211253,1.3063593592779892,1.254221408768621,5.980968656474767,ff49,vw
rolling120,1955-11,1965-10,120,2.620530381390277,1.392269090218,1.2575764561987826,5.997661179401371,ff49,vw
rolling120,1955-12,1965-11,120,2.525662590064818,1.364616471674795,1.2658690274764672,6.038933891585415,ff49,vw
rolling120,1956-01,1965-12,120,2.5672766763924835,1.3915401349554146,1.2842754963599858,6.139888074970927,ff49,vw
rolling120,1956-02,1966-01,120,2.786137921753353,1.4851425107814544,1.2877435077894728,6.157685782970391,ff49,vw
rolling120,1956-03,1966-02,120,2.659142009746631,1.4375840627982603,1.291216341249243,6.175746757334596,ff49,vw
rolling120,1956-04,1966-03,120,2.379914043214361,1.3197444426064446,1.2802905673839728,6.119183066349665,ff49,vw
rolling120,1956-05,1966-04,120,2.5121257003367994,1.3701805469294837,1.2800563201860795,6.118753935995424,ff49,vw
rolling120,1956-06,1966-05,120,2.3882709618993827,1.3334922061979058,1.29522153609116,6.199943262563429,ff49,vw
rolling120,1956-07,1966-06,120,2.25836234284062,1.2816242234819328,1.293875590397915,6.192893291385588,ff49,vw
rolling120,1956-08,1966-07,120,2.0924678565779247,1.2170917166606232,1.2948553583137263,6.197960048514777,ff49,vw
rolling120,1956-09,1966-08,120,1.8731488338365545,1.1305241716179357,1.293405919950583,6.190107286233732,ff49,vw
rolling120,1956-10,1966-09,120,1.925699438558,1.1531012754358427,1.2935003280583899,6.189579362771927,ff49,vw
rolling120,1956-11,1966-10,120,1.929864369191335,1.173178113431717,1.298511348370987,6.2192483147835125,ff49,vw
rolling120,1956-12,1966-11,120,2.037159476828414,1.2238662898021493,1.3068865573710615,6.260543002479454,ff49,vw
rolling120,1957-01,1966-12,120,2.0404234466640307,1.2623047758686472,1.4448369521925952,7.223096176796052,ff49,vw
rolling120,1957-02,1967-01,120,2.427520224558162,1.4250998567112603,1.4469246942524772,7.234580223694765,ff49,vw
rolling120,1957-03,1967-02,120,2.5384075654971334,1.4733117482697764,1.4482810784106437,7.241563557694749,ff49,vw
rolling120,1957-04,1967-03,120,2.6338789301014116,1.5199878141339518,1.453984352014705,7.272735610666297,ff49,vw
rolling120,1957-05,1967-04,120,2.7114719907398332,1.555156947183111,1.4575552596873127,7.293869893097682,ff49,vw
rolling120,1957-06,1967-05,120,2.5323433597193024,1.4866521910100166,1.4651936536493906,7.338545260556103,ff49,vw
rolling120,1957-07,1967-06,120,2.701033709971229,1.5603296247377398,1.4665739488177847,7.345440765183352,ff49,vw
rolling120,1957-08,1967-07,120,2.884598305937881,1.6436000397588262,1.4703157642520879,7.365812125985698,ff49,vw
rolling120,1957-09,1967-08,120,3.0455215249381737,1.7093917670356455,1.4681472921785672,7.353389330793128,ff49,vw
rolling120,1957-10,1967-09,120,3.4294705044232696,1.8808110995101737,1.4835800263024053,7.455804238459361,ff49,vw
rolling120,1957-11,1967-10,120,3.546657233445716,1.942557533586716,1.497702096338688,7.544278175368479,ff49,vw
rolling120,1957-12,1967-11,120,3.425453953089499,1.8896185389064846,1.4973374206595171,7.542642660538025,ff49,vw
rolling120,1958-01,1967-12,120,3.805927917875116,2.051628072100811,1.4967937955132125,7.539197473390707,ff49,vw
rolling120,1958-02,1968-01,120,3.3662500036972514,1.8761396148003446,1.495413945547512,7.53120559732149,ff49,vw
rolling120,1958-03,1968-02,120,3.1690845996168493,1.8028955720486781,1.5067482139691701,7.604355319147426,ff49,vw
rolling120,1958-04,1968-03,120,3.0247715072449317,1.7417814515381282,1.5069341278784327,7.60498151333828,ff49,vw
rolling120,1958-05,1968-04,120,3.4061386013787445,1.9167018091898511,1.5150025875714632,7.652430013660779,ff49,vw
rolling120,1958-06,1968-05,120,3.486742640203418,1.9553659494271984,1.5165126243859655,7.659833148858972,ff49,vw
rolling120,1958-07,1968-06,120,3.4074987555628526,1.9310168948064448,1.5246196408552586,7.708905489887327,ff49,vw
rolling120,1958-08,1968-07,120,3.0641290586086285,1.7789253329445993,1.5237744191557947,7.704441073063995,ff49,vw
rolling120,1958-09,1968-08,120,3.038115559836603,1.7713311353567058,1.525920126359382,7.716375436832692,ff49,vw
rolling120,1958-10,1968-09,120,3.1254041168121,1.8107078682450923,1.5282463191231241,7.73162663640742,ff49,vw
rolling120,1958-11,1968-10,120,2.994857370123921,1.7524301823387416,1.5272110179113039,7.7249602145514595,ff49,vw
rolling120,1958-12,1968-11,120,3.068890052681798,1.7861275752639676,1.5270894329067437,7.723364446037843,ff49,vw
rolling120,1959-01,1968-12,120,2.8285034562350386,1.6777127895984962,1.5252434066256475,7.712965702492656,ff49,vw
rolling120,1959-02,1969-01,120,2.739840860724939,1.6389210627840325,1.5261980222460956,7.719653009278694,ff49,vw
rolling120,1959-03,1969-02,120,2.3629817276618437,1.4737251402964455,1.52549446317962,7.714837788529986,ff49,vw
rolling120,1959-04,1969-03,120,2.384381850826862,1.4830919927754964,1.5235370467822904,7.701466857101259,ff49,vw
rolling120,1959-05,1969-04,120,2.303752794645168,1.442416325385649,1.5144677853439195,7.64477851519617,ff49,vw
rolling120,1959-06,1969-05,120,2.2731577600221518,1.425952104543302,1.509991300762997,7.617227260443284,ff49,vw
rolling120,1959-07,1969-06,120,1.9134528833291053,1.2673508460153011,1.5042651057968686,7.578956361484183,ff49,vw
rolling120,1959-08,1969-07,120,1.6039654550736473,1.1389548879863185,1.5077285885897775,7.597765214285565,ff49,vw
rolling120,1959-09,1969-08,120,1.817541746415528,1.2324448601485578,1.509215607105491,7.60716074371468,ff49,vw
rolling120,1959-10,1969-09,120,1.9318453571197067,1.2862544289544628,1.51265166262977,7.626493491208363,ff49,vw
rolling120,1959-11,1969-10,120,2.082981429012177,1.3626814372742078,1.5330566675675674,7.766831752287312,ff49,vw
rolling120,1959-12,1969-11,120,1.8779038363652578,1.2701795173623511,1.5297873570970746,7.74680249552469,ff49,vw
rolling120,1960-01,1969-12,120,1.7589862977275192,1.2212964182446506,1.5346984268944905,7.776704378548816,ff49,vw
rolling120,1960-02,1970-01,120,1.7026657516241719,1.2020605655092278,1.5312913492528828,7.752117604854658,ff49,vw
rolling120,1960-03,1970-02,120,1.7799959469137843,1.2426754939613271,1.530001010233248,7.744408723794607,ff49,vw
rolling120,1960-04,1970-03,120,1.764755238680237,1.2373553799190966,1.5307662113914966,7.748153805802942,ff49,vw
rolling120,1960-05,1970-04,120,1.3785109563957518,1.0820948152913425,1.5323916765281786,7.751986905857014,ff49,vw
rolling120,1960-06,1970-05,120,1.0726079735326404,0.9487061044688267,1.531746578822487,7.74555333418006,ff49,vw
rolling120,1960-07,1970-06,120,0.9164274521431521,0.8825927935613345,1.5399004522426585,7.792594290163029,ff49,vw
rolling120,1960-08,1970-07,120,1.0714738022443173,0.9576763931006433,1.543553004123766,7.8124139410579785,ff49,vw
rolling120,1960-09,1970-08,120,1.1043225152803986,0.9756188220319081,1.5474794059054724,7.835099021851329,ff49,vw
rolling120,1960-10,1970-09,120,1.4671728645271132,1.1741905065420855,1.651331285901828,8.62904601954816,ff49,vw
rolling120,1960-11,1970-10,120,1.3645753829426859,1.136888362721301,1.6566262707782728,8.662172786310874,ff49,vw
rolling120,1960-12,1970-11,120,1.3094617840882803,1.113033184832343,1.6598173445271798,8.682091941238037,ff49,vw
rolling120,1961-01,1970-12,120,1.359218469720581,1.1394404183648579,1.662068630896191,8.695567792100828,ff49,vw
rolling120,1961-02,1971-01,120,1.386712999044967,1.1561544083995425,1.668533683236725,8.739329210259266,ff49,vw
rolling120,1961-03,1971-02,120,1.3401165829859711,1.1336516380446957,1.6685900609626734,8.740395341554763,ff49,vw
rolling120,1961-04,1971-03,120,1.379052839061615,1.1538418554819707,1.6703649769950055,8.751734690341712,ff49,vw
rolling120,1961-05,1971-04,120,1.470265717706921,1.1996124319832226,1.6724941470579846,8.765869752839523,ff49,vw
rolling120,1961-06,1971-05,120,1.314242593902505,1.1248677893686172,1.6749080532694403,8.783228520814287,ff49,vw
rolling120,1961-07,1971-06,120,1.3842711924414384,1.1582552954674605,1.6737832292674475,8.775621644801639,ff49,vw
rolling120,1961-08,1971-07,120,1.2106868697817759,1.0777401482167994,1.677012888946576,8.795114857548633,ff49,vw
rolling120,1961-09,1971-08,120,1.2431901707967694,1.0931859486157725,1.6758097102924532,8.786204752597953,ff49,vw
rolling120,1961-10,1971-09,120,1.2882747768227434,1.113179326722546,1.672513650444416,8.764291315338067,ff49,vw
rolling120,1961-11,1971-10,120,1.1211217113926448,1.030707885434929,1.6697535470146185,8.745227257215179,ff49,vw
rolling120,1961-12,1971-11,120,0.9946096842387266,0.9699221799876052,1.67030235201736,8.748161653489232,ff49,vw
rolling120,1962-01,1971-12,120,1.228897441958709,1.0847672080963138,1.6713468853090039,8.754462373092643,ff49,vw
rolling120,1962-02,1972-01,120,1.419119320767674,1.178444959413423,1.6753497364270011,8.782263622364196,ff49,vw
rolling120,1962-03,1972-02,120,1.4728850384382883,1.205952515008777,1.6762192917011296,8.787162019467,ff49,vw
rolling120,1962-04,1972-03,120,1.5147245039367285,1.2273904545087753,1.6769083030880203,8.79112597611827,ff49,vw
rolling120,1962-05,1972-04,120,1.7489603838615095,1.3425804607857037,1.6781429607870595,8.80027494670037,ff49,vw
rolling120,1962-06,1972-05,120,2.051769760313111,1.492102657197449,1.6796955083164353,8.81016760303475,ff49,vw
rolling120,1962-07,1972-06,120,2.2580454781729333,1.5934452460156756,1.6794362115249355,8.80807747097818,ff49,vw
rolling120,1962-08,1972-07,120,1.992271283752804,1.4657205136160896,1.6822968485912764,8.826979062806904,ff49,vw
rolling120,1962-09,1972-08,120,1.991295142725121,1.469575815212637,1.6865965668845198,8.855040971841557,ff49,vw
rolling120,1962-10,1972-09,120,2.0971499023138125,1.5226960890421362,1.6870865603896128,8.857667142164946,ff49,vw
rolling120,1962-11,1972-10,120,2.122733265349043,1.5373933304857326,1.6863851331049773,8.852732982181834,ff49,vw
rolling120,1962-12,1972-11,120,1.9004090710901136,1.4309058162645505,1.6873587974492952,8.85668804582128,ff49,vw
rolling120,1963-01,1972-12,120,1.902994244277704,1.4334995639988461,1.6897639447943191,8.873476709846205,ff49,vw
rolling120,1963-02,1973-01,120,1.6069286728589782,1.2976472517806472,1.7037628543006265,8.968874356287985,ff49,vw
rolling120,1963-03,1973-02,120,1.5355858446024602,1.2700973080707405,1.7194850421053867,9.084401450937891,ff49,vw
rolling120,1963-04,1973-03,120,1.446288313025876,1.2266777134581281,1.7204178236757648,9.090108625865794,ff49,vw
rolling120,1963-05,1973-04,120,1.176721843729823,1.0976226754652987,1.7269386348197533,9.133503488430847,ff49,vw
rolling120,1963-06,1973-05,120,1.0288734089680962,1.0297794724125102,1.7294195346025314,9.14415724276733,ff49,vw
rolling120,1963-07,1973-06,120,1.0135068859220437,1.0270723861696127,1.7362588213751156,9.18905132122299,ff49,vw
rolling120,1963-08,1973-07,120,1.2367117001738808,1.148547255060413,1.7486264402508496,9.275285229169391,ff49,vw
rolling120,1963-09,1973-08,120,1.062830219209923,1.0623121016839514,1.7538875078706715,9.312207893153705,ff49,vw
rolling120,1963-10,1973-09,120,1.2653419341411403,1.173053481771782,1.7642935733424474,9.38733214152275,ff49,vw
rolling120,1963-11,1973-10,120,1.1874311225806307,1.136461762061966,1.769837318440579,9.425427669070288,ff49,vw
rolling120,1963-12,1973-11,120,0.8817928724950335,0.9924452922232421,1.7961335068238982,9.613859611187578,ff49,vw
rolling120,1964-01,1973-12,120,0.8743553536350479,0.997097622741803,1.8132067493523623,9.740277485810715,ff49,vw
rolling120,1964-02,1974-01,120,0.9181298610049353,1.0297824648357354,1.8395043354882306,9.953588814487507,ff49,vw
rolling120,1964-03,1974-02,120,0.8854836812621008,1.0141288574543712,1.8438687827773346,9.98753003850616,ff49,vw
rolling120,1964-04,1974-03,120,0.8190137105904833,0.978899567548605,1.8448592871165814,9.994745697654482,ff49,vw
rolling120,1964-05,1974-04,120,0.7403685310331682,0.936943598352003,1.8441884367574255,9.987025403233636,ff49,vw
rolling120,1964-06,1974-05,120,0.6437810394268821,0.8872894115188328,1.850005227907256,10.031183037101963,ff49,vw
rolling120,1964-07,1974-06,120,0.571079853240775,0.8498314892839074,1.8534529636562633,10.056210404015378,ff49,vw
rolling120,1964-08,1974-07,120,0.4270114978967167,0.7785487326220518,1.876516159466121,10.246166555227159,ff49,vw
rolling120,1964-09,1974-08,120,0.31581847571658883,0.7201839649780494,1.883427435618888,10.300157627547087,ff49,vw
rolling120,1964-10,1974-09,120,0.12274660042517586,0.618277077048674,1.8919843468860487,10.3621385467964,ff49,vw
rolling120,1964-11,1974-10,120,0.27825766148749254,0.7116413837968492,1.9157028776351757,10.55300230075887,ff49,vw
rolling120,1964-12,1974-11,120,0.2213223835537436,0.681443895407763,1.919986297378056,10.586664454325913,ff49,vw
rolling120,1965-01,1974-12,120,0.16773423749009414,0.6530975580077761,1.9238798300716584,10.616334619552456,ff49,vw
rolling120,1965-02,1975-01,120,0.30970512958000507,0.7403412283955589,1.9486100719987167,10.818904116573501,ff49,vw
rolling120,1965-03,1975-02,120,0.36724675253465433,0.776871674188508,1.9609920136659909,10.92195787981677,ff49,vw
rolling120,1965-04,1975-03,120,0.45847797948736796,0.8349756237816176,1.9809227357093233,11.09341149230144,ff49,vw
rolling120,1965-05,1975-04,120,0.47904555316941744,0.8514616671106386,1.992343888487906,11.188403368745353,ff49,vw
rolling120,1965-06,1975-05,120,0.5853928103641248,0.9148401083419384,1.9985438414399928,11.242509236549711,ff49,vw
rolling120,1965-07,1975-06,120,0.796678506056544,1.0377073043223815,2.0007969263921166,11.261865143317433,ff49,vw
rolling120,1965-08,1975-07,120,0.6500794402561245,0.9553375127292295,2.008640092116093,11.334089504680009,ff49,vw
rolling120,1965-09,1975-08,120,0.5156093083951969,0.8791680443937603,2.0120861575603177,11.36268963845866,ff49,vw
rolling120,1965-10,1975-09,120,0.3969352892649432,0.8087393575718651,2.005898553572105,11.306293530323172,ff49,vw
rolling120,1965-11,1975-10,120,0.40300645367866017,0.8150047239720658,2.0109565861679313,11.346607024425124,ff49,vw
rolling120,1965-12,1975-11,120,0.3989047601538027,0.8104609871881031,2.0040661820866434,11.286357729737063,ff49,vw
rolling120,1966-01,1975-12,120,0.33152014951351266,0.7682487298729197,1.9906800022688753,11.164444609365262,ff49,vw
rolling120,1966-02,1976-01,120,0.4922693467787397,0.8615041253253316,1.9955915180322576,11.210602192276372,ff49,vw
rolling120,1966-03,1976-02,120,0.5291716283361474,0.8841514793413324,1.9990893175009223,11.240873436781897,ff49,vw
rolling120,1966-04,1976-03,120,0.584177802017303,0.9163909057754059,2.000059752160091,11.248877862414426,ff49,vw
rolling120,1966-05,1976-04,120,0.5140947951933772,0.8757260070623629,2.0000345068814576,11.249213596708934,ff49,vw
rolling120,1966-06,1976-05,120,0.5999530285167773,0.9229831862799737,1.991850049661589,11.175133268241666,ff49,vw
rolling120,1966-07,1976-06,120,0.680784020561777,0.970904125372987,1.9940259509726184,11.192564564122854,ff49,vw
rolling120,1966-08,1976-07,120,0.6893369385018375,0.9757483721771746,1.9933637748158568,11.186362532443654,ff49,vw
rolling120,1966-09,1976-08,120,0.815497367893008,1.048796793436757,1.9920340365368991,11.173258296176066,ff49,vw
rolling120,1966-10,1976-09,120,0.9009799953684985,1.0963996323041256,1.989273939892072,11.150991721995053,ff49,vw
rolling120,1966-11,1976-10,120,0.8344132791844272,1.0490141537916615,1.9784544770228183,11.06349633838444,ff49,vw
rolling120,1966-12,1976-11,120,0.7776147559375333,1.0136702579755676,1.9710890332859667,11.001037692798386,ff49,vw
rolling120,1967-01,1976-12,120,0.8458462149047954,1.0350628198069722,1.8802158355246557,10.096158219742625,ff49,vw
rolling120,1967-02,1977-01,120,0.5975036823918782,0.8951879095231106,1.878657779742017,10.083983497861057,ff49,vw
rolling120,1967-03,1977-02,120,0.5476661504993041,0.8671583632171727,1.8798440278073116,10.095946917060468,ff49,vw
rolling120,1967-04,1977-03,120,0.46160517041055693,0.8166408229092789,1.8735170868743256,10.046270793798062,ff49,vw
rolling120,1967-05,1977-04,120,0.3998837731978765,0.7809920372673697,1.8691259155501236,10.01031300461899,ff49,vw
rolling120,1967-06,1977-05,120,0.4155178826969693,0.7879899136998366,1.862712959256536,9.957838220737074,ff49,vw
rolling120,1967-07,1977-06,120,0.42521245851224176,0.7929468650615781,1.8619547840266177,9.95265579283921,ff49,vw
rolling120,1967-08,1977-07,120,0.3325655815411217,0.7398582113572543,1.857533319469889,9.918491343657289,ff49,vw
rolling120,1967-09,1977-08,120,0.33243719864522303,0.7394832250799114,1.8571384102740336,9.916069474128701,ff49,vw
rolling120,1967-10,1977-09,120,0.27640424313667145,0.7053646449011618,1.8424714460001688,9.790987292715448,ff49,vw
rolling120,1967-11,1977-10,120,0.2525133216933425,0.6883258575004784,1.826612874230626,9.663262487422497,ff49,vw
rolling120,1967-12,1977-11,120,0.3171250411687709,0.722372159055621,1.8216134875298013,9.624699125318044,ff49,vw
rolling120,1968-01,1977-12,120,0.26136327373067897,0.6900687033204408,1.8162031979794009,9.584305872907398,ff49,vw
rolling120,1968-02,1978-01,120,0.23379510799897163,0.6710140138720307,1.8097124772814686,9.53901945263881,ff49,vw
rolling120,1968-03,1978-02,120,0.29155762175451627,0.6987822986539473,1.7965074889029793,9.434183391161584,ff49,vw
rolling120,1968-04,1978-03,120,0.35467353898254306,0.7332547424337478,1.7975554107787617,9.442034790892967,ff49,vw
rolling120,1968-05,1978-04,120,0.3151369975499031,0.7103486282326076,1.7915314174867938,9.3957304792785,ff49,vw
rolling120,1968-06,1978-05,120,0.3065431537236986,0.7047695969997538,1.7887594070973336,9.375424114101708,ff49,vw
rolling120,1968-07,1978-06,120,0.28767333383925314,0.6918589093030995,1.779746727891809,9.30772791239075,ff49,vw
rolling120,1968-08,1978-07,120,0.42689116217133644,0.7671847438438775,1.781664465656196,9.322427990181515,ff49,vw
rolling120,1968-09,1978-08,120,0.4663365076716801,0.7881296617243715,1.781776273909688,9.324393979718751,ff49,vw
rolling120,1968-10,1978-09,120,0.353921231889652,0.7260747743151034,1.7761689340144575,9.282190967694088,ff49,vw
rolling120,1968-11,1978-10,120,0.1543277006401513,0.6225652508411909,1.7862778087719806,9.35361837246842,ff49,vw
rolling120,1968-12,1978-11,120,0.12818919574015739,0.6087036041121243,1.7864091814882652,9.354321638447164,ff49,vw
rolling120,1969-01,1978-12,120,0.1723834415998916,0.6316781921962918,1.7831131070034927,9.329666266248875,ff49,vw
rolling120,1969-02,1979-01,120,0.2501910796060005,0.6734065433876353,1.781844803288242,9.319315278076669,ff49,vw
rolling120,1969-03,1979-02,120,0.2981272943469042,0.698954414835612,1.7814993296441899,9.31755886774859,ff49,vw
rolling120,1969-04,1979-03,120,0.3697782153149447,0.7373259162893453,1.7820648940724564,9.323442812469372,ff49,vw
rolling120,1969-05,1979-04,120,0.37087597600900235,0.7357244214848777,1.7767124955076332,9.285320933918852,ff49,vw
rolling120,1969-06,1979-05,120,0.3582418148270733,0.7284705124531461,1.7759126273077117,9.280278757381664,ff49,vw
rolling120,1969-07,1979-06,120,0.573539973607105,0.8427809575409131,1.7729906765235064,9.258815682537291,ff49,vw
rolling120,1969-08,1979-07,120,0.7449261012918116,0.9298909791171909,1.765095784804553,9.203358899308284,ff49,vw
rolling120,1969-09,1979-08,120,0.7642251280714984,0.9393901778013644,1.7634032927571979,9.191252417206595,ff49,vw
rolling120,1969-10,1979-09,120,0.7732948542529479,0.9436635756202444,1.7634154427086772,9.19309317934167,ff49,vw
rolling120,1969-11,1979-10,120,0.49536551430432496,0.7903448934480589,1.741801956926507,9.019982898031039,ff49,vw
rolling120,1969-12,1979-11,120,0.6705285998344888,0.8847068511870604,1.7463541400488825,9.05271464170924,ff49,vw
rolling120,1970-01,1979-12,120,0.8045475155534021,0.9552592896864653,1.748637320569044,9.074742940063327,ff49,vw
rolling120,1970-02,1980-01,120,1.0877493528643978,1.1043389604115141,1.7540203789529034,9.117830956214446,ff49,vw
rolling120,1970-03,1980-02,120,0.9242049210358698,1.0143140185042985,1.7543197005408466,9.123821656840855,ff49,vw
rolling120,1970-04,1980-03,120,0.7266233276808733,0.9167458081338626,1.7682002495606919,9.222337080224822,ff49,vw
rolling120,1970-05,1980-04,120,1.1016493719826799,1.1008906450191078,1.75737826536351,9.150543424412907,ff49,vw
rolling120,1970-06,1980-05,120,1.4768882077413235,1.284285542348436,1.7445974335765349,9.061347168755894,ff49,vw
rolling120,1970-07,1980-06,120,1.7478972505368229,1.4212430762743096,1.7482174966547703,9.101804360702788,ff49,vw
rolling120,1970-08,1980-07,120,1.859191313468345,1.480021652082858,1.7528806541041069,9.138307380864067,ff49,vw
rolling120,1970-09,1980-08,120,1.806576894598669,1.4510422278817212,1.7521652553401286,9.135241600464216,ff49,vw
rolling120,1970-10,1980-09,120,1.6430068818596122,1.3363716448768856,1.6583511763528127,8.356939240284005,ff49,vw
rolling120,1970-11,1980-10,120,1.8105902963258949,1.4082274383729012,1.651891712397093,8.315482413536987,ff49,vw
rolling120,1970-12,1980-11,120,1.9191456314799056,1.4685805124198719,1.6600947935990829,8.37028063254053,ff49,vw
rolling120,1971-01,1980-12,120,1.6879994444360888,1.3555078151522852,1.6644620057172674,8.399719751955834,ff49,vw
rolling120,1971-02,1981-01,120,1.4276202313099682,1.225452171592718,1.6642275280545384,8.395462226802996,ff49,vw
rolling120,1971-03,1981-02,120,1.3730849867526844,1.1945674610771795,1.6556065695711322,8.331456486047411,ff49,vw
rolling120,1971-04,1981-03,120,1.4327544053837733,1.2273274305641373,1.6611681452037665,8.37080197366177,ff49,vw
rolling120,1971-05,1981-04,120,1.3616069975049587,1.1911934204546637,1.6607082256053454,8.36742122111562,ff49,vw
rolling120,1971-06,1981-05,120,1.5115980961817694,1.2662364854732115,1.65944967337684,8.35819341290866,ff49,vw
rolling120,1971-07,1981-06,120,1.450240229308517,1.2397991841892027,1.6642750592353297,8.389230587333445,ff49,vw
rolling120,1971-08,1981-07,120,1.5511658208813013,1.287935720426556,1.6635153810188286,8.386717068218477,ff49,vw
rolling120,1971-09,1981-08,120,1.2783887959553741,1.1503442704649187,1.6646816924806007,8.396174153784845,ff49,vw
rolling120,1971-10,1981-09,120,1.1761245916065537,1.1005784182636413,1.6677754374282046,8.416662722887857,ff49,vw
rolling120,1971-11,1981-10,120,1.4572534601114016,1.2434714619347722,1.6687788987453716,8.423360051353662,ff49,vw
rolling120,1971-12,1981-11,120,1.5676579844822665,1.3006178574395788,1.6704695290953695,8.434592671522799,ff49,vw
rolling120,1972-01,1981-12,120,1.2641342159293165,1.1454508752130241,1.6681719008942968,8.419138681044693,ff49,vw
rolling120,1972-02,1982-01,120,1.1024894495806659,1.0625951031037368,1.6643111020775074,8.391321536374807,ff49,vw
rolling120,1972-03,1982-02,120,0.937842056610467,0.9791573843453018,1.6643835431220877,8.392107772897784,ff49,vw
rolling120,1972-04,1982-03,120,0.9074500245343273,0.9652490001797104,1.667528118041034,8.413399839825663,ff49,vw
rolling120,1972-05,1982-04,120,0.9851405826842228,1.0030884141226297,1.664646068262735,8.393135741921002,ff49,vw
rolling120,1972-06,1982-05,120,0.8914918178041402,0.9541501684767394,1.6618056410865405,8.374436505116527,ff49,vw
rolling120,1972-07,1982-06,120,0.9173975699616743,0.9673553706566778,1.6618838617579401,8.374853383006373,ff49,vw
rolling120,1972-08,1982-07,120,0.9336698553604164,0.9755490495838682,1.6622941078325475,8.378034032227141,ff49,vw
rolling120,1972-09,1982-08,120,1.1289546581844547,1.0777060737142246,1.6733663227069266,8.46008278995959,ff49,vw
rolling120,1972-10,1982-09,120,1.2267405819575292,1.1278514138842768,1.6751771364936479,8.472807771520632,ff49,vw
rolling120,1972-11,1982-10,120,1.5548795427203346,1.2952223176987543,1.6813198119446697,8.51645336615304,ff49,vw
rolling120,1972-12,1982-11,120,1.5928191049178846,1.3140475450184461,1.6815441971602694,8.517995471072501,ff49,vw
rolling120,1973-01,1982-12,120,1.616033421712444,1.3306369612927609,1.6890047062385751,8.572376348535077,ff49,vw
rolling120,1973-02,1983-01,120,1.8776507753960217,1.459888835862716,1.6861744602686177,8.554348827348061,ff49,vw
rolling120,1973-03,1983-02,120,2.1312243264741686,1.5881246442010222,1.6734333510878092,8.458293665775663,ff49,vw
rolling120,1973-04,1983-03,120,2.2968870247793407,1.6746284738400945,1.6771494712465327,8.48417459155861,ff49,vw
rolling120,1973-05,1983-04,120,2.781923409083139,1.9111676357579852,1.6707458950599559,8.441614445110234,ff49,vw
rolling120,1973-06,1983-05,120,3.076195785090313,2.049370055450467,1.6691866226633951,8.433963651921287,ff49,vw
rolling120,1973-07,1983-06,120,3.3316752883810814,2.1711951550041055,1.6656847064162545,8.41186934480095,ff49,vw
rolling120,1973-08,1983-07,120,2.810762552710131,1.9009985390047879,1.6569470429680404,8.353122888149828,ff49,vw
rolling120,1973-09,1983-08,120,2.8933595307983793,1.9407078313082409,1.6558899914227265,8.3461670978704,ff49,vw
rolling120,1973-10,1983-09,120,2.6886472570057856,1.8333142708841055,1.6479754998511351,8.291042846389386,ff49,vw
rolling120,1973-11,1983-10,120,2.5655574097630054,1.7691683109151797,1.644006328636395,8.264054902179813,ff49,vw
rolling120,1973-12,1983-11,120,3.3702507466085914,2.1385131748799853,1.6216157635842772,8.116870579776123,ff49,vw
rolling120,1974-01,1983-12,120,3.2863591887512182,2.0749113604926595,1.6027641247687687,7.993696757780882,ff49,vw
rolling120,1974-02,1984-01,120,3.02638822333133,1.933455820670608,1.579312723509435,7.827323937809122,ff49,vw
rolling120,1974-03,1984-02,120,2.7917771537038507,1.822234646909488,1.5825982210314387,7.851295367278283,ff49,vw
rolling120,1974-04,1984-03,120,2.9147502316109706,1.8791875168806924,1.5807942294688213,7.840158374647555,ff49,vw
rolling120,1974-05,1984-04,120,3.104409335400703,1.968018479941799,1.5788387188370556,7.827970095991773,ff49,vw
rolling120,1974-06,1984-05,120,3.079393716249421,1.950713765789979,1.5738786374364964,7.796742456126857,ff49,vw
rolling120,1974-07,1984-06,120,3.3398212865648924,2.076320098460769,1.5742676518856575,7.799012628581008,ff49,vw
rolling120,1974-08,1984-07,120,3.5413503547273146,2.160563451821304,1.554247963916654,7.658584021915167,ff49,vw
rolling120,1974-09,1984-08,120,4.5416957503929325,2.6280456230891867,1.5479943472857984,7.619419686581756,ff49,vw
rolling120,1974-10,1984-09,120,5.191063137108508,2.9156269957878815,1.540234899466696,7.574668951800201,ff49,vw
rolling120,1974-11,1984-10,120,4.365114432194647,2.4932976045551456,1.5156720031733664,7.420847517021294,ff49,vw
rolling120,1974-12,1984-11,120,4.503255496669363,2.5520525371320466,1.5124362866763075,7.401755181539475,ff49,vw
rolling120,1975-01,1984-12,120,4.886612817224111,2.72360103013501,1.5085529207427222,7.378943242751525,ff49,vw
rolling120,1975-02,1985-01,120,4.449027104862379,2.4879805817995697,1.4837446404176609,7.22987417972583,ff49,vw
rolling120,1975-03,1985-02,120,4.183379367086462,2.3488921183588416,1.4690108847682328,7.142000939298332,ff49,vw
rolling120,1975-04,1985-03,120,3.8230578437575558,2.174306512773791,1.4591394827671758,7.083962157423412,ff49,vw
rolling120,1975-05,1985-04,120,3.5137035944579367,2.0203130992928373,1.448691745295445,7.024800115119734,ff49,vw
rolling120,1975-06,1985-05,120,3.503530382495911,2.012135479199928,1.444395950825281,6.998518617751307,ff49,vw
rolling120,1975-07,1985-06,120,3.3439603096994635,1.9376923968582387,1.4416761419210709,6.983101512401053,ff49,vw
rolling120,1975-08,1985-07,120,3.672336264275833,2.0801275418429186,1.4345978136608506,6.936843888917296,ff49,vw
rolling120,1975-09,1985-08,120,3.8299794590810405,2.142734889564022,1.4305938760132328,6.9151114292016285,ff49,vw
rolling120,1975-10,1985-09,120,3.818061925905039,2.1378499629048417,1.431138486529432,6.918587184799175,ff49,vw
rolling120,1975-11,1985-10,120,3.7306222386463963,2.088384394165291,1.4258682440340922,6.890163238523981,ff49,vw
rolling120,1975-12,1985-11,120,3.9334052768043994,2.171714642204346,1.4225195623168414,6.8723431692100645,ff49,vw
rolling120,1976-01,1985-12,120,4.221214375492146,2.299559535943388,1.423040795259775,6.875093378045516,ff49,vw
rolling120,1976-02,1986-01,120,3.6076492856358424,2.0168893230097535,1.4102721841916153,6.800084768550492,ff49,vw
rolling120,1976-03,1986-02,120,3.813512201393852,2.103143357982514,1.4036076332212204,6.760339448586173,ff49,vw
rolling120,1976-04,1986-03,120,4.029958463124607,2.2004384942317503,1.4047623824355273,6.766302221431291,ff49,vw
rolling120,1976-05,1986-04,120,4.077543107137374,2.224887864876071,1.406765238107587,6.776557962592043,ff49,vw
rolling120,1976-06,1986-05,120,4.401649684452426,2.360563521140305,1.4030379947115206,6.7560004466140695,ff49,vw
rolling120,1976-07,1986-06,120,4.2222170352743325,2.285275401467948,1.4063823510465892,6.774690324492047,ff49,vw
rolling120,1976-08,1986-07,120,3.8960971663185893,2.1482950080377634,1.4123090804173566,6.809419103729651,ff49,vw
rolling120,1976-09,1986-08,120,4.2847102391001,2.3178721627736674,1.4145434860889128,6.823158345699922,ff49,vw
rolling120,1976-10,1986-09,120,3.798813460161041,2.115536854091856,1.4253463123736336,6.885985606613264,ff49,vw
rolling120,1976-11,1986-10,120,4.161278021833753,2.280744166144766,1.4287667866254512,6.904733501281253,ff49,vw
rolling120,1976-12,1986-11,120,4.172777434428715,2.280930564612883,1.4267455057603344,6.89428649141855,ff49,vw
rolling120,1977-01,1986-12,120,3.6827921712347127,2.063442861469175,1.4245981498480738,6.881542666469337,ff49,vw
rolling120,1977-02,1987-01,120,4.508626569010299,2.4297394462118738,1.4270466649162745,6.895910997668182,ff49,vw
rolling120,1977-03,1987-02,120,4.930491407277312,2.6184154896251384,1.426805294815736,6.892025557158432,ff49,vw
rolling120,1977-04,1987-03,120,5.10876098621551,2.7131248609218552,1.4404974027927624,6.97572381545302,ff49,vw
rolling120,1977-05,1987-04,120,4.95773847539087,2.6527722314700517,1.4448809209711915,7.000698212655499,ff49,vw
rolling120,1977-06,1987-05,120,5.073346919304468,2.706191380070383,1.4468713708891123,7.012679117474713,ff49,vw
rolling120,1977-07,1987-06,120,4.974531100702763,2.659375346438678,1.4439948877972022,6.99541748803328,ff49,vw
rolling120,1977-08,1987-07,120,5.375361120005818,2.8476499804009636,1.45151719859415,7.040419404230448,ff49,vw
rolling120,1977-09,1987-08,120,5.649793724831733,2.975956500719488,1.4551063722351947,7.061802416549817,ff49,vw
rolling120,1977-10,1987-09,120,5.546976102209344,2.9317115081919503,1.4553869906535644,7.062533228660019,ff49,vw
rolling120,1977-11,1987-10,120,4.039908902002941,2.294595524698877,1.489382916648364,7.265805254265811,ff49,vw
rolling120,1977-12,1987-11,120,3.470819812347716,2.049669787611532,1.5081597386692187,7.389575096602245,ff49,vw
rolling120,1978-01,1987-12,120,3.8359422635200273,2.2260321958580582,1.514711739943254,7.428535241886005,ff49,vw
rolling120,1978-02,1988-01,120,4.221774685816464,2.4179493939832017,1.521856026916984,7.470256205184496,ff49,vw
rolling120,1978-03,1988-02,120,4.593270531844051,2.595837759051199,1.5264722495050576,7.499296404124068,ff49,vw
rolling120,1978-04,1988-03,120,4.307441208873448,2.466370795181508,1.5298553208195267,7.520854878341318,ff49,vw
rolling120,1978-05,1988-04,120,3.9196275572553034,2.2813596886887173,1.527389078278988,7.506578587477474,ff49,vw
rolling120,1978-06,1988-05,120,3.7029434743900502,2.1770919270703124,1.524281965928843,7.487520156543759,ff49,vw
rolling120,1978-07,1988-06,120,4.00767786754435,2.3227263271047387,1.5274470675429663,7.5065817739171665,ff49,vw
rolling120,1978-08,1988-07,120,3.6162375920036984,2.1376250923039377,1.5238381643569048,7.483839319549384,ff49,vw
rolling120,1978-09,1988-08,120,3.2491386376447187,1.9646702739197484,1.5205205586751174,7.4627806103737395,ff49,vw
rolling120,1978-10,1988-09,120,3.4759691354811153,2.0709645171650273,1.5215846890359037,7.469197626205659,ff49,vw
rolling120,1978-11,1988-10,120,4.290771207034193,2.4316262230036907,1.5151310027754967,7.435363072527107,ff49,vw
rolling120,1978-12,1988-11,120,3.977185616315732,2.281539408114692,1.5122310821273064,7.418222311557679,ff49,vw
rolling120,1979-01,1988-12,120,4.027886016947835,2.3026754910589555,1.5098918583817253,7.403225441747791,ff49,vw
rolling120,1979-02,1989-01,120,4.055030282324198,2.3133680463833244,1.5089465078278133,7.397881837539976,ff49,vw
rolling120,1979-03,1989-02,120,4.219918244510839,2.388217545680448,1.509159649303016,7.399569199142742,ff49,vw
rolling120,1979-04,1989-03,120,3.955571288303765,2.265594031822045,1.5066818309953465,7.383432736972248,ff49,vw
rolling120,1979-05,1989-04,120,4.150068375484115,2.354216179745093,1.5059718114272915,7.3788339896050354,ff49,vw
rolling120,1979-06,1989-05,120,4.414591378158127,2.4771186381965777,1.506611144110502,7.382166883784668,ff49,vw
rolling120,1979-07,1989-06,120,4.1001653979851875,2.3325639436611687,1.5061855117295027,7.379778835273713,ff49,vw
rolling120,1979-08,1989-07,120,4.353088043875816,2.453250012712978,1.5092157200150766,7.397609401552943,ff49,vw
rolling120,1979-09,1989-08,120,4.0890246883512145,2.3339054805148542,1.5099574683036718,7.401713202297847,ff49,vw
rolling120,1979-10,1989-09,120,4.082241461612454,2.3295487837680406,1.508294585033651,7.3907285978493285,ff49,vw
rolling120,1979-11,1989-10,120,4.317656321506471,2.441610109228049,1.5107580481800311,7.40509289145021,ff49,vw
rolling120,1979-12,1989-11,120,4.014681395443739,2.300637482405932,1.5090462693794093,7.394995040866859,ff49,vw
rolling120,1980-01,1989-12,120,3.8297067103761444,2.2077050903068143,1.4984569441336146,7.32523477889894,ff49,vw
rolling120,1980-02,1990-01,120,3.194552103794444,1.9116642637322618,1.4929703037998299,7.292488923847917,ff49,vw
rolling120,1980-03,1990-02,120,3.4059526758406653,2.0027343492142125,1.486449222474189,7.251566024520326,ff49,vw
rolling120,1980-04,1990-03,120,4.185159414894524,2.33454662857268,1.4726353078432122,7.172939276584916,ff49,vw
rolling120,1980-05,1990-04,120,3.833601183185749,2.173591054566631,1.470840132242506,7.162816576919618,ff49,vw
rolling120,1980-06,1990-05,120,3.9243823882616553,2.2175212820344763,1.4726674139537375,7.172985808247223,ff49,vw
rolling120,1980-07,1990-06,120,3.708076324978336,2.1116548426090844,1.4575904572422838,7.071076895239421,ff49,vw
rolling120,1980-08,1990-07,120,3.190557200689197,1.879312305556484,1.4560214216065004,7.060478578251317,ff49,vw
rolling120,1980-09,1990-08,120,2.6385055613459776,1.6316240451410733,1.4550132307684347,7.05346806455545,ff49,vw
rolling120,1980-10,1990-09,120,2.26682979890171,1.469583119393448,1.4584755213937888,7.070834615122199,ff49,vw
rolling120,1980-11,1990-10,120,2.118540032787201,1.4127064051835687,1.4654639686155075,7.107777639135866,ff49,vw
rolling120,1980-12,1990-11,120,2.1026294750361947,1.3988955103515335,1.4564208929969917,7.05550840947068,ff49,vw
rolling120,1981-01,1990-12,120,2.283170108892396,1.4728527162136245,1.4497898898059538,7.0185685539902,ff49,vw
rolling120,1981-02,1991-01,120,2.594770723114029,1.6147832229102856,1.4487985064155071,7.0133022564777825,ff49,vw
rolling120,1981-03,1991-02,120,2.8454869642275984,1.7290616960506666,1.4512520019214743,7.0282560458353585,ff49,vw
rolling120,1981-04,1991-03,120,2.6716623283029692,1.6473447263476295,1.445626393598375,6.9936110699760015,ff49,vw
rolling120,1981-05,1991-04,120,2.6496642582278858,1.6336113607741782,1.442364387479017,6.975600022952749,ff49,vw
rolling120,1981-06,1991-05,120,2.7278160563308442,1.670652457849549,1.4432269755262666,6.979728039997278,ff49,vw
rolling120,1981-07,1991-06,120,2.6671777395853877,1.6399416164289204,1.4436899975602349,6.98529044636165,ff49,vw
rolling120,1981-08,1991-07,120,2.887815558915051,1.7373370281762952,1.4410399460428336,6.968919613105233,ff49,vw
rolling120,1981-09,1991-08,120,3.239849106614125,1.893140253981375,1.4383241336924455,6.951693824597829,ff49,vw
rolling120,1981-10,1991-09,120,3.4118317645116907,1.9672764333056718,1.436581899979847,6.942416644345746,ff49,vw
rolling120,1981-11,1991-10,120,3.199186282113348,1.8673636779344844,1.4346116639538777,6.932966411020069,ff49,vw
rolling120,1981-12,1991-11,120,2.9096898042752497,1.7370205398764287,1.4342026780490027,6.931497076031563,ff49,vw
rolling120,1982-01,1991-12,120,3.4434449755536454,1.981121250245949,1.4385160149658907,6.954712991578953,ff49,vw
rolling120,1982-02,1992-01,120,3.6404907529940376,2.073668135172836,1.4424855910906913,6.976863542903769,ff49,vw
rolling120,1982-03,1992-02,120,3.9722926780429875,2.2242479869514646,1.4449430427707604,6.991568315317276,ff49,vw
rolling120,1982-04,1992-03,120,3.888197934025743,2.1801248802327,1.4405337924345212,6.966886653096802,ff49,vw
rolling120,1982-05,1992-04,120,3.684014440907034,2.0961932313507963,1.4473947278349892,7.007335486735541,ff49,vw
rolling120,1982-06,1992-05,120,3.905491672998088,2.1963144902082137,1.4483411508163992,7.013052308367838,ff49,vw
rolling120,1982-07,1992-06,120,3.876445359169881,2.1820587664951594,1.4500582307897438,7.024624653669773,ff49,vw
rolling120,1982-08,1992-07,120,4.109096429921569,2.2801259133199197,1.445536087870947,6.998692354334844,ff49,vw
rolling120,1982-09,1992-08,120,3.418874424019984,1.9568155319010476,1.4280230398546299,6.892233666448642,ff49,vw
rolling120,1982-10,1992-09,120,3.4190247354949284,1.9560897387817031,1.4273970403114349,6.888879221282536,ff49,vw
rolling120,1982-11,1992-10,120,2.936799504160613,1.7352888531805528,1.4199896442941082,6.846614928670686,ff49,vw
rolling120,1982-12,1992-11,120,2.8521701457828312,1.6973917745993927,1.4175321347398668,6.832537356620768,ff49,vw
rolling120,1983-01,1992-12,120,2.894923044267433,1.7075620439091748,1.4089293473119564,6.7808463787520346,ff49,vw
rolling120,1983-02,1993-01,120,2.757080072809235,1.639305346997469,1.3981172398878088,6.717903487158976,ff49,vw
rolling120,1983-03,1993-02,120,2.6096304105516874,1.5703464653905483,1.4014047977267043,6.733623575190021,ff49,vw
rolling120,1983-04,1993-03,120,2.565805900285797,1.548305500461196,1.3996523498130513,6.725317120360633,ff49,vw
rolling120,1983-05,1993-04,120,2.244515903890034,1.4137617606554886,1.4040503615478486,6.748771939465351,ff49,vw
rolling120,1983-06,1993-05,120,2.2741022316899437,1.423168292860487,1.40035501004201,6.728712377146357,ff49,vw
rolling120,1983-07,1993-06,120,2.1584657599794475,1.372360118012838,1.3992099875335038,6.722266121095023,ff49,vw
rolling120,1983-08,1993-07,120,2.2750957198406803,1.4231482042936414,1.398561357158357,6.718002548186391,ff49,vw
rolling120,1983-09,1993-08,120,2.4450168004965667,1.496951517042432,1.3972896309531844,6.710742212359745,ff49,vw
rolling120,1983-10,1993-09,120,2.36906909588561,1.4626153593938553,1.3987686018958523,6.718683426333526,ff49,vw
rolling120,1983-11,1993-10,120,2.598523575204793,1.5625442593989671,1.3991670175761504,6.721113409112763,ff49,vw
rolling120,1983-12,1993-11,120,2.421001256660628,1.481717940225758,1.395319358226972,6.7000761441412084,ff49,vw
rolling120,1984-01,1993-12,120,2.5756677012538507,1.5517678802131218,1.3984004994467796,6.716971477056273,ff49,vw
rolling120,1984-02,1994-01,120,2.790446464635569,1.6423345201882693,1.3950395525361936,6.697846490933284,ff49,vw
rolling120,1984-03,1994-02,120,2.9491975996290205,1.7075265264887203,1.3881349487534764,6.655350541409686,ff49,vw
rolling120,1984-04,1994-03,120,2.6887450879515877,1.594149725949277,1.3875291710283264,6.652346441322918,ff49,vw
rolling120,1984-05,1994-04,120,2.69916595491903,1.5981283374744182,1.387291075350794,6.651644285912194,ff49,vw
rolling120,1984-06,1994-05,120,2.9355805264621533,1.6991677036040105,1.3863826017309127,6.646819503486102,ff49,vw
rolling120,1984-07,1994-06,120,2.712437200677312,1.596311015169772,1.3817091318276704,6.622613365854704,ff49,vw
rolling120,1984-08,1994-07,120,2.9086821814870945,1.6703542777824203,1.3758534342041453,6.5926573586948685,ff49,vw
rolling120,1984-09,1994-08,120,2.6677932627779604,1.5683257826973234,1.3760460413576379,6.593359696227725,ff49,vw
rolling120,1984-10,1994-09,120,2.6548150491747067,1.5608129927841021,1.3746172295798615,6.586240750193792,ff49,vw
rolling120,1984-11,1994-10,120,2.6784462188695444,1.5719832031255696,1.375846856086997,6.593076431947169,ff49,vw
rolling120,1984-12,1994-11,120,2.5770214430520353,1.5290916704518227,1.3762613210680394,6.595277446659972,ff49,vw
rolling120,1985-01,1994-12,120,2.575175201502201,1.5258519265969377,1.3753742316273116,6.591025290716716,ff49,vw
rolling120,1985-02,1995-01,120,2.295656387013532,1.405627971670978,1.3740052873814805,6.58335742814982,ff49,vw
rolling120,1985-03,1995-02,120,2.364710941811163,1.4353474088643468,1.3732858056798045,6.578904109167559,ff49,vw
rolling120,1985-04,1995-03,120,2.4931006377692353,1.4825965242802692,1.36239815699776,6.516681535260443,ff49,vw
rolling120,1985-05,1995-04,120,2.604448166581654,1.5313283437378378,1.363888909814691,6.524607004476468,ff49,vw
rolling120,1985-06,1995-05,120,2.4997831477135537,1.4854510544543533,1.362086996869337,6.514789780696083,ff49,vw
rolling120,1985-07,1995-06,120,2.544177148240637,1.5056641722482,1.363763947667547,6.5238897887184555,ff49,vw
rolling120,1985-08,1995-07,120,2.631637816740505,1.5412669183703918,1.3618857045698034,6.513403811440806,ff49,vw
rolling120,1985-09,1995-08,120,2.697120422793464,1.5690784150090618,1.3620511988353312,6.514354363702981,ff49,vw
rolling120,1985-10,1995-09,120,2.963791819728253,1.6841853390365846,1.3623685969217765,6.5150187786350315,ff49,vw
rolling120,1985-11,1995-10,120,2.767619475625352,1.6034885380651867,1.364671361003553,6.527203865599053,ff49,vw
rolling120,1985-12,1995-11,120,2.683609749490761,1.569414472095845,1.3661124546035113,6.534886733037867,ff49,vw
rolling120,1986-01,1995-12,120,2.5814324287734167,1.5259954851047852,1.3665203692600953,6.537154618445833,ff49,vw
rolling120,1986-02,1996-01,120,2.607185073009615,1.5412682117019734,1.3752177476282308,6.590078594543049,ff49,vw
rolling120,1986-03,1996-02,120,2.421336226985197,1.4576942804149946,1.3739556845023295,6.584704868954113,ff49,vw
rolling120,1986-04,1996-03,120,2.291725281248139,1.401535823410874,1.373339003604866,6.581548911854352,ff49,vw
rolling120,1986-05,1996-04,120,2.3836993446388766,1.4381217612140667,1.3710056180033945,6.569315886744892,ff49,vw
rolling120,1986-06,1996-05,120,2.341071664355508,1.4193225808788925,1.3708039665736427,6.5688013308807,ff49,vw
rolling120,1986-07,1996-06,120,2.2839095241339757,1.3932446639634555,1.3672712027400102,6.549949401492982,ff49,vw
rolling120,1986-08,1996-07,120,2.342461462419143,1.4137225852763986,1.3610798078790298,6.515032532328838,ff49,vw
rolling120,1986-09,1996-08,120,2.2604094283221006,1.3768384976118397,1.3564449453648049,6.489738482460106,ff49,vw
rolling120,1986-10,1996-09,120,2.6821742898036023,1.549687250244142,1.3476071078413818,6.440011461315343,ff49,vw
rolling120,1986-11,1996-10,120,2.511036941000426,1.4746624868295353,1.3449054483624445,6.426202268819209,ff49,vw
rolling120,1986-12,1996-11,120,2.662914252798312,1.5393528674667771,1.3463801256497723,6.434303741692879,ff49,vw
rolling120,1987-01,1996-12,120,2.778725359007217,1.5910601008635732,1.3509377961668423,6.4594244374219665,ff49,vw
rolling120,1987-02,1997-01,120,2.471756043353194,1.45911476752892,1.3481078374680953,6.444792592351893,ff49,vw
rolling120,1987-03,1997-02,120,2.287348491964877,1.387010792620071,1.3571519744490375,6.496695810986341,ff49,vw
rolling120,1987-04,1997-03,120,2.066884893199272,1.2892484323801485,1.3462131688220431,6.431817220322827,ff49,vw
rolling120,1987-05,1997-04,120,2.221783794056068,1.353550280640271,1.343839278931039,6.41878548297403,ff49,vw
rolling120,1987-06,1997-05,120,2.4172724840894535,1.4326062940495468,1.339855699311721,6.397543932774715,ff49,vw
rolling120,1987-07,1997-06,120,2.4324865664417246,1.4370664583115296,1.3386189613442883,6.391576147662286,ff49,vw
rolling120,1987-08,1997-07,120,2.4725403065209197,1.4576984875809118,1.3442740062520986,6.422918918194762,ff49,vw
rolling120,1987-09,1997-08,120,2.2640914410271042,1.3701322413480155,1.343197187854678,6.41616968527475,ff49,vw
rolling120,1987-10,1997-09,120,2.4759415336236916,1.461668362238484,1.3455978360970142,6.42872760220425,ff49,vw
rolling120,1987-11,1997-10,120,3.466724329186504,1.8551144038374996,1.3152561770954594,6.264170853949393,ff49,vw
rolling120,1987-12,1997-11,120,3.857299590096818,2.0143907666665832,1.3004036940622385,6.173271499483828,ff49,vw
rolling120,1988-01,1997-12,120,3.512612670758669,1.871119532067597,1.2988480276668224,6.164418977068848,ff49,vw
rolling120,1988-02,1998-01,120,3.373375509103621,1.8080353250221584,1.2967608107322477,6.154364263652872,ff49,vw
rolling120,1988-03,1998-02,120,3.3974791621959888,1.8155981165652506,1.2932920544177118,6.135283590211514,ff49,vw
rolling120,1988-04,1998-03,120,3.610520005892454,1.9014225078344542,1.2901622591480935,6.118375132072134,ff49,vw
rolling120,1988-05,1998-04,120,3.611833870890586,1.9084945193354277,1.2946427847520146,6.140493638887438,ff49,vw
rolling120,1988-06,1998-05,120,3.4947779336331664,1.8702936763204787,1.3012511630855317,6.173573479172887,ff49,vw
rolling120,1988-07,1998-06,120,3.2751865083805036,1.7874680697331178,1.3092309083014748,6.214519477926462,ff49,vw
rolling120,1988-08,1998-07,120,3.1607119866486793,1.7545221446448276,1.3231207866814794,6.286040786429879,ff49,vw
rolling120,1988-09,1998-08,120,2.5831188064360715,1.532802204241915,1.3490111577954236,6.4233985518566685,ff49,vw
rolling120,1988-10,1998-09,120,2.631141382131051,1.6065889662438682,1.4785912689455858,7.325360841988053,ff49,vw
rolling120,1988-11,1998-10,120,2.90192947876382,1.7425782574792457,1.4970748967208471,7.438893122692054,ff49,vw
rolling120,1988-12,1998-11,120,3.1970834874101755,1.8828281465845953,1.5034466464474068,7.475696384748822,ff49,vw
rolling120,1989-01,1998-12,120,3.2040097793799758,1.9110556931140907,1.5214182841147244,7.581090778302763,ff49,vw
rolling120,1989-02,1999-01,120,2.9965889616463706,1.8423130613863101,1.5425509031042313,7.707193610156262,ff49,vw
rolling120,1989-03,1999-02,120,2.8813405672604473,1.801307387957703,1.5511417469751771,7.756728317928559,ff49,vw
rolling120,1989-04,1999-03,120,2.897785154059367,1.8287207181046379,1.578995034472397,7.943155810803314,ff49,vw
rolling120,1989-05,1999-04,120,3.0709018790809974,1.9380208192763562,1.6044737011456411,8.102897182670096,ff49,vw
rolling120,1989-06,1999-05,120,2.847588764304055,1.8402538960472168,1.6097086443201798,8.135928397380583,ff49,vw
rolling120,1989-07,1999-06,120,3.001531608644635,1.9319543925078995,1.6171076191719322,8.17995330661105,ff49,vw
rolling120,1989-08,1999-07,120,2.581412354046763,1.7325630504691882,1.6175275173823538,8.181443674458833,ff49,vw
rolling120,1989-09,1999-08,120,2.3995804692105867,1.652742328070183,1.6271552362684383,8.244252417886559,ff49,vw
rolling120,1989-10,1999-09,120,2.2824028263291125,1.6095794969292319,1.6458039740921941,8.37316740170993,ff49,vw
rolling120,1989-11,1999-10,120,2.4843534086447154,1.7424047882006726,1.665836652736339,8.504701755918258,ff49,vw
rolling120,1989-12,1999-11,120,2.479485129110945,1.7483695091541296,1.6747169911762696,8.563699105296202,ff49,vw
rolling120,1990-01,1999-12,120,2.600210559866665,1.8338821638257907,1.7016076084395402,8.746300224503626,ff49,vw
rolling120,1990-02,2000-01,120,2.7426558324070083,1.943155950750717,1.7637917192998276,9.237105756560025,ff49,vw
rolling120,1990-03,2000-02,120,2.5938476621118864,1.9002760400793575,1.8081714756867218,9.572863449785011,ff49,vw
rolling120,1990-04,2000-03,120,2.734359435377434,1.9914157421351406,1.8221629401400545,9.675320186191726,ff49,vw
rolling120,1990-05,2000-04,120,2.8363338746673836,2.063338990901064,1.837888041587913,9.79384937114379,ff49,vw
rolling120,1990-06,2000-05,120,2.4599588608072516,1.878925116064512,1.8602456503174079,9.968779116537833,ff49,vw
rolling120,1990-07,2000-06,120,2.4961368007152323,1.9148057665121387,1.8795617247450604,10.120522096246493,ff49,vw
rolling120,1990-08,2000-07,120,2.5805811152435525,1.9693651825291756,1.885778427208378,10.166554630193826,ff49,vw
rolling120,1990-09,2000-08,120,3.258221788438692,2.3604248027967323,1.9019039837236738,10.293495071704186,ff49,vw
rolling120,1990-10,2000-09,120,3.46501852922803,2.4949727984017507,1.91560628073612,10.399691575106868,ff49,vw
rolling120,1990-11,2000-10,120,3.6438408668872304,2.609378866445861,1.928607643200206,10.506210296576688,ff49,vw
rolling120,1990-12,2000-11,120,3.1677984915785897,2.375654316976037,1.9525526122163792,10.695459999005957,ff49,vw
rolling120,1991-01,2000-12,120,3.2401842422549096,2.450237548586711,1.9890365944336954,11.017294966656651,ff49,vw
rolling120,1991-02,2001-01,120,3.0810714754482174,2.373212726759401,2.006509557599383,11.1672449983802,ff49,vw
rolling120,1991-03,2001-02,120,2.6297470611376212,2.150071000409405,2.032897490356953,11.388651120507657,ff49,vw
rolling120,1991-04,2001-03,120,2.345988754193976,1.9914508067070127,2.0456281251597006,11.504325858145917,ff49,vw
rolling120,1991-05,2001-04,120,2.5755786027518752,2.137929996157963,2.0575267229245635,11.610126162440986,ff49,vw
rolling120,1991-06,2001-05,120,2.493611781660724,2.090854029219619,2.059276702798999,11.625177460950702,ff49,vw
rolling120,1991-07,2001-06,120,2.5901303386929295,2.154825956485777,2.064992552553477,11.674517160634867,ff49,vw
rolling120,1991-08,2001-07,120,2.414447986012663,2.055719338755179,2.0714998937918208,11.731170470825681,ff49,vw
rolling120,1991-09,2001-08,120,2.250517471399034,1.963737826634433,2.079269447365515,11.799780452266084,ff49,vw
rolling120,1991-10,2001-09,120,1.9667844321099408,1.8205595747200967,2.1185073662315945,12.15600387269585,ff49,vw
rolling120,1991-11,2001-10,120,2.0360336635056835,1.8765259509518415,2.1403709211234894,12.366059259310568,ff49,vw
rolling120,1991-12,2001-11,120,2.371440360694958,2.0969258597461637,2.1536646131714874,12.487456176774659,ff49,vw
rolling120,1992-01,2001-12,120,2.1405668830580264,1.9526624541045783,2.1532659521009467,12.484413548390437,ff49,vw
rolling120,1992-02,2002-01,120,2.1088670335899096,1.9326378679355019,2.1533243166932077,12.485780084140508,ff49,vw
rolling120,1992-03,2002-02,120,2.0763553484621484,1.9189874576725872,2.1581659623263154,12.527414660439426,ff49,vw
rolling120,1992-04,2002-03,120,2.3419519582268675,2.0862559121822515,2.160695786507387,12.552002589902681,ff49,vw
rolling120,1992-05,2002-04,120,2.2749127819349244,2.050330262676608,2.1655896335577047,12.593803516596376,ff49,vw
rolling120,1992-06,2002-05,120,2.256992967890564,2.0419102012092707,2.168914408238412,12.625238484114725,ff49,vw
rolling120,1992-07,2002-06,120,2.1744519020251905,1.997760766901051,2.175756380145208,12.687100344184943,ff49,vw
rolling120,1992-08,2002-07,120,1.756562677862897,1.7487485103358722,2.193275129857975,12.852335010033181,ff49,vw
rolling120,1992-09,2002-08,120,1.8555738474491212,1.816396921292887,2.2011337026018785,12.929776665653245,ff49,vw
rolling120,1992-10,2002-09,120,1.558403561466796,1.633373787210067,2.2102112984155067,13.01653597150589,ff49,vw
rolling120,1992-11,2002-10,120,1.6173901899404326,1.6834421253175424,2.229564289153884,13.205674855517536,ff49,vw
rolling120,1992-12,2002-11,120,1.652253293745369,1.7151046203195686,2.2449615188714636,13.358101224998387,ff49,vw
rolling120,1993-01,2002-12,120,1.5179627263735367,1.6394930663669862,2.2672679762386116,13.590999963293541,ff49,vw
rolling120,1993-02,2003-01,120,1.3953419838791872,1.5602654198836474,2.2677607746493536,13.595092194156631,ff49,vw
rolling120,1993-03,2003-02,120,1.3501632325205368,1.5300022389215142,2.2682205710854544,13.603274423740249,ff49,vw
rolling120,1993-04,2003-03,120,1.287968055746735,1.4922461603312207,2.2706450022563596,13.62407855749787,ff49,vw
rolling120,1993-05,2003-04,120,1.5373787725316026,1.6537117628329414,2.2686217818573686,13.603750646640833,ff49,vw
rolling120,1993-06,2003-05,120,1.6280366895993308,1.7197202275514099,2.2822718944107696,13.748167145056724,ff49,vw
rolling120,1993-07,2003-06,120,1.6794633688435807,1.7523239530490877,2.281192176193091,13.738190478514296,ff49,vw
rolling120,1993-08,2003-07,120,1.7615962144604063,1.810481531499111,2.2870767155581597,13.796614327767818,ff49,vw
rolling120,1993-09,2003-08,120,1.7546090276534398,1.8050492745952438,2.28632906519926,13.789630481122803,ff49,vw
rolling120,1993-10,2003-09,120,1.7146828333859334,1.7783909015424726,2.285506990371849,13.781126759942945,ff49,vw
rolling120,1993-11,2003-10,120,1.8415894411229634,1.8604361347954912,2.2845841360590238,13.772835131220269,ff49,vw
rolling120,1993-12,2003-11,120,1.9384103985359804,1.9235305632457989,2.2842898407393304,13.770110705119098,ff49,vw
rolling120,1994-01,2003-12,120,1.9995655749300605,1.9672289929339866,2.2907768441948035,13.839341788670662,ff49,vw
rolling120,1994-02,2004-01,120,1.9313840688949058,1.92430995407752,2.292982704242263,13.861385669256613,ff49,vw
rolling120,1994-03,2004-02,120,2.034650180128864,1.9930516314662028,2.2943683713246874,13.875641659605165,ff49,vw
rolling120,1994-04,2004-03,120,2.1820831840104047,2.090229183193981,2.294737735832769,13.879151499069927,ff49,vw
rolling120,1994-05,2004-04,120,2.129416068005615,2.060863915122121,2.2997574278331503,13.927703768221626,ff49,vw
rolling120,1994-06,2004-05,120,2.1443129434735395,2.0710236224768885,2.2998718249559573,13.928501574957396,ff49,vw
rolling120,1994-07,2004-06,120,2.343872620450158,2.204514206828798,2.3024156807246103,13.954520493903823,ff49,vw
rolling120,1994-08,2004-07,120,2.126140198239248,2.066176822475273,2.3084972024359334,14.01579612839931,ff49,vw
rolling120,1994-09,2004-08,120,1.9912788306957396,1.976375766579984,2.307918857562396,14.010395523723398,ff49,vw
rolling120,1994-10,2004-09,120,2.114070920072634,2.05824488078481,2.3086064909497863,14.016891202673811,ff49,vw
rolling120,1994-11,2004-10,120,2.1357556395990187,2.071743230940779,2.307382450518762,14.00398115716508,ff49,vw
rolling120,1994-12,2004-11,120,2.485536222302926,2.306309392163418,2.3128852925171457,14.063736917619956,ff49,vw
rolling120,1995-01,2004-12,120,2.5348674499036297,2.3411909314469033,2.3153116538045824,14.088458870271896,ff49,vw
rolling120,1995-02,2005-01,120,2.4238706755311,2.26636859433748,2.314039754701893,14.075845486107497,ff49,vw
rolling120,1995-03,2005-02,120,2.394910393752225,2.250737404736584,2.320068289442094,14.141473212022373,ff49,vw
rolling120,1995-04,2005-03,120,2.223970500531363,2.1370687628158587,2.3189992669721398,14.128910065325991,ff49,vw
rolling120,1995-05,2005-04,120,2.0532574818575298,2.0248437754049577,2.320246805468049,14.141707783143682,ff49,vw
rolling120,1995-06,2005-05,120,2.102914418247496,2.058442569984239,2.3214299698677534,14.154425000339234,ff49,vw
rolling120,1995-07,2005-06,120,2.0377004904857006,2.015840406333943,2.3223606737505507,14.164044060116217,ff49,vw
rolling120,1995-08,2005-07,120,2.0558826184273733,2.0300618355504825,2.3259329667429305,14.202585627989185,ff49,vw
rolling120,1995-09,2005-08,120,2.0024805485351203,1.995524904144108,2.3274140475263696,14.218342797660467,ff49,vw
rolling120,1995-10,2005-09,120,1.956535851719682,1.967120625840392,2.332198590907676,14.271980533559725,ff49,vw
rolling120,1995-11,2005-10,120,1.940743089877786,1.9555037760830765,2.3306662908657847,14.255986835564634,ff49,vw
rolling120,1995-12,2005-11,120,1.9173595058824633,1.9399741696463586,2.3308050745615327,14.25755018325385,ff49,vw
rolling120,1996-01,2005-12,120,1.8879522950148733,1.9195190918797267,2.330089440387254,14.251541988618369,ff49,vw
rolling120,1996-02,2006-01,120,1.9405823774276585,1.9560350605999575,2.33098524699793,14.256691287327659,ff49,vw
rolling120,1996-03,2006-02,120,1.8822295266746907,1.9186710055762162,2.3322200555232393,14.268154113324949,ff49,vw
rolling120,1996-04,2006-03,120,1.907132191037459,1.9338541717758364,2.3305715104286304,14.251648017193352,ff49,vw
rolling120,1996-05,2006-04,120,1.8814030549904484,1.9189085577541634,2.3347744487524986,14.298259847867556,ff49,vw
rolling120,1996-06,2006-05,120,1.7051918565284439,1.803069759238555,2.3367428567919815,14.318043884067608,ff49,vw
rolling120,1996-07,2006-06,120,1.724893761652678,1.8133599033911203,2.333002068769232,14.27962571143289,ff49,vw
rolling120,1996-08,2006-07,120,1.8408342777444986,1.894640314710788,2.3392179146443457,14.344804464981168,ff49,vw
rolling120,1996-09,2006-08,120,1.8037470385391212,1.8710334440295617,2.3413804337412327,14.368020550739141,ff49,vw
rolling120,1996-10,2006-09,120,1.7090010043432988,1.809839263765936,2.343079807635779,14.384066006091142,ff49,vw
rolling120,1996-11,2006-10,120,1.8236186340448133,1.8880961503084508,2.3454767911191996,14.409117306187316,ff49,vw
rolling120,1996-12,2006-11,120,1.7515531223848142,1.8390256300209271,2.3440269353831518,14.393681854403802,ff49,vw
rolling120,1997-01,2006-12,120,1.775511696552058,1.8533977273065858,2.3405546664950223,14.355545364437601,ff49,vw
rolling120,1997-02,2007-01,120,1.7330285727053116,1.8236274357769324,2.3382141788087827,14.330632209635974,ff49,vw
rolling120,1997-03,2007-02,120,1.7041467695901193,1.7986847527079826,2.3277883533988906,14.217752590724139,ff49,vw
rolling120,1997-04,2007-03,120,1.8558260329408038,1.8971108822551317,2.3243747605068266,14.182521571628001,ff49,vw
rolling120,1997-05,2007-04,120,1.8872254835355111,1.9146148281096682,2.3201466581416104,14.139756346073634,ff49,vw
rolling120,1997-06,2007-05,120,1.8160075341412707,1.8680323272747463,2.321374354381237,14.152927648961997,ff49,vw
rolling120,1997-07,2007-06,120,1.6671547793648482,1.7702242902814003,2.3230058060344825,14.170168569968975,ff49,vw
rolling120,1997-08,2007-07,120,1.4261158528656006,1.6076099550694474,2.316681911552844,14.100732835151543,ff49,vw
rolling120,1997-09,2007-08,120,1.4997243352506167,1.6547910137702884,2.314034065603628,14.073338828692712,ff49,vw
rolling120,1997-10,2007-09,120,1.475706310691971,1.6401136275730994,2.3169808941630716,14.105612652883366,ff49,vw
rolling120,1997-11,2007-10,120,1.6876519175882243,1.779595797894091,2.317905934913045,14.119200172707718,ff49,vw
rolling120,1997-12,2007-11,120,1.5155089006568883,1.6651928009940504,2.3188042320589193,14.130419008282583,ff49,vw
rolling120,1998-01,2007-12,120,1.4647677468018503,1.6312082359510867,2.3191360283597366,14.13601504428679,ff49,vw
rolling120,1998-02,2008-01,120,1.3491544440767407,1.5568539764241809,2.323380478907795,14.180883061429775,ff49,vw
rolling120,1998-03,2008-02,120,1.1480584513983803,1.4291796258980203,2.3356820133394987,14.311966819495572,ff49,vw
rolling120,1998-04,2008-03,120,1.031666369359236,1.3515436736628752,2.3350693726597274,14.30518510702556,ff49,vw
rolling120,1998-05,2008-04,120,1.104595330173812,1.403230643125822,2.341764036818128,14.376005463719377,ff49,vw
rolling120,1998-06,2008-05,120,1.2323685499972101,1.4890278885109747,2.34485762865593,14.412389393911521,ff49,vw
rolling120,1998-07,2008-06,120,1.0264145919971415,1.3608250938946225,2.3698622998146295,14.693376915310926,ff49,vw
rolling120,1998-08,2008-07,120,1.1079597387452975,1.4184694183636302,2.371494968230028,14.704915872733434,ff49,vw
rolling120,1998-09,2008-08,120,1.5762377664231972,1.7244569267552887,2.3543347518610496,14.51847132133241,ff49,vw
rolling120,1998-10,2008-09,120,1.1768735330591835,1.4501411979810492,2.2910740277195214,13.702339778657254,ff49,vw
rolling120,1998-11,2008-10,120,0.5812730110518256,1.0628274130139133,2.308962984676097,13.865525375320177,ff49,vw
rolling120,1998-12,2008-11,120,0.36521082628510637,0.9288580516437738,2.3489187932459736,14.301309116907976,ff49,vw
rolling120,1999-01,2008-12,120,0.3759818215680495,0.935054171218666,2.3467235272324247,14.279313658120707,ff49,vw
rolling120,1999-02,2009-01,120,0.2510914820589009,0.8496817850629504,2.342580801230834,14.23203834040597,ff49,vw
rolling120,1999-03,2009-02,120,0.14942461430392642,0.7837740081475449,2.3535129224616123,14.34515686329113,ff49,vw
rolling120,1999-04,2009-03,120,0.21839803646203368,0.8280063736132713,2.3386155107172155,14.175980306684302,ff49,vw
rolling120,1999-05,2009-04,120,0.30687336290356554,0.9020793406483529,2.3995880057718195,14.856281780575687,ff49,vw
rolling120,1999-06,2009-05,120,0.3990350586111813,0.9680981807970089,2.412950524797171,15.015707465134842,ff49,vw
rolling120,1999-07,2009-06,120,0.35029811346019896,0.9313650730017612,2.406847753705705,14.953800715573568,ff49,vw
rolling120,1999-08,2009-07,120,0.5437226697754745,1.0667335032774472,2.4160417342299687,15.062186995457452,ff49,vw
rolling120,1999-09,2009-08,120,0.6495311843350415,1.1367110686290252,2.4073731495047657,14.967111717163652,ff49,vw
rolling120,1999-10,2009-09,120,0.8033420924906365,1.2375212432220715,2.3921226145628145,14.793891556845413,ff49,vw
rolling120,1999-11,2009-10,120,0.7058707076044028,1.1569743942887143,2.3658232919734656,14.517980831387904,ff49,vw
rolling120,1999-12,2009-11,120,0.7942320584373206,1.2134870951121102,2.358430323882725,14.441624014234884,ff49,vw
rolling120,2000-01,2009-12,120,0.7777629567345605,1.1936287904719496,2.3359246126120277,14.203760363103148,ff49,vw
rolling120,2000-02,2010-01,120,0.7685230635712221,1.1723450952964753,2.2799610127479117,13.572441245253948,ff49,vw
rolling120,2000-03,2010-02,120,0.8979846452145397,1.2435515005133038,2.2400061164626464,13.159815698236265,ff49,vw
rolling120,2000-04,2010-03,120,0.8846507340808891,1.2264716004242848,2.22320856426135,12.997805358130048,ff49,vw
rolling120,2000-05,2010-04,120,0.9471980039296004,1.262573273922599,2.2149945029455815,12.920701629608986,ff49,vw
rolling120,2000-06,2010-05,120,0.8244294531944005,1.1738260785349912,2.191020511462461,12.684409670807069,ff49,vw
rolling120,2000-07,2010-06,120,0.6977836574092988,1.088324447723397,2.18044835889696,12.584110568463304,ff49,vw
rolling120,2000-08,2010-07,120,0.8130277253380569,1.1577240994399252,2.1709653491732093,12.49571347848222,ff49,vw
rolling120,2000-09,2010-08,120,0.6172125063657312,1.0282526538225398,2.1593145062931773,12.38681390940728,ff49,vw
rolling120,2000-10,2010-09,120,0.831838952205489,1.1555261754146726,2.1399136220739057,12.208170909119525,ff49,vw
rolling120,2000-11,2010-10,120,0.9019360819571347,1.1902975586273183,2.120418236533638,12.029912400642724,ff49,vw
rolling120,2000-12,2010-11,120,1.0057108349428168,1.2385616523460319,2.0929312602454084,11.788639703690706,ff49,vw
rolling120,2001-01,2010-12,120,1.0316463007476027,1.2408533438955405,2.059360065318004,11.470876375315964,ff49,vw
rolling120,2001-02,2011-01,120,1.0079930935590649,1.2157868100713878,2.0362570034585117,11.267154845081354,ff49,vw
rolling120,2001-03,2011-02,120,1.1605273216780279,1.2831733043726026,2.004039960298078,10.99547807387403,ff49,vw
rolling120,2001-04,2011-03,120,1.3141509944775733,1.3666498436143737,1.989884869812482,10.872344330675135,ff49,vw
rolling120,2001-05,2011-04,120,1.2166746906968822,1.3031044330274446,1.9777768244195246,10.768750082587868,ff49,vw
rolling120,2001-06,2011-05,120,1.14620787139014,1.259196938134166,1.973990154798176,10.737710216092477,ff49,vw
rolling120,2001-07,2011-06,120,1.1491824414424312,1.2556789565924888,1.9646581226326778,10.659740045220799,ff49,vw
rolling120,2001-08,2011-07,120,1.1048008478801723,1.226346972954605,1.959648485356272,10.619932139325265,ff49,vw
rolling120,2001-09,2011-08,120,1.0332965704252808,1.1838392829162951,1.9591086718858801,10.617382146771757,ff49,vw
rolling120,2001-10,2011-09,120,1.0201653940361317,1.1662074363991506,1.932131936522951,10.389416257273025,ff49,vw
rolling120,2001-11,2011-10,120,1.2149706468691264,1.274005539725109,1.9196179772545183,10.279984591642929,ff49,vw
rolling120,2001-12,2011-11,120,1.0880650653531627,1.1923246215198409,1.9056931091185736,10.170720539519914,ff49,vw
rolling120,2002-01,2011-12,120,1.0058922219912154,1.1454468623406966,1.9048751770665957,10.163268821345051,ff49,vw
rolling120,2002-02,2012-01,120,1.1180830247271292,1.2080966722620545,1.9020703178898921,10.140747767509318,ff49,vw
rolling120,2002-03,2012-02,120,1.168587965832255,1.2316882668220903,1.8962155440038428,10.096600815370072,ff49,vw
rolling120,2002-04,2012-03,120,1.0919942547622208,1.1882034220188653,1.8946673599038,10.082844617793743,ff49,vw
rolling120,2002-05,2012-04,120,1.0980324044007252,1.1836888713206322,1.881476041208537,9.98106125163498,ff49,vw
rolling120,2002-06,2012-05,120,0.9616979513681916,1.1082610946978106,1.882913082323174,9.990637748850045,ff49,vw
rolling120,2002-07,2012-06,120,1.1397869019007532,1.2026349573433797,1.8739360213008294,9.921703763102625,ff49,vw
rolling120,2002-08,2012-07,120,1.376626317191341,1.3247509566792237,1.859100735503164,9.806908403873338,ff49,vw
rolling120,2002-09,2012-08,120,1.4347705507028232,1.3543860055760175,1.85398305206767,9.766225176971378,ff49,vw
rolling120,2002-10,2012-09,120,1.7497594139053834,1.521123589756974,1.842945482009176,9.682661065318381,ff49,vw
rolling120,2002-11,2012-10,120,1.6417500378132153,1.4501028848593482,1.8290671923871427,9.580813516972748,ff49,vw
rolling120,2002-12,2012-11,120,1.5214136691525382,1.3733317349244105,1.8120633456717163,9.452843072250701,ff49,vw
rolling120,2003-01,2012-12,120,1.6582946456571919,1.4344579825151653,1.7877361633668072,9.261757566052387,ff49,vw
rolling120,2003-02,2013-01,120,1.9197605155618191,1.5764665938834594,1.7887269146480393,9.268993546788879,ff49,vw
rolling120,2003-03,2013-02,120,2.0207016277008005,1.628843792396304,1.7843100275651762,9.233999960762496,ff49,vw
rolling120,2003-04,2013-03,120,2.1603710362104316,1.6976826122739148,1.7791682794513979,9.198077757213717,ff49,vw
rolling120,2003-05,2013-04,120,1.9457042564780749,1.5825627674175384,1.7769225218350828,9.180907163816977,ff49,vw
rolling120,2003-06,2013-05,120,1.818544030164417,1.5076478167908276,1.7644266913388382,9.083647961530193,ff49,vw
rolling120,2003-07,2013-06,120,1.7151777091216092,1.4551960618237565,1.7649147043710942,9.08508140318279,ff49,vw
rolling120,2003-08,2013-07,120,1.77318440016003,1.4797149664303304,1.757330018668592,9.031848490882108,ff49,vw
rolling120,2003-09,2013-08,120,1.6106319940440663,1.3917101261329532,1.7556709031129876,9.020181898427387,ff49,vw
rolling120,2003-10,2013-09,120,1.771437695143185,1.477064421074037,1.7543061241666744,9.0098021234591,ff49,vw
rolling120,2003-11,2013-10,120,1.6965885286465472,1.4338334830961863,1.7489122461227875,8.97045601285127,ff49,vw
rolling120,2003-12,2013-11,120,1.690535003013418,1.4307633272730917,1.7483350296467812,8.965448950721925,ff49,vw
rolling120,2004-01,2013-12,120,1.6357584859039713,1.3964069791301918,1.7385999985104794,8.892507746487123,ff49,vw
rolling120,2004-02,2014-01,120,1.5155502537016536,1.3308453444127366,1.7367260554766075,8.880030155745981,ff49,vw
rolling120,2004-03,2014-02,120,1.580695265380482,1.3629162017457246,1.7333277502417719,8.856224676063531,ff49,vw
rolling120,2004-04,2014-03,120,1.5962350039509303,1.3700697413864744,1.7315957545654144,8.84377981476937,ff49,vw
rolling120,2004-05,2014-04,120,1.640252423790212,1.3877867873475431,1.7268124134096807,8.812480332665904,ff49,vw
rolling120,2004-06,2014-05,120,1.6527185821238328,1.3938478158814742,1.7263443372355207,8.809292640625808,ff49,vw
rolling120,2004-07,2014-06,120,1.6418055539826226,1.386895002383444,1.7249615325766912,8.800113766919363,ff49,vw
rolling120,2004-08,2014-07,120,1.6678336942408651,1.3984446266071788,1.7230375421939628,8.787350665827926,ff49,vw
rolling120,2004-09,2014-08,120,1.7788925248725702,1.4555084392186362,1.7212073758006496,8.77422689358422,ff49,vw
rolling120,2004-10,2014-09,120,1.6216686978342465,1.3754639513965454,1.7234859993856382,8.7893071145718,ff49,vw
rolling120,2004-11,2014-10,120,1.6361090823481268,1.3860682472844292,1.7247343382452964,8.796750310637984,ff49,vw
rolling120,2004-12,2014-11,120,1.5385455715194616,1.3331311068591043,1.7197941901105336,8.758612447220338,ff49,vw
rolling120,2005-01,2014-12,120,1.4377608863413274,1.2804826365315434,1.719323037623154,8.754653467382203,ff49,vw
rolling120,2005-02,2015-01,120,1.415255156108059,1.277530272209138,1.7420601998615404,8.936630628622737,ff49,vw
rolling120,2005-03,2015-02,120,1.5082620279037773,1.3252649422015708,1.7386394325091359,8.910668437922471,ff49,vw
rolling120,2005-04,2015-03,120,1.5123930866421325,1.3305635526576893,1.7408200839506593,8.924386476083507,ff49,vw
rolling120,2005-05,2015-04,120,1.6214042227011762,1.3909693327005779,1.747036059382784,8.972310810238978,ff49,vw
rolling120,2005-06,2015-05,120,1.5318293284854168,1.344399315133615,1.7465533241959719,8.967534650730451,ff49,vw
rolling120,2005-07,2015-06,120,1.45294698962463,1.3058713770921393,1.7486639531419879,8.980880660923239,ff49,vw
rolling120,2005-08,2015-07,120,1.3267808572556148,1.2496841191573917,1.7536882983252249,9.009666082374423,ff49,vw
rolling120,2005-09,2015-08,120,1.2310864437364888,1.1982902564517643,1.754107976478269,9.013440900742086,ff49,vw
rolling120,2005-10,2015-09,120,1.1033669205125123,1.1353421074612402,1.7510475130580196,8.986598963493028,ff49,vw
rolling120,2005-11,2015-10,120,1.3063421571951346,1.2524046365687582,1.7515813620918397,8.990439286654803,ff49,vw
rolling120,2005-12,2015-11,120,1.2287621146307015,1.210574751598637,1.7526748606138052,8.999192466468461,ff49,vw
rolling120,2006-01,2015-12,120,1.1556045609503647,1.1721585294840238,1.7538228700579888,9.005392165859554,ff49,vw
rolling120,2006-02,2016-01,120,0.9471704148026967,1.0594303905247435,1.755254019556902,9.015981467441064,ff49,vw
rolling120,2006-03,2016-02,120,0.9911702576055983,1.0879272431566942,1.772131914435766,9.153179667947482,ff49,vw
rolling120,2006-04,2016-03,120,1.08952165693562,1.1435532602540959,1.7768541832023443,9.189617444229995,ff49,vw
rolling120,2006-05,2016-04,120,1.112552914696749,1.1643951712638476,1.8011399734912434,9.385676515572786,ff49,vw
rolling120,2006-06,2016-05,120,1.1982974005164495,1.2121489487909214,1.8028195054084215,9.399632129718205,ff49,vw
rolling120,2006-07,2016-06,120,1.2155440754814202,1.2266792116747331,1.8146477290073815,9.493534201897129,ff49,vw
rolling120,2006-08,2016-07,120,1.3615990119214336,1.305820411989732,1.812671932288716,9.480516326768353,ff49,vw
rolling120,2006-09,2016-08,120,1.3117665382684214,1.2783050306467396,1.81231153522615,9.477289369371482,ff49,vw
rolling120,2006-10,2016-09,120,1.2801992906812272,1.2576576782872153,1.8091850103948248,9.456083501523416,ff49,vw
rolling120,2006-11,2016-10,120,1.1263904691990319,1.172192731102801,1.8083633370170553,9.45035589821691,ff49,vw
rolling120,2006-12,2016-11,120,1.1868417179426012,1.214739667991901,1.8241510174263926,9.5672722751981,ff49,vw
rolling120,2007-01,2016-12,120,1.193504744725872,1.2183841497606336,1.8241385369655627,9.567157840124294,ff49,vw
year,1927-01,1927-12,12,0.33458121812625463,0.11605171044184588,0.32012665647160593,3.1852379939654636,ff12,ew
year,1928-01,1928-12,12,0.43848612029988526,0.15521063441720334,0.5725903769508426,3.6242890534410193,ff12,ew
year,1929-01,1929-12,12,-0.2339537240487503,0.1187804916506151,0.5011088513491117,3.3712545236083966,ff12,ew
year,1930-01,1930-12,12,-0.3472537042846934,0.09576059396926813,0.4918588136653068,3.39314909926833,ff12,ew
year,1931-01,1931-12,12,-0.43108342307493563,0.09162576094079528,0.5748754477076451,3.5571143912409027,ff12,ew
year,1932-01,1932-12,12,0.05139630348807689,0.1922457134951912,0.4995077639287558,3.3450422776442914,ff12,ew
year,1933-01,1933-12,12,0.9878448960915556,0.42491175205584697,0.46463784400824215,3.311602238282252,ff12,ew
year,1934-01,1934-12,12,0.14800538625249504,0.15875073359189792,0.3286317070909423,3.127859432142121,ff12,ew
year,1935-01,1935-12,12,0.636807069912638,0.27414724408584024,0.7938988912268213,4.167650519764087,ff12,ew
year,1936-01,1936-12,12,0.4397784912120113,0.16827986377612814,0.35572324477162387,3.1902538689145583,ff12,ew
year,1937-01,1937-12,12,-0.44866281770269356,0.06496865441821892,0.4571997876890851,3.394671869048664,ff12,ew
year,1938-01,1938-12,12,0.33130404762026844,0.1817685859226507,0.41532624532451956,3.320949228685867,ff12,ew
year,1939-01,1939-12,12,0.05844252644502026,0.1992288314560432,0.71305585549578,3.286305177153505,ff12,ew
year,1940-01,1940-12,12,-0.07915732766750037,0.09901973148709153,0.5284849885940894,4.252281910369526,ff12,ew
year,1941-01,1941-12,12,-0.101096088166969,0.08974278187554112,0.26100512125897773,3.194927227994219,ff12,ew
year,1942-01,1942-12,12,0.3890537165119233,0.18858783153818,0.8981422040038962,4.245772831446649,ff12,ew
year,1943-01,1943-12,12,0.6607256478482832,0.21022279556905513,0.7252035111211048,3.639540091841637,ff12,ew
year,1944-01,1944-12,12,0.3610391974872013,0.10217744043669626,0.5562886249917347,3.5172298165245053,ff12,ew
year,1945-01,1945-12,12,0.6082930379931575,0.12138997178314839,0.21646428747467683,2.988845621369299,ff12,ew
year,1946-01,1946-12,12,-0.09146998634501315,0.07814089999459552,0.32420439709165366,3.143695205851253,ff12,ew
year,1947-01,1947-12,12,-0.019598045707345243,0.07346217641441594,0.3760357463256377,3.3499027993897235,ff12,ew
year,1948-01,1948-12,12,-0.009222766149881828,0.06906558604709681,0.4427254140806599,3.331562776619055,ff12,ew
year,1949-01,1949-12,12,0.24555049054177835,0.09311941377107398,0.4014406438501917,3.3885061174794497,ff12,ew
year,1950-01,1950-12,12,0.32305756992015183,0.13037056520998144,0.5093281289749603,3.3276028769715307,ff12,ew
year,1951-01,1951-12,12,0.1793492556466325,0.07758452022665738,0.200781670737873,2.9921148355676905,ff12,ew
year,1952-01,1952-12,12,0.1019145576898681,0.053930119093692906,0.15645079452385094,3.009614843679865,ff12,ew
year,1953-01,1953-12,12,-0.00770769780043474,0.05741456275375959,0.36871966730587713,3.231267753255505,ff12,ew
year,1954-01,1954-12,12,0.5561061859053742,0.08818975111240886,0.08673543527588852,2.962895680255175,ff12,ew
year,1955-01,1955-12,12,0.19005928403740777,0.06777068444014371,0.15455526951470636,3.0492038276671627,ff12,ew
year,1956-01,1956-12,12,0.053344013500246645,0.06042315124660794,0.4018811823790508,3.3719823622187453,ff12,ew
year,1957-01,1957-12,12,-0.09781492834587982,0.06765556492630528,0.2972275920081056,3.0554909473194884,ff12,ew
year,1958-01,1958-12,12,0.6244240699956822,0.11873888598459202,0.29373630895816316,3.123049241623934,ff12,ew
year,1959-01,1959-12,12,0.18996227318046324,0.08788193487557833,0.27312446345294594,3.0984439316806447,ff12,ew
year,1960-01,1960-12,12,0.014546336881582047,0.0924012245896214,0.8815905867526138,4.35121272065294,ff12,ew
year,1961-01,1961-12,12,0.3025303594529802,0.08277710956412246,0.1194099297712002,2.9616142685115774,ff12,ew
year,1962-01,1962-12,12,-0.12272212987064426,0.059575969397458996,0.17176024832421266,3.0749959164730565,ff12,ew
year,1963-01,1963-12,12,0.17714733733174487,0.058854436051679435,0.23457203780770955,3.0517967584628742,ff12,ew
year,1964-01,1964-12,12,0.17843458757049963,0.05708119032388625,0.2565599037893355,3.1362671699327502,ff12,ew
year,1965-01,1965-12,12,0.3436351452442031,0.091455701985355,0.3955285763352377,3.2630171174760907,ff12,ew
year,1966-01,1966-12,12,-0.050000101881167575,0.08749888975319156,0.28591803050612485,3.1600110511885613,ff12,ew
year,1967-01,1967-12,12,0.6977536350218885,0.15189987004834704,0.037771268049951574,2.8918304259739522,ff12,ew
year,1968-01,1968-12,12,0.40374090776435184,0.12689633316326246,0.23700882225353248,3.2002822457576894,ff12,ew
year,1969-01,1969-12,12,-0.21800404556878258,0.06807496313280209,0.44673714681938326,3.359807954116959,ff12,ew
year,1970-01,1970-12,12,-0.0934681554981139,0.09244448042496424,0.39080820672224753,3.4140134508581266,ff12,ew
year,1971-01,1971-12,12,0.20518239300456045,0.09364165218636412,0.2265514565051716,3.1099219169556966,ff12,ew
year,1972-01,1972-12,12,0.07079841076701922,0.08169305876219549,0.30440791753402446,3.20093843261063,ff12,ew
year,1973-01,1973-12,12,-0.35167205808218793,0.07660960934396138,0.6659133963245856,3.774672689108694,ff12,ew
year,1974-01,1974-12,12,-0.23196489979832863,0.0694636698033023,0.5050516253338939,3.3682588502374418,ff12,ew
year,1975-01,1975-12,12,0.6561170879019591,0.13829985541411116,0.09508848776666796,2.9149478646831244,ff12,ew
year,1976-01,1976-12,12,0.4933114385228658,0.11742780239581595,0.19654188959354973,3.1639509216878654,ff12,ew
year,1977-01,1977-12,12,0.22517512999474334,0.058882929605213706,0.4087159275053273,3.4119935337660947,ff12,ew
year,1978-01,1978-12,12,0.23774251227382345,0.11002542039817685,0.40897805880624416,3.281570896645961,ff12,ew
year,1979-01,1979-12,12,0.4351217516658801,0.12487298352002103,0.7140162081183619,3.891036796214613,ff12,ew
year,1980-01,1980-12,12,0.4202798439086161,0.17111263597126228,0.650088210762073,3.8529613829603053,ff12,ew
year,1981-01,1981-12,12,0.02340444947505827,0.09622604255516382,0.035975088650791485,3.024789021919811,ff12,ew
year,1982-01,1982-12,12,0.26424248854372706,0.1237939363459586,-0.33463446741022956,2.9397184227039603,ff12,ew
year,1983-01,1983-12,12,0.35061762048141826,0.12832277540601755,0.13255047728941646,3.0197894556893723,ff12,ew
year,1984-01,1984-12,12,-0.08651695062325895,0.0678999716716529,0.20247248053431416,3.1524575078565387,ff12,ew
year,1985-01,1985-12,12,0.2530894901099699,0.09936167506676274,-0.06178133061649417,3.0095595488048796,ff12,ew
year,1986-01,1986-12,12,0.0820588477922376,0.08463732255044719,0.11646897182812722,3.4538821757102407,ff12,ew
year,1987-01,1987-12,12,-0.05856782463138923,0.11577304762812177,1.0220638308713004,4.511695034099455,ff12,ew
year,1988-01,1988-12,12,0.21800620976739843,0.06834991848501824,0.00940950135570594,3.0345740717904386,ff12,ew
year,1989-01,1989-12,12,0.15853464896830727,0.06893049277400594,0.3951694358821412,3.2338991859555204,ff12,ew
year,1990-01,1990-12,12,-0.2004946593634039,0.08118307135174484,0.682535474052834,3.7623064192109683,ff12,ew
year,1991-01,1991-12,12,0.5047472291655652,0.14919042130358695,0.34019396694906906,3.2493213206692424,ff12,ew
year,1992-01,1992-12,12,0.24730850047487002,0.12738359203130845,0.08339425234444788,2.9210915485892093,ff12,ew
year,1993-01,1993-12,12,0.2747185203683817,0.12205594596974507,0.28362690421395925,3.3692688228344005,ff12,ew
year,1994-01,1994-12,12,-0.0522064953562895,0.0593527843920309,0.20552462536912053,3.0193385784982376,ff12,ew
year,1995-01,1995-12,12,0.26524874705813845,0.08980130321727063,0.3964092378578786,3.1957553670852588,ff12,ew
year,1996-01,1996-12,12,0.1905569926432351,0.11369910384344932,0.3534599244980507,3.1857864185877522,ff12,ew
year,1997-01,1997-12,12,0.20194550717578474,0.11439176304666081,0.41448935961208017,3.3048299088731707,ff12,ew
year,1998-01,1998-12,12,-0.05033831260427005,0.12608334982511962,0.5086954311899181,3.8147825468131153,ff12,ew
year,1999-01,1999-12,12,0.27646868157815313,0.21235260004002765,0.9399283504044315,4.4118147797063605,ff12,ew
year,2000-01,2000-12,12,-0.027166560177412497,0.24705834980819077,0.9469178863709635,4.608153407033757,ff12,ew
year,2001-01,2001-12,12,0.2043784624773868,0.2545187696933825,0.5473894989066644,3.4233840212736597,ff12,ew
year,2002-01,2002-12,12,-0.12780643537254863,0.12759675987545993,0.42328667844705203,3.2923645315337935,ff12,ew
year,2003-01,2003-12,12,0.6567950659808912,0.1789295480924775,0.3999106665750488,3.23110048373895,ff12,ew
year,2004-01,2004-12,12,0.22844533890091534,0.10651616489748804,0.24342251023650466,3.1331173667286105,ff12,ew
year,2005-01,2005-12,12,0.04539770723738998,0.09935029704316906,0.7751875498867477,4.043593964321743,ff12,ew
year,2006-01,2006-12,12,0.18462792944957787,0.1076645809210671,0.10822567763931275,3.226758630551211,ff12,ew
year,2007-01,2007-12,12,-0.04097190758980695,0.06592504611375709,0.3987316341055478,3.247437709926761,ff12,ew
year,2008-01,2008-12,12,-0.4711544969638662,0.08997847427581204,0.6917711288460806,4.031700563537216,ff12,ew
year,2009-01,2009-12,12,0.7567569243483014,0.2664925577091667,0.4850614259569644,3.4759464355497403,ff12,ew
year,2010-01,2010-12,12,0.29854586929313426,0.10041496293029442,0.3447664347305568,3.2499420671358874,ff12,ew
year,2011-01,2011-12,12,-0.07426373578130276,0.08774033757257166,0.3881702498294965,3.358879754487281,ff12,ew
year,2012-01,2012-12,12,0.16477668551665606,0.09553773346046801,-0.03134255289268048,2.9496041277941334,ff12,ew
year,2013-01,2013-12,12,0.43266232187189213,0.09151416335569552,-0.05030197136753515,3.121393934609349,ff12,ew
year,2014-01,2014-12,12,0.01979004205119151,0.11210080222064656,-0.3282111947227086,3.2477771321556492,ff12,ew
year,2015-01,2015-12,12,-0.10110834141547126,0.12369796914543696,0.18092222926409132,3.262636309715079,ff12,ew
year,2016-01,2016-12,12,0.2222508059994466,0.16499432832357275,0.5463011789623143,3.6850457847285747,ff12,ew
decade,1926-07,1936-12,126,2.2520941381859547,1.657128074546555,1.661900903005208,8.28030364267497,ff12,ew
decade,1937-01,1946-12,120,1.9502074132796272,1.1494379334640066,1.3113210668146977,6.198954107213823,ff12,ew
decade,1947-01,1956-12,120,3.0265055648338555,0.8684109304560695,0.7113146533222298,3.9262943057715156,ff12,ew
decade,1957-01,1966-12,120,2.579862783388744,0.8203320856910674,0.7564088381256283,4.063652812231303,ff12,ew
decade,1967-01,1976-12,120,1.6848926750422457,0.7796544382634967,0.9268040471342437,4.587952408311025,ff12,ew
decade,1977-01,1986-12,120,5.690132296678167,1.8970808741215779,0.8615770863110489,4.377235301180615,ff12,ew
decade,1987-01,1996-12,120,2.6279433755014527,1.0418730172961945,0.9648677277463273,4.746178151409834,ff12,ew
decade,1997-01,2006-12,120,2.7528944391670778,1.8496713899785648,1.662616200165269,8.341541592797846,ff12,ew
decade,2007-01,2016-12,120,1.0025406867755082,0.7477119642639874,1.1656476501067852,5.555533189072677,ff12,ew
full,1926-07,2016-12,1086,67728.85972548448,92619.67598049462,6.752437994238345,143.0936258116007,ff12,ew
rolling120,1926-07,1936-06,120,1.5174813327216627,1.2653523871108663,1.635318439047933,8.101559308363727,ff12,ew
rolling120,1926-08,1936-07,120,1.6717532499266903,1.3436359985599176,1.6362519037205814,8.107635302855362,ff12,ew
rolling120,1926-09,1936-08,120,1.6318575760781306,1.322270370123465,1.6343616314329086,8.095073032491076,ff12,ew
rolling120,1926-10,1936-09,120,1.7184988386638729,1.3658306838243,1.634454690322489,8.095737966949372,ff12,ew
rolling120,1926-11,1936-10,120,1.9883472353363447,1.4983655740732496,1.6306729860349014,8.070754999021313,ff12,ew
rolling120,1926-12,1936-11,120,2.125342155794286,1.5706888257754286,1.6343488331154834,8.094561865720273,ff12,ew
rolling120,1927-01,1936-12,120,2.0880529214961623,1.5608207736137176,1.6462967112393483,8.175298739284212,ff12,ew
rolling120,1927-02,1937-01,120,2.279769391358914,1.6575510544842882,1.6455389018316031,8.169700719704965,ff12,ew
rolling120,1927-03,1937-02,120,2.1300562573922646,1.5853754960492303,1.650069514864721,8.20035692216466,ff12,ew
rolling120,1927-04,1937-03,120,2.138744824380168,1.5929681611583988,1.6547074013777794,8.232157619378935,ff12,ew
rolling120,1927-05,1937-04,120,1.8118454868000602,1.4270349226113654,1.6547984294612592,8.23287614392601,ff12,ew
rolling120,1927-06,1937-05,120,1.6012856241532258,1.3201012290595011,1.6546924650669628,8.23216981825696,ff12,ew
rolling120,1927-07,1937-06,120,1.4368006492410887,1.2364320388419048,1.6538454362189194,8.225970386149195,ff12,ew
rolling120,1927-08,1937-07,120,1.542696696131416,1.2943945656373204,1.6619802049349015,8.28320018119198,ff12,ew
rolling120,1927-09,1937-08,120,1.3853937755239332,1.214376059494969,1.6618176143193313,8.28186475868613,ff12,ew
rolling120,1927-10,1937-09,120,0.8915910201156325,0.9657373092229216,1.6677334095962055,8.322283068062506,ff12,ew
rolling120,1927-11,1937-10,120,0.7726146810117624,0.9055923252696458,1.6684639612131085,8.326563176384006,ff12,ew
rolling120,1927-12,1937-11,120,0.46542232401442907,0.7504816448084735,1.674381910483686,8.368428582843157,ff12,ew
rolling120,1928-01,1937-12,120,0.2757248291812789,0.6546698706102044,1.6773318820961909,8.387548428902411,ff12,ew
rolling120,1928-02,1938-01,120,0.28582004635887615,0.6610724609903296,1.6795790740085803,8.401999811700234,ff12,ew
rolling120,1928-03,1938-02,120,0.3896549656134673,0.7150168442492161,1.6811712948041022,8.412982505558821,ff12,ew
rolling120,1928-04,1938-03,120,-0.05566133770799288,0.48917475782108744,1.6955205436659309,8.512974839239526,ff12,ew
rolling120,1928-05,1938-04,120,0.04294591424564728,0.5366393718206396,1.6775783906826702,8.383258470101847,ff12,ew
rolling120,1928-06,1938-05,120,-0.05787909833094552,0.4850172544075593,1.6790553609714396,8.393824413200498,ff12,ew
rolling120,1928-07,1938-06,120,0.29304189671270686,0.6690954620355826,1.6886936335659541,8.459378903086318,ff12,ew
rolling120,1928-08,1938-07,120,0.4285552368127914,0.7419476778359327,1.6954980538719546,8.505936071518004,ff12,ew
rolling120,1928-09,1938-08,120,0.2652365821033354,0.6572740070870734,1.6959418742796388,8.508988143925645,ff12,ew
rolling120,1928-10,1938-09,120,0.19699892183190093,0.6211097846990833,1.6937070979028328,8.493570822369861,ff12,ew
rolling120,1928-11,1938-10,120,0.3342166837896988,0.69634580873535,1.7058726582639459,8.579295945205182,ff12,ew
rolling120,1928-12,1938-11,120,0.15158766435409543,0.6010368845503574,1.705871219145984,8.57921454774706,ff12,ew
rolling120,1929-01,1938-12,120,0.18067015369230435,0.6158634432137144,1.7051366134960815,8.574485429382669,ff12,ew
rolling120,1929-02,1939-01,120,0.047888682361540945,0.5440595098129362,1.6968755453986426,8.51796793665166,ff12,ew
rolling120,1929-03,1939-02,120,0.08522739428596006,0.5632062709610733,1.6959521661828572,8.511492639756131,ff12,ew
rolling120,1929-04,1939-03,120,-0.06978943748485188,0.4835602153990263,1.6978787159383482,8.523062240960611,ff12,ew
rolling120,1929-05,1939-04,120,-0.0816015140625947,0.47721337972408495,1.6971097268208872,8.517822456916514,ff12,ew
rolling120,1929-06,1939-05,120,0.08224084209115523,0.5607193335121903,1.6907633811913314,8.472956949403374,ff12,ew
rolling120,1929-07,1939-06,120,-0.08813304111507553,0.4705304268746602,1.680733138089945,8.401759483139143,ff12,ew
rolling120,1929-08,1939-07,120,-0.0006257942124854065,0.5159833900994467,1.6813312724247356,8.40522594505697,ff12,ew
rolling120,1929-09,1939-08,120,-0.12907695689811757,0.4493264264061756,1.6798441551460783,8.394990240478853,ff12,ew
rolling120,1929-10,1939-09,120,0.18858498910536908,0.644383784640861,1.7924695015632215,9.179306354594951,ff12,ew
rolling120,1929-11,1939-10,120,0.5109419825849988,0.8113278267617273,1.7743403162390416,9.04881550114718,ff12,ew
rolling120,1929-12,1939-11,120,0.6041148104640601,0.8609949662652386,1.7737709237927757,9.044778979890443,ff12,ew
rolling120,1930-01,1939-12,120,0.6313263827573787,0.8727749782775029,1.7668520139535675,8.993835215871323,ff12,ew
rolling120,1930-02,1940-01,120,0.47864466549840906,0.7890639286268329,1.7614056772050224,8.953879707327513,ff12,ew
rolling120,1930-03,1940-02,120,0.45207333918330606,0.7736739518601727,1.7586167277816471,8.933974681547307,ff12,ew
rolling120,1930-04,1940-03,120,0.3660438397549088,0.7241294190000728,1.746241239815272,8.841811072265592,ff12,ew
rolling120,1930-05,1940-04,120,0.421891110234632,0.7509429689459488,1.7391148471450706,8.791167779334424,ff12,ew
rolling120,1930-06,1940-05,120,0.08850392853147951,0.5753261459472191,1.7408365094673286,8.80365870238416,ff12,ew
rolling120,1930-07,1940-06,120,0.43865668587050255,0.7614370304406944,1.7538787074290523,8.912303917276912,ff12,ew
rolling120,1930-08,1940-07,120,0.41396638438246025,0.7481162234902787,1.7529843573377417,8.905603893330994,ff12,ew
rolling120,1930-09,1940-08,120,0.4490433034466974,0.7665435682034466,1.7528334518389974,8.904712106462348,ff12,ew
rolling120,1930-10,1940-09,120,0.7481505020045507,0.918756870409414,1.7391087684202386,8.805532862012729,ff12,ew
rolling120,1930-11,1940-10,120,1.0282347520830029,1.063010158991962,1.7332615227245305,8.76348822928465,ff12,ew
rolling120,1930-12,1940-11,120,1.0555524492965098,1.0813076928699037,1.7352698182354143,8.77450204426872,ff12,ew
rolling120,1931-01,1940-12,120,1.3013457994405724,1.203969628095177,1.7231542535687259,8.687023579466922,ff12,ew
rolling120,1931-02,1941-01,120,1.0329041453684353,1.0632613380740774,1.7241527320560248,8.696042953500253,ff12,ew
rolling120,1931-03,1941-02,120,0.7243596061204913,0.8987189225630994,1.7176231423859296,8.65020030372942,ff12,ew
rolling120,1931-04,1941-03,120,0.8515503902792823,0.961177999327756,1.7094830758099355,8.593160318420841,ff12,ew
rolling120,1931-05,1941-04,120,1.0235406744517483,1.049428277543644,1.7074469719590792,8.57896212511347,ff12,ew
rolling120,1931-06,1941-05,120,1.3601006823629174,1.2215981150134128,1.7036558182442132,8.552603984346572,ff12,ew
rolling120,1931-07,1941-06,120,1.1450276306676663,1.1061764699494578,1.697002997007072,8.506936285159265,ff12,ew
rolling120,1931-08,1941-07,120,1.567070064768839,1.322411817091261,1.6950179913929027,8.49330917642924,ff12,ew
rolling120,1931-09,1941-08,120,1.573833530204345,1.3227622556871674,1.6895280246951387,8.454058634743463,ff12,ew
rolling120,1931-10,1941-09,120,2.6836659592005927,1.8675987321923029,1.6574044872694234,8.227371499062246,ff12,ew
rolling120,1931-11,1941-10,120,2.1132658113484757,1.5751071043808151,1.6539394190452263,8.20455332202632,ff12,ew
rolling120,1931-12,1941-11,120,2.295326136336148,1.6652671036017013,1.6505403467574655,8.180563087946245,ff12,ew
rolling120,1932-01,1941-12,120,2.636189953857022,1.832103979897777,1.6448646936491214,8.142759716962768,ff12,ew
rolling120,1932-02,1942-01,120,2.8501388925152185,1.975903226557009,1.6946056178343318,8.49946150950396,ff12,ew
rolling120,1932-03,1942-02,120,2.6420494115020934,1.8677551117604556,1.6930846786010616,8.48877731797574,ff12,ew
rolling120,1932-04,1942-03,120,2.9180918534023803,2.0034888508204762,1.6863769584120356,8.44156362637949,ff12,ew
rolling120,1932-05,1942-04,120,3.6003059523422225,2.342423519429976,1.6784690091867775,8.387398531036617,ff12,ew
rolling120,1932-06,1942-05,120,5.086270399301419,3.072189296349942,1.6608707167590466,8.266274637671124,ff12,ew
rolling120,1932-07,1942-06,120,5.094084215428192,3.0616346409623225,1.6548432555475312,8.227168080206278,ff12,ew
rolling120,1932-08,1942-07,120,3.5178193302564793,2.24275980451923,1.6330195676563863,8.08284379097918,ff12,ew
rolling120,1932-09,1942-08,120,1.8938619178336138,1.4087880151292218,1.6051745263669066,7.90886900532033,ff12,ew
rolling120,1932-10,1942-09,120,2.203879594471715,1.5563891491271369,1.600718215878101,7.879330314072647,ff12,ew
rolling120,1932-11,1942-10,120,3.2311498329670343,2.054981709256835,1.601593733848371,7.886291566223082,ff12,ew
rolling120,1932-12,1942-11,120,3.503379534772786,2.1888996058181664,1.602982104513335,7.895288096335786,ff12,ew
rolling120,1933-01,1942-12,120,3.803957511160961,2.332108070644433,1.6006783663485515,7.880273721634085,ff12,ew
rolling120,1933-02,1943-01,120,4.516815198691421,2.710125499002561,1.6276835563661878,8.06089898388935,ff12,ew
rolling120,1933-03,1943-02,120,6.4116831813935855,3.6430773514207533,1.6338981263927856,8.107038725437757,ff12,ew
rolling120,1933-04,1943-03,120,6.724672225398438,3.741724256311231,1.6188308692240554,8.010905305516985,ff12,ew
rolling120,1933-05,1943-04,120,4.56154285507172,2.655577507899533,1.5970192381166084,7.871400430875482,ff12,ew
rolling120,1933-06,1943-05,120,2.968040872723179,1.842277237886779,1.5648272901843332,7.672647978680192,ff12,ew
rolling120,1933-07,1943-06,120,2.3430947712314216,1.5443992800006672,1.5571732265106644,7.6241543662560325,ff12,ew
rolling120,1933-08,1943-07,120,2.497956150872041,1.6020297454196526,1.5417137614065082,7.526640585633202,ff12,ew
rolling120,1933-09,1943-08,120,2.172284280265819,1.4454702342477272,1.5349345674607027,7.4852919919672445,ff12,ew
rolling120,1933-10,1943-09,120,2.849743225844111,1.7416227339773387,1.524776378284341,7.423187675835279,ff12,ew
rolling120,1933-11,1943-10,120,3.281221251481571,1.9346776189703663,1.5231849861481253,7.413493000416213,ff12,ew
rolling120,1933-12,1943-11,120,2.682947552667584,1.6620159932325158,1.5213834346241248,7.402621382045529,ff12,ew
rolling120,1934-01,1943-12,120,3.0134194904464824,1.7975901535043768,1.5120704209938574,7.346584765877743,ff12,ew
rolling120,1934-02,1944-01,120,2.1919220098756953,1.4169619841935794,1.5026221453047752,7.290629577135813,ff12,ew
rolling120,1934-03,1944-02,120,2.223494886696678,1.4271646987690834,1.498403100798539,7.264891787772757,ff12,ew
rolling120,1934-04,1944-03,120,2.3547863960647266,1.4836824632652628,1.4966981313914598,7.254525181580991,ff12,ew
rolling120,1934-05,1944-04,120,2.2800957100484425,1.4465658777295387,1.4931711729999009,7.233504454583167,ff12,ew
rolling120,1934-06,1944-05,120,2.8798588922568755,1.7100119840989185,1.492574072441175,7.2301084913725155,ff12,ew
rolling120,1934-07,1944-06,120,3.2371184683496406,1.8739809456534853,1.5000671834535992,7.277062450084596,ff12,ew
rolling120,1934-08,1944-07,120,4.049567467966016,2.216876240256737,1.4898704957195816,7.2161785815217225,ff12,ew
rolling120,1934-09,1944-08,120,3.819208401476951,2.112015610371907,1.488232094890816,7.206796561743552,ff12,ew
rolling120,1934-10,1944-09,120,3.8389154724096697,2.1191084610259723,1.486906177500702,7.198649300424293,ff12,ew
rolling120,1934-11,1944-10,120,3.9235229437624835,2.149521379356166,1.482595943906293,7.172890935053191,ff12,ew
rolling120,1934-12,1944-11,120,3.5118684165843215,1.941299383204577,1.4611939798216866,7.046802597328767,ff12,ew
rolling120,1935-01,1944-12,120,3.7581843324691118,2.0450323403991897,1.4617316212042295,7.050569517341037,ff12,ew
rolling120,1935-02,1945-01,120,4.156825009261751,2.2152268868826535,1.46133845600985,7.04839244609783,ff12,ew
rolling120,1935-03,1945-02,120,4.904802088645781,2.5224558978553717,1.456129479021775,7.0186076759435805,ff12,ew
rolling120,1935-04,1945-03,120,4.883675691356154,2.486643025469417,1.4327449902405467,6.875735261283149,ff12,ew
rolling120,1935-05,1945-04,120,4.8515584818342505,2.4695221272397725,1.431293934811247,6.86759830371481,ff12,ew
rolling120,1935-06,1945-05,120,4.797425722267053,2.4172031665574085,1.4056598465801686,6.714933718361138,ff12,ew
rolling120,1935-07,1945-06,120,4.696634189645482,2.378429244441921,1.4071415185720006,6.723045526172878,ff12,ew
rolling120,1935-08,1945-07,120,3.9963480480485467,2.0719669492927415,1.3988555515503558,6.67719681103148,ff12,ew
rolling120,1935-09,1945-08,120,3.910045354302903,2.022826159131743,1.3880815904451909,6.616593944990217,ff12,ew
rolling120,1935-10,1945-09,120,4.112480433123122,2.089996198503267,1.3779393068058732,6.560356641563673,ff12,ew
rolling120,1935-11,1945-10,120,3.9181454806903977,2.0025802169435276,1.3726624119466682,6.531311932028106,ff12,ew
rolling120,1935-12,1945-11,120,3.8421590198948747,1.9359632866284673,1.3411913376760518,6.355976278998634,ff12,ew
rolling120,1936-01,1945-12,120,3.675294282426722,1.8640244361048819,1.3378260331829186,6.338099930381534,ff12,ew
rolling120,1936-02,1946-01,120,3.4382088049008797,1.7527366004272344,1.3240365891081225,6.265471229169235,ff12,ew
rolling120,1936-03,1946-02,120,3.0190519971800196,1.5782827627309057,1.3196846893552414,6.242724714862048,ff12,ew
rolling120,1936-04,1946-03,120,3.224754250123177,1.6625923986627178,1.3233493369917888,6.2624177524271785,ff12,ew
rolling120,1936-05,1946-04,120,4.05703859893009,1.9949399479603886,1.3270491402844888,6.282190581240966,ff12,ew
rolling120,1936-06,1946-05,120,4.043755030232352,1.9866313339324044,1.3253916476517127,6.273474572103705,ff12,ew
rolling120,1936-07,1946-06,120,3.7626282480223336,1.876103393842522,1.3255168914851296,6.274133444203797,ff12,ew
rolling120,1936-08,1946-07,120,3.243043357226081,1.6698721217447554,1.3247290845673028,6.270085881045394,ff12,ew
rolling120,1936-09,1946-08,120,2.8981790450992553,1.5345884385104664,1.3250457493654868,6.271747246019574,ff12,ew
rolling120,1936-10,1946-09,120,2.294206048994284,1.2995969388147393,1.327333995561072,6.28377225477297,ff12,ew
rolling120,1936-11,1946-10,120,2.0581120890647115,1.206803005052441,1.3276834831182756,6.285624247873493,ff12,ew
rolling120,1936-12,1946-11,120,1.835513635941818,1.1134245699605558,1.3227082007746302,6.259393372784717,ff12,ew
rolling120,1937-01,1946-12,120,1.9502074132796272,1.1494379334640066,1.3113210668146977,6.198954107213823,ff12,ew
rolling120,1937-02,1947-01,120,1.835338872190416,1.1049830222471992,1.3124989921741053,6.205392700968515,ff12,ew
rolling120,1937-03,1947-02,120,1.7790221246854676,1.0794176214586162,1.3078765918552797,6.1811018151448565,ff12,ew
rolling120,1937-04,1947-03,120,1.7329357167606885,1.0562671288543424,1.3018009511603974,6.149625398922334,ff12,ew
rolling120,1937-05,1947-04,120,1.783949446179348,1.076211963095382,1.3022350793181068,6.15196435404167,ff12,ew
rolling120,1937-06,1947-05,120,1.7520185707181732,1.0625304820663375,1.3008110563312212,6.144604052870444,ff12,ew
rolling120,1937-07,1947-06,120,2.150709804556044,1.2156520829986375,1.3007872252986696,6.144593521808083,ff12,ew
rolling120,1937-08,1947-07,120,2.019158346827759,1.1586683600020982,1.2913958434852986,6.094448013629129,ff12,ew
rolling120,1937-09,1947-08,120,2.1219861206182284,1.196374915609886,1.2900753156416656,6.087715394452717,ff12,ew
rolling120,1937-10,1947-09,120,2.7923617203066886,1.4449562044198905,1.2826641944659163,6.049734627706939,ff12,ew
rolling120,1937-11,1947-10,120,3.289837049967935,1.6298500360413675,1.279220669546092,6.032192725666967,ff12,ew
rolling120,1937-12,1947-11,120,3.6038546171579826,1.7404487632516972,1.2709014617518393,5.988797832078489,ff12,ew
rolling120,1938-01,1947-12,120,4.2461346820398465,1.9796886388994013,1.2725965335384588,5.998733674853717,ff12,ew
rolling120,1938-02,1948-01,120,3.986711135859493,1.8753264828527627,1.2715554620473004,5.993108129835977,ff12,ew
rolling120,1938-03,1948-02,120,3.4427783783836965,1.6690028298006232,1.2702889258408814,5.986667493299058,ff12,ew
rolling120,1938-04,1948-03,120,5.656259020551174,2.4656056162335798,1.2518901070928725,5.893762259630399,ff12,ew
rolling120,1938-05,1948-04,120,4.807100323689767,2.1536824476384133,1.2551454837650184,5.9108892132517346,ff12,ew
rolling120,1938-06,1948-05,120,5.710862500845757,2.4762607551007525,1.2494754841895503,5.882513042614136,ff12,ew
rolling120,1938-07,1948-06,120,4.198121212658506,1.8970011342383537,1.2392763534000246,5.832502109127373,ff12,ew
rolling120,1938-08,1948-07,120,3.4113931041114434,1.5999877699669387,1.233971648369998,5.806336477512205,ff12,ew
rolling120,1938-09,1948-08,120,3.6726099859532377,1.689901439311964,1.231219931611077,5.7928182924913285,ff12,ew
rolling120,1938-10,1948-09,120,3.529994801184273,1.63881306542685,1.2315094232033894,5.794241372379735,ff12,ew
rolling120,1938-11,1948-10,120,3.2081271871671637,1.5029935099387541,1.217299787745238,5.723341101738689,ff12,ew
rolling120,1938-12,1948-11,120,2.912387115531716,1.3941234423201458,1.2154596372671962,5.71438057156131,ff12,ew
rolling120,1939-01,1948-12,120,2.904255243546872,1.3910593669177715,1.215306788050336,5.713650951582355,ff12,ew
rolling120,1939-02,1949-01,120,3.2493310336105736,1.512008288886615,1.2133679118337697,5.704252931472258,ff12,ew
rolling120,1939-03,1949-02,120,2.9023303201160457,1.389265362897616,1.2138132997488003,5.706392775906807,ff12,ew
rolling120,1939-04,1949-03,120,3.878966300264845,1.7096107527925029,1.1983469560665085,5.633097735458665,ff12,ew
rolling120,1939-05,1949-04,120,3.7181381740230934,1.6573920338373052,1.2003058383575544,5.642467492562907,ff12,ew
rolling120,1939-06,1949-05,120,3.1660920668873382,1.4620061530598798,1.1990297124698543,5.636290128025362,ff12,ew
rolling120,1939-07,1949-06,120,3.5097047735928317,1.5773477734416665,1.1959711348146276,5.6217450702431275,ff12,ew
rolling120,1939-08,1949-07,120,3.226047178583361,1.4705237888094733,1.1918836512051696,5.602303879065082,ff12,ew
rolling120,1939-09,1949-08,120,3.8096765487947692,1.6707868989209456,1.1904513476293626,5.595484290669626,ff12,ew
rolling120,1939-10,1949-09,120,2.8555493138305206,1.1996076696978464,1.0688675927131208,5.154385980570054,ff12,ew
rolling120,1939-11,1949-10,120,3.0154810655662567,1.243070421022626,1.0645047982491282,5.136997736860802,ff12,ew
rolling120,1939-12,1949-11,120,3.3336440822178384,1.3302457954628921,1.0594179238185661,5.117008655952694,ff12,ew
rolling120,1940-01,1949-12,120,3.59443655399339,1.41212084621048,1.060260005646689,5.1204344477811246,ff12,ew
rolling120,1940-02,1950-01,120,3.8335460011750175,1.4876299005171458,1.062092501647273,5.127956589446032,ff12,ew
rolling120,1940-03,1950-02,120,3.806633731113365,1.4785492542303014,1.0618801380180551,5.127128604710768,ff12,ew
rolling120,1940-04,1950-03,120,3.6776861102046814,1.442976421091044,1.0653705363807777,5.14140766666085,ff12,ew
rolling120,1940-05,1950-04,120,3.931069515885274,1.533166844864076,1.0745815131400294,5.179276776807341,ff12,ew
rolling120,1940-06,1950-05,120,5.852911408037969,2.131585142826425,1.0749795134975841,5.181047702722804,ff12,ew
rolling120,1940-07,1950-06,120,4.821076207870135,1.7729167623380906,1.0312282166048505,4.9907670835783895,ff12,ew
rolling120,1940-08,1950-07,120,4.789111441781724,1.7857615708365657,1.0436823845850531,5.038043852819985,ff12,ew
rolling120,1940-09,1950-08,120,5.007586360914085,1.8517760305806668,1.0432708255227539,5.036488503907677,ff12,ew
rolling120,1940-10,1950-09,120,5.133534920247594,1.8863717143586352,1.041752836338073,5.03058991089033,ff12,ew
rolling120,1940-11,1950-10,120,4.821581557897755,1.7818885418328267,1.037908461336135,5.015782873528619,ff12,ew
rolling120,1940-12,1950-11,120,5.053929039318666,1.8318422691150036,1.0450535304452404,5.037975818152734,ff12,ew
rolling120,1941-01,1950-12,120,5.601240629825961,2.007270561566815,1.050218231967683,5.058905762447661,ff12,ew
rolling120,1941-02,1951-01,120,6.070807787944268,2.131324440123831,1.040275823027604,5.018319715647267,ff12,ew
rolling120,1941-03,1951-02,120,6.322253704501161,2.206253114774994,1.039983685399883,5.017162549327575,ff12,ew
rolling120,1941-04,1951-03,120,6.071512752868152,2.1217874859721335,1.0392787643977894,5.014032278548518,ff12,ew
rolling120,1941-05,1951-04,120,6.839300994707126,2.344523015968074,1.037204819221075,5.005488808520399,ff12,ew
rolling120,1941-06,1951-05,120,6.597717370807664,2.266937159427801,1.0353726074313039,4.99810854366149,ff12,ew
rolling120,1941-07,1951-06,120,5.900349564118907,2.061310930828116,1.0364679889587867,5.00234512868331,ff12,ew
rolling120,1941-08,1951-07,120,5.533468378380812,1.950901690928554,1.036006006430168,5.00037792309404,ff12,ew
rolling120,1941-09,1951-08,120,5.871956804089289,2.0531057593425857,1.0358830427435888,4.999904550365397,ff12,ew
rolling120,1941-10,1951-09,120,6.110300651806318,2.121135493420247,1.0347281788345666,4.995336386786349,ff12,ew
rolling120,1941-11,1951-10,120,6.375028409115904,2.189767419375591,1.0322681565786336,4.985278993226832,ff12,ew
rolling120,1941-12,1951-11,120,6.768238043811023,2.296932301875362,1.032082729966233,4.984267788058523,ff12,ew
rolling120,1942-01,1951-12,120,7.660734613173682,2.545157231574506,1.0286714082186885,4.971111208550856,ff12,ew
rolling120,1942-02,1952-01,120,6.863541465175494,2.1621624497015692,0.9275135431093329,4.581324480207475,ff12,ew
rolling120,1942-03,1952-02,120,6.925974043142038,2.1748120466964496,0.9266006164351264,4.578114771204689,ff12,ew
rolling120,1942-04,1952-03,120,7.592606282876696,2.3417825251413418,0.9225916357263948,4.564071392737183,ff12,ew
rolling120,1942-05,1952-04,120,7.551012925202915,2.329801428142266,0.9216252123705068,4.56059971694121,ff12,ew
rolling120,1942-06,1952-05,120,7.368113039523086,2.2642897147407206,0.9157539689998194,4.540050914664042,ff12,ew
rolling120,1942-07,1952-06,120,7.376873257188986,2.265012483146535,0.9153081222526464,4.538509846657391,ff12,ew
rolling120,1942-08,1952-07,120,7.104294533688165,2.1893803704853325,0.9147925846324653,4.5367026072794445,ff12,ew
rolling120,1942-09,1952-08,120,6.900610564472525,2.132330216148817,0.913925613211431,4.533662449751798,ff12,ew
rolling120,1942-10,1952-09,120,6.433134731535321,2.0011006634553627,0.9115915056279396,4.5255855716884135,ff12,ew
rolling120,1942-11,1952-10,120,5.627260481479963,1.7604576978459392,0.8978677931525166,4.477400848431694,ff12,ew
rolling120,1942-12,1952-11,120,6.0167306589967815,1.8522701978854474,0.8940342984872115,4.464635138053037,ff12,ew
rolling120,1943-01,1952-12,120,5.870425122585741,1.8080364640191107,0.8916415534989023,4.456482792010893,ff12,ew
rolling120,1943-02,1953-01,120,4.960031980938319,1.5017128207640191,0.8392208806056679,4.293517460397603,ff12,ew
rolling120,1943-03,1953-02,120,4.3556196054905785,1.306051730595076,0.7966133506010917,4.162811200977283,ff12,ew
rolling120,1943-04,1953-03,120,3.8167994179842823,1.1652067465390408,0.7938450925053683,4.155219198165911,ff12,ew
rolling120,1943-05,1953-04,120,3.502761088783968,1.0853873723766503,0.7932013073117442,4.15415207391386,ff12,ew
rolling120,1943-06,1953-05,120,3.145474429973647,0.9919051106125579,0.7856103044038029,4.131012983554232,ff12,ew
rolling120,1943-07,1953-06,120,2.9749201433502894,0.9480378781964853,0.7841114738545764,4.126811851835995,ff12,ew
rolling120,1943-08,1953-07,120,3.2967959424033992,1.0167757086970206,0.7795105600692873,4.113947460481497,ff12,ew
rolling120,1943-09,1953-08,120,3.096353658819514,0.9741934199845989,0.7824800222599113,4.122265433247104,ff12,ew
rolling120,1943-10,1953-09,120,2.9194257776517687,0.9339503889168242,0.7839721484172714,4.126593226560753,ff12,ew
rolling120,1943-11,1953-10,120,3.065809987894725,0.9668951872140645,0.7817132781196998,4.119807257035868,ff12,ew
rolling120,1943-12,1953-11,120,3.550569679053126,1.0780227741468205,0.7797269384657505,4.114359721982196,ff12,ew
rolling120,1944-01,1953-12,120,3.1051151168848268,0.9707044794408008,0.7781822525170481,4.109814005808362,ff12,ew
rolling120,1944-02,1954-01,120,3.20145248039878,0.9949566379938641,0.7785922238626457,4.1109399040516825,ff12,ew
rolling120,1944-03,1954-02,120,3.2335132473835806,1.0008804984393804,0.7778639504205109,4.108952528085817,ff12,ew
rolling120,1944-04,1954-03,120,3.1582713987056863,0.9826087787370267,0.7775968255107101,4.108205011130687,ff12,ew
rolling120,1944-05,1954-04,120,3.3571579487962726,1.0315994751398427,0.7785430584105832,4.11085245085068,ff12,ew
rolling120,1944-06,1954-05,120,3.2598186046377116,1.005239724569606,0.7762645609104254,4.104222502681996,ff12,ew
rolling120,1944-07,1954-06,120,2.914614503775661,0.9088266106359462,0.7563168956545544,4.044114545366981,ff12,ew
rolling120,1944-08,1954-07,120,3.2471840505293432,0.9868202612436123,0.7563132690460301,4.044064999129604,ff12,ew
rolling120,1944-09,1954-08,120,3.0944922221078057,0.9472076008851585,0.7531696524013736,4.0352849773956,ff12,ew
rolling120,1944-10,1954-09,120,3.2999033631980046,0.9943741058680787,0.7530704762076595,4.035031346226511,ff12,ew
rolling120,1944-11,1954-10,120,3.268727245207936,0.9875597442397129,0.7531416296970627,4.0351586549084235,ff12,ew
rolling120,1944-12,1954-11,120,3.596392835532428,1.065846798832543,0.7542214072951362,4.037957372281438,ff12,ew
rolling120,1945-01,1954-12,120,3.6934688134124896,1.0842732163537887,0.7500741241290388,4.0263199403751075,ff12,ew
rolling120,1945-02,1955-01,120,3.541017093142429,1.0483930536650248,0.7490123331146623,4.02324596536486,ff12,ew
rolling120,1945-03,1955-02,120,3.36403892190199,1.0051068112716717,0.7479904487592204,4.020615111708334,ff12,ew
rolling120,1945-04,1955-03,120,3.64590403714116,1.0712330426057681,0.7491975791978488,4.024060707471358,ff12,ew
rolling120,1945-05,1955-04,120,3.3784230464011564,1.0077278660261986,0.7476960425110614,4.019894150443981,ff12,ew
rolling120,1945-06,1955-05,120,3.2985751133746612,0.9872059839781269,0.7465294932735697,4.016758256946932,ff12,ew
rolling120,1945-07,1955-06,120,3.296279887720104,0.9800419506345378,0.7411173229201669,4.002255974452168,ff12,ew
rolling120,1945-08,1955-07,120,3.4612933891975874,1.017542696073441,0.7404959952452749,4.000328381071234,ff12,ew
rolling120,1945-09,1955-08,120,3.19517218530967,0.9510224518498103,0.7375760623355625,3.9930219910003926,ff12,ew
rolling120,1945-10,1955-09,120,2.9098744895875592,0.8863399042718312,0.7378147311588527,3.993738049638334,ff12,ew
rolling120,1945-11,1955-10,120,2.606335816036863,0.813114893226449,0.7356071120760103,3.9882190191768054,ff12,ew
rolling120,1945-12,1955-11,120,2.4714716276432362,0.7828599497839687,0.7351010190064732,3.986740172640337,ff12,ew
rolling120,1946-01,1955-12,120,2.472940567293143,0.7827524732248423,0.7355233742062368,3.9881332239054843,ff12,ew
rolling120,1946-02,1956-01,120,2.137930223181264,0.7026122778061064,0.7333484868901837,3.9825561824826967,ff12,ew
rolling120,1946-03,1956-02,120,2.457284275995544,0.7742808992479537,0.7331578459933643,3.981995319059555,ff12,ew
rolling120,1946-04,1956-03,120,2.4323217387450877,0.7594709680525145,0.7210310165947681,3.9493156563121024,ff12,ew
rolling120,1946-05,1956-04,120,2.257692890066124,0.711844795158848,0.7108659536521542,3.9225647187612274,ff12,ew
rolling120,1946-06,1956-05,120,1.9778197026996618,0.6496069894444464,0.7106193725076327,3.9220034632188785,ff12,ew
rolling120,1946-07,1956-06,120,2.1960494528983827,0.6960731280153976,0.7097659499645176,3.9198329676752564,ff12,ew
rolling120,1946-08,1956-07,120,2.45487594558161,0.751529278235734,0.7086765208129086,3.9169667529858945,ff12,ew
rolling120,1946-09,1956-08,120,2.6466363149318073,0.7910842234062528,0.7072818062798854,3.9134565006698816,ff12,ew
rolling120,1946-10,1956-09,120,3.03115615576694,0.8658761498538374,0.7027750827369571,3.9019973543594157,ff12,ew
rolling120,1946-11,1956-10,120,3.1017829728780217,0.879624402093148,0.7011812596421275,3.8979231048089775,ff12,ew
rolling120,1946-12,1956-11,120,3.144286717022447,0.8942432740638611,0.7099334759880992,3.922683382742712,ff12,ew
rolling120,1947-01,1956-12,120,3.0265055648338555,0.8684109304560695,0.7113146533222298,3.9262943057715156,ff12,ew
rolling120,1947-02,1957-01,120,2.938269122865895,0.8446051531279357,0.706465409563453,3.91315211591898,ff12,ew
rolling120,1947-03,1957-02,120,2.922267352188486,0.8396873922528978,0.7064586704565103,3.913183024628195,ff12,ew
rolling120,1947-04,1957-03,120,3.154927398859389,0.8888009925377116,0.7059148690070823,3.911716554744028,ff12,ew
rolling120,1947-05,1957-04,120,3.637433163888362,0.9881021671761715,0.7026493154783608,3.9031073652034283,ff12,ew
rolling120,1947-06,1957-05,120,3.941297433875091,1.0545871877929112,0.7043403967010378,3.9075663470874065,ff12,ew
rolling120,1947-07,1957-06,120,3.627070294420858,0.9900244419634777,0.7052776983281945,3.9098996044307253,ff12,ew
rolling120,1947-08,1957-07,120,3.4054214444782973,0.9401094001984712,0.7041836288476198,3.907147959334229,ff12,ew
rolling120,1947-09,1957-08,120,3.294460540616404,0.9182478594255856,0.7052736900484293,3.909848134079601,ff12,ew
rolling120,1947-10,1957-09,120,3.097440313080993,0.8777428071904081,0.7068288435666868,3.9137457829030007,ff12,ew
rolling120,1947-11,1957-10,120,2.7215046807449865,0.7997271368270927,0.7109552160551748,3.9246007882268654,ff12,ew
rolling120,1947-12,1957-11,120,2.9631570718508096,0.8529913701582974,0.7134229858038339,3.930829180940506,ff12,ew
rolling120,1948-01,1957-12,120,2.7052692475977875,0.7992092970927155,0.7076421864007049,3.9120940017564956,ff12,ew
rolling120,1948-02,1958-01,120,3.1369605488262486,0.8939299473790826,0.7058015540519901,3.90739465366823,ff12,ew
rolling120,1948-03,1958-02,120,3.3395204908675513,0.9423822178798164,0.7091690531663786,3.916146421647104,ff12,ew
rolling120,1948-04,1958-03,120,3.1359928881412165,0.8997916651848925,0.7122707688575167,3.92475401924961,ff12,ew
rolling120,1948-05,1958-04,120,3.1229840188822413,0.8927231337883349,0.703626812200747,3.8994612769248467,ff12,ew
rolling120,1948-06,1958-05,120,2.926072152758987,0.8472166107955071,0.7007501405533831,3.891893332778229,ff12,ew
rolling120,1948-07,1958-06,120,3.0778126606038754,0.8782626307172947,0.6994483677199587,3.8885755651324407,ff12,ew
rolling120,1948-08,1958-07,120,3.5305180027043344,0.9771357554184356,0.7003375153362059,3.8907918189146247,ff12,ew
rolling120,1948-09,1958-08,120,3.719049096671637,1.0214703034116597,0.7019732632446907,3.894951124795515,ff12,ew
rolling120,1948-10,1958-09,120,4.193888360104519,1.1292108835010952,0.7050891145901734,3.903164025564845,ff12,ew
rolling120,1948-11,1958-10,120,4.076601183222033,1.1051895196699542,0.7062140880053546,3.906159226355352,ff12,ew
rolling120,1948-12,1958-11,120,4.967863454207609,1.3002155519405,0.7082412204177088,3.9115910970002385,ff12,ew
rolling120,1949-01,1958-12,120,5.074956454361932,1.317415430745777,0.7049992354955438,3.9031752944218048,ff12,ew
rolling120,1949-02,1959-01,120,5.1974053087097225,1.338965355964959,0.703966399272829,3.9006308498182216,ff12,ew
rolling120,1949-03,1959-02,120,5.70643277134691,1.4592935042618542,0.7060360709898893,3.906269871178088,ff12,ew
rolling120,1949-04,1959-03,120,5.432846960874121,1.401603488763576,0.7067593620901155,3.9081186705338373,ff12,ew
rolling120,1949-05,1959-04,120,5.8848794813332574,1.5067426920292908,0.7132263673476711,3.9250695092376184,ff12,ew
rolling120,1949-06,1959-05,120,6.165948556048134,1.565483606758913,0.7120519704299453,3.9221128970995993,ff12,ew
rolling120,1949-07,1959-06,120,6.234999901041016,1.5824121247297833,0.7136721166169047,3.9267203302302454,ff12,ew
rolling120,1949-08,1959-07,120,6.038911596192526,1.5384025796252423,0.7128847660795513,3.924612893117309,ff12,ew
rolling120,1949-09,1959-08,120,5.777323659655956,1.4841705618813021,0.7133625153989862,3.9256658690439914,ff12,ew
rolling120,1949-10,1959-09,120,5.107943148171386,1.3261377366023335,0.6989343265707424,3.883524056392403,ff12,ew
rolling120,1949-11,1959-10,120,5.048067592338033,1.3152757160827928,0.7004651998321203,3.887464045769347,ff12,ew
rolling120,1949-12,1959-11,120,5.089372782635345,1.326803392328254,0.7021634336000763,3.891965557891065,ff12,ew
rolling120,1950-01,1959-12,120,4.803834566963608,1.2567364141626525,0.6982429671446941,3.8816462626367687,ff12,ew
rolling120,1950-02,1960-01,120,4.359201374342548,1.1579514847362666,0.6945775266646955,3.871573442005916,ff12,ew
rolling120,1950-03,1960-02,120,4.313446477003383,1.1500189327462915,0.69595377817205,3.8752923218709547,ff12,ew
rolling120,1950-04,1960-03,120,4.1679393834481475,1.1128150681453486,0.689786518005796,3.858727982839235,ff12,ew
rolling120,1950-05,1960-04,120,3.8056412788034644,1.0175644123213656,0.6713973095568051,3.8101523335762177,ff12,ew
rolling120,1950-06,1960-05,120,3.8288950110610536,1.0338065885544554,0.6839040045036966,3.8414295937488436,ff12,ew
rolling120,1950-07,1960-06,120,4.353940214084635,1.145218744721357,0.6834754708041101,3.84036817498971,ff12,ew
rolling120,1950-08,1960-07,120,4.1267753457269185,1.0680456853740077,0.6621639782164128,3.792322560508302,ff12,ew
rolling120,1950-09,1960-08,120,4.1153299355360895,1.0970264424566112,0.7249913740633263,3.9812845170615687,ff12,ew
rolling120,1950-10,1960-09,120,3.5613524102027245,0.9835025610838217,0.7270251419799173,3.9864236226087653,ff12,ew
rolling120,1950-11,1960-10,120,3.486439897802482,0.9724475081257826,0.730577803319197,3.995733709914948,ff12,ew
rolling120,1950-12,1960-11,120,3.5808678447279725,0.986643564185684,0.7272810518955599,3.9877596899999688,ff12,ew
rolling120,1951-01,1960-12,120,3.4504934884541685,0.9484966577511967,0.7187558293925478,3.96510843336917,ff12,ew
rolling120,1951-02,1961-01,120,3.4832981087621837,0.9567310305547266,0.7187707925245325,3.965105133880843,ff12,ew
rolling120,1951-03,1961-02,120,3.666130373889951,0.9959844544491081,0.7187633797849988,3.965061106716569,ff12,ew
rolling120,1951-04,1961-03,120,4.04827897642904,1.079677350279981,0.7194362042957784,3.9666340029089886,ff12,ew
rolling120,1951-05,1961-04,120,3.8980679007320074,1.0430132074457596,0.7165772555185966,3.95957482743405,ff12,ew
rolling120,1951-06,1961-05,120,4.2039069300200715,1.1081034542049837,0.7163681431116584,3.9590034760922523,ff12,ew
rolling120,1951-07,1961-06,120,4.187771902513881,1.1001224639606508,0.7144051194084525,3.954408058541457,ff12,ew
rolling120,1951-08,1961-07,120,3.933449475042286,1.0411389152893493,0.712525549306926,3.950130833124304,ff12,ew
rolling120,1951-09,1961-08,120,3.841618945953752,1.0208947937700676,0.7128229205042733,3.950866887235837,ff12,ew
rolling120,1951-10,1961-09,120,3.617026947111169,0.9762454720478371,0.7144280318442913,3.9549295914296514,ff12,ew
rolling120,1951-11,1961-10,120,3.877667160370426,1.0339188339729397,0.7153073720574789,3.956857397523617,ff12,ew
rolling120,1951-12,1961-11,120,4.039603560035019,1.0681635666579223,0.713662947566223,3.9523978955036805,ff12,ew
rolling120,1952-01,1961-12,120,3.9153402654084326,1.0440901635688702,0.714910323698766,3.9554493407527445,ff12,ew
rolling120,1952-02,1962-01,120,3.7652253514544904,1.015373848329555,0.7165862310540768,3.959433833801981,ff12,ew
rolling120,1952-03,1962-02,120,3.9563445566111826,1.0569009684707258,0.7170465719499054,3.9605988245234287,ff12,ew
rolling120,1952-04,1962-03,120,3.7900423672933963,1.020727800955616,0.716776134216579,3.9599631755342055,ff12,ew
rolling120,1952-05,1962-04,120,3.6666554656541273,0.9961765438644956,0.7187923592539328,3.9653416745198724,ff12,ew
rolling120,1952-06,1962-05,120,3.109051214607569,0.8789517594956441,0.7194254467787731,3.9668880637019166,ff12,ew
rolling120,1952-07,1962-06,120,2.64679752643028,0.7832600013126014,0.7217538363877711,3.972787435495055,ff12,ew
rolling120,1952-08,1962-07,120,2.857844002953444,0.8278930072769891,0.7217645419998749,3.9729197301685484,ff12,ew
rolling120,1952-09,1962-08,120,2.9707859520941398,0.856434446323051,0.7217473351756766,3.972891844461318,ff12,ew
rolling120,1952-10,1962-09,120,2.7621630469906355,0.8114037896577233,0.7216741483177045,3.9728241636882724,ff12,ew
rolling120,1952-11,1962-10,120,2.7136075718054666,0.8023970165284188,0.7226502026139932,3.9752882279046107,ff12,ew
rolling120,1952-12,1962-11,120,3.0262035691823836,0.8761044200785053,0.7254511512815083,3.9821477008319923,ff12,ew
rolling120,1953-01,1962-12,120,2.9132972778205275,0.8522625786890508,0.7260433289351154,3.9837080731290864,ff12,ew
rolling120,1953-02,1963-01,120,3.1456045753305135,0.9008678886131852,0.7257531881312349,3.983232623843537,ff12,ew
rolling120,1953-03,1963-02,120,3.0185904525874143,0.8728966273474668,0.7252245665257872,3.981817991739941,ff12,ew
rolling120,1953-04,1963-03,120,3.143881573659651,0.9002770326685868,0.7251076438085222,3.9814771297975033,ff12,ew
rolling120,1953-05,1963-04,120,3.4097640427441807,0.9543356170265489,0.7202375458398965,3.967826215635305,ff12,ew
rolling120,1953-06,1963-05,120,3.509197746644783,0.9790977202523989,0.7222202229906155,3.972858036508608,ff12,ew
rolling120,1953-07,1963-06,120,3.568575074104329,0.9901100900914779,0.7207519116619473,3.9689616925129734,ff12,ew
rolling120,1953-08,1963-07,120,3.468295749781295,0.9700297603342848,0.7219864339358323,3.972185661303371,ff12,ew
rolling120,1953-09,1963-08,120,3.9111581699866873,1.0608531659867655,0.7196857504198393,3.966709772764419,ff12,ew
rolling120,1953-10,1963-09,120,3.8815932201581447,1.0514013398810287,0.717867932009364,3.9621243336061998,ff12,ew
rolling120,1953-11,1963-10,120,3.7922227250399727,1.033030393538219,0.7184523226701178,3.963587646302483,ff12,ew
rolling120,1953-12,1963-11,120,3.602664350858565,0.991219877019348,0.7177232137808285,3.96166482013717,ff12,ew
rolling120,1954-01,1963-12,120,3.642308985530713,1.001550866575076,0.7181807492693799,3.9627041591945056,ff12,ew
rolling120,1954-02,1964-01,120,3.4932047155410784,0.9674970033037342,0.7175313200761552,3.961104941922916,ff12,ew
rolling120,1954-03,1964-02,120,3.5210821689646608,0.9735897683254967,0.7178840020226657,3.962133560271497,ff12,ew
rolling120,1954-04,1964-03,120,3.5048165035975014,0.9714753605506766,0.718310739237676,3.963126034556071,ff12,ew
rolling120,1954-05,1964-04,120,3.431375814631066,0.9561662569865238,0.7194193053503379,3.966171208388431,ff12,ew
rolling120,1954-06,1964-05,120,3.3071755100794737,0.9309146007568709,0.7204568004657762,3.968815113496674,ff12,ew
rolling120,1954-07,1964-06,120,3.289568832426969,0.9267276712085503,0.720228127618551,3.9682216392085903,ff12,ew
rolling120,1954-08,1964-07,120,3.1322662654365407,0.8915895148724963,0.720081811964104,3.967907286012301,ff12,ew
rolling120,1954-09,1964-08,120,3.1257095355461226,0.8898153395520254,0.7199876494097144,3.967693193135133,ff12,ew
rolling120,1954-10,1964-09,120,3.0875663196104552,0.8819280044371969,0.7204973828930215,3.969045431385484,ff12,ew
rolling120,1954-11,1964-10,120,3.202311765685332,0.9048356254154775,0.7194892731438672,3.966527786339784,ff12,ew
rolling120,1954-12,1964-11,120,2.850589543306399,0.8259618196521773,0.7182533525073269,3.9637290723935927,ff12,ew
rolling120,1955-01,1964-12,120,2.5156067910338464,0.7510781117665701,0.7164715471771851,3.9594527818521112,ff12,ew
rolling120,1955-02,1965-01,120,2.7175445482716687,0.794983975667208,0.717157011104564,3.9611895383800477,ff12,ew
rolling120,1955-03,1965-02,120,2.689472539385982,0.7890855574801233,0.7172938758599833,3.961557808408638,ff12,ew
rolling120,1955-04,1965-03,120,2.713871305329711,0.7927696962795019,0.7156977296179832,3.9574110360409467,ff12,ew
rolling120,1955-05,1965-04,120,2.7600865470589118,0.8031470535247257,0.716087296841713,3.958395652832802,ff12,ew
rolling120,1955-06,1965-05,120,2.708510413625447,0.793434069458632,0.7169341028250678,3.9605045890279644,ff12,ew
rolling120,1955-07,1965-06,120,2.3107658350601348,0.7064227481473244,0.7169100144476084,3.9606904463461734,ff12,ew
rolling120,1955-08,1965-07,120,2.371188650635449,0.7177165866224176,0.7160864593418382,3.958717095577875,ff12,ew
rolling120,1955-09,1965-08,120,2.523011555929047,0.7512912049759958,0.7179922014143385,3.963646693957747,ff12,ew
rolling120,1955-10,1965-09,120,2.666032310485353,0.7832804041314217,0.7191081078412559,3.9664446423973043,ff12,ew
rolling120,1955-11,1965-10,120,2.937775850598501,0.8457177157083674,0.7219066481333704,3.973308838765457,ff12,ew
rolling120,1955-12,1965-11,120,2.8975801896646995,0.8453684521635508,0.732219497921734,4.001506697994624,ff12,ew
rolling120,1956-01,1965-12,120,2.969292038348391,0.8613567721622781,0.7312963772784953,3.9988762895586025,ff12,ew
rolling120,1956-02,1966-01,120,3.2661655100926374,0.9324442464839691,0.7309474666701706,3.9974685335414915,ff12,ew
rolling120,1956-03,1966-02,120,3.239820512196527,0.9321876290050896,0.7338291376021228,4.004807205628445,ff12,ew
rolling120,1956-04,1966-03,120,2.9812061747542677,0.8726920756068363,0.7324490847774167,4.001405464832381,ff12,ew
rolling120,1956-05,1966-04,120,3.1599406621863455,0.9190747321108909,0.7389437254080807,4.01916513138479,ff12,ew
rolling120,1956-06,1966-05,120,2.978279450591087,0.8856302118040245,0.741315914262798,4.025166627850189,ff12,ew
rolling120,1956-07,1966-06,120,2.8827518918733617,0.8652601740819761,0.7422195388874738,4.027622189289732,ff12,ew
rolling120,1956-08,1966-07,120,2.682938525176855,0.8193262285613011,0.7413361507175308,4.0253404262849015,ff12,ew
rolling120,1956-09,1966-08,120,2.379378329338425,0.7519411450305922,0.7414617953809861,4.025688649711943,ff12,ew
rolling120,1956-10,1966-09,120,2.454777430090017,0.7711916059236752,0.7442700954777705,4.03337242647866,ff12,ew
rolling120,1956-11,1966-10,120,2.4364916431413635,0.7816646156995946,0.7548904337922621,4.061616490113423,ff12,ew
rolling120,1956-12,1966-11,120,2.585128233886464,0.8213803787242154,0.7557444047051971,4.061621323078783,ff12,ew
rolling120,1957-01,1966-12,120,2.579862783388744,0.8203320856910674,0.7564088381256283,4.063652812231303,ff12,ew
rolling120,1957-02,1967-01,120,3.137303136101729,0.9636406717150671,0.759954768958982,4.071820285226101,ff12,ew
rolling120,1957-03,1967-02,120,3.397170291562966,1.025859416926023,0.7600091736313184,4.0718556277265625,ff12,ew
rolling120,1957-04,1967-03,120,3.520211407168973,1.0567384467122622,0.7605138357533598,4.072900616345031,ff12,ew
rolling120,1957-05,1967-04,120,3.561095173429403,1.0665755173763358,0.7606337145998855,4.073211565775493,ff12,ew
rolling120,1957-06,1967-05,120,3.3654216960681795,1.0216259150470821,0.7605937366995856,4.072900766491394,ff12,ew
rolling120,1957-07,1967-06,120,3.7307413581509863,1.1121584160597358,0.7612025754189233,4.0749181061658115,ff12,ew
rolling120,1957-08,1967-07,120,4.065250098400511,1.1999964780014145,0.765116876739804,4.084919315847703,ff12,ew
rolling120,1957-09,1967-08,120,4.337832493877187,1.2627621806115013,0.7642079837389173,4.082526598411562,ff12,ew
rolling120,1957-10,1967-09,120,4.949314734656853,1.4099600877698866,0.7642350602286472,4.082395467385656,ff12,ew
rolling120,1957-11,1967-10,120,5.178240320307079,1.4631562866744319,0.7614306257101147,4.074030276530286,ff12,ew
rolling120,1957-12,1967-11,120,5.014936385873308,1.418025056972404,0.7585498427388964,4.066434772815489,ff12,ew
rolling120,1958-01,1967-12,120,5.7366721577808315,1.5799334945964596,0.7525065603792465,4.049795384708852,ff12,ew
rolling120,1958-02,1968-01,120,5.252724784245252,1.4825222330808359,0.7656560706742637,4.087931670545138,ff12,ew
rolling120,1958-03,1968-02,120,4.974608187407537,1.4137908735944364,0.7641080923580278,4.083772075643055,ff12,ew
rolling120,1958-04,1968-03,120,4.685330969831204,1.340242456846471,0.7602371602697036,4.07279852953958,ff12,ew
rolling120,1958-05,1968-04,120,5.207324651155183,1.4712635298385437,0.7577826128883753,4.065810589940531,ff12,ew
rolling120,1958-06,1968-05,120,5.493937679503351,1.5483112199620483,0.7593173671018931,4.069560827752044,ff12,ew
rolling120,1958-07,1968-06,120,5.404496706598694,1.5358929414202358,0.764519233653692,4.084108528010936,ff12,ew
rolling120,1958-08,1968-07,120,4.969574975591224,1.4366900292341598,0.7683443407767014,4.095128455008757,ff12,ew
rolling120,1958-09,1968-08,120,4.9684221492483465,1.4360805653162156,0.7683740691788489,4.095295904581999,ff12,ew
rolling120,1958-10,1968-09,120,5.050500940951094,1.4577514667394003,0.7669783498977025,4.090763104511191,ff12,ew
rolling120,1958-11,1968-10,120,4.921232833091761,1.4259303959819758,0.7661352308389427,4.088316976869641,ff12,ew
rolling120,1958-12,1968-11,120,5.046242520277228,1.4496603968534414,0.7624260676758154,4.07815106621228,ff12,ew
rolling120,1959-01,1968-12,120,4.821473877876751,1.4016543279197273,0.7652999466487715,4.085925011199931,ff12,ew
rolling120,1959-02,1969-01,120,4.593582341077151,1.3452763316189158,0.764976635206338,4.085213325151513,ff12,ew
rolling120,1959-03,1969-02,120,3.948253852807148,1.1813152885255753,0.7615365022754575,4.076109333640327,ff12,ew
rolling120,1959-04,1969-03,120,3.96781617057448,1.1897037377459247,0.7640748512220426,4.083080610834804,ff12,ew
rolling120,1959-05,1969-04,120,3.844587228742019,1.1516904312772345,0.7576561011059291,4.065926919303951,ff12,ew
rolling120,1959-06,1969-05,120,3.8955412661153446,1.1695306933035503,0.7652755132681489,4.088873978110999,ff12,ew
rolling120,1959-07,1969-06,120,3.3404933494046807,1.037953276031379,0.7661434486090414,4.091158526303736,ff12,ew
rolling120,1959-08,1969-07,120,2.8214349409294144,0.9199218348196803,0.7730396751329622,4.110714034572611,ff12,ew
rolling120,1959-09,1969-08,120,3.08302289283709,0.9853100527169422,0.773840599485401,4.1128887996209444,ff12,ew
rolling120,1959-10,1969-09,120,3.187592742566811,1.0143408389672672,0.7749172636150728,4.115768354818809,ff12,ew
rolling120,1959-11,1969-10,120,3.4596900012167895,1.0856355277929537,0.7790458776861174,4.127720668608214,ff12,ew
rolling120,1959-12,1969-11,120,3.163575674987243,1.0132700041415135,0.7788391604867608,4.127147229370194,ff12,ew
rolling120,1960-01,1969-12,120,2.82564147110254,0.9386989270414371,0.7864672599576629,4.148565897376797,ff12,ew
rolling120,1960-02,1970-01,120,2.8188486182858896,0.936016384721855,0.7858464232623549,4.146875157478452,ff12,ew
rolling120,1960-03,1970-02,120,2.9545807173407326,0.9707677361244554,0.786692205545996,4.1491257329700595,ff12,ew
rolling120,1960-04,1970-03,120,2.9308533002531694,0.9671186690357985,0.7888694405111314,4.155484608931798,ff12,ew
rolling120,1960-05,1970-04,120,2.351679737721163,0.8358269403133163,0.8039351854250071,4.201900277504013,ff12,ew
rolling120,1960-06,1970-05,120,1.9706802529676821,0.7334739981270558,0.7937090938036822,4.172280541459294,ff12,ew
rolling120,1960-07,1970-06,120,1.7073375525135983,0.6699832919397523,0.794734782187209,4.174984646132737,ff12,ew
rolling120,1960-08,1970-07,120,1.9438283759548312,0.7337267246332706,0.8030634499952252,4.2007611243896035,ff12,ew
rolling120,1960-09,1970-08,120,1.9634489331956226,0.7223548457292465,0.7552819871558986,4.04161661068462,ff12,ew
rolling120,1960-10,1970-09,120,2.52940332227687,0.8696517512118636,0.7618636282861148,4.061129820044268,ff12,ew
rolling120,1960-11,1970-10,120,2.4201253812142522,0.8465229679563638,0.7620068448659024,4.060905364049615,ff12,ew
rolling120,1960-12,1970-11,120,2.3006087502585024,0.8214195778478929,0.7689057553610148,4.0813687683673585,ff12,ew
rolling120,1961-01,1970-12,120,2.418341472565277,0.8540322836486353,0.7712214987022576,4.087513218550787,ff12,ew
rolling120,1961-02,1971-01,120,2.570770652127829,0.8979834351308497,0.7761450061035287,4.1009652732177475,ff12,ew
rolling120,1961-03,1971-02,120,2.5155130373559236,0.8876648806120848,0.7786552400812556,4.10794543126164,ff12,ew
rolling120,1961-04,1971-03,120,2.5221103656467894,0.8900732934023514,0.7794362137521309,4.110169724171283,ff12,ew
rolling120,1961-05,1971-04,120,2.5821407300636667,0.9062484535794887,0.7797474186829737,4.11088848820205,ff12,ew
rolling120,1961-06,1971-05,120,2.2963711469099843,0.8337711851671271,0.780108009659741,4.112157122907099,ff12,ew
rolling120,1961-07,1971-06,120,2.391563690173344,0.8578075466895231,0.7804761793728442,4.113382448193169,ff12,ew
rolling120,1961-08,1971-07,120,2.166784898229979,0.803137801080757,0.7824739649067124,4.118989393875481,ff12,ew
rolling120,1961-09,1971-08,120,2.212348110281682,0.8165305219275388,0.7839020130828387,4.122904595735575,ff12,ew
rolling120,1961-10,1971-09,120,2.2939649698270137,0.8358554695937567,0.7821883504503193,4.117877077118857,ff12,ew
rolling120,1961-11,1971-10,120,2.029970064629789,0.7704856090989669,0.7862284652672517,4.130789197115861,ff12,ew
rolling120,1961-12,1971-11,120,1.8136866122510753,0.7143139252999535,0.7855748795557072,4.129179432150686,ff12,ew
rolling120,1962-01,1971-12,120,2.162862904587577,0.8034777149968576,0.7854442087787639,4.128620207076707,ff12,ew
rolling120,1962-02,1972-01,120,2.505811424413356,0.8987154166175718,0.793046040776013,4.150511851112913,ff12,ew
rolling120,1962-03,1972-02,120,2.5908467915885796,0.9239014594326678,0.7945790401896676,4.154544352155499,ff12,ew
rolling120,1962-04,1972-03,120,2.61788034807527,0.9306849283451897,0.7941262162522639,4.1531270024320825,ff12,ew
rolling120,1962-05,1972-04,120,2.879278531811315,0.9959033168726958,0.7923554310269778,4.1479393049254,ff12,ew
rolling120,1962-06,1972-05,120,3.248909730421146,1.0900841370662246,0.7921771924546924,4.1475561707985555,ff12,ew
rolling120,1962-07,1972-06,120,3.5116188588781974,1.1549183984881093,0.7899379583428412,4.14098712390822,ff12,ew
rolling120,1962-08,1972-07,120,3.116431046293431,1.0557696125132938,0.791251992051857,4.144646679646487,ff12,ew
rolling120,1962-09,1972-08,120,3.078556619073624,1.0480164728826098,0.7960738349415365,4.1597301641212985,ff12,ew
rolling120,1962-10,1972-09,120,3.2131777520831433,1.0807456703665999,0.7948401266323453,4.156211493913625,ff12,ew
rolling120,1962-11,1972-10,120,3.2646381112517213,1.0979001392831442,0.7992408723369674,4.169776655415601,ff12,ew
rolling120,1962-12,1972-11,120,2.911764943630467,1.00405664663344,0.7969111798259876,4.163122336334763,ff12,ew
rolling120,1963-01,1972-12,120,2.860565377315342,0.9904024646027673,0.7963476061500282,4.161408488660854,ff12,ew
rolling120,1963-02,1973-01,120,2.424049662555561,0.8852318950800059,0.8061936557124441,4.192240614188583,ff12,ew
rolling120,1963-03,1973-02,120,2.225094233518348,0.8369015901945487,0.8102707073689622,4.204711483720114,ff12,ew
rolling120,1963-04,1973-03,120,2.0671861444091553,0.7954946821542408,0.8097014926703057,4.202994596787334,ff12,ew
rolling120,1963-05,1973-04,120,1.7303000536240423,0.7114284102271181,0.8149098920363188,4.219073777574232,ff12,ew
rolling120,1963-06,1973-05,120,1.444417981125123,0.6391790843437724,0.8200807849538848,4.235785087314967,ff12,ew
rolling120,1963-07,1973-06,120,1.4059880289417914,0.6296812479697153,0.8207227736234012,4.237668487890512,ff12,ew
rolling120,1963-08,1973-07,120,1.664320670604417,0.7053231674865287,0.8236814543176727,4.245375162284339,ff12,ew
rolling120,1963-09,1973-08,120,1.4185429083454837,0.6402335717751694,0.8235339516889877,4.2448931943962585,ff12,ew
rolling120,1963-10,1973-09,120,1.6411960673110233,0.7036593001122357,0.8313149431308475,4.269653533932011,ff12,ew
rolling120,1963-11,1973-10,120,1.6007304926753614,0.7028148329233066,0.8561141315935292,4.35531796295206,ff12,ew
rolling120,1963-12,1973-11,120,1.1898165279146147,0.6067972733928352,0.8837299932936409,4.443394627184841,ff12,ew
rolling120,1964-01,1973-12,120,1.1262524463483063,0.5938363689315972,0.8951278476339378,4.482767111202981,ff12,ew
rolling120,1964-02,1974-01,120,1.3148033104892258,0.6505057825586169,0.8978368593063449,4.490817214095335,ff12,ew
rolling120,1964-03,1974-02,120,1.266647376899125,0.6367831942306617,0.8972262439060634,4.488636094178121,ff12,ew
rolling120,1964-04,1974-03,120,1.234614014739587,0.6278924970115063,0.8974173357589242,4.489262539864636,ff12,ew
rolling120,1964-05,1974-04,120,1.1011690178072842,0.5905877017167548,0.8972110016529108,4.488377713887285,ff12,ew
rolling120,1964-06,1974-05,120,0.9417508432770338,0.5462431490449057,0.8974286294459373,4.488980641752847,ff12,ew
rolling120,1964-07,1974-06,120,0.87259197773803,0.527117051365016,0.8982770999780852,4.491867560494931,ff12,ew
rolling120,1964-08,1974-07,120,0.7203190610266668,0.48542924927240577,0.900798564962636,4.500413544518181,ff12,ew
rolling120,1964-09,1974-08,120,0.6022799310037308,0.4522520034560499,0.9010103570934508,4.501102395006692,ff12,ew
rolling120,1964-10,1974-09,120,0.42059282018607164,0.4025590040450451,0.9048943677632811,4.514160007428392,ff12,ew
rolling120,1964-11,1974-10,120,0.5426923247487581,0.44489135049018586,0.9295810117461062,4.601096107743225,ff12,ew
rolling120,1964-12,1974-11,120,0.4787680069505149,0.42808549782821403,0.9332316155064095,4.6136031488459315,ff12,ew
rolling120,1965-01,1974-12,120,0.3857676343766294,0.402292288895102,0.9356365159395365,4.6217463284269495,ff12,ew
rolling120,1965-02,1975-01,120,0.6645461628285456,0.48788030454110953,0.9411564354062052,4.639889563293762,ff12,ew
rolling120,1965-03,1975-02,120,0.7121138439109433,0.5036843824455075,0.9444017966805615,4.651100882378816,ff12,ew
rolling120,1965-04,1975-03,120,0.8129648874218498,0.5384686010474379,0.9509582023823432,4.67304281297003,ff12,ew
rolling120,1965-05,1975-04,120,0.8177066042577945,0.5409527339284623,0.9524276255491461,4.678048857408846,ff12,ew
rolling120,1965-06,1975-05,120,0.9762838401000911,0.5890930906866318,0.9542786851135094,4.6847394070050505,ff12,ew
rolling120,1965-07,1975-06,120,1.3106309778758618,0.6881938583298574,0.9532836132987917,4.681097243501056,ff12,ew
rolling120,1965-08,1975-07,120,1.2133611664465436,0.660064781461607,0.9542605254628803,4.684473530699466,ff12,ew
rolling120,1965-09,1975-08,120,1.0209848824964767,0.6023760583036344,0.953551856704014,4.681868172326349,ff12,ew
rolling120,1965-10,1975-09,120,0.8936525637858799,0.5637017243229188,0.9523536342016201,4.677637863082085,ff12,ew
rolling120,1965-11,1975-10,120,0.8337233447326271,0.5448190431074261,0.9505803315251226,4.671420481090505,ff12,ew
rolling120,1965-12,1975-11,120,0.7921422170122101,0.5290127081122895,0.9423254700175863,4.641289942127565,ff12,ew
rolling120,1966-01,1975-12,120,0.7080481016559743,0.5032282198612534,0.9407729395697837,4.635937748253531,ff12,ew
rolling120,1966-02,1976-01,120,0.9310007156917202,0.5706181622014165,0.9443522995259148,4.648654540119433,ff12,ew
rolling120,1966-03,1976-02,120,1.0620280834147406,0.6125114396552342,0.945751123667505,4.652520707675591,ff12,ew
rolling120,1966-04,1976-03,120,1.1160859490331672,0.6291071545569579,0.9463218825005206,4.654452115502255,ff12,ew
rolling120,1966-05,1976-04,120,1.0149542048752682,0.5967140598901344,0.9416543244950049,4.637525872977306,ff12,ew
rolling120,1966-06,1976-05,120,1.1558572802738118,0.6381690298355914,0.9445419311745753,4.649434655301003,ff12,ew
rolling120,1966-07,1976-06,120,1.2301791515784046,0.6601937923464066,0.9444295596708506,4.6489747192723385,ff12,ew
rolling120,1966-08,1976-07,120,1.2745259798782227,0.6737217587738229,0.9449725183894068,4.65087549922958,ff12,ew
rolling120,1966-09,1976-08,120,1.4961419265217346,0.7411985063086639,0.9477645456197853,4.660840313938842,ff12,ew
rolling120,1966-10,1976-09,120,1.5937822890907913,0.7693320164760301,0.9465468305153674,4.656476868498555,ff12,ew
rolling120,1966-11,1976-10,120,1.5540048121118875,0.7489013920847529,0.9364803257497811,4.621476422147836,ff12,ew
rolling120,1966-12,1976-11,120,1.4960823169090278,0.7258977358225658,0.9284737546825508,4.5938252061374545,ff12,ew
rolling120,1967-01,1976-12,120,1.6848926750422457,0.7796544382634967,0.9268040471342437,4.587952408311025,ff12,ew
rolling120,1967-02,1977-01,120,1.399215828802959,0.6905593744597338,0.9243711706355449,4.5819204137526865,ff12,ew
rolling120,1967-03,1977-02,120,1.3009025663231601,0.66132275579293,0.9236401753024307,4.5795476308032,ff12,ew
rolling120,1967-04,1977-03,120,1.19003797946909,0.6280496607913113,0.9219706262713,4.574003524605152,ff12,ew
rolling120,1967-05,1977-04,120,1.129113033357569,0.6103167901298477,0.9215847948493467,4.572695006581833,ff12,ew
rolling120,1967-06,1977-05,120,1.1658448742276515,0.6195529954489004,0.9198848513329947,4.566989370364877,ff12,ew
rolling120,1967-07,1977-06,120,1.1259048604896118,0.604468886878119,0.9163591987176009,4.555147812169433,ff12,ew
rolling120,1967-08,1977-07,120,0.996037800186566,0.5648130155431236,0.9130721971457134,4.544532718614096,ff12,ew
rolling120,1967-09,1977-08,120,0.9744353375124137,0.5584461568107348,0.9127103073665828,4.543326786558048,ff12,ew
rolling120,1967-10,1977-09,120,0.889053680100373,0.5323417101316367,0.9105046803707922,4.536242530857411,ff12,ew
rolling120,1967-11,1977-10,120,0.8940349181870049,0.531748991253834,0.9080954735044523,4.528503477522298,ff12,ew
rolling120,1967-12,1977-11,120,1.0294471015612756,0.5696503869107301,0.9078706000915772,4.527750294497994,ff12,ew
rolling120,1968-01,1977-12,120,0.9375389127789486,0.5418095379832429,0.9060391412865224,4.522160727327618,ff12,ew
rolling120,1968-02,1978-01,120,0.8664229082470913,0.5149157287622528,0.892489091484814,4.476082039735397,ff12,ew
rolling120,1968-03,1978-02,120,1.0186795241322875,0.5555499353418702,0.8904229482907368,4.4692691289781905,ff12,ew
rolling120,1968-04,1978-03,120,1.1645189103157274,0.5968769387753994,0.8914800897832761,4.47254300257591,ff12,ew
rolling120,1968-05,1978-04,120,1.0622234588435884,0.5671907091778273,0.8916606847598681,4.473258597235663,ff12,ew
rolling120,1968-06,1978-05,120,1.019879567556619,0.5556898566537528,0.893170882046263,4.478341859012307,ff12,ew
rolling120,1968-07,1978-06,120,0.9910774039501804,0.5449412678715396,0.8883140694319912,4.462196089256101,ff12,ew
rolling120,1968-08,1978-07,120,1.1437293374507655,0.5845105021952856,0.884530733798158,4.449603655296437,ff12,ew
rolling120,1968-09,1978-08,120,1.2522503190976098,0.6186687081765507,0.8911478547940586,4.471463994518776,ff12,ew
rolling120,1968-10,1978-09,120,1.1186109637706458,0.579349214555815,0.8890518263277248,4.465011675462487,ff12,ew
rolling120,1968-11,1978-10,120,0.7228605489845437,0.4805803488388637,0.9110094017573724,4.539390794919291,ff12,ew
rolling120,1968-12,1978-11,120,0.6839282611005464,0.4710298828891022,0.9132416416470082,4.546806736307784,ff12,ew
rolling120,1969-01,1978-12,120,0.7084166089814443,0.47685492717201095,0.9116327544094037,4.541418270943284,ff12,ew
rolling120,1969-02,1979-01,120,0.8703871618357588,0.5222690241327698,0.9119105008023345,4.542338494250627,ff12,ew
rolling120,1969-03,1979-02,120,1.0060346952069863,0.5600814025516162,0.9117838589998918,4.541915019552906,ff12,ew
rolling120,1969-04,1979-03,120,1.127240359181965,0.5962147019882502,0.9169368331523856,4.560485143918373,ff12,ew
rolling120,1969-05,1979-04,120,1.1564125212671947,0.6035467339112502,0.915313300877857,4.554855453396255,ff12,ew
rolling120,1969-06,1979-05,120,1.1126608720380506,0.5881470614455654,0.9084586095525565,4.53050872718124,ff12,ew
rolling120,1969-07,1979-06,120,1.5092914466364888,0.7038367882394018,0.9223924248666333,4.582718691229437,ff12,ew
rolling120,1969-08,1979-07,120,1.8211138950940193,0.7870790389321919,0.9167546395768713,4.56327224390791,ff12,ew
rolling120,1969-09,1979-08,120,1.8730278985498687,0.8007381388761268,0.916623043647684,4.562911247638258,ff12,ew
rolling120,1969-10,1979-09,120,1.955581935349497,0.822716499256483,0.917784913214172,4.5673183003524045,ff12,ew
rolling120,1969-11,1979-10,120,1.4460050403293718,0.6772749002175945,0.9131961806776695,4.551578764360378,ff12,ew
rolling120,1969-12,1979-11,120,1.7659804982998377,0.7707037609695598,0.9206604953717109,4.5778382110067675,ff12,ew
rolling120,1970-01,1979-12,120,2.1352922256993425,0.8750832726666504,0.9215134816168887,4.581148252062656,ff12,ew
rolling120,1970-02,1980-01,120,2.5849485615058314,1.0120300324538158,0.9308326140352855,4.612529089920126,ff12,ew
rolling120,1970-03,1980-02,120,2.394221192191979,0.9612041584728436,0.9369539338221373,4.63549349465953,ff12,ew
rolling120,1970-04,1980-03,120,1.9375026866840126,0.842609983450137,0.9444398968742059,4.661948896193371,ff12,ew
rolling120,1970-05,1980-04,120,2.7060007463745483,1.054463679537113,0.9349759127540771,4.6273427059227865,ff12,ew
rolling120,1970-06,1980-05,120,3.3528963067962563,1.2356129806933094,0.932426734121744,4.618348430219945,ff12,ew
rolling120,1970-07,1980-06,120,3.8658961778626884,1.3782079125602198,0.9311486694493394,4.614115812526063,ff12,ew
rolling120,1970-08,1980-07,120,3.962907349734855,1.4071304823724544,0.9302403191981384,4.610085909058056,ff12,ew
rolling120,1970-09,1980-08,120,4.000326482314831,1.4248997299089374,0.9330446480971047,4.6196728894168775,ff12,ew
rolling120,1970-10,1980-09,120,3.677759574394196,1.3230696966372948,0.9295104730001882,4.607093165470928,ff12,ew
rolling120,1970-11,1980-10,120,4.14662342123039,1.453113854563547,0.9315148480661813,4.614464689367755,ff12,ew
rolling120,1970-12,1980-11,120,4.457226271919291,1.5683158439636153,0.9645671858086667,4.7418364735377265,ff12,ew
rolling120,1971-01,1980-12,120,3.9121190611576964,1.4091172417810818,0.9636239131990976,4.738630189062061,ff12,ew
rolling120,1971-02,1981-01,120,3.4060479848690086,1.261219948023559,0.9607658810351416,4.728554598878832,ff12,ew
rolling120,1971-03,1981-02,120,3.2371679538847316,1.20994366044669,0.959369521039577,4.723598467248831,ff12,ew
rolling120,1971-04,1981-03,120,3.30347469117157,1.2309088019354815,0.9593693038995297,4.723447572540034,ff12,ew
rolling120,1971-05,1981-04,120,3.30148689472259,1.2380758525182187,0.9594939665974256,4.723934211316204,ff12,ew
rolling120,1971-06,1981-05,120,3.648990701721509,1.3386713608947223,0.9599836386263927,4.725719533023697,ff12,ew
rolling120,1971-07,1981-06,120,3.671444852996826,1.3514617676454102,0.9623909968654996,4.733768292340188,ff12,ew
rolling120,1971-08,1981-07,120,3.8565470555599495,1.4064657009547799,0.9641182729264981,4.740262040781134,ff12,ew
rolling120,1971-09,1981-08,120,3.327435755119372,1.256862931274743,0.9676555123698366,4.7532998513199205,ff12,ew
rolling120,1971-10,1981-09,120,2.9852750032778737,1.166326427011066,0.9697394954477284,4.760469337457809,ff12,ew
rolling120,1971-11,1981-10,120,3.519032251662358,1.3188061274773897,0.9659981024130294,4.746426562384661,ff12,ew
rolling120,1971-12,1981-11,120,3.7594182575921957,1.392091372897392,0.968003827843412,4.75359529411607,ff12,ew
rolling120,1972-01,1981-12,120,3.171222988918168,1.218310736433046,0.966912930992889,4.749769967050051,ff12,ew
rolling120,1972-02,1982-01,120,2.741374172833062,1.0840468751564754,0.9591363786428505,4.722048285371828,ff12,ew
rolling120,1972-03,1982-02,120,2.4323931386033686,1.0002350758321439,0.9575533694967712,4.717050542995498,ff12,ew
rolling120,1972-04,1982-03,120,2.4163634152450615,0.9962746748257721,0.958026941065004,4.718666449028593,ff12,ew
rolling120,1972-05,1982-04,120,2.611788627921489,1.0547652706345323,0.958959625521001,4.721809492322753,ff12,ew
rolling120,1972-06,1982-05,120,2.5723870754701244,1.0430480771133155,0.9587796600361809,4.721168608644188,ff12,ew
rolling120,1972-07,1982-06,120,2.571741724376461,1.0461421828458912,0.959831979694075,4.724618760457536,ff12,ew
rolling120,1972-08,1982-07,120,2.61537973018717,1.0629772357714933,0.9592043992156748,4.722201192897069,ff12,ew
rolling120,1972-09,1982-08,120,2.7610900330701,1.1018735338620789,0.9550708013683581,4.707223451480819,ff12,ew
rolling120,1972-10,1982-09,120,3.0091386715131296,1.1800475425415315,0.95654599190707,4.711885516598655,ff12,ew
rolling120,1972-11,1982-10,120,3.562084899920232,1.3437270660533842,0.955717283735242,4.708299854672625,ff12,ew
rolling120,1972-12,1982-11,120,3.746295817196378,1.4177803773276714,0.9557277983838561,4.707611410736321,ff12,ew
rolling120,1973-01,1982-12,120,3.92477134702069,1.4722798680372837,0.9562022492864802,4.709142743833309,ff12,ew
rolling120,1973-02,1983-01,120,4.713350632372558,1.7098283372418914,0.9537382460492667,4.698047529909442,ff12,ew
rolling120,1973-03,1983-02,120,5.504419657024755,1.956518885425802,0.9529789613714451,4.694065758557373,ff12,ew
rolling120,1973-04,1983-03,120,5.992749313271682,2.1072368742592746,0.9547916494273208,4.7003798757650195,ff12,ew
rolling120,1973-05,1983-04,120,7.102126370955201,2.434447715551883,0.9508235670767434,4.685893930676128,ff12,ew
rolling120,1973-06,1983-05,120,8.583463380346892,2.881437081155286,0.9504384124465735,4.683784784252617,ff12,ew
rolling120,1973-07,1983-06,120,9.34372093746186,3.1152462347707424,0.9516642050493931,4.687858953658577,ff12,ew
rolling120,1973-08,1983-07,120,8.169746569382268,2.7451233391232237,0.9499880455058591,4.682988638340352,ff12,ew
rolling120,1973-09,1983-08,120,8.315212772856798,2.7960827291413004,0.9528107423138288,4.692900929548891,ff12,ew
rolling120,1973-10,1983-09,120,7.660098593868787,2.5913458527803166,0.9480436158788295,4.675209985107209,ff12,ew
rolling120,1973-11,1983-10,120,7.17280989001218,2.4324719987036905,0.9331730406032935,4.616208985931326,ff12,ew
rolling120,1973-12,1983-11,120,9.135342604821213,2.960541508485285,0.9084581178804858,4.531644244084454,ff12,ew
rolling120,1974-01,1983-12,120,9.259442063305912,2.9747147146394957,0.8971396353060052,4.49192073774029,ff12,ew
rolling120,1974-02,1984-01,120,8.16434420112549,2.647305780797753,0.8965548040416298,4.491537081953332,ff12,ew
rolling120,1974-03,1984-02,120,7.6364266241977266,2.5007844792942397,0.8988749907915012,4.499095346166208,ff12,ew
rolling120,1974-04,1984-03,120,7.658968940734621,2.5057953429811666,0.8983626657660075,4.497487938833084,ff12,ew
rolling120,1974-05,1984-04,120,8.040437501359571,2.6119897759113657,0.8970266159975103,4.493231915208879,ff12,ew
rolling120,1974-06,1984-05,120,8.249662009263293,2.6732496179453165,0.8983221642904669,4.497986777585117,ff12,ew
rolling120,1974-07,1984-06,120,8.683659090615743,2.7993949657159676,0.8978077854385181,4.496028279244101,ff12,ew
rolling120,1974-08,1984-07,120,8.789512853954458,2.8345165462910353,0.8980315450924701,4.496076691296247,ff12,ew
rolling120,1974-09,1984-08,120,10.555893966211341,3.3516363650997247,0.8998237959841439,4.501990655462852,ff12,ew
rolling120,1974-10,1984-09,120,11.565878407446823,3.634897479267024,0.8968786430167818,4.492185324903742,ff12,ew
rolling120,1974-11,1984-10,120,10.092475236710575,3.17102556284174,0.8744948300433625,4.4148609697845655,ff12,ew
rolling120,1974-12,1984-11,120,10.229752150667046,3.208388235132009,0.8740445312817965,4.413665165785631,ff12,ew
rolling120,1975-01,1984-12,120,11.202341297203509,3.477466780199317,0.8714969211568349,4.405678306577842,ff12,ew
rolling120,1975-02,1985-01,120,9.625525702339642,3.0198774203286116,0.8702748222002074,4.402265533631364,ff12,ew
rolling120,1975-03,1985-02,120,9.479089296952607,2.97115825126281,0.86793259142699,4.394908666442847,ff12,ew
rolling120,1975-04,1985-03,120,8.743973316712657,2.746600891974186,0.8651324347979148,4.387873008384732,ff12,ew
rolling120,1975-05,1985-04,120,8.245196031708167,2.6022179714873093,0.8642719967698984,4.3855066801712,ff12,ew
rolling120,1975-06,1985-05,120,7.763818629735091,2.465575157881863,0.8628136800996503,4.380473448189909,ff12,ew
rolling120,1975-07,1985-06,120,7.207474160537641,2.314442474292503,0.864546540428935,4.385624918226428,ff12,ew
rolling120,1975-08,1985-07,120,7.456616975000756,2.3831692662419814,0.8638369134648145,4.383380976055328,ff12,ew
rolling120,1975-09,1985-08,120,7.857664922595699,2.4952685441204463,0.8634922180562293,4.382296300064955,ff12,ew
rolling120,1975-10,1985-09,120,7.678133192689971,2.4465994954909918,0.8640275396597008,4.383836378793283,ff12,ew
rolling120,1975-11,1985-10,120,7.667933207547357,2.4434122792957993,0.8639134072192668,4.383496637782152,ff12,ew
rolling120,1975-12,1985-11,120,7.9496889628594865,2.520295235554813,0.8631498417479059,4.381214825528989,ff12,ew
rolling120,1976-01,1985-12,120,8.232816777243329,2.6192381253477333,0.8640210632342745,4.382766560829421,ff12,ew
rolling120,1976-02,1986-01,120,7.0434695638630895,2.263976444545443,0.8572840487540084,4.362355322721481,ff12,ew
rolling120,1976-03,1986-02,120,6.776123766345256,2.18639468232108,0.8523224142186618,4.347695291986907,ff12,ew
rolling120,1976-04,1986-03,120,7.069314450530451,2.2753666343389307,0.8542402552602532,4.353190326566138,ff12,ew
rolling120,1976-05,1986-04,120,7.210197048569283,2.3141542844035303,0.8537472912249,4.351622767464618,ff12,ew
rolling120,1976-06,1986-05,120,7.693461123724248,2.4378951055332614,0.8458724635325112,4.325218899640051,ff12,ew
rolling120,1976-07,1986-06,120,7.545335046465919,2.399873195417158,0.8471246156971989,4.328920974222789,ff12,ew
rolling120,1976-08,1986-07,120,6.918118703236829,2.244097807372373,0.8611472565242975,4.375974923425172,ff12,ew
rolling120,1976-09,1986-08,120,7.17978143932346,2.3210315775135815,0.8625487303850083,4.380466414767585,ff12,ew
rolling120,1976-10,1986-09,120,6.477841760656049,2.121908110368365,0.8623446098457023,4.37967345899946,ff12,ew
rolling120,1976-11,1986-10,120,6.8490271561438725,2.22744747098955,0.8623406715130744,4.379622091868848,ff12,ew
rolling120,1976-12,1986-11,120,6.604707651490715,2.1580036325205807,0.862356014221728,4.379693729763427,ff12,ew
rolling120,1977-01,1986-12,120,5.690132296678167,1.8970808741215779,0.8615770863110489,4.377235301180615,ff12,ew
rolling120,1977-02,1987-01,120,6.2114838290725425,2.0456302263196324,0.8612299654613601,4.375575327883393,ff12,ew
rolling120,1977-03,1987-02,120,6.737066243045859,2.2062625226823513,0.8663064719952184,4.391626661628163,ff12,ew
rolling120,1977-04,1987-03,120,6.9739629283980635,2.2910382568191143,0.8775068934043001,4.429823160415901,ff12,ew
rolling120,1977-05,1987-04,120,6.724649402853046,2.221992839374648,0.8790402684902282,4.434948490649205,ff12,ew
rolling120,1977-06,1987-05,120,6.767718398758045,2.240886669492634,0.8828176431372464,4.447619583688442,ff12,ew
rolling120,1977-07,1987-06,120,6.566729351173092,2.1831961840834935,0.8828864493883339,4.447811576927935,ff12,ew
rolling120,1977-08,1987-07,120,6.78666304783623,2.26948303651301,0.899004261184013,4.5047813193004504,ff12,ew
rolling120,1977-09,1987-08,120,6.923221998138579,2.3113984868859014,0.8994677413562729,4.50610847433467,ff12,ew
rolling120,1977-10,1987-09,120,6.677440470824892,2.2403384983395243,0.8996226036260786,4.506538649995167,ff12,ew
rolling120,1977-11,1987-10,120,4.735725622599581,1.74047253670817,0.9744167977944478,4.786867321368623,ff12,ew
rolling120,1977-12,1987-11,120,4.055840123904563,1.5352843408239303,0.9754335007179583,4.790622301394295,ff12,ew
rolling120,1978-01,1987-12,120,4.1407391868887755,1.5779646092383572,0.9911396290721659,4.8509955677958025,ff12,ew
rolling120,1978-02,1988-01,120,4.632961288617967,1.7303236275561276,0.992069838794616,4.854492364807775,ff12,ew
rolling120,1978-03,1988-02,120,4.888483212086824,1.8133284626683237,0.9939498475692934,4.861029761823105,ff12,ew
rolling120,1978-04,1988-03,120,4.743719977830844,1.7676274976403472,0.9934453885883728,4.859255134727183,ff12,ew
rolling120,1978-05,1988-04,120,4.407071889908587,1.6582403201965692,0.9913365822058483,4.851972232561166,ff12,ew
rolling120,1978-06,1988-05,120,4.006317427312232,1.5298689714746425,0.9884565722195443,4.841818585168095,ff12,ew
rolling120,1978-07,1988-06,120,4.228428693453551,1.6009858041432998,0.990015160524415,4.847307598006325,ff12,ew
rolling120,1978-08,1988-07,120,3.987264089481089,1.525713113920528,0.9889564778125084,4.843421596064654,ff12,ew
rolling120,1978-09,1988-08,120,3.4736113797756794,1.3583261533852435,0.9816055497735097,4.816875620113565,ff12,ew
rolling120,1978-10,1988-09,120,3.549003068118509,1.3836015878591672,0.9823095629991392,4.819097841292129,ff12,ew
rolling120,1978-11,1988-10,120,4.475647561290874,1.6375730109330822,0.96201856220693,4.745551529677903,ff12,ew
rolling120,1978-12,1988-11,120,4.013630979746709,1.4966908009495024,0.9604257685021265,4.740140466951311,ff12,ew
rolling120,1979-01,1988-12,120,4.058768031585495,1.5096864764995708,0.9601598624445434,4.739245944065061,ff12,ew
rolling120,1979-02,1989-01,120,3.9458694489941095,1.4770015390547726,0.9608354043476005,4.741630254641043,ff12,ew
rolling120,1979-03,1989-02,120,4.064538424531847,1.5102868006121084,0.9593567390384797,4.736415003806177,ff12,ew
rolling120,1979-04,1989-03,120,3.7817734243861567,1.4186839209041935,0.9528417041330658,4.712609767628962,ff12,ew
rolling120,1979-05,1989-04,120,3.824071115865813,1.4318867072741288,0.9536857627954152,4.715754415794297,ff12,ew
rolling120,1979-06,1989-05,120,4.023511827269199,1.4922134979960857,0.9544516411605379,4.718424963790594,ff12,ew
rolling120,1979-07,1989-06,120,3.6826616929114895,1.3797932572841656,0.9396774460654475,4.661991627296572,ff12,ew
rolling120,1979-08,1989-07,120,3.741917538167888,1.3980734001538822,0.9401728662049935,4.663646894769375,ff12,ew
rolling120,1979-09,1989-08,120,3.5016351803434356,1.3243034109194851,0.9383152856071157,4.657435731304408,ff12,ew
rolling120,1979-10,1989-09,120,3.5081840203234824,1.3234744587259044,0.9356603287889801,4.647986627026149,ff12,ew
rolling120,1979-11,1989-10,120,3.7097853060964026,1.3843576795945087,0.9371836972175852,4.653368942808081,ff12,ew
rolling120,1979-12,1989-11,120,3.372019838579188,1.2781776149671988,0.9298375616191938,4.627182278772855,ff12,ew
rolling120,1980-01,1989-12,120,3.083805460325485,1.1885427946513667,0.9258051324716492,4.613625906792551,ff12,ew
rolling120,1980-02,1990-01,120,2.534145064282163,1.0194366201423237,0.9169058734109058,4.584522226880478,ff12,ew
rolling120,1980-03,1990-02,120,2.6386331936983938,1.043789270903327,0.9085881007054736,4.554900100153561,ff12,ew
rolling120,1980-04,1990-03,120,3.4330553465760456,1.2531858238847104,0.897721820830904,4.519696799668301,ff12,ew
rolling120,1980-05,1990-04,120,3.070908202072986,1.146970517738466,0.8938765352501603,4.50688159001753,ff12,ew
rolling120,1980-06,1990-05,120,2.9841156619581586,1.1253853357339276,0.8963428380830963,4.514829095630134,ff12,ew
rolling120,1980-07,1990-06,120,2.8561065613984726,1.0896156546353455,0.8968047069777039,4.5164045552436365,ff12,ew
rolling120,1980-08,1990-07,120,2.4543856703339317,0.9737959922218009,0.89487319460083,4.510024363901757,ff12,ew
rolling120,1980-09,1990-08,120,1.8708951368306699,0.8224221604370492,0.9248270165756262,4.6170582579059705,ff12,ew
rolling120,1980-10,1990-09,120,1.5405723314509618,0.7319627932687017,0.9331335994263045,4.646118483352204,ff12,ew
rolling120,1980-11,1990-10,120,1.304647804250549,0.6645573856295934,0.9344202027304666,4.650963761039315,ff12,ew
rolling120,1980-12,1990-11,120,1.2337454955742277,0.6312393727095572,0.8959808564213118,4.508699605977441,ff12,ew
rolling120,1981-01,1990-12,120,1.2988598265717535,0.6510605065286225,0.8969666329047639,4.511530379289636,ff12,ew
rolling120,1981-02,1991-01,120,1.4481213889002715,0.6983617712358712,0.9036654732121172,4.532852340714875,ff12,ew
rolling120,1981-03,1991-02,120,1.7543856322187494,0.7897612925128128,0.9086331051950669,4.549381570550391,ff12,ew
rolling120,1981-04,1991-03,120,1.7664742616052522,0.7962768170579759,0.9136612586057407,4.566349839285571,ff12,ew
rolling120,1981-05,1991-04,120,1.7752439031496023,0.7947191325458715,0.915699451439254,4.575034422232299,ff12,ew
rolling120,1981-06,1991-05,120,1.7808741566185957,0.7993934948920466,0.9182780175339943,4.583039768918154,ff12,ew
rolling120,1981-07,1991-06,120,1.7003696947270908,0.7724823007395004,0.9149923129366053,4.572756626757859,ff12,ew
rolling120,1981-08,1991-07,120,1.8400002179580417,0.8118346000871356,0.9141131266993943,4.569634886986341,ff12,ew
rolling120,1981-09,1991-08,120,2.159491298159169,0.8984091232737251,0.9087327623485838,4.551584093335428,ff12,ew
rolling120,1981-10,1991-09,120,2.4933743745485555,0.9885216853532334,0.9097934633464179,4.556378948396333,ff12,ew
rolling120,1981-11,1991-10,120,2.352902676991143,0.9505025776928134,0.9127229985457163,4.566828748744478,ff12,ew
rolling120,1981-12,1991-11,120,2.203503360977644,0.9071732418184363,0.9115701917903996,4.56294673692252,ff12,ew
rolling120,1982-01,1991-12,120,2.38009372154697,0.9635771291318801,0.915675853072542,4.576477347303649,ff12,ew
rolling120,1982-02,1992-01,120,2.9068928141946695,1.139225137413739,0.9269688273016097,4.610266857201168,ff12,ew
rolling120,1982-03,1992-02,120,3.276114905051009,1.2432098823401567,0.930882766571736,4.623521528218248,ff12,ew
rolling120,1982-04,1992-03,120,3.2368831782868375,1.23308843667844,0.9312407852752517,4.624546303704418,ff12,ew
rolling120,1982-05,1992-04,120,2.890654122428506,1.1372328213432323,0.9328651034817008,4.629361219185761,ff12,ew
rolling120,1982-06,1992-05,120,2.9913690475968835,1.1688252676321131,0.9347329390358672,4.63573757966223,ff12,ew
rolling120,1982-07,1992-06,120,2.954417650360339,1.1570155753892182,0.9359740099707561,4.640478470461711,ff12,ew
rolling120,1982-08,1992-07,120,3.123363259210933,1.2012475125691193,0.9363653024340496,4.642465264700119,ff12,ew
rolling120,1982-09,1992-08,120,2.7910968867318102,1.1059060191695902,0.9378890520968844,4.647795708059115,ff12,ew
rolling120,1982-10,1992-09,120,2.7188639649579636,1.0806940292735192,0.9372776951901105,4.6464220276862465,ff12,ew
rolling120,1982-11,1992-10,120,2.3627325514046915,0.9737391708470479,0.9346339312624161,4.637604681503161,ff12,ew
rolling120,1982-12,1992-11,120,2.286223314279474,0.9420272386573816,0.9384921349017333,4.650490927150261,ff12,ew
rolling120,1983-01,1992-12,120,2.3348188100715395,0.9559282920003755,0.9387426060967287,4.65142848146715,ff12,ew
rolling120,1983-02,1993-01,120,2.195434118033958,0.9106826359932297,0.9347802936006403,4.638671473946371,ff12,ew
rolling120,1983-03,1993-02,120,2.019324551957009,0.8651088775263086,0.9374301460069275,4.648064572402535,ff12,ew
rolling120,1983-04,1993-03,120,1.981350766129982,0.8548732615518841,0.9384861711716289,4.651843178414447,ff12,ew
rolling120,1983-05,1993-04,120,1.7342933297422092,0.7845929277510697,0.9395123361181394,4.655511150797919,ff12,ew
rolling120,1983-06,1993-05,120,1.6304753156593872,0.7527140246973025,0.9359982926779556,4.643086004509379,ff12,ew
rolling120,1983-07,1993-06,120,1.559052396461901,0.7343439142897242,0.9420751227007486,4.666058436163788,ff12,ew
rolling120,1983-08,1993-07,120,1.6550454696190773,0.7605662622757712,0.9415458261911263,4.664677266087636,ff12,ew
rolling120,1983-09,1993-08,120,1.8658501202960713,0.8223005669950744,0.9456169471358039,4.680436180126638,ff12,ew
rolling120,1983-10,1993-09,120,1.9298288116764635,0.8402187196798667,0.9455505816328744,4.680398636566414,ff12,ew
rolling120,1983-11,1993-10,120,2.2351862278296477,0.9256428446076894,0.9446526806502782,4.677916323505229,ff12,ew
rolling120,1983-12,1993-11,120,2.0451357247217166,0.873539584707732,0.9458717151454342,4.681640905741125,ff12,ew
rolling120,1984-01,1993-12,120,2.1474158450234175,0.9030408290636234,0.9461440993157468,4.682614594190486,ff12,ew
rolling120,1984-02,1994-01,120,2.2776995511943348,0.9402736270965187,0.9451100389919804,4.678635565180607,ff12,ew
rolling120,1984-03,1994-02,120,2.444956576196359,0.9864438458107591,0.9436074879350913,4.673498033973003,ff12,ew
rolling120,1984-04,1994-03,120,2.2615451953152133,0.9334840455617897,0.9432385703070518,4.672228697182944,ff12,ew
rolling120,1984-05,1994-04,120,2.2764562522886096,0.9396016215917483,0.9447743457045185,4.6774298461200985,ff12,ew
rolling120,1984-06,1994-05,120,2.419215682190868,0.9791638078172232,0.9429161881035432,4.67071741616849,ff12,ew
rolling120,1984-07,1994-06,120,2.2802398074963053,0.9407536145409001,0.9450213792885823,4.678099278789309,ff12,ew
rolling120,1984-08,1994-07,120,2.480003675907415,0.9944274149370874,0.943068988955703,4.671725796466445,ff12,ew
rolling120,1984-09,1994-08,120,2.3104895351983226,0.9456772983848815,0.9425593203562989,4.66991663402517,ff12,ew
rolling120,1984-10,1994-09,120,2.33336903352829,0.9516401555186419,0.9420052402716121,4.667973826051094,ff12,ew
rolling120,1984-11,1994-10,120,2.4072773257136935,0.969080426848547,0.9411317925035341,4.665349531904531,ff12,ew
rolling120,1984-12,1994-11,120,2.349911033942426,0.9506677430179351,0.93872897314526,4.656960955489522,ff12,ew
rolling120,1985-01,1994-12,120,2.265632894185859,0.9270843549336258,0.938724446516867,4.656802473539365,ff12,ew
rolling120,1985-02,1995-01,120,1.999298516052936,0.8461113810766119,0.9354611473435104,4.646528716819415,ff12,ew
rolling120,1985-03,1995-02,120,1.9479525238918907,0.8296677714940762,0.9337296968289049,4.640762125795742,ff12,ew
rolling120,1985-04,1995-03,120,2.0039044656078993,0.8422512674944369,0.9302651925114674,4.628934018582613,ff12,ew
rolling120,1985-05,1995-04,120,2.1026556113741313,0.8683447196300692,0.9288629656545946,4.624233985503971,ff12,ew
rolling120,1985-06,1995-05,120,2.0745083487229854,0.8595817749195693,0.9286270336926061,4.623561957245566,ff12,ew
rolling120,1985-07,1995-06,120,2.186705346941181,0.8941796779571415,0.9330319060374724,4.638761977390215,ff12,ew
rolling120,1985-08,1995-07,120,2.3068156591068987,0.9306293923749567,0.9354009835340388,4.646781868423629,ff12,ew
rolling120,1985-09,1995-08,120,2.417085181227497,0.9628240913468938,0.9365496842903946,4.650760752118643,ff12,ew
rolling120,1985-10,1995-09,120,2.7180167745131185,1.0473924518801605,0.9365295014579524,4.650743592454607,ff12,ew
rolling120,1985-11,1995-10,120,2.4760453467056887,0.9811805720313959,0.9392452261907407,4.6604560025346125,ff12,ew
rolling120,1985-12,1995-11,120,2.3470770197159263,0.9447548921727706,0.9392612815091939,4.660516746816521,ff12,ew
rolling120,1986-01,1995-12,120,2.2973207103970634,0.9282525479272249,0.9443498039558705,4.677818270677504,ff12,ew
rolling120,1986-02,1996-01,120,2.2688011112041613,0.9224049556205987,0.9473178044629427,4.688429148463872,ff12,ew
rolling120,1986-03,1996-02,120,2.205528011771953,0.8978344023946994,0.9501073310612828,4.69704695085768,ff12,ew
rolling120,1986-04,1996-03,120,2.1405269496563046,0.8775791631699038,0.9496470293149883,4.695560033611076,ff12,ew
rolling120,1986-05,1996-04,120,2.2788198802424913,0.9222210273509832,0.954503913605077,4.7124809373389684,ff12,ew
rolling120,1986-06,1996-05,120,2.3627837644270375,0.9505070296056923,0.9581469984458943,4.7252755926914345,ff12,ew
rolling120,1986-07,1996-06,120,2.2424946387217544,0.9194579489491065,0.959951629972174,4.731494084359668,ff12,ew
rolling120,1986-08,1996-07,120,2.197997327939193,0.9076901983294359,0.9542540441631924,4.708393469830591,ff12,ew
rolling120,1986-09,1996-08,120,2.269547724849522,0.9241297680591269,0.9503062841006493,4.694425631431094,ff12,ew
rolling120,1986-10,1996-09,120,2.5958784710661305,1.016434812076128,0.9504816355304885,4.695068836746818,ff12,ew
rolling120,1986-11,1996-10,120,2.4302516112512933,0.9810535528630453,0.9619866297517378,4.736055635120039,ff12,ew
rolling120,1986-12,1996-11,120,2.5264473224654806,1.0109241931812147,0.9637552712428541,4.74231421577669,ff12,ew
rolling120,1987-01,1996-12,120,2.6279433755014527,1.0418730172961945,0.9648677277463273,4.746178151409834,ff12,ew
rolling120,1987-02,1997-01,120,2.4366266292030585,0.9848053664422289,0.9620739362209366,4.735883621947671,ff12,ew
rolling120,1987-03,1997-02,120,2.149112549281855,0.9031490397680683,0.9611845188954486,4.732203908375024,ff12,ew
rolling120,1987-04,1997-03,120,1.8986002981230752,0.830004452120636,0.9555929146885299,4.710435474561221,ff12,ew
rolling120,1987-05,1997-04,120,1.8903239316577864,0.8277107098364246,0.9548938826576928,4.70774726086378,ff12,ew
rolling120,1987-06,1997-05,120,2.114803731874672,0.8931058497596369,0.9553863526294095,4.709173725341073,ff12,ew
rolling120,1987-07,1997-06,120,2.152163528657083,0.9048429261839182,0.9565827890663071,4.713472280926337,ff12,ew
rolling120,1987-08,1997-07,120,2.163371490463763,0.8993951364872861,0.9425717471068739,4.660992389403711,ff12,ew
rolling120,1987-09,1997-08,120,2.2192984139704337,0.9166015496330033,0.9445694055084268,4.668074622325128,ff12,ew
rolling120,1987-10,1997-09,120,2.5352374818039207,1.008152647395854,0.9457508984917588,4.672133258536726,ff12,ew
rolling120,1987-11,1997-10,120,3.7748111101716866,1.305504350957529,0.8673047782119929,4.387971343942981,ff12,ew
rolling120,1987-12,1997-11,120,3.9591088629025712,1.3648092736040554,0.8723194875718768,4.404004217780744,ff12,ew
rolling120,1988-01,1997-12,120,3.6318687150933266,1.2769581282147076,0.8739700463797954,4.407315224979531,ff12,ew
rolling120,1988-02,1998-01,120,3.3545420237751458,1.207716255255176,0.8769176128978862,4.415997210179678,ff12,ew
rolling120,1988-03,1998-02,120,3.323914733000101,1.1981684214172084,0.8763320275847264,4.414214859532279,ff12,ew
rolling120,1988-04,1998-03,120,3.368283941147949,1.2090536439999888,0.8757779333771183,4.412580373067542,ff12,ew
rolling120,1988-05,1998-04,120,3.3854747183962397,1.2156005312823586,0.876854397053618,4.415961925733438,ff12,ew
rolling120,1988-06,1998-05,120,3.269482587405146,1.1857405174412214,0.8779512380002706,4.419240186927312,ff12,ew
rolling120,1988-07,1998-06,120,2.9607575563933013,1.102679938032813,0.8807020908523833,4.428238792366331,ff12,ew
rolling120,1988-08,1998-07,120,2.725263029923273,1.0441955001821286,0.8851013852925818,4.442594307655511,ff12,ew
rolling120,1988-09,1998-08,120,2.0964113474650454,0.8979244322495422,0.9501806593073715,4.688323876064098,ff12,ew
rolling120,1988-10,1998-09,120,2.1641525310317933,0.9237364928228871,0.9576740508179962,4.714684986035369,ff12,ew
rolling120,1988-11,1998-10,120,2.3073220191824833,0.9660321392512513,0.958074716172843,4.716063016909337,ff12,ew
rolling120,1988-12,1998-11,120,2.6459500038625965,1.090498881741535,0.9650878850504827,4.742855348206062,ff12,ew
rolling120,1989-01,1998-12,120,2.611400520372583,1.0926154502101628,0.9684098372834367,4.753465128806611,ff12,ew
rolling120,1989-02,1999-01,120,2.5859333653336027,1.103925687778355,0.9849641097170164,4.8122645136810736,ff12,ew
rolling120,1989-03,1999-02,120,2.3787274852093496,1.0435855212281073,0.9875692924482922,4.821483848562342,ff12,ew
rolling120,1989-04,1999-03,120,2.3097806008719792,1.0481424433518294,1.0414976945742285,5.04763904157364,ff12,ew
rolling120,1989-05,1999-04,120,2.515851484118161,1.1238932510005848,1.0529880321836949,5.09332329606319,ff12,ew
rolling120,1989-06,1999-05,120,2.5325788932583446,1.1310904293168489,1.0544049728156883,5.098723113229074,ff12,ew
rolling120,1989-07,1999-06,120,2.702731780888558,1.1853353398988289,1.0543156429327956,5.098417762744343,ff12,ew
rolling120,1989-08,1999-07,120,2.6128732455793298,1.157178149904134,1.0549113302379254,5.100764496182153,ff12,ew
rolling120,1989-09,1999-08,120,2.4242505264849745,1.1006609876712445,1.058482003196827,5.114692401335134,ff12,ew
rolling120,1989-10,1999-09,120,2.340711422671222,1.075948857170865,1.0604277691399855,5.122310204059365,ff12,ew
rolling120,1989-11,1999-10,120,2.4875865409120688,1.131379562651795,1.0684217118985038,5.154004940847115,ff12,ew
rolling120,1989-12,1999-11,120,2.721952309815604,1.243145240770227,1.1177159262846819,5.365300091897849,ff12,ew
rolling120,1990-01,1999-12,120,2.979026147380037,1.3655999705502098,1.1567760394705648,5.530409745119208,ff12,ew
rolling120,1990-02,2000-01,120,3.418113106278568,1.5409467155911565,1.1858901506132364,5.66727615830067,ff12,ew
rolling120,1990-03,2000-02,120,3.7825401350833703,1.7810265364121767,1.300075120656584,6.197069584259182,ff12,ew
rolling120,1990-04,2000-03,120,3.8012323850700698,1.8111659516672047,1.3131494902902774,6.265156103399065,ff12,ew
rolling120,1990-05,2000-04,120,3.599986822202651,1.7700639215509941,1.3272707523969778,6.337581309502882,ff12,ew
rolling120,1990-06,2000-05,120,3.213669351290144,1.6566265500967479,1.361863336468067,6.526832458088846,ff12,ew
rolling120,1990-07,2000-06,120,3.417034465350387,1.7578561741189012,1.379667409996519,6.624092809386595,ff12,ew
rolling120,1990-08,2000-07,120,3.444599101706742,1.7735735369471104,1.3816607363929292,6.634577843316989,ff12,ew
rolling120,1990-09,2000-08,120,4.302703212811376,2.104190837603509,1.3701154825645596,6.568639762036738,ff12,ew
rolling120,1990-10,2000-09,120,4.538397972602933,2.2142153812797742,1.3737869376415195,6.586667509808637,ff12,ew
rolling120,1990-11,2000-10,120,4.540353345421955,2.22034117474719,1.3752392438701253,6.593840385672153,ff12,ew
rolling120,1990-12,2000-11,120,3.7780316093517303,1.9730985059452704,1.3925180782807043,6.6863666231018115,ff12,ew
rolling120,1991-01,2000-12,120,3.841655830613414,2.0411677722632793,1.4361057116444331,6.942363788009082,ff12,ew
rolling120,1991-02,2001-01,120,4.444106040860306,2.4166951510261163,1.5101832555982497,7.366382217153788,ff12,ew
rolling120,1991-03,2001-02,120,3.578074069113714,2.0634387739508155,1.5185271289432718,7.412281274350081,ff12,ew
rolling120,1991-04,2001-03,120,3.029574891104909,1.8281800284258078,1.5247170085696453,7.447568486257289,ff12,ew
rolling120,1991-05,2001-04,120,3.1542697435168217,1.888084718828116,1.52731175550664,7.463242025095519,ff12,ew
rolling120,1991-06,2001-05,120,3.2699109305888134,1.9411858148327552,1.5278685364797076,7.466784481864934,ff12,ew
rolling120,1991-07,2001-06,120,3.4367816924924686,2.0288839446830305,1.5339234345265298,7.502978329087387,ff12,ew
rolling120,1991-08,2001-07,120,3.1622251859925194,1.9076616192039946,1.536287015344953,7.516802611201687,ff12,ew
rolling120,1991-09,2001-08,120,2.900912020571403,1.7947521843867533,1.5409587264637716,7.544809795570876,ff12,ew
rolling120,1991-10,2001-09,120,2.3406035731064563,1.5462137103511049,1.5510373917018307,7.607542734960822,ff12,ew
rolling120,1991-11,2001-10,120,2.466350532423394,1.613749235955846,1.562069273400022,7.6780971492268275,ff12,ew
rolling120,1991-12,2001-11,120,2.7813095703061546,1.771136299624192,1.5706149782438643,7.731336730697108,ff12,ew
rolling120,1992-01,2001-12,120,2.875193050431769,1.8108148604798995,1.567419315578496,7.7113219072262265,ff12,ew
rolling120,1992-02,2002-01,120,2.419787566465096,1.591290991511464,1.5613466279912407,7.673711374830057,ff12,ew
rolling120,1992-03,2002-02,120,2.179867288547711,1.485394154438776,1.5648545481434626,7.694007237587441,ff12,ew
rolling120,1992-04,2002-03,120,2.497515207296987,1.6338369025186137,1.565373755112456,7.697623977072252,ff12,ew
rolling120,1992-05,2002-04,120,2.6200525506207404,1.6945943468945928,1.5683130992264205,7.7156323625201235,ff12,ew
rolling120,1992-06,2002-05,120,2.5279534455062636,1.6530893386580943,1.5697603724117684,7.724664261607663,ff12,ew
rolling120,1992-07,2002-06,120,2.432577682797963,1.6167736004396323,1.5748825659404404,7.755190558711248,ff12,ew
rolling120,1992-08,2002-07,120,1.9525397255842334,1.3932171955519288,1.5780504537152529,7.775447464396983,ff12,ew
rolling120,1992-09,2002-08,120,2.0404007867535348,1.4347408974069489,1.5779893015694642,7.774942831985206,ff12,ew
rolling120,1992-10,2002-09,120,1.7528270663019172,1.3011960006665975,1.58038999258413,7.790009644223453,ff12,ew
rolling120,1992-11,2002-10,120,1.7997535829811908,1.3267997602270556,1.5854164570224627,7.822793214516633,ff12,ew
rolling120,1992-12,2002-11,120,1.9174907167918511,1.398988450870708,1.6123862331646863,8.002130616990707,ff12,ew
rolling120,1993-01,2002-12,120,1.7097694267206736,1.3040271666325298,1.6181919603882386,8.039966193337522,ff12,ew
rolling120,1993-02,2003-01,120,1.5338067890131675,1.2186443088842294,1.6173448128872514,8.034503587220863,ff12,ew
rolling120,1993-03,2003-02,120,1.4802287387145507,1.1877932292079703,1.612933596362391,8.007081413812719,ff12,ew
rolling120,1993-04,2003-03,120,1.4176666797898059,1.1572608392948263,1.611961486735433,8.000598603056073,ff12,ew
rolling120,1993-05,2003-04,120,1.6846230798798474,1.2871481074986715,1.6142882083826469,8.015581321700806,ff12,ew
rolling120,1993-06,2003-05,120,1.8959560135323543,1.3992750759324422,1.628055922752509,8.105845410434009,ff12,ew
rolling120,1993-07,2003-06,120,1.9772797826097128,1.438453132045144,1.6266830718332244,8.09548869638677,ff12,ew
rolling120,1993-08,2003-07,120,2.095017853793538,1.5011026317785368,1.6314939239757063,8.126147901970445,ff12,ew
rolling120,1993-09,2003-08,120,2.1037360748041714,1.5032753304044362,1.628138820235278,8.10282406794852,ff12,ew
rolling120,1993-10,2003-09,120,2.0755611089733077,1.489886342162186,1.6285358403127332,8.105555349462861,ff12,ew
rolling120,1993-11,2003-10,120,2.1676974771451754,1.5329313447977857,1.6264987877941026,8.091745661362316,ff12,ew
rolling120,1993-12,2003-11,120,2.3911259974881696,1.6371387338420305,1.6231046401597788,8.069838534280409,ff12,ew
rolling120,1994-01,2003-12,120,2.521979593455069,1.7059949547469913,1.6306675516180293,8.121945174808936,ff12,ew
rolling120,1994-02,2004-01,120,2.573514727049004,1.7329523674701321,1.6331074149476175,8.138553747352082,ff12,ew
rolling120,1994-03,2004-02,120,2.655717270404909,1.7740473624729807,1.6341716105870796,8.145536420019962,ff12,ew
rolling120,1994-04,2004-03,120,2.839785998500301,1.8643644610042625,1.6350001885249354,8.15099125917069,ff12,ew
rolling120,1994-05,2004-04,120,2.8067781293788947,1.8495063886219112,1.6359745496586728,8.157427360381096,ff12,ew
rolling120,1994-06,2004-05,120,2.8014896543516765,1.8473517158161812,1.6363208204696553,8.159703606174968,ff12,ew
rolling120,1994-07,2004-06,120,3.016398682715031,1.9522435351765821,1.6365349955982464,8.160993767257304,ff12,ew
rolling120,1994-08,2004-07,120,2.7463909030322746,1.8273540700733726,1.641798991738422,8.195641396892574,ff12,ew
rolling120,1994-09,2004-08,120,2.5594056903324907,1.7372633399882502,1.643002014729534,8.203763989383638,ff12,ew
rolling120,1994-10,2004-09,120,2.680175397971918,1.7986986223233867,1.6459677634157126,8.224257972501576,ff12,ew
rolling120,1994-11,2004-10,120,2.7415412999680675,1.8278589859145957,1.6450035406577632,8.21761850232803,ff12,ew
rolling120,1994-12,2004-11,120,3.264400556512678,2.083332822800429,1.6450758811031323,8.218129242439877,ff12,ew
rolling120,1995-01,2004-12,120,3.5648755705605275,2.231903940313029,1.646186152151807,8.225379690125306,ff12,ew
rolling120,1995-02,2005-01,120,3.330501993044191,2.119588441701919,1.6480758746565638,8.23809034095115,ff12,ew
rolling120,1995-03,2005-02,120,3.2961565961178465,2.1137681492629836,1.660623755321346,8.326946106144506,ff12,ew
rolling120,1995-04,2005-03,120,3.122611187709806,2.030101845002029,1.6619192765614879,8.33559169110263,ff12,ew
rolling120,1995-05,2005-04,120,2.8036643267913046,1.8768876193486799,1.6656650086516263,8.361194510431517,ff12,ew
rolling120,1995-06,2005-05,120,2.916370114718871,1.9319733287386713,1.6651968606037468,8.358017045254769,ff12,ew
rolling120,1995-07,2005-06,120,2.908485498722281,1.9269428840821812,1.6646824461413503,8.355167818784908,ff12,ew
rolling120,1995-08,2005-07,120,2.9501250285799765,1.946382456464321,1.6637649380486128,8.348953105165986,ff12,ew
rolling120,1995-09,2005-08,120,2.7935472912794412,1.8709915272834892,1.66593040015629,8.364257512961688,ff12,ew
rolling120,1995-10,2005-09,120,2.725605825619139,1.8422755912703683,1.6718588787985724,8.406258862068151,ff12,ew
rolling120,1995-11,2005-10,120,2.731825643573406,1.8453636804387625,1.6713570508364233,8.40238630759843,ff12,ew
rolling120,1995-12,2005-11,120,2.77903175836997,1.8694250410267732,1.6720352272003056,8.407031028343832,ff12,ew
rolling120,1996-01,2005-12,120,2.771677677123729,1.8629827207064205,1.6692093465249516,8.387547824455122,ff12,ew
rolling120,1996-02,2006-01,120,2.9525750994636817,1.9562800148801431,1.6730961802732134,8.414408871340491,ff12,ew
rolling120,1996-03,2006-02,120,2.803396158806198,1.8863523404835374,1.6746201843873856,8.423773259971105,ff12,ew
rolling120,1996-04,2006-03,120,2.8352527627442914,1.902422490548146,1.6746722337359554,8.42398556343961,ff12,ew
rolling120,1996-05,2006-04,120,2.6886748871773696,1.8274683936166072,1.6725372476132263,8.409398384706096,ff12,ew
rolling120,1996-06,2006-05,120,2.309410394634429,1.6382736994900278,1.67106699005812,8.399252225963796,ff12,ew
rolling120,1996-07,2006-06,120,2.3674078089767625,1.665100719929088,1.6692487295505474,8.386966589519208,ff12,ew
rolling120,1996-08,2006-07,120,2.5636645835735408,1.7595077340905791,1.6677301311756902,8.377756207100635,ff12,ew
rolling120,1996-09,2006-08,120,2.4690049208971026,1.7140455494209408,1.6688883983127196,8.385560096786113,ff12,ew
rolling120,1996-10,2006-09,120,2.3862427875209584,1.67641127146182,1.671224644686214,8.40085646800501,ff12,ew
rolling120,1996-11,2006-10,120,2.6420988835469434,1.7953057083479356,1.6629705113399933,8.343997916222126,ff12,ew
rolling120,1996-12,2006-11,120,2.6774241647534023,1.8122209611423705,1.6625906496722085,8.341500134712765,ff12,ew
rolling120,1997-01,2006-12,120,2.7528944391670778,1.8496713899785648,1.662616200165269,8.341541592797846,ff12,ew
rolling120,1997-02,2007-01,120,2.629752037479605,1.788783383838922,1.6624177984415687,8.340180874800463,ff12,ew
rolling120,1997-03,2007-02,120,2.7094608343534468,1.8238481961019228,1.6589099056990326,8.31676351525859,ff12,ew
rolling120,1997-04,2007-03,120,2.9188713645533895,1.9232731131757381,1.655948648971225,8.296909749895752,ff12,ew
rolling120,1997-05,2007-04,120,3.1140467885729057,2.018903426763498,1.6559571283386516,8.297079208387471,ff12,ew
rolling120,1997-06,2007-05,120,2.9028205318563662,1.9130693699284007,1.6538222597500303,8.282510296970344,ff12,ew
rolling120,1997-07,2007-06,120,2.722662982653508,1.8246077164901469,1.6535604783470539,8.280634357021444,ff12,ew
rolling120,1997-08,2007-07,120,2.388171096663857,1.6605110170456912,1.6534186597883724,8.279690355289882,ff12,ew
rolling120,1997-09,2007-08,120,2.2364043018940527,1.5854645559618514,1.6526592730108451,8.274543246645857,ff12,ew
rolling120,1997-10,2007-09,120,2.040298642277566,1.4890511289028447,1.6523084692331098,8.27221865880391,ff12,ew
rolling120,1997-11,2007-10,120,2.1305008665104586,1.533796723654097,1.6530201135498213,8.277074390321937,ff12,ew
rolling120,1997-12,2007-11,120,1.9242998922373773,1.430923989467459,1.651399785770409,8.266664775337532,ff12,ew
rolling120,1998-01,2007-12,120,1.9944212724486272,1.4595455052416588,1.6429325423470766,8.20824899741757,ff12,ew
rolling120,1998-02,2008-01,120,1.79024777629111,1.358838449148172,1.6420856290944499,8.203118434634542,ff12,ew
rolling120,1998-03,2008-02,120,1.5684837394469802,1.2539681355819772,1.6477030582428245,8.242148981515927,ff12,ew
rolling120,1998-04,2008-03,120,1.391988898191737,1.1678885147948135,1.6477850139894568,8.24266697554498,ff12,ew
rolling120,1998-05,2008-04,120,1.4118943026984985,1.1790606441431786,1.6502069125742544,8.259233226573988,ff12,ew
rolling120,1998-06,2008-05,120,1.6273576709179753,1.2894845071188734,1.6599006800305647,8.327963188644302,ff12,ew
rolling120,1998-07,2008-06,120,1.4755667659690963,1.2293696343566174,1.6917445611003878,8.559690787886527,ff12,ew
rolling120,1998-08,2008-07,120,1.606325472751918,1.3017781136691657,1.6953805638383201,8.582984594280196,ff12,ew
rolling120,1998-09,2008-08,120,2.276925885920658,1.6164760523638626,1.6629794636364417,8.347656247751717,ff12,ew
rolling120,1998-10,2008-09,120,1.7468210803102453,1.3623340646749902,1.6711028131848198,8.401728821404722,ff12,ew
rolling120,1998-11,2008-10,120,1.0535937185058906,1.0332499103434083,1.6973826772956928,8.58255300342586,ff12,ew
rolling120,1998-12,2008-11,120,0.6603352074777866,0.8330788531859376,1.7005283577551522,8.61075424268962,ff12,ew
rolling120,1999-01,2008-12,120,0.6675267046656204,0.8360079223694707,1.7003761308156329,8.61026132828245,ff12,ew
rolling120,1999-02,2009-01,120,0.5129944496472554,0.7564392392151946,1.6956338837452827,8.577485029136495,ff12,ew
rolling120,1999-03,2009-02,120,0.3905382117753659,0.6971368917900467,1.7002400608779138,8.609154006158626,ff12,ew
rolling120,1999-04,2009-03,120,0.5559001374416881,0.7733744489136994,1.6734267758412373,8.409665831015197,ff12,ew
rolling120,1999-05,2009-04,120,0.7447690117985126,0.8742411456055829,1.6827092402006185,8.469645324223,ff12,ew
rolling120,1999-06,2009-05,120,0.854206319497423,0.9363633891698768,1.701774985856294,8.607270422520996,ff12,ew
rolling120,1999-07,2009-06,120,0.8402289154638822,0.9338007921950946,1.7094257430796511,8.659886066832717,ff12,ew
rolling120,1999-08,2009-07,120,1.002577952570582,1.0185959536712523,1.714057492920934,8.692693923850204,ff12,ew
rolling120,1999-09,2009-08,120,1.23124279816586,1.1373315013323064,1.7189114649781005,8.728026558824805,ff12,ew
rolling120,1999-10,2009-09,120,1.4625114084547781,1.2588985124804943,1.7244850973098262,8.767755471952153,ff12,ew
rolling120,1999-11,2009-10,120,1.3595732473468254,1.202913784676378,1.718539533673449,8.724933905348479,ff12,ew
rolling120,1999-12,2009-11,120,1.2775490275270975,1.1458541117135155,1.6854862686738326,8.48487402722529,ff12,ew
rolling120,2000-01,2009-12,120,1.2949557065005637,1.1374947822123915,1.6524279575804623,8.256664377247999,ff12,ew
rolling120,2000-02,2010-01,120,1.158540918102382,1.0605669324266687,1.6308112857480974,8.105443017067397,ff12,ew
rolling120,2000-03,2010-02,120,1.0343453072874982,0.9604799693767313,1.533767522016947,7.479486372173901,ff12,ew
rolling120,2000-04,2010-03,120,1.1292228146925152,0.9964725144644087,1.5186526768370048,7.387039500536212,ff12,ew
rolling120,2000-05,2010-04,120,1.4685870597378177,1.1397702694341034,1.5002837073745003,7.280149079734188,ff12,ew
rolling120,2000-06,2010-05,120,1.3500176012810376,1.0668897171739842,1.4643650585448644,7.060365072374691,ff12,ew
rolling120,2000-07,2010-06,120,1.0590352914040353,0.927494048725349,1.4487079990277754,6.968309995759143,ff12,ew
rolling120,2000-08,2010-07,120,1.237917332441739,1.0038178699322442,1.4424229507857276,6.933009947772237,ff12,ew
rolling120,2000-09,2010-08,120,0.9725868977675738,0.8809710307513133,1.4343967498347048,6.8867144498330894,ff12,ew
rolling120,2000-10,2010-09,120,1.2586257457316163,0.9994680456727151,1.4216828925188505,6.817021858539215,ff12,ew
rolling120,2000-11,2010-10,120,1.510742233954697,1.1074746327290834,1.4173344482902428,6.793432903919725,ff12,ew
rolling120,2000-12,2010-11,120,1.880731345886641,1.2383118335479995,1.3954016694677764,6.68029858833294,ff12,ew
rolling120,2001-01,2010-12,120,2.063325262986936,1.2894932271997153,1.3486560350808205,6.414107450979006,ff12,ew
rolling120,2001-02,2011-01,120,1.5822693330531372,1.0218963281047948,1.2577240373218541,5.968338686946482,ff12,ew
rolling120,2001-03,2011-02,120,1.8501322594191394,1.1048882192103169,1.2488579573945842,5.93319409321338,ff12,ew
rolling120,2001-04,2011-03,120,2.063151466111752,1.1723784212073034,1.2375322392613377,5.882501674157913,ff12,ew
rolling120,2001-05,2011-04,120,1.9297621634484008,1.1171643041204922,1.2323145087504908,5.857647388857613,ff12,ew
rolling120,2001-06,2011-05,120,1.7055879019778617,1.0295362499249943,1.229408436327213,5.843796927027217,ff12,ew
rolling120,2001-07,2011-06,120,1.6385070239697659,0.9956718535224639,1.2234538767357228,5.81703040776705,ff12,ew
rolling120,2001-08,2011-07,120,1.6596172546058794,1.0010073420876917,1.2216600165677631,5.809355877944168,ff12,ew
rolling120,2001-09,2011-08,120,1.5017231378698783,0.9418036365984102,1.2253752387391252,5.82920065897662,ff12,ew
rolling120,2001-10,2011-09,120,1.5532978831551523,0.9587400280605315,1.2196644290276002,5.8019417253004955,ff12,ew
rolling120,2001-11,2011-10,120,1.7089216203959956,1.0122438043857735,1.2112739060706728,5.761507820339981,ff12,ew
rolling120,2001-12,2011-11,120,1.4947927517490691,0.9242140397412323,1.2025998706690715,5.722389911681287,ff12,ew
rolling120,2002-01,2011-12,120,1.35460145908872,0.8714967994916799,1.2015171766988844,5.71744437046326,ff12,ew
rolling120,2002-02,2012-01,120,1.5446561695833707,0.938034177290794,1.198773640157583,5.705802641868533,ff12,ew
rolling120,2002-03,2012-02,120,1.715346256920998,0.9914270820447674,1.1924770136481735,5.679615507397752,ff12,ew
rolling120,2002-04,2012-03,120,1.5672922574739068,0.9377581511342867,1.1921832086531965,5.6778901656368825,ff12,ew
rolling120,2002-05,2012-04,120,1.522498161780244,0.915005578402149,1.1862222622722056,5.652341780088808,ff12,ew
rolling120,2002-06,2012-05,120,1.391614941627887,0.8706437859681294,1.1885900304899057,5.662422435262596,ff12,ew
rolling120,2002-07,2012-06,120,1.6524069990898678,0.9571104745529612,1.1839774005301078,5.643494971797727,ff12,ew
rolling120,2002-08,2012-07,120,1.9813908146639578,1.0729363246682657,1.180592478958427,5.6282134419089775,ff12,ew
rolling120,2002-09,2012-08,120,2.031384891008646,1.0898158224229988,1.1793530223464816,5.622651609904775,ff12,ew
rolling120,2002-10,2012-09,120,2.447118305364446,1.23665119759703,1.1775799026679266,5.614981847627395,ff12,ew
rolling120,2002-11,2012-10,120,2.2719012794064066,1.1703404145288352,1.1726595194504008,5.592209969887914,ff12,ew
rolling120,2002-12,2012-11,120,1.9443674901414965,1.0293750766490863,1.1343450194666818,5.421333863563841,ff12,ew
rolling120,2003-01,2012-12,120,2.1444681484224306,1.092255965086081,1.1276234621333454,5.393247266388713,ff12,ew
rolling120,2003-02,2013-01,120,2.394900157897238,1.178561101672446,1.1269367716469199,5.390329446054127,ff12,ew
rolling120,2003-03,2013-02,120,2.510874015815433,1.2160105664187755,1.1234698444866011,5.375073705589902,ff12,ew
rolling120,2003-04,2013-03,120,2.645539108567148,1.2615557517931681,1.1225550054871691,5.37124204302959,ff12,ew
rolling120,2003-05,2013-04,120,2.3414089117516,1.1546933845569156,1.1217672287222529,5.368189749308178,ff12,ew
rolling120,2003-06,2013-05,120,2.0884172627491546,1.0537269098830484,1.1047851521201792,5.298779598238851,ff12,ew
rolling120,2003-07,2013-06,120,1.943136981390429,1.002050034360068,1.1029633471424227,5.291575143052712,ff12,ew
rolling120,2003-08,2013-07,120,1.9894830330772284,1.0092575699308586,1.0976325688413398,5.271250235485196,ff12,ew
rolling120,2003-09,2013-08,120,1.7871868310139787,0.9400554702283755,1.0966735180639726,5.267383699376798,ff12,ew
rolling120,2003-10,2013-09,120,1.9016633107420042,0.9781045261566824,1.0956690567268164,5.263031100064228,ff12,ew
rolling120,2003-11,2013-10,120,1.7852609850603587,0.9376305815701486,1.0939381881847554,5.255888207599294,ff12,ew
rolling120,2003-12,2013-11,120,1.7766109670361168,0.936848037948586,1.0960995488996081,5.264614916240119,ff12,ew
rolling120,2004-01,2013-12,120,1.7190816360283918,0.9110237375047161,1.084687366166162,5.21519770292656,ff12,ew
rolling120,2004-02,2014-01,120,1.5492085224637262,0.855464339457029,1.0875602452836823,5.22787957649388,ff12,ew
rolling120,2004-03,2014-02,120,1.6354106085495492,0.882779473303261,1.085985094529804,5.221710392181305,ff12,ew
rolling120,2004-04,2014-03,120,1.647150411798961,0.8871161182071572,1.0864726305067791,5.223684890867989,ff12,ew
rolling120,2004-05,2014-04,120,1.6282704839239956,0.8825988622728492,1.0894879478054742,5.236279234815974,ff12,ew
rolling120,2004-06,2014-05,120,1.6525873547746293,0.889760859254131,1.0884750948087294,5.232270276842127,ff12,ew
rolling120,2004-07,2014-06,120,1.6790566004386198,0.8974396840282275,1.0874683234337106,5.228387670143279,ff12,ew
rolling120,2004-08,2014-07,120,1.6911950260685473,0.8959169689940043,1.0825500630751688,5.209210120990382,ff12,ew
rolling120,2004-09,2014-08,120,1.8514952764493136,0.9489200200006981,1.0821280399410276,5.207621957996622,ff12,ew
rolling120,2004-10,2014-09,120,1.5853599797412188,0.8599322241585194,1.079360658662319,5.195206640576278,ff12,ew
rolling120,2004-11,2014-10,120,1.600299602420315,0.8772703748094439,1.079597328802285,5.19624659081059,ff12,ew
rolling120,2004-12,2014-11,120,1.361883271203491,0.8064200575584648,1.0778643467398492,5.1886229834909345,ff12,ew
rolling120,2005-01,2014-12,120,1.2572370850679535,0.7730740994049559,1.0784475856920386,5.190131338874062,ff12,ew
rolling120,2005-02,2015-01,120,1.2348356219317176,0.7657621840992388,1.0791403226636955,5.193048323285819,ff12,ew
rolling120,2005-03,2015-02,120,1.3326895220198942,0.7960603622401919,1.0656521495891167,5.1317869999708785,ff12,ew
rolling120,2005-04,2015-03,120,1.38371280433861,0.814431158073905,1.065367168639406,5.130118834009613,ff12,ew
rolling120,2005-05,2015-04,120,1.5734039928462793,0.8879904773281974,1.0842517048067888,5.21035859063243,ff12,ew
rolling120,2005-06,2015-05,120,1.4626659362033845,0.8530115142936567,1.0873144246196718,5.222106415086601,ff12,ew
rolling120,2005-07,2015-06,120,1.3303645961521422,0.8072618523185338,1.0850559248018996,5.21112655111155,ff12,ew
rolling120,2005-08,2015-07,120,1.1031281323756672,0.7400368637989255,1.085645061047309,5.211372279154195,ff12,ew
rolling120,2005-09,2015-08,120,1.0375723640859533,0.7175338119598037,1.0870647377336748,5.217522703727815,ff12,ew
rolling120,2005-10,2015-09,120,0.8979314294812626,0.6725959377874965,1.0876393903751205,5.214484221723164,ff12,ew
rolling120,2005-11,2015-10,120,1.1059622562471225,0.7461408955404438,1.0879806586497052,5.2163156871358645,ff12,ew
rolling120,2005-12,2015-11,120,1.0622086083724631,0.7339625635947096,1.0952945954109168,5.247319869386079,ff12,ew
rolling120,2006-01,2015-12,120,0.9408992129676534,0.695116195979448,1.0992603927121298,5.2618144246995975,ff12,ew
rolling120,2006-02,2016-01,120,0.6483897734945949,0.5963909876203161,1.11187080181951,5.313721055287242,ff12,ew
rolling120,2006-03,2016-02,120,0.6605829420173306,0.6018466068410946,1.1141036070877839,5.322757715821699,ff12,ew
rolling120,2006-04,2016-03,120,0.7423590045077268,0.6365535573018564,1.131357322505181,5.402068674534434,ff12,ew
rolling120,2006-05,2016-04,120,0.7908217620356708,0.6593813639215836,1.1488507609430674,5.484317878645109,ff12,ew
rolling120,2006-06,2016-05,120,0.8625319548119199,0.6864170257311618,1.1494878540145437,5.486742202650749,ff12,ew
rolling120,2006-07,2016-06,120,0.8879887550797729,0.6970104882670421,1.1519856588379969,5.497696950668967,ff12,ew
rolling120,2006-08,2016-07,120,1.0442017946840023,0.7543409750333896,1.1492499752458702,5.484125444131781,ff12,ew
rolling120,2006-09,2016-08,120,1.058335582774375,0.7614878723811584,1.1528662177846511,5.499830072796593,ff12,ew
rolling120,2006-10,2016-09,120,1.0900383248383232,0.7724305898494408,1.1537305109463605,5.504721438214219,ff12,ew
rolling120,2006-11,2016-10,120,0.8860275778845284,0.699956413498389,1.1571793017711431,5.518551961303564,ff12,ew
rolling120,2006-12,2016-11,120,0.989092691248163,0.742248484874476,1.1644427600304361,5.550040322919004,ff12,ew
rolling120,2007-01,2016-12,120,1.0025406867755082,0.7477119642639874,1.1656476501067852,5.555533189072677,ff12,ew
year,1927-01,1927-12,12,0.4094225106942497,0.1368709770737198,0.418845984798796,3.260155301815386,ff12,vw
year,1928-01,1928-12,12,0.4270959958357258,0.17439506560319257,0.6413967165958269,3.5772376854780905,ff12,vw
year,1929-01,1929-12,12,-0.14035597650538092,0.15421177611665876,0.55909307538477,3.367168327549029,ff12,vw
year,1930-01,1930-12,12,-0.2776358542268865,0.1008761249400949,0.37540196596780134,3.17050902751058,ff12,vw
year,1931-01,1931-12,12,-0.40514110920935326,0.10066806308563787,0.4387835578596497,3.290621439498469,ff12,vw
year,1932-01,1932-12,12,-0.08457919935745174,0.2224253724460614,0.7160837882072761,3.7449542956924513,ff12,vw
year,1933-01,1933-12,12,0.5596862411105081,0.3387168567705299,0.6123926486771063,3.5789635580598533,ff12,vw
year,1934-01,1934-12,12,0.05782110187735736,0.13266395266253436,0.3256248534723243,3.079918993971427,ff12,vw
year,1935-01,1935-12,12,0.4747049138788972,0.19437103253329363,0.5929402744534035,3.6672597093004273,ff12,vw
year,1936-01,1936-12,12,0.3085725388253625,0.14036511116108108,0.3827998766363325,3.2543754756860084,ff12,vw
year,1937-01,1937-12,12,-0.34487855766865066,0.08738954631253638,0.34559599916383554,3.2182830828134597,ff12,vw
year,1938-01,1938-12,12,0.30238612316427893,0.1853138041954402,0.45587929984622066,3.2846493919676814,ff12,vw
year,1939-01,1939-12,12,0.052205249807514564,0.15138877976565546,0.42964400648666884,2.978617261329863,ff12,vw
year,1940-01,1940-12,12,-0.08559579461688545,0.08250674136326429,0.2270333026312231,3.23903877887635,ff12,vw
year,1941-01,1941-12,12,-0.12397810163479799,0.08231441638234374,0.31204753250947687,3.0977231114845627,ff12,vw
year,1942-01,1942-12,12,0.20529189915914967,0.11383250149246284,0.32256722067187915,3.212356602370749,ff12,vw
year,1943-01,1943-12,12,0.30866065968374534,0.09167595413669748,0.22131770240445878,3.012075831370802,ff12,vw
year,1944-01,1944-12,12,0.20417893500134776,0.06341214762363041,0.2193122895839305,3.125362184218105,ff12,vw
year,1945-01,1945-12,12,0.4040130285065204,0.10925216069097736,0.1469506898858162,2.908771024090871,ff12,vw
year,1946-01,1946-12,12,-0.052597720024071405,0.08241183452795486,0.3224146706639246,3.1443155135141816,ff12,vw
year,1947-01,1947-12,12,0.004637884079306952,0.07514555707488497,0.32287130893305893,3.3019263811571635,ff12,vw
year,1948-01,1948-12,12,0.02772508971868939,0.08069939544409785,0.378297075840164,3.2156265392177223,ff12,vw
year,1949-01,1949-12,12,0.23611425159699004,0.07832949062364701,0.15148638168238732,2.986201011675224,ff12,vw
year,1950-01,1950-12,12,0.2544501117702659,0.11971563011303361,0.5159433874776269,3.2484902434008456,ff12,vw
year,1951-01,1951-12,12,0.199630985181465,0.09685042119525526,0.30203766815703875,3.068502487523993,ff12,vw
year,1952-01,1952-12,12,0.13364796306944277,0.07595979290690547,0.17272342398747673,3.0046160807781606,ff12,vw
year,1953-01,1953-12,12,0.010689754686919399,0.058427143845964355,0.08837633099639416,2.9106830665381818,ff12,vw
year,1954-01,1954-12,12,0.47070677509133574,0.1274831998449822,0.37108236504682107,3.251390660968058,ff12,vw
year,1955-01,1955-12,12,0.21989565434124791,0.12200030932345052,0.768548932575908,4.031449163961835,ff12,vw
year,1956-01,1956-12,12,0.05311931010294084,0.07774610115497722,0.3045498627031495,3.0759723430101227,ff12,vw
year,1957-01,1957-12,12,-0.04722616270097857,0.08552365682834392,0.26738963540438254,3.044270425529316,ff12,vw
year,1958-01,1958-12,12,0.4978703323710123,0.12301841994564497,0.4354697924601776,3.2407308814647906,ff12,vw
year,1959-01,1959-12,12,0.1445745463257676,0.09604457528770788,0.2512930624373843,3.134085585307959,ff12,vw
year,1960-01,1960-12,12,0.03523726501227437,0.09258110059062818,0.3840466836420606,3.2289724592175277,ff12,vw
year,1961-01,1961-12,12,0.306166423236206,0.09612346632839774,0.2966185370895999,3.0984108358397364,ff12,vw
year,1962-01,1962-12,12,-0.10427969843667673,0.07510406214756707,0.09399473259450815,3.0116748865865453,ff12,vw
year,1963-01,1963-12,12,0.21526180503715878,0.0792269812275036,0.40655923617797535,3.2319376885433373,ff12,vw
year,1964-01,1964-12,12,0.15272079037319106,0.06924696130266635,0.18190731550414296,3.004247351777363,ff12,vw
year,1965-01,1965-12,12,0.1554995363406957,0.07793254547826295,0.14309047511759293,2.9641155952877103,ff12,vw
year,1966-01,1966-12,12,-0.09010313759387494,0.08276177680433709,0.36988832695148266,3.118437387809359,ff12,vw
year,1967-01,1967-12,12,0.2860036410154969,0.10639736668171433,0.17791974250198295,3.2017546617860235,ff12,vw
year,1968-01,1968-12,12,0.17141272104967042,0.1052750096241085,0.2358823573674329,3.0310246590778047,ff12,vw
year,1969-01,1969-12,12,-0.09216185696613692,0.07728349941751742,0.1837587808641974,3.064215652120324,ff12,vw
year,1970-01,1970-12,12,0.01888440452746327,0.09576193468226958,0.29722774799882995,3.133626376019682,ff12,vw
year,1971-01,1971-12,12,0.1716443126119081,0.08924640064692106,0.09196496670673297,2.9747347896224925,ff12,vw
year,1972-01,1972-12,12,0.16507006452123887,0.09060812205638606,0.28711554068202866,3.1810234987194805,ff12,vw
year,1973-01,1973-12,12,-0.1999458338008501,0.08652788042725768,0.31807106942677377,3.1254968679824255,ff12,vw
year,1974-01,1974-12,12,-0.2631905267806672,0.0895788159569048,0.4127157489894744,3.275020222897119,ff12,vw
year,1975-01,1975-12,12,0.40235054353160665,0.15815636366060545,0.2109315602062844,3.0722819291574632,ff12,vw
year,1976-01,1976-12,12,0.2610447008689127,0.10804556165477432,0.13620118458586972,3.0556799205638216,ff12,vw
year,1977-01,1977-12,12,-0.027554756227411638,0.062255456854035676,0.17562506391785745,2.976954526759305,ff12,vw
year,1978-01,1978-12,12,0.0784342704380369,0.0827028077001817,0.21285724241280338,3.100115065890068,ff12,vw
year,1979-01,1979-12,12,0.2011485034201944,0.08677602824092097,0.1748050119377152,3.097171459075389,ff12,vw
year,1980-01,1980-12,12,0.2794208009711554,0.16552335370230833,0.6005344429580945,3.7277319495549768,ff12,vw
year,1981-01,1981-12,12,0.022658233641443478,0.10977566529195348,0.2576516557244575,3.1443629670417677,ff12,vw
year,1982-01,1982-12,12,0.26841257296657967,0.12302390733728753,0.10895897582823308,2.945999496270251,ff12,vw
year,1983-01,1983-12,12,0.2227502676539974,0.1105830703327968,0.3007348943265315,3.115488797226324,ff12,vw
year,1984-01,1984-12,12,0.04963771119325681,0.0948823917160442,0.4808156449530066,3.3937969365553022,ff12,vw
year,1985-01,1985-12,12,0.3345260916185901,0.11168492515120029,0.12445290529855742,2.9175190606477837,ff12,vw
year,1986-01,1986-12,12,0.18701266613835008,0.11641427886387803,0.41380813997462595,3.379558541888043,ff12,vw
year,1987-01,1987-12,12,0.042729241766087854,0.12914265248104673,0.6042151452533155,3.420704450931756,ff12,vw
year,1988-01,1988-12,12,0.18158250501312181,0.09769092370931665,0.15333393261421374,2.9706125447252374,ff12,vw
year,1989-01,1989-12,12,0.28162594523363393,0.09876890330082398,0.16759077465325672,2.9869527957641266,ff12,vw
year,1990-01,1990-12,12,-0.059178348746470995,0.10155425487681674,0.4254726446872234,3.2490043840452176,ff12,vw
year,1991-01,1991-12,12,0.32546118846747585,0.12832827338828637,0.30830294534413044,3.1393434598591736,ff12,vw
year,1992-01,1992-12,12,0.11874021162109441,0.11145266338172774,0.3559169518854519,3.1877970424874955,ff12,vw
year,1993-01,1993-12,12,0.13356472817591852,0.10883469202427389,0.11569338220355024,2.958185573382797,ff12,vw
year,1994-01,1994-12,12,-0.006193751844965354,0.07582634771485733,0.29738406849949783,3.078897717597711,ff12,vw
year,1995-01,1995-12,12,0.3402005748291894,0.10900657328486252,0.18772471484254083,3.0432708026837654,ff12,vw
year,1996-01,1996-12,12,0.1949466679215065,0.0988260010978084,0.3094114791206865,3.128313778775498,ff12,vw
year,1997-01,1997-12,12,0.3066001291033732,0.13060724366730672,0.3224542401945935,3.1913060394096373,ff12,vw
year,1998-01,1998-12,12,0.21349596291816533,0.16474893770500498,0.5831865920857952,3.5769715379342983,ff12,vw
year,1999-01,1999-12,12,0.12972665191831023,0.1762140926121873,0.5871642793154929,3.5949172129088365,ff12,vw
year,2000-01,2000-12,12,0.008343426766248902,0.2097005897604912,0.59126505945966,3.652014956277529,ff12,vw
year,2001-01,2001-12,12,-0.05790438803711227,0.17020708183971095,0.3343935847729903,3.1922196113656987,ff12,vw
year,2002-01,2002-12,12,-0.17261114043518347,0.11756611374930873,0.4115909264788801,3.2964473432762804,ff12,vw
year,2003-01,2003-12,12,0.3057679031922302,0.12665300104398944,0.23606447941838152,3.014204165082822,ff12,vw
year,2004-01,2004-12,12,0.13936229678155204,0.09064330989446351,0.24383568088285593,3.066773566193222,ff12,vw
year,2005-01,2005-12,12,0.04931501469424651,0.10691584480876232,0.6076054641030814,3.8037809590278298,ff12,vw
year,2006-01,2006-12,12,0.1819090471237155,0.09961211506369394,0.21538765167368176,3.08840836237912,ff12,vw
year,2007-01,2007-12,12,0.08271066554462676,0.08280937149037522,0.33958114359958563,3.1504636881477857,ff12,vw
year,2008-01,2008-12,12,-0.3604246439705038,0.09783253514521667,0.18147424826574615,3.0431764815124605,ff12,vw
year,2009-01,2009-12,12,0.31417608056712637,0.19874623862811883,0.8328089033393204,4.223753269418158,ff12,vw
year,2010-01,2010-12,12,0.20649490242036242,0.10490033515239505,0.24886168039239503,3.047937129683562,ff12,vw
year,2011-01,2011-12,12,0.014946319853163163,0.09862576284682595,0.24783428405965996,3.019079546446122,ff12,vw
year,2012-01,2012-12,12,0.16766717681306945,0.10513023478763066,0.18509832306036716,3.0551636001413596,ff12,vw
year,2013-01,2013-12,12,0.3424165401096064,0.08869330977487017,0.03826661903211307,2.9643740255255593,ff12,vw
year,2014-01,2014-12,12,0.10952256400665569,0.08687644543860315,-0.08671509007345102,3.1185104790828566,ff12,vw
year,2015-01,2015-12,12,-0.023885960038194758,0.08128058529433921,-0.04608914607523871,3.002400098937236,ff12,vw
year,2016-01,2016-12,12,0.14761371433129944,0.1193612127176152,0.30943890016146447,3.083982991893601,ff12,vw
decade,1926-07,1936-12,126,1.3875228518921636,1.2889050664327266,1.776404977592305,9.046215374915045,ff12,vw
decade,1937-01,1946-12,120,0.8169002718093175,0.6051154007060633,1.0347321787683077,4.936938456100929,ff12,vw
decade,1947-01,1956-12,120,3.157848123370977,1.0514234737649766,0.8384554166182235,4.296672835696456,ff12,vw
decade,1957-01,1966-12,120,1.913901541208423,0.7415831664898306,0.7967613198549023,4.14979526329609,ff12,vw
decade,1967-01,1976-12,120,0.9828733131068752,0.6047864866036272,0.9289790913580737,4.565488729614283,ff12,vw
decade,1977-01,1986-12,120,3.2503003492653004,1.2691834742758932,0.9404875548954498,4.629389240942438,ff12,vw
decade,1987-01,1996-12,120,2.9743566040741136,1.199218786470865,0.9521757055148624,4.650413825374305,ff12,vw
decade,1997-01,2006-12,120,1.5976779380982125,1.1528150392439331,1.4100672916563046,6.73699181207313,ff12,vw
decade,2007-01,2016-12,120,1.1710261455211697,0.7213390423291072,1.0276546751377704,4.954039698774488,ff12,vw
full,1926-07,2016-12,1086,9926.820170458739,13340.948231193968,6.466032209534602,127.1761766037119,ff12,vw
rolling120,1926-07,1936-06,120,1.0042971812567285,1.0692495766652952,1.7511781600933047,8.861256584103455,ff12,vw
rolling120,1926-08,1936-07,120,1.0705496078570058,1.1021775479593103,1.7452367989317106,8.816457822438522,ff12,vw
rolling120,1926-09,1936-08,120,1.0303186781943126,1.0804776999693082,1.7448195716359443,8.813578749716134,ff12,vw
rolling120,1926-10,1936-09,120,1.0286601400965738,1.0788062375813168,1.7432590680003281,8.80226464419276,ff12,vw
rolling120,1926-11,1936-10,120,1.2378514772105884,1.19016081664067,1.7437451975402292,8.806088218048542,ff12,vw
rolling120,1926-12,1936-11,120,1.2361390932752911,1.1916284663297332,1.7478626061953757,8.835798411763045,ff12,vw
rolling120,1927-01,1936-12,120,1.1654908417607506,1.1570682911238028,1.7534126235772656,8.876020762524506,ff12,vw
rolling120,1927-02,1937-01,120,1.2309380372480736,1.1932235386343872,1.7556732481824622,8.89267159261806,ff12,vw
rolling120,1927-03,1937-02,120,1.1373612269060227,1.1443125966507608,1.7577435228792817,8.90770335869165,ff12,vw
rolling120,1927-04,1937-03,120,1.0761765502922556,1.1124717148219605,1.7599804079475903,8.92446248848402,ff12,vw
rolling120,1927-05,1937-04,120,0.9052523288674168,1.020050726980813,1.7585371563043464,8.91421038550849,ff12,vw
rolling120,1927-06,1937-05,120,0.777152906279567,0.9517024864684767,1.7589401519311367,8.9170148444131,ff12,vw
rolling120,1927-07,1937-06,120,0.7285850697614638,0.9274364456918344,1.7623159901045475,8.941059792427149,ff12,vw
rolling120,1927-08,1937-07,120,0.7414258585598519,0.9351480724893977,1.764410034196001,8.956619442101402,ff12,vw
rolling120,1927-09,1937-08,120,0.606588213343314,0.8648252476761699,1.7681562971045102,8.98284192824871,ff12,vw
rolling120,1927-10,1937-09,120,0.3351309942872535,0.7220975402645349,1.7788827639645204,9.062917210660832,ff12,vw
rolling120,1927-11,1937-10,120,0.2598529776740137,0.6808780108978827,1.7762997703832828,9.042706594333229,ff12,vw
rolling120,1927-12,1937-11,120,0.08864213812814697,0.5909269001350406,1.7855605642960832,9.111208304996174,ff12,vw
rolling120,1928-01,1937-12,120,0.006553728811122124,0.5477633771830301,1.788461935686764,9.13010565231643,ff12,vw
rolling120,1928-02,1938-01,120,0.014047578007438576,0.5533754070741541,1.7949487444012302,9.179110913946644,ff12,vw
rolling120,1928-03,1938-02,120,0.08626118583504,0.5936993604069715,1.7978515112759461,9.200370876841182,ff12,vw
rolling120,1928-04,1938-03,120,-0.24296192746968268,0.41398464876301205,1.7946059178489147,9.169879105211447,ff12,vw
rolling120,1928-05,1938-04,120,-0.1691713002463982,0.4527580908475294,1.785693190517621,9.10193673830562,ff12,vw
rolling120,1928-06,1938-05,120,-0.2152003482973108,0.4276606121940818,1.7858629870538552,9.103357239177326,ff12,vw
rolling120,1928-07,1938-06,120,0.013919957057417578,0.5572325895839939,1.803383913784513,9.232217522082685,ff12,vw
rolling120,1928-08,1938-07,120,0.07757517421139726,0.5942011028214057,1.8116970138618156,9.296358281215051,ff12,vw
rolling120,1928-09,1938-08,120,-0.022886902675192104,0.5390458912436275,1.8126831827480259,9.303907750681308,ff12,vw
rolling120,1928-10,1938-09,120,-0.04079380031972976,0.5286024459810702,1.8102660788788807,9.285552144863978,ff12,vw
rolling120,1928-11,1938-10,120,0.020740478556468718,0.564804747842351,1.819795233085261,9.358679025113876,ff12,vw
rolling120,1928-12,1938-11,120,-0.10470615378445254,0.4931182105714655,1.8091778702697014,9.278079049367866,ff12,vw
rolling120,1929-01,1938-12,120,-0.08140614755549519,0.5055893281392869,1.8073457766315482,9.263882563634013,ff12,vw
rolling120,1929-02,1939-01,120,-0.17872587954490707,0.4486774736145628,1.7921830605817046,9.151602797124006,ff12,vw
rolling120,1929-03,1939-02,120,-0.1424815799612895,0.46871457364101066,1.7931000940472661,9.158226836103898,ff12,vw
rolling120,1929-04,1939-03,120,-0.23576411414050458,0.41910316210181453,1.7982258093366579,9.19326678233517,ff12,vw
rolling120,1929-05,1939-04,120,-0.2534205102867408,0.409489254558377,1.7986157361827684,9.196215766644087,ff12,vw
rolling120,1929-06,1939-05,120,-0.15330635652390384,0.4617451019205513,1.7859404307148117,9.101606100240685,ff12,vw
rolling120,1929-07,1939-06,120,-0.27000070901922835,0.3958233252806607,1.7724804051815757,9.0015518515859,ff12,vw
rolling120,1929-08,1939-07,120,-0.23444892717850704,0.4150052630160542,1.7717319370928097,8.995698928282955,ff12,vw
rolling120,1929-09,1939-08,120,-0.3392426247977531,0.3580172114648164,1.7708364418693046,8.989342527843062,ff12,vw
rolling120,1929-10,1939-09,120,-0.2019516613509774,0.4397592879880436,1.807303857201044,9.255035654572366,ff12,vw
rolling120,1929-11,1939-10,120,0.0059022314249001315,0.5439113211480033,1.7684271619067058,8.975269562881453,ff12,vw
rolling120,1929-12,1939-11,120,0.11854673793914682,0.6030405940859633,1.7624395374360255,8.93198728256748,ff12,vw
rolling120,1930-01,1939-12,120,0.1243599066201935,0.6038587562565502,1.753827945429541,8.86873564157128,ff12,vw
rolling120,1930-02,1940-01,120,0.043628583035715776,0.5598775492135833,1.7516236673333745,8.852926730907438,ff12,vw
rolling120,1930-03,1940-02,120,0.02698519180516963,0.5491262153976915,1.7453399108054162,8.808247652785273,ff12,vw
rolling120,1930-04,1940-03,120,-0.024094036672225417,0.5194860406154923,1.736230051275587,8.742825918039456,ff12,vw
rolling120,1930-05,1940-04,120,-0.007487525985885695,0.5258940761407881,1.7265575595734237,8.673882419230933,ff12,vw
rolling120,1930-06,1940-05,120,-0.21760207742133036,0.41560783436591225,1.732488417101378,8.717069106341487,ff12,vw
rolling120,1930-07,1940-06,120,-0.0021019937945471598,0.5281378682347216,1.7257923317824964,8.670931509208149,ff12,vw
rolling120,1930-08,1940-07,120,-0.018148969960154197,0.519435111495442,1.724564195214418,8.661683686522217,ff12,vw
rolling120,1930-09,1940-08,120,-0.01404438316604553,0.5212647444024625,1.7231626154815618,8.651683971090723,ff12,vw
rolling120,1930-10,1940-09,120,0.15462301990859206,0.6080984045519959,1.7152814041533737,8.596095522496467,ff12,vw
rolling120,1930-11,1940-10,120,0.3059846523011841,0.6863830788347514,1.7120248633161828,8.574099106774128,ff12,vw
rolling120,1930-12,1940-11,120,0.30871476296606853,0.6875272452880431,1.7094687334631022,8.5547906742841,ff12,vw
rolling120,1931-01,1940-12,120,0.42327028963670604,0.7451284731741299,1.702512905915654,8.506293767425115,ff12,vw
rolling120,1931-02,1941-01,120,0.28303314720637246,0.6705580548259935,1.6976054378666632,8.470231911623653,ff12,vw
rolling120,1931-03,1941-02,120,0.12826051475150135,0.5863724980251084,1.6859802193909459,8.38949988339171,ff12,vw
rolling120,1931-04,1941-03,120,0.20398938441600203,0.6234242252877995,1.6791191101258474,8.342697904856307,ff12,vw
rolling120,1931-05,1941-04,120,0.251641410307564,0.6463944496243494,1.674522979836102,8.312188288013225,ff12,vw
rolling120,1931-06,1941-05,120,0.43872071821251074,0.7400511399849603,1.6662917325604636,8.255625191692273,ff12,vw
rolling120,1931-07,1941-06,120,0.32840578213264365,0.6812671824305427,1.6603032434422489,8.214897588519063,ff12,vw
rolling120,1931-08,1941-07,120,0.4861032162708066,0.7599971601405768,1.6547566228645307,8.177432652171285,ff12,vw
rolling120,1931-09,1941-08,120,0.4759191261476493,0.7531701606866911,1.6500477963754403,8.145025318171772,ff12,vw
rolling120,1931-10,1941-09,120,1.0993011505379617,1.0595875966790824,1.6309396348143619,8.019452176316001,ff12,vw
rolling120,1931-11,1941-10,120,0.8117690398942881,0.9137862006005065,1.6305674816802649,8.018107775888314,ff12,vw
rolling120,1931-12,1941-11,120,0.9311996661467863,0.9683903535197446,1.6227489376462476,7.968920120555015,ff12,vw
rolling120,1932-01,1941-12,120,1.0959860570582611,1.0470493048761182,1.6162480143406246,7.927206063340856,ff12,vw
rolling120,1932-02,1942-01,120,1.168514726293329,1.081075457608332,1.612844955366203,7.905270512050824,ff12,vw
rolling120,1932-03,1942-02,120,1.001406654871257,0.9958643232762701,1.6100595206354984,7.887819824614152,ff12,vw
rolling120,1932-04,1942-03,120,1.114816801836389,1.045136023048271,1.598317218124084,7.812682774475105,ff12,vw
rolling120,1932-05,1942-04,120,1.5160066498266196,1.2297283989541203,1.5808882946922338,7.703732810246215,ff12,vw
rolling120,1932-06,1942-05,120,2.5052065414404936,1.659272121614235,1.5189269845645137,7.326629936719053,ff12,vw
rolling120,1932-07,1942-06,120,2.5768767120358835,1.675839157453553,1.5022212209422685,7.227530477082508,ff12,vw
rolling120,1932-08,1942-07,120,1.7022114636933159,1.2397320749754144,1.4678413556388457,7.029657068356601,ff12,vw
rolling120,1932-09,1942-08,120,0.9659127477085914,0.8805652173705268,1.4320636526498647,6.831136941657819,ff12,vw
rolling120,1932-10,1942-09,120,1.0753557647733372,0.9202329407009877,1.4152667599373936,6.7367326948678175,ff12,vw
rolling120,1932-11,1942-10,120,1.6050715668513535,1.1440238229168986,1.400276041347552,6.654120511059818,ff12,vw
rolling120,1932-12,1942-11,120,1.7576773348027412,1.2053390325771192,1.3928976577672396,6.613166022386612,ff12,vw
rolling120,1933-01,1942-12,120,1.7596871444800217,1.2042372700612574,1.3903349418786317,6.59913329238095,ff12,vw
rolling120,1933-02,1943-01,120,1.923924202156436,1.2734941177106356,1.3868661347821252,6.579669539379425,ff12,vw
rolling120,1933-03,1943-02,120,2.711338293665259,1.6015239030256165,1.3721892931456905,6.500427847479901,ff12,vw
rolling120,1933-04,1943-03,120,2.820408815441609,1.6207721378744921,1.354935563619748,6.414543484532217,ff12,vw
rolling120,1933-05,1943-04,120,1.7191039876578187,1.100620832573485,1.2820571881671146,6.041110343511641,ff12,vw
rolling120,1933-06,1943-05,120,1.3627689348087473,0.9501562600552244,1.2727455397998428,5.994882413778731,ff12,vw
rolling120,1933-07,1943-06,120,1.1204172116699702,0.8513588628697506,1.2701183749647562,5.981598593960649,ff12,vw
rolling120,1933-08,1943-07,120,1.267498517005885,0.9066361484731356,1.2649108137223366,5.956327094007691,ff12,vw
rolling120,1933-09,1943-08,120,1.0718865494377665,0.8162359907471806,1.2480014194292823,5.877157766836403,ff12,vw
rolling120,1933-10,1943-09,120,1.3852881522539477,0.9233616333517637,1.225698215175957,5.773926044330801,ff12,vw
rolling120,1933-11,1943-10,120,1.5796094215184984,0.9965502054347583,1.2230250830327212,5.761304574199762,ff12,vw
rolling120,1933-12,1943-11,120,1.2022842853210975,0.8398159006936161,1.205274921767172,5.677214773162844,ff12,vw
rolling120,1934-01,1943-12,120,1.3155259717137504,0.8737254408245683,1.1955084963659646,5.633292667559542,ff12,vw
rolling120,1934-02,1944-01,120,1.0560499365944582,0.7691686493605373,1.1856839414688911,5.589211287484451,ff12,vw
rolling120,1934-03,1944-02,120,1.110134361743361,0.7879996211563532,1.183289078447185,5.578155570523095,ff12,vw
rolling120,1934-04,1944-03,120,1.158593220945563,0.8054252050770007,1.1821624180690662,5.572965826561264,ff12,vw
rolling120,1934-05,1944-04,120,1.1501556636530523,0.7981731247235572,1.1742224169998206,5.535768497111555,ff12,vw
rolling120,1934-06,1944-05,120,1.4185546970761744,0.8938290749924264,1.168693534229268,5.510846763263429,ff12,vw
rolling120,1934-07,1944-06,120,1.4913526887620834,0.9211467655428278,1.1693801119906682,5.513982130597666,ff12,vw
rolling120,1934-08,1944-07,120,1.7503682685830406,1.0027450957782253,1.1520623182868077,5.438590201678428,ff12,vw
rolling120,1934-09,1944-08,120,1.666222806328804,0.9689626483238496,1.1488118544193533,5.424431147307887,ff12,vw
rolling120,1934-10,1944-09,120,1.664580155050667,0.9677125836139648,1.1480277667955308,5.420991045098566,ff12,vw
rolling120,1934-11,1944-10,120,1.7130827982844345,0.9827666582760521,1.1453257818185345,5.409303920328639,ff12,vw
rolling120,1934-12,1944-11,120,1.5482472688718754,0.9131064484927371,1.1334222508868919,5.358331702135681,ff12,vw
rolling120,1935-01,1944-12,120,1.6358971225263939,0.9423468349729487,1.1326638032892833,5.355749048687101,ff12,vw
rolling120,1935-02,1945-01,120,1.7774652439587184,0.9910105214821469,1.1307006132500026,5.347446305849595,ff12,vw
rolling120,1935-03,1945-02,120,2.0032220755842762,1.064764388846299,1.12569739665544,5.326411202335687,ff12,vw
rolling120,1935-04,1945-03,120,1.9808429882388063,1.0466043287254476,1.1054582854158663,5.232297616513983,ff12,vw
rolling120,1935-05,1945-04,120,1.9601269349675299,1.0375296535924372,1.1029022788044665,5.22116880814962,ff12,vw
rolling120,1935-06,1945-05,120,1.91820344219428,1.017001258771904,1.0950339343576898,5.1870215143210645,ff12,vw
rolling120,1935-07,1945-06,120,1.7513999758172494,0.9611489955270985,1.0979585253678332,5.1992820305624585,ff12,vw
rolling120,1935-08,1945-07,120,1.5042235635732428,0.8680723199324979,1.0873557348370173,5.154047512979237,ff12,vw
rolling120,1935-09,1945-08,120,1.5849175268433289,0.89675031124126,1.0873901318460693,5.15363545509567,ff12,vw
rolling120,1935-10,1945-09,120,1.6409710123558923,0.9108490145952287,1.0795167624299102,5.120572168477623,ff12,vw
rolling120,1935-11,1945-10,120,1.5700639095237028,0.8817313612111196,1.0725941910004884,5.09209222224731,ff12,vw
rolling120,1935-12,1945-11,120,1.5729724410811063,0.8778210630907871,1.0649189123673133,5.060418231295829,ff12,vw
rolling120,1936-01,1945-12,120,1.5095419883667769,0.8520047776457692,1.0574972049590656,5.028958955864294,ff12,vw
rolling120,1936-02,1946-01,120,1.5118795890228527,0.8479809860345937,1.050266374901754,4.99966036610533,ff12,vw
rolling120,1936-03,1946-02,120,1.3262161549707536,0.781962225738687,1.046603208688165,4.985294514005025,ff12,vw
rolling120,1936-04,1946-03,120,1.450921715090153,0.8248367392562002,1.0469416484126204,4.985734400246242,ff12,vw
rolling120,1936-05,1946-04,120,1.7804456767300638,0.9401562143417659,1.0544533665258506,5.01726339401823,ff12,vw
rolling120,1936-06,1946-05,120,1.728011655219091,0.9193002413441396,1.0504964155334855,5.001108809075621,ff12,vw
rolling120,1936-07,1946-06,120,1.5522192912199437,0.8602309497173918,1.0505929531538847,5.001456376363613,ff12,vw
rolling120,1936-08,1946-07,120,1.317463224623252,0.7788027142337879,1.047048509316375,4.987198678714576,ff12,vw
rolling120,1936-09,1946-08,120,1.1539425227220823,0.7240625670113564,1.0472212019264355,4.987847481759517,ff12,vw
rolling120,1936-10,1946-09,120,0.9219400756453386,0.6489773849517115,1.0519113844292918,5.006387440346428,ff12,vw
rolling120,1936-11,1946-10,120,0.7709935809658539,0.5971576564149336,1.0498486705984382,4.997880791897896,ff12,vw
rolling120,1936-12,1946-11,120,0.7105362281732639,0.5745427443658314,1.0452731052601194,4.979494753025551,ff12,vw
rolling120,1937-01,1946-12,120,0.8169002718093175,0.6051154007060633,1.0347321787683077,4.936938456100929,ff12,vw
rolling120,1937-02,1947-01,120,0.7861825022589366,0.5965862876928275,1.0388185828091605,4.953864529968601,ff12,vw
rolling120,1937-03,1947-02,120,0.7585941468793118,0.5852501511783457,1.0343513177492136,4.9360139321046175,ff12,vw
rolling120,1937-04,1947-03,120,0.7557008637692042,0.5814225963976908,1.0282795483769895,4.91199139137768,ff12,vw
rolling120,1937-05,1947-04,120,0.7859015829344194,0.5922763290094967,1.0304759044896943,4.920859202790174,ff12,vw
rolling120,1937-06,1947-05,120,0.7867596828267511,0.591494346051623,1.028815314452385,4.914532483708282,ff12,vw
rolling120,1937-07,1947-06,120,0.9594924746349598,0.6478439013508601,1.027308023045958,4.90871681434452,ff12,vw
rolling120,1937-08,1947-07,120,0.86135142158892,0.6103109643795364,1.01663880223892,4.866718772919019,ff12,vw
rolling120,1937-09,1947-08,120,0.9270875495622586,0.6267526580103951,1.0111670587761947,4.846309913062787,ff12,vw
rolling120,1937-10,1947-09,120,1.1901625907401887,0.7039984165306803,0.9962256464539022,4.787297602389614,ff12,vw
rolling120,1937-11,1947-10,120,1.4403041727609205,0.7801278787158298,0.9915003116889463,4.769922656687437,ff12,vw
rolling120,1937-12,1947-11,120,1.5765029036392755,0.8127998504913755,0.97670138175557,4.7141351379747265,ff12,vw
rolling120,1938-01,1947-12,120,1.7862419495199653,0.8704750776568065,0.9734797188949219,4.703855981719897,ff12,vw
rolling120,1938-02,1948-01,120,1.6630444527222092,0.827033837280597,0.9647640077588167,4.670312594238399,ff12,vw
rolling120,1938-03,1948-02,120,1.4136648209159541,0.7462604120097845,0.9616696580580646,4.6593011622034375,ff12,vw
rolling120,1938-04,1948-03,120,2.3872185811505453,1.0228999243255255,0.938209134497613,4.578486845133331,ff12,vw
rolling120,1938-05,1948-04,120,2.05318158389991,0.9235226636626028,0.941992679004254,4.593168030022373,ff12,vw
rolling120,1938-06,1948-05,120,2.3972123882266017,1.0266839002905235,0.9421556559724116,4.594348404791511,ff12,vw
rolling120,1938-07,1948-06,120,1.7529047674255889,0.8114531905505876,0.9224443058334293,4.529200830809584,ff12,vw
rolling120,1938-08,1948-07,120,1.4371639331801909,0.7116438737595202,0.909520106906233,4.4814878546384005,ff12,vw
rolling120,1938-09,1948-08,120,1.4995488879900396,0.7247159318262458,0.9022223149443435,4.455833728346445,ff12,vw
rolling120,1938-10,1948-09,120,1.4194462839648598,0.7020345885965148,0.9030029254438976,4.458533694245428,ff12,vw
rolling120,1938-11,1948-10,120,1.3577961621449917,0.6753020993160053,0.8880628696730426,4.40560135564395,ff12,vw
rolling120,1938-12,1948-11,120,1.1933410540864235,0.6303933060809889,0.8929333557998045,4.422533023093908,ff12,vw
rolling120,1939-01,1948-12,120,1.198649622119162,0.6313530936363053,0.8920435087162277,4.41945185598485,ff12,vw
rolling120,1939-02,1949-01,120,1.329659137359617,0.6638461808923061,0.8846343612473992,4.394940902171532,ff12,vw
rolling120,1939-03,1949-02,120,1.1854680048703288,0.6216198856163558,0.8831595826829532,4.389976818641989,ff12,vw
rolling120,1939-04,1949-03,120,1.5667176799893685,0.7129683832428821,0.8639302537978475,4.330469707116479,ff12,vw
rolling120,1939-05,1949-04,120,1.5318348318132045,0.703337376413822,0.8639156868002416,4.330386900250621,ff12,vw
rolling120,1939-06,1949-05,120,1.3095523937401574,0.6413344036898914,0.8634125904258386,4.328643097295733,ff12,vw
rolling120,1939-07,1949-06,120,1.4341936848017953,0.6722701637469425,0.8584663955081102,4.312500578036702,ff12,vw
rolling120,1939-08,1949-07,120,1.3356866679271113,0.6385845016838013,0.8508854509208358,4.2887783064013085,ff12,vw
rolling120,1939-09,1949-08,120,1.5625103477395772,0.6987131530077183,0.8485036519163597,4.28111750183904,ff12,vw
rolling120,1939-10,1949-09,120,1.3080743173133205,0.5899559634271568,0.7933987520066911,4.1433699194628,ff12,vw
rolling120,1939-11,1949-10,120,1.381675514273371,0.6063930937873164,0.789734735069188,4.132684431230235,ff12,vw
rolling120,1939-12,1949-11,120,1.5069410257657303,0.6361582167522001,0.7872253143447131,4.125714556601739,ff12,vw
rolling120,1940-01,1949-12,120,1.5829391486756137,0.6573216884294701,0.7896778274570319,4.13274190417828,ff12,vw
rolling120,1940-02,1950-01,120,1.6857282854141271,0.6820470472854412,0.788423502733467,4.129289375444371,ff12,vw
rolling120,1940-03,1950-02,120,1.7017184493717221,0.6864410953971632,0.7888209244294747,4.13043529094565,ff12,vw
rolling120,1940-04,1950-03,120,1.6709132617088533,0.6812807978673352,0.7920168738312825,4.139648316865392,ff12,vw
rolling120,1940-05,1950-04,120,1.775009570576175,0.7138237753722126,0.8000789560526106,4.163327341161662,ff12,vw
rolling120,1940-06,1950-05,120,2.702370188640353,0.9434340607902812,0.7889159539105739,4.129089688972585,ff12,vw
rolling120,1940-07,1950-06,120,2.247974667643761,0.8215160389917843,0.7785469457250868,4.096732884255442,ff12,vw
rolling120,1940-08,1950-07,120,2.1455372706196485,0.8146915659469475,0.8080695124312471,4.183512930832253,ff12,vw
rolling120,1940-09,1950-08,120,2.2312853585833934,0.8357279233413111,0.8070690668803032,4.18050802290492,ff12,vw
rolling120,1940-10,1950-09,120,2.331594256129707,0.8617775496256285,0.8074481414934859,4.1818238812814705,ff12,vw
rolling120,1940-11,1950-10,120,2.2346702307452877,0.8299062811396101,0.8016420310719452,4.165186642027947,ff12,vw
rolling120,1940-12,1950-11,120,2.3807542444358374,0.863075061490549,0.8060198331383401,4.1774476711626045,ff12,vw
rolling120,1941-01,1950-12,120,2.5434748491717207,0.908839418876559,0.8120308733662648,4.196350010979318,ff12,vw
rolling120,1941-02,1951-01,120,2.86508365792071,0.9897088913291175,0.8126762747897701,4.198683957121146,ff12,vw
rolling120,1941-03,1951-02,120,2.9942424042303672,1.0224322587042083,0.8124308630779741,4.1979396138398455,ff12,vw
rolling120,1941-04,1951-03,120,2.9122617606609604,1.0012508983845523,0.8126709216716205,4.198734899197414,ff12,vw
rolling120,1941-05,1951-04,120,3.335476725393848,1.1103724637428138,0.8133483729687362,4.200270502927364,ff12,vw
rolling120,1941-06,1951-05,120,3.240193104318844,1.08267161579241,0.8108600205902806,4.1927839707261025,ff12,vw
rolling120,1941-07,1951-06,120,2.9193470371785564,1.0044236735985992,0.8122138102404384,4.196290325716957,ff12,vw
rolling120,1941-08,1951-07,120,2.9528465222036013,1.0155076129792253,0.8165993864118223,4.210083904440749,ff12,vw
rolling120,1941-09,1951-08,120,3.095704636763106,1.0542483779633682,0.8178582189303663,4.2138585060683935,ff12,vw
rolling120,1941-10,1951-09,120,3.16146049672773,1.0702240410275676,0.8168764275074126,4.210763277918532,ff12,vw
rolling120,1941-11,1951-10,120,3.2803635673589646,1.095811519326927,0.8115582621099054,4.193893480814592,ff12,vw
rolling120,1941-12,1951-11,120,3.4355001220370083,1.1313159361873844,0.8081195754622701,4.183255439595331,ff12,vw
rolling120,1942-01,1951-12,120,3.852461145332563,1.2212546181309083,0.7985204724311479,4.156727876927449,ff12,vw
rolling120,1942-02,1952-01,120,3.8249606683961606,1.1999608803542372,0.791986077029357,4.138036649243701,ff12,vw
rolling120,1942-03,1952-02,120,3.8278400140635753,1.1943063604470034,0.7864556497481712,4.121200318109419,ff12,vw
rolling120,1942-04,1952-03,120,4.381565976316567,1.3258672423197817,0.7816438604152415,4.105855898171709,ff12,vw
rolling120,1942-05,1952-04,120,4.38871150781337,1.3295439469705137,0.782382362996767,4.107863158196994,ff12,vw
rolling120,1942-06,1952-05,120,4.16109058452643,1.2616470681137502,0.7765879347700108,4.0913760744918894,ff12,vw
rolling120,1942-07,1952-06,120,4.208054611817887,1.273992278124743,0.7773141775451353,4.0934562425672985,ff12,vw
rolling120,1942-08,1952-07,120,4.082543636596779,1.2426354287486452,0.776059365647389,4.089810178020571,ff12,vw
rolling120,1942-09,1952-08,120,3.9794036570255695,1.2188273019746982,0.7768459367446161,4.092062675197242,ff12,vw
rolling120,1942-10,1952-09,120,3.7826051057344623,1.1707325332549658,0.7767366363708677,4.091705295452633,ff12,vw
rolling120,1942-11,1952-10,120,3.43659376425835,1.0776810798609375,0.7700281673953108,4.071802890499424,ff12,vw
rolling120,1942-12,1952-11,120,3.683061016729188,1.134428285596702,0.7677695285924081,4.065242960430557,ff12,vw
rolling120,1943-01,1952-12,120,3.5640252764641813,1.105516930326312,0.7680395184133804,4.0661101072264545,ff12,vw
rolling120,1943-02,1953-01,120,3.2445133510894193,1.0240001782800325,0.7627726347018597,4.050500795930839,ff12,vw
rolling120,1943-03,1953-02,120,2.9956055738997716,0.9605257066808458,0.7604485314386571,4.04413426639174,ff12,vw
rolling120,1943-04,1953-03,120,2.726476560274863,0.8916048588120717,0.7575067968366395,4.036080799978762,ff12,vw
rolling120,1943-05,1953-04,120,2.5810914802115392,0.8572707966930619,0.7577385669513738,4.036662765520547,ff12,vw
rolling120,1943-06,1953-05,120,2.3988909574056407,0.8131215634622128,0.7572628554072353,4.035318939561303,ff12,vw
rolling120,1943-07,1953-06,120,2.2702240361927246,0.7804294971663992,0.755502091611219,4.030422835264899,ff12,vw
rolling120,1943-08,1953-07,120,2.499247447508541,0.828976219783086,0.7513099238142305,4.019128126872261,ff12,vw
rolling120,1943-09,1953-08,120,2.32140976909572,0.7912046334952395,0.7546793124341984,4.028229060079924,ff12,vw
rolling120,1943-10,1953-09,120,2.2537965214190656,0.7756779266669775,0.7550852822615323,4.029338328960856,ff12,vw
rolling120,1943-11,1953-10,120,2.42364650185725,0.8186452851090923,0.7571272619172278,4.034953170497304,ff12,vw
rolling120,1943-12,1953-11,120,2.7557702899584315,0.8979609773802595,0.7571597539821123,4.035117019611974,ff12,vw
rolling120,1944-01,1953-12,120,2.5248355277748074,0.8417141611032286,0.7564800375424932,4.033274510264456,ff12,vw
rolling120,1944-02,1954-01,120,2.644954974220292,0.8719621618493323,0.7572145205781573,4.035129389973911,ff12,vw
rolling120,1944-03,1954-02,120,2.691515060282728,0.8821926110466913,0.756733390815037,4.033856537290999,ff12,vw
rolling120,1944-04,1954-03,120,2.7150214020190684,0.891875225963069,0.7607944543252906,4.04555246400507,ff12,vw
rolling120,1944-05,1954-04,120,2.9227391691384965,0.9470492049495925,0.7656438857284769,4.059429836862638,ff12,vw
rolling120,1944-06,1954-05,120,2.847677605386143,0.9299486760470286,0.7660809456364704,4.060600506566826,ff12,vw
rolling120,1944-07,1954-06,120,2.699246732949835,0.9012860541187422,0.7739115350955792,4.084556974437534,ff12,vw
rolling120,1944-08,1954-07,120,2.9525004043851255,0.966980611220748,0.776276524116783,4.091225899471507,ff12,vw
rolling120,1944-09,1954-08,120,2.798421087655938,0.9293215004694981,0.7765755680390773,4.092135674643661,ff12,vw
rolling120,1944-10,1954-09,120,3.013978327916126,0.9905933003273798,0.7859291954150202,4.120291828187052,ff12,vw
rolling120,1944-11,1954-10,120,2.938651210859882,0.9729953682616631,0.7868428736325447,4.122986634956779,ff12,vw
rolling120,1944-12,1954-11,120,3.2380384876175725,1.0546159568941877,0.7911057692948754,4.134700078209682,ff12,vw
rolling120,1945-01,1954-12,120,3.3050076206284507,1.072113537649866,0.7910028511365603,4.134034623974754,ff12,vw
rolling120,1945-02,1955-01,120,3.2464279459228322,1.0563923445857528,0.7900008705967807,4.131083345457301,ff12,vw
rolling120,1945-03,1955-02,120,3.1191308974059844,1.0246752908788876,0.7898257893667866,4.130569920223544,ff12,vw
rolling120,1945-04,1955-03,120,3.277772284291979,1.0650282172837549,0.7914452620676558,4.135778941888344,ff12,vw
rolling120,1945-05,1955-04,120,3.0918225008519444,1.0203807303500818,0.793007026931986,4.140340398183572,ff12,vw
rolling120,1945-06,1955-05,120,3.0555579486874285,1.011081654237676,0.7927734333926655,4.139624731619453,ff12,vw
rolling120,1945-07,1955-06,120,3.242696594675066,1.0623751902206717,0.7978541769927073,4.154435184705665,ff12,vw
rolling120,1945-08,1955-07,120,3.4119261930722597,1.1294142971104875,0.8405267929202023,4.300716544612918,ff12,vw
rolling120,1945-09,1955-08,120,3.1469316435126204,1.0554599035169685,0.8383196584122848,4.294754217824905,ff12,vw
rolling120,1945-10,1955-09,120,2.93863058207975,1.0105992503689643,0.8487670876587917,4.328960472417886,ff12,vw
rolling120,1945-11,1955-10,120,2.696952553368163,0.9455974131766476,0.8474624720215224,4.325200683307519,ff12,vw
rolling120,1945-12,1955-11,120,2.737486878450149,0.9573150189847166,0.8475454774399158,4.325215109364558,ff12,vw
rolling120,1946-01,1955-12,120,2.740463928527009,0.9622995973094248,0.8501186973884384,4.3331082383786175,ff12,vw
rolling120,1946-02,1956-01,120,2.4002675173598322,0.8738002597223922,0.8510564934055078,4.336228877648015,ff12,vw
rolling120,1946-03,1956-02,120,2.7438705269338186,0.9632109638200472,0.8520377377403717,4.339334554188305,ff12,vw
rolling120,1946-04,1956-03,120,2.7192956237392925,0.9533325990703523,0.8486685247188661,4.3288366897633725,ff12,vw
rolling120,1946-05,1956-04,120,2.5545804881687615,0.904776024030788,0.8390585842555881,4.297570868024922,ff12,vw
rolling120,1946-06,1956-05,120,2.275172816197478,0.8356536868385585,0.8410145861247944,4.303627129539304,ff12,vw
rolling120,1946-07,1956-06,120,2.5182492761740973,0.8978890810580953,0.8416426503300248,4.305604752568483,ff12,vw
rolling120,1946-08,1956-07,120,2.7684404518833627,0.9615379859511869,0.8415343233588768,4.30529256575337,ff12,vw
rolling120,1946-09,1956-08,120,2.91681613034495,0.9985926592949266,0.8414464798304534,4.305087578688832,ff12,vw
rolling120,1946-10,1956-09,120,3.1565738525670826,1.0521301439909516,0.8376337612984617,4.293850387475067,ff12,vw
rolling120,1946-11,1956-10,120,3.253597644489388,1.0748194871241274,0.836674754532581,4.2909570907043655,ff12,vw
rolling120,1946-12,1956-11,120,3.255869599967075,1.0756310478307323,0.8379702135127863,4.2951861371700355,ff12,vw
rolling120,1947-01,1956-12,120,3.157848123370977,1.0514234737649766,0.8384554166182235,4.296672835696456,ff12,vw
rolling120,1947-02,1957-01,120,3.018359951203567,1.0146246575963935,0.8339221143909594,4.280579785428471,ff12,vw
rolling120,1947-03,1957-02,120,3.0219942014700605,1.014706855070283,0.8333784429889132,4.278912538273133,ff12,vw
rolling120,1947-04,1957-03,120,3.215094200847486,1.0647847046076486,0.8346070607285401,4.282801290204171,ff12,vw
rolling120,1947-05,1957-04,120,3.622613970669314,1.1669579012712195,0.8332669827775503,4.278458568307101,ff12,vw
rolling120,1947-06,1957-05,120,3.815523109806078,1.2171030100205582,0.8342767727602127,4.281596630482045,ff12,vw
rolling120,1947-07,1957-06,120,3.569653142601995,1.1559222704294743,0.8387316504011081,4.295453711475426,ff12,vw
rolling120,1947-08,1957-07,120,3.45198737749081,1.1250838972868,0.8381697804671944,4.293737587793011,ff12,vw
rolling120,1947-09,1957-08,120,3.3518904952988597,1.102117031702673,0.8395650442781156,4.297997647554337,ff12,vw
rolling120,1947-10,1957-09,120,3.179214086941192,1.0638973373018918,0.8433363739813843,4.3094663369936725,ff12,vw
rolling120,1947-11,1957-10,120,2.9447980672136187,1.0059672228460421,0.8442026526257504,4.312084065270232,ff12,vw
rolling120,1947-12,1957-11,120,3.1528227535613222,1.0661609720426155,0.8473995881649341,4.321994534857317,ff12,vw
rolling120,1948-01,1957-12,120,2.943200803184103,1.0172549499000798,0.8485095704304252,4.324306219261005,ff12,vw
rolling120,1948-02,1958-01,120,3.312605484747837,1.1143694003280722,0.8502464262900484,4.330001518911993,ff12,vw
rolling120,1948-03,1958-02,120,3.4860504480128975,1.1637985287797954,0.8529619067276968,4.338447910556938,ff12,vw
rolling120,1948-04,1958-03,120,3.3076400172523437,1.117305922596786,0.8540893997340993,4.342242655005166,ff12,vw
rolling120,1948-05,1958-04,120,3.3215698932125735,1.1176380705513504,0.8494619878252065,4.32658855807882,ff12,vw
rolling120,1948-06,1958-05,120,3.1066875989014884,1.0549089262017597,0.8433799900886559,4.307354712538617,ff12,vw
rolling120,1948-07,1958-06,120,3.2320959906811595,1.0851868650432837,0.8419261108164053,4.302779264958662,ff12,vw
rolling120,1948-08,1958-07,120,3.638846470515154,1.1952668050640134,0.8458433800556581,4.314686989712594,ff12,vw
rolling120,1948-09,1958-08,120,3.7280876468036253,1.2187378707975058,0.8461314479541245,4.315616533628508,ff12,vw
rolling120,1948-10,1958-09,120,4.1062262838770405,1.3229824006760145,0.8503757369768752,4.329117308325481,ff12,vw
rolling120,1948-11,1958-10,120,3.9634026703648626,1.2835961515002552,0.8493421337559357,4.325908356062472,ff12,vw
rolling120,1948-12,1958-11,120,4.631268602827091,1.4477021689646417,0.8443830304019829,4.310418180642156,ff12,vw
rolling120,1949-01,1958-12,120,4.747065588607675,1.4894358166586235,0.8540505013852654,4.341700248553432,ff12,vw
rolling120,1949-02,1959-01,120,4.754094534447357,1.490406614333781,0.8536580399187977,4.340434372550577,ff12,vw
rolling120,1949-03,1959-02,120,5.010692528135576,1.5666271180962643,0.8533371130262056,4.339569314902914,ff12,vw
rolling120,1949-04,1959-03,120,4.785871729424518,1.510146703513818,0.8543273470361692,4.342657716818023,ff12,vw
rolling120,1949-05,1959-04,120,5.13156877593471,1.6110908634037429,0.8604897575874112,4.3622619565478296,ff12,vw
rolling120,1949-06,1959-05,120,5.392971147032595,1.6840146652216157,0.8629142437147237,4.369993580615035,ff12,vw
rolling120,1949-07,1959-06,120,5.407886788081726,1.6940810942075877,0.8661709913382228,4.380568803033264,ff12,vw
rolling120,1949-08,1959-07,120,5.258735694774874,1.6589631972267476,0.8681735771584813,4.386960127454605,ff12,vw
rolling120,1949-09,1959-08,120,5.05625198732771,1.6070299127976666,0.8689756174876005,4.38950812860413,ff12,vw
rolling120,1949-10,1959-09,120,4.624647463735415,1.4933303605505919,0.8693726626644857,4.390789582262139,ff12,vw
rolling120,1949-11,1959-10,120,4.528293176468448,1.466513873885864,0.8686190682018479,4.388329982571063,ff12,vw
rolling120,1949-12,1959-11,120,4.492285997786132,1.4607189604159851,0.8724936325260628,4.401284242024534,ff12,vw
rolling120,1950-01,1959-12,120,4.321470066611338,1.4117704323408393,0.8708084324111748,4.395953702437804,ff12,vw
rolling120,1950-02,1960-01,120,3.90748712326646,1.3121130475891813,0.8769305153901528,4.415596853173337,ff12,vw
rolling120,1950-03,1960-02,120,3.8957566225256723,1.3163549291569627,0.8816791444137275,4.431205183137785,ff12,vw
rolling120,1950-04,1960-03,120,3.800665173345383,1.2895246932680318,0.8806458848426358,4.427790831140182,ff12,vw
rolling120,1950-05,1960-04,120,3.5860163383687382,1.2252279017487113,0.8752238316026729,4.4101131530568365,ff12,vw
rolling120,1950-06,1960-05,120,3.571550919319834,1.2327528381538144,0.8845915618061159,4.441218740208468,ff12,vw
rolling120,1950-07,1960-06,120,3.972468293025945,1.3416010272920116,0.88507232920078,4.442811765472048,ff12,vw
rolling120,1950-08,1960-07,120,3.8819933445009855,1.2884812896686129,0.8596413069556841,4.361463385105737,ff12,vw
rolling120,1950-09,1960-08,120,3.819879590693133,1.270753357132176,0.8585897548206337,4.358061218222632,ff12,vw
rolling120,1950-10,1960-09,120,3.301707265422035,1.1338751227815596,0.8595071763099307,4.361193402043859,ff12,vw
rolling120,1950-11,1960-10,120,3.294582314245022,1.1334419649798881,0.8604238140336163,4.36409154297341,ff12,vw
rolling120,1950-12,1960-11,120,3.411998632609529,1.1614281589260071,0.858178269513051,4.357200342911056,ff12,vw
rolling120,1951-01,1960-12,120,3.3915529728234404,1.1552826098334201,0.857306687473988,4.354541660714555,ff12,vw
rolling120,1951-02,1961-01,120,3.4337911334903213,1.1647238376642328,0.8559790176938683,4.350351226530565,ff12,vw
rolling120,1951-03,1961-02,120,3.535167909001877,1.1928728308553522,0.8567543981761646,4.352734027623372,ff12,vw
rolling120,1951-04,1961-03,120,3.762558583881618,1.252657539080208,0.8568563166917476,4.353099875028009,ff12,vw
rolling120,1951-05,1961-04,120,3.582540010818139,1.1971013782645006,0.8509631068656599,4.334829657815596,ff12,vw
rolling120,1951-06,1961-05,120,3.7971654993677175,1.2526737976490594,0.8504210423900486,4.333078807305582,ff12,vw
rolling120,1951-07,1961-06,120,3.7828934545683515,1.2442347753233816,0.8487563140504389,4.328291824792575,ff12,vw
rolling120,1951-08,1961-07,120,3.6267405406508217,1.1957866166654658,0.842577753938743,4.3089062468103725,ff12,vw
rolling120,1951-09,1961-08,120,3.6088630447473093,1.1909743803546773,0.843255366612038,4.3112235985620035,ff12,vw
rolling120,1951-10,1961-09,120,3.5050223276072687,1.1691433340096367,0.8462438776000142,4.320401572625607,ff12,vw
rolling120,1951-11,1961-10,120,3.781259103403878,1.2412878402985354,0.8475497478437656,4.324767673880615,ff12,vw
rolling120,1951-12,1961-11,120,3.9650186428615797,1.2931914621968457,0.8503000062809646,4.333378146953618,ff12,vw
rolling120,1952-01,1961-12,120,3.7815529190398793,1.2471944279010223,0.8511978476409574,4.336067414258165,ff12,vw
rolling120,1952-02,1962-01,120,3.5546937980665927,1.1896664976178888,0.8518971850820293,4.3380303525802715,ff12,vw
rolling120,1952-03,1962-02,120,3.7483371656422273,1.2408260901436283,0.852031646291095,4.338396004244988,ff12,vw
rolling120,1952-04,1962-03,120,3.5406782786979285,1.1822100323432658,0.84888949576599,4.328593470764328,ff12,vw
rolling120,1952-05,1962-04,120,3.4077828734201754,1.151073210281899,0.8498986409113111,4.331493986897817,ff12,vw
rolling120,1952-06,1962-05,120,2.9118997273850895,1.0252218844192251,0.8527706955763681,4.340431079185427,ff12,vw
rolling120,1952-07,1962-06,120,2.4472924780100227,0.9058338967680033,0.8551074562259707,4.347739194969961,ff12,vw
rolling120,1952-08,1962-07,120,2.647854558249834,0.9586248537655057,0.8561797611240267,4.351273432732588,ff12,vw
rolling120,1952-09,1962-08,120,2.728164735996204,0.9856019121174273,0.8553990178829036,4.349092262166569,ff12,vw
rolling120,1952-10,1962-09,120,2.5920598362681764,0.9512644807278554,0.8565773508133533,4.352729812536651,ff12,vw
rolling120,1952-11,1962-10,120,2.6374644518429036,0.9652496073079809,0.8581216234486921,4.357557073938334,ff12,vw
rolling120,1952-12,1962-11,120,2.823665380206632,1.0180637431462956,0.8604061316552449,4.364519664042671,ff12,vw
rolling120,1953-01,1962-12,120,2.7780106012690235,1.0048103174048322,0.8597183779668778,4.362355527274869,ff12,vw
rolling120,1953-02,1963-01,120,2.9856702917875415,1.0578569575265824,0.8588440917866269,4.359772279855905,ff12,vw
rolling120,1953-03,1963-02,120,2.90000764858387,1.0359861098794605,0.8592333612696993,4.360937391169298,ff12,vw
rolling120,1953-04,1963-03,120,3.0667843994871227,1.0812943886287538,0.860582404653559,4.365389359377876,ff12,vw
rolling120,1953-05,1963-04,120,3.38464377009368,1.1655970403141926,0.8605466349209896,4.365308594465643,ff12,vw
rolling120,1953-06,1963-05,120,3.4528878178776345,1.1885988889345116,0.8644134366547346,4.3777776702316835,ff12,vw
rolling120,1953-07,1963-06,120,3.4576934872341827,1.1904668338549647,0.8646568117490949,4.3785278947487285,ff12,vw
rolling120,1953-08,1963-07,120,3.340716337359865,1.1595011814530878,0.8648983382448109,4.37931967655195,ff12,vw
rolling120,1953-09,1963-08,120,3.7618050901318414,1.2673326727975998,0.8626162414143114,4.372393643585756,ff12,vw
rolling120,1953-10,1963-09,120,3.6707890387265403,1.24471404029064,0.8636826741024914,4.3757664102450455,ff12,vw
rolling120,1953-11,1963-10,120,3.6175102183700654,1.234974164553527,0.8686853529131937,4.392502325821628,ff12,vw
rolling120,1953-12,1963-11,120,3.444124564181778,1.1895790709276406,0.8690726849809277,4.39370108098466,ff12,vw
rolling120,1954-01,1963-12,120,3.5427115110808165,1.2164419247156728,0.8695434443259501,4.395236616190669,ff12,vw
rolling120,1954-02,1964-01,120,3.430495903336026,1.1844034390103126,0.8682012809230012,4.390987166608027,ff12,vw
rolling120,1954-03,1964-02,120,3.4560184915647616,1.1915818634567161,0.8685747316294415,4.3922428979182975,ff12,vw
rolling120,1954-04,1964-03,120,3.382798036955415,1.1698074123515514,0.8662842415646229,4.384636590299328,ff12,vw
rolling120,1954-05,1964-04,120,3.2276917910094154,1.1265099928308633,0.8643191364392768,4.3782313257838625,ff12,vw
rolling120,1954-06,1964-05,120,3.185099719202456,1.1139775591371546,0.8637286876118436,4.376408370780104,ff12,vw
rolling120,1954-07,1964-06,120,3.178305837556132,1.1024874216359095,0.8560636016677261,4.351102271961954,ff12,vw
rolling120,1954-08,1964-07,120,3.0408948074034257,1.065301838537951,0.8559192182545703,4.3507121383624066,ff12,vw
rolling120,1954-09,1964-08,120,3.0725547304016843,1.0736337621264957,0.8558663125323519,4.350535833426551,ff12,vw
rolling120,1954-10,1964-09,120,2.9627859137516253,1.0383471128673143,0.8484988079338031,4.326493751473325,ff12,vw
rolling120,1954-11,1964-10,120,3.062763918805765,1.0644265690539885,0.8484577908010221,4.326361233404128,ff12,vw
rolling120,1954-12,1964-11,120,2.7291794400876865,0.9713723600954686,0.8449396813326251,4.316050886254827,ff12,vw
rolling120,1955-01,1964-12,120,2.560518039474775,0.9254040513942896,0.8432377683602983,4.310822100615512,ff12,vw
rolling120,1955-02,1965-01,120,2.6954436171708966,0.9619788804203692,0.8442391793266026,4.313810243114213,ff12,vw
rolling120,1955-03,1965-02,120,2.634539089217849,0.9464923531997417,0.8443568058395876,4.314164613340347,ff12,vw
rolling120,1955-04,1965-03,120,2.5910798532763106,0.933307233036947,0.8418613116731178,4.306009406590548,ff12,vw
rolling120,1955-05,1965-04,120,2.6086344610830006,0.9363592374627356,0.8408833721399721,4.303076304017929,ff12,vw
rolling120,1955-06,1965-05,120,2.5438902831357626,0.9189500439202557,0.8403199197844196,4.30134697431002,ff12,vw
rolling120,1955-07,1965-06,120,2.196134949555503,0.8208800791384693,0.8317790393139909,4.275750639767956,ff12,vw
rolling120,1955-08,1965-07,120,2.1872122996220473,0.8001256703825067,0.7880669196452841,4.127392319221363,ff12,vw
rolling120,1955-09,1965-08,120,2.295189077388224,0.8266513340707511,0.7878950980148202,4.126940435631755,ff12,vw
rolling120,1955-10,1965-09,120,2.402841223172507,0.8470297282365797,0.777068900090302,4.093418853893936,ff12,vw
rolling120,1955-11,1965-10,120,2.5734848362349676,0.8912766870045643,0.7784163430111389,4.097192251178476,ff12,vw
rolling120,1955-12,1965-11,120,2.3772755412991877,0.8430753091573687,0.7789112802485887,4.09863201983884,ff12,vw
rolling120,1956-01,1965-12,120,2.37256463624954,0.8383252998494821,0.7759778841474757,4.090376674087867,ff12,vw
rolling120,1956-02,1966-01,120,2.5137723932102487,0.8743347308694159,0.7766886303868167,4.09262925136252,ff12,vw
rolling120,1956-03,1966-02,120,2.3602657264434654,0.838064409876065,0.7796972771077195,4.101682559933123,ff12,vw
rolling120,1956-04,1966-03,120,2.108927526957755,0.7694561257272153,0.7734128210936926,4.083948775413976,ff12,vw
rolling120,1956-05,1966-04,120,2.1781208089471504,0.7859927127733837,0.7741216038459201,4.086402150340443,ff12,vw
rolling120,1956-06,1966-05,120,2.148772319785111,0.7790113465283587,0.7732111416386966,4.083510717431426,ff12,vw
rolling120,1956-07,1966-06,120,2.0175872361696134,0.7453359223381285,0.7716058475689166,4.0788441208884665,ff12,vw
rolling120,1956-08,1966-07,120,1.8600209748989238,0.7052145850845203,0.7701517825385655,4.074668208237536,ff12,vw
rolling120,1956-09,1966-08,120,1.711720326458599,0.6700644565443205,0.7705001898335276,4.075460606720807,ff12,vw
rolling120,1956-10,1966-09,120,1.8117331051911858,0.6974231433726319,0.7741286756088313,4.086045987870479,ff12,vw
rolling120,1956-11,1966-10,120,1.9103434737133504,0.7307184106166665,0.7838487751549099,4.11280524505519,ff12,vw
rolling120,1956-12,1966-11,120,1.9846763542541157,0.7590973022791098,0.7968048738915174,4.150037357703643,ff12,vw
rolling120,1957-01,1966-12,120,1.913901541208423,0.7415831664898306,0.7967613198549023,4.14979526329609,ff12,vw
rolling120,1957-02,1967-01,120,2.2384670214289337,0.8217595921483482,0.7932577294991774,4.1397273213297066,ff12,vw
rolling120,1957-03,1967-02,120,2.318788748576757,0.8441111117478116,0.7956921870421606,4.147128010562604,ff12,vw
rolling120,1957-04,1967-03,120,2.363738665487572,0.8552032290848784,0.7945923020752558,4.143530822892431,ff12,vw
rolling120,1957-05,1967-04,120,2.3720558901403703,0.8597418448643296,0.7980743431508059,4.1541009736028265,ff12,vw
rolling120,1957-06,1967-05,120,2.1397702219397425,0.7997400082768265,0.7967281140397213,4.149934217403605,ff12,vw
rolling120,1957-07,1967-06,120,2.2375264731154254,0.8201772177398503,0.791030090743062,4.132804147731391,ff12,vw
rolling120,1957-08,1967-07,120,2.3552052880505063,0.8594804068226531,0.7926598039068672,4.137889956487168,ff12,vw
rolling120,1957-09,1967-08,120,2.4849911659550403,0.8899759351033636,0.7902571409145791,4.130987807554531,ff12,vw
rolling120,1957-10,1967-09,120,2.76509837649207,0.9582322743578331,0.7876701534155462,4.123892778749018,ff12,vw
rolling120,1957-11,1967-10,120,2.7915276570034235,0.9693019655172759,0.7946444771620456,4.145816352702238,ff12,vw
rolling120,1957-12,1967-11,120,2.7040133795486065,0.9392005788298462,0.7904352038063902,4.133954981303632,ff12,vw
rolling120,1958-01,1967-12,120,2.9330299015952512,0.9910057936339993,0.7863207145507345,4.122744267005797,ff12,vw
rolling120,1958-02,1968-01,120,2.6287589426841778,0.9194064769372423,0.7897364570929899,4.131185972691912,ff12,vw
rolling120,1958-03,1968-02,120,2.532303139622286,0.8907783514211379,0.7859812527894959,4.120345134125147,ff12,vw
rolling120,1958-04,1968-03,120,2.432313768458874,0.8645432911310917,0.7841526002886295,4.114807977446984,ff12,vw
rolling120,1958-05,1968-04,120,2.631429178581246,0.9203734839442943,0.7857567342227155,4.118404366608303,ff12,vw
rolling120,1958-06,1968-05,120,2.6378023328064337,0.925125333651289,0.7883099792800392,4.125628123788219,ff12,vw
rolling120,1958-07,1968-06,120,2.606468141528726,0.9240146382549461,0.7960284936432082,4.148666790867583,ff12,vw
rolling120,1958-08,1968-07,120,2.38049635883169,0.8658152577165462,0.7972117513105021,4.1532520995113344,ff12,vw
rolling120,1958-09,1968-08,120,2.362513969865545,0.8607562117391493,0.7968844786240068,4.152313204731315,ff12,vw
rolling120,1958-10,1968-09,120,2.3511433297780138,0.8573330676756202,0.795779784239001,4.148655867643022,ff12,vw
rolling120,1958-11,1968-10,120,2.3016221269605985,0.8471482543819469,0.7970545503163703,4.152229311826171,ff12,vw
rolling120,1958-12,1968-11,120,2.373911324153394,0.8669460559398169,0.7968956794911759,4.15144044963529,ff12,vw
rolling120,1959-01,1968-12,120,2.0758345094562154,0.7835560646119304,0.7855112847916613,4.116622898937934,ff12,vw
rolling120,1959-02,1969-01,120,2.029579068365488,0.7701778787024253,0.7836398455180161,4.111296412760545,ff12,vw
rolling120,1959-03,1969-02,120,1.8127188350274537,0.7104546732166039,0.7830350378234965,4.109907510455908,ff12,vw
rolling120,1959-04,1969-03,120,1.8756722168923523,0.728005416291396,0.7847299868708458,4.1146442690179255,ff12,vw
rolling120,1959-05,1969-04,120,1.824943431797759,0.7107245722632411,0.77886747374723,4.097736792666566,ff12,vw
rolling120,1959-06,1969-05,120,1.7855227112420073,0.6982802370599952,0.7757196719850492,4.088809828232036,ff12,vw
rolling120,1959-07,1969-06,120,1.5897146783758735,0.6505935347530426,0.7773232244434889,4.093427473245817,ff12,vw
rolling120,1959-08,1969-07,120,1.3528088318863691,0.591340058751712,0.7774310503216291,4.093519896292672,ff12,vw
rolling120,1959-09,1969-08,120,1.508352357600168,0.6335291666897453,0.7799513086098363,4.100241447820238,ff12,vw
rolling120,1959-10,1969-09,120,1.5673798525974627,0.6522166672703243,0.7816582504650605,4.104589386398785,ff12,vw
rolling120,1959-11,1969-10,120,1.6861867264899293,0.6851288634944229,0.7830585640983116,4.108213264420576,ff12,vw
rolling120,1959-12,1969-11,120,1.5518103338831284,0.6496271439196796,0.7804234323354916,4.100102875094744,ff12,vw
rolling120,1960-01,1969-12,120,1.4396487745669693,0.6225305660642357,0.7837241421314222,4.110307893755999,ff12,vw
rolling120,1960-02,1970-01,120,1.411980760289329,0.6125818835909809,0.7791708525365473,4.097148874639151,ff12,vw
rolling120,1960-03,1970-02,120,1.5225779563185808,0.6381763039777401,0.7757049798729064,4.087161363417669,ff12,vw
rolling120,1960-04,1970-03,120,1.5351121626728066,0.6427472440519898,0.7780614169680066,4.094150043662285,ff12,vw
rolling120,1960-05,1970-04,120,1.2940252906463576,0.5831371106080937,0.7797387954050802,4.0987677454206475,ff12,vw
rolling120,1960-06,1970-05,120,1.0772028585653146,0.5255486215521653,0.7770236143685542,4.092095660571382,ff12,vw
rolling120,1960-07,1970-06,120,0.9289483781552119,0.49132665003828185,0.7801119294635184,4.100083922135233,ff12,vw
rolling120,1960-08,1970-07,120,1.118335679159003,0.5415734660793959,0.782630428330587,4.107003784449995,ff12,vw
rolling120,1960-09,1970-08,120,1.1486242184381137,0.5500488670490898,0.7835579975462007,4.1095674732884975,ff12,vw
rolling120,1960-10,1970-09,120,1.39553888775251,0.6165332822110092,0.7869509068438639,4.118516624237576,ff12,vw
rolling120,1960-11,1970-10,120,1.3582644672526447,0.6091010555596805,0.78979181738508,4.126727385306687,ff12,vw
rolling120,1960-12,1970-11,120,1.3610322076982566,0.6089941989338663,0.7894969129031382,4.126108155218351,ff12,vw
rolling120,1961-01,1970-12,120,1.4011114871346422,0.6168384230003292,0.784304158843597,4.109979884483284,ff12,vw
rolling120,1961-02,1971-01,120,1.3839371772301896,0.6139656714040895,0.7866074728034654,4.116730759071925,ff12,vw
rolling120,1961-03,1971-02,120,1.3242943877592817,0.6003341777755762,0.7872988822955631,4.118342442975493,ff12,vw
rolling120,1961-04,1971-03,120,1.3420794925415458,0.6052931221493286,0.7876741110913601,4.119367897105099,ff12,vw
rolling120,1961-05,1971-04,120,1.4133733631046637,0.6261183316956508,0.7893648228919812,4.123866260216436,ff12,vw
rolling120,1961-06,1971-05,120,1.261712165841539,0.5866017502019613,0.7894829536491823,4.124340571637069,ff12,vw
rolling120,1961-07,1971-06,120,1.331483002332896,0.6049048818107675,0.7897816823420237,4.125231865100222,ff12,vw
rolling120,1961-08,1971-07,120,1.1722231901912887,0.5643208051429804,0.7901172888732174,4.125920176566066,ff12,vw
rolling120,1961-09,1971-08,120,1.1926661186926406,0.5732415500204896,0.7935424085750614,4.134809363872977,ff12,vw
rolling120,1961-10,1971-09,120,1.212294203501186,0.5747195761226929,0.788067338703547,4.1188850304732805,ff12,vw
rolling120,1961-11,1971-10,120,1.0691978574389953,0.5368573020418037,0.7869652955268489,4.115816516205654,ff12,vw
rolling120,1961-12,1971-11,120,0.9719650408731526,0.5098614448862405,0.7835201222340855,4.1056943339063645,ff12,vw
rolling120,1962-01,1971-12,120,1.1538209586479922,0.5550248222466002,0.7805643089024723,4.097238752462201,ff12,vw
rolling120,1962-02,1972-01,120,1.2971491605392487,0.5908954482260836,0.7797353050672526,4.095318476748329,ff12,vw
rolling120,1962-03,1972-02,120,1.3182695659462995,0.5979264960180646,0.7814769808477877,4.100047646901059,ff12,vw
rolling120,1962-04,1972-03,120,1.3532020490348184,0.609253838800985,0.7837795931064432,4.10649259445192,ff12,vw
rolling120,1962-05,1972-04,120,1.532981256698612,0.6523020743472242,0.7806062984282248,4.097906235026762,ff12,vw
rolling120,1962-06,1972-05,120,1.8066499309000972,0.7211344360903412,0.7781278425075231,4.09064176637124,ff12,vw
rolling120,1962-07,1972-06,120,2.0085127211896134,0.7709488740221516,0.7761604585326193,4.085308733029008,ff12,vw
rolling120,1962-08,1972-07,120,1.801902233329713,0.7182742323373436,0.7759420177217293,4.084490266430515,ff12,vw
rolling120,1962-09,1972-08,120,1.8468095746015596,0.730727124764466,0.7851054164026706,4.112415697175967,ff12,vw
rolling120,1962-10,1972-09,120,1.977259202528634,0.7631734057364977,0.7847133998267249,4.111689587443613,ff12,vw
rolling120,1962-11,1972-10,120,1.9952734356996178,0.7688977194596166,0.7860975589743052,4.115887977399515,ff12,vw
rolling120,1962-12,1972-11,120,1.811776957514939,0.719410244228204,0.7829609946161781,4.1069459027317246,ff12,vw
rolling120,1963-01,1972-12,120,1.8014909552452667,0.7162489984387485,0.7822708155424156,4.104926227813913,ff12,vw
rolling120,1963-02,1973-01,120,1.5798620903074707,0.66609643695049,0.7931461141451006,4.1374442043603405,ff12,vw
rolling120,1963-03,1973-02,120,1.525194781645232,0.6533504650214847,0.7952813706987429,4.143741275725731,ff12,vw
rolling120,1963-04,1973-03,120,1.4283472143685665,0.6288134623358217,0.7950432206019595,4.142748309762158,ff12,vw
rolling120,1963-05,1973-04,120,1.2029180943064128,0.5734372834984444,0.8003734009757846,4.158556029160773,ff12,vw
rolling120,1963-06,1973-05,120,1.1057999874170683,0.547586907669315,0.7981380146921156,4.151484517170424,ff12,vw
rolling120,1963-07,1973-06,120,1.1176514134438378,0.5520760549025866,0.8000267160299444,4.15690747488562,ff12,vw
rolling120,1963-08,1973-07,120,1.2449832636550102,0.5915148290230161,0.8057633219653748,4.172442697349871,ff12,vw
rolling120,1963-09,1973-08,120,1.0534029493174866,0.5411516445159819,0.8056210024827225,4.171894702004905,ff12,vw
rolling120,1963-10,1973-09,120,1.1990533156904042,0.5823975055913019,0.8062470225063674,4.172941254882465,ff12,vw
rolling120,1963-11,1973-10,120,1.1187865440471128,0.5614139269978368,0.8050094334547804,4.168178099550347,ff12,vw
rolling120,1963-12,1973-11,120,0.8696773266889335,0.5016640718280667,0.8181302679079788,4.207338679143817,ff12,vw
rolling120,1964-01,1973-12,120,0.8443305804749446,0.49921650763847203,0.8264414493380021,4.2326595862081975,ff12,vw
rolling120,1964-02,1974-01,120,0.8269370451241402,0.4983773888988976,0.830986154315452,4.246109455735968,ff12,vw
rolling120,1964-03,1974-02,120,0.7936368047676916,0.4892964899888528,0.8310675024759863,4.246405767119565,ff12,vw
rolling120,1964-04,1974-03,120,0.7288056722083931,0.4718201301174554,0.8320174247027664,4.249570925544246,ff12,vw
rolling120,1964-05,1974-04,120,0.6484469579587058,0.45176093511884885,0.83365650306628,4.254172027329325,ff12,vw
rolling120,1964-06,1974-05,120,0.5677934227283985,0.43322917172402675,0.8398892092049598,4.272624820366671,ff12,vw
rolling120,1964-07,1974-06,120,0.5089168392598098,0.4179412899904613,0.8414243722448552,4.277107674188422,ff12,vw
rolling120,1964-08,1974-07,120,0.3662551175655475,0.382675932403251,0.853966352996945,4.317008114641383,ff12,vw
rolling120,1964-09,1974-08,120,0.2681907883979827,0.35785945004817754,0.8637503216133589,4.349827962899298,ff12,vw
rolling120,1964-10,1974-09,120,0.10249271787627634,0.3156996653367122,0.881281505637887,4.407355625390007,ff12,vw
rolling120,1964-11,1974-10,120,0.2690815826020763,0.36975436025658165,0.8982172977885325,4.463667503402344,ff12,vw
rolling120,1964-12,1974-11,120,0.21709787817893317,0.3547058342407219,0.8986132509593847,4.465066869634368,ff12,vw
rolling120,1965-01,1974-12,120,0.178880657650065,0.34413062405849704,0.9002124294602137,4.4703873732618575,ff12,vw
rolling120,1965-02,1975-01,120,0.29985354619768195,0.3866506257803209,0.9090775236057288,4.498153165794638,ff12,vw
rolling120,1965-03,1975-02,120,0.36416032028025697,0.40948016304452534,0.9210617695579758,4.5402584812342255,ff12,vw
rolling120,1965-04,1975-03,120,0.42301473000758505,0.4302803897637934,0.9286178073274635,4.566166162806337,ff12,vw
rolling120,1965-05,1975-04,120,0.4294214022106289,0.43462119524516024,0.9347135683579499,4.587444340106082,ff12,vw
rolling120,1965-06,1975-05,120,0.5149608640797096,0.4617870343063336,0.9379457297822499,4.5991439422684754,ff12,vw
rolling120,1965-07,1975-06,120,0.6893879411382271,0.5163802029543425,0.9409282668565285,4.609651749943565,ff12,vw
rolling120,1965-08,1975-07,120,0.5576681207382594,0.4773310430392976,0.9427453307433252,4.615762915028994,ff12,vw
rolling120,1965-09,1975-08,120,0.4667740413439361,0.4494463572499079,0.9425645224917322,4.615086637357254,ff12,vw
rolling120,1965-10,1975-09,120,0.376612536419302,0.4221975629018495,0.9430869429093104,4.616671325575665,ff12,vw
rolling120,1965-11,1975-10,120,0.4306004075944672,0.43984047793684766,0.9443682544771537,4.620753523498251,ff12,vw
rolling120,1965-12,1975-11,120,0.4691625968433345,0.45038243009057477,0.941306847593943,4.6100176680326745,ff12,vw
rolling120,1966-01,1975-12,120,0.43072660699625254,0.4387450674518933,0.9411983217546526,4.609489407383436,ff12,vw
rolling120,1966-02,1976-01,120,0.5912136142049988,0.4884628397801423,0.9422711874054714,4.612955427025483,ff12,vw
rolling120,1966-03,1976-02,120,0.6117652053139484,0.4960465416929066,0.9427471923771469,4.613468005531155,ff12,vw
rolling120,1966-04,1976-03,120,0.6934804539037676,0.5222736825548484,0.9451162120617841,4.621949531818065,ff12,vw
rolling120,1966-05,1976-04,120,0.6393564925823294,0.5058334020699259,0.9451105631562422,4.621580343394386,ff12,vw
rolling120,1966-06,1976-05,120,0.6996556216088667,0.5250717838131458,0.9478091218850286,4.632081909984103,ff12,vw
rolling120,1966-07,1976-06,120,0.7911629896606593,0.5534485400342674,0.9480521028309427,4.632982969618275,ff12,vw
rolling120,1966-08,1976-07,120,0.8093098169687489,0.559652585406116,0.9492345251302834,4.63721657735918,ff12,vw
rolling120,1966-09,1976-08,120,0.9653704258993736,0.6080136741597136,0.9502810807619383,4.641249641882679,ff12,vw
rolling120,1966-10,1976-09,120,1.0305835699042611,0.6266512712672284,0.9473955917336145,4.630793401199404,ff12,vw
rolling120,1966-11,1976-10,120,0.9138365383929159,0.5862927589196908,0.9395233062182231,4.603495560185095,ff12,vw
rolling120,1966-12,1976-11,120,0.8776294932331583,0.572793166484647,0.9288888535424039,4.565060169834662,ff12,vw
rolling120,1967-01,1976-12,120,0.9828733131068752,0.6047864866036272,0.9289790913580737,4.565488729614283,ff12,vw
rolling120,1967-02,1977-01,120,0.7492566608646642,0.5336235714658327,0.9302027724491614,4.5702330016359,ff12,vw
rolling120,1967-03,1977-02,120,0.7039515288522917,0.5190265537578167,0.9282881159934235,4.5633659845128625,ff12,vw
rolling120,1967-04,1977-03,120,0.6171092220741812,0.49200226727548185,0.9270321009024096,4.558993601635064,ff12,vw
rolling120,1967-05,1977-04,120,0.550464360936799,0.47087865963682474,0.923648126650951,4.546622030410233,ff12,vw
rolling120,1967-06,1977-05,120,0.5987198251380141,0.4854559287139709,0.9236279362060371,4.546625533064942,ff12,vw
rolling120,1967-07,1977-06,120,0.6355917335193033,0.4966001540273986,0.9236582736181552,4.546786922558958,ff12,vw
rolling120,1967-08,1977-07,120,0.5419044279513741,0.46457983467995634,0.9203030931112557,4.535910161852153,ff12,vw
rolling120,1967-09,1977-08,120,0.5367228557044652,0.4647992192742306,0.9243779704523689,4.550056139470514,ff12,vw
rolling120,1967-10,1977-09,120,0.49338365605617185,0.4510639702498116,0.9227688902673767,4.544377644010614,ff12,vw
rolling120,1967-11,1977-10,120,0.4805893416681678,0.4448274431149283,0.9152572620431251,4.517304523519002,ff12,vw
rolling120,1967-12,1977-11,120,0.5404965872832135,0.46297819867843065,0.9155419334459896,4.518249702541183,ff12,vw
rolling120,1968-01,1977-12,120,0.4994014486706566,0.4499365022800207,0.9139211857247808,4.512691985363652,ff12,vw
rolling120,1968-02,1978-01,120,0.4582848530053357,0.43396707455381545,0.9060739570124344,4.487011103187905,ff12,vw
rolling120,1968-03,1978-02,120,0.4903521383365874,0.4443520469901131,0.9082253738241598,4.494445138184186,ff12,vw
rolling120,1968-04,1978-03,120,0.5347327215422151,0.45739258131651495,0.9077509872861865,4.49278801333617,ff12,vw
rolling120,1968-05,1978-04,120,0.5207990962122051,0.4531550059469098,0.9078599781984346,4.493445089592299,ff12,vw
rolling120,1968-06,1978-05,120,0.5117576604654592,0.4497892478404126,0.9065630831543212,4.489213690834422,ff12,vw
rolling120,1968-07,1978-06,120,0.4674359328680352,0.43449163065484525,0.9004002833758673,4.467874489567674,ff12,vw
rolling120,1968-08,1978-07,120,0.5842476872239917,0.46798167432350235,0.8965539127021467,4.454070238325596,ff12,vw
rolling120,1968-09,1978-08,120,0.6217182641150263,0.47951491506818916,0.89733533328474,4.456582219850698,ff12,vw
rolling120,1968-10,1978-09,120,0.53148606350846,0.4520359115768166,0.8960312928422347,4.452631444234996,ff12,vw
rolling120,1968-11,1978-10,120,0.3472144939052463,0.3993795830229903,0.901334525620753,4.470846288720768,ff12,vw
rolling120,1968-12,1978-11,120,0.3112016627600538,0.38805873130926893,0.9003819785165941,4.467899142909403,ff12,vw
rolling120,1969-01,1978-12,120,0.38038957434397763,0.4087265850418222,0.9012799632835402,4.471173825594328,ff12,vw
rolling120,1969-02,1979-01,120,0.45499897439022285,0.43063479822402523,0.9009548061278868,4.470106432195694,ff12,vw
rolling120,1969-03,1979-02,120,0.49133327124908766,0.44120561697792626,0.9009959036153585,4.4704754661285095,ff12,vw
rolling120,1969-04,1979-03,120,0.5394216691292422,0.4552327573194517,0.8998856452328379,4.466542250464152,ff12,vw
rolling120,1969-05,1979-04,120,0.5092747187993387,0.44605682005395475,0.8989216249886243,4.463110010935138,ff12,vw
rolling120,1969-06,1979-05,120,0.48399207652921883,0.4384128215965919,0.8984841328331279,4.461613533448297,ff12,vw
rolling120,1969-07,1979-06,120,0.6534094587535795,0.4874522689086288,0.8963989685103545,4.454578464925855,ff12,vw
rolling120,1969-08,1979-07,120,0.7909547608741858,0.5264436732519836,0.8933207892401877,4.444365455858874,ff12,vw
rolling120,1969-09,1979-08,120,0.8029376561792656,0.5284021507104499,0.8906752541109756,4.435758795824129,ff12,vw
rolling120,1969-10,1979-09,120,0.8302405085740987,0.5348104350403272,0.8906569824347936,4.436948102456888,ff12,vw
rolling120,1969-11,1979-10,120,0.596415476689665,0.4663588887256693,0.8921382482992719,4.442466018818255,ff12,vw
rolling120,1969-12,1979-11,120,0.7448789387881785,0.510626794799169,0.8919439395862014,4.441200318891218,ff12,vw
rolling120,1970-01,1979-12,120,0.8263749811383077,0.5339848522158974,0.8901585993983677,4.434738727515415,ff12,vw
rolling120,1970-02,1980-01,120,1.055439083491049,0.6061875410674633,0.8998719899469454,4.466787460768206,ff12,vw
rolling120,1970-03,1980-02,120,0.8910910414381106,0.5646580216231963,0.9257451690902254,4.56621731746232,ff12,vw
rolling120,1970-04,1980-03,120,0.7142160542523297,0.5170517773682717,0.9340167718637874,4.593604844581352,ff12,vw
rolling120,1970-05,1980-04,120,1.0085478957527378,0.6069087886367681,0.9359465013148577,4.60051722008904,ff12,vw
rolling120,1970-06,1980-05,120,1.282713558356111,0.6857807489823833,0.9274595960308402,4.569430472158239,ff12,vw
rolling120,1970-07,1980-06,120,1.472024249668486,0.7391138417162683,0.9241748543273777,4.558780896687939,ff12,vw
rolling120,1970-08,1980-07,120,1.4749725600605887,0.7449337017038874,0.9293343924988196,4.575273065279042,ff12,vw
rolling120,1970-09,1980-08,120,1.4132822347486012,0.7260037226786678,0.9289525098748864,4.574035790389939,ff12,vw
rolling120,1970-10,1980-09,120,1.3505255770401092,0.7040664042219658,0.9251295090615427,4.561329304680218,ff12,vw
rolling120,1970-11,1980-10,120,1.4156868003515926,0.723876265866209,0.9266691864571213,4.567294178956496,ff12,vw
rolling120,1970-12,1980-11,120,1.467903076356405,0.7520660288659564,0.9536550088082141,4.669634271494128,ff12,vw
rolling120,1971-01,1980-12,120,1.2933927841651132,0.7030928788083034,0.9570640197666276,4.681335044585909,ff12,vw
rolling120,1971-02,1981-01,120,1.1244809998691396,0.65524187671978,0.9618966003904796,4.698120433499297,ff12,vw
rolling120,1971-03,1981-02,120,1.1391998247342245,0.6586552967792796,0.9615226572852629,4.697270540547717,ff12,vw
rolling120,1971-04,1981-03,120,1.1654028233459734,0.6706476369401914,0.9668935709596118,4.716229471208162,ff12,vw
rolling120,1971-05,1981-04,120,1.09965448059776,0.6514330473209308,0.9681263392768962,4.720572363510859,ff12,vw
rolling120,1971-06,1981-05,120,1.226118683256833,0.6924102194329482,0.9701447775713716,4.727679890538792,ff12,vw
rolling120,1971-07,1981-06,120,1.1870859966254046,0.6839283819724613,0.9755316353725407,4.746876427352812,ff12,vw
rolling120,1971-08,1981-07,120,1.2474731786177404,0.7056946782821503,0.9828158905092873,4.775348484184098,ff12,vw
rolling120,1971-09,1981-08,120,1.0366951356058882,0.6370395834176271,0.9805551610824254,4.7680490239750855,ff12,vw
rolling120,1971-10,1981-09,120,0.9519137365704986,0.6155720711276649,0.9880240306257847,4.79511506901208,ff12,vw
rolling120,1971-11,1981-10,120,1.1380779438435056,0.6760330314598322,0.9875132794231691,4.792294565025708,ff12,vw
rolling120,1971-12,1981-11,120,1.2245700873434648,0.7040471410572468,0.9884444350071956,4.795696783702149,ff12,vw
rolling120,1972-01,1981-12,120,1.0017653723525526,0.6336754535279586,0.9884840393126813,4.7957778264157,ff12,vw
rolling120,1972-02,1982-01,120,0.9239986672018496,0.6101902632660671,0.9887280579379913,4.795920804858677,ff12,vw
rolling120,1972-03,1982-02,120,0.7927301830039668,0.5691160664680868,0.9889462577619761,4.796509911245158,ff12,vw
rolling120,1972-04,1982-03,120,0.774051130726072,0.5633004696740198,0.9898565709076139,4.800026600931998,ff12,vw
rolling120,1972-05,1982-04,120,0.8440784967598087,0.5863296228052667,0.9909063416092064,4.803781591080136,ff12,vw
rolling120,1972-06,1982-05,120,0.7667415754564366,0.5627226281088014,0.9931677627834982,4.812363801516565,ff12,vw
rolling120,1972-07,1982-06,120,0.7819947146872877,0.5684356282757704,0.9945751226073529,4.817445329867962,ff12,vw
rolling120,1972-08,1982-07,120,0.764874658158541,0.5637822859156769,0.9953938670645992,4.820232117827741,ff12,vw
rolling120,1972-09,1982-08,120,0.9081340594044991,0.6064330344869752,0.9885226347297797,4.793874151049144,ff12,vw
rolling120,1972-10,1982-09,120,0.9552842566234268,0.6218756712959768,0.9892439203319748,4.796439543709919,ff12,vw
rolling120,1972-11,1982-10,120,1.166294962573469,0.6924421210730578,0.9932223679947769,4.810030574751796,ff12,vw
rolling120,1972-12,1982-11,120,1.1799168663354007,0.7011216837663601,0.9972991336671532,4.8243463679018825,ff12,vw
rolling120,1973-01,1982-12,120,1.1793233246143697,0.7024132744479992,0.9996776492664214,4.833238092291484,ff12,vw
rolling120,1973-02,1983-01,120,1.3500616726651185,0.7567030779563384,0.9978197678990831,4.825857061373238,ff12,vw
rolling120,1973-03,1983-02,120,1.5319394234511736,0.8150662146860828,0.9974822210037483,4.824617248845613,ff12,vw
rolling120,1973-04,1983-03,120,1.637234898819261,0.8510237883203176,1.000535847218968,4.83607673321363,ff12,vw
rolling120,1973-05,1983-04,120,1.9682411660355092,0.9545824723433477,0.9963889260113485,4.820452799798732,ff12,vw
rolling120,1973-06,1983-05,120,2.061545307548944,0.9846639804250575,0.9968044233957497,4.822141721145797,ff12,vw
rolling120,1973-07,1983-06,120,2.220324835768455,1.0380555584584805,0.9996806695917222,4.833022335602799,ff12,vw
rolling120,1973-08,1983-07,120,1.947477961936571,0.9442934198359223,0.995225859826525,4.81764146832358,ff12,vw
rolling120,1973-09,1983-08,120,2.059063399373288,0.9840332144961302,1.0000814890656244,4.835963373671493,ff12,vw
rolling120,1973-10,1983-09,120,1.953388682545473,0.9476151557885316,0.9987300889495324,4.831424143413455,ff12,vw
rolling120,1973-11,1983-10,120,1.9051725214477835,0.9305438085662223,0.9965465868691635,4.823244774883457,ff12,vw
rolling120,1973-12,1983-11,120,2.39950621003872,1.0810565776535952,0.9871230864268191,4.7879853989884795,ff12,vw
rolling120,1974-01,1983-12,120,2.330734706546737,1.0535021383267416,0.9810367392507746,4.765548770030101,ff12,vw
rolling120,1974-02,1984-01,120,2.2455433024469014,1.0309061385654565,0.990914342798871,4.804491022980779,ff12,vw
rolling120,1974-03,1984-02,120,2.1009450954941493,0.9881915128369563,0.9959440088348493,4.824299997095031,ff12,vw
rolling120,1974-04,1984-03,120,2.2021320239496807,1.0209610253083152,0.9959523588142789,4.824127714165888,ff12,vw
rolling120,1974-05,1984-04,120,2.368904785025627,1.0701827336624081,0.9935116936443821,4.815513611850486,ff12,vw
rolling120,1974-06,1984-05,120,2.3101576429632855,1.0458459147419963,0.9891516464107576,4.800223521411027,ff12,vw
rolling120,1974-07,1984-06,120,2.508260405851575,1.1119887846445455,0.9942725325595155,4.820231809655545,ff12,vw
rolling120,1974-08,1984-07,120,2.7419755559539323,1.1772823676445667,0.9847982134420584,4.784797542048396,ff12,vw
rolling120,1974-09,1984-08,120,3.5271663622588543,1.4165088165743969,0.9769961514522383,4.754979057027777,ff12,vw
rolling120,1974-10,1984-09,120,4.066149897461567,1.5703458760741291,0.9644398625318299,4.7088458138237455,ff12,vw
rolling120,1974-11,1984-10,120,3.3748536730660232,1.3362324206827911,0.9488704655114905,4.653341423273356,ff12,vw
rolling120,1974-12,1984-11,120,3.5050344093840478,1.3756500667535942,0.9485913179227644,4.652362789319714,ff12,vw
rolling120,1975-01,1984-12,120,3.7448694418875306,1.4460493585149667,0.9464181999453142,4.644674931913929,ff12,vw
rolling120,1975-02,1985-01,120,3.4681332267294493,1.3403997333065942,0.9399922543482099,4.6243652148566685,ff12,vw
rolling120,1975-03,1985-02,120,3.289318104268058,1.2753804005430003,0.9288096131558639,4.584670311935368,ff12,vw
rolling120,1975-04,1985-03,120,3.161678764698472,1.238321906334757,0.9288757234260099,4.584492901276804,ff12,vw
rolling120,1975-05,1985-04,120,2.985629685854096,1.1800839401063725,0.9237033585243897,4.566768412242955,ff12,vw
rolling120,1975-06,1985-05,120,3.0121217986049595,1.1869215753347029,0.9216505829688816,4.55917625664915,ff12,vw
rolling120,1975-07,1985-06,120,2.8753492394229108,1.1426334562731377,0.9181481541165503,4.547188780846546,ff12,vw
rolling120,1975-08,1985-07,120,3.1241320797381382,1.2185127710743324,0.9207151167496773,4.555770505099346,ff12,vw
rolling120,1975-09,1985-08,120,3.2135064976809797,1.2441895305452708,0.9202561040053777,4.55425798977248,ff12,vw
rolling120,1975-10,1985-09,120,3.208293431267225,1.239777306949772,0.9184930956456082,4.548572698143479,ff12,vw
rolling120,1975-11,1985-10,120,3.116764511103045,1.2084320160161708,0.9167416310639994,4.543183892215203,ff12,vw
rolling120,1975-12,1985-11,120,3.26445395616199,1.2537990720229546,0.9176193065601029,4.545967502209945,ff12,vw
rolling120,1976-01,1985-12,120,3.515384616727916,1.329635139852973,0.9183869924454332,4.548439717508,ff12,vw
rolling120,1976-02,1986-01,120,3.0529644985107334,1.192376803383893,0.9152486201177873,4.537351063431465,ff12,vw
rolling120,1976-03,1986-02,120,3.336965645692654,1.2721601648594207,0.9131783137669305,4.530876334256111,ff12,vw
rolling120,1976-04,1986-03,120,3.4692127567714506,1.314076875017194,0.9149366884605081,4.536591495221227,ff12,vw
rolling120,1976-05,1986-04,120,3.504425055608423,1.324613526346504,0.9150613808552528,4.537022388207066,ff12,vw
rolling120,1976-06,1986-05,120,3.819420614681162,1.4161325094143682,0.9132230137951263,4.530036343972558,ff12,vw
rolling120,1976-07,1986-06,120,3.7059780859102656,1.3894378852321294,0.9172103925600218,4.5429699640603936,ff12,vw
rolling120,1976-08,1986-07,120,3.447266404279059,1.3245947551680837,0.9308725864082285,4.59333875348102,ff12,vw
rolling120,1976-09,1986-08,120,3.726951024581912,1.4135223078220625,0.9369659556651749,4.616094535245463,ff12,vw
rolling120,1976-10,1986-09,120,3.256826464858398,1.2791890517721864,0.9425484959944054,4.6359196391825614,ff12,vw
rolling120,1976-11,1986-10,120,3.5723114029612493,1.376208830624364,0.9436611866487784,4.639588829018341,ff12,vw
rolling120,1976-12,1986-11,120,3.641148907792685,1.38768385502059,0.9417013173524988,4.633583982876467,ff12,vw
rolling120,1977-01,1986-12,120,3.2503003492653004,1.2691834742758932,0.9404875548954498,4.629389240942438,ff12,vw
rolling120,1977-02,1987-01,120,4.001309902936691,1.4930594023462773,0.939044394103407,4.62408111742234,ff12,vw
rolling120,1977-03,1987-02,120,4.314690348339382,1.6002874141328838,0.9461930333343063,4.648152380649227,ff12,vw
rolling120,1977-04,1987-03,120,4.512099658422386,1.6693863316654063,0.9539226289779406,4.6767452330852555,ff12,vw
rolling120,1977-05,1987-04,120,4.434086342688981,1.6472083860275435,0.9564663697895633,4.686512743133544,ff12,vw
rolling120,1977-06,1987-05,120,4.53745236430366,1.6788662710803797,0.9565937859494824,4.686929899198357,ff12,vw
rolling120,1977-07,1987-06,120,4.508502951967015,1.6699561970942078,0.9561624239159566,4.685269836500036,ff12,vw
rolling120,1977-08,1987-07,120,4.820138634366934,1.7694960492459022,0.9581575141967675,4.692016600318899,ff12,vw
rolling120,1977-09,1987-08,120,5.082238433297647,1.8443492042910343,0.9555619506049222,4.682752399817593,ff12,vw
rolling120,1977-10,1987-09,120,4.946024768834177,1.8071186867473326,0.9578919952223546,4.691117594101991,ff12,vw
rolling120,1977-11,1987-10,120,3.823193949259453,1.5246597633451742,1.0136382678445415,4.897026735791574,ff12,vw
rolling120,1977-12,1987-11,120,3.2681856515640657,1.3522355762886968,1.0162259327371983,4.907027216046887,ff12,vw
rolling120,1978-01,1987-12,120,3.557493071048401,1.4509794719194993,1.020293548512259,4.922191858492062,ff12,vw
rolling120,1978-02,1988-01,120,4.032013788686107,1.613741837457074,1.0265112140274386,4.945196609625001,ff12,vw
rolling120,1978-03,1988-02,120,4.342237705208597,1.7173111373433638,1.0279963659928968,4.950518911845083,ff12,vw
rolling120,1978-04,1988-03,120,4.065448523326406,1.6297894698343571,1.0293238482367668,4.9558283020423834,ff12,vw
rolling120,1978-05,1988-04,120,3.7191266788121897,1.5118549358559334,1.0267387068208946,4.946434709811573,ff12,vw
rolling120,1978-06,1988-05,120,3.629718942616025,1.4824862240023464,1.026261879396527,4.944615627971067,ff12,vw
rolling120,1978-07,1988-06,120,3.917651042464982,1.580245033678208,1.0288907899498168,4.954461705698437,ff12,vw
rolling120,1978-08,1988-07,120,3.632236565469345,1.4877562771669985,1.0282528526664567,4.9520098354513475,ff12,vw
rolling120,1978-09,1988-08,120,3.3225239360400423,1.3903001657109957,1.0292180523124252,4.955542524453045,ff12,vw
rolling120,1978-10,1988-09,120,3.536862462962821,1.4601575070729595,1.0288821061618998,4.9538573047100805,ff12,vw
rolling120,1978-11,1988-10,120,4.199619008104603,1.6667281948401775,1.0254303223586685,4.940812567998708,ff12,vw
rolling120,1978-12,1988-11,120,3.957836808209052,1.588203251632593,1.024750300735916,4.938176071570846,ff12,vw
rolling120,1979-01,1988-12,120,3.993400364847476,1.5979361532926863,1.0234576773123083,4.933061178081127,ff12,vw
rolling120,1979-02,1989-01,120,4.082601546385914,1.6263362399169299,1.0233147389383317,4.9325041366117786,ff12,vw
rolling120,1979-03,1989-02,120,4.148883250013945,1.6459484163800602,1.0221617439685433,4.927986940389666,ff12,vw
rolling120,1979-04,1989-03,120,3.9602779854261527,1.5886079040825534,1.0233018349771879,4.932149163775874,ff12,vw
rolling120,1979-05,1989-04,120,4.175750908095781,1.658034738232314,1.0234804765047547,4.93284008135088,ff12,vw
rolling120,1979-06,1989-05,120,4.450648464562596,1.7459589323115354,1.0233230134626985,4.932197637195445,ff12,vw
rolling120,1979-07,1989-06,120,4.204066632419237,1.665672559032637,1.022211319392548,4.927760709074968,ff12,vw
rolling120,1979-08,1989-07,120,4.520507637377524,1.7722297485752272,1.025418577720881,4.940160875368791,ff12,vw
rolling120,1979-09,1989-08,120,4.326092754362507,1.7106841482747093,1.0262334401601234,4.94341049288726,ff12,vw
rolling120,1979-10,1989-09,120,4.322616977860575,1.7113505353869205,1.0264744052033448,4.943799833907797,ff12,vw
rolling120,1979-11,1989-10,120,4.58010346640786,1.7938283886347663,1.0261570104236204,4.942495405362662,ff12,vw
rolling120,1979-12,1989-11,120,4.364836155220025,1.7208394913186555,1.0251093012507122,4.938730699227987,ff12,vw
rolling120,1980-01,1989-12,120,4.327960234979238,1.7115576836279298,1.026713622271077,4.944861470770927,ff12,vw
rolling120,1980-02,1990-01,120,3.745142989017223,1.5156798788342951,1.0196663458695805,4.9179397336299795,ff12,vw
rolling120,1980-03,1990-02,120,3.9430596075811737,1.561146263035764,0.9964004382864943,4.820430793564419,ff12,vw
rolling120,1980-04,1990-03,120,4.615452209134787,1.7553554740670045,0.9870931737277528,4.786539591139038,ff12,vw
rolling120,1980-05,1990-04,120,4.2046328343247525,1.6198963389547032,0.9831770478325036,4.772140449078659,ff12,vw
rolling120,1980-06,1990-05,120,4.331844252368535,1.6600409556851823,0.9834019503967745,4.7729233201474015,ff12,vw
rolling120,1980-07,1990-06,120,4.153342141120569,1.6061527998110872,0.9846906670529,4.777811068915001,ff12,vw
rolling120,1980-08,1990-07,120,3.72672724280787,1.4704977287646857,0.9863203386867896,4.786041125098102,ff12,vw
rolling120,1980-09,1990-08,120,3.1711472624991934,1.3061982417393072,0.995001129990356,4.819303161013244,ff12,vw
rolling120,1980-10,1990-09,120,2.8544486661284307,1.2161942198454798,1.0032526331521694,4.85003717862112,ff12,vw
rolling120,1980-11,1990-10,120,2.788848500416444,1.2017973682901633,1.0084770691338194,4.869215548505151,ff12,vw
rolling120,1980-12,1990-11,120,2.7681095773092084,1.1830313631639768,0.9889896286296853,4.7889592840024475,ff12,vw
rolling120,1981-01,1990-12,120,2.917913748378488,1.2244784127771267,0.9865613441155546,4.780091902825542,ff12,vw
rolling120,1981-02,1991-01,120,3.2176359188940635,1.3204166674653341,0.9893229593411724,4.790442435376943,ff12,vw
rolling120,1981-03,1991-02,120,3.4422624664678203,1.3914597123736852,0.9895436951464417,4.791110755554549,ff12,vw
rolling120,1981-04,1991-03,120,3.3214370203068455,1.3487702112684443,0.9868638387268892,4.781517827172683,ff12,vw
rolling120,1981-05,1991-04,120,3.3189230953386613,1.3419334239989453,0.9836636022926455,4.76983051333913,ff12,vw
rolling120,1981-06,1991-05,120,3.4300252143224323,1.3846041341245636,0.9911620506556127,4.798417289634319,ff12,vw
rolling120,1981-07,1991-06,120,3.2881321634398857,1.3331656929028393,0.9857270273829799,4.778409556236603,ff12,vw
rolling120,1981-08,1991-07,120,3.531634536004212,1.4029004900157742,0.9786494126815016,4.7506756027523585,ff12,vw
rolling120,1981-09,1991-08,120,3.9028953001964277,1.5158311942450364,0.9765241359939808,4.742512699029327,ff12,vw
rolling120,1981-10,1991-09,120,4.075083573120578,1.5582620612045743,0.9711145639801242,4.723148785898084,ff12,vw
rolling120,1981-11,1991-10,120,3.8754730481907504,1.4922101696353862,0.9710750292285025,4.723469988473639,ff12,vw
rolling120,1981-12,1991-11,120,3.4968994596323526,1.3812211643172474,0.9750723482183324,4.738297151193314,ff12,vw
rolling120,1982-01,1991-12,120,4.077984455029146,1.5679800720752974,0.978943564368256,4.752088628995503,ff12,vw
rolling120,1982-02,1992-01,120,4.179043140122138,1.6108321874133857,0.9888987305889426,4.78933080888313,ff12,vw
rolling120,1982-03,1992-02,120,4.510599126304472,1.7182141151182981,0.9953530101055609,4.815542938934019,ff12,vw
rolling120,1982-04,1992-03,120,4.407383722884173,1.683518433101435,0.9935599584711442,4.808764975589149,ff12,vw
rolling120,1982-05,1992-04,120,4.3039150089514555,1.6607916834750456,1.0000561964852497,4.833089948293366,ff12,vw
rolling120,1982-06,1992-05,120,4.482425059196524,1.7135309760165904,0.9978711910516744,4.8247075453889146,ff12,vw
rolling120,1982-07,1992-06,120,4.46169729127416,1.7068921510726769,0.9977982163017376,4.824382981699682,ff12,vw
rolling120,1982-08,1992-07,120,4.7684869477372684,1.7988597499023398,0.9964971794533316,4.819661383546227,ff12,vw
rolling120,1982-09,1992-08,120,4.015730565720853,1.5709556776376603,0.9999055386066014,4.832325827393718,ff12,vw
rolling120,1982-10,1992-09,120,3.997824136129897,1.5656324780147464,0.9990793720550468,4.82895860526387,ff12,vw
rolling120,1982-11,1992-10,120,3.5087748655627147,1.4041078256658104,0.9944306452095215,4.81231390337717,ff12,vw
rolling120,1982-12,1992-11,120,3.442122422394685,1.3774717731049675,0.9925966620627555,4.805769105807698,ff12,vw
rolling120,1983-01,1992-12,120,3.4787835794951683,1.3870267925066133,0.9913434329789477,4.801118607959411,ff12,vw
rolling120,1983-02,1993-01,120,3.353678092549578,1.3503057677925643,0.9912506168414834,4.800581984179394,ff12,vw
rolling120,1983-03,1993-02,120,3.2455654437025405,1.3255083449931069,0.9954299790864435,4.815802108123531,ff12,vw
rolling120,1983-04,1993-03,120,3.2140047369339557,1.3106816828184664,0.9915863083772837,4.801490090699644,ff12,vw
rolling120,1983-05,1993-04,120,2.849297567178256,1.2041949865785238,0.9952214352691146,4.814330440160606,ff12,vw
rolling120,1983-06,1993-05,120,2.937233681163006,1.232167009953042,0.9959478510462532,4.817227744269628,ff12,vw
rolling120,1983-07,1993-06,120,2.804245288773768,1.1887231527606656,0.9943731060861275,4.811317839233157,ff12,vw
rolling120,1983-08,1993-07,120,2.9267576618352176,1.2289352757688536,0.9949135094660376,4.812968986474955,ff12,vw
rolling120,1983-09,1993-08,120,3.0652934240599894,1.2664983863574928,0.9899170487538945,4.7941184995955854,ff12,vw
rolling120,1983-10,1993-09,120,2.9858521496073465,1.2392772882591105,0.9888216609138221,4.7902106280686985,ff12,vw
rolling120,1983-11,1993-10,120,3.183150674036396,1.303626434360485,0.9903388356023173,4.7954142582655335,ff12,vw
rolling120,1983-12,1993-11,120,3.0193252029348656,1.2527768904469627,0.9900900298560865,4.794222488478077,ff12,vw
rolling120,1984-01,1993-12,120,3.152107936635389,1.2934088381646756,0.9894323736177948,4.791754373278048,ff12,vw
rolling120,1984-02,1994-01,120,3.3435281000320805,1.3418188828932627,0.9772079161505667,4.744614847437081,ff12,vw
rolling120,1984-03,1994-02,120,3.4211666624630688,1.3643716744798278,0.9744441051082949,4.733273840156766,ff12,vw
rolling120,1984-04,1994-03,120,3.170799848464001,1.2846158142888262,0.9727960516960925,4.727259623606298,ff12,vw
rolling120,1984-05,1994-04,120,3.1956052392032284,1.2922422852588282,0.972849195012955,4.727448342899576,ff12,vw
rolling120,1984-06,1994-05,120,3.4376424079163392,1.3700583772033281,0.9743208408463435,4.732476243138639,ff12,vw
rolling120,1984-07,1994-06,120,3.1706614822937462,1.2802413803024826,0.9672610181662367,4.7059182221922375,ff12,vw
rolling120,1984-08,1994-07,120,3.368508153950752,1.3359450381485005,0.9640882079579901,4.694540405923789,ff12,vw
rolling120,1984-09,1994-08,120,3.1120016490353377,1.2626872765004091,0.9687420070737897,4.71159653517968,ff12,vw
rolling120,1984-10,1994-09,120,3.0302259704106405,1.2341835312159413,0.9662379630269446,4.702644209964171,ff12,vw
rolling120,1984-11,1994-10,120,3.0846658613163793,1.2534440873118722,0.9694441399098437,4.714817118731036,ff12,vw
rolling120,1984-12,1994-11,120,2.9779064163181985,1.221876393491821,0.9706549214455998,4.719309729240617,ff12,vw
rolling120,1985-01,1994-12,120,2.9312524373303663,1.2083688663302479,0.9712213574128923,4.7213527891826415,ff12,vw
rolling120,1985-02,1995-01,120,2.6911251632908035,1.1359829794121024,0.9717427103917163,4.723116846894938,ff12,vw
rolling120,1985-03,1995-02,120,2.763355165545768,1.1578534026214975,0.9715120994460212,4.722288645094407,ff12,vw
rolling120,1985-04,1995-03,120,2.8502583522593974,1.1769332688118144,0.9654301522190992,4.700568446388278,ff12,vw
rolling120,1985-05,1995-04,120,2.9613386844782905,1.2103912792631584,0.9653382374424693,4.700497260855003,ff12,vw
rolling120,1985-06,1995-05,120,2.858577641393667,1.177621344473692,0.9646157586289626,4.69798156364968,ff12,vw
rolling120,1985-07,1995-06,120,2.881731820129458,1.1894963463514616,0.9690610735418898,4.71449515317589,ff12,vw
rolling120,1985-08,1995-07,120,3.0268393556763025,1.2297130262804912,0.9659812723134522,4.703630991288951,ff12,vw
rolling120,1985-09,1995-08,120,3.074063640291773,1.245812147186215,0.9675708482398758,4.709552284730679,ff12,vw
rolling120,1985-10,1995-09,120,3.388411470677596,1.344821897744494,0.9694272409994741,4.716147287868689,ff12,vw
rolling120,1985-11,1995-10,120,3.1489028515314583,1.2723426531607058,0.9698338925298217,4.717516397755472,ff12,vw
rolling120,1985-12,1995-11,120,3.0455497442078503,1.2395913294029584,0.9695810428747669,4.716693671265313,ff12,vw
rolling120,1986-01,1995-12,120,2.9479683532591454,1.2107937688451886,0.9710318542760165,4.721995182462033,ff12,vw
rolling120,1986-02,1996-01,120,3.021278435583932,1.2289272450567361,0.9694319828293679,4.716612171481409,ff12,vw
rolling120,1986-03,1996-02,120,2.7883804559622605,1.157305775072019,0.9697965559250563,4.718123069953061,ff12,vw
rolling120,1986-04,1996-03,120,2.6463661938855334,1.113475646864226,0.9693190776391437,4.716184960421655,ff12,vw
rolling120,1986-05,1996-04,120,2.736331050776489,1.1436065484292783,0.9724102675109005,4.727943991082523,ff12,vw
rolling120,1986-06,1996-05,120,2.6348769499460274,1.1109943898897983,0.9711967841764618,4.72357560115992,ff12,vw
rolling120,1986-07,1996-06,120,2.555850126805478,1.0852914729543832,0.9703232398672291,4.720763965366887,ff12,vw
rolling120,1986-08,1996-07,120,2.565859247040616,1.0805157455059458,0.9583528307001217,4.6741048848745494,ff12,vw
rolling120,1986-09,1996-08,120,2.4430495520779036,1.0385400391287973,0.9511652380729947,4.646549859880431,ff12,vw
rolling120,1986-10,1996-09,120,2.905749895061513,1.1753142414908835,0.9483051311461634,4.636044183252056,ff12,vw
rolling120,1986-11,1996-10,120,2.755692423608821,1.1308635049510156,0.9494240002533694,4.640186034946353,ff12,vw
rolling120,1986-12,1996-11,120,2.900781572105775,1.176078227777021,0.9512000537460232,4.646841059921532,ff12,vw
rolling120,1987-01,1996-12,120,2.9743566040741136,1.199218786470865,0.9521757055148624,4.650413825374305,ff12,vw
rolling120,1987-02,1997-01,120,2.67761238010606,1.1086424518416704,0.9524337193006926,4.651612013843514,ff12,vw
rolling120,1987-03,1997-02,120,2.5190514476633616,1.0583230538390302,0.9490160057060865,4.6394416556480245,ff12,vw
rolling120,1987-04,1997-03,120,2.3005563821126787,0.9930960191092881,0.9497494805794747,4.64222885737954,ff12,vw
rolling120,1987-05,1997-04,120,2.4708869994423295,1.0430148410491924,0.9471671338675547,4.632477580258201,ff12,vw
rolling120,1987-06,1997-05,120,2.6742382127375883,1.1037438133574242,0.9468931362383679,4.6315398638099845,ff12,vw
rolling120,1987-07,1997-06,120,2.655396715671831,1.0984134664940672,0.9477192942430468,4.634684466079465,ff12,vw
rolling120,1987-08,1997-07,120,2.729927051386467,1.1245524574124517,0.9534245148038191,4.656228717455725,ff12,vw
rolling120,1987-09,1997-08,120,2.4788443319504005,1.0517475961757705,0.9557765429960948,4.6644786110892795,ff12,vw
rolling120,1987-10,1997-09,120,2.751474450941676,1.1327005213476928,0.9543178224987576,4.65909936575138,ff12,vw
rolling120,1987-11,1997-10,120,3.6763885795192026,1.360050922296785,0.8986264733163195,4.464954549891331,ff12,vw
rolling120,1987-12,1997-11,120,4.234017117274255,1.5285742317428048,0.9016106450080333,4.474537123142441,ff12,vw
rolling120,1988-01,1997-12,120,3.9800989978863432,1.454502170150553,0.9018347335090614,4.475399098851008,ff12,vw
rolling120,1988-02,1998-01,120,3.7723649175943725,1.391584482636909,0.9013349766307346,4.474379811349043,ff12,vw
rolling120,1988-03,1998-02,120,3.8567322500224517,1.4149762562243473,0.9012814048522823,4.474437886020088,ff12,vw
rolling120,1988-04,1998-03,120,4.222512283426271,1.5205703654056226,0.9003163614109401,4.471078773880846,ff12,vw
rolling120,1988-05,1998-04,120,4.2113956963551935,1.5207455633320646,0.9020896315468808,4.476838382761535,ff12,vw
rolling120,1988-06,1998-05,120,4.12267393625906,1.5044105814851363,0.908867880400278,4.499980940039567,ff12,vw
rolling120,1988-07,1998-06,120,4.011933832854472,1.4713115465619575,0.9098787649485232,4.503865349596261,ff12,vw
rolling120,1988-08,1998-07,120,3.9018248527352464,1.4446080264006336,0.9141213473537003,4.518426786165011,ff12,vw
rolling120,1988-09,1998-08,120,3.3497155108534553,1.3139381970844728,0.9536110444285802,4.666520873211205,ff12,vw
rolling120,1988-10,1998-09,120,3.4259443309753568,1.3535154210076499,0.9667243105453736,4.712135207282212,ff12,vw
rolling120,1988-11,1998-10,120,3.6523898454486448,1.4313985196042358,0.9693357343744852,4.720077735170149,ff12,vw
rolling120,1988-12,1998-11,120,3.974908782392805,1.5372179571781277,0.9739150688725788,4.736891815489422,ff12,vw
rolling120,1989-01,1998-12,120,4.114606896452623,1.5994957641626164,0.9894473408754573,4.795035203133805,ff12,vw
rolling120,1989-02,1999-01,120,3.8680086368628164,1.5491527210567053,1.0117359819929364,4.880330438778109,ff12,vw
rolling120,1989-03,1999-02,120,3.809801089623763,1.5385855917802174,1.0148032511642733,4.891641877233802,ff12,vw
rolling120,1989-04,1999-03,120,3.858818620739406,1.5640285810553702,1.0266129707941094,4.939684980259892,ff12,vw
rolling120,1989-05,1999-04,120,3.925266709598482,1.6027507512529824,1.0344266877239157,4.9691761914096615,ff12,vw
rolling120,1989-06,1999-05,120,3.6624472914256003,1.5238813409455367,1.040694544524418,4.994716569870797,ff12,vw
rolling120,1989-07,1999-06,120,3.836659347435731,1.5907653307058371,1.0471706680110286,5.020116356264628,ff12,vw
rolling120,1989-08,1999-07,120,3.3608205456790667,1.433754214822721,1.0466048135104657,5.017750480173374,ff12,vw
rolling120,1989-09,1999-08,120,3.1933408617668038,1.3865774151114956,1.052360907692159,5.040058244730491,ff12,vw
rolling120,1989-10,1999-09,120,3.0702210459334385,1.352280118386985,1.058347508732407,5.064130719223993,ff12,vw
rolling120,1989-11,1999-10,120,3.425759138223996,1.4768267337624519,1.0633163862332957,5.084189633992509,ff12,vw
rolling120,1989-12,1999-11,120,3.403442922608237,1.4834202972065758,1.0754583549058987,5.1346553135797075,ff12,vw
rolling120,1990-01,1999-12,120,3.5084197510954738,1.547843351232177,1.1020016492935676,5.2458071063838325,ff12,vw
rolling120,1990-02,2000-01,120,3.6820763258271922,1.623275560384896,1.1158161058722758,5.304542516097155,ff12,vw
rolling120,1990-03,2000-02,120,3.4377674191035847,1.5735624010040963,1.1650324243252945,5.538838184218694,ff12,vw
rolling120,1990-04,2000-03,120,3.6555241799928817,1.6668529794630433,1.1732409670612118,5.574388353089666,ff12,vw
rolling120,1990-05,2000-04,120,3.748459314282755,1.7217734259481396,1.1864700448787682,5.632794971507067,ff12,vw
rolling120,1990-06,2000-05,120,3.3171207691497573,1.5953063301466834,1.2024531056914158,5.701030157441857,ff12,vw
rolling120,1990-07,2000-06,120,3.3402237972344997,1.6267835371433337,1.222719336288904,5.795722578884331,ff12,vw
rolling120,1990-08,2000-07,120,3.3636134358267062,1.638128671650335,1.2242408175133377,5.8023801125823,ff12,vw
rolling120,1990-09,2000-08,120,4.1035697650539715,1.923330000747881,1.225859985029784,5.8076863058650625,ff12,vw
rolling120,1990-10,2000-09,120,4.364671733742732,2.038597132656354,1.2296899477075707,5.823399664073449,ff12,vw
rolling120,1990-11,2000-10,120,4.438346137028611,2.0653814461030153,1.228321203937489,5.8167845039758435,ff12,vw
rolling120,1990-12,2000-11,120,3.812030116897456,1.8667506304761408,1.2373997494681364,5.853651319757478,ff12,vw
rolling120,1991-01,2000-12,120,3.8319842714750623,1.8887209395629063,1.2442187599240924,5.884333410994352,ff12,vw
rolling120,1991-02,2001-01,120,3.684744845388045,1.8667752249303355,1.271485272937453,6.011469947564182,ff12,vw
rolling120,1991-03,2001-02,120,3.165680134930226,1.694810045162934,1.277177187166657,6.039256946681391,ff12,vw
rolling120,1991-04,2001-03,120,2.8459603590841422,1.569297247052701,1.2801942979444827,6.053395015612404,ff12,vw
rolling120,1991-05,2001-04,120,3.108679171240107,1.6849102276386108,1.2889461743061161,6.098040892413512,ff12,vw
rolling120,1991-06,2001-05,120,2.967072702559592,1.6197423091479206,1.2817410668478384,6.061561594009549,ff12,vw
rolling120,1991-07,2001-06,120,3.059348713808059,1.661573044889688,1.2854853316800763,6.08014130351736,ff12,vw
rolling120,1991-08,2001-07,120,2.856820640173013,1.5830816792941107,1.28913786156558,6.097927879159664,ff12,vw
rolling120,1991-09,2001-08,120,2.5968582828874682,1.4847603101078588,1.2968861519968935,6.136010539070635,ff12,vw
rolling120,1991-10,2001-09,120,2.317830636470251,1.3879633988064706,1.3126700445911124,6.211274597599461,ff12,vw
rolling120,1991-11,2001-10,120,2.3383889986340223,1.4077636288636457,1.325880433107035,6.281140225559133,ff12,vw
rolling120,1991-12,2001-11,120,2.7131141218918984,1.5755344649635434,1.3338724738695407,6.321173222494273,ff12,vw
rolling120,1992-01,2001-12,120,2.434420576655043,1.454507152146023,1.331444947055668,6.308953094011007,ff12,vw
rolling120,1992-02,2002-01,120,2.3786403981655564,1.4245684088815456,1.3235142857795037,6.267361225472535,ff12,vw
rolling120,1992-03,2002-02,120,2.3269228536393753,1.4072946441713579,1.3226887903144475,6.259552271415296,ff12,vw
rolling120,1992-04,2002-03,120,2.5551124115177606,1.5053922228127068,1.32441896560536,6.268532164430231,ff12,vw
rolling120,1992-05,2002-04,120,2.334674850092908,1.416629199827094,1.3272026513148705,6.280945168970356,ff12,vw
rolling120,1992-06,2002-05,120,2.286808438996374,1.3976784732181362,1.3284907965657267,6.2874202181897,ff12,vw
rolling120,1992-07,2002-06,120,2.1331879635739868,1.337364159934594,1.33341091274523,6.312102846574234,ff12,vw
rolling120,1992-08,2002-07,120,1.7498730826767166,1.1773366464297836,1.3386103077718972,6.3393551948280615,ff12,vw
rolling120,1992-09,2002-08,120,1.840771175168018,1.213660303015904,1.3355895539879314,6.323851874290123,ff12,vw
rolling120,1992-10,2002-09,120,1.5305976487407782,1.0826851152232482,1.3376236475846015,6.334326408433269,ff12,vw
rolling120,1992-11,2002-10,120,1.6618635757886921,1.1527499987614978,1.3626477249982816,6.470768206096834,ff12,vw
rolling120,1992-12,2002-11,120,1.7042948240414577,1.1763817254131619,1.3713738133737545,6.518400790272292,ff12,vw
rolling120,1993-01,2002-12,120,1.540001060717192,1.1110799128259543,1.379885440875254,6.5638052518607095,ff12,vw
rolling120,1993-02,2003-01,120,1.4224190359915796,1.055434026532836,1.3738811031789209,6.531610675954079,ff12,vw
rolling120,1993-03,2003-02,120,1.3516279437432033,1.0210872600086498,1.3694682745259505,6.508635710986733,ff12,vw
rolling120,1993-04,2003-03,120,1.3233753993603448,1.0107339372410096,1.372480120817007,6.524734175727667,ff12,vw
rolling120,1993-05,2003-04,120,1.5614296398673666,1.1147231745619632,1.3735602209075832,6.5309117582061145,ff12,vw
rolling120,1993-06,2003-05,120,1.6350570248755987,1.1472534528031952,1.374059309797088,6.533395944759856,ff12,vw
rolling120,1993-07,2003-06,120,1.6621731496394814,1.157500121778879,1.3717820377631875,6.521085402904051,ff12,vw
rolling120,1993-08,2003-07,120,1.7113055019577477,1.181419098178642,1.3751420939367078,6.538959542903672,ff12,vw
rolling120,1993-09,2003-08,120,1.6938671436357104,1.176844108644814,1.379094016894888,6.560061456006903,ff12,vw
rolling120,1993-10,2003-09,120,1.6545027531652128,1.161811035644308,1.3820673011541142,6.57610585489995,ff12,vw
rolling120,1993-11,2003-10,120,1.7404669235089112,1.19812728803822,1.3804759571626892,6.567666496421092,ff12,vw
rolling120,1993-12,2003-11,120,1.8190688531404735,1.2296208973146638,1.377182328809888,6.550299959335487,ff12,vw
rolling120,1994-01,2003-12,120,1.9258601443040093,1.280616928813941,1.3828289147595763,6.580967449670244,ff12,vw
rolling120,1994-02,2004-01,120,1.867170198997488,1.2536501483100153,1.3813513971943474,6.573111403578785,ff12,vw
rolling120,1994-03,2004-02,120,1.993839912889773,1.3085835210836625,1.3806177175399705,6.5690118222970275,ff12,vw
rolling120,1994-04,2004-03,120,2.1136154865748513,1.361035110769848,1.3807247026882359,6.569585186517938,ff12,vw
rolling120,1994-05,2004-04,120,2.061702211562444,1.3401633662897516,1.3828360587988808,6.580917244142967,ff12,vw
rolling120,1994-06,2004-05,120,2.063149008823821,1.3393115474623456,1.3813363476826324,6.573037563854097,ff12,vw
rolling120,1994-07,2004-06,120,2.2300557318418823,1.4134430895972148,1.382632952979118,6.5800329249843355,ff12,vw
rolling120,1994-08,2004-07,120,2.0302746111378904,1.329643653055303,1.38726117370357,6.605372556652666,ff12,vw
rolling120,1994-09,2004-08,120,1.9211255552421473,1.2798943167186894,1.3845897241067646,6.590611143715823,ff12,vw
rolling120,1994-10,2004-09,120,2.0346297371108073,1.3311602760447039,1.3867703465322185,6.602789526310347,ff12,vw
rolling120,1994-11,2004-10,120,2.0184367538414696,1.3239305543910387,1.3861098267276624,6.598711285775627,ff12,vw
rolling120,1994-12,2004-11,120,2.286971760171252,1.4408401784434823,1.3848960649099096,6.591928667002573,ff12,vw
rolling120,1995-01,2004-12,120,2.3543909995178183,1.4704829531590804,1.384777744304973,6.591132901586486,ff12,vw
rolling120,1995-02,2005-01,120,2.2284879665904027,1.4143134012048553,1.3840254804384275,6.5873187608778245,ff12,vw
rolling120,1995-03,2005-02,120,2.1949034678081674,1.40966232851935,1.4018672399024832,6.692383364046226,ff12,vw
rolling120,1995-04,2005-03,120,2.05952928087828,1.350676200700562,1.402451072283264,6.695391437548363,ff12,vw
rolling120,1995-05,2005-04,120,1.8976785362754272,1.2833235951559077,1.4071330502216408,6.720827203638799,ff12,vw
rolling120,1995-06,2005-05,120,1.904381908298376,1.2875911324805864,1.4090387565593796,6.7315992293995555,ff12,vw
rolling120,1995-07,2005-06,120,1.858616290879941,1.2664552455306957,1.4079452862608002,6.725469504376037,ff12,vw
rolling120,1995-08,2005-07,120,1.8787080524116466,1.2743302548891422,1.4066622541992406,6.718394397774221,ff12,vw
rolling120,1995-09,2005-08,120,1.8330259935482416,1.2552085580052408,1.408216776981981,6.727157478985339,ff12,vw
rolling120,1995-10,2005-09,120,1.7499342263000996,1.2191465813132292,1.4095157167387897,6.7346699203122755,ff12,vw
rolling120,1995-11,2005-10,120,1.7092431197768398,1.2034450009689046,1.4122356377231722,6.7494371134584,ff12,vw
rolling120,1995-12,2005-11,120,1.6755545054300227,1.1886306549169483,1.4126504803788251,6.751903488974617,ff12,vw
rolling120,1996-01,2005-12,120,1.6263328840893037,1.1646050199668345,1.4098858038048876,6.736763825652831,ff12,vw
rolling120,1996-02,2006-01,120,1.6578970780756817,1.1807474725207943,1.4136299663636234,6.758369758985532,ff12,vw
rolling120,1996-03,2006-02,120,1.6210694650335915,1.1647647759964979,1.4133166794216763,6.7561050176831685,ff12,vw
rolling120,1996-04,2006-03,120,1.6175501276099133,1.1619759819630682,1.4115634040992708,6.746394305937728,ff12,vw
rolling120,1996-05,2006-04,120,1.5961284107249045,1.1506093966825834,1.408617982142409,6.729739954911115,ff12,vw
rolling120,1996-06,2006-05,120,1.4838894192445657,1.1016691437244617,1.4096364202130613,6.735236572399717,ff12,vw
rolling120,1996-07,2006-06,120,1.50880040779085,1.1106995790591585,1.4067061399870588,6.719029956628027,ff12,vw
rolling120,1996-08,2006-07,120,1.6548007175115247,1.1790901336769857,1.4117559330204834,6.746658507936928,ff12,vw
rolling120,1996-09,2006-08,120,1.641813654901664,1.1740790075013647,1.4128828908343312,6.75301276823425,ff12,vw
rolling120,1996-10,2006-09,120,1.5722562320945586,1.143097012168218,1.4123247449475091,6.749517321571171,ff12,vw
rolling120,1996-11,2006-10,120,1.63756165027727,1.1702645713621829,1.409691447144546,6.734878101995626,ff12,vw
rolling120,1996-12,2006-11,120,1.5451822813296188,1.129565483629487,1.4101817135777686,6.737667877756518,ff12,vw
rolling120,1997-01,2006-12,120,1.5976779380982125,1.1528150392439331,1.4100672916563046,6.73699181207313,ff12,vw
rolling120,1997-02,2007-01,120,1.5342396731525447,1.12289748873244,1.407398252854941,6.722122780041239,ff12,vw
rolling120,1997-03,2007-02,120,1.50527115116927,1.107327809418666,1.4045138164537625,6.707110689865549,ff12,vw
rolling120,1997-04,2007-03,120,1.6432749388864676,1.1654323620179736,1.399623045229523,6.679227193535646,ff12,vw
rolling120,1997-05,2007-04,120,1.6502797469573323,1.1670840857530522,1.3978434605607888,6.66963417866413,ff12,vw
rolling120,1997-06,2007-05,120,1.5740524601103405,1.1341998096268329,1.3988789119064893,6.675365038135914,ff12,vw
rolling120,1997-07,2007-06,120,1.4394586540586785,1.074839807320933,1.3986708450850738,6.674103956715563,ff12,vw
rolling120,1997-08,2007-07,120,1.2175059857207073,0.9749630076418991,1.3944221376064274,6.650031642154314,ff12,vw
rolling120,1997-09,2007-08,120,1.3138354914727683,1.0155367364063426,1.3916494770336947,6.634951945345071,ff12,vw
rolling120,1997-10,2007-09,120,1.2687502294814492,0.9959395879880131,1.3919320428259216,6.636478806370164,ff12,vw
rolling120,1997-11,2007-10,120,1.3783420229075332,1.0430924134766257,1.3906555383341606,6.629684421839453,ff12,vw
rolling120,1997-12,2007-11,120,1.2085561469884203,0.9680268114640536,1.3898696216548678,6.625496486172743,ff12,vw
rolling120,1998-01,2007-12,120,1.1525588024845455,0.9432966388819302,1.3904473829192097,6.629508770305,ff12,vw
rolling120,1998-02,2008-01,120,1.0214321058798723,0.8853642709942322,1.3894494865531468,6.624068457725765,ff12,vw
rolling120,1998-03,2008-02,120,0.8456540335981597,0.8112236664079009,1.3951553090656155,6.65544878470979,ff12,vw
rolling120,1998-04,2008-03,120,0.7396362490832165,0.7647526297889823,1.3952890481566689,6.656045020089896,ff12,vw
rolling120,1998-05,2008-04,120,0.8033539200307942,0.7934833795141925,1.3967005359331521,6.66373451453649,ff12,vw
rolling120,1998-06,2008-05,120,0.8735863243077842,0.8227340920080055,1.3927918917184863,6.641825369448943,ff12,vw
rolling120,1998-07,2008-06,120,0.6699844787267124,0.7415978591381265,1.4091252249556223,6.72978330841851,ff12,vw
rolling120,1998-08,2008-07,120,0.7062514496245806,0.7633491508537678,1.416025852426664,6.765179071371946,ff12,vw
rolling120,1998-09,2008-08,120,1.0125418676285505,0.8883561076846075,1.3878863456656036,6.603502408513655,ff12,vw
rolling120,1998-10,2008-09,120,0.7263633042040862,0.7595632038208702,1.3821038441633846,6.572242802626473,ff12,vw
rolling120,1998-11,2008-10,120,0.324539098701979,0.5893442428034266,1.3899067451730192,6.610548237278175,ff12,vw
rolling120,1998-12,2008-11,120,0.175053077416451,0.5251431046974921,1.3974878326722584,6.651836869332717,ff12,vw
rolling120,1999-01,2008-12,120,0.1345102122653881,0.5046348225784987,1.3879693699743278,6.598583727332287,ff12,vw
rolling120,1999-02,2009-01,120,0.026690824544780372,0.4568339038387222,1.3826007483292166,6.564721516039696,ff12,vw
rolling120,1999-03,2009-02,120,-0.0528019094307103,0.4224919709159267,1.388143921628496,6.595707737303316,ff12,vw
rolling120,1999-04,2009-03,120,-0.003577538118150162,0.44289214990894277,1.3801696367911884,6.550303700418994,ff12,vw
rolling120,1999-05,2009-04,120,0.05479523991987854,0.47956696170201385,1.444486057447397,6.936146570340756,ff12,vw
rolling120,1999-06,2009-05,120,0.11973183990511772,0.5096924878901313,1.445228716163805,6.939070864089331,ff12,vw
rolling120,1999-07,2009-06,120,0.090845975208854,0.4955099759586551,1.4416417742673489,6.918581035088669,ff12,vw
rolling120,1999-08,2009-07,120,0.22094747238079473,0.5557588988019888,1.44649721237104,6.947717754802304,ff12,vw
rolling120,1999-09,2009-08,120,0.272014344729568,0.5772895244758413,1.4421428461660053,6.923773989951652,ff12,vw
rolling120,1999-10,2009-09,120,0.37208544168033725,0.620428271936276,1.435524584248609,6.885958204101862,ff12,vw
rolling120,1999-11,2009-10,120,0.2712527231908446,0.5732830999026316,1.4307618807046556,6.858899213229832,ff12,vw
rolling120,1999-12,2009-11,120,0.335437618660141,0.5988050643913433,1.4203630790112183,6.799579558287576,ff12,vw
rolling120,2000-01,2009-12,120,0.319740648400774,0.5844907623633117,1.3966244428395276,6.666090660290933,ff12,vw
rolling120,2000-02,2010-01,120,0.32353565125538275,0.5818849476165819,1.3828247111993883,6.589951836349106,ff12,vw
rolling120,2000-03,2010-02,120,0.4196963503196515,0.6146795928900777,1.3426479494867842,6.35715745311233,ff12,vw
rolling120,2000-04,2010-03,120,0.4002477020859412,0.6018330340289711,1.3324294029294217,6.305432040914013,ff12,vw
rolling120,2000-05,2010-04,120,0.4439290562273189,0.6153259633644949,1.3192250214164154,6.238389147782232,ff12,vw
rolling120,2000-06,2010-05,120,0.3442490331761866,0.5642303749041819,1.2994568394694759,6.143123731384778,ff12,vw
rolling120,2000-07,2010-06,120,0.27224669002717666,0.5285177588228519,1.2804464051681161,6.046907675538796,ff12,vw
rolling120,2000-08,2010-07,120,0.3805252747202552,0.5711118280510629,1.273753942016848,6.013993632007851,ff12,vw
rolling120,2000-09,2010-08,120,0.253549582264395,0.5160146650600111,1.2670096056097215,5.982230209232552,ff12,vw
rolling120,2000-10,2010-09,120,0.3797535547788475,0.5616714077228749,1.2547165250865009,5.925920393062149,ff12,vw
rolling120,2000-11,2010-10,120,0.43334055911297004,0.5810812677846477,1.2486435786978411,5.896872720318696,ff12,vw
rolling120,2000-12,2010-11,120,0.5313237611548514,0.6079625108312952,1.2345831835348362,5.839292893913147,ff12,vw
rolling120,2001-01,2010-12,120,0.5790853815736636,0.6221372290039936,1.227039531606211,5.806201324417188,ff12,vw
rolling120,2001-02,2011-01,120,0.5688784442025618,0.602880813722359,1.1912648690203949,5.647261709473755,ff12,vw
rolling120,2001-03,2011-02,120,0.6944346049574011,0.6364277972284323,1.1878924044671717,5.63208310288026,ff12,vw
rolling120,2001-04,2011-03,120,0.8048014457946338,0.6740648593135683,1.1818743487104904,5.60552461889022,ff12,vw
rolling120,2001-05,2011-04,120,0.7411083556585534,0.6463059210729764,1.1724600298025176,5.562245982391465,ff12,vw
rolling120,2001-06,2011-05,120,0.7046332629933836,0.6328129194178751,1.1727187045814655,5.563485488211468,ff12,vw
rolling120,2001-07,2011-06,120,0.7182470824472476,0.6352934369358978,1.1677135051246412,5.541357635272958,ff12,vw
rolling120,2001-08,2011-07,120,0.6836495645821734,0.6213520568446043,1.1655223132321777,5.5318108077450905,ff12,vw
rolling120,2001-09,2011-08,120,0.6669678237105738,0.6139065078120085,1.1633337090231433,5.522508443502967,ff12,vw
rolling120,2001-10,2011-09,120,0.6846535556243809,0.6140536569078637,1.1555709747930742,5.492720145120414,ff12,vw
rolling120,2001-11,2011-10,120,0.84441076071716,0.6697671673774674,1.1509777007822688,5.470685385746099,ff12,vw
rolling120,2001-12,2011-11,120,0.7221684659366521,0.6202229684286668,1.141304527055126,5.429414812816618,ff12,vw
rolling120,2002-01,2011-12,120,0.7011934631803092,0.6116553013980313,1.1395702696890355,5.422130468905203,ff12,vw
rolling120,2002-02,2012-01,120,0.8006907732158666,0.6495993700506287,1.144277140811791,5.442787577815476,ff12,vw
rolling120,2002-03,2012-02,120,0.8652486861649589,0.6672654463574883,1.1405593132298688,5.428163926378286,ff12,vw
rolling120,2002-04,2012-03,120,0.8250292103531287,0.652452489319712,1.139542874573055,5.423712420636951,ff12,vw
rolling120,2002-05,2012-04,120,0.8846067540884421,0.6680351225808788,1.1319347695425712,5.392910376369373,ff12,vw
rolling120,2002-06,2012-05,120,0.8001261339504864,0.6396736566521182,1.1350680306420844,5.406198582094169,ff12,vw
rolling120,2002-07,2012-06,120,0.9862183696223321,0.7031970753293783,1.130758721313294,5.388095668838317,ff12,vw
rolling120,2002-08,2012-07,120,1.2015628194673305,0.7760464985646827,1.1252732097978877,5.364762939139378,ff12,vw
rolling120,2002-09,2012-08,120,1.23232892625813,0.7874436688808527,1.1257961762617634,5.366858002183028,ff12,vw
rolling120,2002-10,2012-09,120,1.5416103932101883,0.8933418132191342,1.122617229672453,5.353743076927301,ff12,vw
rolling120,2002-11,2012-10,120,1.3740511649395155,0.8213331044260873,1.095905252378742,5.23838665448507,ff12,vw
rolling120,2002-12,2012-11,120,1.2613304134436962,0.7754001165462516,1.0837430891687714,5.18824220073698,ff12,vw
rolling120,2003-01,2012-12,120,1.4008393941990054,0.8173304672564563,1.0767126738723873,5.1607069787189,ff12,vw
rolling120,2003-02,2013-01,120,1.6202921693251953,0.8923066973864802,1.0769380390143397,5.161551839045368,ff12,vw
rolling120,2003-03,2013-02,120,1.7170694017694874,0.9232497358041803,1.0744842151618381,5.151691001403701,ff12,vw
rolling120,2003-04,2013-03,120,1.7919956169481486,0.9458908287305635,1.0711598805400848,5.138488390099665,ff12,vw
rolling120,2003-05,2013-04,120,1.63848582893058,0.8892588845721603,1.0661116968277506,5.118817483642437,ff12,vw
rolling120,2003-06,2013-05,120,1.5445074194375321,0.8622490778044551,1.0705857471453226,5.135998969464109,ff12,vw
rolling120,2003-07,2013-06,120,1.4861248000275453,0.8423032145953996,1.070467968010698,5.135579714267522,ff12,vw
rolling120,2003-08,2013-07,120,1.584137919829216,0.8710054330201743,1.0656404443454313,5.117060574704639,ff12,vw
rolling120,2003-09,2013-08,120,1.4365510614717731,0.8179481049803409,1.0615735506241295,5.101317565077199,ff12,vw
rolling120,2003-10,2013-09,120,1.5673529516022149,0.8596111150896599,1.0587780113521208,5.090388332677315,ff12,vw
rolling120,2003-11,2013-10,120,1.5279255504890505,0.8437668098626079,1.055641739280996,5.078283518698515,ff12,vw
rolling120,2003-12,2013-11,120,1.5491787382565088,0.8519662965146582,1.056947561916669,5.083353607096547,ff12,vw
rolling120,2004-01,2013-12,120,1.4682231084408923,0.8198120086327891,1.0501492736798526,5.056653104380663,ff12,vw
rolling120,2004-02,2014-01,120,1.354478891018562,0.7843496302496051,1.0540783399401248,5.072394867882188,ff12,vw
rolling120,2004-03,2014-02,120,1.4232867942521943,0.8058751023708065,1.0523508284761782,5.065729607829617,ff12,vw
rolling120,2004-04,2014-03,120,1.4607946238337512,0.8187687528298552,1.0529452531494539,5.0680644258268694,ff12,vw
rolling120,2004-05,2014-04,120,1.4942649964887864,0.828768436744957,1.0517689324431474,5.063768779359306,ff12,vw
rolling120,2004-06,2014-05,120,1.5245442326493466,0.8377104623773709,1.0503558470398677,5.058265040084042,ff12,vw
rolling120,2004-07,2014-06,120,1.5228625840268557,0.8362936649105069,1.0492164710632583,5.053831441788121,ff12,vw
rolling120,2004-08,2014-07,120,1.5360063404925595,0.8382698075049463,1.0457292255980857,5.040043540774902,ff12,vw
rolling120,2004-09,2014-08,120,1.6349337248637972,0.8691565086962835,1.0434809678723536,5.031366517715617,ff12,vw
rolling120,2004-10,2014-09,120,1.5175003732628807,0.831079764170948,1.0422632520436623,5.025549475697673,ff12,vw
rolling120,2004-11,2014-10,120,1.5537020572598146,0.8429295702261859,1.0416407878043794,5.023072789362826,ff12,vw
rolling120,2004-12,2014-11,120,1.4860434510151928,0.8256302582930424,1.0437814991421757,5.03041608227598,ff12,vw
rolling120,2005-01,2014-12,120,1.4035807043585837,0.7975496994369703,1.0433194908239245,5.028836874535205,ff12,vw
rolling120,2005-02,2015-01,120,1.386147587875822,0.7911881485796274,1.042716722550385,5.0266414502692385,ff12,vw
rolling120,2005-03,2015-02,120,1.449328747261076,0.8055383644687488,1.0192565337990165,4.924979133928337,ff12,vw
rolling120,2005-04,2015-03,120,1.461252676297757,0.8079834443327185,1.018062822045743,4.9208470598817495,ff12,vw
rolling120,2005-05,2015-04,120,1.5549532571782012,0.834567063618557,1.0137067377080893,4.905091843424456,ff12,vw
rolling120,2005-06,2015-05,120,1.484807052383582,0.8111295472986497,1.012072693861808,4.898543314262902,ff12,vw
rolling120,2005-07,2015-06,120,1.4173290531820872,0.7877194129039383,1.0097322191014355,4.889593349526771,ff12,vw
rolling120,2005-08,2015-07,120,1.3321410067720847,0.7647453477828091,1.0139914752354753,4.904411884840681,ff12,vw
rolling120,2005-09,2015-08,120,1.2160701957378368,0.7249438075848574,1.0107548060132672,4.891820347662979,ff12,vw
rolling120,2005-10,2015-09,120,1.1346048569709213,0.6966500504749698,1.0074838514965294,4.879156402095331,ff12,vw
rolling120,2005-11,2015-10,120,1.3649898717355025,0.7696716738318069,1.0052716758527724,4.871379213142749,ff12,vw
rolling120,2005-12,2015-11,120,1.2969526719945828,0.7467270607574528,1.003880786042461,4.866122888365424,ff12,vw
rolling120,2006-01,2015-12,120,1.2359051751387873,0.7290369511811035,1.0060626751189357,4.873782245075683,ff12,vw
rolling120,2006-02,2016-01,120,1.0458195957558756,0.672207894979386,1.0142939822293444,4.903608883269126,ff12,vw
rolling120,2006-03,2016-02,120,1.0616659821104872,0.6768518944887981,1.0149364145506652,4.906514209276868,ff12,vw
rolling120,2006-04,2016-03,120,1.1746226358931207,0.713413699522482,1.0146021125070874,4.9055188938095755,ff12,vw
rolling120,2006-05,2016-04,120,1.1810809368396664,0.7177529644945098,1.0186691906749163,4.921317326323748,ff12,vw
rolling120,2006-06,2016-05,120,1.2446714643874603,0.7376903842020588,1.0175540425191727,4.917347788190439,ff12,vw
rolling120,2006-07,2016-06,120,1.2475899536870907,0.7427090584236904,1.0230914588428184,4.93792363224265,ff12,vw
rolling120,2006-08,2016-07,120,1.3253005769398465,0.7661393636108011,1.019726090340406,4.925611409882395,ff12,vw
rolling120,2006-09,2016-08,120,1.271551717309284,0.7484663136142149,1.0198772035281018,4.926153598965538,ff12,vw
rolling120,2006-10,2016-09,120,1.233625283162874,0.7342904254560098,1.0179190222772014,4.919102058103971,ff12,vw
rolling120,2006-11,2016-10,120,1.0972253279306527,0.6908328903015125,1.0198845521188302,4.926402181743874,ff12,vw
rolling120,2006-12,2016-11,120,1.1476076825661417,0.7137409590786915,1.0279594871223046,4.955218845050873,ff12,vw
rolling120,2007-01,2016-12,120,1.1710261455211697,0.7213390423291072,1.0276546751377704,4.954039698774488,ff12,vw
