kind,start,end,n_paths,mean,exact_mean,exact_sd,exact_skew,test,se,gap,z,z_limit,check,universe,weighting
year,1927-01,1927-12,20000,0.33714803683126104,0.3350234486507944,0.27464324838501963,0.9342217138372728,z,0.001942021033401487,0.001591423867958186,1.0940088412664448,4.419324469577681,pass,ff49,ew
year,1928-01,1928-12,20000,0.3739794864298816,0.37542513432378066,0.27210552948598643,1.1299464975241946,z,0.0019240766509789706,-0.001051055312152549,-0.7513463110544553,4.419324469577681,pass,ff49,ew
year,1929-01,1929-12,20000,-0.29078713503843984,-0.2900939600517217,0.16034956721961582,0.5600885069660166,z,0.0011338426634131848,-0.0009764320173535346,-0.6113502420445738,4.419324469577681,pass,ff49,ew
year,1930-01,1930-12,20000,-0.35924019864206247,-0.35841370972376196,0.1883467910315901,1.340871955459047,z,0.0013318129315316298,-0.0012881960397637116,-0.6205743304729856,4.419324469577681,pass,ff49,ew
year,1931-01,1931-12,20000,-0.4241663557732527,-0.4243654750879001,0.1739571113094023,1.458444101873506,z,0.0012300625304250143,0.0003459127380829319,0.1618773921831798,4.419324469577681,pass,ff49,ew
year,1932-01,1932-12,20000,0.06573197118107983,0.06345673401237296,0.5206352770158683,2.9048882936454627,z,0.0036814473490285713,0.0021394731877077966,0.6180278985402948,4.419324469577681,pass,ff49,ew
year,1933-01,1933-12,20000,1.2228640660255155,1.2230887787804936,0.9359477198081412,1.8467935521615493,z,0.006618149795124233,-0.00010108132303277007,-0.03395401463165781,4.419324469577681,pass,ff49,ew
year,1934-01,1934-12,20000,0.24170013501184884,0.23945047018576307,0.3334954418748331,1.7227809592954049,z,0.002358168884444986,0.001815050201843471,0.9539880035416736,4.419324469577681,pass,ff49,ew
year,1935-01,1935-12,20000,0.6227182044591248,0.6197268498482924,0.4808475274177384,1.4867592107435537,z,0.0034001054735386714,0.0018468265875277723,0.8797828873582498,4.419324469577681,pass,ff49,ew
year,1936-01,1936-12,20000,0.5079571162369911,0.5053990012868577,0.31409707179888086,0.8568385169796483,z,0.0022210016941982655,0.0016992936410524795,1.1517843308340643,4.419324469577681,pass,ff49,ew
year,1937-01,1937-12,20000,-0.44664875768487144,-0.4480939527158848,0.1038195294603992,0.8420540986112859,z,0.0007341149330104482,0.002618552628885107,1.968622304258181,4.419324469577681,pass,ff49,ew
year,1938-01,1938-12,20000,0.37193938807776933,0.3714598591388808,0.2786657635079516,1.1877107217500957,z,0.001970464510609993,0.000349648541073444,0.24335832302814855,4.419324469577681,pass,ff49,ew
year,1939-01,1939-12,20000,0.02615237996912901,0.02494105798067938,0.3135157029869782,1.6996807018746898,z,0.002216890795905598,0.0011818455110346182,0.5464057998196546,4.419324469577681,pass,ff49,ew
year,1940-01,1940-12,20000,-0.06671045985017865,-0.06784904161638919,0.17834570811857214,1.0456393847158498,z,0.0012610945960615906,0.0012214564132240202,0.9028519904584,4.419324469577681,pass,ff49,ew
year,1941-01,1941-12,20000,-0.07979940803731984,-0.0792802137640552,0.19906719770266978,1.2211031515088673,z,0.0014076176540736092,-0.0005639004190268748,-0.368846093796929,4.419324469577681,pass,ff49,ew
year,1942-01,1942-12,20000,0.3871222460189483,0.38557722033693015,0.2985685979783612,1.6277412602876915,z,0.002111198802798593,0.0011150772828398825,0.7318238718068921,4.419324469577681,pass,ff49,ew
year,1943-01,1943-12,20000,0.6918101344306435,0.6845686981209445,0.4368168709164103,2.125951747137477,z,0.003088761715616825,0.0042986886303755245,2.3444464081143845,4.419324469577681,pass,ff49,ew
year,1944-01,1944-12,20000,0.4247750447348036,0.42289950603539056,0.2058671628356615,1.2213665198761028,z,0.0014557006686473145,0.001318110443820908,1.2884095884601403,4.419324469577681,pass,ff49,ew
year,1945-01,1945-12,20000,0.613470766365667,0.6129432866966198,0.2254392112543728,0.8395199981711026,z,0.0015940959502331366,0.0003270292721373469,0.33089580898192483,4.419324469577681,pass,ff49,ew
year,1946-01,1946-12,20000,-0.07989300242745698,-0.07909564969937187,0.13158595484565971,0.7188453781471734,z,0.0009304532098027283,-0.0008658366396302464,-0.8569509134738322,4.419324469577681,pass,ff49,ew
year,1947-01,1947-12,20000,-0.024074818388433,-0.024179237893556832,0.11852098448461616,1.1820346474169392,z,0.0008380699184197767,0.0001070068491866305,0.12459521912052558,4.419324469577681,pass,ff49,ew
year,1948-01,1948-12,20000,-0.037191669526150814,-0.03624044991883418,0.10676361461854621,0.4218351159170819,z,0.0007549327588076124,-0.0009869885151710944,-1.2600057372249232,4.419324469577681,pass,ff49,ew
year,1949-01,1949-12,20000,0.23071357539951978,0.23076778655240726,0.12935783691538952,0.4245979390252729,z,0.0009146980368249544,-4.404661340662308e-05,-0.05926672049680291,4.419324469577681,pass,ff49,ew
year,1950-01,1950-12,20000,0.3253024892882918,0.3256629867609525,0.19397603296505594,0.6849668810662852,z,0.0013716176829725634,-0.00027193749562348657,-0.26282649832818944,4.419324469577681,pass,ff49,ew
year,1951-01,1951-12,20000,0.153034232244798,0.15318739418486363,0.11012434866643607,0.3773137735874779,z,0.0007786967371578868,-0.00013281617613758456,-0.19669010123843203,4.419324469577681,pass,ff49,ew
year,1952-01,1952-12,20000,0.09004568502474126,0.09057482565499371,0.08897856269984462,0.43715816713036343,z,0.0006291734506529253,-0.0004851942460111225,-0.8410091520920483,4.419324469577681,pass,ff49,ew
year,1953-01,1953-12,20000,-0.003325671605372755,-0.0033119601130398384,0.08285494522866074,0.42126796664436367,z,0.0005858729362602599,-1.3757055150942499e-05,-0.023403525720849548,4.419324469577681,pass,ff49,ew
year,1954-01,1954-12,20000,0.5673337608619305,0.5667436073506498,0.15834526043100589,0.4792158404267422,z,0.0011196700741951415,0.00037667523167916883,0.5270780427930977,4.419324469577681,pass,ff49,ew
year,1955-01,1955-12,20000,0.179991947553893,0.18039995103027998,0.12081929002217885,0.3715411520502118,z,0.0008543213927282684,-0.00034564850331531005,-0.47757609707515314,4.419324469577681,pass,ff49,ew
year,1956-01,1956-12,20000,0.0718936878912291,0.07150903146071214,0.11220739073007094,0.6104270863133553,z,0.0007934260688448171,0.00035898571008097235,0.4848043763888476,4.419324469577681,pass,ff49,ew
year,1957-01,1957-12,20000,-0.09787742703818905,-0.09744500545669058,0.09735468764987996,0.4711946337811851,z,0.0006884015981752836,-0.00047910829158648305,-0.6281530761181815,4.419324469577681,pass,ff49,ew
year,1958-01,1958-12,20000,0.6348092400895582,0.632665342754998,0.17519160005046708,0.45115749170775526,z,0.0012387916840260677,0.001313127239500611,1.7306358786592442,4.419324469577681,pass,ff49,ew
year,1959-01,1959-12,20000,0.19898869805835825,0.1986864841935571,0.13300786989672714,0.5067457455026283,z,0.0009405076675515382,0.000252120857944238,0.32133056989094905,4.419324469577681,pass,ff49,ew
year,1960-01,1960-12,20000,0.02589181482149637,0.027157678253954216,0.11441137508102858,0.5043692192874751,z,0.0008090105916467289,-0.0012323944602250503,-1.5647056361539105,4.419324469577681,pass,ff49,ew
year,1961-01,1961-12,20000,0.2932241447298018,0.29356342142012004,0.13728725101265749,0.4388800576397468,z,0.0009707674616150981,-0.0002622806773134867,-0.3494932656207704,4.419324469577681,pass,ff49,ew
year,1962-01,1962-12,20000,-0.16554917455040286,-0.16406800670328586,0.08538462827487966,0.22609932482288075,z,0.0006037604966226003,-0.0017718760126355093,-2.4532374267653423,4.419324469577681,pass,ff49,ew
year,1963-01,1963-12,20000,0.15193198366026858,0.1525120784321784,0.10272876465831961,0.3830339611424707,z,0.0007264020611281474,-0.0005033307526797204,-0.798586351763504,4.419324469577681,pass,ff49,ew
year,1964-01,1964-12,20000,0.18564401781722237,0.1857742871558732,0.12287799306796184,0.9823720641173105,z,0.0008688786215694939,-0.00010986014797420562,-0.14992812047272439,4.419324469577681,pass,ff49,ew
year,1965-01,1965-12,20000,0.3778395959581797,0.38002818707184005,0.1658833825744825,0.7107170043479918,z,0.0011729726470457896,-0.0015859031968790127,-1.8658500853984024,4.419324469577681,pass,ff49,ew
year,1966-01,1966-12,20000,-0.06051035397490914,-0.06033667209149471,0.15257041430970672,1.4818283360072486,z,0.001078835745668347,-0.00018483416161507726,-0.16099010819004383,4.419324469577681,pass,ff49,ew
year,1967-01,1967-12,20000,0.8251167993792459,0.8265010018205081,0.2646660131069661,0.7057542982000998,z,0.0018714713261754339,-0.0007578437897830526,-0.7396332617561533,4.419324469577681,pass,ff49,ew
year,1968-01,1968-12,20000,0.41390722716710543,0.41482581093643944,0.21130946130839245,0.4963081090497842,z,0.0014941835302004069,-0.0006492557332735682,-0.6147730521502998,4.419324469577681,pass,ff49,ew
year,1969-01,1969-12,20000,-0.2497935953403106,-0.25054708576709406,0.09791953893585657,0.64195424304506,z,0.0006923956999220436,0.001005387279806369,1.0882367219615898,4.419324469577681,pass,ff49,ew
year,1970-01,1970-12,20000,-0.15154980072278415,-0.15292808460387455,0.15962274930654427,0.3775599592366279,z,0.0011287032846629772,0.0016271155447833419,1.2211215292971782,4.419324469577681,pass,ff49,ew
year,1971-01,1971-12,20000,0.18230147570159197,0.1814288496756667,0.15697329331793608,0.4929470635971242,z,0.0011099688017029757,0.0007386191950238263,0.7861716694977786,4.419324469577681,pass,ff49,ew
year,1972-01,1972-12,20000,0.0385084725107525,0.03748919162963646,0.12997823494537175,0.27116636489454066,z,0.0009190849133653065,0.0009824496383572523,1.109017095475821,4.419324469577681,pass,ff49,ew
year,1973-01,1973-12,20000,-0.3480700105698825,-0.34878058727313793,0.11334820165174783,0.8649359461627734,z,0.0008014928202325111,0.0010911479132356128,0.8865665235145588,4.419324469577681,pass,ff49,ew
year,1974-01,1974-12,20000,-0.22006848221797437,-0.22041782984695465,0.11071468517253784,0.983063214862299,z,0.000782871046624352,0.00044812162509022535,0.4462390459918403,4.419324469577681,pass,ff49,ew
year,1975-01,1975-12,20000,0.6302211339920533,0.6311650781685318,0.20781740993375725,0.35650256147547665,z,0.0014694909981278433,-0.0005786932230908981,-0.6423613194508744,4.419324469577681,pass,ff49,ew
year,1976-01,1976-12,20000,0.4805634316610665,0.48284002018440825,0.17468878241152566,1.0543874626178562,z,0.0012352362264041108,-0.0015352893719841054,-1.843038986938629,4.419324469577681,pass,ff49,ew
year,1977-01,1977-12,20000,0.22485712424565754,0.22504300263000535,0.10772972528919651,0.37959261241763365,z,0.0007617641928735475,-0.00015173213017727338,-0.24401039860724952,4.419324469577681,pass,ff49,ew
year,1978-01,1978-12,20000,0.27589837543223694,0.27556714494068285,0.1453503147278011,0.4424122700042975,z,0.0010277819319162707,0.0002596731131465635,0.32227701350666954,4.419324469577681,pass,ff49,ew
year,1979-01,1979-12,20000,0.4277026295537601,0.4273110837908986,0.16438933498379,1.0933401002132448,z,0.0011624081352178484,0.0002743240540257208,0.3368401777299238,4.419324469577681,pass,ff49,ew
year,1980-01,1980-12,20000,0.4128818456301199,0.41289497286387317,0.20721312652398174,0.833961450371473,z,0.0014652180691597353,-9.29101879842964e-06,-0.008959235508724501,4.419324469577681,pass,ff49,ew
year,1981-01,1981-12,20000,0.011762330052031124,0.012364520610403633,0.11320679201234805,0.1381998917242525,z,0.0008004929030830639,-0.0005948357000989946,-0.7522746998170723,4.419324469577681,pass,ff49,ew
year,1982-01,1982-12,20000,0.3200651151181498,0.32014672358755997,0.15945772924303328,0.27719624599447384,z,0.0011275364166035728,-6.181772673596875e-05,-0.07237767952188516,4.419324469577681,pass,ff49,ew
year,1983-01,1983-12,20000,0.38424777884359806,0.3852320417467538,0.19888115404593093,1.047684539257881,z,0.0014063021267608413,-0.0007105400925571104,-0.6998943430618279,4.419324469577681,pass,ff49,ew
year,1984-01,1984-12,20000,-0.08851945537662696,-0.0883630280518694,0.09129096836041338,0.3152942254165981,z,0.0006455246278873485,-0.00017158949183837535,-0.24232588192571186,4.419324469577681,pass,ff49,ew
year,1985-01,1985-12,20000,0.24632270323171232,0.24772469179518983,0.1396001963665957,0.49869215421568347,z,0.0009871224550579345,-0.001123636145615059,-1.4202782606087352,4.419324469577681,pass,ff49,ew
year,1986-01,1986-12,20000,0.08730705362624228,0.08486062192022811,0.1307408200350779,0.664827657520612,z,0.000924477204246936,0.0022550654494988276,2.646286673998615,4.419324469577681,pass,ff49,ew
year,1987-01,1987-12,20000,-0.07550863670160336,-0.07485191478066351,0.12817409595018148,0.7305257201065778,z,0.0009063277241882851,-0.000709856001900655,-0.7245965266350171,4.419324469577681,pass,ff49,ew
year,1988-01,1988-12,20000,0.20327889695914222,0.20283129583650072,0.1338738887145697,0.8083771860918553,z,0.0009466313453388545,0.00037212294375010835,0.47283572939503443,4.419324469577681,pass,ff49,ew
year,1989-01,1989-12,20000,0.11816625183880035,0.11821827224602455,0.12929694634964456,0.9509702902100601,z,0.0009142674755054688,-4.652079877021098e-05,-0.056898455449744895,4.419324469577681,pass,ff49,ew
year,1990-01,1990-12,20000,-0.20902430436608174,-0.2084358072810826,0.10409073406377074,0.5267602148658758,z,0.0007360326391517784,-0.0007434609731117314,-0.7995529731906157,4.419324469577681,pass,ff49,ew
year,1991-01,1991-12,20000,0.4729805624334816,0.47395354214951974,0.21020254511398362,0.4514062326679315,z,0.0014863564507276899,-0.0006601155926660995,-0.6546072549164146,4.419324469577681,pass,ff49,ew
year,1992-01,1992-12,20000,0.22971483076740948,0.22941790918571367,0.1796541707181475,0.47823659706921823,z,0.0012703468238324776,0.00024151395508176243,0.23373269104576724,4.419324469577681,pass,ff49,ew
year,1993-01,1993-12,20000,0.21712371184071122,0.217997558083158,0.16822424310150186,0.48507251282124314,z,0.0011895250305704625,-0.0007174449871819588,-0.7346177844006332,4.419324469577681,pass,ff49,ew
year,1994-01,1994-12,20000,-0.04780506616562053,-0.0469012910478992,0.10273860543913804,0.48939061591398564,z,0.0007264716459566362,-0.0009482492308849899,-1.2440611037629892,4.419324469577681,pass,ff49,ew
year,1995-01,1995-12,20000,0.24249138068949236,0.24081769982404044,0.13833623575952925,0.4521914194385663,z,0.0009781849038938408,0.0013488531519896263,1.7110066397360333,4.419324469577681,pass,ff49,ew
year,1996-01,1996-12,20000,0.1738764773611372,0.17389089160655674,0.15004644915077692,0.48014640115000606,z,0.0010609886168747684,-1.2279033360429459e-05,-0.013585673955668396,4.419324469577681,pass,ff49,ew
year,1997-01,1997-12,20000,0.20461941760149288,0.20400179595767293,0.15782097209713802,0.6634686190600576,z,0.0011159627958333919,0.000512974022043311,0.5534428621867449,4.419324469577681,pass,ff49,ew
year,1998-01,1998-12,20000,-0.0539955539747899,-0.05294442342330234,0.16255679754906807,0.9658124497894405,z,0.0011494501387491478,-0.0011098932074157242,-0.9144638084357625,4.419324469577681,pass,ff49,ew
year,1999-01,1999-12,20000,0.15559951976822367,0.15591120325049176,0.21916355511614558,1.0725777210673477,z,0.001549720360115782,-0.0002696431018157641,-0.20112240265386155,4.419324469577681,pass,ff49,ew
year,2000-01,2000-12,20000,-0.007049406699728054,-0.006789416166951027,0.26827018585613277,1.1159005996082634,z,0.001896956676090469,-0.0002617677831961984,-0.13705665292939345,4.419324469577681,pass,ff49,ew
year,2001-01,2001-12,20000,0.25543693568090237,0.25464086928125057,0.29487055524096284,0.98904490387572,z,0.0020850496918312727,0.000634497424037983,0.381797327310996,4.419324469577681,pass,ff49,ew
year,2002-01,2002-12,20000,-0.06836218524430507,-0.06943769665123495,0.18316190420185066,0.8846154773594344,z,0.0012951502451616938,0.0011557650713547307,0.8304143947373511,4.419324469577681,pass,ff49,ew
year,2003-01,2003-12,20000,0.6641268563219123,0.6651170300405278,0.28488156598162684,1.0822988384773757,z,0.002014416871406512,-0.0005946571326529426,-0.4915435988798968,4.419324469577681,pass,ff49,ew
year,2004-01,2004-12,20000,0.26586161709849926,0.26559963381049345,0.18260598249314922,0.35470850819585287,z,0.0012912192850613778,0.00020700328998768391,0.20289604642433276,4.419324469577681,pass,ff49,ew
year,2005-01,2005-12,20000,0.04242440818798835,0.04196571695323225,0.12672309427231043,0.5697908192751554,z,0.0008960675929289285,0.00044021720416820287,0.5118935651459071,4.419324469577681,pass,ff49,ew
year,2006-01,2006-12,20000,0.19806207323983116,0.19949904918246908,0.14381387357117137,0.36581867641618554,z,0.0010169176523088007,-0.0011979800597734513,-1.4130701137652806,4.419324469577681,pass,ff49,ew
year,2007-01,2007-12,20000,-0.022041434324363146,-0.022034664789412742,0.123702616533509,0.4776155688597595,z,0.0008747095900136334,-6.922060227121385e-06,-0.007739179983493867,4.419324469577681,pass,ff49,ew
year,2008-01,2008-12,20000,-0.4554801443474615,-0.455216607987705,0.1267738320971963,0.8184564882104516,z,0.000896426363529323,-0.00048374521620964117,-0.29398550787695005,4.419324469577681,pass,ff49,ew
year,2009-01,2009-12,20000,0.7652527469110499,0.7592215975869685,0.3791705058734146,0.9193672406916442,z,0.002681140359290251,0.0034283056394681655,2.249471685875484,4.419324469577681,pass,ff49,ew
year,2010-01,2010-12,20000,0.32286373070667584,0.3229536306491455,0.1853785730319797,0.6623522045012563,z,0.0013108244607759848,-6.795396330361303e-05,-0.06858274708761775,4.419324469577681,pass,ff49,ew
year,2011-01,2011-12,20000,-0.10196195047038391,-0.10303519521466176,0.12886562609638455,0.687909104627304,z,0.0009112175807460363,0.001196529382816447,1.1778139128957068,4.419324469577681,pass,ff49,ew
year,2012-01,2012-12,20000,0.19412011345933725,0.19401042524047413,0.16462178033047303,0.5219381782348183,z,0.0011640517720267968,9.186537784300342e-05,0.0942296738848087,4.419324469577681,pass,ff49,ew
year,2013-01,2013-12,20000,0.40301918959143884,0.4026401799240939,0.16090870075431937,-0.08759520413235652,z,0.0011377963345529617,0.00027021161433249397,0.3331085325510871,4.419324469577681,pass,ff49,ew
year,2014-01,2014-12,20000,0.03398337293980653,0.03363066066146201,0.15002490895314236,0.3248478592132915,z,0.0010608363046766135,0.000341236276910184,0.33248511272626585,4.419324469577681,pass,ff49,ew
year,2015-01,2015-12,20000,-0.11898968025748163,-0.11941421504440504,0.19309425286213858,1.5395962540058752,z,0.001365382556069681,0.00048210497395762,0.31092735514759273,4.419324469577681,pass,ff49,ew
year,2016-01,2016-12,20000,0.2560585592142091,0.2580468582931358,0.24249311123346126,1.3357127995691782,z,0.0017146852334420423,-0.0015804650405665255,-1.15957088808386,4.419324469577681,pass,ff49,ew
decade,1926-07,1936-12,20000,2.7147011295290606,2.674853210848764,4.428763501322729,6.7912152127020065,z,0.03131608704056779,0.010843404183508376,1.2724424551725286,4.419324469577681,pass,ff49,ew
decade,1937-01,1946-12,20000,2.3325264021566956,2.284643065925155,2.36284037156039,3.1258281699443673,z,0.016707804495916932,0.014577942038293878,2.8659262946991197,4.419324469577681,pass,ff49,ew
decade,1947-01,1956-12,20000,2.8092129949921953,2.811408971393185,1.3189181076801704,1.1879134092326353,z,0.009326159377703775,-0.0005761586902565119,-0.2354641725552908,4.419324469577681,pass,ff49,ew
decade,1957-01,1966-12,20000,2.464491015562808,2.4768022968002756,1.2854579150641199,1.3384157613623842,z,0.009089560086717602,-0.0035409782284133717,-1.3544419223827713,4.419324469577681,pass,ff49,ew
decade,1967-01,1976-12,20000,1.4748587721201816,1.4692219396519905,1.1855233113329033,1.625687141378118,z,0.008382915726982266,0.0022828375115544475,0.6724190784893175,4.419324469577681,pass,ff49,ew
decade,1977-01,1986-12,20000,6.201561972351201,6.199120933454812,2.782361585068065,1.3357893429332808,z,0.019674267445145797,0.000339074578542764,0.12407267021225901,4.419324469577681,pass,ff49,ew
decade,1987-01,1996-12,20000,2.016842347621202,2.018088985338163,1.2657422789689305,1.4084084319418337,z,0.008950149486934456,-0.000413055321767275,-0.1392868039557277,4.419324469577681,pass,ff49,ew
decade,1997-01,2006-12,20000,3.016870036824746,3.025573301934032,2.4811228055763332,2.285620787612762,z,0.01754418760779617,-0.0021619939463293214,-0.49607683774532296,4.419324469577681,pass,ff49,ew
decade,2007-01,2016-12,20000,1.141912771051116,1.1329278222223782,1.237366747981553,2.1455767440237556,z,0.008749504183125019,0.004212495488654655,1.026909484318778,4.419324469577681,pass,ff49,ew
full,1926-07,2016-12,20000,75732.4341887139,73682.33285526623,271012.927590794,80.25111446350958,none,1916.350788886692,0.027823135219393835,1.0697943953354618,4.419324469577681,diagnostic only,ff49,ew
rolling120,1926-07,1936-06,20000,1.6813668194074516,1.662262123032014,3.1519521417789234,6.6082873584183925,none,0.022287667334273387,0.007176113955931429,0.8571868957348824,4.419324469577681,diagnostic only,ff49,ew
rolling120,1926-08,1936-07,20000,1.8436299273175747,1.8239204246921377,3.331982653927453,6.557643631454258,none,0.023560675293880513,0.006979482301660678,0.8365423477720197,4.419324469577681,diagnostic only,ff49,ew
rolling120,1926-09,1936-08,20000,1.7461268688121112,1.7254535011814305,3.2002510443943284,6.499537042993238,none,0.022629192149905605,0.007585294565370271,0.9135707317226066,4.419324469577681,diagnostic only,ff49,ew
rolling120,1926-10,1936-09,20000,1.8932754986621982,1.8645979899793272,3.3688877486047915,6.51677943007632,none,0.02382163372094729,0.010011006355232999,1.2038430704966196,4.419324469577681,diagnostic only,ff49,ew
rolling120,1926-11,1936-10,20000,2.182963171580618,2.1530536740613235,3.7061276402247945,6.51129168704741,none,0.026206279863458495,0.009485882769882936,1.1413103147463448,4.419324469577681,diagnostic only,ff49,ew
rolling120,1926-12,1936-11,20000,2.462708451270385,2.422912070424446,4.037979437140844,6.553796886972188,none,0.028552826422941293,0.011626468932637302,1.3937807857075768,4.419324469577681,diagnostic only,ff49,ew
rolling120,1927-01,1936-12,20000,2.480672976014966,2.4397576409607744,4.067179316377678,6.57755401400947,none,0.028759300749123227,0.011894830777311238,1.4226818451223613,4.419324469577681,diagnostic only,ff49,ew
rolling120,1927-02,1937-01,20000,2.7261818654985626,2.6800495598470695,4.3553193289893635,6.586036337190679,none,0.03079675831761223,0.012535783798903521,1.4979597909534088,4.419324469577681,diagnostic only,ff49,ew
rolling120,1927-03,1937-02,20000,2.5998390739930275,2.5541750052185694,4.210873687359562,6.597645502300779,none,0.02977537339051948,0.012848007964551433,1.5336186779440206,4.419324469577681,diagnostic only,ff49,ew
rolling120,1927-04,1937-03,20000,2.5766317422712914,2.5312893168928716,4.184045867548501,6.59736158384196,none,0.02958567205739096,0.012840189888013942,1.532580544070912,4.419324469577681,diagnostic only,ff49,ew
rolling120,1927-05,1937-04,20000,2.2007895498016152,2.1591285343546716,3.7429033584433657,6.598106547899666,none,0.02646632346081207,0.013187502500734416,1.5741141949175506,4.419324469577681,diagnostic only,ff49,ew
rolling120,1927-06,1937-05,20000,1.9732232568486707,1.9352044648254276,3.467815770934207,6.570086730024199,none,0.02452116047533233,0.012952689490237645,1.5504483183611577,4.419324469577681,diagnostic only,ff49,ew
rolling120,1927-07,1937-06,20000,1.785177624035985,1.7530740595246201,3.2485872116150554,6.557315400938207,none,0.022970980466089034,0.011660988341486211,1.3975704937261046,4.419324469577681,diagnostic only,ff49,ew
rolling120,1927-08,1937-07,20000,1.8558331249755076,1.8243008840248924,3.3307875466756074,6.55106322777737,none,0.02355222460946026,0.01116461816408143,1.3388221908324331,4.419324469577681,diagnostic only,ff49,ew
rolling120,1927-09,1937-08,20000,1.6968700674886634,1.6671530903498888,3.1375641156165868,6.527523161566198,none,0.022185928625600614,0.011141834057555311,1.339451579434176,4.419324469577681,diagnostic only,ff49,ew
rolling120,1927-10,1937-09,20000,1.1178947807036732,1.094803635907609,2.468568194858668,6.54327250060874,none,0.01745541310405999,0.011023059345636188,1.3228644122259936,4.419324469577681,diagnostic only,ff49,ew
rolling120,1927-11,1937-10,20000,0.9792674797149626,0.9564534387237094,2.304226801436617,6.537482941918021,none,0.016293343966876202,0.011660916912050734,1.4002061846624871,4.419324469577681,diagnostic only,ff49,ew
rolling120,1927-12,1937-11,20000,0.6490807602279759,0.6271968309676696,1.9138757680370553,6.524628442621449,none,0.013533145339276137,0.01344885194208012,1.617061570808252,4.419324469577681,diagnostic only,ff49,ew
rolling120,1928-01,1937-12,20000,0.44146316408798986,0.4220147557382485,1.6717714531132868,6.517962251688705,none,0.011821209310904935,0.013676657201524334,1.6452130943828593,4.419324469577681,diagnostic only,ff49,ew
rolling120,1928-02,1938-01,20000,0.4595546965254938,0.43851135267486263,1.6906683151437096,6.514310544849108,none,0.01195483030375352,0.014628555980112035,1.7602377713403494,4.419324469577681,diagnostic only,ff49,ew
rolling120,1928-03,1938-02,20000,0.5765093273774026,0.5563759915643587,1.8304565315523376,6.520646075673461,none,0.012943282261278654,0.012936035972135107,1.5555046553589515,4.419324469577681,diagnostic only,ff49,ew
rolling120,1928-04,1938-03,20000,0.05716856743545843,0.04407151584380544,1.2288588391616735,6.525353764129675,none,0.008689344182922483,0.012544209273890772,1.5072543239101002,4.419324469577681,diagnostic only,ff49,ew
rolling120,1928-05,1938-04,20000,0.1897176859438251,0.17524884078829578,1.3729797912055963,6.428933561379129,none,0.009708433207935673,0.012311303490267322,1.490337817198195,4.419324469577681,diagnostic only,ff49,ew
rolling120,1928-06,1938-05,20000,0.060660499876359714,0.04893302097866039,1.224059309043409,6.417938381623209,none,0.008655406379991144,0.011180388702757726,1.3549310549773774,4.419324469577681,diagnostic only,ff49,ew
rolling120,1928-07,1938-06,20000,0.47415105995035356,0.455330995315107,1.7020643709397167,6.437146652708727,none,0.01203541258707489,0.0129318104924796,1.5637240933026137,4.419324469577681,diagnostic only,ff49,ew
rolling120,1928-08,1938-07,20000,0.6330095190611159,0.6128856763985064,1.8877949599813522,6.443329325857204,none,0.013348726176926012,0.012476918207584786,1.5075477911438928,4.419324469577681,diagnostic only,ff49,ew
rolling120,1928-09,1938-08,20000,0.46977233420169395,0.4512385887306424,1.6958137767446873,6.431042217576537,none,0.011991214211657383,0.012770984464561597,1.5456104064118716,4.419324469577681,diagnostic only,ff49,ew
rolling120,1928-10,1938-09,20000,0.39425315859198856,0.3775647624719509,1.6091961800345622,6.4285305094767855,none,0.011378735311619273,0.012114418555605022,1.4666301362152667,4.419324469577681,diagnostic only,ff49,ew
rolling120,1928-11,1938-10,20000,0.5903749409088066,0.5710147952559719,1.8509550615356776,6.545486767920962,none,0.01308822875683441,0.012323337572183846,1.4792028785961773,4.419324469577681,diagnostic only,ff49,ew
rolling120,1928-12,1938-11,20000,0.3836749041436839,0.368050357329772,1.6101716813745797,6.533656542380927,none,0.011385633147745102,0.011421031930731518,1.3723037279667054,4.419324469577681,diagnostic only,ff49,ew
rolling120,1929-01,1938-12,20000,0.43291568575361017,0.4179151652314467,1.6699181038041895,6.539753536375462,none,0.011808104152261233,0.0105792792756505,1.270358080241943,4.419324469577681,diagnostic only,ff49,ew
rolling120,1929-02,1939-01,20000,0.2685132472055593,0.25598231794929566,1.4762775591281903,6.522002936368686,none,0.010438858729730677,0.00997699496018667,1.2004118056099935,4.419324469577681,diagnostic only,ff49,ew
rolling120,1929-03,1939-02,20000,0.3044603690651909,0.2898260075004014,1.514873008489822,6.515915410362225,none,0.010711769769396196,0.011345996653572055,1.3661945579338612,4.419324469577681,diagnostic only,ff49,ew
rolling120,1929-04,1939-03,20000,0.14253514640627638,0.12947900880220287,1.3280941302107157,6.524382357718341,none,0.009391043655260466,0.011559433599318769,1.3902754670680306,4.419324469577681,diagnostic only,ff49,ew
rolling120,1929-05,1939-04,20000,0.11407474525567796,0.10173467194909012,1.2938713354685587,6.5124041069375656,none,0.009149051952927121,0.011200585422946663,1.3487816409917515,4.419324469577681,diagnostic only,ff49,ew
rolling120,1929-06,1939-05,20000,0.33229582610010283,0.3177948472503737,1.5462190187832154,6.507166469335342,none,0.010933419533812213,0.011003972947675189,1.3262985843435375,4.419324469577681,diagnostic only,ff49,ew
rolling120,1929-07,1939-06,20000,0.1298595426880762,0.11734936574170175,1.3109092494298369,6.503644854485095,none,0.00926952819792005,0.011196298427278428,1.3496023399747092,4.419324469577681,diagnostic only,ff49,ew
rolling120,1929-08,1939-07,20000,0.2415004527703223,0.22745368725150306,1.4374927170423222,6.485119910175419,none,0.01016460848126901,0.011443825265841756,1.3819288312682334,4.419324469577681,diagnostic only,ff49,ew
rolling120,1929-09,1939-08,20000,0.08166358508382385,0.06953938102444507,1.2531586609445002,6.489986088004054,none,0.008861169870565096,0.011335911771444662,1.368239660956369,4.419324469577681,diagnostic only,ff49,ew
rolling120,1929-10,1939-09,20000,0.48619881881220933,0.4746281020413575,1.808078841292175,7.085253239332397,none,0.012785048095976125,0.007846532122122163,0.9050194167430229,4.419324469577681,diagnostic only,ff49,ew
rolling120,1929-11,1939-10,20000,0.852450175306361,0.8376289505454388,2.2478742051681992,7.066077601189889,none,0.01589487093728754,0.00806540665161104,0.9324532938580388,4.419324469577681,diagnostic only,ff49,ew
rolling120,1929-12,1939-11,20000,0.9882270236228197,0.9723168167399632,2.405624370824057,7.045019269570482,none,0.017010333055973124,0.008066760242481985,0.9353260062870828,4.419324469577681,diagnostic only,ff49,ew
rolling120,1930-01,1939-12,20000,1.067608207358348,1.0471434074360748,2.493547605059414,7.035092398188843,none,0.017632044207489865,0.00999675931248234,1.1606595174925856,4.419324469577681,diagnostic only,ff49,ew
rolling120,1930-02,1940-01,20000,0.8441110261384241,0.8256294127555839,2.2107767783415815,6.967785696045605,none,0.01563255251655081,0.010123420040075048,1.1822518020184511,4.419324469577681,diagnostic only,ff49,ew
rolling120,1930-03,1940-02,20000,0.8233231518291144,0.8056174557835809,2.179955821283334,6.943445675625664,none,0.015414615439165348,0.00980589547848032,1.1486304095882278,4.419324469577681,diagnostic only,ff49,ew
rolling120,1930-04,1940-03,20000,0.6872748431259633,0.6704106267585723,1.9873521819872568,6.682377004994557,none,0.01405270204489071,0.010095850743069068,1.2000693043600463,4.419324469577681,diagnostic only,ff49,ew
rolling120,1930-05,1940-04,20000,0.7555331468811964,0.7394126914573742,2.0538753167788477,6.604480045852215,none,0.014523091642059916,0.009267757733971482,1.109987860789657,4.419324469577681,diagnostic only,ff49,ew
rolling120,1930-06,1940-05,20000,0.36366147293934625,0.35252566068478774,1.596773597561356,6.610124720589155,none,0.01129089438855274,0.008233346381702367,0.9862648494745057,4.419324469577681,diagnostic only,ff49,ew
rolling120,1930-07,1940-06,20000,0.790760333198774,0.7749745358374776,2.0769126644636673,6.572809379657908,none,0.014685990289744797,0.008893534550820092,1.0748881791321678,4.419324469577681,diagnostic only,ff49,ew
rolling120,1930-08,1940-07,20000,0.7797014388099395,0.7638994462295969,2.0629729620642467,6.568987081171964,none,0.014587421708801271,0.008958556347483437,1.0832615177504918,4.419324469577681,diagnostic only,ff49,ew
rolling120,1930-09,1940-08,20000,0.8245499395447161,0.8087645852849112,2.1185652851686956,6.579345801509619,none,0.014980518795291964,0.00872714690912546,1.0537254734305899,4.419324469577681,diagnostic only,ff49,ew
rolling120,1930-10,1940-09,20000,1.2437900388400056,1.2231837061039323,2.6091952406337207,6.631254184915222,none,0.018449796480917696,0.009268839403373086,1.1168867232430468,4.419324469577681,diagnostic only,ff49,ew
rolling120,1930-11,1940-10,20000,1.5765922671265307,1.552887228526934,2.9923301590850726,6.618679582298795,none,0.02115896947038075,0.009285580003185245,1.1203304883434926,4.419324469577681,diagnostic only,ff49,ew
rolling120,1930-12,1940-11,20000,1.6536083542001054,1.6268067881470376,3.083984181939417,6.629744226500044,none,0.02180706128121409,0.010203097606571232,1.2290315374202347,4.419324469577681,diagnostic only,ff49,ew
rolling120,1931-01,1940-12,20000,2.005743028757662,1.9742635061117397,3.4816909577129604,6.601751793731882,none,0.024619272861947192,0.01058397232835473,1.2786536313417483,4.419324469577681,diagnostic only,ff49,ew
rolling120,1931-02,1941-01,20000,1.6231143916837403,1.5912085356323313,3.0253369268724617,6.578339225359236,none,0.021392362563655877,0.01231311784160316,1.4914601394057687,4.419324469577681,diagnostic only,ff49,ew
rolling120,1931-03,1941-02,20000,1.194088524373433,1.1652532039552774,2.510334634271124,6.49303774190029,none,0.017750746429405634,0.013317297194379796,1.624456781737771,4.419324469577681,diagnostic only,ff49,ew
rolling120,1931-04,1941-03,20000,1.3052357964445103,1.2801459127261041,2.6060585104247447,6.284081786959976,none,0.0184276164489025,0.01100363076694899,1.3615371140362775,4.419324469577681,diagnostic only,ff49,ew
rolling120,1931-05,1941-04,20000,1.530919238239374,1.5024826781998923,2.8585247052478464,6.273753745666879,none,0.020212822032700292,0.011363339409780293,1.4068574884534646,4.419324469577681,diagnostic only,ff49,ew
rolling120,1931-06,1941-05,20000,1.927473180290674,1.8912849192395766,3.290715806067167,6.242877170648361,none,0.023268874614278495,0.01251632476975506,1.5552217995489592,4.419324469577681,diagnostic only,ff49,ew
rolling120,1931-07,1941-06,20000,1.7105322098442735,1.6727355816491207,3.0376448939290634,6.230325838642111,none,0.021479393033339317,0.014141551620243442,1.7596692856491127,4.419324469577681,diagnostic only,ff49,ew
rolling120,1931-08,1941-07,20000,2.301780712399768,2.2572974574612426,3.7297403358797703,6.328762349807826,none,0.02637324683565577,0.013656491468604148,1.6866810224665072,4.419324469577681,diagnostic only,ff49,ew
rolling120,1931-09,1941-08,20000,2.3318337143334364,2.291889081210955,3.76727869057372,6.32413486686591,none,0.026638683087242546,0.01213425851754013,1.4994972909006556,4.419324469577681,diagnostic only,ff49,ew
rolling120,1931-10,1941-09,20000,3.769260223759925,3.718705612408109,5.355907895427564,6.2653065452244,none,0.03787198792267401,0.010713660801148439,1.3348813760459801,4.419324469577681,diagnostic only,ff49,ew
rolling120,1931-11,1941-10,20000,3.0156790518894145,2.9683465991615585,4.475174019524932,6.203753642421917,none,0.03164425896195938,0.011927499663929586,1.4957674561049428,4.419324469577681,diagnostic only,ff49,ew
rolling120,1931-12,1941-11,20000,3.2992162969668266,3.2482539155013797,4.78554108167584,6.196803652618463,none,0.03383888550499792,0.011996077089340362,1.5060301397314029,4.419324469577681,diagnostic only,ff49,ew
rolling120,1932-01,1941-12,20000,3.8050773904731074,3.7572950214804077,5.368569328550276,6.227138296107507,none,0.0379615177748801,0.010044020557259836,1.2587054415489751,4.419324469577681,diagnostic only,ff49,ew
rolling120,1932-02,1942-01,20000,4.106576253727953,4.05619745701427,5.742914102399491,6.341170025494348,none,0.04060853505578535,0.009963771617303774,1.2405962599851421,4.419324469577681,diagnostic only,ff49,ew
rolling120,1932-03,1942-02,20000,3.852659711726113,3.8052687494606667,5.453091489929197,6.333313629491191,none,0.038559179709595895,0.009862291733582218,1.2290448765343598,4.419324469577681,diagnostic only,ff49,ew
rolling120,1932-04,1942-03,20000,4.246783891096947,4.1990235467556865,5.883153215281156,6.30937323246863,none,0.041600175332847454,0.009186406622655907,1.1480803616601376,4.419324469577681,diagnostic only,ff49,ew
rolling120,1932-05,1942-04,20000,5.259667630402422,5.205976187241672,6.9760214335453545,6.264422877085485,none,0.0493279206136262,0.008651570927895369,1.0884594868959245,4.419324469577681,diagnostic only,ff49,ew
rolling120,1932-06,1942-05,20000,7.2281357813595095,7.159586256549844,9.023368108922378,6.126929616656089,none,0.06380484778961447,0.008401103028310875,1.074362328011442,4.419324469577681,diagnostic only,ff49,ew
rolling120,1932-07,1942-06,20000,7.38967083494397,7.313837759658405,9.084867512820777,6.079303019827415,none,0.06423971424496935,0.009121308050240584,1.1804703083887587,4.419324469577681,diagnostic only,ff49,ew
rolling120,1932-08,1942-07,20000,5.13656230441949,5.104836185908462,6.323341206904888,5.305745916001282,none,0.04471277447158774,0.005196882855638352,0.709553788284565,4.419324469577681,diagnostic only,ff49,ew
rolling120,1932-09,1942-08,20000,2.7416900930970285,2.704288790132403,3.617971191759153,4.59227463882177,none,0.025582919638304717,0.010096756782099758,1.46196382169865,4.419324469577681,diagnostic only,ff49,ew
rolling120,1932-10,1942-09,20000,3.1855023640083355,3.1384933852865293,4.008206526811742,4.551218549897466,none,0.02834230015504762,0.011358959492103082,1.6586155133719498,4.419324469577681,diagnostic only,ff49,ew
rolling120,1932-11,1942-10,20000,4.420544723738484,4.354700476684365,5.182582682919081,4.548488354224543,none,0.03664639359152053,0.012296532241312219,1.7967456167188625,4.419324469577681,diagnostic only,ff49,ew
rolling120,1932-12,1942-11,20000,4.791838540591487,4.720691034953618,5.527961980664742,4.539405711657482,none,0.039088594026694574,0.012436872609122851,1.8201602643799568,4.419324469577681,diagnostic only,ff49,ew
rolling120,1933-01,1942-12,20000,5.278041780033599,5.198277185490884,5.942254211238123,4.502645037022594,none,0.04201808248300796,0.012868833089528575,1.898339710646511,4.419324469577681,diagnostic only,ff49,ew
rolling120,1933-02,1943-01,20000,6.2815626154949395,6.165334532379368,7.01960970047266,4.7428976003217045,none,0.049636136204870875,0.016220887188218347,2.341602147190621,4.419324469577681,diagnostic only,ff49,ew
rolling120,1933-03,1943-02,20000,8.697946251133372,8.547281663878453,9.428143486584904,4.826907655969319,none,0.06666704193363965,0.015780888483153177,2.2599560875205884,4.419324469577681,diagnostic only,ff49,ew
rolling120,1933-04,1943-03,20000,8.735292760650097,8.590899832119277,9.273965134108188,4.650684416079594,none,0.06557683634815509,0.015055201394895024,2.2018892122855873,4.419324469577681,diagnostic only,ff49,ew
rolling120,1933-05,1943-04,20000,6.05044201809139,5.940872130168503,6.603829287011577,4.561708041639074,none,0.04669612470644209,0.015786184483451482,2.346444991135866,4.419324469577681,diagnostic only,ff49,ew
rolling120,1933-06,1943-05,20000,3.700267385055902,3.636980801190396,4.183072275992621,4.161561403472209,none,0.029578787725478273,0.013648230730060273,2.1395935645798203,4.419324469577681,diagnostic only,ff49,ew
rolling120,1933-07,1943-06,20000,2.951039664112053,2.9002637240963383,3.468986113914198,4.09092607234344,none,0.024529436049906986,0.0130185914613965,2.070000301368827,4.419324469577681,diagnostic only,ff49,ew
rolling120,1933-08,1943-07,20000,3.162865443050272,3.1049805223947278,3.626902760934667,4.056955554261243,none,0.025646075369611148,0.014101143803180838,2.2570674000332223,4.419324469577681,diagnostic only,ff49,ew
rolling120,1933-09,1943-08,20000,2.74582633689468,2.6924994815182206,3.239332919847242,4.023221749241043,none,0.02290554274144804,0.014441939841392415,2.3281201401075378,4.419324469577681,diagnostic only,ff49,ew
rolling120,1933-10,1943-09,20000,3.4866524294172856,3.4206207972156335,3.854320414335105,3.995506388967666,none,0.02725416101842096,0.014937185348094628,2.422809205428177,4.419324469577681,diagnostic only,ff49,ew
rolling120,1933-11,1943-10,20000,4.073421930226483,4.001601418822812,4.3445324016105475,3.990081534323359,none,0.030720483222634952,0.014359503165003229,2.3378704977776392,4.419324469577681,diagnostic only,ff49,ew
rolling120,1933-12,1943-11,20000,3.398711858709067,3.335399667727918,3.7563249362930478,3.9790275225601075,none,0.0265612283479294,0.014603541964639533,2.383631892012422,4.419324469577681,diagnostic only,ff49,ew
rolling120,1934-01,1943-12,20000,3.773241128470983,3.696809155180441,4.039689011009358,3.9485108822307358,none,0.028564914935694945,0.016273169883055605,2.6757290705260197,4.419324469577681,diagnostic only,ff49,ew
rolling120,1934-02,1944-01,20000,2.7947755717183878,2.734636887694644,3.181205529639641,3.899833534549932,none,0.022494520023563325,0.016102953468353665,2.6734815395370766,4.419324469577681,diagnostic only,ff49,ew
rolling120,1934-03,1944-02,20000,2.789423652962007,2.726879666972651,3.1663921454705775,3.889409903871297,none,0.022389773579580663,0.016781863536839303,2.7934175290810206,4.419324469577681,diagnostic only,ff49,ew
rolling120,1934-04,1944-03,20000,2.8976371818876534,2.8336776523455964,3.2485876563845126,3.8752363729413846,none,0.022970983611084028,0.01668359610331982,2.784361811620249,4.419324469577681,diagnostic only,ff49,ew
rolling120,1934-05,1944-04,20000,2.7433065322687273,2.68457548337995,3.106986074168892,3.8519639691842475,none,0.02196970922096993,0.015939705714727692,2.6732738379950414,4.419324469577681,diagnostic only,ff49,ew
rolling120,1934-06,1944-05,20000,3.4540249945772383,3.38464408911567,3.6889716944802573,3.842903057070517,none,0.026084969007722187,0.015823611689212758,2.659804021274806,4.419324469577681,diagnostic only,ff49,ew
rolling120,1934-07,1944-06,20000,3.955191260771653,3.8746779762529737,4.099900898046582,3.850941155763783,none,0.028990677272015538,0.01651663656776914,2.7772129558490146,4.419324469577681,diagnostic only,ff49,ew
rolling120,1934-08,1944-07,20000,4.898176491653223,4.804415356390215,4.8530907652959865,3.8273305482478697,none,0.03431653389854603,0.016153415892228518,2.7322437499138323,4.419324469577681,diagnostic only,ff49,ew
rolling120,1934-09,1944-08,20000,4.601446024513394,4.51867040341957,4.606320015296201,3.8215732878950672,none,0.03257160119131265,0.014999196372106782,2.5413433195265123,4.419324469577681,diagnostic only,ff49,ew
rolling120,1934-10,1944-09,20000,4.716162777316056,4.632583975424376,4.688659886507678,3.8142252431504127,none,0.033153832004269274,0.014838447550244105,2.5209394160203518,4.419324469577681,diagnostic only,ff49,ew
rolling120,1934-11,1944-10,20000,4.808669057154056,4.718807437557698,4.745980377015641,3.802998320817726,none,0.03355914907966047,0.015713349431246915,2.6777085254173363,4.419324469577681,diagnostic only,ff49,ew
rolling120,1934-12,1944-11,20000,4.189011308372457,4.103593878321511,4.123309126212754,3.587145343820928,none,0.029156198440734162,0.016736721629394102,2.929649083867178,4.419324469577681,diagnostic only,ff49,ew
rolling120,1935-01,1944-12,20000,4.481973913281125,4.391976192358151,4.368058083992186,3.608454222152084,none,0.030886834918075926,0.016691045678303373,2.9137890354153657,4.419324469577681,diagnostic only,ff49,ew
rolling120,1935-02,1945-01,20000,4.958583915037395,4.864698248784681,4.752415094506888,3.6152173109766808,none,0.03360464940339127,0.016008609867041335,2.793829661059934,4.419324469577681,diagnostic only,ff49,ew
rolling120,1935-03,1945-02,20000,5.7565532980869705,5.650956816614288,5.358561107520693,3.600657880810978,none,0.03789074896530378,0.015876885745055302,2.7868670943764178,4.419324469577681,diagnostic only,ff49,ew
rolling120,1935-04,1945-03,20000,5.78685175959592,5.676283269684099,5.35962980989089,3.5866206817348756,none,0.03789830583223415,0.016561383848689326,2.9175048193784385,4.419324469577681,diagnostic only,ff49,ew
rolling120,1935-05,1945-04,20000,5.705937200810041,5.590669308459575,5.270146745366682,3.57139937531936,none,0.037265565014969936,0.01748955788185458,3.093147582873399,4.419324469577681,diagnostic only,ff49,ew
rolling120,1935-06,1945-05,20000,5.54218552977141,5.425251205435162,5.0307309508602245,3.424040913695379,none,0.03557263969678313,0.018199183284434595,3.2871984011583675,4.419324469577681,diagnostic only,ff49,ew
rolling120,1935-07,1945-06,20000,5.550522107007445,5.435946751275002,5.027512330192088,3.4189842731678493,none,0.03554988061177806,0.017802408901183675,3.2229462873212262,4.419324469577681,diagnostic only,ff49,ew
rolling120,1935-08,1945-07,20000,4.759636991356291,4.666106443165323,4.383644241156762,3.3792874097425885,none,0.030997045692313038,0.01650702279054217,3.0174020169335773,4.419324469577681,diagnostic only,ff49,ew
rolling120,1935-09,1945-08,20000,4.701370102479512,4.608656779400326,4.322000358210673,3.363804473431265,none,0.03056115761581454,0.016530396978418516,3.0336980112038985,4.419324469577681,diagnostic only,ff49,ew
rolling120,1935-10,1945-09,20000,4.899056162328713,4.794873946976218,4.428815023495451,3.3214672293315446,none,0.03131645135734492,0.017978340220300648,3.326756731268658,4.419324469577681,diagnostic only,ff49,ew
rolling120,1935-11,1945-10,20000,4.812491093058176,4.7073223289219674,4.3156998964441495,3.2844554877303676,none,0.03051660662341739,0.018426988712949344,3.446279772650265,4.419324469577681,diagnostic only,ff49,ew
rolling120,1935-12,1945-11,20000,4.647295590132885,4.5469834758740175,4.149415515868496,3.2507873324570764,none,0.029340798492312897,0.018084083843978194,3.4188610880903263,4.419324469577681,diagnostic only,ff49,ew
rolling120,1936-01,1945-12,20000,4.4577424211019645,4.36939410636223,3.9887616796726735,3.226416916882548,none,0.028204804322335908,0.016454056638355086,3.132385310319984,4.419324469577681,diagnostic only,ff49,ew
rolling120,1936-02,1946-01,20000,4.232842087985711,4.148844539929838,3.8035635299007495,3.212505915059797,none,0.026895255646666616,0.01631386370368393,3.1231362571667316,4.419324469577681,diagnostic only,ff49,ew
rolling120,1936-03,1946-02,20000,3.7424545599230905,3.665521137633214,3.4422033458420427,3.20879221955752,none,0.02434005328067931,0.016489781102761114,3.160774604833945,4.419324469577681,diagnostic only,ff49,ew
rolling120,1936-04,1946-03,20000,3.998549234620652,3.917776349626407,3.621964565262625,3.205662850190808,none,0.025611157053145876,0.01642467636829026,3.1538163163277915,4.419324469577681,diagnostic only,ff49,ew
rolling120,1936-05,1946-04,20000,5.091677996350466,4.992684455571905,4.411999124957735,3.2048471658857,none,0.03119754499846728,0.016519064454748378,3.1731195766661835,4.419324469577681,diagnostic only,ff49,ew
rolling120,1936-06,1946-05,20000,5.052267167987773,4.953450052357765,4.372401739065415,3.1974010678911866,none,0.030917549197650083,0.016598294226197963,3.1961497012032885,4.419324469577681,diagnostic only,ff49,ew
rolling120,1936-07,1946-06,20000,4.747518434762338,4.652750555357575,4.149417378670089,3.195949441070207,none,0.02934081166430928,0.016764914438855527,3.2298997208737696,4.419324469577681,diagnostic only,ff49,ew
rolling120,1936-08,1946-07,20000,4.114805156359871,4.03509649490325,3.682939822687269,3.186517520515102,none,0.026042317233241487,0.01583061248921558,3.0607361373694397,4.419324469577681,diagnostic only,ff49,ew
rolling120,1936-09,1946-08,20000,3.6770986651856203,3.607227286470324,3.366397995078997,3.1838724010609654,none,0.023804028504931567,0.015165602730406347,2.9352753757970405,4.419324469577681,diagnostic only,ff49,ew
rolling120,1936-10,1946-09,20000,2.9197995086792727,2.8647843579148518,2.8137908252560737,3.1709489832047306,none,0.019896505733790613,0.014234985880066775,2.7650659618582023,4.419324469577681,diagnostic only,ff49,ew
rolling120,1936-11,1946-10,20000,2.612305234291351,2.560562797266432,2.587370151772757,3.1655240769967716,none,0.018295469797581832,0.014532095056613903,2.828155690856205,4.419324469577681,diagnostic only,ff49,ew
rolling120,1936-12,1946-11,20000,2.2509429249698396,2.2048000351092236,2.312838628547635,3.137055068634879,none,0.01635423878036227,0.014398055839712764,2.821463626666814,4.419324469577681,diagnostic only,ff49,ew
rolling120,1937-01,1946-12,20000,2.3325264021566956,2.284643065925155,2.36284037156039,3.1258281699443673,none,0.016707804495916932,0.014577942038293878,2.8659262946991197,4.419324469577681,diagnostic only,ff49,ew
rolling120,1937-02,1947-01,20000,2.188520816784727,2.1421858256522204,2.255798419526705,3.1204913479222145,none,0.015950903594372293,0.014746101504957698,2.904850553347602,4.419324469577681,diagnostic only,ff49,ew
rolling120,1937-03,1947-02,20000,2.1174313546229224,2.0769914845526216,2.200048345066172,3.108031676488836,none,0.015556691037345315,0.013142665578803392,2.599516180736704,4.419324469577681,diagnostic only,ff49,ew
rolling120,1937-04,1947-03,20000,2.057284571789973,2.0190890783583497,2.1467579363144016,3.0884371394978976,none,0.01517987094333952,0.01265133039810551,2.516193554885403,4.419324469577681,diagnostic only,ff49,ew
rolling120,1937-05,1947-04,20000,2.108444037059912,2.0701627956611195,2.179503321044166,3.0845247389395563,none,0.015411415779289306,0.012468798544785109,2.483953580062185,4.419324469577681,diagnostic only,ff49,ew
rolling120,1937-06,1947-05,20000,2.0256824039749057,1.989124448834188,2.118882381332042,3.08000734304709,none,0.01498276100376587,0.012230322211902678,2.4400012208383406,4.419324469577681,diagnostic only,ff49,ew
rolling120,1937-07,1947-06,20000,2.473423446004554,2.428996961819817,2.4278125470227954,3.0771472092553176,none,0.017167227154496024,0.01295611652019657,2.587866041785447,4.419324469577681,diagnostic only,ff49,ew
rolling120,1937-08,1947-07,20000,2.3639377439293634,2.3207260815918187,2.346245251734285,3.071213539348764,none,0.01659045927828051,0.013012715073695835,2.604609168000278,4.419324469577681,diagnostic only,ff49,ew
rolling120,1937-09,1947-08,20000,2.4475670032911347,2.4046056194231316,2.4038350539167976,3.0691193192272865,none,0.016997680674784976,0.012618608047554769,2.5274850545776983,4.419324469577681,diagnostic only,ff49,ew
rolling120,1937-10,1947-09,20000,3.2507568738358503,3.1982820728392136,2.9521494411298836,3.0584370989493896,none,0.02087484888899017,0.012499112752838437,2.5137811188809613,4.419324469577681,diagnostic only,ff49,ew
rolling120,1937-11,1947-10,20000,3.8310174910148387,3.7753321665175763,3.351603706606012,3.0545241648119084,none,0.023699417087910787,0.011661036877748998,2.349649541619646,4.419324469577681,diagnostic only,ff49,ew
rolling120,1937-12,1947-11,20000,4.202736159814203,4.143819782477946,3.592909599365141,3.041059024300441,none,0.02540570741901333,0.011453818334956178,2.3190213271591134,4.419324469577681,diagnostic only,ff49,ew
rolling120,1938-01,1947-12,20000,4.879836414678574,4.807551694009099,4.053810373618667,3.0454397347181934,none,0.02866476804830131,0.012446677098723269,2.521727039537605,4.419324469577681,diagnostic only,ff49,ew
rolling120,1938-02,1948-01,20000,4.533038639613,4.4666424802629985,3.8114718462260626,3.0432559325879294,none,0.026951175887680586,0.0121456926421879,2.463571891137838,4.419324469577681,diagnostic only,ff49,ew
rolling120,1938-03,1948-02,20000,3.9348528574856974,3.8776000744220545,3.394306541012103,3.0389486903821807,none,0.02400137172575512,0.011737900235789134,2.3853962897548366,4.419324469577681,diagnostic only,ff49,ew
rolling120,1938-04,1948-03,20000,6.438328697987148,6.349124814044583,5.0961599922597856,3.030459926247325,none,0.036035292885384776,0.012138028159773828,2.475458829384043,4.419324469577681,diagnostic only,ff49,ew
rolling120,1938-05,1948-04,20000,5.361644666131248,5.286964179565166,4.35390193036911,3.027670304581698,none,0.03078673579585197,0.011878624473290245,2.42573577989208,4.419324469577681,diagnostic only,ff49,ew
rolling120,1938-06,1948-05,20000,6.410256943479548,6.327878023390731,5.068189136945808,3.0247795131853206,none,0.035837509070703766,0.01124185198305172,2.298678737026386,4.419324469577681,diagnostic only,ff49,ew
rolling120,1938-07,1948-06,20000,4.590514360718892,4.531551073594008,3.8079923353525955,3.013321979818004,none,0.026926572030342176,0.010659449102143892,2.1897806768140216,4.419324469577681,diagnostic only,ff49,ew
rolling120,1938-08,1948-07,20000,3.7615068757622567,3.706843063953716,3.233102377638927,3.0082238276199176,none,0.022861486154988352,0.011613689062031973,2.3910874139130684,4.419324469577681,diagnostic only,ff49,ew
rolling120,1938-09,1948-08,20000,4.0684469164989014,4.012005580404213,3.4346095561085512,3.0025350385841514,none,0.024286357078524744,0.011261227704007615,2.3239935043447435,4.419324469577681,diagnostic only,ff49,ew
rolling120,1938-10,1948-09,20000,3.935357534803825,3.881398299549735,3.343053807405782,3.001033855015751,none,0.023638960170881348,0.011054052946072312,2.282639966564911,4.419324469577681,diagnostic only,ff49,ew
rolling120,1938-11,1948-10,20000,3.493188242878745,3.445330716999184,2.987651647760179,2.914591356925769,none,0.02112588739954385,0.010765796501158276,2.265349851320073,4.419324469577681,diagnostic only,ff49,ew
rolling120,1938-12,1948-11,20000,3.1801594338482384,3.1362862830019047,2.7700912935146413,2.9052595546968325,none,0.019587503381500178,0.010606894166545366,2.239854155571996,4.419324469577681,diagnostic only,ff49,ew
rolling120,1939-01,1948-12,20000,3.127004243603784,3.0811135450990506,2.7248811360372374,2.8981029102077573,none,0.01926781929219234,0.011244651244717963,2.3817276780942884,4.419324469577681,diagnostic only,ff49,ew
rolling120,1939-02,1949-01,20000,3.540834058663893,3.4916254942887104,2.996308610908546,2.8958377964753503,none,0.02118710137301077,0.010955624959773314,2.322571809557071,4.419324469577681,diagnostic only,ff49,ew
rolling120,1939-03,1949-02,20000,3.210969377484946,3.1658012719781707,2.776491176084672,2.893288039609517,none,0.019632757385140844,0.0108425972718873,2.3006501135169586,4.419324469577681,diagnostic only,ff49,ew
rolling120,1939-04,1949-03,20000,4.284434688691301,4.228361058922796,3.4594102804796223,2.8786807323623615,none,0.024461724682335973,0.01072489622207895,2.292300747256658,4.419324469577681,diagnostic only,ff49,ew
rolling120,1939-05,1949-04,20000,4.174795229699304,4.116606679233261,3.3849538898433615,2.8785859768559012,none,0.023935238495120227,0.01137248847018335,2.4310829607110875,4.419324469577681,diagnostic only,ff49,ew
rolling120,1939-06,1949-05,20000,3.5438256645192925,3.4938836444619747,2.9662815468032444,2.8711814192440817,none,0.020974777966530952,0.011113331810195914,2.381051190959411,4.419324469577681,diagnostic only,ff49,ew
rolling120,1939-07,1949-06,20000,3.9172640595324277,3.862580092617325,3.196082201734426,2.8646721444478453,none,0.02259971398076044,0.011245874797646715,2.419675176493667,4.419324469577681,diagnostic only,ff49,ew
rolling120,1939-08,1949-07,20000,3.6356166145060413,3.581850651960086,3.002732140750528,2.85854226103671,none,0.02123252258811497,0.011734551522964765,2.5322456303920777,4.419324469577681,diagnostic only,ff49,ew
rolling120,1939-09,1949-08,20000,4.305734382539032,4.246935345950789,3.4256052300793547,2.8502545616280197,none,0.02422268687857215,0.011206358133156735,2.4274365962373023,4.419324469577681,diagnostic only,ff49,ew
rolling120,1939-10,1949-09,20000,3.165617643520121,3.124117858184494,2.436268863775238,2.4753024846478686,none,0.01722702234369116,0.010062705956200624,2.408993528172015,4.419324469577681,diagnostic only,ff49,ew
rolling120,1939-11,1949-10,20000,3.3224470661465917,3.2808153656912937,2.5074213124764255,2.4599444028495876,none,0.017730146133437534,0.009725180111470388,2.3480742991048533,4.419324469577681,diagnostic only,ff49,ew
rolling120,1939-12,1949-11,20000,3.6788341626766874,3.6317155452913177,2.694550922956823,2.4512805132929327,none,0.019053352298752397,0.010173037813876906,2.472983055504359,4.419324469577681,diagnostic only,ff49,ew
rolling120,1940-01,1949-12,20000,3.949042350293122,3.90067506366331,2.843652868962904,2.447005852890903,none,0.0201076622698425,0.009869515118118732,2.405415705750811,4.419324469577681,diagnostic only,ff49,ew
rolling120,1940-02,1950-01,20000,4.183080491965598,4.133105686904229,2.9776958836126597,2.4470054169843025,none,0.021055489516137803,0.009735783385264485,2.3734810355782296,4.419324469577681,diagnostic only,ff49,ew
rolling120,1940-03,1950-02,20000,4.138608663472628,4.088261454331326,2.9519647240402183,2.447248119431666,none,0.020873542741923136,0.009894776357933566,2.412010733577244,4.419324469577681,diagnostic only,ff49,ew
rolling120,1940-04,1950-03,20000,3.963090936334714,3.9162533062078184,2.8408638377938575,2.4418530769965496,none,0.02008794084131677,0.009527098627679198,2.3316292345186613,4.419324469577681,diagnostic only,ff49,ew
rolling120,1940-05,1950-04,20000,4.163089229079985,4.112424179950193,2.9493374106335812,2.4391928741001623,none,0.020854964830661783,0.009910181030847953,2.4293998834896895,4.419324469577681,diagnostic only,ff49,ew
rolling120,1940-06,1950-05,20000,6.244960434884326,6.16965068643785,4.117462574501156,2.4330673857860217,none,0.029114857077115874,0.010503963406324868,2.5866432470200373,4.419324469577681,diagnostic only,ff49,ew
rolling120,1940-07,1950-06,20000,5.358538946494065,5.293633632753853,3.5952365600666787,2.4224778337937063,none,0.025422161515929447,0.010312852245231818,2.5530997314898873,4.419324469577681,diagnostic only,ff49,ew
rolling120,1940-08,1950-07,20000,5.31614337592951,5.260933506339111,3.615539712980584,2.442766382025251,none,0.025565726486978347,0.008818153001385554,2.1595267249111783,4.419324469577681,diagnostic only,ff49,ew
rolling120,1940-09,1950-08,20000,5.547591508744457,5.48502094409041,3.728140015943204,2.4401230612078453,none,0.026361930864863627,0.00964847533932267,2.37351979165699,4.419324469577681,diagnostic only,ff49,ew
rolling120,1940-10,1950-09,20000,5.593588513637486,5.539496428120858,3.7074521040783037,2.375431558468704,none,0.026215645237181024,0.008271597990943791,2.063351293749991,4.419324469577681,diagnostic only,ff49,ew
rolling120,1940-11,1950-10,20000,5.299255637297527,5.247619241385042,3.5373517582960288,2.373818895306642,none,0.02501285415733279,0.008264971650391084,2.064394394485664,4.419324469577681,diagnostic only,ff49,ew
rolling120,1940-12,1950-11,20000,5.451110038160005,5.398826189200043,3.599332286101651,2.3689487088775927,none,0.02545112267246156,0.008170849998739849,2.0542845843312745,4.419324469577681,diagnostic only,ff49,ew
rolling120,1941-01,1950-12,20000,6.022639140533779,5.9695187068264985,3.924676004046947,2.3733013320419203,none,0.02775165016421718,0.0076218223871398205,1.9141360385038932,4.419324469577681,diagnostic only,ff49,ew
rolling120,1941-02,1951-01,20000,6.500082001778549,6.447226322462194,4.167138230775793,2.3589389806685035,none,0.02946611701123275,0.00709736444519371,1.7937782333588546,4.419324469577681,diagnostic only,ff49,ew
rolling120,1941-03,1951-02,20000,6.806720137031727,6.753318191293765,4.33348401599192,2.3575766401800617,none,0.030642359338714,0.006887624681510829,1.7427491515150064,4.419324469577681,diagnostic only,ff49,ew
rolling120,1941-04,1951-03,20000,6.410952059230849,6.354563357831723,4.086184066731893,2.3392218354583543,none,0.028893684627625454,0.007667171884389035,1.9515926101447068,4.419324469577681,diagnostic only,ff49,ew
rolling120,1941-05,1951-04,20000,7.240574232348904,7.178654645650139,4.521853883752601,2.340001610426631,none,0.031974335447361904,0.007570876798386195,1.93654022303921,4.419324469577681,diagnostic only,ff49,ew
rolling120,1941-06,1951-05,20000,6.965226084640565,6.907878027134758,4.365381161169552,2.3379493496881527,none,0.030867906215269948,0.007252015940183432,1.8578538209189606,4.419324469577681,diagnostic only,ff49,ew
rolling120,1941-07,1951-06,20000,6.1731692471545205,6.126951716017068,3.918496325103918,2.3332011212546715,none,0.027707953235355468,0.006484894661708429,1.6680240054136828,4.419324469577681,diagnostic only,ff49,ew
rolling120,1941-08,1951-07,20000,5.68025044362113,5.631809963792633,3.566115974736086,2.251958852016182,none,0.02521624788233561,0.0073042623496399894,1.9210026826564683,4.419324469577681,diagnostic only,ff49,ew
rolling120,1941-09,1951-08,20000,6.002147618096246,5.945027687274407,3.7247272243653815,2.24849221630965,none,0.02633779878418908,0.008224579280871946,2.168743534335494,4.419324469577681,diagnostic only,ff49,ew
rolling120,1941-10,1951-09,20000,6.333701240920741,6.275401341103335,3.896069537988611,2.2485545244019645,none,0.027549371902860862,0.008013289863204154,2.1161970596996156,4.419324469577681,diagnostic only,ff49,ew
rolling120,1941-11,1951-10,20000,6.648348778207131,6.589856275942069,4.043239206142346,2.247229504971636,none,0.028590018606225655,0.0077066679708373,2.0459064077812332,4.419324469577681,diagnostic only,ff49,ew
rolling120,1941-12,1951-11,20000,6.967142180069548,6.91112350978199,4.1973355089676945,2.2429320745547376,none,0.029679644013061456,0.007081000595969833,1.8874441439696863,4.419324469577681,diagnostic only,ff49,ew
rolling120,1942-01,1951-12,20000,7.798194740240608,7.729215160135917,4.533810889216416,2.201614298907593,none,0.03205888424382339,0.00790215143506856,2.1516525522244585,4.419324469577681,diagnostic only,ff49,ew
rolling120,1942-02,1952-01,20000,6.883710063534748,6.833054060257738,3.8730232834543687,2.028427285484762,none,0.02738641027423972,0.0064669543816915365,1.849676637783302,4.419324469577681,diagnostic only,ff49,ew
rolling120,1942-03,1952-02,20000,6.922171086437955,6.8691588102643495,3.8814481069085347,2.029263559941263,none,0.027445982772187124,0.006736714489032458,1.9315131330376893,4.419324469577681,diagnostic only,ff49,ew
rolling120,1942-04,1952-03,20000,7.452534212525829,7.401912864697724,4.132631844819578,2.0262309634985325,none,0.029222120016193953,0.006024978911743029,1.7322955281838504,4.419324469577681,diagnostic only,ff49,ew
rolling120,1942-05,1952-04,20000,7.439446389830782,7.387524841114937,4.10564928408351,2.0174383682334143,none,0.02903132449949144,0.006190330246335529,1.7884664103683887,4.419324469577681,diagnostic only,ff49,ew
rolling120,1942-06,1952-05,20000,7.266365703698028,7.219309786011284,4.008559757746044,2.0135357620765166,none,0.028344797874937315,0.005725044913969635,1.6601253568419996,4.419324469577681,diagnostic only,ff49,ew
rolling120,1942-07,1952-06,20000,7.2704052142043265,7.223610477236141,4.006953761858143,2.012753474348694,none,0.028333441769108392,0.0056902910342993,1.6515726310103667,4.419324469577681,diagnostic only,ff49,ew
rolling120,1942-08,1952-07,20000,6.922479666320348,6.8761217139337925,3.8185571849280904,2.000824009654306,none,0.02700127679811266,0.0058858857278123455,1.7168800102740385,4.419324469577681,diagnostic only,ff49,ew
rolling120,1942-09,1952-08,20000,6.847729062938826,6.798602928584796,3.7661878292897346,1.999670128464976,none,0.026630969533130145,0.006299350640608159,1.8446994313486897,4.419324469577681,diagnostic only,ff49,ew
rolling120,1942-10,1952-09,20000,6.370290418763096,6.327329581319589,3.5131983208636415,1.9863021629559297,none,0.02484206356335873,0.0058630960934298315,1.7293586474383398,4.419324469577681,diagnostic only,ff49,ew
rolling120,1942-11,1952-10,20000,5.674420249784748,5.632851920383896,3.149146373090114,1.9740810348196798,none,0.022267827553610408,0.006267037150807786,1.8667438168710129,4.419324469577681,diagnostic only,ff49,ew
rolling120,1942-12,1952-11,20000,6.020851726460977,5.981297519161182,3.3000981136518144,1.9711132296274165,none,0.023335217547441316,0.005665738666950304,1.6950434346446475,4.419324469577681,diagnostic only,ff49,ew
rolling120,1943-01,1952-12,20000,5.907029635276941,5.870683323629711,3.2335604512752494,1.9681601612497936,none,0.022864725224733616,0.005290057762119105,1.5896238109134435,4.419324469577681,diagnostic only,ff49,ew
rolling120,1943-02,1953-01,20000,4.995917118366061,4.977418848619636,2.6055228206363266,1.6343264427032433,none,0.01842382855008247,0.0030946919088157276,1.0040404846441386,4.419324469577681,diagnostic only,ff49,ew
rolling120,1943-03,1953-02,20000,4.376196789898687,4.367039445889034,2.23711914368604,1.4969881624136483,none,0.015818821168226412,0.001706218875783927,0.5788891543983209,4.419324469577681,diagnostic only,ff49,ew
rolling120,1943-04,1953-03,20000,3.8346324346085807,3.8218426616969223,1.9878675583165075,1.4875391866997818,none,0.01405634630586347,0.002652465832876816,0.9098931282251677,4.419324469577681,diagnostic only,ff49,ew
rolling120,1943-05,1953-04,20000,3.544824921967336,3.5366518951882266,1.8507223937737431,1.471785621686006,none,0.013086583547312135,0.0018015547518155373,0.6245347954690608,4.419324469577681,diagnostic only,ff49,ew
rolling120,1943-06,1953-05,20000,3.1801343925462526,3.1765898939170016,1.6836347000347385,1.448761491914952,none,0.011905095134355424,0.0008486585274778413,0.2977295510241129,4.419324469577681,diagnostic only,ff49,ew
rolling120,1943-07,1953-06,20000,3.0062210601494894,3.0028883493397807,1.6079674734079634,1.4449901831952539,none,0.011370047043741704,0.0008325765094743254,0.2931131944210512,4.419324469577681,diagnostic only,ff49,ew
rolling120,1943-08,1953-07,20000,3.3138286482925206,3.3144056174726995,1.7126061357197553,1.4304351222355096,none,0.012109954120691277,-0.0001337308615216859,-0.04764420859308546,4.419324469577681,diagnostic only,ff49,ew
rolling120,1943-09,1953-08,20000,3.0989972131653385,3.1010786559543204,1.622420383937601,1.4245236324767359,none,0.011472244554175596,-0.0005075354470365223,-0.18143291656246413,4.419324469577681,diagnostic only,ff49,ew
rolling120,1943-10,1953-09,20000,2.9374561286658194,2.9404832735666786,1.557234264981596,1.423804010706041,none,0.011011309086645354,-0.0007682166604197072,-0.2749123539298846,4.419324469577681,diagnostic only,ff49,ew
rolling120,1943-11,1953-10,20000,3.049930068746639,3.051269674686745,1.5911372922579177,1.4085297803259293,none,0.01125103969154375,-0.0003306632358929251,-0.11906507992440345,4.419324469577681,diagnostic only,ff49,ew
rolling120,1943-12,1953-11,20000,3.515628844400927,3.5191353574571425,1.7684124302803008,1.4066286272163149,none,0.012504564213857833,-0.0007759256536604697,-0.2804186532409923,4.419324469577681,diagnostic only,ff49,ew
rolling120,1944-01,1953-12,20000,3.0638648954029053,3.0650926864253485,1.587188565435193,1.4041526125932902,none,0.011223117976409732,-0.00030203272524220726,-0.10939838866738542,4.419324469577681,diagnostic only,ff49,ew
rolling120,1944-02,1954-01,20000,3.135374973736887,3.1363455276657195,1.6076203948039285,1.3950679924395908,none,0.011367592827396526,-0.0002346404386047718,-0.08537901942561046,4.419324469577681,diagnostic only,ff49,ew
rolling120,1944-03,1954-02,20000,3.1943309782868266,3.1948482378184266,1.6233012982316741,1.3940465410584149,none,0.011478473558885429,-0.00012330828251105874,-0.04506344235986687,4.419324469577681,diagnostic only,ff49,ew
rolling120,1944-04,1954-03,20000,3.1316333865846846,3.1304623731665258,1.59648774874244,1.3928874429262565,none,0.011288873132170243,0.0002835066179918133,0.10373164836282614,4.419324469577681,diagnostic only,ff49,ew
rolling120,1944-05,1954-04,20000,3.3271143967742987,3.324415493174678,1.6748854330727656,1.3948355266959798,none,0.011843228474363199,0.0006241082994637992,0.22788580035104558,4.419324469577681,diagnostic only,ff49,ew
rolling120,1944-06,1954-05,20000,3.214805943330996,3.2136178819535406,1.6315223221478041,1.3945827236517385,none,0.011536604976479351,0.00028195755067006445,0.10298188937540378,4.419324469577681,diagnostic only,ff49,ew
rolling120,1944-07,1954-06,20000,2.877874437668632,2.8778062505386974,1.4809373133727577,1.366702691068745,none,0.01047180816798064,1.758394451112366e-05,0.0065114953254097815,4.419324469577681,diagnostic only,ff49,ew
rolling120,1944-08,1954-07,20000,3.217709758123565,3.218647142202143,1.612359568618181,1.3678753676386672,none,0.011401103846809323,-0.00022220016203799986,-0.08221871243112779,4.419324469577681,diagnostic only,ff49,ew
rolling120,1944-09,1954-08,20000,3.0477458029747955,3.047142847563511,1.542631695450706,1.3640209720603007,none,0.010908053327264952,0.0001489829823149158,0.05527617010978672,4.419324469577681,diagnostic only,ff49,ew
rolling120,1944-10,1954-09,20000,3.2209113115307826,3.2216485486900375,1.6085413865245854,1.3619724368654835,none,0.011374105222307458,-0.00017463252820604236,-0.06481715658907242,4.419324469577681,diagnostic only,ff49,ew
rolling120,1944-11,1954-10,20000,3.161977034114096,3.1633980742624237,1.5858463450290383,1.3617317563305764,none,0.011213627044899343,-0.0003413173861784857,-0.1267243990403861,4.419324469577681,diagnostic only,ff49,ew
rolling120,1944-12,1954-11,20000,3.4053356268912998,3.4084964325509572,1.6809532791270554,1.362761328176919,none,0.011886134625285042,-0.0007169804281385028,-0.2659237640581313,4.419324469577681,diagnostic only,ff49,ew
rolling120,1945-01,1954-12,20000,3.4706804246766283,3.4760420203465756,1.6768561492361755,1.308263985385286,none,0.011857163541992611,-0.0011978430152299602,-0.4521819785110507,4.419324469577681,diagnostic only,ff49,ew
rolling120,1945-02,1955-01,20000,3.3357033643507457,3.3429416332067348,1.6163348563814184,1.2896389494317517,none,0.011429213376154853,-0.0016666742192997797,-0.6333129514486575,4.419324469577681,diagnostic only,ff49,ew
rolling120,1945-03,1955-02,20000,3.209994216651671,3.219579502434118,1.5703812723319583,1.2886639672954927,none,0.011104272467142861,-0.002271621088527298,-0.8632070053044454,4.419324469577681,diagnostic only,ff49,ew
rolling120,1945-04,1955-03,20000,3.4664087373276553,3.476428804787192,1.6674404937421736,1.2912026867318158,none,0.011790584803501359,-0.002238406528172865,-0.8498363420074769,4.419324469577681,diagnostic only,ff49,ew
rolling120,1945-05,1955-04,20000,3.2134221154163267,3.2244021530847595,1.5723543070219952,1.289957009746054,none,0.011118223929231275,-0.0025991932752933433,-0.9875711928741462,4.419324469577681,diagnostic only,ff49,ew
rolling120,1945-06,1955-05,20000,3.1387075788446155,3.148502665461761,1.5410089769637383,1.287989397477988,none,0.010896578974804035,-0.0023611137335632915,-0.8989139288389923,4.419324469577681,diagnostic only,ff49,ew
rolling120,1945-07,1955-06,20000,3.1489876472009377,3.156771925740662,1.5370864317958586,1.2825082579301614,none,0.010868842391926852,-0.0018726739592134223,-0.7162012529969324,4.419324469577681,diagnostic only,ff49,ew
rolling120,1945-08,1955-07,20000,3.2828546805554177,3.2909994361873256,1.5872757036479763,1.2817321643868298,none,0.011223734136621328,-0.0018981022377259071,-0.7256725375677575,4.419324469577681,diagnostic only,ff49,ew
rolling120,1945-09,1955-08,20000,3.034956667694386,3.043737658031218,1.4916106418111725,1.2797715786027737,none,0.010547279997146984,-0.0021715034652142196,-0.8325360035200661,4.419324469577681,diagnostic only,ff49,ew
rolling120,1945-10,1955-09,20000,2.7178042136356906,2.727242071525706,1.3678052782666068,1.2703572046491105,none,0.009671843876050702,-0.0025321290404280994,-0.9758075100225218,4.419324469577681,diagnostic only,ff49,ew
rolling120,1945-11,1955-10,20000,2.4181255609043326,2.4267600647411327,1.2483227277544937,1.2589889707535904,none,0.008826974659044909,-0.002519728161198942,-0.9781951540953393,4.419324469577681,diagnostic only,ff49,ew
rolling120,1945-12,1955-11,20000,2.273118395488005,2.281025343984284,1.1851447731797595,1.2430644627491834,none,0.008380239058032007,-0.0024099016823432295,-0.943523023809233,4.419324469577681,diagnostic only,ff49,ew
rolling120,1946-01,1955-12,20000,2.268212670698135,2.27570090356212,1.182045781953591,1.2419917837570071,none,0.008358325880923393,-0.0022859940771277065,-0.8959010417475675,4.419324469577681,diagnostic only,ff49,ew
rolling120,1946-02,1956-01,20000,1.9183127627852712,1.9228467200075525,1.037415357322836,1.2044516047981442,none,0.007335634340700426,-0.0015512127923935637,-0.6180729588885728,4.419324469577681,diagnostic only,ff49,ew
rolling120,1946-03,1956-02,20000,2.2123215813164463,2.21812765699808,1.141378625271416,1.2045031849755719,none,0.008070765658307975,-0.0018041781745381513,-0.7193958946951807,4.419324469577681,diagnostic only,ff49,ew
rolling120,1946-04,1956-03,20000,2.2105408920020673,2.212298977543874,1.1394901295031183,1.2110695600533843,none,0.008057411976667922,-0.0005472982291178097,-0.21819481824903753,4.419324469577681,diagnostic only,ff49,ew
rolling120,1946-05,1956-04,20000,2.004526646742908,2.005631475816221,1.0560655245384953,1.2019353039469667,none,0.0074675109377849835,-0.0003675863399097423,-0.1479514502914943,4.419324469577681,diagnostic only,ff49,ew
rolling120,1946-06,1956-05,20000,1.7702044397615475,1.771734874183863,0.9714959862446296,1.2015269187799227,none,0.0068695139976909046,-0.0005521575806437529,-0.22278641878157907,4.419324469577681,diagnostic only,ff49,ew
rolling120,1946-07,1956-06,20000,1.9865630010359898,1.989286880991259,1.0453750339365222,1.200910999316057,none,0.007391917753796321,-0.0009112139663108865,-0.3684943536973478,4.419324469577681,diagnostic only,ff49,ew
rolling120,1946-08,1956-07,20000,2.1943554463679105,2.1952121884728206,1.1142840688466515,1.1938199702608643,none,0.00787917821249605,-0.00026813308612205766,-0.10873495709887612,4.419324469577681,diagnostic only,ff49,ew
rolling120,1946-09,1956-08,20000,2.4014132651203974,2.4018750429719558,1.187645035266202,1.1954760241781044,none,0.008397918580792679,-0.00013574215564216008,-0.05498717892008108,4.419324469577681,diagnostic only,ff49,ew
rolling120,1946-10,1956-09,20000,2.760562664351435,2.7620011179222415,1.309844897146645,1.1932098718256468,none,0.009262002090749885,-0.00038236394028534626,-0.15530697971263976,4.419324469577681,diagnostic only,ff49,ew
rolling120,1946-11,1956-10,20000,2.8624879536525905,2.8636546363032735,1.3419104399527026,1.1908860121618097,none,0.009488739718355794,-0.00030196349324829175,-0.12295443708147738,4.419324469577681,diagnostic only,ff49,ew
rolling120,1946-12,1956-11,20000,2.8995999677526516,2.901405720250153,1.356336533978753,1.1935127634785416,none,0.009590747607474344,-0.00046284663195328424,-0.18828068169513518,4.419324469577681,diagnostic only,ff49,ew
rolling120,1947-01,1956-12,20000,2.8092129949921953,2.811408971393185,1.3189181076801704,1.1879134092326353,none,0.009326159377703775,-0.0005761586902565119,-0.2354641725552908,4.419324469577681,diagnostic only,ff49,ew
rolling120,1947-02,1957-01,20000,2.766764888245958,2.771693801640634,1.3046699944208675,1.187705212537826,none,0.009225410002656104,-0.0013068169511882832,-0.5342758092330688,4.419324469577681,diagnostic only,ff49,ew
rolling120,1947-03,1957-02,20000,2.7129927804091416,2.7183151984790355,1.2861465709346414,1.187542940879873,none,0.009094429619077098,-0.001431405834575572,-0.5852393490108709,4.419324469577681,diagnostic only,ff49,ew
rolling120,1947-04,1957-03,20000,2.944829596270527,2.949690459235335,1.3656836297996962,1.1874516249775124,none,0.009656841555868236,-0.0012306946620188608,-0.5033595028650013,4.419324469577681,diagnostic only,ff49,ew
rolling120,1947-05,1957-04,20000,3.4169636047244865,3.4223804908074484,1.5291456302863111,1.187521821361557,none,0.010812692445972279,-0.001224880150910046,-0.5009747673882805,4.419324469577681,diagnostic only,ff49,ew
rolling120,1947-06,1957-05,20000,3.6989875458614287,3.7062814314218304,1.6263711548713107,1.1874949824846324,none,0.011500180723357005,-0.0015498192504390662,-0.634240951151985,4.419324469577681,diagnostic only,ff49,ew
rolling120,1947-07,1957-06,20000,3.4124406005358754,3.4223281729703574,1.5267747580127784,1.1871956539334119,none,0.010795927847352857,-0.0022358296462292593,-0.9158612927286683,4.419324469577681,diagnostic only,ff49,ew
rolling120,1947-08,1957-07,20000,3.197343882857635,3.207155680530831,1.4499452616076733,1.1850514985724787,none,0.010252661268320884,-0.0023321689089380593,-0.9570000818726813,4.419324469577681,diagnostic only,ff49,ew
rolling120,1947-09,1957-08,20000,3.0897023718855734,3.0972513727013276,1.4112492749316212,1.1843826617998312,none,0.009979039322487476,-0.0018424548872081337,-0.7564857269118785,4.419324469577681,diagnostic only,ff49,ew
rolling120,1947-10,1957-09,20000,2.88646713936081,2.895783329738286,1.3421405371743196,1.1838649518095499,none,0.00949036675141317,-0.002391352287577475,-0.9816470344613848,4.419324469577681,diagnostic only,ff49,ew
rolling120,1947-11,1957-10,20000,2.535324197741889,2.5424520764832934,1.22332500196236,1.1866784521183267,none,0.008650214044826313,-0.002012131311168064,-0.824011834212053,4.419324469577681,diagnostic only,ff49,ew
rolling120,1947-12,1957-11,20000,2.733099983198914,2.740403766909465,1.2947134994527707,1.190187617958653,none,0.009155006951568194,-0.0019526725363625541,-0.7977911703605935,4.419324469577681,diagnostic only,ff49,ew
rolling120,1948-01,1957-12,20000,2.517646353080905,2.5252439146225694,1.2022450638086732,1.132005793744019,none,0.008501156372671664,-0.002155187477992704,-0.8937091859747387,4.419324469577681,diagnostic only,ff49,ew
rolling120,1948-02,1958-01,20000,2.9567563095750113,2.9658292403812103,1.350691723346025,1.1293825564128577,none,0.009550832768705183,-0.002287776466474045,-0.9499622730206178,4.419324469577681,diagnostic only,ff49,ew
rolling120,1948-03,1958-02,20000,3.1832488171850737,3.1928293031815445,1.4319041839402884,1.1334664507979353,none,0.010125091584735674,-0.0022849692424159462,-0.9462122802833763,4.419324469577681,diagnostic only,ff49,ew
rolling120,1948-04,1958-03,20000,3.0080242623095024,3.017857678556176,1.3622296042493716,1.1257232602712206,none,0.009632417906977976,-0.0024474277173019976,-1.020866862467623,4.419324469577681,diagnostic only,ff49,ew
rolling120,1948-05,1958-04,20000,3.01902470071688,3.0281899496139877,1.3645940451566143,1.1246064871546257,none,0.009649137028970238,-0.002275277236612472,-0.9498516675211733,4.419324469577681,diagnostic only,ff49,ew
rolling120,1948-06,1958-05,20000,2.818736549845905,2.827068271289907,1.29443951500458,1.1244324107119508,none,0.009153069588955643,-0.0021770506438323345,-0.9102652790988561,4.419324469577681,diagnostic only,ff49,ew
rolling120,1948-07,1958-06,20000,3.0447371877853526,3.052229547668503,1.3649682815298518,1.1225817581642545,none,0.009651783279743068,-0.001848947547273272,-0.7762668997008285,4.419324469577681,diagnostic only,ff49,ew
rolling120,1948-08,1958-07,20000,3.4660602848981763,3.474016157242793,1.5084168913494993,1.123878812072669,none,0.010666118127295626,-0.0017782395201538792,-0.7459013907090183,4.419324469577681,diagnostic only,ff49,ew
rolling120,1948-09,1958-08,20000,3.6311888107042667,3.6369626449488806,1.5652851839488526,1.1248351562637364,none,0.011068237680610661,-0.0012451759237059878,-0.5216579559660582,4.419324469577681,diagnostic only,ff49,ew
rolling120,1948-10,1958-09,20000,4.067126966725142,4.071416843189342,1.7144322565546475,1.1257011402689487,none,0.012122866744947459,-0.0008458930900071548,-0.3538665032334696,4.419324469577681,diagnostic only,ff49,ew
rolling120,1948-11,1958-10,20000,4.002821031120734,4.004197171580826,1.6978062385791317,1.1286466550035588,none,0.012005303044401294,-0.00027499724988999663,-0.11462771535232612,4.419324469577681,diagnostic only,ff49,ew
rolling120,1948-12,1958-11,20000,4.850582057739371,4.851271632068443,1.9875749524582407,1.1308430298965924,none,0.014054277269997518,-0.00011785033620603791,-0.04906508643769753,4.419324469577681,diagnostic only,ff49,ew
rolling120,1949-01,1958-12,20000,4.9740608559128,4.971970460554719,2.0293450649142937,1.1298150922110024,none,0.014349636567683515,0.00035003444372150305,0.14567583981806484,4.419324469577681,diagnostic only,ff49,ew
rolling120,1949-02,1959-01,20000,5.101131558249693,5.099000577380268,2.0726412128940406,1.1310728789488211,none,0.014655786566040867,0.00034939837148528774,0.14540201304259623,4.419324469577681,diagnostic only,ff49,ew
rolling120,1949-03,1959-02,20000,5.555200130916333,5.553653454820562,2.2296352726883564,1.1314165338382833,none,0.015765902208906536,0.00023600211796881432,0.0981026061989015,4.419324469577681,diagnostic only,ff49,ew
rolling120,1949-04,1959-03,20000,5.313754241845604,5.31295820637095,2.147612605275984,1.133087270537813,none,0.015185914365523565,0.00012609547673725352,0.05241933119692798,4.419324469577681,diagnostic only,ff49,ew
rolling120,1949-05,1959-04,20000,5.693134098029114,5.692001191573977,2.2913993121240104,1.1415172223661125,none,0.01620263992009078,0.00016929262603282424,0.0699211030254454,4.419324469577681,diagnostic only,ff49,ew
rolling120,1949-06,1959-05,20000,6.0019848195443215,6.0017573904788994,2.391023819194194,1.1394530942140018,none,0.01690709156530772,3.248171176739589e-05,0.013451696558426873,4.419324469577681,diagnostic only,ff49,ew
rolling120,1949-07,1959-06,20000,6.1229743282218125,6.1220041290077,2.433037937711881,1.1397099164204583,none,0.01720417624640204,0.00013622558995174394,0.05639323849145963,4.419324469577681,diagnostic only,ff49,ew
rolling120,1949-08,1959-07,20000,5.933984233791246,5.9304382954218555,2.3706658939575487,1.1413643415483707,none,0.016763139295450515,0.0005116470587052113,0.21153187997145986,4.419324469577681,diagnostic only,ff49,ew
rolling120,1949-09,1959-08,20000,5.679284736955241,5.671850882768146,2.290833878261618,1.1468896347531443,none,0.016198641698906682,0.001114211680943722,0.4589183664453065,4.419324469577681,diagnostic only,ff49,ew
rolling120,1949-10,1959-09,20000,5.102346140292131,5.0964931448877735,2.0921059551431984,1.1450227253035252,none,0.014793423078425145,0.0009600593759815368,0.3956484833380578,4.419324469577681,diagnostic only,ff49,ew
rolling120,1949-11,1959-10,20000,5.014425227276054,5.007430217521373,2.0568761182226325,1.1380053657059161,none,0.014544310512558861,0.0011643930102225308,0.48094474802647064,4.419324469577681,diagnostic only,ff49,ew
rolling120,1949-12,1959-11,20000,5.088137225077956,5.0846598083265135,2.085531150859255,1.1413263131453646,none,0.014746932191483637,0.0005715055337496278,0.2358061125045811,4.419324469577681,diagnostic only,ff49,ew
rolling120,1950-01,1959-12,20000,4.821135078850602,4.816304548498432,1.9883628992597255,1.1393588733710434,none,0.014059848895262959,0.0008305153748211502,0.3435691512870948,4.419324469577681,diagnostic only,ff49,ew
rolling120,1950-02,1960-01,20000,4.40108050478484,4.395528629948893,1.8417559541365927,1.1374859139260403,none,0.013023181244606847,0.0010289769949751726,0.4263071158781932,4.419324469577681,diagnostic only,ff49,ew
rolling120,1950-03,1960-02,20000,4.361649641592081,4.355940665299784,1.8249189163613169,1.1355170606063894,none,0.012904125408746931,0.0010659147755844867,0.4424148178556356,4.419324469577681,diagnostic only,ff49,ew
rolling120,1950-04,1960-03,20000,4.321809048864545,4.316440739783474,1.8075189153870732,1.1331294132984444,none,0.012781088821931528,0.0010097562154507411,0.4200196990932409,4.419324469577681,diagnostic only,ff49,ew
rolling120,1950-05,1960-04,20000,4.010947199549333,4.011558935525517,1.692657428944893,1.1252762601402129,none,0.011968895462327205,-0.00012206500692768518,-0.05111047866603247,4.419324469577681,diagnostic only,ff49,ew
rolling120,1950-06,1960-05,20000,3.996590339768563,3.9983634339564516,1.6953941877515388,1.1300576953096273,none,0.011988247269433717,-0.00035473494701143693,-0.14790270404327246,4.419324469577681,diagnostic only,ff49,ew
rolling120,1950-07,1960-06,20000,4.531662442788233,4.530698186945971,1.8832679860202834,1.1345539707615429,none,0.013316715637064746,0.0001743461331045193,0.07240943401824607,4.419324469577681,diagnostic only,ff49,ew
rolling120,1950-08,1960-07,20000,4.252113826540112,4.247446802457684,1.7370487085710107,1.0951798787871745,none,0.012282789210818965,0.0008893894989545625,0.3799645180198326,4.419324469577681,diagnostic only,ff49,ew
rolling120,1950-09,1960-08,20000,4.208929609972735,4.2066203665541515,1.7304966362758352,1.1043750682601086,none,0.012236459063311535,0.0004435206056920826,0.1887182727156086,4.419324469577681,diagnostic only,ff49,ew
rolling120,1950-10,1960-09,20000,3.6135708850615034,3.6090575303278047,1.52974439451845,1.102432150252346,none,0.010816926348461051,0.0009792359292546404,0.41724928027643937,4.419324469577681,diagnostic only,ff49,ew
rolling120,1950-11,1960-10,20000,3.519080172765201,3.514629222330244,1.496852712564103,1.1007339471805748,none,0.010584347034915552,0.0009858950128045496,0.42052196704001155,4.419324469577681,diagnostic only,ff49,ew
rolling120,1950-12,1960-11,20000,3.6371945542399597,3.6373914691871434,1.5339258500921598,1.0983863730824985,none,0.010846493704375057,-4.24624378795313e-05,-0.018154709950574114,4.419324469577681,diagnostic only,ff49,ew
rolling120,1951-01,1960-12,20000,3.5054981316794533,3.506621921043995,1.4743143106917234,1.0794981490822408,none,0.01042497646690488,-0.00024936402126252144,-0.10779778430283031,4.419324469577681,diagnostic only,ff49,ew
rolling120,1951-02,1961-01,20000,3.542115616375063,3.544635619463178,1.4850488135023014,1.0790436086244317,none,0.010500880864205139,-0.0005545005802716219,-0.23998016173150113,4.419324469577681,diagnostic only,ff49,ew
rolling120,1951-03,1961-02,20000,3.754846092280001,3.757260528883112,1.5576282749009054,1.0812257257021705,none,0.01101409515750334,-0.000507526671800318,-0.2192133415032357,4.419324469577681,diagnostic only,ff49,ew
rolling120,1951-04,1961-03,20000,4.179854901086836,4.182105968886633,1.698436375783041,1.082404780234956,none,0.012009758787300914,-0.0004343924677172595,-0.187436553861297,4.419324469577681,diagnostic only,ff49,ew
rolling120,1951-05,1961-04,20000,4.053495278070702,4.054706199056537,1.6568771530691724,1.0828683552565515,none,0.011715890705282731,-0.000239563080058125,-0.10335714255926204,4.419324469577681,diagnostic only,ff49,ew
rolling120,1951-06,1961-05,20000,4.375595751347648,4.376030318087405,1.766674509801986,1.0848652958842857,none,0.01249227526030404,-8.083413114234883e-05,-0.034786836721290515,4.419324469577681,diagnostic only,ff49,ew
rolling120,1951-07,1961-06,20000,4.359349981064346,4.357060639263238,1.7582363438720294,1.0839680662464188,none,0.012432608416805544,0.00042735036156393846,0.18414010353723828,4.419324469577681,diagnostic only,ff49,ew
rolling120,1951-08,1961-07,20000,4.119962500942595,4.1176807877787525,1.6771207027721327,1.0823601677621226,none,0.011859034217985231,0.00044584905906819294,0.19240294967546456,4.419324469577681,diagnostic only,ff49,ew
rolling120,1951-09,1961-08,20000,4.0112019200089915,4.008186803993647,1.6485588598947527,1.0879244775529668,none,0.01165707149016743,0.0006020374505479875,0.2586512416851555,4.419324469577681,diagnostic only,ff49,ew
rolling120,1951-10,1961-09,20000,3.727784605287762,3.7250477304255574,1.5532333905867597,1.084409770197465,none,0.010983018632492712,0.0005792269239062176,0.24919149769150192,4.419324469577681,diagnostic only,ff49,ew
rolling120,1951-11,1961-10,20000,3.9436547127902974,3.9441821107539257,1.6325916129548428,1.09144717957295,none,0.011544166004286526,-0.00010667041622136608,-0.04568523732527641,4.419324469577681,diagnostic only,ff49,ew
rolling120,1951-12,1961-11,20000,4.159379314645688,4.158729508608092,1.7061368074260017,1.0927329639646908,none,0.012064209061628925,0.00012596241700824073,0.05386229915914303,4.419324469577681,diagnostic only,ff49,ew
rolling120,1952-01,1961-12,20000,4.053991264838798,4.055207246133025,1.6718574521277967,1.092083975467357,none,0.011821817415768288,-0.0002405403448410004,-0.10285908261495273,4.419324469577681,diagnostic only,ff49,ew
rolling120,1952-02,1962-01,20000,3.915818289246365,3.915941672556169,1.6333777753908147,1.0958593424062881,none,0.011549725012182425,-2.509861142019343e-05,-0.010682791986308976,4.419324469577681,diagnostic only,ff49,ew
rolling120,1952-03,1962-02,20000,4.0700451428940125,4.0716386466975045,1.6840414799212444,1.0928757205979918,none,0.01190797150251741,-0.0003141990024327912,-0.13381824126427544,4.419324469577681,diagnostic only,ff49,ew
rolling120,1952-04,1962-03,20000,3.9022534696313,3.9031768402029403,1.6293468801440036,1.0925918019391279,none,0.011521222278549698,-0.00018832087883702275,-0.08014519200444628,4.419324469577681,diagnostic only,ff49,ew
rolling120,1952-05,1962-04,20000,3.7409846051848072,3.7439883569080177,1.5797415012490104,1.0946336581765372,none,0.01117045928054992,-0.000633170129693994,-0.2689013627613851,4.419324469577681,diagnostic only,ff49,ew
rolling120,1952-06,1962-05,20000,3.1621199229146275,3.1663911783878094,1.3880248492794323,1.0954986809529395,none,0.009814817833809221,-0.0010251690948603898,-0.43518438604826787,4.419324469577681,diagnostic only,ff49,ew
rolling120,1952-07,1962-06,20000,2.675413718998662,2.6801491836675484,1.2290058541503157,1.097188792855588,none,0.008690383735876533,-0.0012867588873576308,-0.5449085808877185,4.419324469577681,diagnostic only,ff49,ew
rolling120,1952-08,1962-07,20000,2.8884947126426828,2.8943224670897765,1.3015354401922705,1.0976558562845091,none,0.009203245357145727,-0.0014964745463025286,-0.6332281951571397,4.419324469577681,diagnostic only,ff49,ew
rolling120,1952-09,1962-08,20000,2.9777026333401744,2.9830521982563685,1.3321870764162285,1.0970616732240517,none,0.009419985155429965,-0.0013430818000668143,-0.5678952596979883,4.419324469577681,diagnostic only,ff49,ew
rolling120,1952-10,1962-09,20000,2.7687891056746854,2.774704208306551,1.2639651516248671,1.0983299928651933,none,0.008937583298974263,-0.001567037390333481,-0.6618234967996799,4.419324469577681,diagnostic only,ff49,ew
rolling120,1952-11,1962-10,20000,2.685483236792759,2.6908372755664147,1.239794431796383,1.1001135521814438,none,0.00876667050000545,-0.0014506298636084436,-0.6107265892624337,4.419324469577681,diagnostic only,ff49,ew
rolling120,1952-12,1962-11,20000,2.9994828262993636,3.0065892390867885,1.352744380305048,1.1068643074956408,none,0.009565347245256935,-0.0017736813941637841,-0.7429330692567115,4.419324469577681,diagnostic only,ff49,ew
rolling120,1953-01,1962-12,20000,2.8693963385430914,2.874845971481116,1.3056417878071542,1.1033442932293862,none,0.009232281619589661,-0.0014064127911493918,-0.5902801888604987,4.419324469577681,diagnostic only,ff49,ew
rolling120,1953-02,1963-01,20000,3.076556277516089,3.0810843715008236,1.3760188481011053,1.103818659475019,none,0.009729922585327934,-0.001109532068573671,-0.46537821293283554,4.419324469577681,diagnostic only,ff49,ew
rolling120,1953-03,1963-02,20000,2.9504663389619954,2.9568575467207494,1.3345771863198772,1.104550947786219,none,0.009436885784636476,-0.001615223111595343,-0.6772581447535463,4.419324469577681,diagnostic only,ff49,ew
rolling120,1953-04,1963-03,20000,3.03508545418507,3.042805996666938,1.3614654906556838,1.1025363428199833,none,0.009627014807941042,-0.0019096989784403995,-0.8019664076448051,4.419324469577681,diagnostic only,ff49,ew
rolling120,1953-05,1963-04,20000,3.287000267570893,3.2959343118998268,1.4484328458461515,1.102970547484592,none,0.01024196687391143,-0.0020796510561594816,-0.8722977177060448,4.419324469577681,diagnostic only,ff49,ew
rolling120,1953-06,1963-05,20000,3.403009078932341,3.410814578349326,1.493621564397441,1.1094242239106817,none,0.010561499367118901,-0.0017696276454918225,-0.7390522070460742,4.419324469577681,diagnostic only,ff49,ew
rolling120,1953-07,1963-06,20000,3.4470540025386036,3.4558704585415425,1.5087870738239186,1.1088212361213938,none,0.01066873571267501,-0.0019786158697765455,-0.8263824543394109,4.419324469577681,diagnostic only,ff49,ew
rolling120,1953-08,1963-07,20000,3.341986247659079,3.351804616249204,1.475374774550044,1.1102783456541538,none,0.010432475078759098,-0.0022561602498107902,-0.9411351108919255,4.419324469577681,diagnostic only,ff49,ew
rolling120,1953-09,1963-08,20000,3.731140750514035,3.7421562345767185,1.6057553358729209,1.109083150201013,none,0.011354404869222245,-0.002322885100740857,-0.9701507203202497,4.419324469577681,diagnostic only,ff49,ew
rolling120,1953-10,1963-09,20000,3.719958274349004,3.7317728310950677,1.6051113941586788,1.111622231949518,none,0.011349851513693951,-0.002496856287864002,-1.0409437279253437,4.419324469577681,diagnostic only,ff49,ew
rolling120,1953-11,1963-10,20000,3.6440131311311807,3.6552547316212047,1.5764485658506386,1.1094997351794673,none,0.011147174711047942,-0.002414819626016307,-1.008470826144176,4.419324469577681,diagnostic only,ff49,ew
rolling120,1953-12,1963-11,20000,3.46798771929398,3.4777329841082,1.5144827789615605,1.1073722028873498,none,0.010709010429939665,-0.0021763836407411308,-0.9100060998142949,4.419324469577681,diagnostic only,ff49,ew
rolling120,1954-01,1963-12,20000,3.4712839005307616,3.4806465067070995,1.5173545320821005,1.1077543983594367,none,0.01072931679099394,-0.002089565905795676,-0.8726190454360285,4.419324469577681,diagnostic only,ff49,ew
rolling120,1954-02,1964-01,20000,3.3134700708555456,3.323250532118931,1.4664995796307347,1.1093824775987797,none,0.010369717973641139,-0.0022622934273002215,-0.9431752423977597,4.419324469577681,diagnostic only,ff49,ew
rolling120,1954-03,1964-02,20000,3.3429433762500276,3.351694190437483,1.4760802990783906,1.1092843159752055,none,0.010437463890541971,-0.0020108982397440966,-0.838404259811133,4.419324469577681,diagnostic only,ff49,ew
rolling120,1954-04,1964-03,20000,3.332733771302929,3.341464126168005,1.4720823549844306,1.1074776098404069,none,0.010409194156745533,-0.002010924105638634,-0.8387157289614734,4.419324469577681,diagnostic only,ff49,ew
rolling120,1954-05,1964-04,20000,3.2710653614635397,3.2815805304653516,1.4610831495217986,1.1278608088516424,none,0.010331418029042621,-0.0024559082626126605,-1.01778564880956,4.419324469577681,diagnostic only,ff49,ew
rolling120,1954-06,1964-05,20000,3.126377713325533,3.136037747143588,1.4100128281594455,1.126166776990863,none,0.00997029632351566,-0.002335576802877548,-0.9688813155202738,4.419324469577681,diagnostic only,ff49,ew
rolling120,1954-07,1964-06,20000,3.075321848119524,3.0836091953732216,1.3918303896846511,1.1261293749286254,none,0.009841727068075318,-0.002029417325998706,-0.8420622921539939,4.419324469577681,diagnostic only,ff49,ew
rolling120,1954-08,1964-07,20000,2.928625960454884,2.935040800177185,1.3376205117469855,1.1231781783460577,none,0.009458405345105133,-0.001630183789202877,-0.678215776153083,4.419324469577681,diagnostic only,ff49,ew
rolling120,1954-09,1964-08,20000,2.9353185539362356,2.942440037052436,1.3382183627101656,1.1207491816736193,none,0.00946263278980717,-0.0018063643452456146,-0.752590032223543,4.419324469577681,diagnostic only,ff49,ew
rolling120,1954-10,1964-09,20000,2.927652628312669,2.9344590878216574,1.3435616170908722,1.1353664505594427,none,0.009500415303869194,-0.0017299606774553444,-0.716438102049733,4.419324469577681,diagnostic only,ff49,ew
rolling120,1954-11,1964-10,20000,3.0314358108571735,3.038918011826026,1.377593943721688,1.1333857856193825,none,0.009741060193271247,-0.0018525260841999458,-0.7681095096836664,4.419324469577681,diagnostic only,ff49,ew
rolling120,1954-12,1964-11,20000,2.7146532108101975,2.720693272455281,1.2651034147399436,1.130291433013122,none,0.008945632034648713,-0.001623369948229425,-0.6751967464890807,4.419324469577681,diagnostic only,ff49,ew
rolling120,1955-01,1964-12,20000,2.3838297469065246,2.39113266048193,1.151286381393944,1.1297157067696426,none,0.008140824073713797,-0.0021535322579705474,-0.8970730124221562,4.419324469577681,diagnostic only,ff49,ew
rolling120,1955-02,1965-01,20000,2.5731292310398413,2.5817466203535666,1.2173706769998054,1.129057730444395,none,0.008608110609242206,-0.0024059181810227592,-1.0010779025624028,4.419324469577681,diagnostic only,ff49,ew
rolling120,1955-03,1965-02,20000,2.5496628893749285,2.558329562786145,1.2069106548946877,1.128363807026499,none,0.008534147083623307,-0.002435601665976783,-1.0155289481531686,4.419324469577681,diagnostic only,ff49,ew
rolling120,1955-04,1965-03,20000,2.600900913539086,2.609979499527941,1.2198321361240034,1.1233907128425002,none,0.008625515753625546,-0.0025148580456044733,-1.0525267413764714,4.419324469577681,diagnostic only,ff49,ew
rolling120,1955-05,1965-04,20000,2.677577104960045,2.6855407779708576,1.2419565633842224,1.1212810463569307,none,0.008781959079081239,-0.0021607881965145515,-0.9068219219766315,4.419324469577681,diagnostic only,ff49,ew
rolling120,1955-06,1965-05,20000,2.6345002599589176,2.6424341468532395,1.2276753009313721,1.1217804589471732,none,0.008680975303838085,-0.002178182658752026,-0.9139395766756959,4.419324469577681,diagnostic only,ff49,ew
rolling120,1955-07,1965-06,20000,2.224777797343063,2.232924090895809,1.0862477570954092,1.1173952846810706,none,0.0076809315509084155,-0.002519791162337026,-1.0605866617548754,4.419324469577681,diagnostic only,ff49,ew
rolling120,1955-08,1965-07,20000,2.3162193202271593,2.3233951648816746,1.1166293082142935,1.1189365099384687,none,0.007895761559099703,-0.0021591909172711254,-0.90882236004776,4.419324469577681,diagnostic only,ff49,ew
rolling120,1955-09,1965-08,20000,2.437893917100661,2.447182789667972,1.1593524982282732,1.1187090131955837,none,0.008197860132827767,-0.002694627217086354,-1.1330850266784114,4.419324469577681,diagnostic only,ff49,ew
rolling120,1955-10,1965-09,20000,2.5859736631097787,2.597928530686814,1.2184449816119391,1.1323681240554238,none,0.008615707090005203,-0.003322708462681234,-1.3875666213053819,4.419324469577681,diagnostic only,ff49,ew
rolling120,1955-11,1965-10,20000,2.8651122680315537,2.876902689402428,1.3182604263645121,1.1384075915682241,none,0.00932150886852216,-0.0030411961081983074,-1.2648618949115933,4.419324469577681,diagnostic only,ff49,ew
rolling120,1955-12,1965-11,20000,2.8553928966888393,2.868189471920277,1.3265895674472283,1.1482875630669631,none,0.00938040478993264,-0.003308156263887807,-1.3641815591126252,4.419324469577681,diagnostic only,ff49,ew
rolling120,1956-01,1965-12,20000,2.9502165878397855,2.964638132592513,1.3713511703161563,1.1654960325319808,none,0.009696917119186622,-0.0036375437733322524,-1.4872298665100965,4.419324469577681,diagnostic only,ff49,ew
rolling120,1956-02,1966-01,20000,3.265450388956982,3.27713465691504,1.4909992492785944,1.16529887876112,none,0.010542956799089457,-0.0027317980132254283,-1.1082534227084078,4.419324469577681,diagnostic only,ff49,ew
rolling120,1956-03,1966-02,20000,3.245969686354151,3.2593998159950432,1.486004021973134,1.1662145538791904,none,0.010507635208076864,-0.0031530568204607423,-1.2781305569657586,4.419324469577681,diagnostic only,ff49,ew
rolling120,1956-04,1966-03,20000,2.9988085915242984,3.0151279236801907,1.3927188190924007,1.154227703384973,none,0.00984800921266357,-0.004064461323796231,-1.6571199115966773,4.419324469577681,diagnostic only,ff49,ew
rolling120,1956-05,1966-04,20000,3.2094743436378037,3.2259465650364927,1.4714191713958713,1.1603766416076593,none,0.010404504740619115,-0.003897877350123702,-1.5831816899829494,4.419324469577681,diagnostic only,ff49,ew
rolling120,1956-06,1966-05,20000,2.978008978104675,2.991880947203096,1.401708669911005,1.1747842729107467,none,0.009911577057420476,-0.003475045794674947,-1.3995723403104192,4.419324469577681,diagnostic only,ff49,ew
rolling120,1956-07,1966-06,20000,2.8740215523496646,2.8871513950689396,1.3642768407584112,1.173585731849068,none,0.009646894055160322,-0.00337775439771415,-1.3610435280204567,4.419324469577681,diagnostic only,ff49,ew
rolling120,1956-08,1966-07,20000,2.7045855729873236,2.71508387890717,1.3033293515468976,1.1741376535071983,none,0.00921593022598277,-0.002825859728080915,-1.1391477216535613,4.419324469577681,diagnostic only,ff49,ew
rolling120,1956-09,1966-08,20000,2.3622224274971018,2.3740622011204717,1.1833460751000884,1.1721487957515981,none,0.00836752034193758,-0.0035090561221539085,-1.4149680119723915,4.419324469577681,diagnostic only,ff49,ew
rolling120,1956-10,1966-09,20000,2.4028929164915636,2.41280872884569,1.1976794502469932,1.1721644797282342,none,0.008468872609574251,-0.0029054697001670293,-1.170853879997732,4.419324469577681,diagnostic only,ff49,ew
rolling120,1956-11,1966-10,20000,2.2973635602606417,2.310555951773459,1.179369195488336,1.1731664816968876,none,0.008339399556523254,-0.003984947454444998,-1.5819354167408857,4.419324469577681,diagnostic only,ff49,ew
rolling120,1956-12,1966-11,20000,2.44290122453758,2.455332596281316,1.2349145863228217,1.1757648528227065,none,0.008732164781750472,-0.003597735209951991,-1.4236299994838246,4.419324469577681,diagnostic only,ff49,ew
rolling120,1957-01,1966-12,20000,2.464491015562808,2.4768022968002756,1.2854579150641199,1.3384157613623842,none,0.009089560086717602,-0.0035409782284133717,-1.3544419223827713,4.419324469577681,diagnostic only,ff49,ew
rolling120,1957-02,1967-01,20000,3.020090594111829,3.0336878428166694,1.5026238359028679,1.3430443459737083,none,0.010625155039394598,-0.0033709224002187455,-1.2797223809371658,4.419324469577681,diagnostic only,ff49,ew
rolling120,1957-03,1967-02,20000,3.2947367531966747,3.3077449963437386,1.609950898088935,1.3451354846272665,none,0.011384071974160581,-0.0030197337953161707,-1.1426704940543144,4.419324469577681,diagnostic only,ff49,ew
rolling120,1957-04,1967-03,20000,3.4559881137883393,3.4702007494647784,1.6784059864418295,1.3514794448326806,none,0.011868122545971142,-0.0031794177651061073,-1.1975470948658096,4.419324469577681,diagnostic only,ff49,ew
rolling120,1957-05,1967-04,20000,3.5466288209344983,3.56124199622289,1.7140369674191236,1.3538009750279294,none,0.012120071628664877,-0.003203771100172448,-1.205700406409341,4.419324469577681,diagnostic only,ff49,ew
rolling120,1957-06,1967-05,20000,3.4129571678766477,3.4261257130040423,1.6683965791933293,1.3593356808938057,none,0.011797345348560419,-0.002975185519178747,-1.1162295192961804,4.419324469577681,diagnostic only,ff49,ew
rolling120,1957-07,1967-06,20000,3.8055267259365677,3.819957711739219,1.8238114383905646,1.3620848741089289,none,0.012896294356915593,-0.002994006724893805,-1.1190025136881965,4.419324469577681,diagnostic only,ff49,ew
rolling120,1957-08,1967-07,20000,4.162975505488307,4.1786511379274875,1.9686882478888468,1.3656298656198291,none,0.013920728101244664,-0.0030269720862977634,-1.1260641200067214,4.419324469577681,diagnostic only,ff49,ew
rolling120,1957-09,1967-08,20000,4.427566737088554,4.447333064938586,2.072519185388161,1.3652438763296215,none,0.014654923701271881,-0.003628624799400626,-1.3487840846497074,4.419324469577681,diagnostic only,ff49,ew
rolling120,1957-10,1967-09,20000,5.069647804676277,5.094203257711497,2.336907363782551,1.3817711941061432,none,0.0165244304393542,-0.00402931310243837,-1.4860090413003735,4.419324469577681,diagnostic only,ff49,ew
rolling120,1957-11,1967-10,20000,5.394047540371983,5.419124437758039,2.4727939473354184,1.3930712851742384,none,0.017485293686379248,-0.003906591565440043,-1.434170785795268,4.419324469577681,diagnostic only,ff49,ew
rolling120,1957-12,1967-11,20000,5.243522363377035,5.266559015679977,2.4139116782712815,1.3936806626072864,none,0.017068933168910227,-0.0036761246874562614,-1.3496246118592887,4.419324469577681,diagnostic only,ff49,ew
rolling120,1958-01,1967-12,20000,6.00827159939763,6.03600657758348,2.6996203926653,1.3877508619223098,none,0.01908919886283124,-0.003941863595496531,-1.45291472864549,4.419324469577681,diagnostic only,ff49,ew
rolling120,1958-02,1968-01,20000,5.4997053599976145,5.524759964782953,2.538752865251693,1.3876024800625224,none,0.017951693667762496,-0.003839927433433421,-1.3956680215823323,4.419324469577681,diagnostic only,ff49,ew
rolling120,1958-03,1968-02,20000,5.146851829451096,5.170189584170126,2.4178928465499823,1.4021684679844488,none,0.01709708427977937,-0.0037823399752422437,-1.365013726149291,4.419324469577681,diagnostic only,ff49,ew
rolling120,1958-04,1968-03,20000,4.811285321858856,4.834956144874782,2.28219189419131,1.399478668947533,none,0.01613753364351647,-0.0040567268079158,-1.4668178879637386,4.419324469577681,diagnostic only,ff49,ew
rolling120,1958-05,1968-04,20000,5.438892716065387,5.465727101485382,2.5376782258176735,1.4024201759123307,none,0.017944094819451237,-0.004150250234630337,-1.4954438042150373,4.419324469577681,diagnostic only,ff49,ew
rolling120,1958-06,1968-05,20000,5.801493207642228,5.831887600929972,2.695054606971787,1.4066600651789416,none,0.01905691388257796,-0.004448901250015624,-1.594927356812524,4.419324469577681,diagnostic only,ff49,ew
rolling120,1958-07,1968-06,20000,5.649165573639792,5.679679979799879,2.647309242159037,1.411562519399465,none,0.01871930317028475,-0.00456824372610154,-1.6301037427785232,4.419324469577681,diagnostic only,ff49,ew
rolling120,1958-08,1968-07,20000,5.167522049735061,5.199989210857367,2.4609533160143116,1.4133001581678988,none,0.017401567779372403,-0.005236648003427047,-1.8657606908724316,4.419324469577681,diagnostic only,ff49,ew
rolling120,1958-09,1968-08,20000,5.145609156057631,5.181610887857824,2.459147740080253,1.414569437596279,none,0.0173888004295032,-0.005824004851374354,-2.0703976646433446,4.419324469577681,diagnostic only,ff49,ew
rolling120,1958-10,1968-09,20000,5.310164480080143,5.347836871085987,2.525316119097346,1.4147567259272216,none,0.017856681524534283,-0.005934681651546536,-2.109708399854929,4.419324469577681,diagnostic only,ff49,ew
rolling120,1958-11,1968-10,20000,5.098502936453521,5.135054132842299,2.4356549113386627,1.4126605012721212,none,0.017222681044378876,-0.005957762653325593,-2.122270992222079,4.419324469577681,diagnostic only,ff49,ew
rolling120,1958-12,1968-11,20000,5.196351405708225,5.234917490807901,2.473455494179601,1.4113377258733735,none,0.01748997152897519,-0.006185500474791161,-2.2050399016250326,4.419324469577681,diagnostic only,ff49,ew
rolling120,1959-01,1968-12,20000,5.059534046960416,5.097222407554652,2.434735698338092,1.4263479726346906,none,0.017216181226918294,-0.00618123435148743,-2.1891242951896928,4.419324469577681,diagnostic only,ff49,ew
rolling120,1959-02,1969-01,20000,4.821609729625848,4.8564661117955845,2.3385663139854227,1.4279438861199985,none,0.016536160988735213,-0.005951777318327078,-2.107888414577072,4.419324469577681,diagnostic only,ff49,ew
rolling120,1959-03,1969-02,20000,4.12088550758538,4.151033937016023,2.0511424177409143,1.424730335234377,none,0.014503767127639707,-0.0058528889149791485,-2.0786619893523426,4.419324469577681,diagnostic only,ff49,ew
rolling120,1959-04,1969-03,20000,4.130903232306487,4.158636100119904,2.0537257647574565,1.4244773369944506,none,0.014522034149575256,-0.00537600778096603,-1.9097095852944357,4.419324469577681,diagnostic only,ff49,ew
rolling120,1959-05,1969-04,20000,3.9809079057671473,4.005523652093076,1.9886077079658726,1.4199667183408942,none,0.01406157995422506,-0.004917716514162507,-1.7505676037870974,4.419324469577681,diagnostic only,ff49,ew
rolling120,1959-06,1969-05,20000,3.9946515502835225,4.017228358001022,1.9989360103908282,1.4240429529881704,none,0.014134612081053377,-0.004499856515698619,-1.597271123398029,4.419324469577681,diagnostic only,ff49,ew
rolling120,1959-07,1969-06,20000,3.369457719029034,3.390476908794457,1.749033327267592,1.4237632720166775,none,0.012367533262321843,-0.004787450247903502,-1.6995458447206306,4.419324469577681,diagnostic only,ff49,ew
rolling120,1959-08,1969-07,20000,2.806261809807108,2.827386057014565,1.531413400933558,1.425538396296887,none,0.01082872800600072,-0.005519236077254797,-1.9507597933709928,4.419324469577681,diagnostic only,ff49,ew
rolling120,1959-09,1969-08,20000,3.08597558196903,3.1081809024630713,1.6422062981293146,1.4238483682440788,none,0.011612152095144955,-0.005405146711218944,-1.9122485058842078,4.419324469577681,diagnostic only,ff49,ew
rolling120,1959-10,1969-09,20000,3.1973446758024457,3.2208697422960935,1.6915503448110991,1.426931073013986,none,0.011961067195343709,-0.005573511605418524,-1.9668033052105691,4.419324469577681,diagnostic only,ff49,ew
rolling120,1959-11,1969-10,20000,3.491410620187125,3.5164115584558573,1.8261510406533852,1.4471233110742232,none,0.012912837843168792,-0.005535575743075172,-1.9361304286771097,4.419324469577681,diagnostic only,ff49,ew
rolling120,1959-12,1969-11,20000,3.15133931840336,3.174495579023633,1.6877336512559409,1.4457485919410067,none,0.011934079096398074,-0.005547079924250187,-1.9403475067684177,4.419324469577681,diagnostic only,ff49,ew
rolling120,1960-01,1969-12,20000,2.7894020115750324,2.8121570254813504,1.548061429164751,1.451142932200436,none,0.010946447342557336,-0.005969065217990233,-2.0787579014655795,4.419324469577681,diagnostic only,ff49,ew
rolling120,1960-02,1970-01,20000,2.762872320358529,2.786315109118545,1.5476130592133825,1.449977405471454,none,0.010943276888226407,-0.006191452133384012,-2.1422092303300535,4.419324469577681,diagnostic only,ff49,ew
rolling120,1960-03,1970-02,20000,2.8632458438153146,2.8884947886830865,1.5981738753814545,1.4500454420598332,none,0.011300795847974108,-0.0064932438488166655,-2.234262542871999,4.419324469577681,diagnostic only,ff49,ew
rolling120,1960-04,1970-03,20000,2.83148675442377,2.8580093459329583,1.5874244008561793,1.4514765125389388,none,0.011224785584663966,-0.00687468306346839,-2.3628595227177547,4.419324469577681,diagnostic only,ff49,ew
rolling120,1960-05,1970-04,20000,2.2085703908745846,2.2277818591259546,1.3495681969922073,1.4580911189889847,none,0.009542888237668922,-0.005951910348914402,-2.0131712509778747,4.419324469577681,diagnostic only,ff49,ew
rolling120,1960-06,1970-05,20000,1.8112239768233667,1.827336300819439,1.184390921910516,1.450201865094695,none,0.008374908524587124,-0.0056987645903328055,-1.9238805950858602,4.419324469577681,diagnostic only,ff49,ew
rolling120,1960-07,1970-06,20000,1.5389707562721187,1.5534937531386306,1.073065894717401,1.454179218560261,none,0.007587721708146841,-0.0056875004486151015,-1.91401285196303,4.419324469577681,diagnostic only,ff49,ew
rolling120,1960-08,1970-07,20000,1.724376984074212,1.737712317523087,1.1565614479136987,1.459328377078057,none,0.008178124426787083,-0.004870976896849455,-1.6306102417805923,4.419324469577681,diagnostic only,ff49,ew
rolling120,1960-09,1970-08,20000,1.7591810362484261,1.7715358638895986,1.1701161611048623,1.4554761812097934,none,0.008273970722932188,-0.004457754922872703,-1.4932162627708778,4.419324469577681,diagnostic only,ff49,ew
rolling120,1960-10,1970-09,20000,2.356678596919324,2.370999014592724,1.4455338279365462,1.4946554172806645,none,0.010221467721684797,-0.0042481227705521984,-1.4010138331718958,4.419324469577681,diagnostic only,ff49,ew
rolling120,1960-11,1970-10,20000,2.1913377200849613,2.2047991605328936,1.3905700408836088,1.4991865417326466,none,0.009832815056236543,-0.004200400640923085,-1.3690322019627803,4.419324469577681,diagnostic only,ff49,ew
rolling120,1960-12,1970-11,20000,2.0344974624587935,2.044855433355599,1.3261598181112204,1.505061855841155,none,0.009377366003235623,-0.0034017939844817047,-1.1045714642290374,4.419324469577681,diagnostic only,ff49,ew
rolling120,1961-01,1970-12,20000,2.1339462752978524,2.1437930336601196,1.375704226031749,1.5100747197020694,none,0.009727697871340405,-0.003132126783423561,-1.0122393286162388,4.419324469577681,diagnostic only,ff49,ew
rolling120,1961-02,1971-01,20000,2.312494390266751,2.3218306946703313,1.4590880491075755,1.5148108334104529,none,0.010317310538722169,-0.0028105900817160245,-0.9049164865727385,4.419324469577681,diagnostic only,ff49,ew
rolling120,1961-03,1971-02,20000,2.275761538065596,2.285466445951407,1.4522570102578425,1.5310945395002324,none,0.010269007799790219,-0.002953890427878303,-0.9450677295239165,4.419324469577681,diagnostic only,ff49,ew
rolling120,1961-04,1971-03,20000,2.3010979334537462,2.3102387462054867,1.465836937589934,1.5340273868114145,none,0.010365032386835643,-0.002761375674856903,-0.8818894539442066,4.419324469577681,diagnostic only,ff49,ew
rolling120,1961-05,1971-04,20000,2.344658573823714,2.353799088681041,1.4845364024435264,1.533111919775034,none,0.01049725757086099,-0.002725421116660298,-0.8707526509304901,4.419324469577681,diagnostic only,ff49,ew
rolling120,1961-06,1971-05,20000,2.058020848223431,2.0665761497976254,1.360452031011742,1.537433698843144,none,0.009619848566074141,-0.0027898545988361834,-0.8893384875481248,4.419324469577681,diagnostic only,ff49,ew
rolling120,1961-07,1971-06,20000,2.119906151264448,2.1296839014609072,1.3876702322187668,1.536814454832971,none,0.009812310312526011,-0.003124197364435144,-0.9964778818681905,4.419324469577681,diagnostic only,ff49,ew
rolling120,1961-08,1971-07,20000,1.9056464148551626,1.9134411746613744,1.2979667833901667,1.5413481409588228,none,0.009178011142900774,-0.0026754478085927458,-0.8492863742316417,4.419324469577681,diagnostic only,ff49,ew
rolling120,1961-09,1971-08,20000,1.9419328823997806,1.9509449673177546,1.3137373151031821,1.538240550950442,none,0.009289525642072681,-0.0030539657695364264,-0.970134026775045,4.419324469577681,diagnostic only,ff49,ew
rolling120,1961-10,1971-09,20000,2.0249697440176377,2.033537191401198,1.3516530442416188,1.539189526053975,none,0.009557630333946892,-0.002824243397392734,-0.8963986976071087,4.419324469577681,diagnostic only,ff49,ew
rolling120,1961-11,1971-10,20000,1.7775556164609962,1.7842844086868732,1.2403847097124014,1.5360439128510748,none,0.008770844395177464,-0.002416704344169407,-0.7671772434563664,4.419324469577681,diagnostic only,ff49,ew
rolling120,1961-12,1971-11,20000,1.5430943624543831,1.5498898685579574,1.1360468523485672,1.5361529111324304,none,0.008033064330413044,-0.002665019453337192,-0.8459419499289452,4.419324469577681,diagnostic only,ff49,ew
rolling120,1962-01,1971-12,20000,1.8639264004269265,1.8712684093199727,1.280910849370958,1.537592798443716,none,0.009057407476856247,-0.002557061147336337,-0.8106082134216414,4.419324469577681,diagnostic only,ff49,ew
rolling120,1962-02,1972-01,20000,2.229665036494211,2.2370126517613533,1.451707395011525,1.547537652266029,none,0.010265121433113072,-0.002269875362749807,-0.7157845442958437,4.419324469577681,diagnostic only,ff49,ew
rolling120,1962-03,1972-02,20000,2.326315962835686,2.33394887126313,1.4975525495781856,1.549036284059897,none,0.010589295629899385,-0.002289449755284334,-0.7208136116147457,4.419324469577681,diagnostic only,ff49,ew
rolling120,1962-04,1972-03,20000,2.3629202634332156,2.3699512372117084,1.5128082153084268,1.548507594347678,none,0.010697169476793071,-0.0020863725566279134,-0.6572742250878737,4.419324469577681,diagnostic only,ff49,ew
rolling120,1962-05,1972-04,20000,2.6494627810890417,2.657391514708192,1.6454710313752299,1.5523830512311212,none,0.011635237245314473,-0.0021678657008048496,-0.6814415084095846,4.419324469577681,diagnostic only,ff49,ew
rolling120,1962-06,1972-05,20000,3.001850050936014,3.0074266259839257,1.8040141771174325,1.5539934466770104,none,0.01275630657996406,-0.001391560112854906,-0.4371621999639372,4.419324469577681,diagnostic only,ff49,ew
rolling120,1962-07,1972-06,20000,3.2533593504042218,3.2595648098468795,1.9195257320436991,1.5545992851071218,none,0.013573096617901714,-0.0014568294461237974,-0.45718818758523094,4.419324469577681,diagnostic only,ff49,ew
rolling120,1962-08,1972-07,20000,2.8581981606971034,2.8646892318874904,1.7441637398364145,1.5565786029101587,none,0.012333100079380179,-0.0016795842565630048,-0.5263130233767764,4.419324469577681,diagnostic only,ff49,ew
rolling120,1962-09,1972-08,20000,2.789645838422595,2.7929235309452403,1.7157538415494233,1.559190559381678,none,0.012132211762064663,-0.0008641599272707357,-0.270164466869428,4.419324469577681,diagnostic only,ff49,ew
rolling120,1962-10,1972-09,20000,2.9006841008742383,2.9011079088659577,1.7643842832071894,1.5588085603956134,none,0.012476080912747696,-0.00010863785407122517,-0.033969641162421196,4.419324469577681,diagnostic only,ff49,ew
rolling120,1962-11,1972-10,20000,2.9500834845407717,2.9502476873988734,1.7915810500418436,1.5593050474558177,none,0.01266839109529903,-4.156773729036001e-05,-0.0129616189511733,4.419324469577681,diagnostic only,ff49,ew
rolling120,1962-12,1972-11,20000,2.5963838988597097,2.5957601246336344,1.628701411938731,1.5564430645619858,none,0.011516658129099813,0.00017347492726282887,0.05416278047701739,4.419324469577681,diagnostic only,ff49,ew
rolling120,1963-01,1972-12,20000,2.5656525179782483,2.5635792921251745,1.6145075742160004,1.5570943108137782,none,0.01141629254005177,0.0005817818780278206,0.18160237623556802,4.419324469577681,diagnostic only,ff49,ew
rolling120,1963-02,1973-01,20000,2.1592909608727004,2.1592417128030528,1.4388286212156167,1.5656317521094738,none,0.01017405475026853,1.5588572868097117e-05,0.004840554808924968,4.419324469577681,diagnostic only,ff49,ew
rolling120,1963-03,1973-02,20000,2.0154799097830525,2.0156404214013417,1.384531805863419,1.5868784228877766,none,0.009790118286944802,-5.322637843363509e-05,-0.016395268533503923,4.419324469577681,diagnostic only,ff49,ew
rolling120,1963-04,1973-03,20000,1.8902350654862115,1.8899355645883573,1.3270946252023934,1.587225319123788,none,0.009383976087568321,0.0001036358393329273,0.03191620428902248,4.419324469577681,diagnostic only,ff49,ew
rolling120,1963-05,1973-04,20000,1.5566474894292408,1.5556210914700164,1.1778357887699298,1.58953236722398,none,0.008328556733634232,0.000401623684610497,0.12323839436422467,4.419324469577681,diagnostic only,ff49,ew
rolling120,1963-06,1973-05,20000,1.2649903850893087,1.2648248650585683,1.0475768055829857,1.5913309002289333,none,0.007407486630414707,7.308292720309417e-05,0.022344965168188725,4.419324469577681,diagnostic only,ff49,ew
rolling120,1963-07,1973-06,20000,1.239953142222016,1.2389581271669114,1.037944023774561,1.5953429838021052,none,0.0073393725770304315,0.00044440985431193347,0.13557222291979168,4.419324469577681,diagnostic only,ff49,ew
rolling120,1963-08,1973-07,20000,1.505328167127716,1.5036399773301112,1.163853443311985,1.5983908080708227,none,0.008229686620732176,0.0006742941528699031,0.20513415338951063,4.419324469577681,diagnostic only,ff49,ew
rolling120,1963-09,1973-08,20000,1.296346404177003,1.2939075710959522,1.0677235720616713,1.6004903515049291,none,0.007549945782375311,0.0010631784435348735,0.32302656884556624,4.419324469577681,diagnostic only,ff49,ew
rolling120,1963-10,1973-09,20000,1.4973661923211388,1.4939294233023324,1.163680343239924,1.6058904494817268,none,0.008228462618384395,0.0013780538401346742,0.4176684246128585,4.419324469577681,diagnostic only,ff49,ew
rolling120,1963-11,1973-10,20000,1.4663909169080351,1.462492161818286,1.1579165156022622,1.623133839785964,none,0.008187706202302584,0.0015832558373995997,0.47617183536125207,4.419324469577681,diagnostic only,ff49,ew
rolling120,1963-12,1973-11,20000,1.0866061210625284,1.0841638894384742,0.9935507161319038,1.6505025881506226,none,0.007025464488296197,0.0011718040200343616,0.347625644983724,4.419324469577681,diagnostic only,ff49,ew
rolling120,1964-01,1973-12,20000,1.0166127548713666,1.0135771739418926,0.9698400177901044,1.6759966005586058,none,0.006857804532454647,0.0015075562877640003,0.44264617270848927,4.419324469577681,diagnostic only,ff49,ew
rolling120,1964-02,1974-01,20000,1.234266883293758,1.229210797524658,1.0774316407633513,1.6828464706897976,none,0.007618592194487139,0.0022681057236553226,0.66365092657914,4.419324469577681,diagnostic only,ff49,ew
rolling120,1964-03,1974-02,20000,1.2000374198730286,1.1961999077352776,1.0617570956712257,1.683306686060526,none,0.007507756423220576,0.001747341908282074,0.5111396696198091,4.419324469577681,diagnostic only,ff49,ew
rolling120,1964-04,1974-03,20000,1.1703265971560624,1.166971610545422,1.0469352072224172,1.6819037351592803,none,0.007402949844899145,0.0015482374546642585,0.45319591256613234,4.419324469577681,diagnostic only,ff49,ew
rolling120,1964-05,1974-04,20000,1.0503402330766647,1.046783606432681,0.9856272908251771,1.6699670737550338,none,0.006969437410650081,0.0017376661767301016,0.5103176102204151,4.419324469577681,diagnostic only,ff49,ew
rolling120,1964-06,1974-05,20000,0.901984311390935,0.898236779714557,0.9136601287028914,1.6691536896439616,none,0.006460552727055882,0.0019742171874583825,0.580063631503843,4.419324469577681,diagnostic only,ff49,ew
rolling120,1964-07,1974-06,20000,0.8436700127358845,0.8400188854718253,0.8865950565914752,1.6708534736643932,none,0.00626917376682303,0.0019842879292637505,0.5823936933095072,4.419324469577681,diagnostic only,ff49,ew
rolling120,1964-08,1974-07,20000,0.6978141933102525,0.6947943585292571,0.8207938429541946,1.6843443321837852,none,0.005803888923090771,0.001781829615963515,0.5203122976701057,4.419324469577681,diagnostic only,ff49,ew
rolling120,1964-09,1974-08,20000,0.5792161119858207,0.5766027808546272,0.7646016385723174,1.6870724552453271,none,0.005406550035408314,0.0016575710527271248,0.4833639037978638,4.419324469577681,diagnostic only,ff49,ew
rolling120,1964-10,1974-09,20000,0.38593396383064926,0.3832089428633651,0.6698814819171656,1.679073765364962,none,0.004736777384549214,0.001970071825622366,0.5752900645432162,4.419324469577681,diagnostic only,ff49,ew
rolling120,1964-11,1974-10,20000,0.4978672113084928,0.4949481163873266,0.7347632286993238,1.720049484886966,none,0.005195560615798139,0.0019526396195075346,0.5618440697795188,4.419324469577681,diagnostic only,ff49,ew
rolling120,1964-12,1974-11,20000,0.4259421921052407,0.42305187421791146,0.7015879825663016,1.7263088493301866,none,0.004960976200716212,0.002031069941788033,0.5826107141799972,4.419324469577681,diagnostic only,ff49,ew
rolling120,1965-01,1974-12,20000,0.32692994522829183,0.3238175933105802,0.6532230675121813,1.7269979350533888,none,0.004618984606653413,0.0023510428728541477,0.6738173392542719,4.419324469577681,diagnostic only,ff49,ew
rolling120,1965-02,1975-01,20000,0.5849666187679478,0.5811293929648569,0.7861193462109356,1.7392218461504358,none,0.005558703205276878,0.0024268891718566277,0.690309531087789,4.419324469577681,diagnostic only,ff49,ew
rolling120,1965-03,1975-02,20000,0.6370048799425022,0.6321728766166723,0.8132591848410697,1.7431670393721748,none,0.005750610844633643,0.0029604727508067974,0.8402591405292227,4.419324469577681,diagnostic only,ff49,ew
rolling120,1965-04,1975-03,20000,0.7475284874649601,0.7425931363985847,0.8714316541573591,1.7492692992706305,none,0.006161952319952789,0.0028321878258830147,0.8009395091218834,4.419324469577681,diagnostic only,ff49,ew
rolling120,1965-05,1975-04,20000,0.7494957251870051,0.7453335333536792,0.8753484528071153,1.754344195510544,none,0.006189648268810638,0.0023847544058401837,0.6724439988454578,4.419324469577681,diagnostic only,ff49,ew
rolling120,1965-06,1975-05,20000,0.894623984912773,0.8898481734235963,0.9490265184524818,1.7567237105395834,none,0.0067106308672361,0.0025270873905838265,0.7116784671459085,4.419324469577681,diagnostic only,ff49,ew
rolling120,1965-07,1975-06,20000,1.210919957549551,1.2052833929111668,1.1087474635904138,1.758517349140583,none,0.007840028501281663,0.0025559366458312027,0.718946957586034,4.419324469577681,diagnostic only,ff49,ew
rolling120,1965-08,1975-07,20000,1.115464667585666,1.1099470851666564,1.0604129616048033,1.7571571879299737,none,0.007498251960088664,0.0026150335512200584,0.735849161695073,4.419324469577681,diagnostic only,ff49,ew
rolling120,1965-09,1975-08,20000,0.9242136429674475,0.9184105501195454,0.963956704973781,1.7567270481082107,none,0.0068162032285720075,0.003024948360266455,0.8513673453245587,4.419324469577681,diagnostic only,ff49,ew
rolling120,1965-10,1975-09,20000,0.8042052335846909,0.7985292422102628,0.9008459728608395,1.7483269024447596,none,0.006369942962144921,0.003155907194176466,0.8910584299041888,4.419324469577681,diagnostic only,ff49,ew
rolling120,1965-11,1975-10,20000,0.7201405853156785,0.7159856761192491,0.8591346462125368,1.746194745994085,none,0.006074999342891902,0.0024212959666574108,0.683935744172687,4.419324469577681,diagnostic only,ff49,ew
rolling120,1965-12,1975-11,20000,0.6631348669932566,0.6591811881688858,0.8267459876119921,1.73738687742761,none,0.00584597694159209,0.002382909625882501,0.676307632389338,4.419324469577681,diagnostic only,ff49,ew
rolling120,1966-01,1975-12,20000,0.5699278986685781,0.5647253065570323,0.7755540359597543,1.7240808249450454,none,0.0054839951800373776,0.00332492360783343,0.9486864850800732,4.419324469577681,diagnostic only,ff49,ew
rolling120,1966-02,1976-01,20000,0.7698904172737684,0.7650064731525756,0.8736333685235514,1.7249929582182348,none,0.006177520791538493,0.0027670970024655794,0.7905993821797271,4.419324469577681,diagnostic only,ff49,ew
rolling120,1966-03,1976-02,20000,0.9056538161339622,0.9016034460268654,0.9431823690774475,1.7283398249674988,none,0.006669306490702561,0.002129976213263385,0.6073150353403808,4.419324469577681,diagnostic only,ff49,ew
rolling120,1966-04,1976-03,20000,0.9645045574445423,0.9601468043632124,0.9787542627788391,1.756007173236491,none,0.006920837763261572,0.0022231768924805273,0.62965687542374,4.419324469577681,diagnostic only,ff49,ew
rolling120,1966-05,1976-04,20000,0.8556688957223126,0.8519341129961784,0.9216391234802118,1.7492949326922285,none,0.0065169727401968355,0.002016693088552568,0.5730855222238435,4.419324469577681,diagnostic only,ff49,ew
rolling120,1966-06,1976-05,20000,1.0008892850852553,0.99733178075716,0.9904188236113667,1.7412172639107921,none,0.007003318663904004,0.0017811283845625692,0.507974076123531,4.419324469577681,diagnostic only,ff49,ew
rolling120,1966-07,1976-06,20000,1.0807767843522444,1.0776853173347378,1.0313968783465473,1.74307071290365,none,0.007293077267734802,0.0014879380393719721,0.42389061626750296,4.419324469577681,diagnostic only,ff49,ew
rolling120,1966-08,1976-07,20000,1.1031819680557318,1.100906819765461,1.0429336349916747,1.7423595419231912,none,0.0073746544563014875,0.0010829363153406213,0.3085091381233042,4.419324469577681,diagnostic only,ff49,ew
rolling120,1966-09,1976-08,20000,1.2939425372909963,1.2902631238955777,1.1368285879577982,1.7426016179863966,none,0.008038592035916866,0.0016065461461738373,0.45771863766424925,4.419324469577681,diagnostic only,ff49,ew
rolling120,1966-10,1976-09,20000,1.3840311702999524,1.3803758506541546,1.1820450109177114,1.7437441393800013,none,0.008358320428876404,0.0015356060870779231,0.43732705355125673,4.419324469577681,diagnostic only,ff49,ew
rolling120,1966-11,1976-10,20000,1.3872328993445422,1.3813218320765275,1.1730266313060782,1.7381485294564343,none,0.0082945508550894,0.0024822630811141,0.7126446472249646,4.419324469577681,diagnostic only,ff49,ew
rolling120,1966-12,1976-11,20000,1.3253201621431305,1.3202339083307915,1.138223514164634,1.731191433603363,none,0.008048455653717949,0.002192129765053785,0.631954008467388,4.419324469577681,diagnostic only,ff49,ew
rolling120,1967-01,1976-12,20000,1.4748587721201816,1.4692219396519905,1.1855233113329033,1.625687141378118,none,0.008382915726982266,0.0022828375115544475,0.6724190784893175,4.419324469577681,diagnostic only,ff49,ew
rolling120,1967-02,1977-01,20000,1.1957380081594535,1.190537904736475,1.0484218106357823,1.622626299065723,none,0.007413461718444401,0.0023738933764783088,0.701440652217957,4.419324469577681,diagnostic only,ff49,ew
rolling120,1967-03,1977-02,20000,1.1129058574110007,1.108215409425274,1.0073279371638646,1.6212405048547238,none,0.0071228841524722504,0.0022248428527542607,0.6585040392800171,4.419324469577681,diagnostic only,ff49,ew
rolling120,1967-04,1977-03,20000,0.9974669148529127,0.993134389522776,0.9496768142237253,1.6150700014429102,none,0.0067152291527323325,0.002173724638394381,0.6451790745478706,4.419324469577681,diagnostic only,ff49,ew
rolling120,1967-05,1977-04,20000,0.9378105306312311,0.9341318916998163,0.9198583795059607,1.610946371842124,none,0.0065043809787993356,0.0019019586757249574,0.565563263192172,4.419324469577681,diagnostic only,ff49,ew
rolling120,1967-06,1977-05,20000,0.947162703818801,0.9435745039079493,0.9223705170948403,1.605256815971187,none,0.006522144474043039,0.0018461859340288544,0.5501564592952634,4.419324469577681,diagnostic only,ff49,ew
rolling120,1967-07,1977-06,20000,0.8886156507229053,0.8843822517046032,0.8911904160071706,1.599840862390079,none,0.006301667864871306,0.00224657126465333,0.6717902480867363,4.419324469577681,diagnostic only,ff49,ew
rolling120,1967-08,1977-07,20000,0.7661261659279757,0.7620772324982121,0.8311074792584687,1.5959758488745845,none,0.005876817344785211,0.002297818367486215,0.6889670364447097,4.419324469577681,diagnostic only,ff49,ew
rolling120,1967-09,1977-08,20000,0.7488062676375578,0.7437219712596213,0.8208641247557786,1.5935028704363765,none,0.005804385890475712,0.0029157723890258502,0.8759404481151422,4.419324469577681,diagnostic only,ff49,ew
rolling120,1967-10,1977-09,20000,0.6635774975292599,0.6576529947481509,0.7750804389515954,1.5768147280611557,none,0.00548064634347719,0.003574030753046298,1.0809861483144367,4.419324469577681,diagnostic only,ff49,ew
rolling120,1967-11,1977-10,20000,0.6457576692611153,0.6398812619334191,0.76257438616866,1.5634758350289455,none,0.005392215196190284,0.003583434644998551,1.0897946602442794,4.419324469577681,diagnostic only,ff49,ew
rolling120,1967-12,1977-11,20000,0.7588641808499831,0.7526025668513652,0.8137431711258123,1.559822364549355,none,0.00575403314447307,0.003572751813246011,1.0882130570680475,4.419324469577681,diagnostic only,ff49,ew
rolling120,1968-01,1977-12,20000,0.6615188150213657,0.6561190254460207,0.7670709592189408,1.5563566372970423,none,0.005424010769149826,0.003260508147287622,0.9955344495363722,4.419324469577681,diagnostic only,ff49,ew
rolling120,1968-02,1978-01,20000,0.6106934458768619,0.6052408302704957,0.7346726278101674,1.5477623433812329,none,0.005194919970767099,0.0033967586068985867,1.049605313854542,4.419324469577681,diagnostic only,ff49,ew
rolling120,1968-03,1978-02,20000,0.7527853693462413,0.7473352040299537,0.7936809862516284,1.530024518039813,none,0.005612172074773534,0.003119129806185894,0.9711329666433192,4.419324469577681,diagnostic only,ff49,ew
rolling120,1968-04,1978-03,20000,0.8997374753301541,0.8941096604868073,0.8610054218358366,1.5313449633116032,none,0.006088227724185039,0.002971219122498203,0.9243765342401308,4.419324469577681,diagnostic only,ff49,ew
rolling120,1968-05,1978-04,20000,0.7890995093328592,0.7838090461153708,0.8086155525998527,1.5266573329975877,none,0.005717775406162633,0.002965823740500362,0.9252660067386189,4.419324469577681,diagnostic only,ff49,ew
rolling120,1968-06,1978-05,20000,0.7635961051557065,0.7578225045568592,0.7952133881502816,1.5240870696860358,none,0.005623007792513943,0.0032845185357908147,1.026781539683067,4.419324469577681,diagnostic only,ff49,ew
rolling120,1968-07,1978-06,20000,0.7570776049564067,0.7508505677925017,0.7885143694095875,1.5172015603636364,none,0.005575638576725537,0.0035565783159645648,1.116829413925546,4.419324469577681,diagnostic only,ff49,ew
rolling120,1968-08,1978-07,20000,0.906904903962101,0.8987455611603279,0.8543074753000791,1.5157454249787479,none,0.006040866090030449,0.004297228111378448,1.3506908910361195,4.419324469577681,diagnostic only,ff49,ew
rolling120,1968-09,1978-08,20000,1.0173223519632504,1.0070613082690802,0.9060945213228675,1.523716517103951,none,0.006407055804233784,0.005112471478521785,1.6015224477036138,4.419324469577681,diagnostic only,ff49,ew
rolling120,1968-10,1978-09,20000,0.8822097423229428,0.8725034584033815,0.8444159916050904,1.5221617293870626,none,0.005970922738063222,0.005183586644927907,1.6255919470680857,4.419324469577681,diagnostic only,ff49,ew
rolling120,1968-11,1978-10,20000,0.5278906239719249,0.5207423156948923,0.6900188211251209,1.5320810807177934,none,0.0048791698756392035,0.00470053881138055,1.4650664886096296,4.419324469577681,diagnostic only,ff49,ew
rolling120,1968-12,1978-11,20000,0.4972437126447398,0.49010151632878696,0.6765009804742167,1.5314872227009035,none,0.0047835843077266675,0.004793093784341229,1.493063748122189,4.419324469577681,diagnostic only,ff49,ew
rolling120,1969-01,1978-12,20000,0.5002238912710937,0.4931103183450686,0.6734823711741273,1.5160428254243539,none,0.004762239516668208,0.004764264795858786,1.4937453064103654,4.419324469577681,diagnostic only,ff49,ew
rolling120,1969-02,1979-01,20000,0.6496305189796474,0.6424519983859533,0.7406013880261607,1.5145793028439463,none,0.005236842636294678,0.004370612109668048,1.3707726376848348,4.419324469577681,diagnostic only,ff49,ew
rolling120,1969-03,1979-02,20000,0.7750738370999403,0.767261231784711,0.7971450297459932,1.5155767697508291,none,0.00563666656122544,0.004420741639502568,1.3860329026684195,4.419324469577681,diagnostic only,ff49,ew
rolling120,1969-04,1979-03,20000,0.8816324554936081,0.8727920862171918,0.8446990955004356,1.5157235114286725,none,0.005972924584905012,0.0047204221661747425,1.4800738148875996,4.419324469577681,diagnostic only,ff49,ew
rolling120,1969-05,1979-04,20000,0.9283063860546881,0.9194707980870196,0.8627976692772696,1.5112379915426633,none,0.006100900827379054,0.004603137477514174,1.4482431722241658,4.419324469577681,diagnostic only,ff49,ew
rolling120,1969-06,1979-05,20000,0.9101521090620165,0.9022953459477785,0.8532159320382449,1.5072718538314251,none,0.0060331477136064335,0.004130148943997769,1.3022659956623972,4.419324469577681,diagnostic only,ff49,ew
rolling120,1969-07,1979-06,20000,1.2719088466740296,1.2626697434864131,1.0151533517696754,1.5087465896219474,none,0.007178218189805901,0.004083275172708234,1.2871025849753772,4.419324469577681,diagnostic only,ff49,ew
rolling120,1969-08,1979-07,20000,1.5804791173341421,1.5702089205829872,1.1480868746459534,1.504189750299989,none,0.008118200144534234,0.003995860674557594,1.2650829701543602,4.419324469577681,diagnostic only,ff49,ew
rolling120,1969-09,1979-08,20000,1.6277775378171806,1.6196473494054233,1.169730221701313,1.5040021341932157,none,0.008271241719238421,0.003103543083233129,0.9829465378634672,4.419324469577681,diagnostic only,ff49,ew
rolling120,1969-10,1979-09,20000,1.6710463415808783,1.6609558418396895,1.1876477483859105,1.5050612503037395,none,0.008397937765446117,0.003792058320747138,1.201544953417832,4.419324469577681,diagnostic only,ff49,ew
rolling120,1969-11,1979-10,20000,1.1835739324265484,1.1767816176674897,0.9630361558279111,1.483151264649276,none,0.006809693963137406,0.003120347353142927,0.997447872962756,4.419324469577681,diagnostic only,ff49,ew
rolling120,1969-12,1979-11,20000,1.4850343974263143,1.4750290273033855,1.09722554710608,1.4873577910699403,none,0.007758556248498287,0.004042526375470423,1.2895917490918996,4.419324469577681,diagnostic only,ff49,ew
rolling120,1970-01,1979-12,20000,1.8545959378809294,1.8435847886158,1.2683541627072077,1.5106801627713315,none,0.008968618293964522,0.003872277453871531,1.2277419892581736,4.419324469577681,diagnostic only,ff49,ew
rolling120,1970-02,1980-01,20000,2.330687425809908,2.31811870918161,1.4877145716812061,1.5323470613207937,none,0.010519730621058208,0.003787904451253876,1.1947755205003174,4.419324469577681,diagnostic only,ff49,ew
rolling120,1970-03,1980-02,20000,2.1492326949210416,2.1364879452433736,1.4015088496463313,1.5329670093486896,none,0.009910164114778783,0.004063382324486886,1.2860281151814734,4.419324469577681,diagnostic only,ff49,ew
rolling120,1970-04,1980-03,20000,1.6962967831513422,1.6836918383288322,1.2047657497083646,1.5380549195533157,none,0.008518980313600794,0.004696867443007013,1.4796307020907087,4.419324469577681,diagnostic only,ff49,ew
rolling120,1970-05,1980-04,20000,2.4292258651742085,2.4125088213146704,1.510210016917433,1.5286920524812555,none,0.010678797439781675,0.004898754768082325,1.5654425466731083,4.419324469577681,diagnostic only,ff49,ew
rolling120,1970-06,1980-05,20000,3.0809459758703452,3.060113041776561,1.7844142253667556,1.5278522283245604,none,0.012617713992025732,0.005131121690313378,1.6510862511981383,4.419324469577681,diagnostic only,ff49,ew
rolling120,1970-07,1980-06,20000,3.6055722868125164,3.584687008270274,2.0076780863421555,1.5250519521817134,none,0.014196427892921689,0.004555442608092486,1.4711643449867966,4.419324469577681,diagnostic only,ff49,ew
rolling120,1970-08,1980-07,20000,3.8074710371676703,3.788154134495948,2.092959220366726,1.5252628136066089,none,0.014799456574682218,0.004034310953474618,1.3052440523233828,4.419324469577681,diagnostic only,ff49,ew
rolling120,1970-09,1980-08,20000,3.858086433843842,3.8416035886939026,2.116331494949782,1.527385944758181,none,0.014964723513176544,0.003404418566697709,1.1014466879676053,4.419324469577681,diagnostic only,ff49,ew
rolling120,1970-10,1980-09,20000,3.472194912144701,3.4571640078548844,1.9271558922761869,1.5013591834222741,none,0.013627049998321034,0.003372302267389715,1.1030196771618666,4.419324469577681,diagnostic only,ff49,ew
rolling120,1970-11,1980-10,20000,3.984114270883781,3.969540111964668,2.1241574897507753,1.4975697998023494,none,0.015020061653109675,0.0029326977126160614,0.9703128559459481,4.419324469577681,diagnostic only,ff49,ew
rolling120,1970-12,1980-11,20000,4.3171038059785465,4.30580627128249,2.2753867202735463,1.5049227166818429,none,0.016089413797272425,0.002129277647622274,0.7021719273558268,4.419324469577681,diagnostic only,ff49,ew
rolling120,1971-01,1980-12,20000,3.7514342110030627,3.7430289916631327,2.0275611062361714,1.5015567801866505,none,0.014337022074896946,0.0017721205910197213,0.5862597752881265,4.419324469577681,diagnostic only,ff49,ew
rolling120,1971-02,1981-01,20000,3.187344544514342,3.1803524406848247,1.782571487738944,1.4980362907125715,none,0.012604683869299999,0.001672611084526654,0.5547226651631701,4.419324469577681,diagnostic only,ff49,ew
rolling120,1971-03,1981-02,20000,2.9787300763163342,2.9717664734741156,1.6818828231912648,1.4806046195060218,none,0.011892707494397184,0.0017532760016798488,0.5855355347383503,4.419324469577681,diagnostic only,ff49,ew
rolling120,1971-04,1981-03,20000,3.0652238751131122,3.0611670573865153,1.7158496793736189,1.4771917239223638,none,0.012132889437818492,0.0009989290441076992,0.33436534202246554,4.419324469577681,diagnostic only,ff49,ew
rolling120,1971-05,1981-04,20000,3.066741677074393,3.0649535122864817,1.719960075189157,1.4781851726342783,none,0.01216195432536377,0.00043989796746912724,0.1470293951180196,4.419324469577681,diagnostic only,ff49,ew
rolling120,1971-06,1981-05,20000,3.41321741521328,3.4140066471668407,1.8617696545576534,1.473242863533552,none,0.013164699477450527,-0.00017880171387307797,-0.059950624388529695,4.419324469577681,diagnostic only,ff49,ew
rolling120,1971-07,1981-06,20000,3.453796824931541,3.453802349470376,1.8867884336400753,1.4755459647408407,none,0.013341608960912413,-1.2404095202089849e-06,-0.00041408340261134366,4.419324469577681,diagnostic only,ff49,ew
rolling120,1971-08,1981-07,20000,3.6546299900629724,3.653581984967464,1.9631938602148415,1.47303464392117,none,0.013881876913417095,0.00022520396092584605,0.07549448118903006,4.419324469577681,diagnostic only,ff49,ew
rolling120,1971-09,1981-08,20000,3.145093941517925,3.146163054197502,1.7466454455411695,1.4722508240119447,none,0.012350648388707594,-0.0002578559177730533,-0.08656328363735921,4.419324469577681,diagnostic only,ff49,ew
rolling120,1971-10,1981-09,20000,2.830061382705618,2.830751066629181,1.6150194655660124,1.4728038739358087,none,0.011419912158500013,-0.0001800388256942842,-0.06039310232782428,4.419324469577681,diagnostic only,ff49,ew
rolling120,1971-11,1981-10,20000,3.394395810673749,3.395740392200439,1.850418088404948,1.4730392413496394,none,0.01308443178341387,-0.00030588283354404666,-0.10276193486634949,4.419324469577681,diagnostic only,ff49,ew
rolling120,1971-12,1981-11,20000,3.6389270377459804,3.6406119644048056,1.9546627302808548,1.4732127688646857,none,0.013821552715142038,-0.00036308285884478764,-0.12190574341038733,4.419324469577681,diagnostic only,ff49,ew
rolling120,1972-01,1981-12,20000,3.0648442743531814,3.0642940729816104,1.7087287764563108,1.4711341613962414,none,0.012082537050408496,0.00013537440000410683,0.04553690746203195,4.419324469577681,diagnostic only,ff49,ew
rolling120,1972-02,1982-01,20000,2.6007528011679515,2.601734845235739,1.5025368546710745,1.4588337422468831,none,0.010624539989206228,-0.0002726586242423057,-0.09243167881012883,4.419324469577681,diagnostic only,ff49,ew
rolling120,1972-03,1982-02,20000,2.317309491330249,2.3177709737093286,1.383699379119952,1.458253971218715,none,0.009784232140993335,-0.00013909410346168993,-0.04716592701699129,4.419324469577681,diagnostic only,ff49,ew
rolling120,1972-04,1982-03,20000,2.296675574521564,2.2963943872009116,1.3770681136372855,1.460257468110994,none,0.009737342013086918,8.530148023067063e-05,0.028877215186095637,4.419324469577681,diagnostic only,ff49,ew
rolling120,1972-05,1982-04,20000,2.4699603110312394,2.4697052828581123,1.445130959804284,1.4558937419370463,none,0.010218619013802333,7.350139344319828e-05,0.024957205350604722,4.419324469577681,diagnostic only,ff49,ew
rolling120,1972-06,1982-05,20000,2.42931083567476,2.4312551606143438,1.4276451473081215,1.4536708490845986,none,0.010094975647896402,-0.0005666512248642119,-0.19260323228107937,4.419324469577681,diagnostic only,ff49,ew
rolling120,1972-07,1982-06,20000,2.463263712945879,2.4635293895460237,1.440202944645863,1.4542529748633228,none,0.010183772684439237,-7.670689931094099e-05,-0.026088229615581503,4.419324469577681,diagnostic only,ff49,ew
rolling120,1972-08,1982-07,20000,2.545342067690113,2.5454357011408097,1.4722104971544696,1.4522428105506888,none,0.010410100258719438,-2.640957518051934e-05,-0.00899448116443252,4.419324469577681,diagnostic only,ff49,ew
rolling120,1972-09,1982-08,20000,2.7617608222533856,2.7640257504530976,1.565461365818949,1.457835602455663,none,0.011069483474561333,-0.0006017302616592168,-0.2046101071397805,4.419324469577681,diagnostic only,ff49,ew
rolling120,1972-10,1982-09,20000,3.047591781390627,3.0523568803621695,1.6881814733473246,1.459623522658225,none,0.0119372456767739,-0.0011758833469563967,-0.39917909881119384,4.419324469577681,diagnostic only,ff49,ew
rolling120,1972-11,1982-10,20000,3.6866992689451514,3.6912480222538653,1.9511590423882101,1.4631589566956094,none,0.013796777900461537,-0.0009696254146308592,-0.32969678438917843,4.419324469577681,diagnostic only,ff49,ew
rolling120,1972-12,1982-11,20000,3.9467957102277142,3.9493283347130603,2.073779532503297,1.4681155511539619,none,0.014663835701189497,-0.0005117107441796609,-0.17271227917131118,4.419324469577681,diagnostic only,ff49,ew
rolling120,1973-01,1982-12,20000,4.1702650544457285,4.171585928249726,2.1663678022507176,1.4679773102589273,none,0.0153185336351568,-0.0002554098147693473,-0.08622717000577272,4.419324469577681,diagnostic only,ff49,ew
rolling120,1973-02,1983-01,20000,5.030192955084199,5.033858628706999,2.5636120196722185,1.515385557040277,none,0.018127474434415664,-0.0006075173199053818,-0.20221645525206758,4.419324469577681,diagnostic only,ff49,ew
rolling120,1973-03,1983-02,20000,5.811707037479988,5.814431578138997,2.881914421912362,1.4950680901782678,none,0.020378212305335403,-0.00039981921129694786,-0.13369870811952964,4.419324469577681,diagnostic only,ff49,ew
rolling120,1973-04,1983-03,20000,6.338922176652827,6.344353751487387,3.113270336206299,1.4979440001867272,none,0.022014145663983964,-0.0007395578996259866,-0.24673112086499976,4.419324469577681,diagnostic only,ff49,ew
rolling120,1973-05,1983-04,20000,7.581682204441761,7.589482125783073,3.624446350889455,1.4960383052303645,none,0.025628705927607704,-0.0009080781852840447,-0.30434315971099446,4.419324469577681,diagnostic only,ff49,ew
rolling120,1973-06,1983-05,20000,9.196188547906718,9.20437673844924,4.288415764370244,1.4946020078990854,none,0.03032367867533491,-0.000802419466900739,-0.2700262929900118,4.419324469577681,diagnostic only,ff49,ew
rolling120,1973-07,1983-06,20000,10.033875585922189,10.045273693063127,4.665033089897686,1.5090028857497553,none,0.03298676532326287,-0.0010319442919821675,-0.34553576348692616,4.419324469577681,diagnostic only,ff49,ew
rolling120,1973-08,1983-07,20000,8.72506032200014,8.730813186093663,4.100856547550368,1.5073635651757944,none,0.028997434734461185,-0.0005912007540895825,-0.19839217317683375,4.419324469577681,diagnostic only,ff49,ew
rolling120,1973-09,1983-08,20000,8.81391937592015,8.823781015142954,4.135750756556563,1.5061228343403934,none,0.0292441740525854,-0.0010038537308193485,-0.3372172250469708,4.419324469577681,diagnostic only,ff49,ew
rolling120,1973-10,1983-09,20000,8.19180651476216,8.201975226487928,3.868393918297206,1.5018506285733109,none,0.027353675719287537,-0.0011050574985789208,-0.3717493703633456,4.419324469577681,diagnostic only,ff49,ew
rolling120,1973-11,1983-10,20000,7.600378487473414,7.620279275661018,3.604652238726197,1.4880767581896792,none,0.025488740418225637,-0.0023086013284735474,-0.7807678159480131,4.419324469577681,diagnostic only,ff49,ew
rolling120,1973-12,1983-11,20000,9.709226065912736,9.73301682853005,4.414718825199427,1.4611069204333629,none,0.03121677618330423,-0.002216596041671459,-0.7621146551973988,4.419324469577681,diagnostic only,ff49,ew
rolling120,1974-01,1983-12,20000,9.964329866930482,10.000664897965578,4.460754345799232,1.4327717241442295,none,0.031542296471219984,-0.003302984989735913,-1.1519462784914423,4.419324469577681,diagnostic only,ff49,ew
rolling120,1974-02,1984-01,20000,8.608229038983364,8.646291238711132,3.888931366269212,1.4245736646256084,none,0.02749889740658025,-0.003945785876236285,-1.3841354860526383,4.419324469577681,diagnostic only,ff49,ew
rolling120,1974-03,1984-02,20000,8.025064741014521,8.059079513600544,3.664340105039431,1.4303098528911067,none,0.025910797368472075,-0.0037547713909515945,-1.3127644086866828,4.419324469577681,diagnostic only,ff49,ew
rolling120,1974-04,1984-03,20000,8.017599617054055,8.05015953457946,3.656678352752725,1.4293272058924569,none,0.025856620598495063,-0.0035977175210004653,-1.2592487638272796,4.419324469577681,diagnostic only,ff49,ew
rolling120,1974-05,1984-04,20000,8.34382628339338,8.374602671198426,3.7823623563553737,1.4273197832781521,none,0.026745340710836132,-0.0032829538364970157,-1.1507196015108854,4.419324469577681,diagnostic only,ff49,ew
rolling120,1974-06,1984-05,20000,8.554201606019458,8.585929725542037,3.8714944369050794,1.4289394549952927,none,0.02737559969661576,-0.0033098635636811258,-1.1589926750171577,4.419324469577681,diagnostic only,ff49,ew
rolling120,1974-07,1984-06,20000,8.988053420675662,9.026052419868499,4.048568259369217,1.4281266365314973,none,0.028627700702965907,-0.0037900259844577677,-1.3273507218447373,4.419324469577681,diagnostic only,ff49,ew
rolling120,1974-08,1984-07,20000,9.062628640995323,9.102277824953175,4.06207016077319,1.4144705099037411,none,0.028723173563382515,-0.003924776634029681,-1.3803900836500442,4.419324469577681,diagnostic only,ff49,ew
rolling120,1974-09,1984-08,20000,10.856535110290135,10.904113698556035,4.77958672731461,1.4121990995836844,none,0.03379678186153379,-0.00399681903841953,-1.4077845772662696,4.419324469577681,diagnostic only,ff49,ew
rolling120,1974-10,1984-09,20000,11.986638191685193,12.033511211442502,5.218389777173991,1.4117934795052844,none,0.036899587983142856,-0.003596346295091757,-1.2702857218547206,4.419324469577681,diagnostic only,ff49,ew
rolling120,1974-11,1984-10,20000,10.56267262692402,10.601068922170157,4.556306698225266,1.3639687278275185,none,0.03221795363480774,-0.0033097204665994973,-1.1917670402459917,4.419324469577681,diagnostic only,ff49,ew
rolling120,1974-12,1984-11,20000,10.746831881898208,10.787174620713408,4.613414357362709,1.3583316020876848,none,0.0326217657651455,-0.0034225961787573977,-1.2366816408909393,4.419324469577681,diagnostic only,ff49,ew
rolling120,1975-01,1984-12,20000,11.821278506471899,11.864086969855457,5.029412464918451,1.3564726212231122,none,0.03556331659327985,-0.0033277498421668827,-1.2037252844873123,4.419324469577681,diagnostic only,ff49,ew
rolling120,1975-02,1985-01,20000,10.123800682873732,10.156738383412867,4.323786161029955,1.3468139993903188,none,0.030573785148648305,-0.0029522696873581777,-1.0773183751698765,4.419324469577681,diagnostic only,ff49,ew
rolling120,1975-03,1985-02,20000,9.884418419917676,9.918076499055617,4.219148079686456,1.3427223486577204,none,0.02983388217976493,-0.003082784695715657,-1.128183014705688,4.419324469577681,diagnostic only,ff49,ew
rolling120,1975-04,1985-03,20000,9.002643702049266,9.037164739776957,3.895506305550562,1.3566483685065065,none,0.02754538924809757,-0.0034393216234546165,-1.2532419642635908,4.419324469577681,diagnostic only,ff49,ew
rolling120,1975-05,1985-04,20000,8.45119638950435,8.481160437486874,3.66679785913449,1.352427393662443,none,0.02592817631434313,-0.003160377696389549,-1.1556558247387634,4.419324469577681,diagnostic only,ff49,ew
rolling120,1975-06,1985-05,20000,8.009820316427316,8.039205167719599,3.4914379868825023,1.3503769364296119,none,0.024688194766169253,-0.0032508224724471235,-1.1902389611957316,4.419324469577681,diagnostic only,ff49,ew
rolling120,1975-07,1985-06,20000,7.463203376726745,7.493500241833567,3.277243971154394,1.3493865743675093,none,0.02317361435606002,-0.003567064725282343,-1.3073862644520842,4.419324469577681,diagnostic only,ff49,ew
rolling120,1975-08,1985-07,20000,7.764581970681173,7.795721271014971,3.3924907752535316,1.3494646676842472,none,0.0239885323229458,-0.003540278207361025,-1.2980911009720957,4.419324469577681,diagnostic only,ff49,ew
rolling120,1975-09,1985-08,20000,8.257048450027579,8.291733582802193,3.5839568685191106,1.3503448162261924,none,0.02534240205209967,-0.0037329022044725324,-1.3686600308568744,4.419324469577681,diagnostic only,ff49,ew
rolling120,1975-10,1985-09,20000,8.065940971273147,8.102705192987,3.5106803967226528,1.3500476726014154,none,0.024824259151012665,-0.004038823727058438,-1.4809796131359854,4.419324469577681,diagnostic only,ff49,ew
rolling120,1975-11,1985-10,20000,8.080530094212381,8.116147638004884,3.511621566751337,1.34896662954585,none,0.024830914228107986,-0.003907082816870466,-1.4344032388539536,4.419324469577681,diagnostic only,ff49,ew
rolling120,1975-12,1985-11,20000,8.440058348166913,8.473660904164081,3.6478406516658124,1.3491952596932193,none,0.025794128614808506,-0.0035469451922643946,-1.3027211152958695,4.419324469577681,diagnostic only,ff49,ew
rolling120,1976-01,1985-12,20000,8.805821315025167,8.840107028107333,3.7937506752605326,1.3488827893052953,none,0.02682586828607766,-0.003484282537195238,-1.278084001477046,4.419324469577681,diagnostic only,ff49,ew
rolling120,1976-02,1986-01,20000,7.616850058379135,7.644219310697194,3.3412896304981343,1.3615131349364757,none,0.023626485556335244,-0.00316619133947571,-1.1584140287305766,4.419324469577681,diagnostic only,ff49,ew
rolling120,1976-03,1986-02,20000,7.246857289197312,7.262541967182621,3.1936571054257774,1.3593403904511017,none,0.02258256596031168,-0.0018982872398840556,-0.6945480869124653,4.419324469577681,diagnostic only,ff49,ew
rolling120,1976-04,1986-03,20000,7.535746863828636,7.548187733048902,3.2722629344011813,1.3219789184442647,none,0.023138393107404658,-0.001455380907483872,-0.5376721349022693,4.419324469577681,diagnostic only,ff49,ew
rolling120,1976-05,1986-04,20000,7.675965536124191,7.6870629125475585,3.3244038553525566,1.3214261018223254,none,0.02350708509522495,-0.0012774601191546386,-0.4720864530167433,4.419324469577681,diagnostic only,ff49,ew
rolling120,1976-06,1986-05,20000,8.147302577784993,8.160885322387175,3.499771674579996,1.3178073020816072,none,0.024747122837001142,-0.0014826890768939727,-0.5488615663180696,4.419324469577681,diagnostic only,ff49,ew
rolling120,1976-07,1986-06,20000,7.951619918773383,7.960320662225808,3.4241870741485094,1.3186289916842207,none,0.024212659001817342,-0.0009710303660342978,-0.35934687932341725,4.419324469577681,diagnostic only,ff49,ew
rolling120,1976-08,1986-07,20000,7.301736267354618,7.305063108723042,3.1796675319201775,1.3219173113673883,none,0.022483644737394504,-0.00040057990226838314,-0.14796717379593913,4.419324469577681,diagnostic only,ff49,ew
rolling120,1976-09,1986-08,20000,7.679167759391645,7.681816775903457,3.3264337251498213,1.3241745740828634,none,0.023521438442210666,-0.00030512237014290733,-0.11262136532677153,4.419324469577681,diagnostic only,ff49,ew
rolling120,1976-10,1986-09,20000,7.0421130078028025,7.043353609112858,3.0921980568839085,1.329825576626338,none,0.02186514214794477,-0.0001542393099128736,-0.05673877177019966,4.419324469577681,diagnostic only,ff49,ew
rolling120,1976-11,1986-10,20000,7.451433068099577,7.452129844303608,3.25168816182858,1.3305013685879874,none,0.022992907495330086,-8.243794367401858e-05,-0.030303962392399946,4.419324469577681,diagnostic only,ff49,ew
rolling120,1976-12,1986-11,20000,7.1862736438631005,7.184650972405924,3.152734840286428,1.3308053751150921,none,0.022293201848496202,0.0001982578686183789,0.07278772552296138,4.419324469577681,diagnostic only,ff49,ew
rolling120,1977-01,1986-12,20000,6.201561972351201,6.199120933454812,2.782361585068065,1.3357893429332808,none,0.019674267445145797,0.000339074578542764,0.12407267021225901,4.419324469577681,diagnostic only,ff49,ew
rolling120,1977-02,1987-01,20000,6.698909669512607,6.696426728306943,2.967775149773801,1.3317981734427211,none,0.02098533933441976,0.00032260960746000045,0.11831789641784857,4.419324469577681,diagnostic only,ff49,ew
rolling120,1977-03,1987-02,20000,7.24418677674008,7.2377156308428425,3.181490248522857,1.332881153037193,none,0.022496533290093865,0.0007855510176884017,0.287650804405817,4.419324469577681,diagnostic only,ff49,ew
rolling120,1977-04,1987-03,20000,7.462347030957145,7.45082410868477,3.2856206516844995,1.3459710813615033,none,0.023232846432126728,0.0013635264589795248,0.4959754847963963,4.419324469577681,diagnostic only,ff49,ew
rolling120,1977-05,1987-04,20000,7.156392927058849,7.146124962798712,3.176537752972691,1.3507166532428112,none,0.022461513858220677,0.0012604722253868328,0.45713589586832165,4.419324469577681,diagnostic only,ff49,ew
rolling120,1977-06,1987-05,20000,7.212280802118746,7.198883543953263,3.1986590855471317,1.3520898933076961,none,0.022617935300943377,0.0016340344503811277,0.5923289631536043,4.419324469577681,diagnostic only,ff49,ew
rolling120,1977-07,1987-06,20000,6.991064777188223,6.9828529546600455,3.1133489943285917,1.3514818510973756,none,0.02201470186090065,0.001028682674579784,0.37301538672036133,4.419324469577681,diagnostic only,ff49,ew
rolling120,1977-08,1987-07,20000,7.230484122884518,7.221919072449364,3.2193992216480343,1.3585553498725285,none,0.022764590209740178,0.001041733731466099,0.3762444373582427,4.419324469577681,diagnostic only,ff49,ew
rolling120,1977-09,1987-08,20000,7.438018875138145,7.429712598094417,3.3044287559431287,1.3607644430527623,none,0.023365839812752132,0.0009853570862672356,0.35548805907649983,4.419324469577681,diagnostic only,ff49,ew
rolling120,1977-10,1987-09,20000,7.200053482995677,7.190881141836654,3.2109681401513996,1.3603493865814633,none,0.02270497346075011,0.0011198234964213682,0.4039793825295307,4.419324469577681,diagnostic only,ff49,ew
rolling120,1977-11,1987-10,20000,5.00055728024937,4.9974054398401595,2.387806191763734,1.3813568624413048,none,0.01688433950355362,0.0005255339897938249,0.18667241372084517,4.419324469577681,diagnostic only,ff49,ew
rolling120,1977-12,1987-11,20000,4.335076150692871,4.332550273667891,2.134748578141147,1.3902133078485786,none,0.015094951957319455,0.00047367148837818007,0.16733256469592803,4.419324469577681,diagnostic only,ff49,ew
rolling120,1978-01,1987-12,20000,4.438571596122246,4.436750328396211,2.191244654882799,1.3998430698692754,none,0.01549443954706403,0.0003349919742541285,0.11754331097317679,4.419324469577681,diagnostic only,ff49,ew
rolling120,1978-02,1988-01,20000,4.865512118883911,4.866719903686458,2.3703592425561313,1.4005791050051688,none,0.016760970942596487,-0.00020587054135434713,-0.07205935781900247,4.419324469577681,diagnostic only,ff49,ew
rolling120,1978-03,1988-02,20000,5.1183006074080835,5.117173535599514,2.479217871758628,1.4042346152199012,none,0.01753071769159406,0.0001842471530373313,0.06429125312477192,4.419324469577681,diagnostic only,ff49,ew
rolling120,1978-04,1988-03,20000,4.913214974874068,4.913452352798571,2.3981304324478065,1.404230702521994,none,0.016957342909536717,-4.014202031932257e-05,-0.013998533011325278,4.419324469577681,diagnostic only,ff49,ew
rolling120,1978-05,1988-04,20000,4.620601737262117,4.616879061754297,2.295102532758658,1.430203424463833,none,0.016228825644320675,0.0006627658290112581,0.22938662287760106,4.419324469577681,diagnostic only,ff49,ew
rolling120,1978-06,1988-05,20000,4.124906100890557,4.120980580474803,2.0863848132356777,1.4261743279722114,none,0.014752968496035761,0.0007665563956094079,0.26608342699365806,4.419324469577681,diagnostic only,ff49,ew
rolling120,1978-07,1988-06,20000,4.323212181237703,4.319574002737303,2.169589345583881,1.4267862653324646,none,0.01534131338652446,0.0006839229040760397,0.23714908943816612,4.419324469577681,diagnostic only,ff49,ew
rolling120,1978-08,1988-07,20000,4.053292236608328,4.050531916399414,2.058263699544425,1.4262101982227346,none,0.014554122194179734,0.0005465404940718788,0.1896589964057522,4.419324469577681,diagnostic only,ff49,ew
rolling120,1978-09,1988-08,20000,3.4900903883096324,3.4887274221043745,1.8171568268374716,1.4156322612107313,none,0.01284923914736205,0.00030364200743071557,0.10607368962680598,4.419324469577681,diagnostic only,ff49,ew
rolling120,1978-10,1988-09,20000,3.5479632727520336,3.5479577758666796,1.8436601076588781,1.415472709639337,none,0.01303664564328713,1.2086491618656936e-06,0.00042164875109852566,4.419324469577681,diagnostic only,ff49,ew
rolling120,1978-11,1988-10,20000,4.533895037639421,4.530076645531533,2.2279950342642723,1.410152020392363,none,0.01575430397178221,0.0006904772488049993,0.24237136180224486,4.419324469577681,diagnostic only,ff49,ew
rolling120,1978-12,1988-11,20000,4.066105436789123,4.063604820617628,2.0341902141476864,1.408524367540996,none,0.014383896946471443,0.0004938410993911013,0.17384830973145873,4.419324469577681,diagnostic only,ff49,ew
rolling120,1979-01,1988-12,20000,4.130215837215831,4.126733993253203,2.061932659408681,1.409261787851495,none,0.014580065658178902,0.0006791544026294449,0.23880852420403453,4.419324469577681,diagnostic only,ff49,ew
rolling120,1979-02,1989-01,20000,3.9621199042782353,3.9580842228937003,1.9940363417098907,1.4089544920979513,none,0.014099966191554793,0.0008139598286573957,0.2862192241958856,4.419324469577681,diagnostic only,ff49,ew
rolling120,1979-03,1989-02,20000,4.119858793394112,4.113754138315926,2.071554238609313,1.4333191650651689,none,0.014648100497163806,0.001193771720944703,0.41675404120609516,4.419324469577681,diagnostic only,ff49,ew
rolling120,1979-04,1989-03,20000,3.8368213750367577,3.83519368278664,1.9596969917186893,1.4353917864470402,none,0.013857150319151626,0.00033663434329689323,0.1174622640751847,4.419324469577681,diagnostic only,ff49,ew
rolling120,1979-05,1989-04,20000,3.8551893209966592,3.853311765524891,1.9676659844127262,1.4354803651685903,none,0.013913499606883421,0.0003868606762718052,0.13494487546750364,4.419324469577681,diagnostic only,ff49,ew
rolling120,1979-06,1989-05,20000,4.020059277070853,4.021130139937076,2.044466450727381,1.4399777154502298,none,0.014456560912177237,-0.0002132712828343264,-0.07407452385998349,4.419324469577681,diagnostic only,ff49,ew
rolling120,1979-07,1989-06,20000,3.713461323391345,3.7141113947560527,1.9175426938482452,1.4375709591897186,none,0.013559074420348139,-0.00013789902492145067,-0.04794363866992089,4.419324469577681,diagnostic only,ff49,ew
rolling120,1979-08,1989-07,20000,3.761534721248211,3.762060981827589,1.9389931507530436,1.4389370978775131,none,0.013710752055717467,-0.00011051109622206567,-0.03838305712474946,4.419324469577681,diagnostic only,ff49,ew
rolling120,1979-09,1989-08,20000,3.5056978195742325,3.505180308438815,1.8321359654604963,1.436765629875694,none,0.01295515765232879,0.00011487023825607068,0.039946340238044026,4.419324469577681,diagnostic only,ff49,ew
rolling120,1979-10,1989-09,20000,3.512454567711512,3.512839449012426,1.8312311494777778,1.4318157459063576,none,0.012948759637157728,-8.528583949485302e-05,-0.029723410712599034,4.419324469577681,diagnostic only,ff49,ew
rolling120,1979-11,1989-10,20000,3.7156317010592095,3.716559806322744,1.9168790834585556,1.4325642621775658,none,0.013554381986281986,-0.00019677589210054247,-0.06847270974609414,4.419324469577681,diagnostic only,ff49,ew
rolling120,1979-12,1989-11,20000,3.3661059667892346,3.3709862734842337,1.7788826324782,1.4359344195646486,none,0.012578599723603123,-0.0011165229972477375,-0.3879848951582039,4.419324469577681,diagnostic only,ff49,ew
rolling120,1980-01,1989-12,20000,3.0147770748799596,3.0165088699335127,1.6160078434054852,1.4048111227365365,none,0.01142690104522667,-0.00043116923418662356,-0.15155421812955672,4.419324469577681,diagnostic only,ff49,ew
rolling120,1980-02,1990-01,20000,2.408067936048421,2.4104705262578348,1.3586036445449416,1.3856750726789389,none,0.00960677850002486,-0.0007044747025126696,-0.2500932242174195,4.419324469577681,diagnostic only,ff49,ew
rolling120,1980-03,1990-02,20000,2.536526833608338,2.538380769262938,1.4067735669102281,1.3826683316191317,none,0.009947391287562096,-0.0005239502968997778,-0.18637405536844456,4.419324469577681,diagnostic only,ff49,ew
rolling120,1980-04,1990-03,20000,3.379219601415706,3.381201263819534,1.73199912622713,1.378108787373836,none,0.012247083271643786,-0.0004523102876358154,-0.1618068857599958,4.419324469577681,diagnostic only,ff49,ew
rolling120,1980-05,1990-04,20000,3.0940855555879923,3.096104532112859,1.6205612993677678,1.380155169590411,none,0.011459098841114313,-0.0004929016115282625,-0.17618981674395714,4.419324469577681,diagnostic only,ff49,ew
rolling120,1980-06,1990-05,20000,2.9878421947423375,2.9913094854380904,1.5818734754169024,1.3821455655104118,none,0.01118553461446423,-0.0008687100582911444,-0.3099798816293761,4.419324469577681,diagnostic only,ff49,ew
rolling120,1980-07,1990-06,20000,2.851386206825736,2.8522973370563567,1.525047854888723,1.37757383690337,none,0.010783716798258139,-0.00023651607103547523,-0.08449129809937239,4.419324469577681,diagnostic only,ff49,ew
rolling120,1980-08,1990-07,20000,2.4192217736039585,2.420349947621919,1.3531833511886928,1.3760129705338828,none,0.00956845123814262,-0.00032984169317085144,-0.11790560351745066,4.419324469577681,diagnostic only,ff49,ew
rolling120,1980-09,1990-08,20000,1.8193561364725588,1.8226390091856204,1.118000485440543,1.3777191636165336,none,0.007905457246248599,-0.0011630508550255492,-0.4152666456604308,4.419324469577681,diagnostic only,ff49,ew
rolling120,1980-10,1990-09,20000,1.4645722517889213,1.468051763062486,0.9747795962304829,1.3671079274588955,none,0.0068927326265685925,-0.0014098210279217538,-0.5048086821404869,4.419324469577681,diagnostic only,ff49,ew
rolling120,1980-11,1990-10,20000,1.235779344585948,1.2398375510588941,0.8886905689025563,1.3716657848912863,none,0.006283991276475283,-0.001811830715592544,-0.6458007808092401,4.419324469577681,diagnostic only,ff49,ew
rolling120,1980-12,1990-11,20000,1.146919272933438,1.1512487454638878,0.8499117465522804,1.35953492684475,none,0.006009783593972197,-0.0020125392470670134,-0.7204040649304142,4.419324469577681,diagnostic only,ff49,ew
rolling120,1981-01,1990-12,20000,1.2476898626878314,1.2502200533228223,0.8918446833197491,1.3664456731733143,none,0.006306294233405636,-0.0011244192012485055,-0.4012167116446813,4.419324469577681,diagnostic only,ff49,ew
rolling120,1981-02,1991-01,20000,1.4168955929668978,1.4211355719839935,0.9660447659360232,1.37425226392424,none,0.006830968049231331,-0.0017512356871536294,-0.6206995826269208,4.419324469577681,diagnostic only,ff49,ew
rolling120,1981-03,1991-02,20000,1.7416464183219105,1.745415541889093,1.0995336407862224,1.3793247970644233,none,0.007774876935426713,-0.0013728790813899439,-0.48478240858171945,4.419324469577681,diagnostic only,ff49,ew
rolling120,1981-04,1991-03,20000,1.7358191924928028,1.7391480011672442,1.1050829134202302,1.3909737530768522,none,0.007814116218528311,-0.0012152715636478684,-0.4259993812925842,4.419324469577681,diagnostic only,ff49,ew
rolling120,1981-05,1991-04,20000,1.729792882956698,1.7337560848635079,1.1014006511046666,1.3899473087626402,none,0.007788078691993884,-0.001449727694710523,-0.508880567794472,4.419324469577681,diagnostic only,ff49,ew
rolling120,1981-06,1991-05,20000,1.7287916743563532,1.732888256782807,1.1052345226882447,1.3927268669656694,none,0.00781518825794335,-0.0014989937536913356,-0.5241821810613544,4.419324469577681,diagnostic only,ff49,ew
rolling120,1981-07,1991-06,20000,1.6628913492073178,1.6651724375482986,1.075966701674158,1.394877924854354,none,0.007608233510847201,-0.0008558877124960063,-0.29981839249919706,4.419324469577681,diagnostic only,ff49,ew
rolling120,1981-08,1991-07,20000,1.806481422694071,1.8083486851047148,1.1338136880756415,1.3948200576993526,none,0.008017273474404151,-0.0006648969269904548,-0.23290491669083271,4.419324469577681,diagnostic only,ff49,ew
rolling120,1981-09,1991-08,20000,2.098348287150109,2.099945798569026,1.252798877977073,1.3954372550696617,none,0.008858625820804863,-0.0005153352744600159,-0.18033399888784302,4.419324469577681,diagnostic only,ff49,ew
rolling120,1981-10,1991-09,20000,2.389396657395528,2.39025869795149,1.3720358898918916,1.3971197837251508,none,0.009701758817738758,-0.0002542698456855508,-0.08885404926642003,4.419324469577681,diagnostic only,ff49,ew
rolling120,1981-11,1991-10,20000,2.2127636926369885,2.2131655340775658,1.302110964183849,1.3984697793220264,none,0.009207314926317534,-0.00012506092086306264,-0.04364371630525157,4.419324469577681,diagnostic only,ff49,ew
rolling120,1981-12,1991-11,20000,2.0866641538941524,2.0868691367361336,1.2520193064250797,1.4009217113549544,none,0.008853113417496518,-6.640477224695296e-05,-0.0231537575895184,4.419324469577681,diagnostic only,ff49,ew
rolling120,1982-01,1991-12,20000,2.273891295542602,2.2762110392917005,1.3349691865344118,1.4061757451121348,none,0.009439657644735717,-0.0007080568746268279,-0.24574447892105294,4.419324469577681,diagnostic only,ff49,ew
rolling120,1982-02,1992-01,20000,2.8256964905799706,2.825417520865587,1.5901039744669943,1.4335463269810693,none,0.011243733031372924,7.292529844438178e-05,0.024811129329136813,4.419324469577681,diagnostic only,ff49,ew
rolling120,1982-03,1992-02,20000,3.1716691578041982,3.169954780075707,1.7372659082020152,1.4371154653832758,none,0.012284325044138511,0.0004111262157282525,0.13955815417871786,4.419324469577681,diagnostic only,ff49,ew
rolling120,1982-04,1992-03,20000,3.1627640637672165,3.162484709235172,1.7361314614826926,1.4389462020810844,none,0.012276303294457232,6.711244642532144e-05,0.022755590615837745,4.419324469577681,diagnostic only,ff49,ew
rolling120,1982-05,1992-04,20000,2.801484197835046,2.802254938754192,1.5914170007799282,1.4432096638238134,none,0.011253017529470444,-0.00020270627076857117,-0.06849193268629573,4.419324469577681,diagnostic only,ff49,ew
rolling120,1982-06,1992-05,20000,2.908152199842072,2.907255390382702,1.6374397784398658,1.4461894432036884,none,0.01157844771119427,0.00022952414668808707,0.07745506839428518,4.419324469577681,diagnostic only,ff49,ew
rolling120,1982-07,1992-06,20000,2.8392909832845756,2.8372550873203246,1.6112295423027154,1.4488231199896209,none,0.011393113354103472,0.0005305604964804811,0.17869531364907829,4.419324469577681,diagnostic only,ff49,ew
rolling120,1982-08,1992-07,20000,2.9483777757426184,2.9467371708030647,1.6608971748718877,1.451626005402832,none,0.011744316552054908,0.0004156863932289756,0.1396935217372517,4.419324469577681,diagnostic only,ff49,ew
rolling120,1982-09,1992-08,20000,2.577213059347322,2.577107610213545,1.500759664023315,1.4447818904490695,none,0.010611973353621308,2.947888217730288e-05,0.009936807251906453,4.419324469577681,diagnostic only,ff49,ew
rolling120,1982-10,1992-09,20000,2.4999764902723682,2.5000112837544264,1.4671876671502933,1.444445707280495,none,0.010374583487152434,-9.940962824805943e-06,-0.0033537232700701445,4.419324469577681,diagnostic only,ff49,ew
rolling120,1982-11,1992-10,20000,2.117408423421163,2.116753577811405,1.3049422200515186,1.441927785726961,none,0.009227334928550567,0.0002101050318574771,0.07096801133033233,4.419324469577681,diagnostic only,ff49,ew
rolling120,1982-12,1992-11,20000,2.0206995420944067,2.021488493970048,1.2597718500244133,1.4393027496763342,none,0.00890793217900185,-0.0002611136455478169,-0.08856734198102459,4.419324469577681,diagnostic only,ff49,ew
rolling120,1983-01,1992-12,20000,2.049507836035069,2.0510491402283946,1.271992665534605,1.4394567440873183,none,0.008994346394190712,-0.0005051718679333073,-0.17136366843967177,4.419324469577681,diagnostic only,ff49,ew
rolling120,1983-02,1993-01,20000,1.8863722561939482,1.8888286093496114,1.1862056446933857,1.3845904554407718,none,0.008387740552444534,-0.0008502938345712474,-0.29285039758976433,4.419324469577681,diagnostic only,ff49,ew
rolling120,1983-03,1993-02,20000,1.6975777092469484,1.699010882713842,1.1101273993412122,1.38924526003908,none,0.007849786120551575,-0.0005309995139599621,-0.18257484278983513,4.419324469577681,diagnostic only,ff49,ew
rolling120,1983-04,1993-03,20000,1.6318344684852166,1.6319324815650127,1.083025225400844,1.3883165761022436,none,0.007658144810770258,-3.723996739379842e-05,-0.012798540928375103,4.419324469577681,diagnostic only,ff49,ew
rolling120,1983-05,1993-04,20000,1.398160586795042,1.3985751598040008,0.992363938391288,1.3987937996026083,none,0.00701707270241469,-0.0001728413667858586,-0.05908062044393547,4.419324469577681,diagnostic only,ff49,ew
rolling120,1983-06,1993-05,20000,1.3064925408587225,1.308070954475764,0.9546651298408796,1.399238784145727,none,0.006750501870728218,-0.0006838670249632584,-0.23382166945038002,4.419324469577681,diagnostic only,ff49,ew
rolling120,1983-07,1993-06,20000,1.208720406976071,1.210964760335104,0.9093718793714872,1.3823695501393958,none,0.006430230225239337,-0.001015101370811844,-0.34903157125284723,4.419324469577681,diagnostic only,ff49,ew
rolling120,1983-08,1993-07,20000,1.2889918463191146,1.2927594544368204,0.9440493629430384,1.3849348229932876,none,0.006675437063118626,-0.0016432635837200227,-0.5643987175793512,4.419324469577681,diagnostic only,ff49,ew
rolling120,1983-09,1993-08,20000,1.4587789354672362,1.4618708452140727,1.01917325385912,1.39558702816786,none,0.007206643190077425,-0.0012559187468534905,-0.4290360526095739,4.419324469577681,diagnostic only,ff49,ew
rolling120,1983-10,1993-09,20000,1.4804460735474434,1.4829219527937587,1.0273520178965547,1.3931900553141925,none,0.007264475785203371,-0.0009971635409359303,-0.340820083860463,4.419324469577681,diagnostic only,ff49,ew
rolling120,1983-11,1993-10,20000,1.7469856438453508,1.7498290943559494,1.136789536323849,1.3943193386677062,none,0.008038315899165047,-0.001034046267251565,-0.3537370944694879,4.419324469577681,diagnostic only,ff49,ew
rolling120,1983-12,1993-11,20000,1.594068574310203,1.5975815009315988,1.0762935026196705,1.3969932464205985,none,0.007610544342493902,-0.0013523835999509348,-0.46158677530872166,4.419324469577681,diagnostic only,ff49,ew
rolling120,1984-01,1993-12,20000,1.6803581363998104,1.6827060668506313,1.112726547149321,1.3983800109627194,none,0.007868164870955775,-0.0008752097293972527,-0.298408903388386,4.419324469577681,diagnostic only,ff49,ew
rolling120,1984-02,1994-01,20000,1.7909225254333925,1.7921999234301635,1.1602742242544681,1.400361778561648,none,0.008204377720062954,-0.0004574880136812842,-0.1556971217509067,4.419324469577681,diagnostic only,ff49,ew
rolling120,1984-03,1994-02,20000,1.92106206013095,1.9235464595595242,1.2111184733305072,1.3937829965439132,none,0.008563900853123004,-0.0008497896178288888,-0.2901013768355526,4.419324469577681,diagnostic only,ff49,ew
rolling120,1984-04,1994-03,20000,1.753349813457158,1.7566324235869164,1.1421111759552092,1.3935105693967997,none,0.008075945573868705,-0.0011908044401101048,-0.4064675894275495,4.419324469577681,diagnostic only,ff49,ew
rolling120,1984-05,1994-04,20000,1.7646950965218475,1.7667032449379012,1.148122613294005,1.3958759419770448,none,0.008118452854938112,-0.0007258271806808159,-0.24735604824411922,4.419324469577681,diagnostic only,ff49,ew
rolling120,1984-06,1994-05,20000,1.891433603030906,1.8934198115417757,1.200666543479235,1.395433531468599,none,0.008489994548379797,-0.0006864570785568569,-0.23394697129090222,4.419324469577681,diagnostic only,ff49,ew
rolling120,1984-07,1994-06,20000,1.7517795801738532,1.7530557869569132,1.1430006338333405,1.3967608605176394,none,0.00808223499084077,-0.000463560088068915,-0.15790270692529115,4.419324469577681,diagnostic only,ff49,ew
rolling120,1984-08,1994-07,20000,1.9256102266701023,1.9260217824474704,1.2127537347647575,1.3958801280438637,none,0.008575463897614715,-0.00014065369568916353,-0.04799224651654611,4.419324469577681,diagnostic only,ff49,ew
rolling120,1984-09,1994-08,20000,1.7894025426242268,1.7892422249325883,1.1570759490462763,1.3979780313656827,none,0.00818176249918482,5.74771492434234e-05,0.019594517887125504,4.419324469577681,diagnostic only,ff49,ew
rolling120,1984-10,1994-09,20000,1.8095294240080606,1.8093969433403254,1.1649597766747162,1.397361024209134,none,0.008237509578962578,4.7156265350567494e-05,0.016082611675927824,4.419324469577681,diagnostic only,ff49,ew
rolling120,1984-11,1994-10,20000,1.8670021735153783,1.867044451895504,1.189704467347052,1.3996383461472641,none,0.0084124809646903,-1.4746328783954432e-05,-0.005025673199519904,4.419324469577681,diagnostic only,ff49,ew
rolling120,1984-12,1994-11,20000,1.8344488873783444,1.836801800473908,1.1802757295068227,1.4049563132469112,none,0.008345809720041735,-0.0008294245636655262,-0.28192747911723864,4.419324469577681,diagnostic only,ff49,ew
rolling120,1985-01,1994-12,20000,1.8015077822846401,1.8047169734125084,1.1695618921499331,1.4094255693612197,none,0.008270051449565873,-0.001144212110629983,-0.3880497173976686,4.419324469577681,diagnostic only,ff49,ew
rolling120,1985-02,1995-01,20000,1.585163953655109,1.587683219638143,1.0758295334734542,1.406568957297072,none,0.007607263585198393,-0.0009735604280751708,-0.33116585942095755,4.419324469577681,diagnostic only,ff49,ew
rolling120,1985-03,1995-02,20000,1.5403653035543254,1.5425314071824845,1.0570079157832402,1.4058156426489377,none,0.007474174650181882,-0.000851947638499273,-0.2898117490613286,4.419324469577681,diagnostic only,ff49,ew
rolling120,1985-04,1995-03,20000,1.5915763211043628,1.5938991991590603,1.0716491973323634,1.3901385152638874,none,0.0075777041448683476,-0.0008955159303996041,-0.30654113835661095,4.419324469577681,diagnostic only,ff49,ew
rolling120,1985-05,1995-04,20000,1.6838946058100799,1.6863080897630645,1.1093441134767894,1.3893586610977475,none,0.007844247453088166,-0.0008984389996746778,-0.307675652434246,4.419324469577681,diagnostic only,ff49,ew
rolling120,1985-06,1995-05,20000,1.6696334236052819,1.673294280809308,1.1055338051514618,1.3922770345507152,none,0.00781730450453566,-0.0013694179613170654,-0.468301727520291,4.419324469577681,diagnostic only,ff49,ew
rolling120,1985-07,1995-06,20000,1.7715256826815327,1.7737334962436537,1.14882802968224,1.394833493832769,none,0.008123440902054921,-0.0007959717705796621,-0.27178305212543397,4.419324469577681,diagnostic only,ff49,ew
rolling120,1985-08,1995-07,20000,1.849954601118882,1.8528256085978043,1.1843889410160482,1.3972973874732901,none,0.008374894517548016,-0.0010063732848827334,-0.3428111808341658,4.419324469577681,diagnostic only,ff49,ew
rolling120,1985-09,1995-08,20000,1.9271291953653995,1.928066887268181,1.2165941279138501,1.3979162765894868,none,0.008602619577996174,-0.0003202426511699219,-0.1090007403302957,4.419324469577681,diagnostic only,ff49,ew
rolling120,1985-10,1995-09,20000,2.1721082209649665,2.1712985384906167,1.3228421945761586,1.4059686604093142,none,0.00935390686224496,0.00025531575300230536,0.08656088693996619,4.419324469577681,diagnostic only,ff49,ew
rolling120,1985-11,1995-10,20000,1.9736708814218895,1.970799000846843,1.2385764120193163,1.4061601777345387,none,0.008758057799565618,0.000966703090390153,0.3279129506531623,4.419324469577681,diagnostic only,ff49,ew
rolling120,1985-12,1995-11,20000,1.8602637156777724,1.8575078679053867,1.190771181598861,1.405345150372964,none,0.008420023773500724,0.0009644235115984223,0.3272969110917264,4.419324469577681,diagnostic only,ff49,ew
rolling120,1986-01,1995-12,20000,1.7927213930530481,1.7891909861942588,1.162744687303617,1.4076405694772651,none,0.008221846531810193,0.0012657458296201352,0.42939342702764777,4.419324469577681,diagnostic only,ff49,ew
rolling120,1986-02,1996-01,20000,1.7590627868830893,1.7557800216318546,1.1446683378914042,1.397007448792254,none,0.008094027439325462,0.0011912290623585786,0.40557871539760776,4.419324469577681,diagnostic only,ff49,ew
rolling120,1986-03,1996-02,20000,1.7051144152405995,1.7030387851749502,1.119298730384725,1.395247925415372,none,0.007914637224285322,0.0007678876370671439,0.26225207887992424,4.419324469577681,diagnostic only,ff49,ew
rolling120,1986-04,1996-03,20000,1.6271480334204464,1.6245562735801724,1.0864675264669699,1.3937490048196144,none,0.007682485555037691,0.0009875040083398012,0.33735954616595804,4.419324469577681,diagnostic only,ff49,ew
rolling120,1986-05,1996-04,20000,1.7401747557028255,1.738150193172173,1.1402959642737973,1.4002369453176293,none,0.008063110088976552,0.0007393906060013666,0.25108953100124504,4.419324469577681,diagnostic only,ff49,ew
rolling120,1986-06,1996-05,20000,1.8435033778800523,1.8418374051018387,1.191097973184823,1.4128119506764496,none,0.008422334538965409,0.0005862308572694985,0.19780415637802617,4.419324469577681,diagnostic only,ff49,ew
rolling120,1986-07,1996-06,20000,1.7398290049155636,1.7394685251803752,1.149632121095527,1.4129907441279954,none,0.008129126686965213,0.00013158747102748336,0.04434421421508865,4.419324469577681,diagnostic only,ff49,ew
rolling120,1986-08,1996-07,20000,1.705263461299162,1.706166880577951,1.1370615885953055,1.4136438742717856,none,0.008040239599224888,-0.0003338372386687549,-0.11236223344341786,4.419324469577681,diagnostic only,ff49,ew
rolling120,1986-09,1996-08,20000,1.7547480423470923,1.756391546731542,1.1569947485282288,1.411790051208482,none,0.008181188324815349,-0.0005962521494446982,-0.20088822298158224,4.419324469577681,diagnostic only,ff49,ew
rolling120,1986-10,1996-09,20000,1.9915199886769515,1.9945560613354365,1.2523922021198135,1.4050665672558589,none,0.008855750188240733,-0.0010138640240153762,-0.34283630341295634,4.419324469577681,diagnostic only,ff49,ew
rolling120,1986-11,1996-10,20000,1.848153291899706,1.8499663300167262,1.195142963980408,1.4094178025405393,none,0.008450936943179362,-0.0006361612408977146,-0.21453693586999845,4.419324469577681,diagnostic only,ff49,ew
rolling120,1986-12,1996-11,20000,1.9413711164657728,1.9437100420789561,1.2350801699362584,1.4109956486499176,none,0.008733335634709617,-0.0007945502715109853,-0.2678158393326371,4.419324469577681,diagnostic only,ff49,ew
rolling120,1987-01,1996-12,20000,2.016842347621202,2.018088985338163,1.2657422789689305,1.4084084319418337,none,0.008950149486934456,-0.000413055321767275,-0.1392868039557277,4.419324469577681,diagnostic only,ff49,ew
rolling120,1987-02,1997-01,20000,1.8771544521538777,1.8772760470621033,1.207297821739156,1.4094480935987264,none,0.008536884766635047,-4.226042487287529e-05,-0.014243475406958915,4.419324469577681,diagnostic only,ff49,ew
rolling120,1987-03,1997-02,20000,1.6783381998524058,1.6772275070349116,1.1343003402463636,1.4354595198159148,none,0.008020714624904118,0.0004148668032790681,0.13847803711224613,4.419324469577681,diagnostic only,ff49,ew
rolling120,1987-04,1997-03,20000,1.4741962684366658,1.4737167822301251,1.0443758177722513,1.4257196773783842,none,0.007384852228540049,0.00019383229720770778,0.06492834138070419,4.419324469577681,diagnostic only,ff49,ew
rolling120,1987-05,1997-04,20000,1.475754622490588,1.476262224844736,1.0428119993519556,1.4210515613867964,none,0.0073737943624446935,-0.00020498731881257726,-0.06883869134365711,4.419324469577681,diagnostic only,ff49,ew
rolling120,1987-06,1997-05,20000,1.6698530854468467,1.6708629770550978,1.125499950611824,1.4217301432617757,none,0.00795848647302745,-0.00037811434615964146,-0.12689493305966223,4.419324469577681,diagnostic only,ff49,ew
rolling120,1987-07,1997-06,20000,1.703108025227699,1.7031326025194469,1.1396990173887813,1.4220505903678815,none,0.008058889037072522,-9.09215172228972e-06,-0.0030497121420461513,4.419324469577681,diagnostic only,ff49,ew
rolling120,1987-08,1997-07,20000,1.7259390723787633,1.7262219286789744,1.1493818681892518,1.4202740615181986,none,0.008127357131694825,-0.00010375395239670127,-0.03480298646013741,4.419324469577681,diagnostic only,ff49,ew
rolling120,1987-09,1997-08,20000,1.7588597801398869,1.7603692378345084,1.1648934534575779,1.4211371053901154,none,0.008237040602996692,-0.0005468318056628396,-0.18325242855697077,4.419324469577681,diagnostic only,ff49,ew
rolling120,1987-10,1997-09,20000,2.0154136548961588,2.015912840250572,1.276147916008949,1.4250415309361542,none,0.009023728452070086,-0.0001655171687162671,-0.05531919062775688,4.419324469577681,diagnostic only,ff49,ew
rolling120,1987-11,1997-10,20000,3.1286160155631615,3.1274901772942156,1.72521421886128,1.405171775001712,none,0.012199106731562636,0.00027276582634638835,0.09228858257572128,4.419324469577681,diagnostic only,ff49,ew
rolling120,1987-12,1997-11,20000,3.227769348190598,3.228688872055727,1.764572860501664,1.3984768866496105,none,0.012477414355584703,-0.00021744892872233024,-0.07369506525345158,4.419324469577681,diagnostic only,ff49,ew
rolling120,1988-01,1997-12,20000,2.9296561165577253,2.927786931370789,1.636347193598548,1.3949740806459356,none,0.011570721969691096,0.00047588762313122146,0.16154438693042336,4.419324469577681,diagnostic only,ff49,ew
rolling120,1988-02,1998-01,20000,2.7363129684251826,2.734202224599423,1.5547727850479984,1.396204530853582,none,0.010993903795117341,0.0005652462557745874,0.19199220450675047,4.419324469577681,diagnostic only,ff49,ew
rolling120,1988-03,1998-02,20000,2.7158415688615296,2.714861831697741,1.5438029107235518,1.393502451822789,none,0.010916335069881537,0.00026373448278183,0.08974964193723424,4.419324469577681,diagnostic only,ff49,ew
rolling120,1988-04,1998-03,20000,2.739404059260853,2.7385134095868295,1.5516480380245183,1.3923814496604854,none,0.010971808497019389,0.0002382363192117154,0.08117619572611748,4.419324469577681,diagnostic only,ff49,ew
rolling120,1988-05,1998-04,20000,2.714489679315236,2.715234410580071,1.5329019913460817,1.3673497903720857,none,0.010839253929751767,-0.00020045337185570222,-0.06870687499910255,4.419324469577681,diagnostic only,ff49,ew
rolling120,1988-06,1998-05,20000,2.6185717357715865,2.6192560204139568,1.4989762066335381,1.3704790749947422,none,0.010599362405478622,-0.00018906776379190582,-0.06455903819427412,4.419324469577681,diagnostic only,ff49,ew
rolling120,1988-07,1998-06,20000,2.3488954517949794,2.3500813234300555,1.3909086789399265,1.374852256992414,none,0.009835209588896445,-0.0003539829396923544,-0.120574109210129,4.419324469577681,diagnostic only,ff49,ew
rolling120,1988-08,1998-07,20000,2.1590429548608934,2.1611838473392533,1.3235186774204146,1.390037143533257,none,0.00935869031831026,-0.0006772439003071007,-0.22875983770627184,4.419324469577681,diagnostic only,ff49,ew
rolling120,1988-09,1998-08,20000,1.6456045530234573,1.6465477977371057,1.1183783894123027,1.4069618439856728,none,0.007908129430859286,-0.0003564056974353358,-0.11927532571326173,4.419324469577681,diagnostic only,ff49,ew
rolling120,1988-10,1998-09,20000,1.683470137330593,1.685529085748529,1.1500110105603543,1.4498816861568378,none,0.008131805840064208,-0.0007666825985472858,-0.25319694769296436,4.419324469577681,diagnostic only,ff49,ew
rolling120,1988-11,1998-10,20000,1.8210360743959368,1.8227249303297661,1.2206280198050077,1.4706144337158946,none,0.008631143501104284,-0.0005983069464837731,-0.1956700098443741,4.419324469577681,diagnostic only,ff49,ew
rolling120,1988-12,1998-11,20000,2.120971367994176,2.1247065779451138,1.3660824432359322,1.4885691033889332,none,0.009659661592720145,-0.0011953794245199711,-0.3866812429280932,4.419324469577681,diagnostic only,ff49,ew
rolling120,1989-01,1998-12,20000,2.0898549709522922,2.092563794969143,1.359866067288712,1.4981379394677818,none,0.009615705176853302,-0.0008759153234793038,-0.28170830605034825,4.419324469577681,diagnostic only,ff49,ew
rolling120,1989-02,1999-01,20000,2.065585737735455,2.0678601588995345,1.3627920729630822,1.5154416523947223,none,0.009636395161394676,-0.0007413705469858645,-0.23602406563725034,4.419324469577681,diagnostic only,ff49,ew
rolling120,1989-03,1999-02,20000,1.8781564541850435,1.8817062590812061,1.2739840900714903,1.4945993561246735,none,0.009008427892133242,-0.0012318413387818472,-0.394053761507328,4.419324469577681,diagnostic only,ff49,ew
rolling120,1989-04,1999-03,20000,1.7680593303101926,1.7704653609542103,1.2355252380933108,1.5151607018354074,none,0.008736482741829038,-0.0008684572194719298,-0.27540037737360173,4.419324469577681,diagnostic only,ff49,ew
rolling120,1989-05,1999-04,20000,1.927303981750728,1.9297545749161444,1.311688672506244,1.522388037660313,none,0.009275039551347456,-0.0008364499833527494,-0.26421376985507167,4.419324469577681,diagnostic only,ff49,ew
rolling120,1989-06,1999-05,20000,1.9418540973068101,1.9414169127446494,1.3176252544116531,1.5203656258379457,none,0.009317017524571298,0.00014863060053338373,0.0469232306376715,4.419324469577681,diagnostic only,ff49,ew
rolling120,1989-07,1999-06,20000,2.078591325981328,2.0775323619683173,1.3804415035431274,1.522325855247337,none,0.00976119548186699,0.00034409516731570555,0.1084871228096961,4.419324469577681,diagnostic only,ff49,ew
rolling120,1989-08,1999-07,20000,1.981422843388849,1.9807262430800034,1.3397739567809501,1.5238309008899487,none,0.009473632500969423,0.00023370153849677777,0.07353043394645821,4.419324469577681,diagnostic only,ff49,ew
rolling120,1989-09,1999-08,20000,1.7979664884192956,1.7971869651060395,1.2585837924706893,1.525529783008774,none,0.008899531343475068,0.00027868116181739566,0.08759150152638948,4.419324469577681,diagnostic only,ff49,ew
rolling120,1989-10,1999-09,20000,1.7534038669048684,1.7544836543988618,1.2524465236612823,1.564302277619873,none,0.008856134299544105,-0.0003920108555623969,-0.12192537482736522,4.419324469577681,diagnostic only,ff49,ew
rolling120,1989-11,1999-10,20000,1.8537836891944055,1.8549516696633765,1.3018256276778828,1.5680686320022568,none,0.009205297292534645,-0.0004091069146220372,-0.12688134145523533,4.419324469577681,diagnostic only,ff49,ew
rolling120,1989-12,1999-11,20000,2.004534606463272,2.0069859705580018,1.3911227631293621,1.6029472736007333,none,0.009836723392717392,-0.0008152229903070074,-0.24920534987743428,4.419324469577681,diagnostic only,ff49,ew
rolling120,1990-01,1999-12,20000,2.193306063036854,2.196808016910312,1.4992465146411194,1.630846311859112,none,0.01060127377173032,-0.0010954532943278084,-0.3303333117192381,4.419324469577681,diagnostic only,ff49,ew
rolling120,1990-02,2000-01,20000,2.51366974899804,2.5193747095833765,1.6673287899401668,1.6513576355179815,none,0.011789794938342524,-0.0016210153950931838,-0.4838897211674787,4.419324469577681,diagnostic only,ff49,ew
rolling120,1990-03,2000-02,20000,2.742437216195683,2.749213809166343,1.872220713563439,1.7954898434837818,none,0.013238599624386244,-0.001807470396618105,-0.5118814045994078,4.419324469577681,diagnostic only,ff49,ew
rolling120,1990-04,2000-03,20000,2.706221843277859,2.7127666189835336,1.8638337661196402,1.8009885705856141,none,0.013179294950276591,-0.0017627759504761364,-0.49659528300771005,4.419324469577681,diagnostic only,ff49,ew
rolling120,1990-05,2000-04,20000,2.574570994814472,2.582786098395695,1.8159201629574357,1.810464140691016,none,0.012840494613205833,-0.002292937215789048,-0.6397809296827379,4.419324469577681,diagnostic only,ff49,ew
rolling120,1990-06,2000-05,20000,2.2778774996961015,2.2843161460747186,1.675975191311092,1.8236279295632383,none,0.011850934228764945,-0.0019604222286311312,-0.5433028531192876,4.419324469577681,diagnostic only,ff49,ew
rolling120,1990-07,2000-06,20000,2.4166703204898963,2.4249783648371954,1.762115912256434,1.8413216947115114,none,0.012460041107932439,-0.0024257217016593335,-0.6667750351168582,4.419324469577681,diagnostic only,ff49,ew
rolling120,1990-08,2000-07,20000,2.489087424294062,2.4980118876314497,1.8036542780775198,1.8431058246456473,none,0.012753761709447411,-0.002551295885798277,-0.6997514569193073,4.419324469577681,diagnostic only,ff49,ew
rolling120,1990-09,2000-08,20000,3.1660572287128534,3.1731980176456416,2.1596825113718605,1.8494966579045373,none,0.015271261490010355,-0.001711107141955548,-0.4675965333616517,4.419324469577681,diagnostic only,ff49,ew
rolling120,1990-10,2000-09,20000,3.4176337007424036,3.427295569090261,2.301261555863762,1.8583478409928214,none,0.01627237651435171,-0.0021823409341164,-0.5937588980525422,4.419324469577681,diagnostic only,ff49,ew
rolling120,1990-11,2000-10,20000,3.495930957952328,3.5012473650352636,2.3546353235544695,1.8731105145005384,none,0.016649786045067456,-0.0011810964054612683,-0.3193078318571222,4.419324469577681,diagnostic only,ff49,ew
rolling120,1990-12,2000-11,20000,3.0055544248845325,3.0099400840869457,2.127433159245023,1.8903484701248996,none,0.015043224134232758,-0.0010936969407141506,-0.29153718400253453,4.419324469577681,diagnostic only,ff49,ew
rolling120,1991-01,2000-12,20000,3.0001803228596318,3.011176334254845,2.1477481416813133,1.9148139292420616,none,0.015186872752636624,-0.002741343306528088,-0.7240471145255486,4.419324469577681,diagnostic only,ff49,ew
rolling120,1991-02,2001-01,20000,3.4123955023746237,3.4282241664306508,2.4160337653360964,1.9577482155248531,none,0.017083938590448215,-0.003574494754809532,-0.9265231183210269,4.419324469577681,diagnostic only,ff49,ew
rolling120,1991-03,2001-02,20000,2.768687005555388,2.783809297840729,2.091897347754389,1.982791250581768,none,0.01479194800143282,-0.003996578869334355,-1.0223327099227433,4.419324469577681,diagnostic only,ff49,ew
rolling120,1991-04,2001-03,20000,2.3422279594486572,2.356916453853101,1.8637650282793796,1.9948294522181023,none,0.013178808900346868,-0.0043755912922957,-1.1145540174011506,4.419324469577681,diagnostic only,ff49,ew
rolling120,1991-05,2001-04,20000,2.492319760487933,2.506936777235081,1.9582884671843335,2.014508207835461,none,0.013847190546654519,-0.00416802972954422,-1.0555943964156298,4.419324469577681,diagnostic only,ff49,ew
rolling120,1991-06,2001-05,20000,2.6176578375577293,2.631189712282656,2.0270183682057943,2.0144691133082118,none,0.014333184337480072,-0.0037265678185731677,-0.9440940970487597,4.419324469577681,diagnostic only,ff49,ew
rolling120,1991-07,2001-06,20000,2.746317268253232,2.7596073074669336,2.101866844221666,2.0154904131271265,none,0.014862442987003089,-0.0035349540861105977,-0.8942028726585205,4.419324469577681,diagnostic only,ff49,ew
rolling120,1991-08,2001-07,20000,2.5602170503044066,2.5713526766214527,2.002126188558827,2.019719108705539,none,0.014157170047211226,-0.00311804162885998,-0.7865714885044904,4.419324469577681,diagnostic only,ff49,ew
rolling120,1991-09,2001-08,20000,2.412023496607929,2.4228065150018727,1.9225000899154125,2.0236024249892726,none,0.013594128504109355,-0.0031503441245313013,-0.7932114508616055,4.419324469577681,diagnostic only,ff49,ew
rolling120,1991-10,2001-09,20000,2.001250684504294,2.010930205725459,1.7125333230298587,2.066627548691543,none,0.012109439257223454,-0.003214794286084399,-0.7993368656926981,4.419324469577681,diagnostic only,ff49,ew
rolling120,1991-11,2001-10,20000,2.1144696302500163,2.124418560956085,1.7921580523067298,2.0865101129847896,none,0.01267247111744164,-0.0031842502891239466,-0.785082137009222,4.419324469577681,diagnostic only,ff49,ew
rolling120,1991-12,2001-11,20000,2.3528707591625877,2.36469469230257,1.9374421666298287,2.0931741988532164,none,0.013699784941807088,-0.0035141176900929105,-0.863074361401082,4.419324469577681,diagnostic only,ff49,ew
rolling120,1992-01,2001-12,20000,2.40396925506112,2.4143449022895775,1.9634870658232602,2.090568482252695,none,0.013883950190157042,-0.0030388398141910633,-0.747312334483417,4.419324469577681,diagnostic only,ff49,ew
rolling120,1992-02,2002-01,20000,2.020807199935481,2.0308606381944774,1.7294716024485919,2.072812788173444,none,0.01222921097960964,-0.0033170242578309805,-0.8220839656588542,4.419324469577681,diagnostic only,ff49,ew
rolling120,1992-03,2002-02,20000,1.8622058241239552,1.8757107807930673,1.6506507548801348,2.090808534248935,none,0.01167186342146437,-0.0046962151963653165,-1.1570523215921729,4.419324469577681,diagnostic only,ff49,ew
rolling120,1992-04,2002-03,20000,2.1515270468886563,2.1659481749628626,1.8196851460541728,2.095113783537444,none,0.012867117063993386,-0.004555073954858879,-1.120773830103842,4.419324469577681,diagnostic only,ff49,ew
rolling120,1992-05,2002-04,20000,2.3333827637953184,2.3450461870358157,1.9283766001960478,2.101459310198389,none,0.013635681706800852,-0.003486774946695914,-0.8553604793136316,4.419324469577681,diagnostic only,ff49,ew
rolling120,1992-06,2002-05,20000,2.307055437740316,2.319138930432954,1.925432282828817,2.126046758056673,none,0.01361486223903751,-0.0036405504397074573,-0.887522215097499,4.419324469577681,diagnostic only,ff49,ew
rolling120,1992-07,2002-06,20000,2.2543300233553802,2.265809897471815,1.8953158246578323,2.1257096871567147,none,0.013401906721057266,-0.003515169123996409,-0.8565851378742598,4.419324469577681,diagnostic only,ff49,ew
rolling120,1992-08,2002-07,20000,1.7991757664843018,1.8075347040448153,1.6323405933035895,2.1275206780475213,none,0.011542391027310403,-0.0029773229689630254,-0.7241946266363258,4.419324469577681,diagnostic only,ff49,ew
rolling120,1992-09,2002-08,20000,1.9218036770926374,1.9317941596201043,1.712146210803857,2.1395257954841855,none,0.012106701960422593,-0.0034076343643311136,-0.8252026489233977,4.419324469577681,diagnostic only,ff49,ew
rolling120,1992-10,2002-09,20000,1.6473699951460843,1.654931944786667,1.554135192450474,2.1439894692532984,none,0.010989395334623902,-0.002848264964166791,-0.6881133502184235,4.419324469577681,diagnostic only,ff49,ew
rolling120,1992-11,2002-10,20000,1.6759445584173027,1.6818943950913123,1.577109283554285,2.152211757520388,none,0.011151846690734926,-0.0022185201195465964,-0.5335292744790691,4.419324469577681,diagnostic only,ff49,ew
rolling120,1992-12,2002-11,20000,1.757298601426919,1.7613948242277568,1.6341660371730795,2.1717708291324826,none,0.011555298864698322,-0.0014833890340123501,-0.3544886937846259,4.419324469577681,diagnostic only,ff49,ew
rolling120,1993-01,2002-12,20000,1.579297116569262,1.5843617804511356,1.5362501444964707,2.1822582984025187,none,0.010862928947722679,-0.0019597348638197287,-0.4662337299863697,4.419324469577681,diagnostic only,ff49,ew
rolling120,1993-02,2003-01,20000,1.4076921601330095,1.4133890594036238,1.4323557703690861,2.180321387046855,none,0.01012828478299662,-0.0023605391134167153,-0.5624742384987342,4.419324469577681,diagnostic only,ff49,ew
rolling120,1993-03,2003-02,20000,1.365050621810276,1.3704553325288966,1.405071451284942,2.1794715460844687,none,0.009935355512552063,-0.002280030610344541,-0.5439876521572298,4.419324469577681,diagnostic only,ff49,ew
rolling120,1993-04,2003-03,20000,1.3118615039776271,1.3179059531643316,1.3743108155888177,2.1795933333026345,none,0.009717844971608677,-0.002607719773294881,-0.6219948151430377,4.419324469577681,diagnostic only,ff49,ew
rolling120,1993-05,2003-04,20000,1.561207067336621,1.5670136851585466,1.5211773572300213,2.177088878837654,none,0.010756348246847793,-0.0022620128032417863,-0.539831705767546,4.419324469577681,diagnostic only,ff49,ew
rolling120,1993-06,2003-05,20000,1.7547088475972157,1.7595322053648301,1.649909630556403,2.2049024571271962,none,0.011666622881114239,-0.00174788964529482,-0.4134322174262122,4.419324469577681,diagnostic only,ff49,ew
rolling120,1993-07,2003-06,20000,1.85964851180995,1.8642130829688686,1.7119449724434672,2.204109425176107,none,0.012105278990329928,-0.0015936562772024265,-0.3770727764775135,4.419324469577681,diagnostic only,ff49,ew
rolling120,1993-08,2003-07,20000,1.9930704681930884,1.9979277134238878,1.7979152603865538,2.2095205050950635,none,0.012713180726181095,-0.0016202009171368825,-0.3820637286148609,4.419324469577681,diagnostic only,ff49,ew
rolling120,1993-09,2003-08,20000,2.0368437111622733,2.043483170424867,1.8252937261997806,2.2107922618312434,none,0.012906775714531261,-0.0021815330957347667,-0.5144165676574398,4.419324469577681,diagnostic only,ff49,ew
rolling120,1993-10,2003-09,20000,2.044137166433434,2.050345804155762,1.828974513168165,2.2112270833395513,none,0.012932802808785738,-0.002035388156277129,-0.4800690008286919,4.419324469577681,diagnostic only,ff49,ew
rolling120,1993-11,2003-10,20000,2.155169214511507,2.162718922867531,1.897180615815574,2.211481099943759,none,0.013415092785788625,-0.002387094313515248,-0.5627772000221963,4.419324469577681,diagnostic only,ff49,ew
rolling120,1993-12,2003-11,20000,2.3820425505197846,2.390125388801266,2.0449105105921364,2.2384261810186334,none,0.014459700889593448,-0.0023842298896028513,-0.5589906971933736,4.419324469577681,diagnostic only,ff49,ew
rolling120,1994-01,2003-12,20000,2.5229736252469896,2.5330652215652827,2.1400562095033244,2.251604766974274,none,0.015132482578601794,-0.0028563289057602637,-0.6668830620405366,4.419324469577681,diagnostic only,ff49,ew
rolling120,1994-02,2004-01,20000,2.5672061401781217,2.579782147640425,2.1732730741603326,2.25672089421603,none,0.015367361281089056,-0.003513065025644857,-0.8183582875597055,4.419324469577681,diagnostic only,ff49,ew
rolling120,1994-03,2004-02,20000,2.6794410706770946,2.693114140727768,2.2483019524433905,2.2651190877310814,none,0.01589789556727676,-0.003702314504684945,-0.8600553446090896,4.419324469577681,diagnostic only,ff49,ew
rolling120,1994-04,2004-03,20000,2.8859885910926555,2.8985297415200493,2.374785652606033,2.2667114974251934,none,0.016792270388222466,-0.003216892330928811,-0.7468406676079805,4.419324469577681,diagnostic only,ff49,ew
rolling120,1994-05,2004-04,20000,2.8378065937759804,2.852995260268963,2.3557380765712943,2.269362381590619,none,0.016657583686429164,-0.003942041312535283,-0.9118169104776523,4.419324469577681,diagnostic only,ff49,ew
rolling120,1994-06,2004-05,20000,2.8678992370709575,2.8814590092329264,2.375905827878617,2.272747998748048,none,0.016800191223536085,-0.0034934729774844797,-0.8071201084290315,4.419324469577681,diagnostic only,ff49,ew
rolling120,1994-07,2004-06,20000,3.1608460509533716,3.1723937563989315,2.5554077688982204,2.2740479293834253,none,0.018069461620847174,-0.002767645174391764,-0.6390730220892179,4.419324469577681,diagnostic only,ff49,ew
rolling120,1994-08,2004-07,20000,2.889321612979292,2.8963556332918987,2.3930434390254605,2.279413420715897,none,0.016921372434088793,-0.001805281903044298,-0.41568852290233693,4.419324469577681,diagnostic only,ff49,ew
rolling120,1994-09,2004-08,20000,2.698633184501154,2.7052775178482436,2.276570774386767,2.2801507816731825,none,0.016097786324199927,-0.0017932080161564556,-0.4127482632255532,4.419324469577681,diagnostic only,ff49,ew
rolling120,1994-10,2004-09,20000,2.8095087288771463,2.8160049779516623,2.346355773855452,2.2818679565643905,none,0.016591240787693994,-0.0017023691300326327,-0.39154691066471276,4.419324469577681,diagnostic only,ff49,ew
rolling120,1994-11,2004-10,20000,2.8411562919614486,2.848235025683293,2.3650225583800455,2.2798229044195195,none,0.016723234886896875,-0.0018394754152489812,-0.4232873466000839,4.419324469577681,diagnostic only,ff49,ew
rolling120,1994-12,2004-11,20000,3.4160170030275103,3.4200076094768335,2.7225260844227144,2.284490593322822,none,0.019251166562525603,-0.0009028505835072531,-0.20729166912364014,4.419324469577681,diagnostic only,ff49,ew
rolling120,1995-01,2004-12,20000,3.6858055197761437,3.691482643553061,2.8894665574030953,2.2838270046176388,none,0.02043161396751477,-0.0012100916081867474,-0.27785978072725315,4.419324469577681,diagnostic only,ff49,ew
rolling120,1995-02,2005-01,20000,3.4427147433480116,3.44644787833872,2.7405250853631853,2.2854107139835937,none,0.019378438718721504,-0.0008395769146187781,-0.19264374415787144,4.419324469577681,diagnostic only,ff49,ew
rolling120,1995-03,2005-02,20000,3.430749797316756,3.4371628332616435,2.7422456123634227,2.293336314913257,none,0.019390604681812328,-0.0014453010146067147,-0.3307290334737692,4.419324469577681,diagnostic only,ff49,ew
rolling120,1995-04,2005-03,20000,3.240249405389144,3.244840950404752,2.6240824220384367,2.2935196022040825,none,0.018555064750157984,-0.0010816765738114187,-0.24745507910820508,4.419324469577681,diagnostic only,ff49,ew
rolling120,1995-05,2005-04,20000,2.917653753470087,2.9211380619143985,2.42653345343291,2.2961591606509657,none,0.01715818259698422,-0.0008885962160206651,-0.20306978461250924,4.419324469577681,diagnostic only,ff49,ew
rolling120,1995-06,2005-05,20000,3.018751685540385,3.021320827516524,2.4860084006832066,2.2934980007588006,none,0.01757873398209819,-0.0006388801307667391,-0.1461505691340156,4.419324469577681,diagnostic only,ff49,ew
rolling120,1995-07,2005-06,20000,2.984910351945179,2.9890203985435306,2.4651151433797764,2.2929113628760027,none,0.017430996342894883,-0.0010303398297617505,-0.23578953936428265,4.419324469577681,diagnostic only,ff49,ew
rolling120,1995-08,2005-07,20000,3.0361603139792206,3.0403253064080804,2.499485512831383,2.2964283802678005,none,0.017674031556006064,-0.001030855714081902,-0.2356560480081552,4.419324469577681,diagnostic only,ff49,ew
rolling120,1995-09,2005-08,20000,2.8803916446886766,2.886900322946165,2.403399229324313,2.2955389659214003,none,0.01699459892953744,-0.0016745163798167484,-0.3829851051192609,4.419324469577681,diagnostic only,ff49,ew
rolling120,1995-10,2005-09,20000,2.8038385722073036,2.8100768011573614,2.358062469826058,2.297627145316219,none,0.016674019628755043,-0.0016372974287979236,-0.37412867976355746,4.419324469577681,diagnostic only,ff49,ew
rolling120,1995-11,2005-10,20000,2.8419915748671154,2.8482272878677444,2.3808763113091973,2.296617087911466,none,0.01683533784893147,-0.0016204118245011223,-0.37039428947514413,4.419324469577681,diagnostic only,ff49,ew
rolling120,1995-12,2005-11,20000,2.928465554963438,2.93393694829988,2.435024354793281,2.297686225489803,none,0.017218222336287264,-0.0013908187671403116,-0.31776760861724795,4.419324469577681,diagnostic only,ff49,ew
rolling120,1996-01,2005-12,20000,2.9332793266652977,2.939631161738446,2.436672938314957,2.2956876309914334,none,0.01722987958216256,-0.0016122918142279508,-0.36865231952777067,4.419324469577681,diagnostic only,ff49,ew
rolling120,1996-02,2006-01,20000,3.105597212711358,3.112767634925155,2.547296069838002,2.2986079480455115,none,0.018012103246722925,-0.001743454250346499,-0.39808911350215165,4.419324469577681,diagnostic only,ff49,ew
rolling120,1996-03,2006-02,20000,2.9664322852647222,2.9723706230184903,2.4602035460935223,2.297670566335946,none,0.017396266105419205,-0.0014949102984896934,-0.34135703131824247,4.419324469577681,diagnostic only,ff49,ew
rolling120,1996-04,2006-03,20000,3.0392901616102774,3.0465775560902966,2.5062626072241003,2.2979358585423157,none,0.01772195285002438,-0.0018008784902815433,-0.41120719266607875,4.419324469577681,diagnostic only,ff49,ew
rolling120,1996-05,2006-04,20000,2.9302362329867564,2.937150856636369,2.4366065861062483,2.298506422551648,none,0.017229410401195314,-0.0017562506242191356,-0.40132677141016804,4.419324469577681,diagnostic only,ff49,ew
rolling120,1996-06,2006-05,20000,2.4983862818157276,2.504726708618505,2.1622803048081405,2.28936422629043,none,0.01528963066355951,-0.0018091073370102295,-0.4146880289194159,4.419324469577681,diagnostic only,ff49,ew
rolling120,1996-07,2006-06,20000,2.5620112937856327,2.5691969007872286,2.199994128841868,2.287702860330187,none,0.01555630767074676,-0.0020132279617330884,-0.46190954522635363,4.419324469577681,diagnostic only,ff49,ew
rolling120,1996-08,2006-07,20000,2.769332339624245,2.776139005697992,2.327874033249582,2.288109160121186,none,0.01646055514658858,-0.0018025464802741142,-0.41351376142119867,4.419324469577681,diagnostic only,ff49,ew
rolling120,1996-09,2006-08,20000,2.6773708331839554,2.6842548976685414,2.272216231950544,2.2886258525847367,none,0.016066995059343746,-0.001868509284996045,-0.42845998639817745,4.419324469577681,diagnostic only,ff49,ew
rolling120,1996-10,2006-09,20000,2.6060521532109573,2.612833141433879,2.232638838523555,2.291874489804288,none,0.01578714062660463,-0.0018769170779446842,-0.4295260543568189,4.419324469577681,diagnostic only,ff49,ew
rolling120,1996-11,2006-10,20000,2.8864914048847368,2.8937479467495266,2.4028894087378423,2.288244699361589,none,0.01699099395359862,-0.0018636393428721476,-0.4270816577656984,4.419324469577681,diagnostic only,ff49,ew
rolling120,1996-12,2006-11,20000,2.9201848373623847,2.9270462457924964,2.4221465675864438,2.287126392819157,none,0.017127162629680944,-0.0017472186474664086,-0.40061559398175434,4.419324469577681,diagnostic only,ff49,ew
rolling120,1997-01,2006-12,20000,3.016870036824746,3.025573301934032,2.4811228055763332,2.285620787612762,none,0.01754418760779617,-0.0021619939463293214,-0.49607683774532296,4.419324469577681,diagnostic only,ff49,ew
rolling120,1997-02,2007-01,20000,2.8815999099912366,2.891387009597547,2.398895664468385,2.2852917131842894,none,0.01696275391704604,-0.002515067142428107,-0.5769758645425711,4.419324469577681,diagnostic only,ff49,ew
rolling120,1997-03,2007-02,20000,2.8896654274905083,2.9001277853017107,2.3884655189137765,2.262984035928281,none,0.016889001650541774,-0.002682567953448012,-0.6194775764538337,4.419324469577681,diagnostic only,ff49,ew
rolling120,1997-04,2007-03,20000,3.1114158887585517,3.1234567055984614,2.5231327549933056,2.2617184787063374,none,0.01784124280889662,-0.00292007839528452,-0.6748866639439239,4.419324469577681,diagnostic only,ff49,ew
rolling120,1997-05,2007-04,20000,3.3230927451800083,3.3347202175763213,2.6539423508416347,2.263557088021989,none,0.018766206331582873,-0.0026824043566101574,-0.6195963206875956,4.419324469577681,diagnostic only,ff49,ew
rolling120,1997-06,2007-05,20000,3.116844500744633,3.1277835868307022,2.5287195996562977,2.2650996460238306,none,0.017880747766362996,-0.0026501113384358455,-0.6117801240196379,4.419324469577681,diagnostic only,ff49,ew
rolling120,1997-07,2007-06,20000,2.952650887790487,2.962826461995069,2.4285285792059854,2.266580942058187,none,0.017172290266618838,-0.002567756701477908,-0.5925577803889208,4.419324469577681,diagnostic only,ff49,ew
rolling120,1997-08,2007-07,20000,2.5987178245522338,2.609035576837917,2.2122377605283248,2.2664286328327647,none,0.0156428832206652,-0.0028588668817510765,-0.659581238326502,4.419324469577681,diagnostic only,ff49,ew
rolling120,1997-09,2007-08,20000,2.4078059129398675,2.414341656595434,2.093751492815674,2.2668975713544537,none,0.0148050587868942,-0.0019142031796792747,-0.44145340789541593,4.419324469577681,diagnostic only,ff49,ew
rolling120,1997-10,2007-09,20000,2.239514309761122,2.2450207546771277,1.991666811753882,2.26963341466427,none,0.014083211084553609,-0.0016968905077322516,-0.3909935655260657,4.419324469577681,diagnostic only,ff49,ew
rolling120,1997-11,2007-10,20000,2.377555102003032,2.3830773791247726,2.080035343311976,2.2741214277418087,none,0.014708070963635866,-0.0016323236222192117,-0.37545896639973614,4.419324469577681,diagnostic only,ff49,ew
rolling120,1997-12,2007-11,20000,2.18378886686827,2.1893671947682365,1.9623645984468607,2.2769199593162264,none,0.013876013147221915,-0.0017490390912395792,-0.40201229566314006,4.419324469577681,diagnostic only,ff49,ew
rolling120,1998-01,2007-12,20000,2.2634042699690875,2.2698216538035036,2.011063377633337,2.2763685273584744,none,0.014220365517204552,-0.0019626097426296285,-0.45128121542671,4.419324469577681,diagnostic only,ff49,ew
rolling120,1998-02,2008-01,20000,2.052223210061223,2.0605083681817336,1.8886606988867676,2.2851299451325144,none,0.013354847875433574,-0.0027071182704958563,-0.6203858102907335,4.419324469577681,diagnostic only,ff49,ew
rolling120,1998-03,2008-02,20000,1.8401010816801933,1.8478710326629537,1.7654275650640594,2.2978909329396378,none,0.012483458029504513,-0.0027283366745352033,-0.6224197625686939,4.419324469577681,diagnostic only,ff49,ew
rolling120,1998-04,2008-03,20000,1.65311280784015,1.6606416433616618,1.6512350543309873,2.300766284117438,none,0.011675995042503783,-0.0028297067139034793,-0.6448131824401033,4.419324469577681,diagnostic only,ff49,ew
rolling120,1998-05,2008-04,20000,1.673507312935615,1.6825818027949513,1.6674233662597011,2.3054316173637064,none,0.01179046369391135,-0.0033827448802797866,-0.7696465630967797,4.419324469577681,diagnostic only,ff49,ew
rolling120,1998-06,2008-05,20000,1.900895093743916,1.9110913309670257,1.814135244030324,2.3169581093434046,none,0.012827873330433543,-0.0035025480357301353,-0.7948501642060642,4.419324469577681,diagnostic only,ff49,ew
rolling120,1998-07,2008-06,20000,1.7237318444151462,1.733961224452254,1.7180209136454059,2.3463081537398964,none,0.012148242382589745,-0.0037415966055470706,-0.8420460931671947,4.419324469577681,diagnostic only,ff49,ew
rolling120,1998-08,2008-07,20000,1.8993678978995605,1.9086515302677975,1.828649195354763,2.342131713191579,none,0.012930502464466765,-0.003191730694320105,-0.717963775479616,4.419324469577681,diagnostic only,ff49,ew
rolling120,1998-09,2008-08,20000,2.647089376744207,2.655664252793137,2.2987889403337887,2.3370116932279923,none,0.016254892482266598,-0.0023456410260811467,-0.5275258546486561,4.419324469577681,diagnostic only,ff49,ew
rolling120,1998-10,2008-09,20000,2.097067766765876,2.101747285438214,1.9559885685214424,2.3224410351512974,none,0.013830927807248799,-0.0015086718038915814,-0.33833729288105363,4.419324469577681,diagnostic only,ff49,ew
rolling120,1998-11,2008-10,20000,1.2762152130112943,1.2782289621390759,1.4512534686372547,2.341270943698756,none,0.010261911688939014,-0.0008839098972258652,-0.1962352813805817,4.419324469577681,diagnostic only,ff49,ew
rolling120,1998-12,2008-11,20000,0.8311133016337335,0.8316085723417239,1.1733130554440157,2.36418102972518,none,0.008296576179591711,-0.0002704020473965896,-0.05969579465908716,4.419324469577681,diagnostic only,ff49,ew
rolling120,1999-01,2008-12,20000,0.880193574697148,0.8809292462785703,1.2063293879971184,2.366084308387586,none,0.008530036905973802,-0.00039112134753493955,-0.08624482983269192,4.419324469577681,diagnostic only,ff49,ew
rolling120,1999-02,2009-01,20000,0.6937096636433273,0.6963913876153685,1.0877234244295508,2.363644417507439,none,0.0076913660946958855,-0.0015808403600838794,-0.3486667958622471,4.419324469577681,diagnostic only,ff49,ew
rolling120,1999-03,2009-02,20000,0.5638401844646634,0.5665279806255039,1.0117628244512804,2.3828319257014963,none,0.007154243541219548,-0.001715766455551715,-0.37569257257662453,4.419324469577681,diagnostic only,ff49,ew
rolling120,1999-04,2009-03,20000,0.7816961334389787,0.7846221770052235,1.1556982484975122,2.3941272231887303,none,0.008172020685180066,-0.0016395871372365534,-0.35805630932275895,4.419324469577681,diagnostic only,ff49,ew
rolling120,1999-05,2009-04,20000,1.0590602420379172,1.0597686324190394,1.3452144417130687,2.41443875214293,none,0.009512102538853866,-0.0003439174526558286,-0.07447253414570566,4.419324469577681,diagnostic only,ff49,ew
rolling120,1999-06,2009-05,20000,1.192980529838401,1.1943263618480944,1.4413831628594067,2.4355826224763235,none,0.010192118087460003,-0.0006133235388739999,-0.13204635171458168,4.419324469577681,diagnostic only,ff49,ew
rolling120,1999-07,2009-06,20000,1.162547918790764,1.1625450155573764,1.4276086413092581,2.4451355182389514,none,0.0100947175115029,1.3425077243223171e-06,0.0002875992700307197,4.419324469577681,diagnostic only,ff49,ew
rolling120,1999-08,2009-07,20000,1.3881485006400458,1.389019425738892,1.58619747005814,2.4710797731155325,none,0.011216109873790564,-0.00036455337677987476,-0.0776494799575091,4.419324469577681,diagnostic only,ff49,ew
rolling120,1999-09,2009-08,20000,1.684270149883392,1.6810794836485554,1.785261076323177,2.479397191702836,none,0.012623702132565131,0.0011900677522975744,0.2527520216597757,4.419324469577681,diagnostic only,ff49,ew
rolling120,1999-10,2009-09,20000,1.963160424609231,1.9587642667686778,1.963356591125704,2.4578720860142917,none,0.01388302759472289,0.0014858087512845675,0.31665699794648344,4.419324469577681,diagnostic only,ff49,ew
rolling120,1999-11,2009-10,20000,1.8622985711850837,1.856821350593917,1.8926671861312243,2.454175879898318,none,0.013383178018426502,0.0019172429490657006,0.40926158074153696,4.419324469577681,diagnostic only,ff49,ew
rolling120,1999-12,2009-11,20000,1.8297674262051398,1.8210214586318285,1.8537055882380244,2.4252507980967226,none,0.013107677917665051,0.003100283957979233,0.6672400426870745,4.419324469577681,diagnostic only,ff49,ew
rolling120,2000-01,2009-12,20000,1.8695294042595252,1.8626518579292362,1.8676226958024416,2.4015067205309966,none,0.01320608672899807,0.0024025088175634313,0.5207860944292633,4.419324469577681,diagnostic only,ff49,ew
rolling120,2000-02,2010-01,20000,1.6996341316878034,1.6930735829173358,1.7462179004561764,2.3814850073689384,none,0.01234762518841898,0.002436082256378924,0.5313206928746809,4.419324469577681,diagnostic only,ff49,ew
rolling120,2000-03,2010-02,20000,1.600758251974023,1.5987116326546098,1.628531270713466,2.2543067445433818,none,0.01151545504895837,0.0007875515288791046,0.1777280455450545,4.419324469577681,diagnostic only,ff49,ew
rolling120,2000-04,2010-03,20000,1.7616755860037483,1.7577522741490972,1.7248605463784359,2.2538399858039604,none,0.012196605889453255,0.0014226483979100646,0.3216724300359422,4.419324469577681,diagnostic only,ff49,ew
rolling120,2000-05,2010-04,20000,2.145415985357586,2.140046175309276,1.9533901755578524,2.2446885003220505,none,0.013812554394401379,0.0017101054406569727,0.3887629974139107,4.419324469577681,diagnostic only,ff49,ew
rolling120,2000-06,2010-05,20000,2.0049576743536863,2.0019189578311924,1.8577009202602484,2.230312046579281,none,0.013135929181325114,0.0010122580140168314,0.2313286316139641,4.419324469577681,diagnostic only,ff49,ew
rolling120,2000-07,2010-06,20000,1.6507467328243943,1.6476342894351887,1.6334221492961831,2.2202929116615375,none,0.011550038783076363,0.0011755563831550297,0.2694747132594974,4.419324469577681,diagnostic only,ff49,ew
rolling120,2000-08,2010-07,20000,1.8319381178808787,1.826886389229903,1.7398173902267746,2.2158343281105233,none,0.01230236674655634,0.0017870292453994185,0.41063063352340456,4.419324469577681,diagnostic only,ff49,ew
rolling120,2000-09,2010-08,20000,1.5138555190727614,1.5101157162003247,1.540209097979616,2.2085383483077097,none,0.01089092297626602,0.001489892616623134,0.3433871381320606,4.419324469577681,diagnostic only,ff49,ew
rolling120,2000-10,2010-09,20000,1.8709657039358687,1.8649031325612122,1.7522984838003794,2.200350075398175,none,0.012390621405581538,0.002116152307473085,0.489287112906663,4.419324469577681,diagnostic only,ff49,ew
rolling120,2000-11,2010-10,20000,2.147340771220276,2.141885647713142,1.9077925806210443,2.1808893293606104,none,0.013490130708545236,0.0017362578141901786,0.4043788473953279,4.419324469577681,diagnostic only,ff49,ew
rolling120,2000-12,2010-11,20000,2.5433693124931156,2.53391845294357,2.1222470037521353,2.164777510533387,none,0.015006552477059672,0.002674328702088058,0.6297821944109354,4.419324469577681,diagnostic only,ff49,ew
rolling120,2001-01,2010-12,20000,2.826014974966371,2.8130440113882194,2.2712136099154367,2.139230413967486,none,0.016059905450943834,0.0034017345562789014,0.8076612666103424,4.419324469577681,diagnostic only,ff49,ew
rolling120,2001-02,2011-01,20000,2.2578216396722786,2.2433215387362626,1.8981015515619053,2.094728589954526,none,0.013421604784901306,0.004470756526244957,1.0803552308683608,4.419324469577681,diagnostic only,ff49,ew
rolling120,2001-03,2011-02,20000,2.5118254580938784,2.4964355119557387,2.0182151334326006,2.0654234176415613,none,0.014270936067435047,0.0044016101785704365,1.0784118200387809,4.419324469577681,diagnostic only,ff49,ew
rolling120,2001-04,2011-03,20000,2.7437723563578187,2.7259777023277914,2.1424603568251968,2.0587452704227314,none,0.01514948246734447,0.004775834814821911,1.1746047476133048,4.419324469577681,diagnostic only,ff49,ew
rolling120,2001-05,2011-04,20000,2.533546167750457,2.517765025069682,2.0101154310917937,2.037817805495943,none,0.014213662522927276,0.004486127574840459,1.1102798209341964,4.419324469577681,diagnostic only,ff49,ew
rolling120,2001-06,2011-05,20000,2.2460067412340607,2.231319118732807,1.8449832015542074,2.0367306562238303,none,0.013046001329942467,0.004545395227634863,1.1258332825356474,4.419324469577681,diagnostic only,ff49,ew
rolling120,2001-07,2011-06,20000,2.1658824186115173,2.1540694090177346,1.7953407970681152,2.0317385441115534,none,0.012694976521477256,0.0037453232829969263,0.9305263049362541,4.419324469577681,diagnostic only,ff49,ew
rolling120,2001-08,2011-07,20000,2.1515945963679965,2.141571129840947,1.782783928209728,2.0266523374226444,none,0.012606186050274897,0.003190590348834954,0.7951228458055918,4.419324469577681,diagnostic only,ff49,ew
rolling120,2001-09,2011-08,20000,1.9255290532968763,1.916251324397031,1.6538920333583318,2.0250739472523835,none,0.01169478272138084,0.0031813886622971133,0.7933220411939299,4.419324469577681,diagnostic only,ff49,ew
rolling120,2001-10,2011-09,20000,1.9058217352064504,1.8986575570744093,1.6297521709484917,1.9872732765246142,none,0.01152408811731176,0.002471550361151209,0.6216698500663899,4.419324469577681,diagnostic only,ff49,ew
rolling120,2001-11,2011-10,20000,2.118018284731603,2.111316756521624,1.7402362851312156,1.977446045122985,none,0.012305328780831688,0.002153920264123421,0.5446037508902704,4.419324469577681,diagnostic only,ff49,ew
rolling120,2001-12,2011-11,20000,1.9155193920290476,1.9084162080385156,1.6204459965947755,1.9706192575776473,none,0.011458283527387588,0.0024422859324260138,0.6199169337670841,4.419324469577681,diagnostic only,ff49,ew
rolling120,2002-01,2011-12,20000,1.7345165614166653,1.7260121689420633,1.5186956424707123,1.9701377873020234,none,0.010738799873495011,0.003119719189625725,0.7919313680099513,4.419324469577681,diagnostic only,ff49,ew
rolling120,2002-02,2012-01,20000,1.9236594852332698,1.9163754788793002,1.621565570249922,1.9666301462588234,none,0.011466200108623507,0.002497622959293455,0.6352589598093165,4.419324469577681,diagnostic only,ff49,ew
rolling120,2002-03,2012-02,20000,2.0520627432976495,2.042787979781085,1.6810675756571816,1.9488846663447204,none,0.011886942823800225,0.0030481136307209944,0.7802480128022964,4.419324469577681,diagnostic only,ff49,ew
rolling120,2002-04,2012-03,20000,1.8538117937377545,1.8446312558973714,1.569583603185099,1.9437193903666048,none,0.011098632094513986,0.0032273208773019313,0.8271774181001091,4.419324469577681,diagnostic only,ff49,ew
rolling120,2002-05,2012-04,20000,1.7701495497984607,1.761706650149058,1.517876995569586,1.9373098788983232,none,0.010733011165743175,0.0030571312304104037,0.7866291685552541,4.419324469577681,diagnostic only,ff49,ew
rolling120,2002-06,2012-05,20000,1.5697256796692085,1.5629074417041706,1.4042380093588822,1.915452175288365,none,0.009929462188175642,0.0026603527907758107,0.6866673980749218,4.419324469577681,diagnostic only,ff49,ew
rolling120,2002-07,2012-06,20000,1.8542071141586458,1.8468903411499626,1.5580374418293321,1.9151116527390004,none,0.011016988404600617,0.0025700930249836773,0.664135491476757,4.419324469577681,diagnostic only,ff49,ew
rolling120,2002-08,2012-07,20000,2.1977254492962963,2.189922046705567,1.7421597089695757,1.9130001729343937,none,0.01231892944122369,0.0024462674875671553,0.6334481115393139,4.419324469577681,diagnostic only,ff49,ew
rolling120,2002-09,2012-08,20000,2.2538834774184338,2.245855708316138,1.7638320027394518,1.9006581683941688,none,0.012472175700109155,0.00247323658957721,0.6436542665307063,4.419324469577681,diagnostic only,ff49,ew
rolling120,2002-10,2012-09,20000,2.673253118123164,2.666359079435689,1.9872473560771529,1.8963721284620025,none,0.014051960813771924,0.0018803501070430162,0.4906104406951027,4.419324469577681,diagnostic only,ff49,ew
rolling120,2002-11,2012-10,20000,2.5826890436124006,2.578178817100453,1.9352617982945894,1.8972899172760613,none,0.013684367409453767,0.0012604810274972067,0.32958969727981674,4.419324469577681,diagnostic only,ff49,ew
rolling120,2002-12,2012-11,20000,2.2954674896396057,2.290965823948588,1.767817461305875,1.878002057044623,none,0.012500357147893713,0.0013678858826970952,0.36012296590871834,4.419324469577681,diagnostic only,ff49,ew
rolling120,2003-01,2012-12,20000,2.5045610187768035,2.497763596629728,1.8688713256972038,1.8664931613324844,none,0.013214915875655856,0.0019433623683502432,0.514374984376382,4.419324469577681,diagnostic only,ff49,ew
rolling120,2003-02,2013-01,20000,2.7731782397082116,2.7629882240474846,2.008269146053153,1.86359088257472,none,0.014200607316219015,0.002707958424001289,0.7175760468419335,4.419324469577681,diagnostic only,ff49,ew
rolling120,2003-03,2013-02,20000,2.9202105266759646,2.9086711801881515,2.08189193040901,1.857925066027215,none,0.014721199016897628,0.002952242835442931,0.7838591458866708,4.419324469577681,diagnostic only,ff49,ew
rolling120,2003-04,2013-03,20000,3.09679150162362,3.083459689647726,2.170456336714843,1.8552395452790853,none,0.015347443939603779,0.0032648325168220804,0.868666601966962,4.419324469577681,diagnostic only,ff49,ew
rolling120,2003-05,2013-04,20000,2.748260485357076,2.7368444862398658,1.98534327280434,1.851600044714464,none,0.014038496911830426,0.0030549837327316087,0.8131924086253022,4.419324469577681,diagnostic only,ff49,ew
rolling120,2003-06,2013-05,20000,2.475529659071973,2.4659725252197466,1.8206256976535173,1.8192658140059093,none,0.012873767768132911,0.002757417660608885,0.7423727089347911,4.419324469577681,diagnostic only,ff49,ew
rolling120,2003-07,2013-06,20000,2.297965085159066,2.290280154694658,1.732411923156441,1.8214352171284915,none,0.012250002186723475,0.0023356462377353004,0.6273411504152139,4.419324469577681,diagnostic only,ff49,ew
rolling120,2003-08,2013-07,20000,2.3128627686255996,2.303559848988188,1.7304483865442606,1.813605095064029,none,0.012236117886187666,0.0028160287879333,0.7602835902645861,4.419324469577681,diagnostic only,ff49,ew
rolling120,2003-09,2013-08,20000,2.1052493520305955,2.096043805879379,1.616168657121521,1.8034504671639189,none,0.011428038169917836,0.002973325549766148,0.8055228740352174,4.419324469577681,diagnostic only,ff49,ew
rolling120,2003-10,2013-09,20000,2.2030473353572506,2.1952377017811067,1.6705586073491219,1.8036695130538427,none,0.01181263319626119,0.002444147917943784,0.6611255463867083,4.419324469577681,diagnostic only,ff49,ew
rolling120,2003-11,2013-10,20000,2.0746585158748085,2.064842112004273,1.6004497141995342,1.8011914421172106,none,0.011316888458585625,0.0032029068747414513,0.8674119133062792,4.419324469577681,diagnostic only,ff49,ew
rolling120,2003-12,2013-11,20000,2.024610576323329,2.015397646106937,1.5623427150219118,1.7680481287925889,none,0.011047431283293956,0.003055295286937154,0.8339432018304587,4.419324469577681,diagnostic only,ff49,ew
rolling120,2004-01,2013-12,20000,1.9563578910157227,1.9464017675618006,1.5177839006514258,1.7523015985013455,none,0.010732352885263923,0.003379078699834226,0.9276738810547613,4.419324469577681,diagnostic only,ff49,ew
rolling120,2004-02,2014-01,20000,1.7782799229125252,1.7678756040814587,1.425874547467486,1.7546863804957844,none,0.01008245561635559,0.003758954635000533,1.0319230976022156,4.419324469577681,diagnostic only,ff49,ew
rolling120,2004-03,2014-02,20000,1.8573733335163036,1.8449737726930544,1.461452170057119,1.7473225701296626,none,0.010334027398271843,0.004358409536939778,1.1998769062023968,4.419324469577681,diagnostic only,ff49,ew
rolling120,2004-04,2014-03,20000,1.850696538262138,1.8404016882486531,1.4596189755251487,1.7473351103363726,none,0.01032106475542394,0.0036244345495486385,0.9974600738818923,4.419324469577681,diagnostic only,ff49,ew
rolling120,2004-05,2014-04,20000,1.8407192610704317,1.8302022465817394,1.446889660805303,1.745617620992958,none,0.010231054907841333,0.003715993972301712,1.0279501560129305,4.419324469577681,diagnostic only,ff49,ew
rolling120,2004-06,2014-05,20000,1.825863397803987,1.8147756688852787,1.4379090225885285,1.7421415004141814,none,0.01016755220601669,0.003939116371252105,1.0905013019895922,4.419324469577681,diagnostic only,ff49,ew
rolling120,2004-07,2014-06,20000,1.8211428544864932,1.8112307780090915,1.4370725928160555,1.7461482878709362,none,0.01016163775437567,0.003525885016249397,0.9754408410330764,4.419324469577681,diagnostic only,ff49,ew
rolling120,2004-08,2014-07,20000,1.8386858837882598,1.8302722059383738,1.4425109874832216,1.7422146457446002,none,0.010200093011854889,0.002972745106365693,0.8248628556727223,4.419324469577681,diagnostic only,ff49,ew
rolling120,2004-09,2014-08,20000,2.02005478599997,2.0122465477306566,1.5398953842094636,1.7525772607569565,none,0.010888704684923757,0.002592164401415298,0.7170952372438321,4.419324469577681,diagnostic only,ff49,ew
rolling120,2004-10,2014-09,20000,1.7579864499583062,1.7490235046846752,1.4099937434183434,1.7562909627986032,none,0.009970161374017156,0.003260410563371563,0.8989769510641061,4.419324469577681,diagnostic only,ff49,ew
rolling120,2004-11,2014-10,20000,1.7917218898752223,1.7812557733226986,1.4350244157883532,1.7605778162784396,none,0.010147154955722082,0.003763090274872427,1.031433598697709,4.419324469577681,diagnostic only,ff49,ew
rolling120,2004-12,2014-11,20000,1.5362971779995733,1.5258152159432612,1.300325181772759,1.7528966140680244,none,0.00919468753779148,0.004149932263511902,1.1400019862806399,4.419324469577681,diagnostic only,ff49,ew
rolling120,2005-01,2014-12,20000,1.416339787052303,1.4063622683024768,1.2403126141669072,1.7519190731848522,none,0.00877033460268634,0.004146307844522745,1.1376440240683645,4.419324469577681,diagnostic only,ff49,ew
rolling120,2005-02,2015-01,20000,1.4044335679694855,1.3941415663172618,1.240643154807911,1.7628054312382047,none,0.008772671877973455,0.00429882752006816,1.1731889435036271,4.419324469577681,diagnostic only,ff49,ew
rolling120,2005-03,2015-02,20000,1.4968710054630352,1.4863255134487279,1.2861189445121022,1.757613595145158,none,0.009094234270769925,0.004241396372786088,1.159579982253364,4.419324469577681,diagnostic only,ff49,ew
rolling120,2005-04,2015-03,20000,1.5474927722260687,1.533784979286306,1.3144816563031412,1.7582181793319192,none,0.009294788929172758,0.005410006394316769,1.474782595303394,4.419324469577681,diagnostic only,ff49,ew
rolling120,2005-05,2015-04,20000,1.7202942384809226,1.7047700266107242,1.4070081509721932,1.765516137601812,none,0.009949050047371835,0.005739568139791595,1.5603712712551165,4.419324469577681,diagnostic only,ff49,ew
rolling120,2005-06,2015-05,20000,1.5904513864314787,1.576707273377016,1.3448024725028684,1.7680812356021718,none,0.009509189476632138,0.005333983101794004,1.4453506356390746,4.419324469577681,diagnostic only,ff49,ew
rolling120,2005-07,2015-06,20000,1.4641845565240599,1.4497018045036927,1.2830492458891567,1.7699035132051397,none,0.009072528223645087,0.00591204692495273,1.596330335200482,4.419324469577681,diagnostic only,ff49,ew
rolling120,2005-08,2015-07,20000,1.2100249194890809,1.199276086730804,1.1618813533780972,1.770601759213206,none,0.008215741839078559,0.004887441291763883,1.308321630452096,4.419324469577681,diagnostic only,ff49,ew
rolling120,2005-09,2015-08,20000,1.1863164820175045,1.1752566239499438,1.187054003558679,1.9852449819931706,none,0.00839373935550982,0.005084392317572961,1.3176318204711466,4.419324469577681,diagnostic only,ff49,ew
rolling120,2005-10,2015-09,20000,1.0359936942329409,1.0276259261721377,1.1122156165999804,1.9830207998707967,none,0.007864552046394233,0.004126879594896549,1.0639853371737398,4.419324469577681,diagnostic only,ff49,ew
rolling120,2005-11,2015-10,20000,1.2375964289488872,1.227736857659235,1.228896760825744,1.9863426938860853,none,0.008689612329580662,0.004425824017658897,1.1346387981071315,4.419324469577681,diagnostic only,ff49,ew
rolling120,2005-12,2015-11,20000,1.1655669892743798,1.1561092170660565,1.1905291719992823,1.9885025853692329,none,0.00841831250721098,0.004386499595411486,1.1234760173398137,4.419324469577681,diagnostic only,ff49,ew
rolling120,2006-01,2015-12,20000,1.0430246300681583,1.0336642294880538,1.1271552371857418,1.9943860020762274,none,0.007970191116639694,0.004602726666663726,1.174426113893601,4.419324469577681,diagnostic only,ff49,ew
rolling120,2006-02,2016-01,20000,0.7414279161169014,0.7333242040006609,0.9623315314631569,1.9955760551740422,none,0.006804711516472336,0.00467524315274459,1.1908972329868273,4.419324469577681,diagnostic only,ff49,ew
rolling120,2006-03,2016-02,20000,0.7734600634559705,0.765436567771534,0.9896139373175532,2.0351879619452458,none,0.006997627258339609,0.004544765771202108,1.1466023250773016,4.419324469577681,diagnostic only,ff49,ew
rolling120,2006-04,2016-03,20000,0.8423883075837559,0.8331963488584173,1.0291348287596822,2.0390624747410637,none,0.007277082161712276,0.005014170321178568,1.2631379612149083,4.419324469577681,diagnostic only,ff49,ew
rolling120,2006-05,2016-04,20000,0.8713265990226355,0.8607318474750942,1.0505058999227606,2.0588315285287115,none,0.0074281984551186064,0.005693862639002845,1.4262881655027264,4.419324469577681,diagnostic only,ff49,ew
rolling120,2006-06,2016-05,20000,0.9395632879716541,0.9285782186307605,1.0904980852171262,2.06057030079595,none,0.007710985909279755,0.005695941826353801,1.4245998462626768,4.419324469577681,diagnostic only,ff49,ew
rolling120,2006-07,2016-06,20000,0.9897567723386083,0.9787389080533213,1.1252276016548208,2.080417026456436,none,0.00795656067508399,0.005568124344472736,1.3847521228348634,4.419324469577681,diagnostic only,ff49,ew
rolling120,2006-08,2016-07,20000,1.21740567629244,1.2062613613571562,1.2660784170136226,2.11710181974026,none,0.00895252634184262,0.00505122155084492,1.2448234732577101,4.419324469577681,diagnostic only,ff49,ew
rolling120,2006-09,2016-08,20000,1.2129349948426602,1.2020287894887245,1.2650692399423462,2.1184885670403295,none,0.008945390382337446,0.004952798712712703,1.2191983678509855,4.419324469577681,diagnostic only,ff49,ew
rolling120,2006-10,2016-09,20000,1.2316698576375935,1.2210165436577651,1.2745392619061642,2.1181614026070323,none,0.009012353549823458,0.004796593708520369,1.1820790119842857,4.419324469577681,diagnostic only,ff49,ew
rolling120,2006-11,2016-10,20000,1.0221019930504458,1.014143130840829,1.1571216014508998,2.1201064010312813,none,0.008182085310433688,0.003951487899618078,0.9727180672960825,4.419324469577681,diagnostic only,ff49,ew
rolling120,2006-12,2016-11,20000,1.140940039827287,1.1331335890817185,1.237134589675873,2.1451378758180097,none,0.008747862576002467,0.0036596164373039475,0.8923837883534701,4.419324469577681,diagnostic only,ff49,ew
rolling120,2007-01,2016-12,20000,1.141912771051116,1.1329278222223782,1.237366747981553,2.1455767440237556,none,0.008749504183125019,0.004212495488654655,1.026909484318778,4.419324469577681,diagnostic only,ff49,ew
year (pooled),1927-01,2016-12,20000,0.17111937620680423,0.17088980556636293,,2.9048882936454627,z,0.0001645303223555448,0.00019606511163550167,1.3953090053832191,4.419324469577681,pass,ff49,ew
decade (pooled),1926-07,2016-12,20000,2.68588638246769,2.6769600586187505,,6.7912152127020065,z,0.005387746710125518,0.0024276368811828597,1.6567823858838153,4.419324469577681,pass,ff49,ew
year,1927-01,1927-12,20000,0.35261832435303164,0.35248541435185876,0.2503311505619638,0.7495385486936212,z,0.0017701085410459522,9.82709312518093e-05,0.07508579168503704,4.419324469577681,pass,ff49,vw
year,1928-01,1928-12,20000,0.3538917768650329,0.355903344053526,0.25884496844297783,1.35382876373016,z,0.0018303103246204752,-0.0014835623772999629,-1.0990306733423532,4.419324469577681,pass,ff49,vw
year,1929-01,1929-12,20000,-0.2116963228057755,-0.21176864610767276,0.18835810205014034,0.655998666241128,z,0.0013318929125108196,9.175390136428874e-05,0.05430113879120345,4.419324469577681,pass,ff49,vw
year,1930-01,1930-12,20000,-0.32990501046992343,-0.3303139166556598,0.17952947191703195,0.6592637694369599,z,0.0012694650701537314,0.0006105938228464503,0.32210904840953136,4.419324469577681,pass,ff49,vw
year,1931-01,1931-12,20000,-0.441953752809274,-0.44229594627881685,0.17032631775029133,1.4588402784448167,z,0.0012043889429576562,0.000613575367185426,0.28412206168424653,4.419324469577681,pass,ff49,vw
year,1932-01,1932-12,20000,-0.10162885741420978,-0.10011489798743851,0.4277566336203653,2.5048683273755765,z,0.003024696163304898,-0.0016823919224635553,-0.5005327295806984,4.419324469577681,pass,ff49,vw
year,1933-01,1933-12,20000,0.7780058041591624,0.7828966396505053,0.7688553817305349,2.402799765891987,z,0.005436628541734328,-0.0027431963146790084,-0.8996081769792242,4.419324469577681,pass,ff49,vw
year,1934-01,1934-12,20000,0.17199452415629718,0.16949227130897657,0.3353442670443676,1.6941832756948307,z,0.002371242052591048,0.002139606142518513,1.0552498613907466,4.419324469577681,pass,ff49,vw
year,1935-01,1935-12,20000,0.4848591871426545,0.4816578952729951,0.452351095429268,1.6579981070973857,z,0.0031986052705519847,0.0021606147275106125,1.0008399283063152,4.419324469577681,pass,ff49,vw
year,1936-01,1936-12,20000,0.3719699857697199,0.3683646090188206,0.28020009844651905,0.9074018464266363,z,0.001981313897006718,0.0026348070734483198,1.8196898312509315,4.419324469577681,pass,ff49,vw
year,1937-01,1937-12,20000,-0.3844202439758322,-0.38598682316359306,0.12185211599451622,0.681483008503652,z,0.0008616245752165218,0.002551377147689715,1.818169110795385,4.419324469577681,pass,ff49,vw
year,1938-01,1938-12,20000,0.3458166997178106,0.34471293583993157,0.29011965297105696,1.124187044337692,z,0.0020514557397132227,0.0008208174759540832,0.5380393330022926,4.419324469577681,pass,ff49,vw
year,1939-01,1939-12,20000,-0.02467237079549634,-0.024615820739757318,0.23817323062515866,1.0454370006748688,z,0.0016841390647215717,-5.797721240663467e-05,-0.03357802032124499,4.419324469577681,pass,ff49,vw
year,1940-01,1940-12,20000,-0.06880845206444491,-0.07026726858006688,0.172332809203065,0.9944372924354273,z,0.0012185769800841474,0.0015690708375879492,1.197147606974511,4.419324469577681,pass,ff49,vw
year,1941-01,1941-12,20000,-0.09811276332788414,-0.0970475725345511,0.1465465306250204,0.4072264019547761,z,0.0010362404556431399,-0.0011796754302139112,-1.0279378570217448,4.419324469577681,pass,ff49,vw
year,1942-01,1942-12,20000,0.25307463551217796,0.2512731161190368,0.17953289663875724,0.48179333372845723,z,0.0012694892865932877,0.0014397491402426965,1.4190898750911014,4.419324469577681,pass,ff49,vw
year,1943-01,1943-12,20000,0.4264100487712673,0.4244658667102366,0.2409278643921504,1.2416186539253047,z,0.0017036172668848247,0.001364849875638452,1.1412082389759766,4.419324469577681,pass,ff49,vw
year,1944-01,1944-12,20000,0.29246083111394816,0.2904750037645897,0.14970749781060977,0.8196072743948701,z,0.0010585918689635238,0.001538834416447532,1.87591403975436,4.419324469577681,pass,ff49,vw
year,1945-01,1945-12,20000,0.49636322776965597,0.4971240178518775,0.21761896871328595,0.9031348538763255,z,0.0015387984849198762,-0.0005081677089872061,-0.49440527117566807,4.419324469577681,pass,ff49,vw
year,1946-01,1946-12,20000,-0.05621917116746928,-0.0558470134346129,0.12300222877711992,0.4771515417611913,z,0.0008697571006936059,-0.00039417100634320246,-0.42788697276468657,4.419324469577681,pass,ff49,vw
year,1947-01,1947-12,20000,-0.004330847836305976,-0.0036693095610652966,0.11518439990435891,0.3953113198831449,z,0.000814476702592753,-0.0006639746036020133,-0.8122249207801538,4.419324469577681,pass,ff49,vw
year,1948-01,1948-12,20000,-0.0024838589304776366,-0.001765003272960068,0.1214972187285379,0.5125576096963008,z,0.0008591150725825435,-0.0007201266834708786,-0.8367396644045041,4.419324469577681,pass,ff49,vw
year,1949-01,1949-12,20000,0.24668107006961154,0.24668716077341593,0.1182054937062044,0.3250781031850633,z,0.0008358390617316089,-4.885510973440255e-06,-0.007286933673298196,4.419324469577681,pass,ff49,vw
year,1950-01,1950-12,20000,0.25452952326909184,0.2540436243307958,0.17632430741406704,0.5973231742803881,z,0.0012468011346050824,0.00038746573792858285,0.38971647106332036,4.419324469577681,pass,ff49,vw
year,1951-01,1951-12,20000,0.1600799508447796,0.1611734149177947,0.12401642518572549,0.3741558844818171,z,0.0008769285522734063,-0.0009416888631508247,-1.2469249292662616,4.419324469577681,pass,ff49,vw
year,1952-01,1952-12,20000,0.0997081067069825,0.10084303258514304,0.10078833842061617,0.20890690357488464,z,0.0007126811756174233,-0.0010309606770143587,-1.5924734888322383,4.419324469577681,pass,ff49,vw
year,1953-01,1953-12,20000,0.01837802124305056,0.018169454709958868,0.09201720752276854,0.29218039429413933,z,0.0006506599142519943,0.0002048446180809016,0.3205461540249686,4.419324469577681,pass,ff49,vw
year,1954-01,1954-12,20000,0.5214005100766991,0.5201542109583484,0.1826492863812766,0.5050748956972125,z,0.001291525489790844,0.0008198504529122186,0.9649822076315011,4.419324469577681,pass,ff49,vw
year,1955-01,1955-12,20000,0.18113651784486068,0.1820991176632955,0.14576513707174002,0.536725427488943,z,0.0010307151688401398,-0.0008143139640757191,-0.9339144775738952,4.419324469577681,pass,ff49,vw
year,1956-01,1956-12,20000,0.08725600249612396,0.0870931128462707,0.12860115364516117,0.5187608314346425,z,0.0009093474781090656,0.0001498396484427289,0.17912806025698047,4.419324469577681,pass,ff49,vw
year,1957-01,1957-12,20000,-0.0665363519372416,-0.06625835180505599,0.1123129072589066,0.4430140679492202,z,0.0007941721833754867,-0.00029772703479924445,-0.35005020070587256,4.419324469577681,pass,ff49,vw
year,1958-01,1958-12,20000,0.5317470822427633,0.5300008708822208,0.17888137684451838,0.5108110000955036,z,0.001264882345947452,0.0011413139650933157,1.380532636997593,4.419324469577681,pass,ff49,vw
year,1959-01,1959-12,20000,0.1777346168267517,0.17725811628044535,0.15866798672910323,0.6384399279001066,z,0.0011219520937336602,0.0004047545221534943,0.42470667773402127,4.419324469577681,pass,ff49,vw
year,1960-01,1960-12,20000,0.05507541401213065,0.05704710675842228,0.13604632177374054,0.5020421575791528,z,0.0009619927668169898,-0.001865283707495391,-2.0495920700272023,4.419324469577681,pass,ff49,vw
year,1961-01,1961-12,20000,0.2611653837231734,0.26256486189930517,0.1585552786331212,0.48821769350411387,z,0.0011211551271440249,-0.0011084406182716444,-1.2482466897303917,4.419324469577681,pass,ff49,vw
year,1962-01,1962-12,20000,-0.16390172449409288,-0.16306816837695504,0.10194857154587475,0.19994939489971014,z,0.0007208852627236993,-0.0009959665598109346,-1.1562951280047535,4.419324469577681,pass,ff49,vw
year,1963-01,1963-12,20000,0.17283042477110522,0.17170960461655568,0.11600310472621549,0.40484176857226384,z,0.0008202658199060021,0.0009565682060925784,1.3664108967480495,4.419324469577681,pass,ff49,vw
year,1964-01,1964-12,20000,0.1533602717421099,0.15273532595674424,0.1165431563168847,0.46245571706516025,z,0.0008240845613255299,0.0005421416098676524,0.7583515268875219,4.419324469577681,pass,ff49,vw
year,1965-01,1965-12,20000,0.2913289041641426,0.2932790123334896,0.15938290968549157,0.6733265658897492,z,0.0011270073624385414,-0.00150787892693649,-1.7303419962825055,4.419324469577681,pass,ff49,vw
year,1966-01,1966-12,20000,-0.07428961255879052,-0.07346032033957749,0.16516065596707674,1.2779533478573155,z,0.001167862198195384,-0.0008950423143420094,-0.7100942392813805,4.419324469577681,pass,ff49,vw
year,1967-01,1967-12,20000,0.4763350300663499,0.4759441024790514,0.22388030139737647,0.7553740410013884,z,0.0015830727929217298,0.0002648661196871238,0.24694226888773063,4.419324469577681,pass,ff49,vw
year,1968-01,1968-12,20000,0.21914179668767855,0.2188309359423508,0.18105611137690064,0.45369963375664024,z,0.0012802600412987325,0.0002550482894392303,0.24281062854417768,4.419324469577681,pass,ff49,vw
year,1969-01,1969-12,20000,-0.15027328223619865,-0.15161653924680274,0.12442444776433396,0.5581151473716615,z,0.0008798137075955191,0.0015833135283089828,1.5267516282226754,4.419324469577681,pass,ff49,vw
year,1970-01,1970-12,20000,-0.09409414635227599,-0.0961154610723391,0.19861282603373837,0.6896790953477056,z,0.0014044047611908046,0.0022362532303752403,1.4392679204172092,4.419324469577681,pass,ff49,vw
year,1971-01,1971-12,20000,0.1936514660651549,0.19282195655564235,0.1632621104835074,0.42236403013783697,z,0.001154437454337154,0.000695417706686019,0.7185400182540255,4.419324469577681,pass,ff49,vw
year,1972-01,1972-12,20000,0.09112910271662235,0.09004938689301303,0.15631380831136793,0.20471865981709306,z,0.0011053055385006237,0.0009905200962379013,0.9768482885501305,4.419324469577681,pass,ff49,vw
year,1973-01,1973-12,20000,-0.24290252191656478,-0.24347071143949697,0.15427727530361876,0.5350216080108656,z,0.001090905075501727,0.0007510476217162942,0.5208423131323994,4.419324469577681,pass,ff49,vw
year,1974-01,1974-12,20000,-0.28030496567679564,-0.2818392178017658,0.131825691613393,0.7161679315759785,z,0.0009321484047443677,0.0021363630025492686,1.6459311813025226,4.419324469577681,pass,ff49,vw
year,1975-01,1975-12,20000,0.47320255926360616,0.4746737815671726,0.25849816694897926,0.6399890641262374,z,0.001827858067739155,-0.00099765949727737,-0.8048886998027001,4.419324469577681,pass,ff49,vw
year,1976-01,1976-12,20000,0.28454396451774344,0.2844340067141706,0.16987213385154135,0.39838129707083286,z,0.0012011773778105375,8.560798219137133e-05,0.09154168701819532,4.419324469577681,pass,ff49,vw
year,1977-01,1977-12,20000,0.008999804355864961,0.008589810956969318,0.10684200008370962,0.4285597852337924,z,0.0007554870277472474,0.0004065016267680299,0.5426875430517766,4.419324469577681,pass,ff49,vw
year,1978-01,1978-12,20000,0.13431811588301001,0.1328514450735554,0.13870504340369103,0.3278673014812806,z,0.0009807927677552431,0.0012946717911097583,1.4953931734339883,4.419324469577681,pass,ff49,vw
year,1979-01,1979-12,20000,0.30699174256432504,0.30584262112195365,0.15189256932014258,0.6503990213615757,z,0.0010740426577812057,0.0008799846350429075,1.0699029820149668,4.419324469577681,pass,ff49,vw
year,1980-01,1980-12,20000,0.34498365293432137,0.3463990931415417,0.22145908193966737,0.7020751481757848,z,0.0015659521859488607,-0.0010512783426775973,-0.9038846906827371,4.419324469577681,pass,ff49,vw
year,1981-01,1981-12,20000,0.0038170089311187726,0.004728260245589453,0.14234142385720086,0.38030541131722634,z,0.0010065058605317535,-0.0009069629575741978,-0.9053611610261778,4.419324469577681,pass,ff49,vw
year,1982-01,1982-12,20000,0.26113958620525596,0.2594684570229136,0.19025476427481555,0.4789237075549275,z,0.0013453043397177017,0.0013268527473029312,1.2421941511710473,4.419324469577681,pass,ff49,vw
year,1983-01,1983-12,20000,0.23873757352069952,0.23956989259641817,0.18133331927691704,0.2792978226015663,z,0.0012822201971577332,-0.0006714579635160867,-0.6491233546029249,4.419324469577681,pass,ff49,vw
year,1984-01,1984-12,20000,-0.01340933290271052,-0.013723703694682236,0.12757030886490567,0.3142042315191645,z,0.0009020583047643714,0.0003187451560473509,0.34850384981914523,4.419324469577681,pass,ff49,vw
year,1985-01,1985-12,20000,0.3063532390834825,0.3079827375347409,0.15291066178161178,0.4605497113263139,z,0.0010812416586150034,-0.001245810364691513,-1.507062217104826,4.419324469577681,pass,ff49,vw
year,1986-01,1986-12,20000,0.15549278884771356,0.15198056975812463,0.15306419157856002,0.41819031336286605,z,0.0010823272782203663,0.003048852716609929,3.245061969946791,4.419324469577681,pass,ff49,vw
year,1987-01,1987-12,20000,0.041500176722251876,0.0415756059651128,0.16867582935051428,0.8086646366260424,z,0.0011927182275601354,-7.241840383842568e-05,-0.0632414606551468,4.419324469577681,pass,ff49,vw
year,1988-01,1988-12,20000,0.17662185089175306,0.1778155382315368,0.13532066086717606,0.41825507086186653,z,0.0009568615693382527,-0.0010134756258828315,-1.2475026461866234,4.419324469577681,pass,ff49,vw
year,1989-01,1989-12,20000,0.2554335957705505,0.2543714890649852,0.14225818054500072,0.3407928558037878,z,0.001005917241426302,0.0008467242079592818,1.0558589333446178,4.419324469577681,pass,ff49,vw
year,1990-01,1990-12,20000,-0.08679420378272278,-0.08473588101214795,0.13108471284262901,0.375965935943125,z,0.0009269088936091429,-0.002248883931832757,-2.220631158862067,4.419324469577681,pass,ff49,vw
year,1991-01,1991-12,20000,0.3596081490259454,0.3598000078318025,0.18232866478535595,0.31455489299041023,z,0.0012892583527441405,-0.0001410933995822372,-0.1488133122804501,4.419324469577681,pass,ff49,vw
year,1992-01,1992-12,20000,0.10406195881136392,0.10399312780401258,0.14479454591209823,0.3524791891475688,z,0.0010238520529327155,6.234731504917157e-05,0.06722749361509221,4.419324469577681,pass,ff49,vw
year,1993-01,1993-12,20000,0.13802521501174006,0.13796600806457096,0.1530597338110022,0.30590565021687144,z,0.0010822957570436754,5.2028748441790285e-05,0.05470496099035338,4.419324469577681,pass,ff49,vw
year,1994-01,1994-12,20000,-0.013861615855480776,-0.013859549883862027,0.10545580369680388,0.27000005656778164,z,0.0007456851390948741,-2.0950074793857354e-06,-0.002770568314202592,4.419324469577681,pass,ff49,vw
year,1995-01,1995-12,20000,0.31065829011608403,0.3102719526904467,0.15025880223902313,0.25282343534798135,z,0.0010624901799618164,0.0002948528546644624,0.3636150553892194,4.419324469577681,pass,ff49,vw
year,1996-01,1996-12,20000,0.21561508102102447,0.21544054749050415,0.1437411641578772,0.43634958450345956,z,0.0010164035191168367,0.00014359692942678137,0.17171677118156828,4.419324469577681,pass,ff49,vw
year,1997-01,1997-12,20000,0.24421333373854637,0.24386580936016888,0.18260812185340794,0.4186856511495546,z,0.0012912344126228413,0.0002793905707210165,0.26914119928973185,4.419324469577681,pass,ff49,vw
year,1998-01,1998-12,20000,0.09631015286384796,0.09726856752334725,0.22809576332826223,1.168716429740994,z,0.0016128806100933605,-0.0008734549479191278,-0.5942254209651736,4.419324469577681,pass,ff49,vw
year,1999-01,1999-12,20000,0.07121573475416866,0.07421288672489014,0.25692692315286536,0.6728721341618057,z,0.0018167476963078606,-0.0027900912451900295,-1.6497348403482388,4.419324469577681,pass,ff49,vw
year,2000-01,2000-12,20000,0.07980737859485366,0.07796153316581103,0.3064894835056614,0.996008249239289,z,0.002167207921492157,0.0017123481425369569,0.851715892479638,4.419324469577681,pass,ff49,vw
year,2001-01,2001-12,20000,0.009622545515147556,0.007159743112376906,0.2428960444215328,0.654205098087994,z,0.001717534401338547,0.0024452947207360687,1.433917364829074,4.419324469577681,pass,ff49,vw
year,2002-01,2002-12,20000,-0.11558468784876813,-0.11486885982944398,0.18697340250687944,0.5505981856844646,z,0.0013221016081413628,-0.0008087253818527262,-0.5414319254406479,4.419324469577681,pass,ff49,vw
year,2003-01,2003-12,20000,0.3548785549360829,0.3556212041896193,0.2033465119256495,0.49089842491014923,z,0.0014378769751325791,-0.0005478294756979807,-0.516490121463919,4.419324469577681,pass,ff49,vw
year,2004-01,2004-12,20000,0.16155149639760624,0.1621268783997591,0.15361467645142676,0.24426975754372995,z,0.0010862197940858132,-0.0004951111731836821,-0.5297104741468102,4.419324469577681,pass,ff49,vw
year,2005-01,2005-12,20000,0.06954054128937862,0.0704794299908353,0.1326173938322136,0.5562128894423297,z,0.0009377465848204526,-0.0008770730900123924,-1.0012179373987795,4.419324469577681,pass,ff49,vw
year,2006-01,2006-12,20000,0.16651727494455995,0.1681181374937351,0.15182982266248488,0.3236484007711521,z,0.00107359897190994,-0.0013704628819561915,-1.491117811269149,4.419324469577681,pass,ff49,vw
year,2007-01,2007-12,20000,0.10573391048259854,0.10460364194073928,0.13952913947840617,0.541610340239219,z,0.0009866200069830462,0.001023234487868896,1.1455966165894826,4.419324469577681,pass,ff49,vw
year,2008-01,2008-12,20000,-0.3867351327083059,-0.3874385916282771,0.1506444766540844,0.703776463116929,z,0.001065217309904016,0.0011483892232797555,0.6603900569683638,4.419324469577681,pass,ff49,vw
year,2009-01,2009-12,20000,0.3893533916118501,0.3878787115734899,0.30803338787894025,0.8651828938446009,z,0.0021781249740106473,0.001062542444136394,0.6770410586885824,4.419324469577681,pass,ff49,vw
year,2010-01,2010-12,20000,0.2325445516165427,0.23190583587546926,0.18640851956646995,0.5305744238861998,z,0.0013181072825639612,0.0005184777297686516,0.48457037566093797,4.419324469577681,pass,ff49,vw
year,2011-01,2011-12,20000,-0.007293368389774983,-0.005607474948578989,0.14744147864321452,0.2917255711124386,z,0.0010425686937678852,-0.0016954003562213993,-1.6170574191165352,4.419324469577681,pass,ff49,vw
year,2012-01,2012-12,20000,0.17186489003869232,0.17301385628990137,0.1535129349872852,0.23061839238416715,z,0.0010855003732935895,-0.0009794993000704633,-1.0584669332935366,4.419324469577681,pass,ff49,vw
year,2013-01,2013-12,20000,0.34421365304954893,0.3441286873339801,0.1600709276785237,-0.07508616123792848,z,0.0011318723843230553,6.321248580554162e-05,0.0750665152234761,4.419324469577681,pass,ff49,vw
year,2014-01,2014-12,20000,0.0758328000576269,0.07482816209439723,0.12571882823421973,0.04385694807242685,z,0.0008889663596724356,0.0009346963530172392,1.1301192135097802,4.419324469577681,pass,ff49,vw
year,2015-01,2015-12,20000,-0.05469972381700925,-0.05342219796010847,0.16689951922557011,0.05437996381814841,z,0.0011801578182117519,-0.0013496258354545043,-1.0825042525554482,4.419324469577681,pass,ff49,vw
year,2016-01,2016-12,20000,0.1882626671530568,0.18865617720868028,0.19520496364019335,0.9012095549308827,z,0.0013803075351125416,-0.00033105456663484745,-0.2850886817707472,4.419324469577681,pass,ff49,vw
decade,1926-07,1936-12,20000,1.2622189040102039,1.2486913224290923,2.689052301730303,6.678677663627057,z,0.019014471175187914,0.006015757452427328,0.7114361191787323,4.419324469577681,pass,ff49,vw
decade,1937-01,1946-12,20000,1.215481525728124,1.1981629221093644,1.3039721684592949,2.1794381435388805,z,0.009220475627960944,0.00787867152364674,1.8782766006388216,4.419324469577681,pass,ff49,vw
decade,1947-01,1956-12,20000,2.9441032714264015,2.9532771452878013,1.4587562209537184,1.2046746733852889,z,0.010314964159344358,-0.0023205744308452125,-0.8893752532420719,4.419324469577681,pass,ff49,vw
decade,1957-01,1966-12,20000,2.0294014625705428,2.0404234466640307,1.2623047758686472,1.4448369521925952,z,0.008925842669408855,-0.0036251477094683127,-1.2348396114198985,4.419324469577681,pass,ff49,vw
decade,1967-01,1976-12,20000,0.8572052792963281,0.8458462149047954,1.0350628198069722,1.8802158355246557,z,0.007318999388395795,0.006153851983881742,1.551996904049802,4.419324469577681,pass,ff49,vw
decade,1977-01,1986-12,20000,3.6988054667718226,3.6827921712347127,2.063442861469175,1.4245981498480738,z,0.014590744399358273,0.00341960414888276,1.0974968170790687,4.419324469577681,pass,ff49,vw
decade,1987-01,1996-12,20000,2.769561459174234,2.778725359007217,1.5910601008635732,1.3509377961668423,z,0.01125049386595985,-0.0024251298949629074,-0.8145331166936284,4.419324469577681,pass,ff49,vw
decade,1997-01,2006-12,20000,1.7600142285164089,1.775511696552058,1.8533977273065858,2.3405546664950223,z,0.013105501012142223,-0.005583643569184504,-1.182516259492166,4.419324469577681,pass,ff49,vw
decade,2007-01,2016-12,20000,1.1916932048439706,1.193504744725872,1.2183841497606336,1.8241385369655627,z,0.0086152769438595,-0.0008258654950518141,-0.21027064988230942,4.419324469577681,pass,ff49,vw
full,1926-07,2016-12,20000,11735.323887510693,11813.311675954345,44675.0874228181,78.60830544173305,none,315.9005726677652,-0.006601128409569612,-0.24687447631084916,4.419324469577681,diagnostic only,ff49,vw
rolling120,1926-07,1936-06,20000,0.7622017041164648,0.7566849456871505,2.061008584625383,6.488167275279712,none,0.014573531462722967,0.003140437016244002,0.3785464383444332,4.419324469577681,diagnostic only,ff49,vw
rolling120,1926-08,1936-07,20000,0.827369723051865,0.8199378120807297,2.1305464934144993,6.450449853033498,none,0.015065238731266124,0.0040836071000900365,0.4933151809742793,4.419324469577681,diagnostic only,ff49,vw
rolling120,1926-09,1936-08,20000,0.7805052571127925,0.7727774436655994,2.066086908026304,6.398055068429808,none,0.01460944063186146,0.004359156009574594,0.5289602553529422,4.419324469577681,diagnostic only,ff49,vw
rolling120,1926-10,1936-09,20000,0.834887082538062,0.8222374333000482,2.127736836726908,6.419598462213442,none,0.015045371458300103,0.0069418227322359805,0.8407668280622852,4.419324469577681,diagnostic only,ff49,vw
rolling120,1926-11,1936-10,20000,1.0109236537744888,0.9968948844035062,2.3331362040103243,6.42674234816932,none,0.016497764312875404,0.007025291857149174,0.850343665052489,4.419324469577681,diagnostic only,ff49,vw
rolling120,1926-12,1936-11,20000,1.087523106146031,1.069908132318783,2.4262821645590233,6.463598672603877,none,0.017156405716316603,0.008510026871344945,1.0267286818995816,4.419324469577681,diagnostic only,ff49,vw
rolling120,1927-01,1936-12,20000,1.0699715265896315,1.053763638784908,2.4125761882578516,6.486302427018072,none,0.017059489828463194,0.007891798013481388,0.950080451859765,4.419324469577681,diagnostic only,ff49,vw
rolling120,1927-02,1937-01,20000,1.1537226291445473,1.13623451311489,2.5098792869195723,6.489492856373192,none,0.017747526637404858,0.008186421444973835,0.9853832811158623,4.419324469577681,diagnostic only,ff49,vw
rolling120,1927-03,1937-02,20000,1.0821621941435027,1.0640407302629713,2.4267871757945136,6.496905962142253,none,0.01715997668500851,0.008779605758178155,1.056030798477882,4.419324469577681,diagnostic only,ff49,vw
rolling120,1927-04,1937-03,20000,1.0655007898652387,1.0474144600057427,2.4048578781789103,6.490403785176943,none,0.017004913134501996,0.008833741390810168,1.0635943692531928,4.419324469577681,diagnostic only,ff49,vw
rolling120,1927-05,1937-04,20000,0.8804618023488703,0.8643775340600008,2.18931789960081,6.4887859725372286,none,0.015480815329808216,0.008627151955560963,1.0389806961846046,4.419324469577681,diagnostic only,ff49,vw
rolling120,1927-06,1937-05,20000,0.761861717785383,0.7472243499530531,2.048314789866474,6.471383143174141,none,0.014483772779192819,0.008377497619423302,1.0106046301249474,4.419324469577681,diagnostic only,ff49,vw
rolling120,1927-07,1937-06,20000,0.6880681078326208,0.6741638842409667,1.9615699664150368,6.465742327492815,none,0.013870394250239407,0.008305174733809428,1.0024389603355448,4.419324469577681,diagnostic only,ff49,vw
rolling120,1927-08,1937-07,20000,0.7211860822828816,0.7082965458791115,2.004020118242237,6.478718785635342,none,0.014170562152433525,0.0075452569607210584,0.9095995109521167,4.419324469577681,diagnostic only,ff49,vw
rolling120,1927-09,1937-08,20000,0.6067339283637022,0.5937927555400144,1.8686513452896716,6.46811493370479,none,0.013213360379276914,0.008119733747505187,0.9794005803386691,4.419324469577681,diagnostic only,ff49,vw
rolling120,1927-10,1937-09,20000,0.2957981162867243,0.28523857582407225,1.5125428351378691,6.5009639541827955,none,0.010695292955611134,0.008216015813158561,0.9873072674565823,4.419324469577681,diagnostic only,ff49,vw
rolling120,1927-11,1937-10,20000,0.20688322368417747,0.1967310946600231,1.4077339760205247,6.497308935402634,none,0.009954182405508136,0.008483216546686823,1.0198857736961613,4.419324469577681,diagnostic only,ff49,vw
rolling120,1927-12,1937-11,20000,0.03558120037229234,0.025468346445649895,1.2076510649755723,6.507755069429199,none,0.00853938257351383,0.009861692914943987,1.1842605527487402,4.419324469577681,diagnostic only,ff49,vw
rolling120,1928-01,1937-12,20000,-0.05705545683895021,-0.06761439129771461,1.0999527139655385,6.5197824128425,none,0.007777840230295791,0.011324643323764594,1.357566386827522,4.419324469577681,diagnostic only,ff49,vw
rolling120,1928-02,1938-01,20000,-0.05177826734899709,-0.06283794190861852,1.107779444691212,6.536628664436361,none,0.007833183574002239,0.011801240206144703,1.4119003410474995,4.419324469577681,diagnostic only,ff49,vw
rolling120,1928-03,1938-02,20000,0.024453037881080098,0.012806192369692373,1.198161746803924,6.544609907931898,none,0.008472282961233738,0.011499579681812033,1.374699778640503,4.419324469577681,diagnostic only,ff49,vw
rolling120,1928-04,1938-03,20000,-0.2919397323315248,-0.29933795147195313,0.8301336445468375,6.553084909804901,none,0.005869931293501718,0.010558898053591781,1.2603587283242115,4.419324469577681,diagnostic only,ff49,vw
rolling120,1928-05,1938-04,20000,-0.21712397514616086,-0.22481032854120347,0.9126582012695172,6.463785434324867,none,0.006453468030231926,0.009915448667650706,1.1910422983479758,4.419324469577681,diagnostic only,ff49,vw
rolling120,1928-06,1938-05,20000,-0.27215545891213316,-0.2790995803367105,0.8500112003500284,6.485902675130046,none,0.006010486838520221,0.009632566766739847,1.1553342701083067,4.419324469577681,diagnostic only,ff49,vw
rolling120,1928-07,1938-06,20000,-0.028858445089171125,-0.04013843774366719,1.1375309867983203,6.53282406048035,none,0.008043558745749173,0.011751687012010681,1.4023634327849308,4.419324469577681,diagnostic only,ff49,vw
rolling120,1928-08,1938-07,20000,0.04316710563138167,0.031827819215183746,1.2239733042913072,6.541647331954927,none,0.00865479823455689,0.010989514146674706,1.3101733984880675,4.419324469577681,diagnostic only,ff49,vw
rolling120,1928-09,1938-08,20000,-0.0543596382370324,-0.0649601016216642,1.1086293325177998,6.537926028402632,none,0.00783919318845652,0.011336910224918118,1.352239079940183,4.419324469577681,diagnostic only,ff49,vw
rolling120,1928-10,1938-09,20000,-0.07749423473670541,-0.08734931486469809,1.080968107580084,6.527211621047359,none,0.007643598791162669,0.010798304639996648,1.2893246227662893,4.419324469577681,diagnostic only,ff49,vw
rolling120,1928-11,1938-10,20000,0.009941828019278162,-0.000421564389407326,1.1913618639218537,6.613050076755151,none,0.008424200528261877,0.010367763088401372,1.2301929867312544,4.419324469577681,diagnostic only,ff49,vw
rolling120,1928-12,1938-11,20000,-0.10376927783433089,-0.11244377089946807,1.055379860894767,6.584716054718339,none,0.0074626625636640504,0.009773457478776448,1.1623858095063244,4.419324469577681,diagnostic only,ff49,vw
rolling120,1929-01,1938-12,20000,-0.06624049277341347,-0.07530946456353249,1.0999744266466853,6.589127302109636,none,0.007777993762136557,0.00980757501301599,1.165978280191863,4.419324469577681,diagnostic only,ff49,vw
rolling120,1929-02,1939-01,20000,-0.17181988639534518,-0.1795111297747922,0.9746280589356376,6.576247245150259,none,0.006891661096080715,0.00937397648957261,1.1160217068452514,4.419324469577681,diagnostic only,ff49,vw
rolling120,1929-03,1939-02,20000,-0.1446433112103787,-0.15292673348411095,1.0055275671965715,6.56994586746561,none,0.007110153614347076,0.009778873447161107,1.1650131239102504,4.419324469577681,diagnostic only,ff49,vw
rolling120,1929-04,1939-03,20000,-0.24042444725679993,-0.2467828669922209,0.8976407819418707,6.6006759365580585,none,0.006347278839806917,0.008441682294228148,1.0017552239148833,4.419324469577681,diagnostic only,ff49,vw
rolling120,1929-05,1939-04,20000,-0.25970741979081435,-0.26505897713531046,0.8748247801104688,6.589131771742264,none,0.006185945343661428,0.007281614684721882,0.8651155235278148,4.419324469577681,diagnostic only,ff49,vw
rolling120,1929-06,1939-05,20000,-0.14359612381243356,-0.14976615862749462,1.0106925001554534,6.576705929029472,none,0.007146675205543069,0.007256868069495992,0.8633433922218116,4.419324469577681,diagnostic only,ff49,vw
rolling120,1929-07,1939-06,20000,-0.2641645727427373,-0.2700974759142498,0.8674156666868975,6.572068610414525,none,0.006133555000217552,0.008128349986107786,0.9672862102487189,4.419324469577681,diagnostic only,ff49,vw
rolling120,1929-08,1939-07,20000,-0.21324820488538856,-0.2200253873846089,0.9254823362167565,6.555042008236579,none,0.006544148358072368,0.008688978320070317,1.0356095443436124,4.419324469577681,diagnostic only,ff49,vw
rolling120,1929-09,1939-08,20000,-0.31567192206026545,-0.3211535167524737,0.8053291251770571,6.553555304648497,none,0.005694536854997271,0.008074866449900187,0.9626058855687037,4.419324469577681,diagnostic only,ff49,vw
rolling120,1929-10,1939-09,20000,-0.1732574222377326,-0.17717333001261137,0.9937918979399887,6.7640594233332445,none,0.0070271699012161536,0.004759091942096116,0.5572524686219789,4.419324469577681,diagnostic only,ff49,vw
rolling120,1929-11,1939-10,20000,0.035550515970066775,0.029210870548920447,1.2331692033264412,6.696782762976673,none,0.008719823060225389,0.00615971478980315,0.7270383099932376,4.419324469577681,diagnostic only,ff49,vw
rolling120,1929-12,1939-11,20000,0.13450875080036254,0.12625188263941003,1.344146983901952,6.664852262158359,none,0.009504554472285154,0.007331280229785131,0.8687275332083321,4.419324469577681,diagnostic only,ff49,vw
rolling120,1930-01,1939-12,20000,0.15180717574516142,0.1442433931645113,1.363914518230618,6.651961529155191,none,0.00964433204799653,0.006610291679055802,0.7842723107217566,4.419324469577681,diagnostic only,ff49,vw
rolling120,1930-02,1940-01,20000,0.058788483727199255,0.05182651495719164,1.24443736794927,6.571316575704609,none,0.008799501016388675,0.006618932562553637,0.7911776766706724,4.419324469577681,diagnostic only,ff49,vw
rolling120,1930-03,1940-02,20000,0.037137082917967516,0.03019386393720418,1.2103933935506166,6.505785731395779,none,0.008558773764830385,0.006739720768892843,0.8112399242627877,4.419324469577681,diagnostic only,ff49,vw
rolling120,1930-04,1940-03,20000,0.0032497981773029687,-0.0035700721542851767,1.1665567024721624,6.470895684259373,none,0.008248801549566837,0.006844304994263695,0.8267710516015836,4.419324469577681,diagnostic only,ff49,vw
rolling120,1930-05,1940-04,20000,0.029574822568220974,0.02451183208515492,1.192280647191772,6.4113953312239556,none,0.008430697307067875,0.00494185652571888,0.6005423156186022,4.419324469577681,diagnostic only,ff49,vw
rolling120,1930-06,1940-05,20000,-0.1966611113009104,-0.2011077053588212,0.9316417907799016,6.429261151739532,none,0.006587702278972472,0.00556594936230792,0.6749840641863905,4.419324469577681,diagnostic only,ff49,vw
rolling120,1930-07,1940-06,20000,0.03941306891049554,0.034236018716940514,1.1968637900072336,6.404320305996358,none,0.008463105020707469,0.005005675783732011,0.6117199515884367,4.419324469577681,diagnostic only,ff49,vw
rolling120,1930-08,1940-07,20000,0.024007920819965903,0.018928219822815597,1.1790643989400664,6.403049110566083,none,0.008337244319461617,0.004985337434302961,0.6092781742395107,4.419324469577681,diagnostic only,ff49,vw
rolling120,1930-09,1940-08,20000,0.044066885858350724,0.03883728819579704,1.2015079881725501,6.399581603629101,none,0.008495944460866163,0.0050340873609149295,0.6155404718853968,4.419324469577681,diagnostic only,ff49,vw
rolling120,1930-10,1940-09,20000,0.2566241298582454,0.2500791865210701,1.4475174820917696,6.43999916293704,none,0.010235494274731671,0.005235622997123768,0.6394359824256648,4.419324469577681,diagnostic only,ff49,vw
rolling120,1930-11,1940-10,20000,0.4334060653053565,0.4255991912509362,1.649265197362067,6.432955976267823,none,0.011662066050296871,0.005476205445634319,0.6694246131646278,4.419324469577681,diagnostic only,ff49,vw
rolling120,1930-12,1940-11,20000,0.4476567977616424,0.4390837206227603,1.6664447144808325,6.436021107966669,none,0.011783543580818767,0.0059573164618749175,0.7275466060003676,4.419324469577681,diagnostic only,ff49,vw
rolling120,1931-01,1940-12,20000,0.5991736952000533,0.5885659890427293,1.836219687137061,6.423168358262831,none,0.012984033925228566,0.006677535733794926,0.8169807795027959,4.419324469577681,diagnostic only,ff49,vw
rolling120,1931-02,1941-01,20000,0.43332706737524185,0.42339883983726784,1.6383616519905793,6.377889056736702,none,0.01158496634158533,0.006975014493554754,0.8569923507102218,4.419324469577681,diagnostic only,ff49,vw
rolling120,1931-03,1941-02,20000,0.2353747703930781,0.2281713546680347,1.400437384197389,6.268194983803445,none,0.009902587709931241,0.005865155295850855,0.7274276114534332,4.419324469577681,diagnostic only,ff49,vw
rolling120,1931-04,1941-03,20000,0.30432145918321324,0.2978432075436551,1.455765717291536,6.0455987671397295,none,0.010293818105157435,0.00499155183145672,0.6293341861473508,4.419324469577681,diagnostic only,ff49,vw
rolling120,1931-05,1941-04,20000,0.38711258500008144,0.3792972719245896,1.5431435183066282,6.0239627955044535,none,0.010911672461386841,0.005666155682731544,0.7162342072810461,4.419324469577681,diagnostic only,ff49,vw
rolling120,1931-06,1941-05,20000,0.6192289951874411,0.6079491373266623,1.7905765824638036,5.9931804663117125,none,0.012661288436939888,0.0070150588715338635,0.8908933649966685,4.419324469577681,diagnostic only,ff49,vw
rolling120,1931-07,1941-06,20000,0.5173618006807221,0.5062135999076558,1.6750564976944182,5.983205339886021,none,0.011844438083903116,0.007401473983337903,0.9412182067308884,4.419324469577681,diagnostic only,ff49,vw
rolling120,1931-08,1941-07,20000,0.7743289798409247,0.7631760830210905,1.961375492296566,5.987120043571825,none,0.013869019110560049,0.006325458317653965,0.8041590202541624,4.419324469577681,diagnostic only,ff49,vw
rolling120,1931-09,1941-08,20000,0.7691834455498902,0.7601066060004333,1.956568524672936,5.981787128505123,none,0.01383502871652392,0.005156982831899359,0.6560766685374392,4.419324469577681,diagnostic only,ff49,vw
rolling120,1931-10,1941-09,20000,1.4866633616069662,1.4770806534472234,2.730310129728785,5.91622199938346,none,0.01930620807473546,0.00386854911098955,0.49635371807076784,4.419324469577681,diagnostic only,ff49,vw
rolling120,1931-11,1941-10,20000,1.1561333224219186,1.1461404909917086,2.3530980742335563,5.8807681727170005,none,0.016638916050875537,0.004656186988761579,0.6005698568137312,4.419324469577681,diagnostic only,ff49,vw
rolling120,1931-12,1941-11,20000,1.3236258789116542,1.3119149456016226,2.529141876270302,5.865660920726991,none,0.017883733712935987,0.005065468923202143,0.6548371552614108,4.419324469577681,diagnostic only,ff49,vw
rolling120,1932-01,1941-12,20000,1.5813504912217062,1.571972547849354,2.809317072961219,5.855414836238388,none,0.019864871527940208,0.003646206636300997,0.4720867869274665,4.419324469577681,diagnostic only,ff49,vw
rolling120,1932-02,1942-01,20000,1.6616526881227318,1.652714221952623,2.8905194597123116,5.833939685156558,none,0.02043905911114251,0.0033695548868921676,0.437322780931534,4.419324469577681,diagnostic only,ff49,vw
rolling120,1932-03,1942-02,20000,1.4994613049049363,1.4905355949064871,2.707339298311895,5.814486591847366,none,0.0191437797680917,0.0035838516087476346,0.46624596117253353,4.419324469577681,diagnostic only,ff49,vw
rolling120,1932-04,1942-03,20000,1.6764730329718838,1.6686954344051985,2.888766262468155,5.784465921370715,none,0.020426662134541505,0.002914382235760238,0.3807571944675838,4.419324469577681,diagnostic only,ff49,vw
rolling120,1932-05,1942-04,20000,2.1656561774624157,2.1521211727905447,3.3769598939525753,5.725192739762627,none,0.023878712408088705,0.004293935394586557,0.5668230531260178,4.419324469577681,diagnostic only,ff49,vw
rolling120,1932-06,1942-05,20000,3.3762300999642023,3.3583176232452505,4.59604691567367,5.634091116503095,none,0.03249895940724368,0.004109952111662096,0.5511707773313903,4.419324469577681,diagnostic only,ff49,vw
rolling120,1932-07,1942-06,20000,3.541278589538895,3.5254625429634734,4.694965892162798,5.564140237998588,none,0.03319842219787863,0.0034949016648062603,0.4764095860083506,4.419324469577681,diagnostic only,ff49,vw
rolling120,1932-08,1942-07,20000,2.489763029179135,2.4744125604686573,3.542440142634404,5.45882942885665,none,0.025048834468042274,0.004418147943952677,0.6128216755978058,4.419324469577681,diagnostic only,ff49,vw
rolling120,1932-09,1942-08,20000,1.3916351740285233,1.369025354840927,2.213402443014184,4.367762464700228,none,0.015651118769502002,0.009543932968633984,1.4446136100924698,4.419324469577681,diagnostic only,ff49,vw
rolling120,1932-10,1942-09,20000,1.571700905986118,1.5438075711605834,2.353413155557889,4.322462416236389,none,0.016641144012286144,0.010965190583503315,1.6761669032454107,4.419324469577681,diagnostic only,ff49,vw
rolling120,1932-11,1942-10,20000,2.236134462315938,2.195634240227433,2.945001845586036,4.305325545209773,none,0.020824307756207836,0.012673610007890801,1.9448532245414663,4.419324469577681,diagnostic only,ff49,vw
rolling120,1932-12,1942-11,20000,2.4377369380523315,2.395561436569703,3.1185521300475934,4.288741993389104,none,0.022051493586404052,0.012420774081247643,1.9125916037103312,4.419324469577681,diagnostic only,ff49,vw
rolling120,1933-01,1942-12,20000,2.6213493804074317,2.576278901964926,3.249698260618607,4.252416208893138,none,0.022978836768935456,0.0126026184416832,1.9613907742899879,4.419324469577681,diagnostic only,ff49,vw
rolling120,1933-02,1943-01,20000,2.8631715528153556,2.8130526794807307,3.441399619787365,4.2216001088894295,none,0.02433437007924452,0.013144028563867094,2.0595919751123026,4.419324469577681,diagnostic only,ff49,vw
rolling120,1933-03,1943-02,20000,4.001101239523556,3.939357210828531,4.463122410856041,4.246861908113181,none,0.03155904121981959,0.012500417778990247,1.956460852690569,4.419324469577681,diagnostic only,ff49,vw
rolling120,1933-04,1943-03,20000,3.9795823970252173,3.925579263213754,4.357991655482631,4.102046771855765,none,0.030815654519461565,0.010963813782224774,1.7524577898339921,4.419324469577681,diagnostic only,ff49,vw
rolling120,1933-05,1943-04,20000,2.6174794770512575,2.5714224387919633,3.096465887415423,4.018210727556578,none,0.02189532026704266,0.012895992856805094,2.103510599414264,4.419324469577681,diagnostic only,ff49,vw
rolling120,1933-06,1943-05,20000,1.8431637341546867,1.8155378823809354,2.2674667922711373,3.3363339637019647,none,0.016033411449302298,0.00981192686009602,1.7230177034441085,4.419324469577681,diagnostic only,ff49,vw
rolling120,1933-07,1943-06,20000,1.505359262555909,1.481333120193261,1.979729920788893,3.297616498424033,none,0.013998804519077328,0.00968275567964727,1.716299583289815,4.419324469577681,diagnostic only,ff49,vw
rolling120,1933-08,1943-07,20000,1.6892570833790352,1.6622648594726988,2.109140527645299,3.273126117731715,none,0.014913875695733637,0.010138819888747985,1.8098731984240732,4.419324469577681,diagnostic only,ff49,vw
rolling120,1933-09,1943-08,20000,1.4127442047202192,1.3863332988537338,1.8717432331973343,3.2388880832802145,none,0.013235223328338683,0.011067567920697519,1.9955013384576248,4.419324469577681,diagnostic only,ff49,vw
rolling120,1933-10,1943-09,20000,1.8169600898518228,1.784651031368512,2.1662878679181663,3.2118709671430223,none,0.015317968414070833,0.011602552032321523,2.1092260807661813,4.419324469577681,diagnostic only,ff49,vw
rolling120,1933-11,1943-10,20000,2.1169749016004755,2.0820198554577924,2.3840628678254943,3.201382223972383,none,0.016857870206144546,0.011341603163517178,2.0735149645381816,4.419324469577681,diagnostic only,ff49,vw
rolling120,1933-12,1943-11,20000,1.6987792596209086,1.6704892280009536,2.0588971105733473,3.190250665879723,none,0.014558601086518028,0.010593576384178904,1.9431833767430422,4.419324469577681,diagnostic only,ff49,vw
rolling120,1934-01,1943-12,20000,1.8930010405201942,1.8573093427803062,2.182539008215535,3.159707805747285,none,0.015432881329133667,0.012491366337380239,2.3127047359918746,4.419324469577681,diagnostic only,ff49,vw
rolling120,1934-02,1944-01,20000,1.4614528434009797,1.4329509382175396,1.8304897330511294,3.0990668452375774,none,0.012943517031328067,0.011714952708549609,2.2020216850223173,4.419324469577681,diagnostic only,ff49,vw
rolling120,1934-03,1944-02,20000,1.5062203146806903,1.4759125354734728,1.8563279228387342,3.0892171061831775,none,0.01312622062345207,0.012241054065111223,2.308949398052007,4.419324469577681,diagnostic only,ff49,vw
rolling120,1934-04,1944-03,20000,1.5618734665941643,1.5307430034604592,1.8912597018288666,3.0741443133963835,none,0.013373225601480394,0.012300918382917025,2.3278200833057774,4.419324469577681,diagnostic only,ff49,vw
rolling120,1934-05,1944-04,20000,1.4992842831289324,1.4711552713977882,1.8401180194982776,3.061437545535542,none,0.013011599297707918,0.011382939816336535,2.1618412224006347,4.419324469577681,diagnostic only,ff49,vw
rolling120,1934-06,1944-05,20000,1.8838034543533515,1.851529613552195,2.116465567158424,3.05206135625696,none,0.01496567154685554,0.011318080179764545,2.1565247306217663,4.419324469577681,diagnostic only,ff49,vw
rolling120,1934-07,1944-06,20000,2.071541900358837,2.03512898911975,2.2478926812120403,3.052636739092501,none,0.015895001582646437,0.011997154443721847,2.290840365743746,4.419324469577681,diagnostic only,ff49,vw
rolling120,1934-08,1944-07,20000,2.4924863428090998,2.4517794208293946,2.534823557553657,3.028572975777891,none,0.017923909266575996,0.011793025282572644,2.271096186344476,4.419324469577681,diagnostic only,ff49,vw
rolling120,1934-09,1944-08,20000,2.3800084773594046,2.343010027371578,2.440470811885847,3.020027487435417,none,0.017256734603723213,0.01106740622519653,2.1440006372841864,4.419324469577681,diagnostic only,ff49,vw
rolling120,1934-10,1944-09,20000,2.40788139923524,2.3712253107107193,2.4543447637492717,3.015786000577024,none,0.01735483825816805,0.010873224168097329,2.11215385469056,4.419324469577681,diagnostic only,ff49,vw
rolling120,1934-11,1944-10,20000,2.382872489491782,2.3452801775627243,2.4103288532536253,2.9677637967492325,none,0.01704359877025233,0.011237418073737127,2.2056557676463777,4.419324469577681,diagnostic only,ff49,vw
rolling120,1934-12,1944-11,20000,2.0545253525470697,2.014408491978808,2.1022046457221046,2.7376930967528517,none,0.014864831604319638,0.013308369013360632,2.6987766586339306,4.419324469577681,diagnostic only,ff49,vw
rolling120,1935-01,1944-12,20000,2.1937140141659226,2.1528949573595284,2.190856198788549,2.736939207541915,none,0.015491692747679656,0.012946532427638768,2.6348997150429585,4.419324469577681,diagnostic only,ff49,vw
rolling120,1935-02,1945-01,20000,2.4382294236484428,2.398375755264379,2.357104702225428,2.7335923704200824,none,0.01666724718910298,0.011727269511714988,2.3911368165295968,4.419324469577681,diagnostic only,ff49,vw
rolling120,1935-03,1945-02,20000,2.7463503906768603,2.703528617893627,2.54859204705765,2.72038240949869,none,0.018021267189525687,0.011562425243952346,2.376179895280741,4.419324469577681,diagnostic only,ff49,vw
rolling120,1935-04,1945-03,20000,2.71972833458205,2.6723300020178833,2.517828685254449,2.7094817902628554,none,0.017803737372094303,0.012906882697939048,2.662268689632502,4.419324469577681,diagnostic only,ff49,vw
rolling120,1935-05,1945-04,20000,2.725115203705155,2.677226802391165,2.515895345573712,2.7053026243721443,none,0.01779006659610844,0.013022966460173091,2.6918618351021526,4.419324469577681,diagnostic only,ff49,vw
rolling120,1935-06,1945-05,20000,2.6310149402886682,2.5845733342059933,2.3958015795747754,2.5600265858382647,none,0.016940875432947654,0.01295596483952588,2.741393516910726,4.419324469577681,diagnostic only,ff49,vw
rolling120,1935-07,1945-06,20000,2.5046722432682524,2.4605879833112607,2.3125219035384297,2.5624919425775974,none,0.016351999196344467,0.012738950770674995,2.6959553647022485,4.419324469577681,diagnostic only,ff49,vw
rolling120,1935-08,1945-07,20000,2.128739725975232,2.0957065880551413,2.0186840497129905,2.4538948174958506,none,0.014274251806251772,0.010670629460669767,2.314176488439334,4.419324469577681,diagnostic only,ff49,vw
rolling120,1935-09,1945-08,20000,2.255038170884671,2.2223719424321775,2.083980900066581,2.4459750402968834,none,0.014735970263003243,0.010137324007308157,2.2167680763109914,4.419324469577681,diagnostic only,ff49,vw
rolling120,1935-10,1945-09,20000,2.374877677159959,2.3385522511261394,2.1403026219141217,2.4072957046766925,none,0.015134224977468228,0.010880592335065664,2.4002171295788615,4.419324469577681,diagnostic only,ff49,vw
rolling120,1935-11,1945-10,20000,2.2943693921516446,2.2566332171018035,2.051033616619076,2.3491185162315307,none,0.014502997787529183,0.01158748085343908,2.6019568921323004,4.419324469577681,diagnostic only,ff49,vw
rolling120,1935-12,1945-11,20000,2.288321317077409,2.251891179548214,2.0299587150176515,2.321078432876494,none,0.014353975729177116,0.011202754187566777,2.5379823831765216,4.419324469577681,diagnostic only,ff49,vw
rolling120,1936-01,1945-12,20000,2.2177444142700495,2.1858061037479315,1.9769364415704933,2.3024916506382644,none,0.013979051638092986,0.01002518969517463,2.284726557206927,4.419324469577681,diagnostic only,ff49,vw
rolling120,1936-02,1946-01,20000,2.22364901746916,2.193106667890307,1.9693872724491865,2.2835256684753236,none,0.013925670951312986,0.009565089035698415,2.1932407914588383,4.419324469577681,diagnostic only,ff49,vw
rolling120,1936-03,1946-02,20000,1.9666075602842938,1.9390289561562732,1.8083403491393535,2.277749426022532,none,0.012786897235696858,0.009383576868221333,2.1567862492106458,4.419324469577681,diagnostic only,ff49,vw
rolling120,1936-04,1946-03,20000,2.14471824939063,2.115885797273341,1.9147626508444662,2.275154640627331,none,0.013539416547748515,0.009253372553807981,2.129519541378132,4.419324469577681,diagnostic only,ff49,vw
rolling120,1936-05,1946-04,20000,2.6610137479776736,2.629464112830022,2.227185402480917,2.2739718299084646,none,0.015748579010539464,0.008692642816366503,2.003332181686856,4.419324469577681,diagnostic only,ff49,vw
rolling120,1936-06,1946-05,20000,2.587658867618827,2.55795858988437,2.1739296529501986,2.260950181298497,none,0.015372003994236032,0.008347561385030566,1.9321018746543,4.419324469577681,diagnostic only,ff49,vw
rolling120,1936-07,1946-06,20000,2.3994207357721478,2.37102423976747,2.0585311260562174,2.260164443973218,none,0.014556013185179309,0.008423699737809098,1.9508429707655446,4.419324469577681,diagnostic only,ff49,vw
rolling120,1936-08,1946-07,20000,2.0801449685506994,2.0548852691675346,1.8468205297565843,2.240428887887078,none,0.013058993202254128,0.00826862456607036,1.9342761721328372,4.419324469577681,diagnostic only,ff49,vw
rolling120,1936-09,1946-08,20000,1.8367657908195247,1.8136145230880931,1.6999795989896769,2.2389960123556207,none,0.012020671023243883,0.008228301191032239,1.9259546897727213,4.419324469577681,diagnostic only,ff49,vw
rolling120,1936-10,1946-09,20000,1.455199493816092,1.4379466664134903,1.4654324759964186,2.2223368933822423,none,0.0103621724114806,0.0070767862317442365,1.6649816966456377,4.419324469577681,diagnostic only,ff49,vw
rolling120,1936-11,1946-10,20000,1.2845250009670834,1.2683769964722904,1.3590381598597978,2.2140057476019974,none,0.009609850987281503,0.00711874812692348,1.6803595098576118,4.419324469577681,diagnostic only,ff49,vw
rolling120,1936-12,1946-11,20000,1.1373984948826366,1.12101261587547,1.2636467263398197,2.1921620464693388,none,0.00893533169219068,0.007725498134485642,1.833829965314824,4.419324469577681,diagnostic only,ff49,vw
rolling120,1937-01,1946-12,20000,1.215481525728124,1.1981629221093644,1.3039721684592949,2.1794381435388805,none,0.009220475627960944,0.00787867152364674,1.8782766006388216,4.419324469577681,diagnostic only,ff49,vw
rolling120,1937-02,1947-01,20000,1.166790733205021,1.149071122661193,1.274172941087267,2.1773870466366567,none,0.009009763270472138,0.008245241563660244,1.966712111282744,4.419324469577681,diagnostic only,ff49,vw
rolling120,1937-03,1947-02,20000,1.1252771792682243,1.1088625580015803,1.2470740623675227,2.171005722847262,none,0.008818145261419308,0.007783637299814794,1.8614596131071304,4.419324469577681,diagnostic only,ff49,vw
rolling120,1937-04,1947-03,20000,1.1170614254736084,1.1018340152237043,1.2388141628414777,2.1647123442938283,none,0.008759738951751448,0.007244820542255503,1.7383406439137705,4.419324469577681,diagnostic only,ff49,vw
rolling120,1937-05,1947-04,20000,1.1409286716977234,1.1257663505894193,1.2511598669926236,2.162130360828755,none,0.00884703626298943,0.007132637650464346,1.7138305594760488,4.419324469577681,diagnostic only,ff49,vw
rolling120,1937-06,1947-05,20000,1.1016551430328352,1.0876868296925641,1.2258087703987401,2.1572959107988794,none,0.008667776939868928,0.006690808765761114,1.6115220127575491,4.419324469577681,diagnostic only,ff49,vw
rolling120,1937-07,1947-06,20000,1.3535314700856347,1.3366618616673347,1.3709776113272698,2.1560678722528386,none,0.009694275658244473,0.007219533427169633,1.740161824669517,4.419324469577681,diagnostic only,ff49,vw
rolling120,1937-08,1947-07,20000,1.2693452435697823,1.253402864281108,1.316143605151254,2.14423944194753,none,0.009306540682177615,0.007074802087713161,1.7130295598669267,4.419324469577681,diagnostic only,ff49,vw
rolling120,1937-09,1947-08,20000,1.3234711693551953,1.3079715766945963,1.345207453683946,2.1426005721954633,none,0.009512053126026068,0.0067156774446923695,1.6294686809717567,4.419324469577681,diagnostic only,ff49,vw
rolling120,1937-10,1947-09,20000,1.7605389005567689,1.7426876596987095,1.5853769589297027,2.127258735760008,none,0.011210307983960993,0.006508667071488672,1.5923952208627785,4.419324469577681,diagnostic only,ff49,vw
rolling120,1937-11,1947-10,20000,2.1175013002430556,2.099982972341181,1.7836680879736733,2.1194154835722117,none,0.012612438003922278,0.005651104557082176,1.3889723696898673,4.419324469577681,diagnostic only,ff49,vw
rolling120,1937-12,1947-11,20000,2.332167279436192,2.314721609160732,1.8948665641975837,2.105620588806138,none,0.013398729969877659,0.005263087623179619,1.3020390973383613,4.419324469577681,diagnostic only,ff49,vw
rolling120,1938-01,1947-12,20000,2.584751123973251,2.5668569739277793,2.011585187138906,2.071172943578782,none,0.014224055267603305,0.0050167837332055765,1.2580202838656975,4.419324469577681,diagnostic only,ff49,vw
rolling120,1938-02,1948-01,20000,2.427616019924804,2.4110982039751887,1.9163338367080525,2.0659698163194538,none,0.013550526509534979,0.004842374790138271,1.2189796417129901,4.419324469577681,diagnostic only,ff49,vw
rolling120,1938-03,1948-02,20000,2.0798151955974076,2.065501705352661,1.718579020560822,2.0615852138284807,none,0.012152188794434924,0.004669216206846016,1.1778528532490737,4.419324469577681,diagnostic only,ff49,vw
rolling120,1938-04,1948-03,20000,3.421672829990596,3.399727883000214,2.4444870503410576,2.046426499631364,none,0.017285133698188633,0.004987796421495494,1.2695850303247442,4.419324469577681,diagnostic only,ff49,vw
rolling120,1938-05,1948-04,20000,2.9002437496045887,2.8818275993421096,2.1486581350783793,2.0374668861164498,none,0.015193307377655629,0.004744195817866892,1.212122535581899,4.419324469577681,diagnostic only,ff49,vw
rolling120,1938-06,1948-05,20000,3.3668850313736076,3.3493158904276052,2.389929555000215,2.010568452859747,none,0.016899353948987998,0.004039518257266783,1.0396338818061435,4.419324469577681,diagnostic only,ff49,vw
rolling120,1938-07,1948-06,20000,2.426684730735993,2.4156677864940956,1.855322379716905,1.990000429772361,none,0.013119110359849862,0.0032254144520316164,0.8397630585999075,4.419324469577681,diagnostic only,ff49,vw
rolling120,1938-08,1948-07,20000,2.0063435990971623,1.9955095286295759,1.6232231311719396,1.9855967182372791,none,0.011477920834305391,0.0036167704906426845,0.9439053138618453,4.419324469577681,diagnostic only,ff49,vw
rolling120,1938-09,1948-08,20000,2.144838469606206,2.1346347332668114,1.694396634303935,1.9812262119486568,none,0.01198119350135975,0.0032551595983754122,0.8516460683350541,4.419324469577681,diagnostic only,ff49,vw
rolling120,1938-10,1948-09,20000,2.037858938273239,2.029906346435901,1.6381656877253796,1.9820836269266155,none,0.0115835806649774,0.0026246988943050553,0.6865400317349732,4.419324469577681,diagnostic only,ff49,vw
rolling120,1938-11,1948-10,20000,1.8772581164543476,1.8692885366288579,1.5206877387016315,1.9062797990573204,none,0.010752886121031603,0.0027775456262943976,0.7411572796164939,4.419324469577681,diagnostic only,ff49,vw
rolling120,1938-12,1948-11,20000,1.6936085416661328,1.6856068977951382,1.422194208835362,1.9054957042975622,none,0.010056431692317213,0.0029794546169670255,0.7956742625823893,4.419324469577681,diagnostic only,ff49,vw
rolling120,1939-01,1948-12,20000,1.6569209586298672,1.6478227172482929,1.396311838790555,1.8963248284893828,none,0.009873415698598589,0.0034361218076675026,0.9214887389847993,4.419324469577681,diagnostic only,ff49,vw
rolling120,1939-02,1949-01,20000,1.886067729791675,1.8745913747382832,1.509522045785264,1.8885828571376986,none,0.010673932749253502,0.00399234310456964,1.0751758815600985,4.419324469577681,diagnostic only,ff49,vw
rolling120,1939-03,1949-02,20000,1.7129227178929454,1.7017894614014946,1.418454429086873,1.8877498715867433,none,0.010029987456114206,0.004120697282487651,1.1099970503616188,4.419324469577681,diagnostic only,ff49,vw
rolling120,1939-04,1949-03,20000,2.2996325679880685,2.2855269745025044,1.6988912514258872,1.8701598872557912,none,0.012012975243817446,0.004293251461647163,1.1741964999739423,4.419324469577681,diagnostic only,ff49,vw
rolling120,1939-05,1949-04,20000,2.2400691998873596,2.2246417923240207,1.666753156724831,1.869624137360362,none,0.011785724596842123,0.004784223661698617,1.3089910116746295,4.419324469577681,diagnostic only,ff49,vw
rolling120,1939-06,1949-05,20000,1.9127589349682421,1.8983976502942026,1.495357919513728,1.8653551415573608,none,0.010573777251891646,0.0049549048842838506,1.3581981473527154,4.419324469577681,diagnostic only,ff49,vw
rolling120,1939-07,1949-06,20000,2.128542494961205,2.1122557984516224,1.5960520935176745,1.8581880687783272,none,0.011285792584533333,0.005233084156413215,1.4431149950339028,4.419324469577681,diagnostic only,ff49,vw
rolling120,1939-08,1949-07,20000,1.9888883058493407,1.972552875222188,1.5169788713382317,1.8500093946027032,none,0.010726660468399788,0.005495421381169541,1.522881298916488,4.419324469577681,diagnostic only,ff49,vw
rolling120,1939-09,1949-08,20000,2.359000631928217,2.3416119708748315,1.6971842310057186,1.8438634298956718,none,0.012000904786670196,0.005203674515456447,1.4489458388753729,4.419324469577681,diagnostic only,ff49,vw
rolling120,1939-10,1949-09,20000,1.967993980856623,1.9508386874704238,1.403141656584365,1.670340257008679,none,0.009921709803361304,0.0058137008502165965,1.729066232151562,4.419324469577681,diagnostic only,ff49,vw
rolling120,1939-11,1949-10,20000,2.035295797908965,2.019042335220469,1.4207857237298518,1.650065981981898,none,0.010046472198624149,0.005383648483123782,1.6178278670518937,4.419324469577681,diagnostic only,ff49,vw
rolling120,1939-12,1949-11,20000,2.2549646644553882,2.2374795783048653,1.5110132315665872,1.6428234933895132,none,0.010684477025033327,0.005400832878667217,1.6364943374912981,4.419324469577681,diagnostic only,ff49,vw
rolling120,1940-01,1949-12,20000,2.401086104538307,2.3843142587172137,1.5765803539264267,1.6435782356364421,none,0.011148106593468635,0.00495575899250289,1.5044568941347973,4.419324469577681,diagnostic only,ff49,vw
rolling120,1940-02,1950-01,20000,2.525888535648244,2.5083300078424937,1.6299534653490422,1.6405135516361702,none,0.0115255114836682,0.005004810769368984,1.5234489012163204,4.419324469577681,diagnostic only,ff49,vw
rolling120,1940-03,1950-02,20000,2.5281342093721433,2.5103497996039903,1.631904638289469,1.6409534968176307,none,0.011539308359842635,0.005066278514511469,1.5412024025671776,4.419324469577681,diagnostic only,ff49,vw
rolling120,1940-04,1950-03,20000,2.4323734116471973,2.4150697552916776,1.5883564347877415,1.6412517779950826,none,0.011231376059797002,0.005066852976782554,1.5406532791167649,4.419324469577681,diagnostic only,ff49,vw
rolling120,1940-05,1950-04,20000,2.5534906728287945,2.534236523835636,1.6422117281098063,1.6432488305583046,none,0.011612190490905228,0.005447894860263203,1.6580979280557258,4.419324469577681,diagnostic only,ff49,vw
rolling120,1940-06,1950-05,20000,3.896230180005632,3.8718831326791117,2.24163760797137,1.634683557440877,none,0.015850771535593472,0.0049974612821082065,1.536016544800232,4.419324469577681,diagnostic only,ff49,vw
rolling120,1940-07,1950-06,20000,3.308678143608368,3.286947642198795,1.9487182122506617,1.6109891960884783,none,0.013779518625041686,0.005068991558391689,1.577014553330018,4.419324469577681,diagnostic only,ff49,vw
rolling120,1940-08,1950-07,20000,3.1918233782980883,3.174085673306143,1.9229731607656189,1.6348146612965548,none,0.013597473620170981,0.004249482732321619,1.3044853395142764,4.419324469577681,diagnostic only,ff49,vw
rolling120,1940-09,1950-08,20000,3.3208474434725286,3.2995391872755615,1.9804004756899056,1.634551308469967,none,0.014003546058253966,0.004955939524874831,1.5216328855795473,4.419324469577681,diagnostic only,ff49,vw
rolling120,1940-10,1950-09,20000,3.3703295197599275,3.3526081681153252,1.9712179206429532,1.5582506114671744,none,0.013938615588830779,0.004071432796183716,1.271385348972719,4.419324469577681,diagnostic only,ff49,vw
rolling120,1940-11,1950-10,20000,3.204128131987579,3.1877026549981062,1.8893804904684126,1.5529759866461061,none,0.013359937570517797,0.003922312146462659,1.2294576155595098,4.419324469577681,diagnostic only,ff49,vw
rolling120,1940-12,1950-11,20000,3.371715094477313,3.353676604459297,1.94872701279215,1.5526569390657494,none,0.013779580854267332,0.004143277431203796,1.3090739267609806,4.419324469577681,diagnostic only,ff49,vw
rolling120,1941-01,1950-12,20000,3.5815024192140323,3.5648362969800607,2.040700330996343,1.5481139505751613,none,0.01442993042417146,0.003650979169833146,1.1549689945874162,4.419324469577681,diagnostic only,ff49,vw
rolling120,1941-02,1951-01,20000,3.953408950104601,3.936076250009119,2.2015334602498315,1.5428651814409053,none,0.015567192387517404,0.003511432809703896,1.113412082539687,4.419324469577681,diagnostic only,ff49,vw
rolling120,1941-03,1951-02,20000,4.130577896930523,4.115310957556563,2.282769243696886,1.5442478882492165,none,0.016141616121021544,0.0029845574395448438,0.9458123188841024,4.419324469577681,diagnostic only,ff49,vw
rolling120,1941-04,1951-03,20000,3.9132219757087747,3.8964245699320204,2.1779264044076245,1.5345601228987718,none,0.015400265294818662,0.00343054519412056,1.0907218450584595,4.419324469577681,diagnostic only,ff49,vw
rolling120,1941-05,1951-04,20000,4.422228790424354,4.404960362690119,2.3926817493679553,1.534397300264507,none,0.016918814901993724,0.0031949221780491754,1.0206641442835502,4.419324469577681,diagnostic only,ff49,vw
rolling120,1941-06,1951-05,20000,4.3033686122231485,4.2892360996449295,2.3368463419821834,1.531875249676284,none,0.0165239989500658,0.002671938312446942,0.8552719363470268,4.419324469577681,diagnostic only,ff49,vw
rolling120,1941-07,1951-06,20000,3.815789363726286,3.8044277716485286,2.119581302777766,1.528699683240136,none,0.014987703124703752,0.0023648169184276036,0.7580609238937015,4.419324469577681,diagnostic only,ff49,vw
rolling120,1941-08,1951-07,20000,3.701891255984431,3.6856172128803184,2.051727698358084,1.5140362054210323,none,0.014507905686572684,0.0034731909084200208,1.1217362075336834,4.419324469577681,diagnostic only,ff49,vw
rolling120,1941-09,1951-08,20000,3.87377856662193,3.854480308456681,2.122439560207862,1.5106605075889248,none,0.015007914056815726,0.003975349973431852,1.2858721133523963,4.419324469577681,diagnostic only,ff49,vw
rolling120,1941-10,1951-09,20000,4.055516427012269,4.037239566692329,2.2057657385261575,1.515203404139377,none,0.01559711911420799,0.0036283484392507503,1.1718100109456013,4.419324469577681,diagnostic only,ff49,vw
rolling120,1941-11,1951-10,20000,4.220497035758033,4.2014942575983305,2.272333174241793,1.5135579049205308,none,0.016067821966215246,0.0036533306043629032,1.182660487504673,4.419324469577681,diagnostic only,ff49,vw
rolling120,1941-12,1951-11,20000,4.404771026191355,4.387793271525107,2.339935920102735,1.50849986633537,none,0.016545845566466273,0.0031511518372424607,1.0261037792264593,4.419324469577681,diagnostic only,ff49,vw
rolling120,1942-01,1951-12,20000,4.89058039306764,4.870261145854067,2.5070457301626288,1.4966422927813963,none,0.017727490365427742,0.0034613872719995165,1.1461998734575334,4.419324469577681,diagnostic only,ff49,vw
rolling120,1942-02,1952-01,20000,4.700480236236116,4.686807302740272,2.405080756565962,1.4846916035925766,none,0.01700648912269064,0.00240432509279076,0.8039833146749242,4.419324469577681,diagnostic only,ff49,vw
rolling120,1942-03,1952-02,20000,4.653690540526592,4.6379644330822,2.37790909955841,1.4831385511782376,none,0.016814356493429487,0.002789323634628582,0.9352785787869561,4.419324469577681,diagnostic only,ff49,vw
rolling120,1942-04,1952-03,20000,5.107838048746742,5.094752437582561,2.561832212922853,1.479430397650734,none,0.018114889300198885,0.0021470291530611973,0.7223677135049986,4.419324469577681,diagnostic only,ff49,vw
rolling120,1942-05,1952-04,20000,5.113497659562545,5.103134806669129,2.5627280820272533,1.47800861226663,none,0.018121224051386657,0.0016979557590783845,0.5718627430481508,4.419324469577681,diagnostic only,ff49,vw
rolling120,1942-06,1952-05,20000,4.956508854864801,4.946253829187396,2.487853607535619,1.473172501818152,none,0.017591781564878516,0.0017246195624995853,0.5829441230602167,4.419324469577681,diagnostic only,ff49,vw
rolling120,1942-07,1952-06,20000,4.982267483156953,4.971594701303138,2.497470352514247,1.4726080892331028,none,0.01765978222075181,0.0017872582430094042,0.6043552361180068,4.419324469577681,diagnostic only,ff49,vw
rolling120,1942-08,1952-07,20000,4.784905446359358,4.773113367141963,2.4125036025513102,1.4713637003543785,none,0.01705897657001007,0.002042585770878791,0.6912536147171262,4.419324469577681,diagnostic only,ff49,vw
rolling120,1942-09,1952-08,20000,4.72180965557164,4.711488532226728,2.3845137692147045,1.4703344200632344,none,0.016861058560444116,0.0018070811639865347,0.6121278392998152,4.419324469577681,diagnostic only,ff49,vw
rolling120,1942-10,1952-09,20000,4.443033183796714,4.434932001431683,2.268156069624009,1.468870080965472,none,0.01603828537620564,0.0014905765818038486,0.505115239877789,4.419324469577681,diagnostic only,ff49,vw
rolling120,1942-11,1952-10,20000,4.031196418645091,4.024372427991942,2.0801425367366146,1.4560188497981306,none,0.014708828935610473,0.0013581777129278993,0.46393840617913384,4.419324469577681,diagnostic only,ff49,vw
rolling120,1942-12,1952-11,20000,4.295560826720095,4.292571798389024,2.1800243798010195,1.4499771451575119,none,0.015415100221092983,0.0005647591463910917,0.19390262069014577,4.419324469577681,diagnostic only,ff49,vw
rolling120,1943-01,1952-12,20000,4.166992935479589,4.164528829574851,2.118430370903691,1.4450085398214532,none,0.014979564807375329,0.00047712114426157193,0.16449782997199533,4.419324469577681,diagnostic only,ff49,vw
rolling120,1943-02,1953-01,20000,3.7692770525778636,3.7659937266438748,1.9419089283786912,1.4353342458006801,none,0.01373136971703274,0.0006889068937783183,0.23911131967527705,4.419324469577681,diagnostic only,ff49,vw
rolling120,1943-03,1953-02,20000,3.4206447827501814,3.4234487721878457,1.7587606098337576,1.355117795788548,none,0.012436315536972376,-0.0006338921466196856,-0.22546785897545565,4.419324469577681,diagnostic only,ff49,vw
rolling120,1943-04,1953-03,20000,3.062192211317649,3.0601387170481145,1.5985146839861226,1.3388755522085285,none,0.011303205728728583,0.0005057694853902728,0.18167361709744798,4.419324469577681,diagnostic only,ff49,vw
rolling120,1943-05,1953-04,20000,2.874810431046267,2.8755172487707124,1.514066007359642,1.3268456388181655,none,0.010706063409680439,-0.00018238022928918074,-0.0660203192712305,4.419324469577681,diagnostic only,ff49,vw
rolling120,1943-06,1953-05,20000,2.627282594302953,2.630787733858295,1.4030193520340182,1.304504059472498,none,0.009920844979592102,-0.000965393686514604,-0.35331058620026046,4.419324469577681,diagnostic only,ff49,vw
rolling120,1943-07,1953-06,20000,2.48801617444775,2.491584541759593,1.3439166929629065,1.2990320227358054,none,0.009502926069438705,-0.0010219908093775931,-0.37550195442633244,4.419324469577681,diagnostic only,ff49,vw
rolling120,1943-08,1953-07,20000,2.7584190012429577,2.7649369279061506,1.436712280504145,1.2867539664380814,none,0.0101590899615847,-0.001731218022506864,-0.6415856821663809,4.419324469577681,diagnostic only,ff49,vw
rolling120,1943-09,1953-08,20000,2.5573417234281854,2.563742400101778,1.3591145050826212,1.2840336411181117,none,0.009610390829529199,-0.001796054808397396,-0.6660162720880743,4.419324469577681,diagnostic only,ff49,vw
rolling120,1943-10,1953-09,20000,2.464496517979155,2.470970250899285,1.3240536581299958,1.284591633570393,none,0.009362473203185747,-0.0018651075786236815,-0.6914554284573916,4.419324469577681,diagnostic only,ff49,vw
rolling120,1943-11,1953-10,20000,2.62122571718192,2.627842377517838,1.3852169261351788,1.2837438908590835,none,0.009794962818845699,-0.0018238555172414017,-0.6755166362844727,4.419324469577681,diagnostic only,ff49,vw
rolling120,1943-12,1953-11,20000,2.9903775604784153,2.998196228506972,1.5255103079520338,1.2834663640344324,none,0.010786986835228614,-0.0019555488479554572,-0.7248241003708513,4.419324469577681,diagnostic only,ff49,vw
rolling120,1944-01,1953-12,20000,2.6863399656719973,2.6914647273269763,1.4058643186390716,1.2808463767150695,none,0.009940961931378927,-0.0013882732285214194,-0.5155196942061048,4.419324469577681,diagnostic only,ff49,vw
rolling120,1944-02,1954-01,20000,2.790079223781482,2.7950655446829917,1.4449534962813937,1.2798927143696042,none,0.010217364157197843,-0.0013138958583984728,-0.48802419340185704,4.419324469577681,diagnostic only,ff49,vw
rolling120,1944-03,1954-02,20000,2.8467434954482362,2.8529636545509973,1.4651010996255953,1.2786854377694603,none,0.010359829226691259,-0.0016143830205649357,-0.6004113549222747,4.419324469577681,diagnostic only,ff49,vw
rolling120,1944-04,1954-03,20000,2.845748867956958,2.850847959776418,1.4678752405339301,1.2832966648395472,none,0.010379445365173766,-0.0013241477910117538,-0.49126823640972406,4.419324469577681,diagnostic only,ff49,vw
rolling120,1944-05,1954-04,20000,3.0583576529981595,3.06307863190015,1.5533751562599267,1.2866779388260943,none,0.01098402106718107,-0.00116192161897255,-0.4298042468341698,4.419324469577681,diagnostic only,ff49,vw
rolling120,1944-06,1954-05,20000,2.9604464480407944,2.967091728065457,1.519547184659048,1.288077818568152,none,0.010744821186053398,-0.0016751011774318592,-0.6184635285776805,4.419324469577681,diagnostic only,ff49,vw
rolling120,1944-07,1954-06,20000,2.7808536186395307,2.7888148198223797,1.4446857796461463,1.2777143422863542,none,0.010215471114715644,-0.002101237870269501,-0.779327854138868,4.419324469577681,diagnostic only,ff49,vw
rolling120,1944-08,1954-07,20000,3.0510608782649076,3.0599947737551414,1.5506639252986127,1.2793108519141172,none,0.01096484976919999,-0.002200469702075658,-0.8147759137867013,4.419324469577681,diagnostic only,ff49,vw
rolling120,1944-09,1954-08,20000,2.8725614771983814,2.8789037497436,1.4810888610407074,1.278943452207843,none,0.010472879771817442,-0.0016350682962004148,-0.6055901226218162,4.419324469577681,diagnostic only,ff49,vw
rolling120,1944-10,1954-09,20000,3.057285821979834,3.063753717112262,1.5520916476413864,1.2788053825540284,none,0.010974945290702257,-0.0015916060821286049,-0.5893327903791801,4.419324469577681,diagnostic only,ff49,vw
rolling120,1944-11,1954-10,20000,3.010004871593073,3.0162412398055904,1.5352443328729488,1.2796590754881043,none,0.010855816785526794,-0.0015527872555829436,-0.574472500386312,4.419324469577681,diagnostic only,ff49,vw
rolling120,1944-12,1954-11,20000,3.2924482686780814,3.3018227263699345,1.652125642658236,1.2862695275568419,none,0.011682292452958215,-0.002179182706527727,-0.8024501808700447,4.419324469577681,diagnostic only,ff49,vw
rolling120,1945-01,1954-12,20000,3.338142745352287,3.348472952579553,1.6623784161941761,1.2724911393162666,none,0.011754790509890548,-0.0023755942235166305,-0.8788082797880822,4.419324469577681,diagnostic only,ff49,vw
rolling120,1945-02,1955-01,20000,3.2384035498746884,3.2494320067630227,1.624329104850286,1.2723449589820777,none,0.011485741249183118,-0.002595277879674951,-0.9601867784648792,4.419324469577681,diagnostic only,ff49,vw
rolling120,1945-03,1955-02,20000,3.142193558362939,3.1524723357937487,1.5894682753700025,1.2731553446926032,none,0.011239237959950153,-0.002475339171367441,-0.9145439813123725,4.419324469577681,diagnostic only,ff49,vw
rolling120,1945-04,1955-03,20000,3.3341727440056124,3.3453224645448865,1.6656413345456258,1.2762674134243073,none,0.011777862826818229,-0.0025659132619613167,-0.9466675493864772,4.419324469577681,diagnostic only,ff49,vw
rolling120,1945-05,1955-04,20000,3.1156367639346785,3.1266388431013254,1.5842465244747463,1.276749679351274,none,0.011202314605273128,-0.0026661114735154756,-0.9821255297961458,4.419324469577681,diagnostic only,ff49,vw
rolling120,1945-06,1955-05,20000,3.068235612992871,3.078397163907426,1.5667570398543267,1.2777057383483161,none,0.011078645273527563,-0.002491555016878144,-0.9172196296270979,4.419324469577681,diagnostic only,ff49,vw
rolling120,1945-07,1955-06,20000,3.175491047743639,3.1862002111566117,1.6060484651289617,1.275540923593217,none,0.011356477606069351,-0.0025582062187162746,-0.9430004429585973,4.419324469577681,diagnostic only,ff49,vw
rolling120,1945-08,1955-07,20000,3.286917692103931,3.298138163904631,1.656429037023499,1.2829188649561765,none,0.01171272204633619,-0.0026105423727252886,-0.957973027645602,4.419324469577681,diagnostic only,ff49,vw
rolling120,1945-09,1955-08,20000,3.0430034998415043,3.0543918534395997,1.559773120506055,1.2831063380375554,none,0.011029261506223334,-0.0028088931730746447,-1.032558126549948,4.419324469577681,diagnostic only,ff49,vw
rolling120,1945-10,1955-09,20000,2.707700511299671,2.71979826066069,1.4225148344676104,1.272141223159877,none,0.010058698857905064,-0.003252259534867963,-1.2027151356172947,4.419324469577681,diagnostic only,ff49,vw
rolling120,1945-11,1955-10,20000,2.444861573783622,2.456703073271115,1.305119284883615,1.2375226096049654,none,0.009228586965985417,-0.0034256629037817676,-1.2831324590794182,4.419324469577681,diagnostic only,ff49,vw
rolling120,1945-12,1955-11,20000,2.415750756702175,2.4285729443127315,1.2855807075053793,1.2243596596919943,none,0.009090428360396531,-0.003739803066411529,-1.4105152257090114,4.419324469577681,diagnostic only,ff49,vw
rolling120,1946-01,1955-12,20000,2.4226848692962886,2.433467086983551,1.2823761047810012,1.2164301031985378,none,0.009067768397222365,-0.0031403294145845306,-1.1890706968833797,4.419324469577681,diagnostic only,ff49,vw
rolling120,1946-02,1956-01,20000,2.088253637519352,2.0968842370684038,1.150805172623265,1.207353039855579,none,0.008137421413864662,-0.002786865406768313,-1.06060619330184,4.419324469577681,diagnostic only,ff49,vw
rolling120,1946-03,1956-02,20000,2.4149368568040974,2.4248269327771106,1.2738827121032552,1.208360069006968,none,0.009007711041645222,-0.002887759342920626,-1.0979566204209394,4.419324469577681,diagnostic only,ff49,vw
rolling120,1946-04,1956-03,20000,2.4142698857677765,2.421470422468029,1.2779554126069768,1.2167319279004256,none,0.009036509383084455,-0.0021045152554785007,-0.7968272255359025,4.419324469577681,diagnostic only,ff49,vw
rolling120,1946-05,1956-04,20000,2.2092933065465052,2.214742693974383,1.1933838123709763,1.2076901572994456,none,0.008438497862857719,-0.0016951239793131512,-0.6457769518273443,4.419324469577681,diagnostic only,ff49,vw
rolling120,1946-06,1956-05,20000,1.9715959900728526,1.9776294287555687,1.1036471767857623,1.2071078528065777,none,0.007803964027426009,-0.002026255726938264,-0.7731248710927393,4.419324469577681,diagnostic only,ff49,vw
rolling120,1946-07,1956-06,20000,2.216453633958758,2.2242556261410793,1.193912543464018,1.2059485714055773,none,0.008442236556270858,-0.0024197809004551374,-0.9241617585953656,4.419324469577681,diagnostic only,ff49,vw
rolling120,1946-08,1956-07,20000,2.444307171346337,2.452031764320771,1.2798641960681392,1.2077166590434674,none,0.009050006520376502,-0.002237694639508625,-0.8535455700547608,4.419324469577681,diagnostic only,ff49,vw
rolling120,1946-09,1956-08,20000,2.6142620682552757,2.623009199746536,1.3469622702316897,1.2130759999362724,none,0.009524461552832547,-0.0024143277063365387,-0.9183859310827699,4.419324469577681,diagnostic only,ff49,vw
rolling120,1946-10,1956-09,20000,2.9016519404594487,2.9091008543268266,1.4532483690970617,1.2135291225759806,none,0.01027601776536823,-0.001905531257688886,-0.7248833193420398,4.419324469577681,diagnostic only,ff49,vw
rolling120,1946-11,1956-10,20000,3.003364354581546,3.0092713043235078,1.489060575093246,1.2126182139424626,none,0.010529248302459744,-0.0014733225301046815,-0.5610039361102354,4.419324469577681,diagnostic only,ff49,vw
rolling120,1946-12,1956-11,20000,3.0250279822821953,3.03454810353061,1.4954201458216116,1.2115733977629624,none,0.010574217258334373,-0.002359649954373877,-0.9003145117820477,4.419324469577681,diagnostic only,ff49,vw
rolling120,1947-01,1956-12,20000,2.9441032714264015,2.9532771452878013,1.4587562209537184,1.2046746733852889,none,0.010314964159344358,-0.0023205744308452125,-0.8893752532420719,4.419324469577681,diagnostic only,ff49,vw
rolling120,1947-02,1957-01,20000,2.8637079828432723,2.874791515894868,1.4309834667955603,1.205679569340016,none,0.010118581131369755,-0.00286042049130375,-1.0953643507620028,4.419324469577681,diagnostic only,ff49,vw
rolling120,1947-03,1957-02,20000,2.8452623226203135,2.8583437595616106,1.4268295030114406,1.2070333468920136,none,0.010089208171764211,-0.0033904280583810786,-1.2965771662742496,4.419324469577681,diagnostic only,ff49,vw
rolling120,1947-04,1957-03,20000,3.033614327927347,3.046486539090041,1.4940343087678596,1.20475660536695,none,0.010564417910551096,-0.0031810834012035993,-1.2184496364762123,4.419324469577681,diagnostic only,ff49,vw
rolling120,1947-05,1957-04,20000,3.4587494042595646,3.473061141709013,1.652871311966928,1.2066010904288749,none,0.011687565131205203,-0.0031995398667813424,-1.2245268615647538,4.419324469577681,diagnostic only,ff49,vw
rolling120,1947-06,1957-05,20000,3.6984661125883105,3.7138272738474027,1.7411865259116743,1.2064414190993267,none,0.012312047997827912,-0.0032587450423390285,-1.2476528081926153,4.419324469577681,diagnostic only,ff49,vw
rolling120,1947-07,1957-06,20000,3.4273683126680012,3.4440167006364852,1.639523733719793,1.205526290102574,none,0.01159318350029553,-0.003746247840630157,-1.4360497242245502,4.419324469577681,diagnostic only,ff49,vw
rolling120,1947-08,1957-07,20000,3.2519773470852162,3.267838060984329,1.572299533829588,1.2036084477152367,none,0.011117836624273491,-0.00371633451702591,-1.426600734938317,4.419324469577681,diagnostic only,ff49,vw
rolling120,1947-09,1957-08,20000,3.1344176841113116,3.1484023132216326,1.5282643589334985,1.203023207510152,none,0.010806460916475887,-0.0033710879645760805,-1.29409889309825,4.419324469577681,diagnostic only,ff49,vw
rolling120,1947-10,1957-09,20000,2.9326096258150613,2.9481198372085164,1.4552290838276083,1.202780587979845,none,0.010290023533543887,-0.003928505727531673,-1.507305726065077,4.419324469577681,diagnostic only,ff49,vw
rolling120,1947-11,1957-10,20000,2.669764599065662,2.681079351628994,1.359196634032993,1.2047663431190043,none,0.009610971568906595,-0.003073759482616012,-1.1772745848023496,4.419324469577681,diagnostic only,ff49,vw
rolling120,1947-12,1957-11,20000,2.86274062802486,2.8737138841410577,1.4344046897809826,1.2090108547603156,none,0.010142772831099187,-0.002832748221576642,-1.0818793143578957,4.419324469577681,diagnostic only,ff49,vw
rolling120,1948-01,1957-12,20000,2.69496530936173,2.704934067409096,1.3733096581511088,1.2117507069802735,none,0.009710765719476284,-0.0026906708367787635,-1.0265676606091159,4.419324469577681,diagnostic only,ff49,vw
rolling120,1948-02,1958-01,20000,3.082711158065862,3.0939222223212894,1.5180881109396624,1.2115677293230716,none,0.010734503976841111,-0.002738465375404786,-1.0443951839427827,4.419324469577681,diagnostic only,ff49,vw
rolling120,1948-03,1958-02,20000,3.2851920943985102,3.296750442415102,1.5941277222569263,1.212524736175131,none,0.011272185224853378,-0.0026900207893141292,-1.0253866296578968,4.419324469577681,diagnostic only,ff49,vw
rolling120,1948-04,1958-03,20000,3.107379873211062,3.1195186066570297,1.5178880159763117,1.2024306114566994,none,0.010733089091786446,-0.002946638819970704,-1.1309636342492444,4.419324469577681,diagnostic only,ff49,vw
rolling120,1948-05,1958-04,20000,3.097553606475571,3.108835120745865,1.511000150722231,1.2002597020954335,none,0.01068438452949585,-0.0027456721768492898,-1.0558880803240902,4.419324469577681,diagnostic only,ff49,vw
rolling120,1948-06,1958-05,20000,2.906156486881059,2.9174786743345362,1.4384954719641962,1.1997228133258755,none,0.010171699029320263,-0.0028901720710452494,-1.113106809476021,4.419324469577681,diagnostic only,ff49,vw
rolling120,1948-07,1958-06,20000,3.0794599166033847,3.0894409653582464,1.494953230516994,1.1939712931621216,none,0.010570915668553024,-0.002440687820025045,-0.9441990710940895,4.419324469577681,diagnostic only,ff49,vw
rolling120,1948-08,1958-07,20000,3.475762607138213,3.486778579042335,1.6433701313843627,1.1956704806183782,none,0.011620381639013104,-0.002455207385445246,-0.9479871011411665,4.419324469577681,diagnostic only,ff49,vw
rolling120,1948-09,1958-08,20000,3.577376973100484,3.586931825961045,1.6810356853090345,1.196651156690782,none,0.011886717324985934,-0.0020830597059418032,-0.8038260353408929,4.419324469577681,diagnostic only,ff49,vw
rolling120,1948-10,1958-09,20000,3.939853599484687,3.9473195951154425,1.8179754812357307,1.1984360634104096,none,0.012855027908126622,-0.0015090991166462064,-0.5807840857378177,4.419324469577681,diagnostic only,ff49,vw
rolling120,1948-11,1958-10,20000,3.8746782024943722,3.8787843407841196,1.795382089348853,1.1996498721784101,none,0.012695268501994459,-0.0008416314399104508,-0.3234384754526688,4.419324469577681,diagnostic only,ff49,vw
rolling120,1948-12,1958-11,20000,4.568170566103564,4.572577720679423,2.044208496153466,1.1979846147591204,none,0.014454736897892702,-0.0007908646225791571,-0.3048934482163343,4.419324469577681,diagnostic only,ff49,vw
rolling120,1949-01,1958-12,20000,4.677541686352553,4.678575053251864,2.095031359456856,1.2061241689505287,none,0.014814108810704142,-0.00018197644472772723,-0.06975558992545516,4.419324469577681,diagnostic only,ff49,vw
rolling120,1949-02,1959-01,20000,4.710234919330432,4.710147822821392,2.108455162220475,1.2074523615726966,none,0.0149090294303388,1.5252934204568191e-05,0.005841863110308298,4.419324469577681,diagnostic only,ff49,vw
rolling120,1949-03,1959-02,20000,5.039245034645375,5.038955391266682,2.232154245760206,1.2092655660570153,none,0.01578371403831385,4.796249681060516e-05,0.018350774601585098,4.419324469577681,diagnostic only,ff49,vw
rolling120,1949-04,1959-03,20000,4.839897818245133,4.838196036029073,2.1640665189538857,1.214172243263578,none,0.015302261104910588,0.00029149110539572476,0.1112111605201628,4.419324469577681,diagnostic only,ff49,vw
rolling120,1949-05,1959-04,20000,5.153431423691447,5.153250322307114,2.3034667333490524,1.2303404198797956,none,0.016287969473887397,2.9431824620562708e-05,0.011118720760301664,4.419324469577681,diagnostic only,ff49,vw
rolling120,1949-06,1959-05,20000,5.386105259409544,5.390630944529948,2.3999270144066873,1.2359365564501152,none,0.016970046662397535,-0.0007081750080213389,-0.26668666329787727,4.419324469577681,diagnostic only,ff49,vw
rolling120,1949-07,1959-06,20000,5.496818500002191,5.500480399771396,2.456997265497038,1.249559828724976,none,0.017373594277897596,-0.0005633275610420485,-0.21077387388190977,4.419324469577681,diagnostic only,ff49,vw
rolling120,1949-08,1959-07,20000,5.3337368614362335,5.334847959751992,2.400295617273959,1.252940371853549,none,0.01697265307826766,-0.00017539463027660407,-0.06546403267864104,4.419324469577681,diagnostic only,ff49,vw
rolling120,1949-09,1959-08,20000,5.078984850906718,5.078600467450331,2.3088232905841073,1.2534593967970724,none,0.01632584605333461,6.323551917009063e-05,0.02354447390544368,4.419324469577681,diagnostic only,ff49,vw
rolling120,1949-10,1959-09,20000,4.581845100043438,4.58365400084105,2.120606825056664,1.253069217240459,none,0.014994954662280416,-0.00032396362620956687,-0.12063396244620549,4.419324469577681,diagnostic only,ff49,vw
rolling120,1949-11,1959-10,20000,4.55951357334039,4.558516080193853,2.1188128785299374,1.2582961385101155,none,0.014982269544739073,0.00017945313679867958,0.06657824060354844,4.419324469577681,diagnostic only,ff49,vw
rolling120,1949-12,1959-11,20000,4.601362465103166,4.603217145568028,2.1440272618152876,1.2643355997076438,none,0.015160562158784151,-0.00033100278227282676,-0.122335863633356,4.419324469577681,diagnostic only,ff49,vw
rolling120,1950-01,1959-12,20000,4.365881750473787,4.3623304873061395,2.0520623248608625,1.2628742089821396,none,0.014510271853265479,0.0006622611523205979,0.24474132556298978,4.419324469577681,diagnostic only,ff49,vw
rolling120,1950-02,1960-01,20000,3.9422673466532427,3.938321738042723,1.8979091307965261,1.27072367535826,none,0.013420244164620898,0.000798977632446185,0.2940042343582116,4.419324469577681,diagnostic only,ff49,vw
rolling120,1950-03,1960-02,20000,3.9834488789328564,3.983965600133967,1.9203716081553985,1.2750994881076798,none,0.013579077865247978,-0.00010367671901601039,-0.03805274601399704,4.419324469577681,diagnostic only,ff49,vw
rolling120,1950-04,1960-03,20000,3.9507746943456157,3.9500479056505684,1.9077819559003957,1.2753972112439058,none,0.013490055580425047,0.000146824578044491,0.053875885886036944,4.419324469577681,diagnostic only,ff49,vw
rolling120,1950-05,1960-04,20000,3.7656588528079866,3.7720955081811702,1.8358708571382987,1.2745234781414811,none,0.012981567324652504,-0.0013488110961210609,-0.4958303733448386,4.419324469577681,diagnostic only,ff49,vw
rolling120,1950-06,1960-05,20000,3.7903289882457045,3.7969327679968465,1.8553896025248795,1.281909288639796,none,0.013119585696883552,-0.00137666714764062,-0.5033527661403734,4.419324469577681,diagnostic only,ff49,vw
rolling120,1950-07,1960-06,20000,4.214266299997612,4.219232000888171,2.0253662042189844,1.285427803044932,none,0.014321501773893016,-0.0009514236749227356,-0.3467304594837492,4.419324469577681,diagnostic only,ff49,vw
rolling120,1950-08,1960-07,20000,4.07468843207109,4.078206760596941,1.9303921682636027,1.2526073079461244,none,0.013649933925285964,-0.0006928289240111241,-0.25775425325195833,4.419324469577681,diagnostic only,ff49,vw
rolling120,1950-09,1960-08,20000,3.972246517569581,3.977246437374702,1.8876535177247176,1.2489383071737523,none,0.013347726029137886,-0.0010045554038826676,-0.3745896337852576,4.419324469577681,diagnostic only,ff49,vw
rolling120,1950-10,1960-09,20000,3.3804122217006776,3.3840454492182968,1.6624112957616357,1.2469134274506897,none,0.011755023003541679,-0.0008287385611541742,-0.30907872460347624,4.419324469577681,diagnostic only,ff49,vw
rolling120,1950-11,1960-10,20000,3.3900125952667484,3.3936044273551413,1.669521828589061,1.2490116962531153,none,0.011805302063342897,-0.0008175137629664597,-0.3042558393779787,4.419324469577681,diagnostic only,ff49,vw
rolling120,1950-12,1960-11,20000,3.53861615166473,3.547056445961295,1.7243518645350064,1.2466123552220811,none,0.0121930089656437,-0.0018562105830161046,-0.6922240703953698,4.419324469577681,diagnostic only,ff49,vw
rolling120,1951-01,1960-12,20000,3.5100347058160777,3.5199671025114583,1.7082951265018744,1.2421294492527866,none,0.012079470682174064,-0.0021974488906925105,-0.8222542987780126,4.419324469577681,diagnostic only,ff49,vw
rolling120,1951-02,1961-01,20000,3.5477390212719393,3.557610739382735,1.7205386576661863,1.2418620514645662,none,0.0121660455212936,-0.0021659853540131335,-0.8114155165306361,4.419324469577681,diagnostic only,ff49,vw
rolling120,1951-03,1961-02,20000,3.7445872275079717,3.754895798064556,1.8062373052626322,1.254948550521847,none,0.012772026469833232,-0.0021679908444640628,-0.8071209827925614,4.419324469577681,diagnostic only,ff49,vw
rolling120,1951-04,1961-03,20000,4.049376477684755,4.059362917377769,1.9241199023160735,1.2573563141851045,none,0.01360558230743693,-0.0019738532016971844,-0.7339957575763129,4.419324469577681,diagnostic only,ff49,vw
rolling120,1951-05,1961-04,20000,3.8812644208591447,3.892024809835962,1.861328122621246,1.2569815874953085,none,0.013161577375187085,-0.002199577760763294,-0.8175607429169827,4.419324469577681,diagnostic only,ff49,vw
rolling120,1951-06,1961-05,20000,4.111264298553568,4.121238595616951,1.9510984446186732,1.2578713751890995,none,0.013796349409523893,-0.0019476337368697916,-0.7229663998287779,4.419324469577681,diagnostic only,ff49,vw
rolling120,1951-07,1961-06,20000,4.1026227323284115,4.10793260369663,1.9431085543337752,1.2566748516748623,none,0.013739852353510013,-0.001039534343968418,-0.3864576730231348,4.419324469577681,diagnostic only,ff49,vw
rolling120,1951-08,1961-07,20000,3.9060232111431303,3.9108076978045005,1.8679230024103604,1.255662627420268,none,0.013208210217387014,-0.0009742769327963918,-0.36223580505040825,4.419324469577681,diagnostic only,ff49,vw
rolling120,1951-09,1961-08,20000,3.8730707577037227,3.8776772990277673,1.863853037388461,1.2614196095712158,none,0.013179431218725245,-0.0009444128919646744,-0.3495250475983855,4.419324469577681,diagnostic only,ff49,vw
rolling120,1951-10,1961-09,20000,3.6521189759291017,3.6589434829667313,1.7804543175918075,1.2593820814891294,none,0.01258971321562034,-0.0014648185930093982,-0.5420700949059175,4.419324469577681,diagnostic only,ff49,vw
rolling120,1951-11,1961-10,20000,3.8820279937104876,3.8941460703447968,1.8803554819367436,1.265437608173068,none,0.0132961211231877,-0.002476034932373028,-0.9113993864854267,4.419324469577681,diagnostic only,ff49,vw
rolling120,1951-12,1961-11,20000,4.05658239385328,4.068916889896821,1.9486378030314977,1.2661308704542646,none,0.013778950046000278,-0.0024333592977476837,-0.8951695159908764,4.419324469577681,diagnostic only,ff49,vw
rolling120,1952-01,1961-12,20000,3.9006447253987164,3.9146420054542768,1.8892493295401913,1.2661973823632555,none,0.013359010122700077,-0.0028480772434748003,-1.047778235587657,4.419324469577681,diagnostic only,ff49,vw
rolling120,1952-02,1962-01,20000,3.700089208173378,3.712900727367301,1.820073447109959,1.2700456750124136,none,0.01286986276709027,-0.002718393604076663,-0.9954666514924799,4.419324469577681,diagnostic only,ff49,vw
rolling120,1952-03,1962-02,20000,3.8755544399970456,3.8907545172575775,1.8893605319574855,1.2707268350179872,none,0.013359796442533607,-0.003107920711803547,-1.137747668979397,4.419324469577681,diagnostic only,ff49,vw
rolling120,1952-04,1962-03,20000,3.6853064704900302,3.698523218416078,1.8185587397961895,1.2719250709306633,none,0.012859152168959477,-0.0028129578830736746,-1.027808657397443,4.419324469577681,diagnostic only,ff49,vw
rolling120,1952-05,1962-04,20000,3.52171291635983,3.5363836923566403,1.7603312140451486,1.2751513387054356,none,0.012447421385856723,-0.0032340244987498767,-1.1786196949578367,4.419324469577681,diagnostic only,ff49,vw
rolling120,1952-06,1962-05,20000,2.9796040737166445,2.9935346419626656,1.552181423539243,1.27786543594039,none,0.010975580102163873,-0.003488280306784719,-1.2692329805214273,4.419324469577681,diagnostic only,ff49,vw
rolling120,1952-07,1962-06,20000,2.48987306397025,2.5028060952700497,1.3674157048347082,1.2823639039459804,none,0.009669089175896046,-0.0036921916166765545,-1.3375645900588131,4.419324469577681,diagnostic only,ff49,vw
rolling120,1952-08,1962-07,20000,2.6672095539938847,2.681734097756626,1.4412655134613843,1.2845098715512155,none,0.01019128618058856,-0.003945027907254706,-1.4251924149089539,4.419324469577681,diagnostic only,ff49,vw
rolling120,1952-09,1962-08,20000,2.7341606992639997,2.747427789609106,1.4674977214680092,1.2835261597114414,none,0.010376775902258367,-0.0035403191442123783,-1.2785368470970853,4.419324469577681,diagnostic only,ff49,vw
rolling120,1952-10,1962-09,20000,2.5825798748230038,2.5955380350203052,1.4084884439536507,1.2847443997790908,none,0.009959517299425149,-0.0036039558116448545,-1.3010831557117108,4.419324469577681,diagnostic only,ff49,vw
rolling120,1952-11,1962-10,20000,2.5773573958262372,2.5890299517797235,1.4101146003017486,1.2863957043510457,none,0.009971015961235244,-0.0032522871389518704,-1.170648607811498,4.419324469577681,diagnostic only,ff49,vw
rolling120,1952-12,1962-11,20000,2.8144279460082244,2.826729084250291,1.5055230770655514,1.289877119128859,none,0.010645655770258885,-0.0032145307314004334,-1.1555077965636151,4.419324469577681,diagnostic only,ff49,vw
rolling120,1953-01,1962-12,20000,2.72460259216594,2.736427641039071,1.4716075457712938,1.2898232571515533,none,0.010405836748601745,-0.003164800715863114,-1.136386160845763,4.419324469577681,diagnostic only,ff49,vw
rolling120,1953-02,1963-01,20000,2.929011456827217,2.9398968578240208,1.5520570976261203,1.2901117225754357,none,0.01097470098520141,-0.0027628644580345307,-0.9918631051070977,4.419324469577681,diagnostic only,ff49,vw
rolling120,1953-03,1963-02,20000,2.8310883963145383,2.8429474089804527,1.5145514324215896,1.2905419533481786,none,0.01070949588321105,-0.0030859159399895253,-1.1073362178051156,4.419324469577681,diagnostic only,ff49,vw
rolling120,1953-04,1963-03,20000,2.9417354419547954,2.9555412021142766,1.557749999295093,1.289216346276476,none,0.011014955878948999,-0.0034902329299721924,-1.253364998571242,4.419324469577681,diagnostic only,ff49,vw
rolling120,1953-05,1963-04,20000,3.221631476217502,3.236937576101033,1.672307642936686,1.2917701426478438,none,0.011825000745506223,-0.003612538445189162,-1.294384686558918,4.419324469577681,diagnostic only,ff49,vw
rolling120,1953-06,1963-05,20000,3.2847401305329105,3.2988559782301525,1.7016509906296837,1.2973178795535696,none,0.012032489546870556,-0.0032836288930652158,-1.173144397280058,4.419324469577681,diagnostic only,ff49,vw
rolling120,1953-07,1963-06,20000,3.2967453617747173,3.31060704706569,1.7077705928427556,1.298180705770375,none,0.01207576166910083,-0.003215715359721427,-1.1478932485427986,4.419324469577681,diagnostic only,ff49,vw
rolling120,1953-08,1963-07,20000,3.1696253535134034,3.184052830075956,1.6594003620190239,1.2994692746822025,none,0.011733732486870636,-0.0034482061170080236,-1.229572651216994,4.419324469577681,diagnostic only,ff49,vw
rolling120,1953-09,1963-08,20000,3.548624691969967,3.5655142945214147,1.8088539226800469,1.2981261693091668,none,0.01279052874902948,-0.003699386632457835,-1.320477275243944,4.419324469577681,diagnostic only,ff49,vw
rolling120,1953-10,1963-09,20000,3.467400549353988,3.483371300736893,1.7760597388171788,1.2981113596302325,none,0.012558638851100356,-0.0035622192121987917,-1.271694454491438,4.419324469577681,diagnostic only,ff49,vw
rolling120,1953-11,1963-10,20000,3.40990896395717,3.4231241611312813,1.7525273075895993,1.299886109492086,none,0.01239223943411208,-0.0029877518000153147,-1.0664091219649958,4.419324469577681,diagnostic only,ff49,vw
rolling120,1953-12,1963-11,20000,3.2426749037240117,3.2556468170119572,1.6848642278067374,1.299305139532643,none,0.0119137892086078,-0.0030481649078795137,-1.088815074768425,4.419324469577681,diagnostic only,ff49,vw
rolling120,1954-01,1963-12,20000,3.2880530151185834,3.2998816490791336,1.7037151980204115,1.2995728652139318,none,0.012047085697308146,-0.002750920821991354,-0.9818668396451492,4.419324469577681,diagnostic only,ff49,vw
rolling120,1954-02,1964-01,20000,3.1195160508197515,3.131251750816382,1.6361395095352684,1.2986854269348815,none,0.011569253421596202,-0.002840712864887074,-1.0143869763215494,4.419324469577681,diagnostic only,ff49,vw
rolling120,1954-03,1964-02,20000,3.15816940775573,3.1673612576539627,1.6501052477359783,1.2987884576134856,none,0.011668006103456181,-0.002205676285287228,-0.7877824040141623,4.419324469577681,diagnostic only,ff49,vw
rolling120,1954-04,1964-03,20000,3.116997373350947,3.127319267655645,1.6325194779564163,1.2951946590118375,none,0.011543655932821044,-0.002500871300552654,-0.8941616386322447,4.419324469577681,diagnostic only,ff49,vw
rolling120,1954-05,1964-04,20000,2.966479559943739,2.9762259828557758,1.574039403098006,1.2979060328311798,none,0.011130139357854256,-0.0024511742929250735,-0.8756784258194354,4.419324469577681,diagnostic only,ff49,vw
rolling120,1954-06,1964-05,20000,2.8624295401407798,2.870001128002787,1.5308853875095705,1.2964404198338013,none,0.010824994387274129,-0.00195648208141852,-0.6994542067299575,4.419324469577681,diagnostic only,ff49,vw
rolling120,1954-07,1964-06,20000,2.8169753296495608,2.822598487471888,1.5081161890618862,1.2940303201191847,none,0.01066399184102873,-0.0014710302012509446,-0.5273032749980694,4.419324469577681,diagnostic only,ff49,vw
rolling120,1954-08,1964-07,20000,2.7010248571119426,2.707355106380038,1.4588516103380689,1.2909803304954757,none,0.010315638664149633,-0.0017074839303096168,-0.6136555839334505,4.419324469577681,diagnostic only,ff49,vw
rolling120,1954-09,1964-08,20000,2.7309470645060427,2.73810162699295,1.4675690882125896,1.2863966966793523,none,0.010377280541348805,-0.0019139561201985122,-0.6894448365734583,4.419324469577681,diagnostic only,ff49,vw
rolling120,1954-10,1964-09,20000,2.683213143371763,2.690645450990661,1.4499264812278563,1.2881761611334182,none,0.010252528470981665,-0.002013823250592406,-0.724924357921474,4.419324469577681,diagnostic only,ff49,vw
rolling120,1954-11,1964-10,20000,2.7785621356713124,2.7869721718164,1.4882266887062896,1.289093070906384,none,0.010523351835270185,-0.0022207810787935323,-0.7991784629779481,4.419324469577681,diagnostic only,ff49,vw
rolling120,1954-12,1964-11,20000,2.4672562054200657,2.473674911456787,1.35785674968345,1.280895090679843,none,0.009601497155810918,-0.0018478142602093017,-0.6685109553812094,4.419324469577681,diagnostic only,ff49,vw
rolling120,1955-01,1964-12,20000,2.2527057218631152,2.2606070085493895,1.2719960506402845,1.278052446264901,none,0.008994370330502523,-0.0024232563647066385,-0.87847024260038,4.419324469577681,diagnostic only,ff49,vw
rolling120,1955-02,1965-01,20000,2.422697959683499,2.4304011068147293,1.3388795769812887,1.277780541610588,none,0.009467308280756453,-0.002245552893487379,-0.813657578563039,4.419324469577681,diagnostic only,ff49,vw
rolling120,1955-03,1965-02,20000,2.3920763664401807,2.3999915143059796,1.3251315279031324,1.27730931344553,none,0.009370094893443957,-0.0023279904765922677,-0.8447244084301518,4.419324469577681,diagnostic only,ff49,vw
rolling120,1955-04,1965-03,20000,2.401958311745365,2.409784296357709,1.3259928832112564,1.2738094787752265,none,0.00937618559523781,-0.0022951553330524677,-0.834666137188977,4.419324469577681,diagnostic only,ff49,vw
rolling120,1955-05,1965-04,20000,2.4551553217622093,2.462601188737634,1.3406651745275873,1.268843609847837,none,0.009479934362091031,-0.0021503680526774316,-0.7854344440610788,4.419324469577681,diagnostic only,ff49,vw
rolling120,1955-06,1965-05,20000,2.3746628868911555,2.382939770329465,1.3068332075488336,1.2654289846642497,none,0.009240706229375471,-0.0024466540938455905,-0.8956981461003503,4.419324469577681,diagnostic only,ff49,vw
rolling120,1955-07,1965-06,20000,2.0265360241193657,2.0329824222747264,1.166358525323748,1.2576895164372839,none,0.008247400225511637,-0.0021254320855990105,-0.7816279044419386,4.419324469577681,diagnostic only,ff49,vw
rolling120,1955-08,1965-07,20000,2.1086208254587846,2.1148466250302613,1.1930314344400295,1.251249735279141,none,0.008436006174612588,-0.0019987499613777215,-0.7380032022988228,4.419324469577681,diagnostic only,ff49,vw
rolling120,1955-09,1965-08,20000,2.216842164610682,2.2244199159569686,1.2321691556808305,1.2456240689431504,none,0.00871275165550818,-0.0023501130571690343,-0.8697311304053789,4.419324469577681,diagnostic only,ff49,vw
rolling120,1955-10,1965-09,20000,2.3938889248188966,2.4043218599211253,1.3063593592779892,1.254221408768621,none,0.009237355616119795,-0.0030646147842409155,-1.129428760328616,4.419324469577681,diagnostic only,ff49,vw
rolling120,1955-11,1965-10,20000,2.609439258568664,2.620530381390277,1.392269090218,1.2575764561987826,none,0.009844829149295728,-0.0030633972521325603,-1.1265937329554079,4.419324469577681,diagnostic only,ff49,vw
rolling120,1955-12,1965-11,20000,2.515962912943545,2.525662590064818,1.364616471674795,1.2658690274764672,none,0.009649295608401078,-0.0027511643197526414,-1.0052212632835327,4.419324469577681,diagnostic only,ff49,vw
rolling120,1956-01,1965-12,20000,2.5566028458349823,2.5672766763924835,1.3915401349554146,1.2842754963599858,none,0.00983967465720217,-0.0029921510232548965,-1.0847747440194497,4.419324469577681,diagnostic only,ff49,vw
rolling120,1956-02,1966-01,20000,2.778292225691279,2.786137921753353,1.4851425107814544,1.2877435077894728,none,0.010501543404019816,-0.0020722161274147055,-0.747099331996348,4.419324469577681,diagnostic only,ff49,vw
rolling120,1956-03,1966-02,20000,2.650280897425978,2.659142009746631,1.4375840627982603,1.291216341249243,none,0.010165254393303574,-0.0024216366287644897,-0.8717059089530061,4.419324469577681,diagnostic only,ff49,vw
rolling120,1956-04,1966-03,20000,2.3693574943404005,2.379914043214361,1.3197444426064446,1.2802905673839728,none,0.009332002448002773,-0.0031233187409467345,-1.1312201140945475,4.419324469577681,diagnostic only,ff49,vw
rolling120,1956-05,1966-04,20000,2.5017016106566907,2.5121257003367994,1.3701805469294837,1.2800563201860795,none,0.009688639561837303,-0.0029680286440514347,-1.0759085022801582,4.419324469577681,diagnostic only,ff49,vw
rolling120,1956-06,1966-05,20000,2.3806441139840295,2.3882709618993827,1.3334922061979058,1.29522153609116,none,0.00942921381661949,-0.0022509557237646582,-0.8088530034084549,4.419324469577681,diagnostic only,ff49,vw
rolling120,1956-07,1966-06,20000,2.251428886781429,2.25836234284062,1.2816242234819328,1.293875590397915,none,0.00906245179357018,-0.0021278959580494083,-0.7650750831149502,4.419324469577681,diagnostic only,ff49,vw
rolling120,1956-08,1966-07,20000,2.087104758824528,2.0924678565779247,1.2170917166606232,1.2948553583137263,none,0.008606138061767028,-0.0017342452701614164,-0.623171243001804,4.419324469577681,diagnostic only,ff49,vw
rolling120,1956-09,1966-08,20000,1.865440063732606,1.8731488338365545,1.1305241716179357,1.293405919950583,none,0.007994013080463465,-0.0026830389060126247,-0.9643179247214227,4.419324469577681,diagnostic only,ff49,vw
rolling120,1956-10,1966-09,20000,1.9195598252975363,1.925699438558,1.1531012754358427,1.2935003280583899,none,0.008153657312555412,-0.002098511275474557,-0.752988876661465,4.419324469577681,diagnostic only,ff49,vw
rolling120,1956-11,1966-10,20000,1.9192071843607053,1.929864369191335,1.173178113431717,1.298511348370987,none,0.008295621995472078,-0.0036374328254557,-1.2846758008557697,4.419324469577681,diagnostic only,ff49,vw
rolling120,1956-12,1966-11,20000,2.0272259029099717,2.037159476828414,1.2238662898021493,1.3068865573710615,none,0.008654041527847201,-0.00327067906516898,-1.1478537382190486,4.419324469577681,diagnostic only,ff49,vw
rolling120,1957-01,1966-12,20000,2.0294014625705428,2.0404234466640307,1.2623047758686472,1.4448369521925952,none,0.008925842669408855,-0.0036251477094683127,-1.2348396114198985,4.419324469577681,diagnostic only,ff49,vw
rolling120,1957-02,1967-01,20000,2.41518131701945,2.427520224558162,1.4250998567112603,1.4469246942524772,none,0.010076977725485093,-0.003599951781554589,-1.2244651000375595,4.419324469577681,diagnostic only,ff49,vw
rolling120,1957-03,1967-02,20000,2.5278070614123456,2.5384075654971334,1.4733117482697764,1.4482810784106437,none,0.010417887280033665,-0.0029958403288962154,-1.017529159209102,4.419324469577681,diagnostic only,ff49,vw
rolling120,1957-04,1967-03,20000,2.6236639180899988,2.6338789301014116,1.5199878141339518,1.453984352014705,none,0.01074793690695035,-0.0028110490767306873,-0.9504160751824953,4.419324469577681,diagnostic only,ff49,vw
rolling120,1957-05,1967-04,20000,2.700581312583316,2.7114719907398332,1.555156947183111,1.4575552596873127,none,0.010996620231625473,-0.002934328531561059,-0.99036594218255,4.419324469577681,diagnostic only,ff49,vw
rolling120,1957-06,1967-05,20000,2.524090523065142,2.5323433597193024,1.4866521910100166,1.4651936536493906,none,0.010512218455290212,-0.0023363630920681944,-0.7850708857755073,4.419324469577681,diagnostic only,ff49,vw
rolling120,1957-07,1967-06,20000,2.6940363300207926,2.701033709971229,1.5603296247377398,1.4665739488177847,none,0.011033196585383168,-0.001890655557009513,-0.634211481349544,4.419324469577681,diagnostic only,ff49,vw
rolling120,1957-08,1967-07,20000,2.8769611249722957,2.884598305937881,1.6436000397588262,1.4703157642520879,none,0.011622007336719451,-0.0019660156248102467,-0.6571309709516004,4.419324469577681,diagnostic only,ff49,vw
rolling120,1957-09,1967-08,20000,3.036689713295805,3.0455215249381737,1.7093917670356455,1.4681472921785672,none,0.0120872251017536,-0.0021831083057958223,-0.730673216393345,4.419324469577681,diagnostic only,ff49,vw
rolling120,1957-10,1967-09,20000,3.4185945789425234,3.4294705044232696,1.8808110995101737,1.4835800263024053,none,0.013299342825945701,-0.002455355661559522,-0.8177791657139911,4.419324469577681,diagnostic only,ff49,vw
rolling120,1957-11,1967-10,20000,3.5338793864221114,3.546657233445716,1.942557533586716,1.497702096338688,none,0.013735956048441814,-0.002810382742206685,-0.930248100572068,4.419324469577681,diagnostic only,ff49,vw
rolling120,1957-12,1967-11,20000,3.4135819812418093,3.425453953089499,1.8896185389064846,1.4973374206595171,none,0.013361620827165912,-0.0026826562819395328,-0.8885128534370891,4.419324469577681,diagnostic only,ff49,vw
rolling120,1958-01,1967-12,20000,3.791863745803894,3.805927917875116,2.051628072100811,1.4967937955132125,none,0.014507201222551665,-0.0029264217673576898,-0.9694614319789708,4.419324469577681,diagnostic only,ff49,vw
rolling120,1958-02,1968-01,20000,3.353372115515815,3.3662500036972514,1.8761396148003446,1.495413945547512,none,0.013266310440780409,-0.0029494161283782905,-0.9707211540783803,4.419324469577681,diagnostic only,ff49,vw
rolling120,1958-03,1968-02,20000,3.1582505861475187,3.1690845996168493,1.8028955720486781,1.5067482139691701,none,0.0127483968476682,-0.0025986552228578486,-0.8498334024887366,4.419324469577681,diagnostic only,ff49,vw
rolling120,1958-04,1968-03,20000,3.0127409041995006,3.0247715072449317,1.7417814515381282,1.5069341278784327,none,0.012316254757275583,-0.0029891393893480833,-0.9768069338062605,4.419324469577681,diagnostic only,ff49,vw
rolling120,1958-05,1968-04,20000,3.3917877243785917,3.4061386013787445,1.9167018091898511,1.5150025875714632,none,0.013553128467906678,-0.003257018967960379,-1.0588608404424977,4.419324469577681,diagnostic only,ff49,vw
rolling120,1958-06,1968-05,20000,3.472382145859475,3.486742640203418,1.9553659494271984,1.5165126243859655,none,0.013826525225412436,-0.003200650337121136,-1.0386191837663739,4.419324469577681,diagnostic only,ff49,vw
rolling120,1958-07,1968-06,20000,3.3937303450374827,3.4074987555628526,1.9310168948064448,1.5246196408552586,none,0.013654351409034272,-0.003123860331892825,-1.0083533163105927,4.419324469577681,diagnostic only,ff49,vw
rolling120,1958-08,1968-07,20000,3.0487882070781556,3.0641290586086285,1.7789253329445993,1.5237744191557947,none,0.01257890166149663,-0.0037746959580375883,-1.2195700342765607,4.419324469577681,diagnostic only,ff49,vw
rolling120,1958-09,1968-08,20000,3.0222133106630746,3.038115559836603,1.7713311353567058,1.525920126359382,none,0.01252520257537593,-0.003938037170529096,-1.2696201181441786,4.419324469577681,diagnostic only,ff49,vw
rolling120,1958-10,1968-09,20000,3.1101722833123335,3.1254041168121,1.8107078682450923,1.5282463191231241,none,0.012803638123839424,-0.003692203980136699,-1.1896488601474913,4.419324469577681,diagnostic only,ff49,vw
rolling120,1958-11,1968-10,20000,2.98056846884561,2.994857370123921,1.7524301823387416,1.5272110179113039,none,0.01239155265487702,-0.0035768238899270832,-1.1531162943238558,4.419324469577681,diagnostic only,ff49,vw
rolling120,1958-12,1968-11,20000,3.0540890908135534,3.068890052681798,1.7861275752639676,1.5270894329067437,none,0.01262982920533437,-0.003637591991086042,-1.1719051483287977,4.419324469577681,diagnostic only,ff49,vw
rolling120,1959-01,1968-12,20000,2.8149315436738434,2.8285034562350386,1.6777127895984962,1.5252434066256475,none,0.01186322090408496,-0.0035449654718456847,-1.1440326932226264,4.419324469577681,diagnostic only,ff49,vw
rolling120,1959-02,1969-01,20000,2.727314453335797,2.739840860724939,1.6389210627840325,1.5261980222460956,none,0.011588921973240527,-0.003349449309646202,-1.0808949631437654,4.419324469577681,diagnostic only,ff49,vw
rolling120,1959-03,1969-02,20000,2.353399209911914,2.3629817276618437,1.4737251402964455,1.52549446317962,none,0.010420810403087127,-0.00284941118505333,-0.9195559058526571,4.419324469577681,diagnostic only,ff49,vw
rolling120,1959-04,1969-03,20000,2.376517002934029,2.384381850826862,1.4830919927754964,1.5235370467822904,none,0.010487044052150236,-0.0023238654027505357,-0.7499585062981386,4.419324469577681,diagnostic only,ff49,vw
rolling120,1959-05,1969-04,20000,2.298685047632996,2.303752794645168,1.442416325385649,1.5144677853439195,none,0.01019942364974374,-0.0015339365040828445,-0.49686601774791256,4.419324469577681,diagnostic only,ff49,vw
rolling120,1959-06,1969-05,20000,2.2712544664218703,2.2731577600221518,1.425952104543302,1.509991300762997,none,0.010083004027697975,-0.0005814854461120289,-0.18876255479548235,4.419324469577681,diagnostic only,ff49,vw
rolling120,1959-07,1969-06,20000,1.910563502675201,1.9134528833291053,1.2673508460153011,1.5042651057968686,none,0.008961523773599274,-0.0009917375600744238,-0.32242068725147577,4.419324469577681,diagnostic only,ff49,vw
rolling120,1959-08,1969-07,20000,1.5985318106687187,1.6039654550736473,1.1389548879863185,1.5077285885897775,none,0.008053627247606904,-0.0020866806794005432,-0.6746828774007552,4.419324469577681,diagnostic only,ff49,vw
rolling120,1959-09,1969-08,20000,1.8123386836304558,1.817541746415528,1.2324448601485578,1.509215607105491,none,0.008714701180495514,-0.0018466675042850822,-0.597044313661281,4.419324469577681,diagnostic only,ff49,vw
rolling120,1959-10,1969-09,20000,1.9268318391987675,1.9318453571197067,1.2862544289544628,1.51265166262977,none,0.009095192290449309,-0.001710021269970663,-0.5512272595054183,4.419324469577681,diagnostic only,ff49,vw
rolling120,1959-11,1969-10,20000,2.0780900248352023,2.082981429012177,1.3626814372742078,1.5330566675675674,none,0.009635612848936232,-0.0015865824331423584,-0.5076380977173409,4.419324469577681,diagnostic only,ff49,vw
rolling120,1959-12,1969-11,20000,1.8738230211066116,1.8779038363652578,1.2701795173623511,1.5297873570970746,none,0.008981525500511746,-0.0014179817987943766,-0.45435658546131347,4.419324469577681,diagnostic only,ff49,vw
rolling120,1960-01,1969-12,20000,1.7529299736886799,1.7589862977275192,1.2212964182446506,1.5346984268944905,none,0.008635869791796343,-0.002195126537535841,-0.7012986745808271,4.419324469577681,diagnostic only,ff49,vw
rolling120,1960-02,1970-01,20000,1.695504464167981,1.7026657516241719,1.2020605655092278,1.5312913492528828,none,0.008499851772685111,-0.0026497125853935932,-0.8425190988864228,4.419324469577681,diagnostic only,ff49,vw
rolling120,1960-03,1970-02,20000,1.7728427831909264,1.7799959469137843,1.2426754939613271,1.530001010233248,none,0.00878704268594397,-0.0025730842272626564,-0.8140581511343206,4.419324469577681,diagnostic only,ff49,vw
rolling120,1960-04,1970-03,20000,1.756201969298628,1.764755238680237,1.2373553799190966,1.5307662113914966,none,0.0087494237987845,-0.003093680504496321,-0.9775808759883482,4.419324469577681,diagnostic only,ff49,vw
rolling120,1960-05,1970-04,20000,1.3744435489794469,1.3785109563957518,1.0820948152913425,1.5323916765281786,none,0.007651565817793129,-0.0017100646122177876,-0.5315784393890352,4.419324469577681,diagnostic only,ff49,vw
rolling120,1960-06,1970-05,20000,1.069653628487908,1.0726079735326404,0.9487061044688267,1.531746578822487,none,0.006708365198229806,-0.0014254239501438892,-0.4403971694194665,4.419324469577681,diagnostic only,ff49,vw
rolling120,1960-07,1970-06,20000,0.9137755661781451,0.9164274521431521,0.8825927935613345,1.5399004522426585,none,0.006240873493535982,-0.0013837653818000728,-0.4249222432971424,4.419324469577681,diagnostic only,ff49,vw
rolling120,1960-08,1970-07,20000,1.0707311987061094,1.0714738022443173,0.9576763931006433,1.543553004123766,none,0.006771794717437387,-0.000358490431982772,-0.10966125956176281,4.419324469577681,diagnostic only,ff49,vw
rolling120,1960-09,1970-08,20000,1.1046406723904392,1.1043225152803986,0.9756188220319081,1.5474794059054724,none,0.006898666849119936,0.00015119218072823237,0.04611863668719714,4.419324469577681,diagnostic only,ff49,vw
rolling120,1960-10,1970-09,20000,1.4702392313848889,1.4671728645271132,1.1741905065420855,1.651331285901828,none,0.008302780695807758,0.0012428666437864777,0.369318059830726,4.419324469577681,diagnostic only,ff49,vw
rolling120,1960-11,1970-10,20000,1.3666315538449605,1.3645753829426859,1.136888362721301,1.6566262707782728,none,0.008039014707323032,0.0008695729969563359,0.25577399434305936,4.419324469577681,diagnostic only,ff49,vw
rolling120,1960-12,1970-11,20000,1.3120337572691478,1.3094617840882803,1.113033184832343,1.6598173445271798,none,0.007870333126806095,0.0011136677812069173,0.3267934329371005,4.419324469577681,diagnostic only,ff49,vw
rolling120,1961-01,1970-12,20000,1.3625672667553876,1.359218469720581,1.1394404183648579,1.662068630896191,none,0.008057060465838277,0.0014194518556831515,0.4156350878841655,4.419324469577681,diagnostic only,ff49,vw
rolling120,1961-02,1971-01,20000,1.3914999329145308,1.386712999044967,1.1561544083995425,1.668533683236725,none,0.008175246222780376,0.0020056596128146253,0.5855400240087004,4.419324469577681,diagnostic only,ff49,vw
rolling120,1961-03,1971-02,20000,1.3448237107248737,1.3401165829859711,1.1336516380446957,1.6685900609626734,none,0.008016127607646417,0.0020114928346417482,0.5872071864739968,4.419324469577681,diagnostic only,ff49,vw
rolling120,1961-04,1971-03,20000,1.38318511265586,1.379052839061615,1.1538418554819707,1.6703649769950055,none,0.008158894004281698,0.0017369406540270749,0.5064747246472978,4.419324469577681,diagnostic only,ff49,vw
rolling120,1961-05,1971-04,20000,1.4760641598678448,1.470265717706921,1.1996124319832226,1.6724941470579846,none,0.008482540854510227,0.0023472949162353096,0.6835737381495512,4.419324469577681,diagnostic only,ff49,vw
rolling120,1961-06,1971-05,20000,1.3204658324334118,1.314242593902505,1.1248677893686172,1.6749080532694403,none,0.007954016418008702,0.002689103790286751,0.7824020223061933,4.419324469577681,diagnostic only,ff49,vw
rolling120,1961-07,1971-06,20000,1.38844217274918,1.3842711924414384,1.1582552954674605,1.6737832292674475,none,0.008190101737702696,0.00174937327639757,0.5092708785949228,4.419324469577681,diagnostic only,ff49,vw
rolling120,1961-08,1971-07,20000,1.214780908926679,1.2106868697817759,1.0777401482167994,1.677012888946576,none,0.007620773671610937,0.0018519308188171824,0.5372209333750899,4.419324469577681,diagnostic only,ff49,vw
rolling120,1961-09,1971-08,20000,1.2463428551203908,1.2431901707967694,1.0931859486157725,1.6758097102924532,none,0.007729991973640614,0.0014054467448481045,0.4078509181344649,4.419324469577681,diagnostic only,ff49,vw
rolling120,1961-10,1971-09,20000,1.2939183000011647,1.2882747768227434,1.113179326722546,1.672513650444416,none,0.007871366506021877,0.0024662786285909455,0.716968670446716,4.419324469577681,diagnostic only,ff49,vw
rolling120,1961-11,1971-10,20000,1.127524868565188,1.1211217113926448,1.030707885434929,1.6697535470146185,none,0.007288205352134854,0.003018759903381074,0.8785643190840572,4.419324469577681,diagnostic only,ff49,vw
rolling120,1961-12,1971-11,20000,0.9995937326691137,0.9946096842387266,0.9699221799876052,1.67030235201736,none,0.006858385506924747,0.0024987587645697307,0.7267087021216216,4.419324469577681,diagnostic only,ff49,vw
rolling120,1962-01,1971-12,20000,1.2351317060537077,1.228897441958709,1.0847672080963138,1.6713468853090039,none,0.007670462488537022,0.0027970170262836547,0.812762477401498,4.419324469577681,diagnostic only,ff49,vw
rolling120,1962-02,1972-01,20000,1.4252276255826832,1.419119320767674,1.178444959413423,1.6753497364270011,none,0.008332864220563372,0.0025250117935773364,0.7330378430906753,4.419324469577681,diagnostic only,ff49,vw
rolling120,1962-03,1972-02,20000,1.4799092362673842,1.4728850384382883,1.205952515008777,1.6762192917011296,none,0.00852737201151678,0.0028404870100764423,0.8237236301652219,4.419324469577681,diagnostic only,ff49,vw
rolling120,1962-04,1972-03,20000,1.5220802106136444,1.5147245039367285,1.2273904545087753,1.6769083030880203,none,0.008678961135467936,0.0029250546791113052,0.8475330816790532,4.419324469577681,diagnostic only,ff49,vw
rolling120,1962-05,1972-04,20000,1.757721253206032,1.7489603838615095,1.3425804607857037,1.6781429607870595,none,0.009493477481101307,0.0031869754820605944,0.9228303708480647,4.419324469577681,diagnostic only,ff49,vw
rolling120,1962-06,1972-05,20000,2.0617890957190177,2.051769760313111,1.492102657197449,1.6796955083164353,none,0.010550759071307826,0.0032831229721861366,0.9496317125801711,4.419324469577681,diagnostic only,ff49,vw
rolling120,1962-07,1972-06,20000,2.268131404353426,2.2580454781729333,1.5934452460156756,1.6794362115249355,none,0.011267359389071507,0.0030956984020213962,0.89514551122559,4.419324469577681,diagnostic only,ff49,vw
rolling120,1962-08,1972-07,20000,2.0014550369826014,1.992271283752804,1.4657205136160896,1.6822968485912764,none,0.010364209145021662,0.0030691579602633023,0.8861026539790239,4.419324469577681,diagnostic only,ff49,vw
rolling120,1962-09,1972-08,20000,2.001821843891473,1.991295142725121,1.469575815212637,1.6865965668845198,none,0.010391470244046044,0.0035191115099268977,1.013013646686191,4.419324469577681,diagnostic only,ff49,vw
rolling120,1962-10,1972-09,20000,2.1114212365062115,2.0971499023138125,1.5226960890421362,1.6870865603896128,none,0.010767087302479295,0.004607892624679533,1.3254591322123677,4.419324469577681,diagnostic only,ff49,vw
rolling120,1962-11,1972-10,20000,2.1368004832139103,2.122733265349043,1.5373933304857326,1.6863851331049773,none,0.010871012493374323,0.004504777279879191,1.2940117466925012,4.419324469577681,diagnostic only,ff49,vw
rolling120,1962-12,1972-11,20000,1.9131846619816253,1.9004090710901136,1.4309058162645505,1.6873587974492952,none,0.010118032059199356,0.004404754839189007,1.2626557038723831,4.419324469577681,diagnostic only,ff49,vw
rolling120,1963-01,1972-12,20000,1.9162266167772122,1.902994244277704,1.4334995639988461,1.6897639447943191,none,0.010136372625315434,0.004558180756159436,1.3054346943067794,4.419324469577681,diagnostic only,ff49,vw
rolling120,1963-02,1973-01,20000,1.6173548808032214,1.6069286728589782,1.2976472517806472,1.7037628543006265,none,0.009175751713221828,0.003999422022087362,1.1362783421024272,4.419324469577681,diagnostic only,ff49,vw
rolling120,1963-03,1973-02,20000,1.5440871535967275,1.5355858446024602,1.2700973080707405,1.7194850421053867,none,0.008980944193036001,0.003352798727901174,0.9465941232392309,4.419324469577681,diagnostic only,ff49,vw
rolling120,1963-04,1973-03,20000,1.454727111662335,1.446288313025876,1.2266777134581281,1.7204178236757648,none,0.00867392129516651,0.0034496337130520693,0.9728931528536697,4.419324469577681,diagnostic only,ff49,vw
rolling120,1963-05,1973-04,20000,1.1849594081445651,1.176721843729823,1.0976226754652987,1.7269386348197533,none,0.007761364370056338,0.003784390016791095,1.0613551976148634,4.419324469577681,diagnostic only,ff49,vw
rolling120,1963-06,1973-05,20000,1.035098116984449,1.0288734089680962,1.0297794724125102,1.7294195346025314,none,0.007281640480695912,0.003068061313652448,0.8548496774669088,4.419324469577681,diagnostic only,ff49,vw
rolling120,1963-07,1973-06,20000,1.0198426449636135,1.0135068859220437,1.0270723861696127,1.7362588213751156,none,0.0072624984902998155,0.0031466289417076965,0.8723938531666727,4.419324469577681,diagnostic only,ff49,vw
rolling120,1963-08,1973-07,20000,1.2453666591578214,1.2367117001738808,1.148547255060413,1.7486264402508496,none,0.008121455525664132,0.0038695013681324664,1.0656906211689046,4.419324469577681,diagnostic only,ff49,vw
rolling120,1963-09,1973-08,20000,1.0717914155419637,1.062830219209923,1.0623121016839514,1.7538875078706715,none,0.007511680908372552,0.004344126941999482,1.1929681839989281,4.419324469577681,diagnostic only,ff49,vw
rolling120,1963-10,1973-09,20000,1.2758034854922888,1.2653419341411403,1.173053481771782,1.7642935733424474,none,0.008294740716553171,0.004618089301876127,1.2612270483960109,4.419324469577681,diagnostic only,ff49,vw
rolling120,1963-11,1973-10,20000,1.1965927864085606,1.1874311225806307,1.136461762061966,1.769837318440579,none,0.008035998185132287,0.004188321055394573,1.1400778866376904,4.419324469577681,diagnostic only,ff49,vw
rolling120,1963-12,1973-11,20000,0.8894804651884886,0.8817928724950335,0.9924452922232421,1.7961335068238982,none,0.007017647960877192,0.004085249129072377,1.0954657082134622,4.419324469577681,diagnostic only,ff49,vw
rolling120,1964-01,1973-12,20000,0.8827707048438437,0.8743553536350479,0.997097622741803,1.8132067493523623,none,0.007050544905457148,0.0044897309320108825,1.1935745848923336,4.419324469577681,diagnostic only,ff49,vw
rolling120,1964-02,1974-01,20000,0.9275815705515135,0.9181298610049353,1.0297824648357354,1.8395043354882306,none,0.007281661640323459,0.00492756498854896,1.298015482378043,4.419324469577681,diagnostic only,ff49,vw
rolling120,1964-03,1974-02,20000,0.8929713460144476,0.8854836812621008,1.0141288574543712,1.8438687827773346,none,0.0071709739210295146,0.003971216949135714,1.0441628758945305,4.419324469577681,diagnostic only,ff49,vw
rolling120,1964-04,1974-03,20000,0.8267806632568009,0.8190137105904833,0.978899567548605,1.8448592871165814,none,0.006921865223141974,0.004269870326483849,1.1220895547561636,4.419324469577681,diagnostic only,ff49,vw
rolling120,1964-05,1974-04,20000,0.7467242749092511,0.7403685310331682,0.936943598352003,1.8441884367574255,none,0.006625191719840263,0.0036519528839731308,0.9593298043058115,4.419324469577681,diagnostic only,ff49,vw
rolling120,1964-06,1974-05,20000,0.6518699653646797,0.6437810394268821,0.8872894115188328,1.850005227907256,none,0.006274083597599878,0.004920926658588343,1.2892601464366704,4.419324469577681,diagnostic only,ff49,vw
rolling120,1964-07,1974-06,20000,0.5781153658177198,0.571079853240775,0.8498314892839074,1.8534529636562633,none,0.006009216089385137,0.004478138117825159,1.170787083089346,4.419324469577681,diagnostic only,ff49,vw
rolling120,1964-08,1974-07,20000,0.4339733645094266,0.4270114978967167,0.7785487326220518,1.876516159466121,none,0.00550517088321245,0.0048786338603235,1.2646049978102378,4.419324469577681,diagnostic only,ff49,vw
rolling120,1964-09,1974-08,20000,0.3225716381650663,0.31581847571658883,0.7201839649780494,1.883427435618888,none,0.005092469653377937,0.005132290337236389,1.3261075486228864,4.419324469577681,diagnostic only,ff49,vw
rolling120,1964-10,1974-09,20000,0.1282314612575546,0.12274660042517586,0.618277077048674,1.8919843468860487,none,0.004371879138333148,0.004885217047463586,1.2545774159872904,4.419324469577681,diagnostic only,ff49,vw
rolling120,1964-11,1974-10,20000,0.2845062454256303,0.27825766148749254,0.7116413837968492,1.9157028776351757,none,0.005032064482557305,0.004888360247234047,1.2417535506147213,4.419324469577681,diagnostic only,ff49,vw
rolling120,1964-12,1974-11,20000,0.22789374953033517,0.2213223835537436,0.681443895407763,1.919986297378056,none,0.004818535994410056,0.005380533481643468,1.3637681619925572,4.419324469577681,diagnostic only,ff49,vw
rolling120,1965-01,1974-12,20000,0.17441971103354817,0.16773423749009414,0.6530975580077761,1.9238798300716584,none,0.004618097120436731,0.005725167019015931,1.4476684593462572,4.419324469577681,diagnostic only,ff49,vw
rolling120,1965-02,1975-01,20000,0.31655294429786934,0.30970512958000507,0.7403412283955589,1.9486100719987167,none,0.005235003029904783,0.005228516376094783,1.308082283572017,4.419324469577681,diagnostic only,ff49,vw
rolling120,1965-03,1975-02,20000,0.37454198274872647,0.36724675253465433,0.776871674188508,1.9609920136659909,none,0.005493312289304402,0.005335708569464748,1.3280202962930228,4.419324469577681,diagnostic only,ff49,vw
rolling120,1965-04,1975-03,20000,0.46489088921531285,0.45847797948736796,0.8349756237816176,1.9809227357093233,none,0.005904169257014493,0.004396987694115895,1.0861663087192135,4.419324469577681,diagnostic only,ff49,vw
rolling120,1965-05,1975-04,20000,0.48468423285070766,0.47904555316941744,0.8514616671106386,1.992343888487906,none,0.006020743187343353,0.0038123772923741583,0.9365421353868256,4.419324469577681,diagnostic only,ff49,vw
rolling120,1965-06,1975-05,20000,0.5921149557180965,0.5853928103641248,0.9148401083419384,1.9985438414399928,none,0.006468896443100204,0.004240050358515157,1.039148703816639,4.419324469577681,diagnostic only,ff49,vw
rolling120,1965-07,1975-06,20000,0.8042956898127839,0.796678506056544,1.0377073043223815,2.0007969263921166,none,0.007337698717731682,0.004239591964039668,1.0380889225981456,4.419324469577681,diagnostic only,ff49,vw
rolling120,1965-08,1975-07,20000,0.6575801037739374,0.6500794402561245,0.9553375127292295,2.008640092116093,none,0.006755256335727278,0.004545637824957316,1.1103447663626427,4.419324469577681,diagnostic only,ff49,vw
rolling120,1965-09,1975-08,20000,0.5228350923631414,0.5156093083951969,0.8791680443937603,2.0120861575603177,none,0.006216656859933435,0.004767576926269612,1.1623263324239288,4.419324469577681,diagnostic only,ff49,vw
rolling120,1965-10,1975-09,20000,0.40365045332891814,0.3969352892649432,0.8087393575718651,2.005898553572105,none,0.005718650839515178,0.004807068813837967,1.1742567001247863,4.419324469577681,diagnostic only,ff49,vw
rolling120,1965-11,1975-10,20000,0.40927811595942204,0.40300645367866017,0.8150047239720658,2.0109565861679313,none,0.005762953670197181,0.004470159252879968,1.0882722020125633,4.419324469577681,diagnostic only,ff49,vw
rolling120,1965-12,1975-11,20000,0.4047125379893314,0.3989047601538027,0.8104609871881031,2.0040661820866434,none,0.005730824599278513,0.004151660642637278,1.0134279517575595,4.419324469577681,diagnostic only,ff49,vw
rolling120,1966-01,1975-12,20000,0.3376413314595175,0.33152014951351266,0.7682487298729197,1.9906800022688753,none,0.005432338865310937,0.0045971380517533245,1.1268041441767636,4.419324469577681,diagnostic only,ff49,vw
rolling120,1966-02,1976-01,20000,0.4984089216987768,0.4922693467787397,0.8615041253253316,1.9955915180322576,none,0.006091754090377272,0.004114253859928141,1.0078500919358195,4.419324469577681,diagnostic only,ff49,vw
rolling120,1966-03,1976-02,20000,0.5352742855534309,0.5291716283361474,0.8841514793413324,1.9990893175009223,none,0.006251895066383738,0.003990825558229716,0.9761291820295177,4.419324469577681,diagnostic only,ff49,vw
rolling120,1966-04,1976-03,20000,0.5916553832341078,0.584177802017303,0.9163909057754059,2.000059752160091,none,0.00647986223691472,0.004720165379973773,1.1539722517874378,4.419324469577681,diagnostic only,ff49,vw
rolling120,1966-05,1976-04,20000,0.5214070213247569,0.5140947951933772,0.8757260070623629,2.0000345068814576,none,0.006192317980552152,0.004829437466262521,1.1808544319501673,4.419324469577681,diagnostic only,ff49,vw
rolling120,1966-06,1976-05,20000,0.6078491039182531,0.5999530285167773,0.9229831862799737,1.991850049661589,none,0.0065264766993973575,0.004935192009227762,1.2098526916069205,4.419324469577681,diagnostic only,ff49,vw
rolling120,1966-07,1976-06,20000,0.6891625121281808,0.680784020561777,0.970904125372987,1.9940259509726184,none,0.0068653289093323295,0.004984871026798121,1.2204064331156175,4.419324469577681,diagnostic only,ff49,vw
rolling120,1966-08,1976-07,20000,0.6966891831903875,0.6893369385018375,0.9757483721771746,1.9933637748158568,none,0.006899582906982153,0.004352148183695226,1.0656071225855943,4.419324469577681,diagnostic only,ff49,vw
rolling120,1966-09,1976-08,20000,0.8243083855070283,0.815497367893008,1.048796793436757,1.9920340365368991,none,0.007416113247258376,0.004853225220726287,1.1880910283129327,4.419324469577681,diagnostic only,ff49,vw
rolling120,1966-10,1976-09,20000,0.9092653752508888,0.9009799953684985,1.0963996323041256,1.989273939892072,none,0.007752716148926845,0.004358478207333372,1.068706724615114,4.419324469577681,diagnostic only,ff49,vw
rolling120,1966-11,1976-10,20000,0.845439908759779,0.8344132791844272,1.0490141537916615,1.9784544770228183,none,0.007417650217067517,0.006010984384202889,1.4865394367046716,4.419324469577681,diagnostic only,ff49,vw
rolling120,1966-12,1976-11,20000,0.7884976865381226,0.7776147559375333,1.0136702579755676,1.9710890332859667,none,0.007167731133016409,0.006122209868161033,1.5183229391040831,4.419324469577681,diagnostic only,ff49,vw
rolling120,1967-01,1976-12,20000,0.8572052792963281,0.8458462149047954,1.0350628198069722,1.8802158355246557,none,0.007318999388395795,0.006153851983881742,1.551996904049802,4.419324469577681,diagnostic only,ff49,vw
rolling120,1967-02,1977-01,20000,0.608093313798407,0.5975036823918782,0.8951879095231106,1.878657779742017,none,0.00632993441260001,0.0066288619696157625,1.6729448863561172,4.419324469577681,diagnostic only,ff49,vw
rolling120,1967-03,1977-02,20000,0.5571632685371287,0.5476661504993041,0.8671583632171727,1.8798440278073116,none,0.0061317355899349,0.006136412581460471,1.548846635431231,4.419324469577681,diagnostic only,ff49,vw
rolling120,1967-04,1977-03,20000,0.4696669914335851,0.46160517041055693,0.8166408229092789,1.8735170868743256,none,0.005774522636729135,0.005515731051200179,1.3961017265307005,4.419324469577681,diagnostic only,ff49,vw
rolling120,1967-05,1977-04,20000,0.4072225932220173,0.3998837731978765,0.7809920372673697,1.8691259155501236,none,0.005522447656044539,0.005242449526631887,1.3289071225705857,4.419324469577681,diagnostic only,ff49,vw
rolling120,1967-06,1977-05,20000,0.42319996269344373,0.4155178826969693,0.7879899136998366,1.862712959256536,none,0.005571930114837568,0.005427045528974883,1.3787107587759753,4.419324469577681,diagnostic only,ff49,vw
rolling120,1967-07,1977-06,20000,0.4330145144674775,0.42521245851224176,0.7929468650615781,1.8619547840266177,none,0.005606981054056561,0.005474310800917648,1.3914896233849572,4.419324469577681,diagnostic only,ff49,vw
rolling120,1967-08,1977-07,20000,0.3395087614047647,0.3325655815411217,0.7398582113572543,1.857533319469889,none,0.005231587583672644,0.005210385109611693,1.3271649862676689,4.419324469577681,diagnostic only,ff49,vw
rolling120,1967-09,1977-08,20000,0.3398279250540496,0.33243719864522303,0.7394832250799114,1.8571384102740336,none,0.0052289360302770335,0.005546772798253441,1.413428346805569,4.419324469577681,diagnostic only,ff49,vw
rolling120,1967-10,1977-09,20000,0.2838549721618347,0.27640424313667145,0.7053646449011618,1.8424714460001688,none,0.004987681236188526,0.005837280050756899,1.4938262235172288,4.419324469577681,diagnostic only,ff49,vw
rolling120,1967-11,1977-10,20000,0.2603349351953823,0.2525133216933425,0.6883258575004784,1.826612874230626,none,0.004867198815046334,0.006244734779718986,1.6070051377108878,4.419324469577681,diagnostic only,ff49,vw
rolling120,1967-12,1977-11,20000,0.32540264421424353,0.3171250411687709,0.722372159055621,1.8216134875298013,none,0.005107942522085969,0.0062845992496864955,1.620535667674714,4.419324469577681,diagnostic only,ff49,vw
rolling120,1968-01,1977-12,20000,0.2687674403667079,0.26136327373067897,0.6900687033204408,1.8162031979794009,none,0.004879522596024915,0.005869971633255089,1.5173957063055141,4.419324469577681,diagnostic only,ff49,vw
rolling120,1968-02,1978-01,20000,0.24138967732628822,0.23379510799897163,0.6710140138720307,1.8097124772814686,none,0.00474478559480117,0.006155454238778502,1.6006138055295702,4.419324469577681,diagnostic only,ff49,vw
rolling120,1968-03,1978-02,20000,0.2990173366801054,0.29155762175451627,0.6987822986539473,1.7965074889029793,none,0.004941137019513294,0.005775750767863741,1.5097162649263873,4.419324469577681,diagnostic only,ff49,vw
rolling120,1968-04,1978-03,20000,0.3626266060604445,0.35467353898254306,0.7332547424337478,1.7975554107787617,none,0.005184894007120983,0.005870836662148715,1.533891930477002,4.419324469577681,diagnostic only,ff49,vw
rolling120,1968-05,1978-04,20000,0.32341231841818563,0.3151369975499031,0.7103486282326076,1.7915314174867938,none,0.005022923320298386,0.006292364129135919,1.6475108896926058,4.419324469577681,diagnostic only,ff49,vw
rolling120,1968-06,1978-05,20000,0.31482238007048163,0.3065431537236986,0.7047695969997538,1.7887594070973336,none,0.004983473612126362,0.006336741594173079,1.6613364474604726,4.419324469577681,diagnostic only,ff49,vw
rolling120,1968-07,1978-06,20000,0.29618855590619386,0.28767333383925314,0.6918589093030995,1.779746727891809,none,0.004892181263925502,0.006612874432642135,1.7405777929225947,4.419324469577681,diagnostic only,ff49,vw
rolling120,1968-08,1978-07,20000,0.4377689551397444,0.42689116217133644,0.7671847438438775,1.781664465656196,none,0.0054248153479487015,0.007623421643354167,2.0051913790063303,4.419324469577681,diagnostic only,ff49,vw
rolling120,1968-09,1978-08,20000,0.4787438560699031,0.4663365076716801,0.7881296617243715,1.781776273909688,none,0.005572918282595629,0.008461460471937743,2.226364674495851,4.419324469577681,diagnostic only,ff49,vw
rolling120,1968-10,1978-09,20000,0.3649475433767015,0.353921231889652,0.7260747743151034,1.7761689340144575,none,0.005134123965667017,0.008143982993501053,2.1476519773937612,4.419324469577681,diagnostic only,ff49,vw
rolling120,1968-11,1978-10,20000,0.16308277668354962,0.1543277006401513,0.6225652508411909,1.7862778087719806,none,0.0044022011060091,0.007584567223452243,1.9887951123921725,4.419324469577681,diagnostic only,ff49,vw
rolling120,1968-12,1978-11,20000,0.1365557530125563,0.12818919574015739,0.6087036041121243,1.7864091814882652,none,0.004304184462003747,0.0074159168550715915,1.9438194032474119,4.419324469577681,diagnostic only,ff49,vw
rolling120,1969-01,1978-12,20000,0.18200821855796703,0.1723834415998916,0.6316781921962918,1.7831131070034927,none,0.004466639332296573,0.008209581111910724,2.1548139981847916,4.419324469577681,diagnostic only,ff49,vw
rolling120,1969-02,1979-01,20000,0.260162008135314,0.2501910796060005,0.6734065433876353,1.781844803288242,none,0.004761703333247899,0.00797552365551657,2.093983566698269,4.419324469577681,diagnostic only,ff49,vw
rolling120,1969-03,1979-02,20000,0.3083982972069374,0.2981272943469042,0.698954414835612,1.7814993296441899,none,0.004942354064705365,0.007912169249318923,2.078160068170973,4.419324469577681,diagnostic only,ff49,vw
rolling120,1969-04,1979-03,20000,0.3807828461419666,0.3697782153149447,0.7373259162893453,1.7820648940724564,none,0.005213681553527807,0.008033877823419466,2.1107217067324893,4.419324469577681,diagnostic only,ff49,vw
rolling120,1969-05,1979-04,20000,0.3810411705468847,0.37087597600900235,0.7357244214848777,1.7767124955076332,none,0.005202357275165066,0.007415108817849569,1.9539593303998533,4.419324469577681,diagnostic only,ff49,vw
rolling120,1969-06,1979-05,20000,0.36728088233141826,0.3582418148270733,0.7284705124531461,1.7759126273077117,none,0.005151064392500589,0.006654976607015861,1.754796060694738,4.419324469577681,diagnostic only,ff49,vw
rolling120,1969-07,1979-06,20000,0.5837947094993521,0.573539973607105,0.8427809575409131,1.7729906765235064,none,0.005959361301320714,0.006516984674205473,1.7207776762879723,4.419324469577681,diagnostic only,ff49,vw
rolling120,1969-08,1979-07,20000,0.7572651841553103,0.7449261012918116,0.9298909791171909,1.765095784804553,none,0.006575322170979639,0.00707140712398302,1.8765746441988185,4.419324469577681,diagnostic only,ff49,vw
rolling120,1969-09,1979-08,20000,0.7749364310824454,0.7642251280714984,0.9393901778013644,1.7634032927571979,none,0.006642491649033813,0.006071392386670871,1.6125429397423379,4.419324469577681,diagnostic only,ff49,vw
rolling120,1969-10,1979-09,20000,0.7845865843927237,0.7732948542529479,0.9436635756202444,1.7634154427086772,none,0.0066727091347981915,0.0063676551661413505,1.6922257379524317,4.419324469577681,diagnostic only,ff49,vw
rolling120,1969-11,1979-10,20000,0.5041992527573407,0.49536551430432496,0.7903448934480589,1.741801956926507,none,0.005588582336332818,0.005907410842709737,1.580676085880546,4.419324469577681,diagnostic only,ff49,vw
rolling120,1969-12,1979-11,20000,0.6824544621170185,0.6705285998344888,0.8847068511870604,1.7463541400488825,none,0.006255822138365681,0.007138975222400479,1.9063621085693767,4.419324469577681,diagnostic only,ff49,vw
rolling120,1970-01,1979-12,20000,0.8172065050460646,0.8045475155534021,0.9552592896864653,1.748637320569044,none,0.006754703215287442,0.007015049137556462,1.8741000291489247,4.419324469577681,diagnostic only,ff49,vw
rolling120,1970-02,1980-01,20000,1.1034915898999236,1.0877493528643978,1.1043389604115141,1.7540203789529034,none,0.007808855676354838,0.00754029070296558,2.0159467261244415,4.419324469577681,diagnostic only,ff49,vw
rolling120,1970-03,1980-02,20000,0.9393120214873752,0.9242049210358698,1.0143140185042985,1.7543197005408466,none,0.007172283207369666,0.007851087109460586,2.106316777338432,4.419324469577681,diagnostic only,ff49,vw
rolling120,1970-04,1980-03,20000,0.7400644265389085,0.7266233276808733,0.9167458081338626,1.7682002495606919,none,0.006482371775557959,0.007784615580335386,2.07348472494517,4.419324469577681,diagnostic only,ff49,vw
rolling120,1970-05,1980-04,20000,1.1184498159019163,1.1016493719826799,1.1008906450191078,1.75737826536351,none,0.007784472404378434,0.007993932833518791,2.1581994317028954,4.419324469577681,diagnostic only,ff49,vw
rolling120,1970-06,1980-05,20000,1.496599346212818,1.4768882077413235,1.284285542348436,1.7445974335765349,none,0.00908127015974422,0.007958025077550612,2.1705266030814463,4.419324469577681,diagnostic only,ff49,vw
rolling120,1970-07,1980-06,20000,1.7664761448609296,1.7478972505368229,1.4212430762743096,1.7482174966547703,none,0.010049706169479939,0.00676113137799339,1.8487002516082707,4.419324469577681,diagnostic only,ff49,vw
rolling120,1970-08,1980-07,20000,1.8768158779876127,1.859191313468345,1.480021652082858,1.7528806541041069,none,0.01046533346490706,0.006164178114366425,1.684090103613737,4.419324469577681,diagnostic only,ff49,vw
rolling120,1970-09,1980-08,20000,1.8237714892742192,1.806576894598669,1.4510422278817212,1.7521652553401286,none,0.010260417991232007,0.006126536104762215,1.6758181479783405,4.419324469577681,diagnostic only,ff49,vw
rolling120,1970-10,1980-09,20000,1.6571229846555031,1.6430068818596122,1.3363716448768856,1.6583511763528127,none,0.009449574522778665,0.005340925478770853,1.4938347501110625,4.419324469577681,diagnostic only,ff49,vw
rolling120,1970-11,1980-10,20000,1.8258595355464589,1.8105902963258949,1.4082274383729012,1.651891712397093,none,0.009957671711264394,0.005432751703627892,1.5334146036659368,4.419324469577681,diagnostic only,ff49,vw
rolling120,1970-12,1980-11,20000,1.932407458014478,1.9191456314799056,1.4685805124198719,1.6600947935990829,none,0.010384432390505061,0.004543050676046434,1.2770872817948524,4.419324469577681,diagnostic only,ff49,vw
rolling120,1971-01,1980-12,20000,1.6980182985480092,1.6879994444360888,1.3555078151522852,1.6644620057172674,none,0.00958488768045542,0.003727253044139678,1.0452761102615595,4.419324469577681,diagnostic only,ff49,vw
rolling120,1971-02,1981-01,20000,1.4356592690530132,1.4276202313099682,1.225452171592718,1.6642275280545384,none,0.008665255405529915,0.0033114890209606784,0.9277323479599643,4.419324469577681,diagnostic only,ff49,vw
rolling120,1971-03,1981-02,20000,1.3813754639245681,1.3730849867526844,1.1945674610771795,1.6556065695711322,none,0.008446867523124707,0.0034935441495622666,0.9814854026285046,4.419324469577681,diagnostic only,ff49,vw
rolling120,1971-04,1981-03,20000,1.4390427739476814,1.4327544053837733,1.2273274305641373,1.6611681452037665,none,0.008678515488881629,0.002584876035983008,0.7245903486563336,4.419324469577681,diagnostic only,ff49,vw
rolling120,1971-05,1981-04,20000,1.3659811138098277,1.3616069975049587,1.1911934204546637,1.6607082256053454,none,0.00842300945308291,0.0018521779066078548,0.519305638825797,4.419324469577681,diagnostic only,ff49,vw
rolling120,1971-06,1981-05,20000,1.5162960278706297,1.5115980961817694,1.2662364854732115,1.65944967337684,none,0.008953644054639292,0.0018704950031624978,0.5246949354018627,4.419324469577681,diagnostic only,ff49,vw
rolling120,1971-07,1981-06,20000,1.4549018891293206,1.450240229308517,1.2397991841892027,1.6642750592353297,none,0.008766704104497347,0.001902531745680891,0.5317459977247471,4.419324469577681,diagnostic only,ff49,vw
rolling120,1971-08,1981-07,20000,1.556627423466488,1.5511658208813013,1.287935720426556,1.6635153810188286,none,0.009107080816459992,0.0021408261824784613,0.5997094673098305,4.419324469577681,diagnostic only,ff49,vw
rolling120,1971-09,1981-08,20000,1.2833414226286284,1.2783887959553741,1.1503442704649187,1.6646816924806007,none,0.008134162343448359,0.002173740795269774,0.6088674486861363,4.419324469577681,diagnostic only,ff49,vw
rolling120,1971-10,1981-09,20000,1.1827275796931085,1.1761245916065537,1.1005784182636413,1.6677754374282046,none,0.007782264627817852,0.003034287702102567,0.8484661473669617,4.419324469577681,diagnostic only,ff49,vw
rolling120,1971-11,1981-10,20000,1.4630797973417604,1.4572534601114016,1.2434714619347722,1.6687788987453716,none,0.008792671029460273,0.002371077027639723,0.6626356440309698,4.419324469577681,diagnostic only,ff49,vw
rolling120,1971-12,1981-11,20000,1.5732624249645057,1.5676579844822665,1.3006178574395788,1.6704695290953695,none,0.009196757067278445,0.002182705218572778,0.6093931199052308,4.419324469577681,diagnostic only,ff49,vw
rolling120,1972-01,1981-12,20000,1.2692899897562377,1.2641342159293165,1.1454508752130241,1.6681719008942968,none,0.008099560813791951,0.0022771502637288776,0.6365498013351495,4.419324469577681,diagnostic only,ff49,vw
rolling120,1972-02,1982-01,20000,1.1062076248001191,1.1024894495806659,1.0625951031037368,1.6643111020775074,none,0.007513682030602709,0.001768463199753434,0.49485394834508667,4.419324469577681,diagnostic only,ff49,vw
rolling120,1972-03,1982-02,20000,0.9415802379440394,0.937842056610467,0.9791573843453018,1.6643835431220877,none,0.006923688263194455,0.0019290433504735027,0.5399118492154173,4.419324469577681,diagnostic only,ff49,vw
rolling120,1972-04,1982-03,20000,0.9118024973632697,0.9074500245343273,0.9652490001797104,1.667528118041034,none,0.006825341135606082,0.002281827976072348,0.6376930826558401,4.419324469577681,diagnostic only,ff49,vw
rolling120,1972-05,1982-04,20000,0.9897363967612631,0.9851405826842228,1.0030884141226297,1.664646068262735,none,0.007092906197557713,0.0023151076136009863,0.6479451368781415,4.419324469577681,diagnostic only,ff49,vw
rolling120,1972-06,1982-05,20000,0.8957389940968232,0.8914918178041402,0.9541501684767394,1.6618056410865405,none,0.006746860544001892,0.002245410872363074,0.6295040878618489,4.419324469577681,diagnostic only,ff49,vw
rolling120,1972-07,1982-06,20000,0.9230215506887045,0.9173975699616743,0.9673553706566778,1.6618838617579401,none,0.0068402354240856295,0.0029331322909429414,0.8221911057662133,4.419324469577681,diagnostic only,ff49,vw
rolling120,1972-08,1982-07,20000,0.9391098275258015,0.9336698553604164,0.9755490495838682,1.6622941078325475,none,0.006898173483408447,0.0028132890163772295,0.788610518200135,4.419324469577681,diagnostic only,ff49,vw
rolling120,1972-09,1982-08,20000,1.1336815402623106,1.1289546581844547,1.0777060737142246,1.6733663227069266,none,0.007620532728492574,0.002220283113914201,0.6202823668983711,4.419324469577681,diagnostic only,ff49,vw
rolling120,1972-10,1982-09,20000,1.230577374865427,1.2267405819575292,1.1278514138842768,1.6751771364936479,none,0.007975113829284074,0.001723053389777851,0.4810956921779966,4.419324469577681,diagnostic only,ff49,vw
rolling120,1972-11,1982-10,20000,1.5615316424298529,1.5548795427203346,1.2952223176987543,1.6813198119446697,none,0.009158604839889459,0.0026036842826786533,0.7263223848839611,4.419324469577681,diagnostic only,ff49,vw
rolling120,1972-12,1982-11,20000,1.6007216581526467,1.5928191049178846,1.3140475450184461,1.6815441971602694,none,0.009291719298840782,0.0030478613875426497,0.8504941852632144,4.419324469577681,diagnostic only,ff49,vw
rolling120,1973-01,1982-12,20000,1.6252767983504612,1.616033421712444,1.3306369612927609,1.6890047062385751,none,0.009409024186275728,0.003533355713768671,0.9823948217180678,4.419324469577681,diagnostic only,ff49,vw
rolling120,1973-02,1983-01,20000,1.8870595631025957,1.8776507753960217,1.459888835862716,1.6861744602686177,none,0.010322972956170611,0.0032696072042581736,0.911441669616106,4.419324469577681,diagnostic only,ff49,vw
rolling120,1973-03,1983-02,20000,2.143086939173812,2.1312243264741686,1.5881246442010222,1.6734333510878092,none,0.011229737052840158,0.0037884902079183824,1.0563571207255527,4.419324469577681,diagnostic only,ff49,vw
rolling120,1973-04,1983-03,20000,2.3082404364246036,2.2968870247793407,1.6746284738400945,1.6771494712465327,none,0.011841411498204097,0.003443676280057817,0.9587887091825856,4.419324469577681,diagnostic only,ff49,vw
rolling120,1973-05,1983-04,20000,2.7929478104644527,2.781923409083139,1.9111676357579852,1.6707458950599559,none,0.01351399595228733,0.002915025025318041,0.815776578610558,4.419324469577681,diagnostic only,ff49,vw
rolling120,1973-06,1983-05,20000,3.0923836467385413,3.076195785090313,2.049370055450467,1.6691866226633951,none,0.01449123463369676,0.0039713160264380765,1.1170795351409406,4.419324469577681,diagnostic only,ff49,vw
rolling120,1973-07,1983-06,20000,3.350345592614473,3.3316752883810814,2.1711951550041055,1.6656847064162545,none,0.015352668173827801,0.004310180932414642,1.2160950801515684,4.419324469577681,diagnostic only,ff49,vw
rolling120,1973-08,1983-07,20000,2.825634953383902,2.810762552710131,1.9009985390047879,1.6569470429680404,none,0.01344208957956005,0.0039027361238221925,1.1064054130680634,4.419324469577681,diagnostic only,ff49,vw
rolling120,1973-09,1983-08,20000,2.9059989736651257,2.8933595307983793,1.9407078313082409,1.6558899914227265,none,0.013722876678198954,0.003246410398721755,0.9210490747050352,4.419324469577681,diagnostic only,ff49,vw
rolling120,1973-10,1983-09,20000,2.699514381112702,2.6886472570057856,1.8333142708841055,1.6479754998511351,none,0.01296348952988222,0.002946100114690209,0.8382869505827584,4.419324469577681,diagnostic only,ff49,vw
rolling120,1973-11,1983-10,20000,2.5731615833812866,2.5655574097630054,1.7691683109151797,1.644006328636395,none,0.012509909097084737,0.0021326745707304084,0.6078520282815884,4.419324469577681,diagnostic only,ff49,vw
rolling120,1973-12,1983-11,20000,3.381357570854826,3.3702507466085914,2.1385131748799853,1.6216157635842772,none,0.015121571676144108,0.0025414615522585393,0.7345019740082216,4.419324469577681,diagnostic only,ff49,vw
rolling120,1974-01,1983-12,20000,3.2919159889395653,3.2863591887512182,2.0749113604926595,1.6027641247687687,none,0.014671838933653645,0.0012963916330039904,0.3787391760143358,4.419324469577681,diagnostic only,ff49,vw
rolling120,1974-02,1984-01,20000,3.0279716606699543,3.02638822333133,1.933455820670608,1.579312723509435,none,0.013671597219207883,0.0003932649438642688,0.11581948423695858,4.419324469577681,diagnostic only,ff49,vw
rolling120,1974-03,1984-02,20000,2.794951955204193,2.7917771537038507,1.822234646909488,1.5825982210314387,none,0.012885144757427731,0.0008372858877638834,0.2463923813127493,4.419324469577681,diagnostic only,ff49,vw
rolling120,1974-04,1984-03,20000,2.9182238148811064,2.9147502316109706,1.8791875168806924,1.5807942294688213,none,0.013287862363074473,0.0008873064856314006,0.26141023854886664,4.419324469577681,diagnostic only,ff49,vw
rolling120,1974-05,1984-04,20000,3.111468886955498,3.104409335400703,1.968018479941799,1.5788387188370556,none,0.013915992126672876,0.001719992081176125,0.5072977543055347,4.419324469577681,diagnostic only,ff49,vw
rolling120,1974-06,1984-05,20000,3.0846712402164287,3.079393716249421,1.950713765789979,1.5738786374364964,none,0.013793629319440406,0.00129370301914844,0.38260590050578797,4.419324469577681,diagnostic only,ff49,vw
rolling120,1974-07,1984-06,20000,3.3418298032491474,3.3398212865648924,2.076320098460769,1.5742676518856575,none,0.014681800215355296,0.0004628109204574127,0.13680316138304982,4.419324469577681,diagnostic only,ff49,vw
rolling120,1974-08,1984-07,20000,3.542471596522707,3.5413503547273146,2.160563451821304,1.554247963916654,none,0.015277490679666586,0.000246896122917617,0.07339175123077178,4.419324469577681,diagnostic only,ff49,vw
rolling120,1974-09,1984-08,20000,4.539057722448077,4.5416957503929325,2.6280456230891867,1.5479943472857984,none,0.018583088813539893,-0.0004760326195584197,-0.14195852860227173,4.419324469577681,diagnostic only,ff49,vw
rolling120,1974-10,1984-09,20000,5.195064808843414,5.191063137108508,2.9156269957878815,1.540234899466696,none,0.020616596201321724,0.0006463626111192777,0.19409953494889107,4.419324469577681,diagnostic only,ff49,vw
rolling120,1974-11,1984-10,20000,4.369808544758793,4.365114432194647,2.4932976045551456,1.5156720031733664,none,0.017630276436971185,0.0008749324219399224,0.26625291900140763,4.419324469577681,diagnostic only,ff49,vw
rolling120,1974-12,1984-11,20000,4.505774841472356,4.503255496669363,2.5520525371320466,1.5124362866763075,none,0.018045736549504036,0.0004577917206494142,0.13960886528972913,4.419324469577681,diagnostic only,ff49,vw
rolling120,1975-01,1984-12,20000,4.890624252928863,4.886612817224111,2.72360103013501,1.5085529207427222,none,0.01925876757655132,0.000681450577658893,0.208291402282447,4.419324469577681,diagnostic only,ff49,vw
rolling120,1975-02,1985-01,20000,4.456808026685051,4.449027104862379,2.4879805817995697,1.4837446404176609,none,0.017592679408509275,0.0014279469844677983,0.4422817947167487,4.419324469577681,diagnostic only,ff49,vw
rolling120,1975-03,1985-02,20000,4.1896595538735815,4.183379367086462,2.3488921183588416,1.4690108847682328,none,0.016609175451671714,0.0012116008384408516,0.3781155064195128,4.419324469577681,diagnostic only,ff49,vw
rolling120,1975-04,1985-03,20000,3.8302705662276115,3.8230578437575558,2.174306512773791,1.4591394827671758,none,0.015374668795604222,0.0014954667150406387,0.469130266540634,4.419324469577681,diagnostic only,ff49,vw
rolling120,1975-05,1985-04,20000,3.5209256838927767,3.5137035944579367,2.0203130992928373,1.448691745295445,none,0.014285770926299759,0.0016000362637254018,0.5055442560362177,4.419324469577681,diagnostic only,ff49,vw
rolling120,1975-06,1985-05,20000,3.5081371159529655,3.503530382495911,2.012135479199928,1.444395950825281,none,0.014227946420083123,0.0010229160382619895,0.323780630109206,4.419324469577681,diagnostic only,ff49,vw
rolling120,1975-07,1985-06,20000,3.3466386660938436,3.3439603096994635,1.9376923968582387,1.4416761419210709,none,0.013701554336720753,0.0006165701809934809,0.19547828870787878,4.419324469577681,diagnostic only,ff49,vw
rolling120,1975-08,1985-07,20000,3.675577168508338,3.672336264275833,2.0801275418429186,1.4345978136608506,none,0.014708722905700316,0.000693636769528938,0.22033892767462665,4.419324469577681,diagnostic only,ff49,vw
rolling120,1975-09,1985-08,20000,3.8331325111902785,3.8299794590810405,2.142734889564022,1.4305938760132328,none,0.015151423706957278,0.0006528085959682794,0.2081026951803987,4.419324469577681,diagnostic only,ff49,vw
rolling120,1975-10,1985-09,20000,3.821775515579162,3.818061925905039,2.1378499629048417,1.431138486529432,none,0.015116882059294226,0.0007707642058638609,0.24565844064649286,4.419324469577681,diagnostic only,ff49,vw
rolling120,1975-11,1985-10,20000,3.7334395190769887,3.7306222386463963,2.088384394165291,1.4258682440340922,none,0.01476710766838437,0.0005955411970071101,0.19078078753526173,4.419324469577681,diagnostic only,ff49,vw
rolling120,1975-12,1985-11,20000,3.9383509880410665,3.9334052768043994,2.171714642204346,1.4225195623168414,none,0.015356341503048097,0.0010024944149471526,0.32206311872430127,4.419324469577681,diagnostic only,ff49,vw
rolling120,1976-01,1985-12,20000,4.226334128640857,4.221214375492146,2.299559535943388,1.423040795259775,none,0.016260341416077597,0.0009805675041314466,0.31486135608744564,4.419324469577681,diagnostic only,ff49,vw
rolling120,1976-02,1986-01,20000,3.6118160697715647,3.6076492856358424,2.0168893230097535,1.4102721841916153,none,0.014261561172029417,0.0009043188570605487,0.29216886464676667,4.419324469577681,diagnostic only,ff49,vw
rolling120,1976-03,1986-02,20000,3.8224081090758903,3.813512201393852,2.103143357982514,1.4036076332212204,none,0.014871469302368823,0.00184811158876097,0.5981861980928339,4.419324469577681,diagnostic only,ff49,vw
rolling120,1976-04,1986-03,20000,4.040921163360086,4.029958463124607,2.2004384942317503,1.4047623824355273,none,0.015559449808551864,0.002179481265272676,0.7045686300202043,4.419324469577681,diagnostic only,ff49,vw
rolling120,1976-05,1986-04,20000,4.091252009627326,4.077543107137374,2.224887864876071,1.406765238107587,none,0.015732332966335288,0.0026999086370496084,0.871383952989507,4.419324469577681,diagnostic only,ff49,vw
rolling120,1976-06,1986-05,20000,4.4142923149595665,4.401649684452426,2.360563521140305,1.4030379947115206,none,0.01669170473219904,0.0023405128517552942,0.7574199705768891,4.419324469577681,diagnostic only,ff49,vw
rolling120,1976-07,1986-06,20000,4.2349007862629415,4.2222170352743325,2.285275401467948,1.4063823510465892,none,0.01615933733256796,0.002428805793197597,0.7849177678249162,4.419324469577681,diagnostic only,ff49,vw
rolling120,1976-08,1986-07,20000,3.908283766893029,3.8960971663185893,2.1482950080377634,1.4123090804173566,none,0.01519073968172711,0.002489043856864992,0.8022387869037731,4.419324469577681,diagnostic only,ff49,vw
rolling120,1976-09,1986-08,20000,4.299143932849883,4.2847102391001,2.3178721627736674,1.4145434860889128,none,0.016389831242207893,0.0027312176253282416,0.8806493206966083,4.419324469577681,diagnostic only,ff49,vw
rolling120,1976-10,1986-09,20000,3.813128274587745,3.798813460161041,2.115536854091856,1.4253463123736336,none,0.014959104553784072,0.002982990388258111,0.9569299001311494,4.419324469577681,diagnostic only,ff49,vw
rolling120,1976-11,1986-10,20000,4.176798086714762,4.161278021833753,2.280744166144766,1.4287667866254512,none,0.016127296660326217,0.0030070197372347174,0.9623475780159363,4.419324469577681,diagnostic only,ff49,vw
rolling120,1976-12,1986-11,20000,4.187795703267994,4.172777434428715,2.280930564612883,1.4267455057603344,none,0.0161286146965343,0.0029033278600625323,0.9311567745806694,4.419324469577681,diagnostic only,ff49,vw
rolling120,1977-01,1986-12,20000,3.6988054667718226,3.6827921712347127,2.063442861469175,1.4245981498480738,none,0.014590744399358273,0.00341960414888276,1.0974968170790687,4.419324469577681,diagnostic only,ff49,vw
rolling120,1977-02,1987-01,20000,4.528686085002974,4.508626569010299,2.4297394462118738,1.4270466649162745,none,0.017180852389328625,0.003641473195065137,1.1675506859679705,4.419324469577681,diagnostic only,ff49,vw
rolling120,1977-03,1987-02,20000,4.953930971972561,4.930491407277312,2.6184154896251384,1.426805294815736,none,0.018514993486778295,0.003952381528870674,1.2659774745255477,4.419324469577681,diagnostic only,ff49,vw
rolling120,1977-04,1987-03,20000,5.134181071563507,5.10876098621551,2.7131248609218552,1.4404974027927624,none,0.019184689873636526,0.004161250604722833,1.3250193521725249,4.419324469577681,diagnostic only,ff49,vw
rolling120,1977-05,1987-04,20000,4.983105758578562,4.95773847539087,2.6527722314700517,1.4448809209711915,none,0.018757932338158433,0.00425787121950294,1.3523496476255306,4.419324469577681,diagnostic only,ff49,vw
rolling120,1977-06,1987-05,20000,5.100017904774547,5.073346919304468,2.706191380070383,1.4468713708891123,none,0.019135662760363496,0.0043914806488829505,1.3937842552975903,4.419324469577681,diagnostic only,ff49,vw
rolling120,1977-07,1987-06,20000,4.99711569442058,4.974531100702763,2.659375346438678,1.4439948877972022,none,0.018804623411871134,0.003780144974918631,1.2010128160056117,4.419324469577681,diagnostic only,ff49,vw
rolling120,1977-08,1987-07,20000,5.395493088819964,5.375361120005818,2.8476499804009636,1.45151719859415,none,0.020135926115872605,0.0031577770161086427,0.9998034705876715,4.419324469577681,diagnostic only,ff49,vw
rolling120,1977-09,1987-08,20000,5.676695968687998,5.649793724831733,2.975956500719488,1.4551063722351947,none,0.021043190221749386,0.004045575692943171,1.2784299135622341,4.419324469577681,diagnostic only,ff49,vw
rolling120,1977-10,1987-09,20000,5.572538891015932,5.546976102209344,2.9317115081919503,1.4553869906535644,none,0.020730330879251684,0.0039045184230872554,1.2331105063148258,4.419324469577681,diagnostic only,ff49,vw
rolling120,1977-11,1987-10,20000,4.0600410807809935,4.039908902002941,2.294595524698877,1.489382916648364,none,0.0162252405559488,0.003994552117807304,1.2407938550205928,4.419324469577681,diagnostic only,ff49,vw
rolling120,1977-12,1987-11,20000,3.4892139078686677,3.470819812347716,2.049669787611532,1.5081597386692187,none,0.01449335406013305,0.00411425561597234,1.2691400102857198,4.419324469577681,diagnostic only,ff49,vw
rolling120,1978-01,1987-12,20000,3.855343415818891,3.8359422635200273,2.2260321958580582,1.514711739943254,none,0.01574042460830814,0.004011865990463992,1.2325685476504344,4.419324469577681,diagnostic only,ff49,vw
rolling120,1978-02,1988-01,20000,4.240193266134966,4.221774685816464,2.4179493939832017,1.521856026916984,none,0.01709748413051425,0.0035272644697847966,1.0772684552828535,4.419324469577681,diagnostic only,ff49,vw
rolling120,1978-03,1988-02,20000,4.613678365927335,4.593270531844051,2.595837759051199,1.5264722495050576,none,0.018355344822851942,0.0036486406239599756,1.1118197059352761,4.419324469577681,diagnostic only,ff49,vw
rolling120,1978-04,1988-03,20000,4.323316737895378,4.307441208873448,2.466370795181508,1.5298553208195267,none,0.017439875141933018,0.002991183208094217,0.9103006124027819,4.419324469577681,diagnostic only,ff49,vw
rolling120,1978-05,1988-04,20000,3.933767439918612,3.9196275572553034,2.2813596886887173,1.527389078278988,none,0.01613164906197423,0.0028741774654172936,0.8765305151994373,4.419324469577681,diagnostic only,ff49,vw
rolling120,1978-06,1988-05,20000,3.7160777578264823,3.7029434743900502,2.1770919270703124,1.524281965928843,none,0.015394364648979064,0.002792779353601782,0.8531877564237853,4.419324469577681,diagnostic only,ff49,vw
rolling120,1978-07,1988-06,20000,4.019921418738671,4.00767786754435,2.3227263271047387,1.5274470675429663,none,0.016424155367362837,0.0024449558294621365,0.7454600203460555,4.419324469577681,diagnostic only,ff49,vw
rolling120,1978-08,1988-07,20000,3.6251184642560634,3.6162375920036984,2.1376250923039377,1.5238381643569048,none,0.015115291984026339,0.0019238334412745584,0.5875422229190281,4.419324469577681,diagnostic only,ff49,vw
rolling120,1978-09,1988-08,20000,3.256143188365407,3.2491386376447187,1.9646702739197484,1.5205205586751174,none,0.013892316734842858,0.0016484636812346132,0.5042032120618525,4.419324469577681,diagnostic only,ff49,vw
rolling120,1978-10,1988-09,20000,3.482362257307206,3.4759691354811153,2.0709645171650273,1.5215846890359037,none,0.014643930536841149,0.0014283212490033836,0.4365714389321124,4.419324469577681,diagnostic only,ff49,vw
rolling120,1978-11,1988-10,20000,4.299323433522287,4.290771207034193,2.4316262230036907,1.5151310027754967,none,0.01719419391596942,0.0016164423206816991,0.4973903708362225,4.419324469577681,diagnostic only,ff49,vw
rolling120,1978-12,1988-11,20000,3.9858870601367773,3.977185616315732,2.281539408114692,1.5122310821273064,none,0.016132919870222404,0.0017482658859497846,0.5393595140273353,4.419324469577681,diagnostic only,ff49,vw
rolling120,1979-01,1988-12,20000,4.035138265430308,4.027886016947835,2.3026754910589555,1.5098918583817253,none,0.016282374545998506,0.0014424051098269608,0.4454048432545954,4.419324469577681,diagnostic only,ff49,vw
rolling120,1979-02,1989-01,20000,4.063749386083397,4.055030282324198,2.3133680463833244,1.5089465078278133,none,0.016357982329779242,0.0017248370973537153,0.5330182893843717,4.419324469577681,diagnostic only,ff49,vw
rolling120,1979-03,1989-02,20000,4.2295368857003135,4.219918244510839,2.388217545680448,1.509159649303016,none,0.01688724821499338,0.0018426804288724785,0.5695801392280477,4.419324469577681,diagnostic only,ff49,vw
rolling120,1979-04,1989-03,20000,3.9645785789995673,3.955571288303765,2.265594031822045,1.5066818309953465,none,0.016020169033171387,0.0018176089439096987,0.5622469199389856,4.419324469577681,diagnostic only,ff49,vw
rolling120,1979-05,1989-04,20000,4.160117407092164,4.150068375484115,2.354216179745093,1.5059718114272915,none,0.016646822250768432,0.0019512423671665946,0.6036606540677858,4.419324469577681,diagnostic only,ff49,vw
rolling120,1979-06,1989-05,20000,4.426444561879359,4.414591378158127,2.4771186381965777,1.506611144110502,none,0.01751587386872386,0.0021891187891014408,0.6767109543074095,4.419324469577681,diagnostic only,ff49,vw
rolling120,1979-07,1989-06,20000,4.109457185774372,4.1001653979851875,2.3325639436611687,1.5061855117295027,none,0.016493717821140483,0.0018218600896462434,0.5633531439027477,4.419324469577681,diagnostic only,ff49,vw
rolling120,1979-08,1989-07,20000,4.3611623602892,4.353088043875816,2.453250012712978,1.5092157200150766,none,0.017347097199353307,0.0015083473963446448,0.4654563423835657,4.419324469577681,diagnostic only,ff49,vw
rolling120,1979-09,1989-08,20000,4.099410821888047,4.0890246883512145,2.3339054805148542,1.5099574683036718,none,0.01650320391920501,0.002040888809324626,0.6293404352076277,4.419324469577681,diagnostic only,ff49,vw
rolling120,1979-10,1989-09,20000,4.092159749144107,4.082241461612454,2.3295487837680406,1.508294585033651,none,0.01647239742107256,0.0019515577145574614,0.6021156045546444,4.419324469577681,diagnostic only,ff49,vw
rolling120,1979-11,1989-10,20000,4.3263915548958485,4.317656321506471,2.441610109228049,1.5107580481800311,none,0.017264790652487805,0.0016426848335515665,0.5059565195549613,4.419324469577681,diagnostic only,ff49,vw
rolling120,1979-12,1989-11,20000,4.015534952382288,4.014681395443739,2.300637482405932,1.5090462693794093,none,0.01626796364861181,0.00017021159895125315,0.05246857916494987,4.419324469577681,diagnostic only,ff49,vw
rolling120,1980-01,1989-12,20000,3.8328225967961838,3.8297067103761444,2.2077050903068143,1.4984569441336146,none,0.015610832402160076,0.0006451502351778604,0.199597711369203,4.419324469577681,diagnostic only,ff49,vw
rolling120,1980-02,1990-01,20000,3.195372324074341,3.194552103794444,1.9116642637322618,1.4929703037998299,none,0.013517507642370708,0.00019554418674538887,0.06067836627856212,4.419324469577681,diagnostic only,ff49,vw
rolling120,1980-03,1990-02,20000,3.4064077290136803,3.4059526758406653,2.0027343492142125,1.486449222474189,none,0.014161470392445967,0.00010328144818938512,0.03213318676694119,4.419324469577681,diagnostic only,ff49,vw
rolling120,1980-04,1990-03,20000,4.185600387049127,4.185159414894524,2.33454662857268,1.4726353078432122,none,0.016507737520599343,8.504505248896344e-05,0.026713058288756236,4.419324469577681,diagnostic only,ff49,vw
rolling120,1980-05,1990-04,20000,3.830037716775734,3.833601183185749,2.173591054566631,1.470840132242506,none,0.015369609742104837,-0.0007372280572942591,-0.23185145685600536,4.419324469577681,diagnostic only,ff49,vw
rolling120,1980-06,1990-05,20000,3.9194930733052153,3.9243823882616553,2.2175212820344763,1.4726674139537375,none,0.015680243359520646,-0.0009928788162540947,-0.31181371642878825,4.419324469577681,diagnostic only,ff49,vw
rolling120,1980-07,1990-06,20000,3.7085721145082027,3.708076324978336,2.1116548426090844,1.4575904572422838,none,0.014931654587342953,0.00010530617934878528,0.03320392438537883,4.419324469577681,diagnostic only,ff49,vw
rolling120,1980-08,1990-07,20000,3.192441525236955,3.190557200689197,1.879312305556484,1.4560214216065004,none,0.013288744752263148,0.0004496596651748508,0.14179853574485185,4.419324469577681,diagnostic only,ff49,vw
rolling120,1980-09,1990-08,20000,2.637573900456293,2.6385055613459776,1.6316240451410733,1.4550132307684347,none,0.011537324266662784,-0.00025605592020594425,-0.08075190296738168,4.419324469577681,diagnostic only,ff49,vw
rolling120,1980-10,1990-09,20000,2.2645802694038166,2.26682979890171,1.469583119393448,1.4584755213937888,none,0.010391521892403869,-0.0006885970914829453,-0.2164773861986344,4.419324469577681,diagnostic only,ff49,vw
rolling120,1980-11,1990-10,20000,2.114634806556069,2.118540032787201,1.4127064051835687,1.4654639686155075,none,0.009989342789309718,-0.0012522610548761914,-0.39093925531426393,4.419324469577681,diagnostic only,ff49,vw
rolling120,1980-12,1990-11,20000,2.0982593430831677,2.1026294750361947,1.3988955103515335,1.4564208929969917,none,0.009891685015409855,-0.0014085252487250344,-0.44179853545870934,4.419324469577681,diagnostic only,ff49,vw
rolling120,1981-01,1990-12,20000,2.2803921156704567,2.283170108892396,1.4728527162136245,1.4497898898059538,none,0.010414641433236794,-0.0008461313699266171,-0.26673920938591644,4.419324469577681,diagnostic only,ff49,vw
rolling120,1981-02,1991-01,20000,2.59275543181889,2.594770723114029,1.6147832229102856,1.4487985064155071,none,0.011418241670661314,-0.0005606174775434347,-0.176497516278485,4.419324469577681,diagnostic only,ff49,vw
rolling120,1981-03,1991-02,20000,2.8437401016099275,2.8454869642275984,1.7290616960506666,1.4512520019214743,none,0.012226312503673394,-0.0004542630449462237,-0.1428773080310216,4.419324469577681,diagnostic only,ff49,vw
rolling120,1981-04,1991-03,20000,2.670689628253893,2.6716623283029692,1.6473447263476295,1.445626393598375,none,0.011648486269523063,-0.00026492088925988977,-0.08350441650268094,4.419324469577681,diagnostic only,ff49,vw
rolling120,1981-05,1991-04,20000,2.647166669030868,2.6496642582278858,1.6336113607741782,1.442364387479017,none,0.01155137671026805,-0.0006843339606888987,-0.2162157169368132,4.419324469577681,diagnostic only,ff49,vw
rolling120,1981-06,1991-05,20000,2.7244606027802956,2.7278160563308442,1.670652457849549,1.4432269755262666,none,0.011813296819513888,-0.0009001124250350712,-0.28404039971347694,4.419324469577681,diagnostic only,ff49,vw
rolling120,1981-07,1991-06,20000,2.666501880684612,2.6671777395853877,1.6399416164289204,1.4436899975602349,none,0.011596138377269177,-0.00018429946644804573,-0.058283100700179405,4.419324469577681,diagnostic only,ff49,vw
rolling120,1981-08,1991-07,20000,2.8874487697307583,2.887815558915051,1.7373370281762952,1.4410399460428336,none,0.012284827938299422,-9.434325747570416e-05,-0.029857087631578582,4.419324469577681,diagnostic only,ff49,vw
rolling120,1981-09,1991-08,20000,3.239685049280491,3.239849106614125,1.893140253981375,1.4383241336924455,none,0.013386523113274531,-3.869414441626251e-05,-0.012255410329171339,4.419324469577681,diagnostic only,ff49,vw
rolling120,1981-10,1991-09,20000,3.4101623041207874,3.4118317645116907,1.9672764333056718,1.436581899979847,none,0.013910745064589253,-0.00037840527019472603,-0.1200122914446219,4.419324469577681,diagnostic only,ff49,vw
rolling120,1981-11,1991-10,20000,3.1987273815325796,3.199186282113348,1.8673636779344844,1.4346116639538777,none,0.013204255196089261,-0.0001092832158275936,-0.03475399209977136,4.419324469577681,diagnostic only,ff49,vw
rolling120,1981-12,1991-11,20000,2.9091905486519845,2.9096898042752497,1.7370205398764287,1.4342026780490027,none,0.012282590028069404,-0.00012769699087622488,-0.04064742225575388,4.419324469577681,diagnostic only,ff49,vw
rolling120,1982-01,1991-12,20000,3.441412085526389,3.4434449755536454,1.981121250245949,1.4385160149658907,none,0.014008642704016817,-0.00045750313966763656,-0.14511684466570365,4.419324469577681,diagnostic only,ff49,vw
rolling120,1982-02,1992-01,20000,3.6414589871026912,3.6404907529940376,2.073668135172836,1.4424855910906913,none,0.014663048003111747,0.00020864907618411976,0.0660322538975647,4.419324469577681,diagnostic only,ff49,vw
rolling120,1982-03,1992-02,20000,3.974265038833746,3.9722926780429875,2.2242479869514646,1.4449430427707604,none,0.015727808346139082,0.0003966702924524945,0.12540595277807076,4.419324469577681,diagnostic only,ff49,vw
rolling120,1982-04,1992-03,20000,3.890122859535493,3.888197934025743,2.1801248802327,1.4405337924345212,none,0.015415810866460516,0.00039379041841813844,0.12486696460047779,4.419324469577681,diagnostic only,ff49,vw
rolling120,1982-05,1992-04,20000,3.680705125505956,3.684014440907034,2.0961932313507963,1.4473947278349892,none,0.014822324485654894,-0.000706512638427581,-0.2232656156111477,4.419324469577681,diagnostic only,ff49,vw
rolling120,1982-06,1992-05,20000,3.902275668663437,3.905491672998088,2.1963144902082137,1.4483411508163992,none,0.01553028869644503,-0.0006555926600290141,-0.20707949462569422,4.419324469577681,diagnostic only,ff49,vw
rolling120,1982-07,1992-06,20000,3.872745973268636,3.876445359169881,2.1820587664951594,1.4500582307897438,none,0.015429485507362804,-0.0007586234703294004,-0.23976080728547586,4.419324469577681,diagnostic only,ff49,vw
rolling120,1982-08,1992-07,20000,4.105231720243543,4.109096429921569,2.2801259133199197,1.445536087870947,none,0.01612292495267685,-0.0007564370199379944,-0.2397027641925555,4.419324469577681,diagnostic only,ff49,vw
rolling120,1982-09,1992-08,20000,3.413112789638243,3.418874424019984,1.9568155319010476,1.4280230398546299,none,0.013836775321383917,-0.0013038692275170183,-0.4164000822385819,4.419324469577681,diagnostic only,ff49,vw
rolling120,1982-10,1992-09,20000,3.411343757167723,3.4190247354949284,1.9560897387817031,1.4273970403114349,none,0.013831643189019647,-0.0017381614240603582,-0.5553192937555502,4.419324469577681,diagnostic only,ff49,vw
rolling120,1982-11,1992-10,20000,2.93078890341094,2.936799504160613,1.7352888531805528,1.4199896442941082,none,0.012270345154013962,-0.0015267733963389984,-0.48984773241743224,4.419324469577681,diagnostic only,ff49,vw
rolling120,1982-12,1992-11,20000,2.842940547074146,2.8521701457828312,1.6973917745993927,1.4175321347398668,none,0.012002372341494984,-0.0023959478318447136,-0.7689812018892602,4.419324469577681,diagnostic only,ff49,vw
rolling120,1983-01,1992-12,20000,2.886075842257271,2.894923044267433,1.7075620439091748,1.4089293473119564,none,0.012074287005449387,-0.002271470298542466,-0.732730802752102,4.419324469577681,diagnostic only,ff49,vw
rolling120,1983-02,1993-01,20000,2.747049489494555,2.757080072809235,1.639305346997469,1.3981172398878088,none,0.011591639272972767,-0.0026697816177176925,-0.8653291461602938,4.419324469577681,diagnostic only,ff49,vw
rolling120,1983-03,1993-02,20000,2.6024855119558787,2.6096304105516874,1.5703464653905483,1.4014047977267043,none,0.011104026344899827,-0.001979398936501231,-0.6434511567140151,4.419324469577681,diagnostic only,ff49,vw
rolling120,1983-04,1993-03,20000,2.559288993785707,2.565805900285797,1.548305500461196,1.3996523498130513,none,0.01094817318724543,-0.0018276111157838892,-0.5952505855207182,4.419324469577681,diagnostic only,ff49,vw
rolling120,1983-05,1993-04,20000,2.239719424604428,2.244515903890034,1.4137617606554886,1.4040503615478486,none,0.009996805279417287,-0.0014783343425301965,-0.47980121164125555,4.419324469577681,diagnostic only,ff49,vw
rolling120,1983-06,1993-05,20000,2.2689274483090514,2.2741022316899437,1.423168292860487,1.40035501004201,none,0.010063319506513327,-0.0015805197928170367,-0.5142223078123567,4.419324469577681,diagnostic only,ff49,vw
rolling120,1983-07,1993-06,20000,2.154091282267718,2.1584657599794475,1.372360118012838,1.3992099875335038,none,0.009704051456768482,-0.0013850008339992836,-0.45078880004067284,4.419324469577681,diagnostic only,ff49,vw
rolling120,1983-08,1993-07,20000,2.269974450357145,2.2750957198406803,1.4231482042936414,1.398561357158357,none,0.010063177458894918,-0.0015637007042299533,-0.5089117730909822,4.419324469577681,diagnostic only,ff49,vw
rolling120,1983-09,1993-08,20000,2.4382452045613014,2.4450168004965667,1.496951517042432,1.3972896309531844,none,0.010585045688081933,-0.001965620583995187,-0.6397323294399749,4.419324469577681,diagnostic only,ff49,vw
rolling120,1983-10,1993-09,20000,2.3634641096455815,2.36906909588561,1.4626153593938553,1.3987686018958523,none,0.010342252388949943,-0.0016636602220101437,-0.54195024731917,4.419324469577681,diagnostic only,ff49,vw
rolling120,1983-11,1993-10,20000,2.595153813990035,2.598523575204793,1.5625442593989671,1.3991670175761504,none,0.011048856417251214,-0.0009364288281940025,-0.3049873296838418,4.419324469577681,diagnostic only,ff49,vw
rolling120,1983-12,1993-11,20000,2.419650519121623,2.421001256660628,1.481717940225758,1.395319358226972,none,0.01047732803339397,-0.00039483690231767454,-0.1289200390309238,4.419324469577681,diagnostic only,ff49,vw
rolling120,1984-01,1993-12,20000,2.5743853785336928,2.5756677012538507,1.5517678802131218,1.3984004994467796,none,0.010972655909261726,-0.00035862468979097617,-0.11686529959219456,4.419324469577681,diagnostic only,ff49,vw
rolling120,1984-02,1994-01,20000,2.7906311318388757,2.790446464635569,1.6423345201882693,1.3950395525361936,none,0.0116130587620188,4.8719116607864876e-05,0.01590168508496251,4.419324469577681,diagnostic only,ff49,vw
rolling120,1984-03,1994-02,20000,2.950239088559336,2.9491975996290205,1.7075265264887203,1.3881349487534764,none,0.01207403585936085,0.00026372165586585616,0.08625855864989698,4.419324469577681,diagnostic only,ff49,vw
rolling120,1984-04,1994-03,20000,2.688183101955346,2.6887450879515877,1.594149725949277,1.3875291710283264,none,0.0112723408144541,-0.0001523515403862863,-0.049855305609743876,4.419324469577681,diagnostic only,ff49,vw
rolling120,1984-05,1994-04,20000,2.697583057683118,2.69916595491903,1.5981283374744182,1.387291075350794,none,0.011300473846345443,-0.0004279065214165545,-0.14007352766217576,4.419324469577681,diagnostic only,ff49,vw
rolling120,1984-06,1994-05,20000,2.934267882000967,2.9355805264621533,1.6991677036040105,1.3863826017309127,none,0.012014930055915694,-0.00033353261414936775,-0.10925111133209453,4.419324469577681,diagnostic only,ff49,vw
rolling120,1984-07,1994-06,20000,2.7129636334754474,2.712437200677312,1.596311015169772,1.3817091318276704,none,0.011287623437093275,0.00014180247898587517,0.046638054597515945,4.419324469577681,diagnostic only,ff49,vw
rolling120,1984-08,1994-07,20000,2.908193729258726,2.9086821814870945,1.6703542777824203,1.3758534342041453,none,0.011811188368039075,-0.0001249659618481891,-0.041355045161255564,4.419324469577681,diagnostic only,ff49,vw
rolling120,1984-09,1994-08,20000,2.6678387055313135,2.6677932627779604,1.5683257826973234,1.3760460413576379,none,0.01108973796054977,1.238967141747871e-05,0.004097730128053582,4.419324469577681,diagnostic only,ff49,vw
rolling120,1984-10,1994-09,20000,2.6540673623738495,2.6548150491747067,1.5608129927841021,1.3746172295798615,none,0.011036614513617085,-0.00020457582416544273,-0.06774602845235055,4.419324469577681,diagnostic only,ff49,vw
rolling120,1984-11,1994-10,20000,2.677464014202036,2.6784462188695444,1.5719832031255696,1.375846856086997,none,0.011115599828414402,-0.00026701618266700144,-0.08836272290025582,4.419324469577681,diagnostic only,ff49,vw
rolling120,1984-12,1994-11,20000,2.575295441069995,2.5770214430520353,1.5290916704518227,1.3762613210680394,none,0.010812310892323493,-0.00048252491899170025,-0.15963303305178267,4.419324469577681,diagnostic only,ff49,vw
rolling120,1985-01,1994-12,20000,2.572717408348154,2.575175201502201,1.5258519265969377,1.3753742316273116,none,0.010789402443832528,-0.0006874608978643115,-0.22779696714825667,4.419324469577681,diagnostic only,ff49,vw
rolling120,1985-02,1995-01,20000,2.294266946431251,2.295656387013532,1.405627971670978,1.3740052873814805,none,0.009939290705940408,-0.0004215975269011851,-0.1397927300235357,4.419324469577681,diagnostic only,ff49,vw
rolling120,1985-03,1995-02,20000,2.3644966550503623,2.364710941811163,1.4353474088643468,1.3732858056798045,none,0.010149438861665196,-6.368652894894744e-05,-0.021113163370042667,4.419324469577681,diagnostic only,ff49,vw
rolling120,1985-04,1995-03,20000,2.4940564572239774,2.4931006377692353,1.4825965242802692,1.36239815699776,none,0.010483540560821842,0.00027363066623586896,0.09117334446285308,4.419324469577681,diagnostic only,ff49,vw
rolling120,1985-05,1995-04,20000,2.606458076594159,2.604448166581654,1.5313283437378378,1.363888909814691,none,0.010828126560801895,0.0005576193413292518,0.1856193683384699,4.419324469577681,diagnostic only,ff49,vw
rolling120,1985-06,1995-05,20000,2.5018665145899073,2.4997831477135537,1.4854510544543533,1.362086996869337,none,0.010503725137253807,0.0005952845614776159,0.19834552495708882,4.419324469577681,diagnostic only,ff49,vw
rolling120,1985-07,1995-06,20000,2.5476393482459696,2.544177148240637,1.5056641722482,1.363763947667547,none,0.010646653463863322,0.00097686990816781,0.32519138686009935,4.419324469577681,diagnostic only,ff49,vw
rolling120,1985-08,1995-07,20000,2.633571246489297,2.631637816740505,1.5412669183703918,1.3618857045698034,none,0.010898402895981969,0.0005323850687641851,0.1774048699837172,4.419324469577681,diagnostic only,ff49,vw
rolling120,1985-09,1995-08,20000,2.698666217441959,2.697120422793464,1.5690784150090618,1.3620511988353312,none,0.011095059874663474,0.00041810773567574344,0.13932278563224765,4.419324469577681,diagnostic only,ff49,vw
rolling120,1985-10,1995-09,20000,2.96639758146733,2.963791819728253,1.6841853390365846,1.3623685969217765,none,0.011908988740077335,0.0006573911692606682,0.2188062979947192,4.419324469577681,diagnostic only,ff49,vw
rolling120,1985-11,1995-10,20000,2.7712086807962,2.767619475625352,1.6034885380651867,1.364671361003553,none,0.011338376188207969,0.0009526453491570663,0.316553720856516,4.419324469577681,diagnostic only,ff49,vw
rolling120,1985-12,1995-11,20000,2.6860594074884516,2.683609749490761,1.569414472095845,1.3661124546035113,none,0.011097436157112776,0.0006650156135648011,0.22074089573566946,4.419324469577681,diagnostic only,ff49,vw
rolling120,1986-01,1995-12,20000,2.5830649863349255,2.5814324287734167,1.5259954851047852,1.3665203692600953,none,0.010790417555776487,0.0004558392749205442,0.15129697744040066,4.419324469577681,diagnostic only,ff49,vw
rolling120,1986-02,1996-01,20000,2.6097044959338636,2.607185073009615,1.5412682117019734,1.3752177476282308,none,0.010898412041217286,0.0006984457057941373,0.23117339615350466,4.419324469577681,diagnostic only,ff49,vw
rolling120,1986-03,1996-02,20000,2.4238752354150757,2.421336226985197,1.4576942804149946,1.3739556845023295,none,0.010307455105782874,0.0007421101760922699,0.2463273818630713,4.419324469577681,diagnostic only,ff49,vw
rolling120,1986-04,1996-03,20000,2.294286050589304,2.291725281248139,1.401535823410874,1.373339003604866,none,0.009910354848097006,0.0007779413901132237,0.2583933048226435,4.419324469577681,diagnostic only,ff49,vw
rolling120,1986-05,1996-04,20000,2.384664096743605,2.3836993446388766,1.4381217612140667,1.3710056180033945,none,0.010169056495264074,0.00028511756112648,0.0948713487015993,4.419324469577681,diagnostic only,ff49,vw
rolling120,1986-06,1996-05,20000,2.3420118888292403,2.341071664355508,1.4193225808788925,1.3708039665736427,none,0.01003612621630657,0.0002814140396218967,0.09368400251929544,4.419324469577681,diagnostic only,ff49,vw
rolling120,1986-07,1996-06,20000,2.283210134855047,2.2839095241339757,1.3932446639634555,1.3672712027400102,none,0.00985172749740532,-0.00021297458830360494,-0.07099153718095157,4.419324469577681,diagnostic only,ff49,vw
rolling120,1986-08,1996-07,20000,2.342395837385483,2.342461462419143,1.4137225852763986,1.3610798078790298,none,0.009996528267655186,-1.963374429236886e-05,-0.006564782482782598,4.419324469577681,diagnostic only,ff49,vw
rolling120,1986-09,1996-08,20000,2.2593313329693805,2.2604094283221006,1.3768384976118397,1.3564449453648049,none,0.0097357183826003,-0.0003306625675153496,-0.11073608647584253,4.419324469577681,diagnostic only,ff49,vw
rolling120,1986-10,1996-09,20000,2.67676272954798,2.6821742898036023,1.549687250244142,1.3476071078413818,none,0.01095794363365967,-0.0014696643422359434,-0.49384815587110964,4.419324469577681,diagnostic only,ff49,vw
rolling120,1986-11,1996-10,20000,2.506018808080058,2.511036941000426,1.4746624868295353,1.3449054483624445,none,0.010427438443985821,-0.0014292452642032938,-0.4812431113666341,4.419324469577681,diagnostic only,ff49,vw
rolling120,1986-12,1996-11,20000,2.6559262913689703,2.662914252798312,1.5393528674667771,1.3463801256497723,none,0.010884868512247148,-0.0019077600366983472,-0.6419885937509506,4.419324469577681,diagnostic only,ff49,vw
rolling120,1987-01,1996-12,20000,2.769561459174234,2.778725359007217,1.5910601008635732,1.3509377961668423,none,0.01125049386595985,-0.0024251298949629074,-0.8145331166936284,4.419324469577681,diagnostic only,ff49,vw
rolling120,1987-02,1997-01,20000,2.4633546170438794,2.471756043353194,1.45911476752892,1.3481078374680953,none,0.010317499466491322,-0.002419935676471141,-0.8142889986668153,4.419324469577681,diagnostic only,ff49,vw
rolling120,1987-03,1997-02,20000,2.2789439922745127,2.287348491964877,1.387010792620071,1.3571519744490375,none,0.009807647370405804,-0.002556619631568391,-0.8569333065261429,4.419324469577681,diagnostic only,ff49,vw
rolling120,1987-04,1997-03,20000,2.058457284152995,2.066884893199272,1.2892484323801485,1.3462131688220431,none,0.009116363091701291,-0.0027479378391294107,-0.9244485944124403,4.419324469577681,diagnostic only,ff49,vw
rolling120,1987-05,1997-04,20000,2.213022818627575,2.221783794056068,1.353550280640271,1.343839278931039,none,0.009571045821176901,-0.002719293406545753,-0.9153623953098424,4.419324469577681,diagnostic only,ff49,vw
rolling120,1987-06,1997-05,20000,2.406600074269677,2.4172724840894535,1.4326062940495468,1.339855699311721,none,0.010130056252929636,-0.003123078381799038,-1.0535390478892817,4.419324469577681,diagnostic only,ff49,vw
rolling120,1987-07,1997-06,20000,2.4237929599649495,2.4324865664417246,1.4370664583115296,1.3386189613442883,none,0.010161594376878176,-0.00253274304458162,-0.8555356722914103,4.419324469577681,diagnostic only,ff49,vw
rolling120,1987-08,1997-07,20000,2.464715884007983,2.4725403065209197,1.4576984875809118,1.3442740062520986,none,0.01030748485493837,-0.0022532272694556488,-0.759101043858259,4.419324469577681,diagnostic only,ff49,vw
rolling120,1987-09,1997-08,20000,2.253612007583807,2.2640914410271042,1.3701322413480155,1.343197187854678,none,0.00968829798979505,-0.0032105207934982616,-1.0816588687028057,4.419324469577681,diagnostic only,ff49,vw
rolling120,1987-10,1997-09,20000,2.4658689961883336,2.4759415336236916,1.461668362238484,1.3455978360970142,none,0.01033555610784667,-0.0028977867832136184,-0.9745520541184124,4.419324469577681,diagnostic only,ff49,vw
rolling120,1987-11,1997-10,20000,3.4559295601969033,3.466724329186504,1.8551144038374996,1.3152561770954594,none,0.013117639748303354,-0.0024167081274896196,-0.8229200676895276,4.419324469577681,diagnostic only,ff49,vw
rolling120,1987-12,1997-11,20000,3.8420178490798826,3.857299590096818,2.0143907666665832,1.3004036940622385,none,0.014243893710695094,-0.0031461392762539564,-1.0728626123811131,4.419324469577681,diagnostic only,ff49,vw
rolling120,1988-01,1997-12,20000,3.501823560909804,3.512612670758669,1.871119532067597,1.2988480276668224,none,0.013230813095355976,-0.0023908787737927373,-0.815453273438806,4.419324469577681,diagnostic only,ff49,vw
rolling120,1988-02,1998-01,20000,3.3628571275441486,3.373375509103621,1.8080353250221584,1.2967608107322477,none,0.012784740389479916,-0.0024050945402646073,-0.8227293819847488,4.419324469577681,diagnostic only,ff49,vw
rolling120,1988-03,1998-02,20000,3.3871796232094202,3.3974791621959888,1.8155981165652506,1.2932920544177118,none,0.012838217401328124,-0.002342146172086834,-0.8022561594496016,4.419324469577681,diagnostic only,ff49,vw
rolling120,1988-04,1998-03,20000,3.6006038611613227,3.610520005892454,1.9014225078344542,1.2901622591480935,none,0.013445087491904739,-0.0021507649285671393,-0.7375292081291109,4.419324469577681,diagnostic only,ff49,vw
rolling120,1988-05,1998-04,20000,3.6013743080298997,3.611833870890586,1.9084945193354277,1.2946427847520146,none,0.013495094164794413,-0.002267983442921895,-0.7750640886947707,4.419324469577681,diagnostic only,ff49,vw
rolling120,1988-06,1998-05,20000,3.484053348564144,3.4947779336331664,1.8702936763204787,1.3012511630855317,none,0.013224973413365282,-0.002386009993680327,-0.810934338679572,4.419324469577681,diagnostic only,ff49,vw
rolling120,1988-07,1998-06,20000,3.2675783134458745,3.2751865083805036,1.7874680697331178,1.3092309083014748,none,0.012639307932627162,-0.0017796170809660783,-0.6019471141287205,4.419324469577681,diagnostic only,ff49,vw
rolling120,1988-08,1998-07,20000,3.1532039039214936,3.1607119866486793,1.7545221446448276,1.3231207866814794,none,0.012406345062203221,-0.0018045187341201308,-0.6051808723311674,4.419324469577681,diagnostic only,ff49,vw
rolling120,1988-09,1998-08,20000,2.576564376830595,2.5831188064360715,1.532802204241915,1.3490111577954236,none,0.010838548328371455,-0.001829252659360181,-0.6047331623109817,4.419324469577681,diagnostic only,ff49,vw
rolling120,1988-10,1998-09,20000,2.621532477791199,2.631141382131051,1.6065889662438682,1.4785912689455858,none,0.011360299526105243,-0.002646249024380598,-0.8458319534420504,4.419324469577681,diagnostic only,ff49,vw
rolling120,1988-11,1998-10,20000,2.8932036065077207,2.90192947876382,1.7425782574792457,1.4970748967208471,none,0.012321889026118122,-0.002236296761279233,-0.7081602697121867,4.419324469577681,diagnostic only,ff49,vw
rolling120,1988-12,1998-11,20000,3.1865990252658727,3.1970834874101755,1.8828281465845953,1.5034466464474068,none,0.013313605502588663,-0.002498035165550805,-0.7874998355827948,4.419324469577681,diagnostic only,ff49,vw
rolling120,1989-01,1998-12,20000,3.195355877711907,3.2040097793799758,1.9110556931140907,1.5214182841147244,none,0.013513204398261312,-0.0020584875207747544,-0.6404033723623953,4.419324469577681,diagnostic only,ff49,vw
rolling120,1989-02,1999-01,20000,2.990419556788298,2.9965889616463706,1.8423130613863101,1.5425509031042313,none,0.01302712058774808,-0.001543667591858422,-0.47358161894002865,4.419324469577681,diagnostic only,ff49,vw
rolling120,1989-03,1999-02,20000,2.8757254016559797,2.8813405672604473,1.801307387957703,1.5511417469751771,none,0.01273716669026319,-0.0014467077823142604,-0.44084887487262625,4.419324469577681,diagnostic only,ff49,vw
rolling120,1989-04,1999-03,20000,2.88983808062052,2.897785154059367,1.8287207181046379,1.578995034472397,none,0.012931008206681222,-0.002038869030677626,-0.6145749280973,4.419324469577681,diagnostic only,ff49,vw
rolling120,1989-05,1999-04,20000,3.061325463232782,3.0709018790809974,1.9380208192763562,1.6044737011456411,none,0.013703876633910199,-0.0023524064525911603,-0.6988107164157211,4.419324469577681,diagnostic only,ff49,vw
rolling120,1989-06,1999-05,20000,2.8410282056867984,2.847588764304055,1.8402538960472168,1.6097086443201798,none,0.013012560089999509,-0.0017051091005676478,-0.5041712446960191,4.419324469577681,diagnostic only,ff49,vw
rolling120,1989-07,1999-06,20000,2.9970062020578396,3.001531608644635,1.9319543925078995,1.6171076191719322,none,0.013660980518854726,-0.0011309186155168405,-0.33126513726811496,4.419324469577681,diagnostic only,ff49,vw
rolling120,1989-08,1999-07,20000,2.578426420805121,2.581412354046763,1.7325630504691882,1.6175275173823538,none,0.012251070818200135,-0.000833730647706088,-0.24372834717485198,4.419324469577681,diagnostic only,ff49,vw
rolling120,1989-09,1999-08,20000,2.3937374872233215,2.3995804692105867,1.652742328070183,1.6271552362684383,none,0.01168665307732468,-0.001718736191181236,-0.4999705175301366,4.419324469577681,diagnostic only,ff49,vw
rolling120,1989-10,1999-09,20000,2.2758157225821334,2.2824028263291125,1.6095794969292319,1.6458039740921941,none,0.011381445771374916,-0.0020067932229834717,-0.5787580839286804,4.419324469577681,diagnostic only,ff49,vw
rolling120,1989-11,1999-10,20000,2.473922483602362,2.4843534086447154,1.7424047882006726,1.665836652736339,none,0.012320662413086056,-0.0029936472622077437,-0.8466204732039732,4.419324469577681,diagnostic only,ff49,vw
rolling120,1989-12,1999-11,20000,2.4667978886908983,2.479485129110945,1.7483695091541296,1.6747169911762696,none,0.012362839359426806,-0.003646298216336552,-1.0262400126045872,4.419324469577681,diagnostic only,ff49,vw
rolling120,1990-01,1999-12,20000,2.5821201959033298,2.600210559866665,1.8338821638257907,1.7016076084395402,none,0.012967505139382756,-0.0050248072057222926,-1.395053541054274,4.419324469577681,diagnostic only,ff49,vw
rolling120,1990-02,2000-01,20000,2.724805148257151,2.7426558324070083,1.943155950750717,1.7637917192998276,none,0.013740187496788249,-0.004769523287525224,-1.2991587017302295,4.419324469577681,diagnostic only,ff49,vw
rolling120,1990-03,2000-02,20000,2.5746497282525778,2.5938476621118864,1.9002760400793575,1.8081714756867218,none,0.013436980740664331,-0.00534188860081708,-1.4287386601076222,4.419324469577681,diagnostic only,ff49,vw
rolling120,1990-04,2000-03,20000,2.710905851220893,2.734359435377434,1.9914157421351406,1.8221629401400545,none,0.014081435754253989,-0.0062804838587186,-1.665567671212504,4.419324469577681,diagnostic only,ff49,vw
rolling120,1990-05,2000-04,20000,2.810876506591278,2.8363338746673836,2.063338990901064,1.837888041587913,none,0.014590009923527505,-0.006635858324065325,-1.7448492639510467,4.419324469577681,diagnostic only,ff49,vw
rolling120,1990-06,2000-05,20000,2.4425887033519462,2.4599588608072516,1.878925116064512,1.8602456503174079,none,0.013286006909109372,-0.005020336412685733,-1.30740241023025,4.419324469577681,diagnostic only,ff49,vw
rolling120,1990-07,2000-06,20000,2.4793743561887824,2.4961368007152323,1.9148057665121387,1.8795617247450604,none,0.013539721421558383,-0.004794561964228783,-1.2380198974965695,4.419324469577681,diagnostic only,ff49,vw
rolling120,1990-08,2000-07,20000,2.563387612195966,2.5805811152435525,1.9693651825291756,1.885778427208378,none,0.01392551475199063,-0.004801875029276315,-1.234676301292827,4.419324469577681,diagnostic only,ff49,vw
rolling120,1990-09,2000-08,20000,3.2412522280969824,3.258221788438692,2.3604248027967323,1.9019039837236738,none,0.016690723845384885,-0.003985128343427902,-1.0167060757165247,4.419324469577681,diagnostic only,ff49,vw
rolling120,1990-10,2000-09,20000,3.448398973544457,3.46501852922803,2.4949727984017507,1.91560628073612,none,0.01764212184625855,-0.0037221694769644653,-0.9420383686499401,4.419324469577681,diagnostic only,ff49,vw
rolling120,1990-11,2000-10,20000,3.6374324015138715,3.6438408668872304,2.609378866445861,1.928607643200206,none,0.018451094911487345,-0.0013799924581943124,-0.34732168492446075,4.419324469577681,diagnostic only,ff49,vw
rolling120,1990-12,2000-11,20000,3.16320699257097,3.1677984915785897,2.375654316976037,1.9525526122163792,none,0.016798412772888516,-0.0011016605089946285,-0.27332933591381,4.419324469577681,diagnostic only,ff49,vw
rolling120,1991-01,2000-12,20000,3.2316369825044267,3.2401842422549096,2.450237548586711,1.9890365944336954,none,0.01732579586123566,-0.00201577555647392,-0.49332566416798357,4.419324469577681,diagnostic only,ff49,vw
rolling120,1991-02,2001-01,20000,3.068648748275293,3.0810714754482174,2.373212726759401,2.006509557599383,none,0.016781148122897896,-0.0030439866705740393,-0.7402787390913765,4.419324469577681,diagnostic only,ff49,vw
rolling120,1991-03,2001-02,20000,2.619870160239202,2.6297470611376212,2.150071000409405,2.032897490356953,none,0.015203297844220344,-0.002721098944928557,-0.6496551603225992,4.419324469577681,diagnostic only,ff49,vw
rolling120,1991-04,2001-03,20000,2.337457493215488,2.345988754193976,1.9914508067070127,2.0456281251597006,none,0.014081683698219492,-0.0025496980430057548,-0.6058409747952569,4.419324469577681,diagnostic only,ff49,vw
rolling120,1991-05,2001-04,20000,2.5686887163742402,2.5755786027518752,2.137929996157963,2.0575267229245635,none,0.01511744797985425,-0.0019269290772498948,-0.4557572406941014,4.419324469577681,diagnostic only,ff49,vw
rolling120,1991-06,2001-05,20000,2.488461997795817,2.493611781660724,2.090854029219619,2.059276702798999,none,0.014784570625324083,-0.0014740572756081205,-0.3483215032356862,4.419324469577681,diagnostic only,ff49,vw
rolling120,1991-07,2001-06,20000,2.58682660881081,2.5901303386929295,2.154825956485777,2.064992552553477,none,0.015236920461078813,-0.0009202256103387763,-0.21682398950355572,4.419324469577681,diagnostic only,ff49,vw
rolling120,1991-08,2001-07,20000,2.4098577225154227,2.414447986012663,2.055719338755179,2.0714998937918208,none,0.014536130846501124,-0.001344364745353932,-0.31578303371871674,4.419324469577681,diagnostic only,ff49,vw
rolling120,1991-09,2001-08,20000,2.246340771376552,2.250517471399034,1.963737826634433,2.079269447365515,none,0.013885723336857404,-0.0012849338787538356,-0.3007909578174847,4.419324469577681,diagnostic only,ff49,vw
rolling120,1991-10,2001-09,20000,1.9652500308939997,1.9667844321099408,1.8205595747200967,2.1185073662315945,none,0.012873300208386774,-0.0005171933623940861,-0.11919252958471524,4.419324469577681,diagnostic only,ff49,vw
rolling120,1991-11,2001-10,20000,2.0358695894085894,2.0360336635056835,1.8765259509518415,2.1403709211234894,none,0.013269042249905818,-5.404225225380532e-05,-0.01236518009393132,4.419324469577681,diagnostic only,ff49,vw
rolling120,1991-12,2001-11,20000,2.372994348718377,2.371440360694958,2.0969258597461637,2.1536646131714874,none,0.014827504950719436,0.00046092703923683587,0.10480441777519657,4.419324469577681,diagnostic only,ff49,vw
rolling120,1992-01,2001-12,20000,2.143035788932632,2.1405668830580264,1.9526624541045783,2.1532659521009467,none,0.01380740862665713,0.0007861338307819654,0.17881022727457327,4.419324469577681,diagnostic only,ff49,vw
rolling120,1992-02,2002-01,20000,2.110458115585153,2.1088670335899096,1.9326378679355019,2.1533243166932077,none,0.013665813419951045,0.0005117883711500681,0.11642790270504672,4.419324469577681,diagnostic only,ff49,vw
rolling120,1992-03,2002-02,20000,2.0743692854930416,2.0763553484621484,1.9189874576725872,2.1581659623263154,none,0.013569290443322191,-0.000645589583823547,-0.14636454112339053,4.419324469577681,diagnostic only,ff49,vw
rolling120,1992-04,2002-03,20000,2.338000467540475,2.3419519582268675,2.0862559121822515,2.160695786507387,none,0.014752057027945964,-0.001182390033065972,-0.2678603179818958,4.419324469577681,diagnostic only,ff49,vw
rolling120,1992-05,2002-04,20000,2.270608299270199,2.2749127819349244,2.050330262676608,2.1655896335577047,none,0.014498024324106245,-0.0013143808557192216,-0.2969013272772765,4.419324469577681,diagnostic only,ff49,vw
rolling120,1992-06,2002-05,20000,2.2524485787645063,2.256992967890564,2.0419102012092707,2.168914408238412,none,0.01443848549849063,-0.0013952713963030217,-0.3147413990568999,4.419324469577681,diagnostic only,ff49,vw
rolling120,1992-07,2002-06,20000,2.1706348443473416,2.1744519020251905,1.997760766901051,2.175756380145208,none,0.014126301854641709,-0.0012024304653706075,-0.27020926758652464,4.419324469577681,diagnostic only,ff49,vw
rolling120,1992-08,2002-07,20000,1.7524251985029473,1.756562677862897,1.7487485103358722,2.193275129857975,none,0.012365519302483684,-0.0015009560251166842,-0.3345981077494057,4.419324469577681,diagnostic only,ff49,vw
rolling120,1992-09,2002-08,20000,1.8501705744447343,1.8555738474491212,1.816396921292887,2.2011337026018785,none,0.01284386580372568,-0.00189218465115637,-0.4206889955841464,4.419324469577681,diagnostic only,ff49,vw
rolling120,1992-10,2002-09,20000,1.5565152812530225,1.558403561466796,1.633373787210067,2.2102112984155067,none,0.011549696811485913,-0.000738069725282342,-0.1634917560689174,4.419324469577681,diagnostic only,ff49,vw
rolling120,1992-11,2002-10,20000,1.6151223300705875,1.6173901899404326,1.6834421253175424,2.229564289153884,none,0.01190373342547128,-0.0008664584587202429,-0.19051668823433326,4.419324469577681,diagnostic only,ff49,vw
rolling120,1992-12,2002-11,20000,1.6516833978480054,1.652253293745369,1.7151046203195686,2.2449615188714636,none,0.012127621074723458,-0.00021487234975159364,-0.0469915652750095,4.419324469577681,diagnostic only,ff49,vw
rolling120,1993-01,2002-12,20000,1.5147141202076813,1.5179627263735367,1.6394930663669862,2.2672679762386116,none,0.011592966649364224,-0.0012901724603898712,-0.28022216091112334,4.419324469577681,diagnostic only,ff49,vw
rolling120,1993-02,2003-01,20000,1.3932715991664002,1.3953419838791872,1.5602654198836474,2.2677607746493536,none,0.011032742588506029,-0.0008643378384884937,-0.187658208843186,4.419324469577681,diagnostic only,ff49,vw
rolling120,1993-03,2003-02,20000,1.3485870890690559,1.3501632325205368,1.5300022389215142,2.2682205710854544,none,0.01081874958372003,-0.0006706527570812248,-0.14568628650511575,4.419324469577681,diagnostic only,ff49,vw
rolling120,1993-04,2003-03,20000,1.2880136375035902,1.287968055746735,1.4922461603312207,2.2706450022563596,none,0.010551773791697942,1.992237467685065e-05,0.00431981937397765,4.419324469577681,diagnostic only,ff49,vw
rolling120,1993-05,2003-04,20000,1.5369564555108914,1.5373787725316026,1.6537117628329414,2.2686217818573686,none,0.011693508016271325,-0.00016643830447515828,-0.03611551128399734,4.419324469577681,diagnostic only,ff49,vw
rolling120,1993-06,2003-05,20000,1.625496275017355,1.6280366895993308,1.7197202275514099,2.2822718944107696,none,0.012160258346452745,-0.0009666587198078336,-0.20891123441607706,4.419324469577681,diagnostic only,ff49,vw
rolling120,1993-07,2003-06,20000,1.6769063090581193,1.6794633688435807,1.7523239530490877,2.281192176193091,none,0.012390801500366273,-0.0009543178739424008,-0.2063675852918638,4.419324469577681,diagnostic only,ff49,vw
rolling120,1993-08,2003-07,20000,1.75786367424774,1.7615962144604063,1.810481531499111,2.2870767155581597,none,0.012802037681360273,-0.0013515879668150044,-0.2915582898260635,4.419324469577681,diagnostic only,ff49,vw
rolling120,1993-09,2003-08,20000,1.7531961935904516,1.7546090276534398,1.8050492745952438,2.28632906519926,none,0.012763625824421553,-0.0005128982185147457,-0.1106922188430911,4.419324469577681,diagnostic only,ff49,vw
rolling120,1993-10,2003-09,20000,1.7134874841435077,1.7146828333859334,1.7783909015424726,2.285506990371849,none,0.012575122660811401,-0.00044032740315924634,-0.09505666661613094,4.419324469577681,diagnostic only,ff49,vw
rolling120,1993-11,2003-10,20000,1.8395675320393774,1.8415894411229634,1.8604361347954912,2.2845841360590238,none,0.013155270068783816,-0.0007115415951105541,-0.15369574877704792,4.419324469577681,diagnostic only,ff49,vw
rolling120,1993-12,2003-11,20000,1.9365351514852926,1.9384103985359804,1.9235305632457989,2.2842898407393304,none,0.013601415050906835,-0.0006381841868045024,-0.13787146731933084,4.419324469577681,diagnostic only,ff49,vw
rolling120,1994-01,2003-12,20000,1.9958564879126188,1.9995655749300605,1.9672289929339866,2.2907768441948035,none,0.013910409610504047,-0.0012365414006754172,-0.26664110700527816,4.419324469577681,diagnostic only,ff49,vw
rolling120,1994-02,2004-01,20000,1.9259870277034485,1.9313840688949058,1.92430995407752,2.292982704242263,none,0.013606926176329881,-0.0018411238734377111,-0.39663926455673204,4.419324469577681,diagnostic only,ff49,vw
rolling120,1994-03,2004-02,20000,2.0256716050457633,2.034650180128864,1.9930516314662028,2.2943683713246874,none,0.014093003238646637,-0.0029586853673919666,-0.6370945164107439,4.419324469577681,diagnostic only,ff49,vw
rolling120,1994-04,2004-03,20000,2.1745964726098266,2.1820831840104047,2.090229183193981,2.294737735832769,none,0.014780152296704823,-0.0023527704863901544,-0.5065381770286114,4.419324469577681,diagnostic only,ff49,vw
rolling120,1994-05,2004-04,20000,2.121700879402916,2.129416068005615,2.060863915122121,2.2997574278331503,none,0.014572508494855092,-0.0024653764264768174,-0.5294344899797329,4.419324469577681,diagnostic only,ff49,vw
rolling120,1994-06,2004-05,20000,2.1371827389568256,2.1443129434735395,2.0710236224768885,2.2998718249559573,none,0.014644348474509362,-0.0022676510401147265,-0.4868912078352297,4.419324469577681,diagnostic only,ff49,vw
rolling120,1994-07,2004-06,20000,2.336974273572581,2.343872620450158,2.204514206828798,2.3024156807246103,none,0.015588269448707262,-0.002062981357420335,-0.4425344904561575,4.419324469577681,diagnostic only,ff49,vw
rolling120,1994-08,2004-07,20000,2.122143917641606,2.126140198239248,2.066176822475273,2.3084972024359334,none,0.014610076423027387,-0.0012783433704901537,-0.2735290687010534,4.419324469577681,diagnostic only,ff49,vw
rolling120,1994-09,2004-08,20000,1.9865241994248575,1.9912788306957396,1.976375766579984,2.307918857562396,none,0.013975087067214677,-0.0015894978502477564,-0.3402219426622712,4.419324469577681,diagnostic only,ff49,vw
rolling120,1994-10,2004-09,20000,2.1097889904977842,2.114070920072634,2.05824488078481,2.3086064909497863,none,0.014553989125454364,-0.0013750263512783967,-0.2942100298371676,4.419324469577681,diagnostic only,ff49,vw
rolling120,1994-11,2004-10,20000,2.1305936536425527,2.1357556395990187,2.071743230940779,2.307382450518762,none,0.014649436874755523,-0.0016461697114658058,-0.3523675347112715,4.419324469577681,diagnostic only,ff49,vw
rolling120,1994-12,2004-11,20000,2.4796787892940055,2.485536222302926,2.306309392163418,2.3128852925171457,none,0.016308070107129775,-0.0016804969552289828,-0.35917389184877674,4.419324469577681,diagnostic only,ff49,vw
rolling120,1995-01,2004-12,20000,2.5283609503272944,2.5348674499036297,2.3411909314469033,2.3153116538045824,none,0.016554719836785546,-0.0018406629579598155,-0.393029881537318,4.419324469577681,diagnostic only,ff49,vw
rolling120,1995-02,2005-01,20000,2.417923367116631,2.4238706755311,2.26636859433748,2.314039754701893,none,0.01602564601724256,-0.0017370131579360626,-0.3711119294704301,4.419324469577681,diagnostic only,ff49,vw
rolling120,1995-03,2005-02,20000,2.3848888798230017,2.394910393752225,2.250737404736584,2.320068289442094,none,0.015915116815594495,-0.002951922957279307,-0.6296852260238274,4.419324469577681,diagnostic only,ff49,vw
rolling120,1995-04,2005-03,20000,2.2152316183303835,2.223970500531363,2.1370687628158587,2.3189992669721398,none,0.015111358140490392,-0.0027105962041337195,-0.5782989271866944,4.419324469577681,diagnostic only,ff49,vw
rolling120,1995-05,2005-04,20000,2.0456606913446036,2.0532574818575298,2.0248437754049577,2.320246805468049,none,0.014317807644322162,-0.002488093637063482,-0.530583361757813,4.419324469577681,diagnostic only,ff49,vw
rolling120,1995-06,2005-05,20000,2.095884936286309,2.102914418247496,2.058442569984239,2.3214299698677534,none,0.014555386999189197,-0.002265445002236799,-0.4829471014119177,4.419324469577681,diagnostic only,ff49,vw
rolling120,1995-07,2005-06,20000,2.029893021287672,2.0377004904857006,2.015840406333943,2.3223606737505507,none,0.014254144211085763,-0.0025701905841217787,-0.5477332825043616,4.419324469577681,diagnostic only,ff49,vw
rolling120,1995-08,2005-07,20000,2.049162626612489,2.0558826184273733,2.0300618355504825,2.3259329667429305,none,0.014354704901457559,-0.0021990346665680116,-0.4681386250024564,4.419324469577681,diagnostic only,ff49,vw
rolling120,1995-09,2005-08,20000,1.9944109185703416,2.0024805485351203,1.995524904144108,2.3274140475263696,none,0.01411049191746934,-0.002687654369223358,-0.5718886352068386,4.419324469577681,diagnostic only,ff49,vw
rolling120,1995-10,2005-09,20000,1.9480453027431617,1.956535851719682,1.967120625840392,2.332198590907676,none,0.013909643339436664,-0.0028717896221626127,-0.6104073820820352,4.419324469577681,diagnostic only,ff49,vw
rolling120,1995-11,2005-10,20000,1.9308616331128607,1.940743089877786,1.9555037760830765,2.3306662908657847,none,0.013827499807042433,-0.0033601904222567702,-0.714623533018786,4.419324469577681,diagnostic only,ff49,vw
rolling120,1995-12,2005-11,20000,1.9070579297881025,1.9173595058824633,1.9399741696463586,2.3308050745615327,none,0.013717688906836818,-0.0035311301447726873,-0.7509702373572948,4.419324469577681,diagnostic only,ff49,vw
rolling120,1996-01,2005-12,20000,1.8782225300686244,1.8879522950148733,1.9195190918797267,2.330089440387254,none,0.013573049664851983,-0.0033690878353648257,-0.716844422329386,4.419324469577681,diagnostic only,ff49,vw
rolling120,1996-02,2006-01,20000,1.9294240449336164,1.9405823774276585,1.9560350605999575,2.33098524699793,none,0.013831256555888693,-0.003794599525486886,-0.8067475611455844,4.419324469577681,diagnostic only,ff49,vw
rolling120,1996-03,2006-02,20000,1.8682681154911391,1.8822295266746907,1.9186710055762162,2.3322200555232393,none,0.013567052789089545,-0.00484396230568751,-1.0290673590346118,4.419324469577681,diagnostic only,ff49,vw
rolling120,1996-04,2006-03,20000,1.8923008577410656,1.907132191037459,1.9338541717758364,2.3305715104286304,none,0.013674413986885884,-0.005101705846785376,-1.0846046719528195,4.419324469577681,diagnostic only,ff49,vw
rolling120,1996-05,2006-04,20000,1.8679238621448553,1.8814030549904484,1.9189085577541634,2.3347744487524986,none,0.013568732536648666,-0.004677996305392895,-0.9934010276336603,4.419324469577681,diagnostic only,ff49,vw
rolling120,1996-06,2006-05,20000,1.6936928650506096,1.7051918565284439,1.803069759238555,2.3367428567919815,none,0.012749628537099777,-0.004250711996668155,-0.9019079610338216,4.419324469577681,diagnostic only,ff49,vw
rolling120,1996-07,2006-06,20000,1.7123411173942382,1.724893761652678,1.8133599033911203,2.333002068769232,none,0.012822390844196438,-0.004606654554791367,-0.9789628479560267,4.419324469577681,diagnostic only,ff49,vw
rolling120,1996-08,2006-07,20000,1.8269833299263396,1.8408342777444986,1.894640314710788,2.3392179146443457,none,0.013397130144414127,-0.0048756620288163965,-1.033874245368444,4.419324469577681,diagnostic only,ff49,vw
rolling120,1996-09,2006-08,20000,1.7878661969332958,1.8037470385391212,1.8710334440295617,2.3413804337412327,none,0.013230204361001236,-0.005664149221571768,-1.2003474150888729,4.419324469577681,diagnostic only,ff49,vw
rolling120,1996-10,2006-09,20000,1.6929356709110044,1.7090010043432988,1.809839263765936,2.343079807635779,none,0.012797496162665619,-0.005930353442666569,-1.2553497362368542,4.419324469577681,diagnostic only,ff49,vw
rolling120,1996-11,2006-10,20000,1.805875724323131,1.8236186340448133,1.8880961503084508,2.3454767911191996,none,0.013350855914153205,-0.006283748629419494,-1.3289717030705983,4.419324469577681,diagnostic only,ff49,vw
rolling120,1996-12,2006-11,20000,1.7344924544256173,1.7515531223848142,1.8390256300209271,2.3440269353831518,none,0.013003874937636604,-0.0062003774596980366,-1.3119680126897328,4.419324469577681,diagnostic only,ff49,vw
rolling120,1997-01,2006-12,20000,1.7600142285164089,1.775511696552058,1.8533977273065858,2.3405546664950223,none,0.013105501012142223,-0.005583643569184504,-1.182516259492166,4.419324469577681,diagnostic only,ff49,vw
rolling120,1997-02,2007-01,20000,1.7163457007341452,1.7330285727053116,1.8236274357769324,2.3382141788087827,none,0.01289499326195704,-0.006104170347056792,-1.2937480177197511,4.419324469577681,diagnostic only,ff49,vw
rolling120,1997-03,2007-02,20000,1.688064709909942,1.7041467695901193,1.7986847527079826,2.3277883533988906,none,0.012718621858566627,-0.0059471844727624346,-1.2644498640664692,4.419324469577681,diagnostic only,ff49,vw
rolling120,1997-04,2007-03,20000,1.838929153776829,1.8558260329408038,1.8971108822551317,2.3243747605068266,none,0.013414599695053975,-0.005916634616071281,-1.2595887725374848,4.419324469577681,diagnostic only,ff49,vw
rolling120,1997-05,2007-04,20000,1.870508860741937,1.8872254835355111,1.9146148281096682,2.3201466581416104,none,0.013538371283166624,-0.005789857040574553,-1.2347587788761103,4.419324469577681,diagnostic only,ff49,vw
rolling120,1997-06,2007-05,20000,1.7996786712524255,1.8160075341412707,1.8680323272747463,2.321374354381237,none,0.013208983260916612,-0.005798586364160752,-1.2361937755769443,4.419324469577681,diagnostic only,ff49,vw
rolling120,1997-07,2007-06,20000,1.651423750177899,1.6671547793648482,1.7702242902814003,2.3230058060344825,none,0.012517375998791214,-0.005898056351531178,-1.2567353723710437,4.419324469577681,diagnostic only,ff49,vw
rolling120,1997-08,2007-07,20000,1.4125242669686369,1.4261158528656006,1.6076099550694474,2.316681911552844,none,0.011367519007326072,-0.00560219986234789,-1.1956510376806335,4.419324469577681,diagnostic only,ff49,vw
rolling120,1997-09,2007-08,20000,1.4868809518345265,1.4997243352506167,1.6547910137702884,2.314034065603628,none,0.011701139472835324,-0.0051379199037970835,-1.0976181803410334,4.419324469577681,diagnostic only,ff49,vw
rolling120,1997-10,2007-09,20000,1.463621043086452,1.475706310691971,1.6401136275730994,2.3169808941630716,none,0.011597354679734063,-0.0048815433209203896,-1.0420710532064286,4.419324469577681,diagnostic only,ff49,vw
rolling120,1997-11,2007-10,20000,1.6739900266537966,1.6876519175882243,1.779595797894091,2.317905934913045,none,0.012583642564619964,-0.005083206960329711,-1.0856865064523795,4.419324469577681,diagnostic only,ff49,vw
rolling120,1997-12,2007-11,20000,1.5037206263242842,1.5155089006568883,1.6651928009940504,2.3188042320589193,none,0.011774691215659142,-0.004686238370901985,-1.001153585830505,4.419324469577681,diagnostic only,ff49,vw
rolling120,1998-01,2007-12,20000,1.4525989604002665,1.4647677468018503,1.6312082359510867,2.3191360283597366,none,0.011534384051683591,-0.004937092518097597,-1.055000973355627,4.419324469577681,diagnostic only,ff49,vw
rolling120,1998-02,2008-01,20000,1.3351908278986415,1.3491544440767407,1.5568539764241809,2.323380478907795,none,0.011008620040467796,-0.005944103084966401,-1.2684256634136493,4.419324469577681,diagnostic only,ff49,vw
rolling120,1998-03,2008-02,20000,1.1345930590847457,1.1480584513983803,1.4291796258980203,2.3356820133394987,none,0.010105826050061432,-0.006268634033151477,-1.3324385603839553,4.419324469577681,diagnostic only,ff49,vw
rolling120,1998-04,2008-03,20000,1.019087204313481,1.031666369359236,1.3515436736628752,2.3350693726597274,none,0.009556856967167973,-0.006191550559417003,-1.3162449839910704,4.419324469577681,diagnostic only,ff49,vw
rolling120,1998-05,2008-04,20000,1.0911297475967212,1.104595330173812,1.403230643125822,2.341764036818128,none,0.009922339033230289,-0.006398181343479026,-1.3570976089402011,4.419324469577681,diagnostic only,ff49,vw
rolling120,1998-06,2008-05,20000,1.219118672324432,1.2323685499972101,1.4890278885109747,2.34485762865593,none,0.010529017173419966,-0.005935345072297649,-1.2584154299061077,4.419324469577681,diagnostic only,ff49,vw
rolling120,1998-07,2008-06,20000,1.0124297615259579,1.0264145919971415,1.3608250938946225,2.3698622998146295,none,0.009622486519017077,-0.006901268144442585,-1.4533489284235575,4.419324469577681,diagnostic only,ff49,vw
rolling120,1998-08,2008-07,20000,1.0941112669145328,1.1079597387452975,1.4184694183636302,2.371494968230028,none,0.010030093446306607,-0.006569609265406284,-1.3806922044045564,4.419324469577681,diagnostic only,ff49,vw
rolling120,1998-09,2008-08,20000,1.5600749011494355,1.5762377664231972,1.7244569267552887,2.3543347518610496,none,0.012193751867727781,-0.006273825143166878,-1.3255038686278924,4.419324469577681,diagnostic only,ff49,vw
rolling120,1998-10,2008-09,20000,1.1680119698271267,1.1768735330591835,1.4501411979810492,2.2910740277195214,none,0.010254046747703836,-0.004070775402190363,-0.8642015635476918,4.419324469577681,diagnostic only,ff49,vw
rolling120,1998-11,2008-10,20000,0.5740231527544116,0.5812730110518256,1.0628274130139133,2.308962984676097,none,0.007515324709730935,-0.004584823902478052,-0.9646766543602268,4.419324469577681,diagnostic only,ff49,vw
rolling120,1998-12,2008-11,20000,0.36020562328164013,0.36521082628510637,0.9288580516437738,2.3489187932459736,none,0.006568018270770368,-0.0036662491295105237,-0.7620568026950961,4.419324469577681,diagnostic only,ff49,vw
rolling120,1999-01,2008-12,20000,0.37121331020038134,0.3759818215680495,0.935054171218666,2.3467235272324247,none,0.006611831452454858,-0.003465533695956813,-0.7212088514291579,4.419324469577681,diagnostic only,ff49,vw
rolling120,1999-02,2009-01,20000,0.2471977788329348,0.2510914820589009,0.8496817850629504,2.342580801230834,none,0.006008157520687027,-0.003112245013097037,-0.6480694310293089,4.419324469577681,diagnostic only,ff49,vw
rolling120,1999-03,2009-02,20000,0.1458174462102982,0.14942461430392642,0.7837740081475449,2.3535129224616123,none,0.005542119160788893,-0.003138238079069433,-0.6508644056499766,4.419324469577681,diagnostic only,ff49,vw
rolling120,1999-04,2009-03,20000,0.2158581248211624,0.21839803646203368,0.8280063736132713,2.3386155107172155,none,0.005854889216476262,-0.0020846320864458256,-0.4338103671925517,4.419324469577681,diagnostic only,ff49,vw
rolling120,1999-05,2009-04,20000,0.3074100267569166,0.30687336290356554,0.9020793406483529,2.3995880057718195,none,0.0063786641894073995,0.0004106471740756845,0.08413420700877298,4.419324469577681,diagnostic only,ff49,vw
rolling120,1999-06,2009-05,20000,0.3992706498722513,0.3990350586111813,0.9680981807970089,2.412950524797171,none,0.006845487884959253,0.0001683955377815849,0.03441555445414111,4.419324469577681,diagnostic only,ff49,vw
rolling120,1999-07,2009-06,20000,0.3504191121003201,0.35029811346019896,0.9313650730017612,2.406847753705705,none,0.006585745588798492,8.960883446040846e-05,0.018372808133822346,4.419324469577681,diagnostic only,ff49,vw
rolling120,1999-08,2009-07,20000,0.5431653568865368,0.5437226697754745,1.0667335032774472,2.4160417342299687,none,0.007542944938863651,-0.00036101878909289287,-0.0738853184604629,4.419324469577681,diagnostic only,ff49,vw
rolling120,1999-09,2009-08,20000,0.6511101843075873,0.6495311843350415,1.1367110686290252,2.4073731495047657,none,0.008037761048773906,0.0009572416620799995,0.19644773749358962,4.419324469577681,diagnostic only,ff49,vw
rolling120,1999-10,2009-09,20000,0.8048184144997401,0.8033420924906365,1.2375212432220715,2.3921226145628145,none,0.008750596629447336,0.0008186588752356894,0.16871101155954862,4.419324469577681,diagnostic only,ff49,vw
rolling120,1999-11,2009-10,20000,0.709337575585851,0.7058707076044028,1.1569743942887143,2.3658232919734656,none,0.008181044398607482,0.0020323157939190484,0.4237683861046194,4.419324469577681,diagnostic only,ff49,vw
rolling120,1999-12,2009-11,20000,0.7983243683499023,0.7942320584373206,1.2134870951121102,2.358430323882725,none,0.00858064953836138,0.0022808141752554967,0.47692309239367775,4.419324469577681,diagnostic only,ff49,vw
rolling120,2000-01,2009-12,20000,0.7829242957140145,0.7777629567345605,1.1936287904719496,2.3359246126120277,none,0.008440230119622123,0.0029032773800925504,0.6115163812245679,4.419324469577681,diagnostic only,ff49,vw
rolling120,2000-02,2010-01,20000,0.7715634332369161,0.7685230635712221,1.1723450952964753,2.2799610127479117,none,0.008289731667749269,0.0017191574870132342,0.3667633389778312,4.419324469577681,diagnostic only,ff49,vw
rolling120,2000-03,2010-02,20000,0.9010539919874303,0.8979846452145397,1.2435515005133038,2.2400061164626464,none,0.008793236987676634,0.0016171610137254433,0.34905766524798304,4.419324469577681,diagnostic only,ff49,vw
rolling120,2000-04,2010-03,20000,0.8884429294680011,0.8846507340808891,1.2264716004242848,2.22320856426135,none,0.008672463855927294,0.0020121475658785304,0.43726851447413445,4.419324469577681,diagnostic only,ff49,vw
rolling120,2000-05,2010-04,20000,0.9523897931420641,0.9471980039296004,1.262573273922599,2.2149945029455815,none,0.0089277412373557,0.00266628725069884,0.5815344636939109,4.419324469577681,diagnostic only,ff49,vw
rolling120,2000-06,2010-05,20000,0.8248603188246086,0.8244294531944005,1.1738260785349912,2.191020511462461,none,0.008300203800657052,0.00023616458803266127,0.05191024709224642,4.419324469577681,diagnostic only,ff49,vw
rolling120,2000-07,2010-06,20000,0.698299068638114,0.6977836574092988,1.088324447723397,2.18044835889696,none,0.007695615971163183,0.0003035788609260237,0.06697465553719034,4.419324469577681,diagnostic only,ff49,vw
rolling120,2000-08,2010-07,20000,0.8147056864805736,0.8130277253380569,1.1577240994399252,2.1709653491732093,none,0.008186345614570599,0.0009255021967211619,0.2049707185010831,4.419324469577681,diagnostic only,ff49,vw
rolling120,2000-09,2010-08,20000,0.6162030339094602,0.6172125063657312,1.0282526538225398,2.1593145062931773,none,0.007270844242909814,-0.0006242052001809162,-0.13883841030639907,4.419324469577681,diagnostic only,ff49,vw
rolling120,2000-10,2010-09,20000,0.8302272083429374,0.831838952205489,1.1555261754146726,2.1399136220739057,none,0.00817080394474271,-0.0008798501967713923,-0.1972564601294367,4.419324469577681,diagnostic only,ff49,vw
rolling120,2000-11,2010-10,20000,0.8985142895948487,0.9019360819571347,1.1902975586273183,2.120418236533638,none,0.008416674753351689,-0.0017991100724925602,-0.40654919698820335,4.419324469577681,diagnostic only,ff49,vw
rolling120,2000-12,2010-11,20000,1.0039398859648525,1.0057108349428168,1.2385616523460319,2.0929312602454084,none,0.008757953432914942,-0.000882953288735,-0.20221036701434345,4.419324469577681,diagnostic only,ff49,vw
rolling120,2001-01,2010-12,20000,1.0323169233060654,1.0316463007476027,1.2408533438955405,2.059360065318004,none,0.008774158139265397,0.00033008824332059206,0.07643155591892227,4.419324469577681,diagnostic only,ff49,vw
rolling120,2001-02,2011-01,20000,1.0101698194060131,1.0079930935590649,1.2157868100713878,2.0362570034585117,none,0.008596910978786393,0.0010840305446917498,0.25319860265152627,4.419324469577681,diagnostic only,ff49,vw
rolling120,2001-03,2011-02,20000,1.1626204540670433,1.1605273216780279,1.2831733043726026,2.004039960298078,none,0.00907340544959417,0.000968806257626742,0.23068873100000714,4.419324469577681,diagnostic only,ff49,vw
rolling120,2001-04,2011-03,20000,1.3156608243957242,1.3141509944775733,1.3666498436143737,1.989884869812482,none,0.009663673719272584,0.0006524336232831551,0.15623767544425135,4.419324469577681,diagnostic only,ff49,vw
rolling120,2001-05,2011-04,20000,1.2179544092527486,1.2166746906968822,1.3031044330274446,1.9777768244195246,none,0.009214339811879572,0.0005773145519445411,0.13888336896545955,4.419324469577681,diagnostic only,ff49,vw
rolling120,2001-06,2011-05,20000,1.1476886202000995,1.14620787139014,1.259196938134166,1.973990154798176,none,0.008903866938040064,0.0006899372748085941,0.16630401378004706,4.419324469577681,diagnostic only,ff49,vw
rolling120,2001-07,2011-06,20000,1.148752129644517,1.1491824414424312,1.2556789565924888,1.9646581226326778,none,0.008878991051997973,-0.00020022115834217313,-0.04846404229875611,4.419324469577681,diagnostic only,ff49,vw
rolling120,2001-08,2011-07,20000,1.1034923855775431,1.1048008478801723,1.226346972954605,1.959648485356272,none,0.008671582606637968,-0.0006216561077247995,-0.15089083065731804,4.419324469577681,diagnostic only,ff49,vw
rolling120,2001-09,2011-08,20000,1.0301192395737793,1.0332965704252808,1.1838392829162951,1.9591086718858801,none,0.00837100784785132,-0.0015626499831437046,-0.3795637167294109,4.419324469577681,diagnostic only,ff49,vw
rolling120,2001-10,2011-09,20000,1.0135380078496437,1.0201653940361317,1.1662074363991506,1.932131936522951,none,0.008246331865480187,-0.0032806156397160446,-0.8036768704678059,4.419324469577681,diagnostic only,ff49,vw
rolling120,2001-11,2011-10,20000,1.204471072155034,1.2149706468691264,1.274005539725109,1.9196179772545183,none,0.00900857956408852,-0.004740277135922177,-1.165508351166424,4.419324469577681,diagnostic only,ff49,vw
rolling120,2001-12,2011-11,20000,1.079128950216234,1.0880650653531627,1.1923246215198409,1.9056931091185736,none,0.008431008252523632,-0.004279615269276782,-1.0599106143982113,4.419324469577681,diagnostic only,ff49,vw
rolling120,2002-01,2011-12,20000,0.9967948357804651,1.0058922219912154,1.1454468623406966,1.9048751770665957,none,0.008099532438499604,-0.004535331515329033,-1.1231989352258875,4.419324469577681,diagnostic only,ff49,vw
rolling120,2002-02,2012-01,20000,1.1079206861466302,1.1180830247271292,1.2080966722620545,1.9020703178898921,none,0.008542533492854007,-0.004797894351572074,-1.1896164749017333,4.419324469577681,diagnostic only,ff49,vw
rolling120,2002-03,2012-02,20000,1.1598511697282576,1.168587965832255,1.2316882668220903,1.8962155440038428,none,0.008709351257778058,-0.0040287948848062305,-1.0031511929427466,4.419324469577681,diagnostic only,ff49,vw
rolling120,2002-04,2012-03,20000,1.0845507843690543,1.0919942547622208,1.1882034220188653,1.8946673599038,none,0.008401866971386007,-0.0035580740129769195,-0.8859305221704314,4.419324469577681,diagnostic only,ff49,vw
rolling120,2002-05,2012-04,20000,1.0915451148470836,1.0980324044007252,1.1836888713206322,1.881476041208537,none,0.008369944277258696,-0.003092082629436055,-0.7750696227772668,4.419324469577681,diagnostic only,ff49,vw
rolling120,2002-06,2012-05,20000,0.9537495669745273,0.9616979513681916,1.1082610946978106,1.882913082323174,none,0.007836589353860484,-0.00405178808904838,-1.014265777464624,4.419324469577681,diagnostic only,ff49,vw
rolling120,2002-07,2012-06,20000,1.1317878898921019,1.1397869019007532,1.2026349573433797,1.8739360213008294,none,0.00850391333629498,-0.003738228326169213,-0.9406271786086094,4.419324469577681,diagnostic only,ff49,vw
rolling120,2002-08,2012-07,20000,1.3680681253527829,1.376626317191341,1.3247509566792237,1.859100735503164,none,0.009367403848512453,-0.0036009833673272817,-0.9136140575296388,4.419324469577681,diagnostic only,ff49,vw
rolling120,2002-09,2012-08,20000,1.425859904131173,1.4347705507028232,1.3543860055760175,1.85398305206767,none,0.009576955288869631,-0.003659747966426652,-0.9304258298048208,4.419324469577681,diagnostic only,ff49,vw
rolling120,2002-10,2012-09,20000,1.7376481219917566,1.7497594139053834,1.521123589756974,1.842945482009176,none,0.010755968053399801,-0.004404491481102224,-1.1260066833127689,4.419324469577681,diagnostic only,ff49,vw
rolling120,2002-11,2012-10,20000,1.6300147580093713,1.6417500378132153,1.4501028848593482,1.8290671923871427,none,0.010253775833022205,-0.004442237015564898,-1.144483748713381,4.419324469577681,diagnostic only,ff49,vw
rolling120,2002-12,2012-11,20000,1.5103972937697243,1.5214136691525382,1.3733317349244105,1.8120633456717163,none,0.009710921825837368,-0.004369126541031498,-1.1344314762686212,4.419324469577681,diagnostic only,ff49,vw
rolling120,2003-01,2012-12,20000,1.6476112913804828,1.6582946456571919,1.4344579825151653,1.7877361633668072,none,0.010143149667636474,-0.004018875143943279,-1.0532580733572554,4.419324469577681,diagnostic only,ff49,vw
rolling120,2003-02,2013-01,20000,1.9094895172367117,1.9197605155618191,1.5764665938834594,1.7887269146480393,none,0.011147302188490532,-0.0035177536891688455,-0.921388704767703,4.419324469577681,diagnostic only,ff49,vw
rolling120,2003-03,2013-02,20000,2.0110367407395686,2.0207016277008005,1.628843792396304,1.7843100275651762,none,0.011517664910970395,-0.0031995503536668135,-0.8391359738228066,4.419324469577681,diagnostic only,ff49,vw
rolling120,2003-04,2013-03,20000,2.1504715931580702,2.1603710362104316,1.6976826122739148,1.7791682794513979,none,0.012004428874413775,-0.003132367351471377,-0.8246492320397688,4.419324469577681,diagnostic only,ff49,vw
rolling120,2003-05,2013-04,20000,1.935921711571208,1.9457042564780749,1.5825627674175384,1.7769225218350828,none,0.011190408644942904,-0.0033209528367804664,-0.8741901406154442,4.419324469577681,diagnostic only,ff49,vw
rolling120,2003-06,2013-05,20000,1.8110332284123019,1.818544030164417,1.5076478167908276,1.7644266913388382,none,0.010660679948938878,-0.00266478070653986,-0.7045330868283541,4.419324469577681,diagnostic only,ff49,vw
rolling120,2003-07,2013-06,20000,1.706684707993207,1.7151777091216092,1.4551960618237565,1.7649147043710942,none,0.010289790032715367,-0.0031279724711460455,-0.8253813830408072,4.419324469577681,diagnostic only,ff49,vw
rolling120,2003-08,2013-07,20000,1.765021465363714,1.77318440016003,1.4797149664303304,1.757330018668592,none,0.01046316486986111,-0.0029435239848620842,-0.7801592441527198,4.419324469577681,diagnostic only,ff49,vw
rolling120,2003-09,2013-08,20000,1.6027777757649895,1.6106319940440663,1.3917101261329532,1.7556709031129876,none,0.009840876676345965,-0.0030085505337387186,-0.798121807374707,4.419324469577681,diagnostic only,ff49,vw
rolling120,2003-10,2013-09,20000,1.7636574717281892,1.771437695143185,1.477064421074037,1.7543061241666744,none,0.010444422683908335,-0.0028072878667380063,-0.7449165598193075,4.419324469577681,diagnostic only,ff49,vw
rolling120,2003-11,2013-10,20000,1.6899826415272328,1.6965885286465472,1.4338334830961863,1.7489122461227875,none,0.010138733789896402,-0.0024497200997254387,-0.6515495185303533,4.419324469577681,diagnostic only,ff49,vw
rolling120,2003-12,2013-11,20000,1.6823495339168228,1.690535003013418,1.4307633272730917,1.7483350296467812,none,0.010117024509878307,-0.003042320240185359,-0.8090787057600686,4.419324469577681,diagnostic only,ff49,vw
rolling120,2004-01,2013-12,20000,1.6292974737656787,1.6357584859039713,1.3964069791301918,1.7385999985104794,none,0.009874088442391803,-0.0024512914111237682,-0.6543401121012838,4.419324469577681,diagnostic only,ff49,vw
rolling120,2004-02,2014-01,20000,1.5097783579580646,1.5155502537016536,1.3308453444127366,1.7367260554766075,none,0.009410497677447924,-0.002294486359433856,-0.613346492547497,4.419324469577681,diagnostic only,ff49,vw
rolling120,2004-03,2014-02,20000,1.5759743903942598,1.580695265380482,1.3629162017457246,1.7333277502417719,none,0.009637272884434145,-0.0018293035406202751,-0.48985590040178556,4.419324469577681,diagnostic only,ff49,vw
rolling120,2004-04,2014-03,20000,1.5915231612853478,1.5962350039509303,1.3700697413864744,1.7315957545654144,none,0.009687856048328754,-0.0018148752552877845,-0.48636588343975157,4.419324469577681,diagnostic only,ff49,vw
rolling120,2004-05,2014-04,20000,1.6351859089572556,1.640252423790212,1.3877867873475431,1.7268124134096807,none,0.009813134481745409,-0.0019189509257918624,-0.5162993376256422,4.419324469577681,diagnostic only,ff49,vw
rolling120,2004-06,2014-05,20000,1.6476237576194532,1.6527185821238328,1.3938478158814742,1.7263443372355207,none,0.009855992425518488,-0.0019206049743507592,-0.5169265848042259,4.419324469577681,diagnostic only,ff49,vw
rolling120,2004-07,2014-06,20000,1.6371431614817398,1.6418055539826226,1.386895002383444,1.7249615325766912,none,0.009806828609790662,-0.0017648507452995288,-0.4754230634996663,4.419324469577681,diagnostic only,ff49,vw
rolling120,2004-08,2014-07,20000,1.6630685235462486,1.6678336942408651,1.3984446266071788,1.7230375421939628,none,0.009888496785878255,-0.0017861573249124962,-0.4818903012055082,4.419324469577681,diagnostic only,ff49,vw
rolling120,2004-09,2014-08,20000,1.7729235176045208,1.7788925248725702,1.4555084392186362,1.7212073758006496,none,0.010291998874457454,-0.002147980612644762,-0.5799657909857714,4.419324469577681,diagnostic only,ff49,vw
rolling120,2004-10,2014-09,20000,1.617359735473791,1.6216686978342465,1.3754639513965454,1.7234859993856382,none,0.00972599887310141,-0.001643595304019696,-0.44303545750684337,4.419324469577681,diagnostic only,ff49,vw
rolling120,2004-11,2014-10,20000,1.633735911541232,1.6361090823481268,1.3860682472844292,1.7247343382452964,none,0.009800982568421723,-0.0009002551612093956,-0.24213600935696455,4.419324469577681,diagnostic only,ff49,vw
rolling120,2004-12,2014-11,20000,1.5385832254330731,1.5385455715194616,1.3331311068591043,1.7197941901105336,none,0.009426660458708006,1.4832868881375916e-05,0.00399440647899467,4.419324469577681,diagnostic only,ff49,vw
rolling120,2005-01,2014-12,20000,1.43801210326936,1.4377608863413274,1.2804826365315434,1.719323037623154,none,0.009054379554830835,0.000103052325369557,0.027745349806836413,4.419324469577681,diagnostic only,ff49,vw
rolling120,2005-02,2015-01,20000,1.4149693637949978,1.415255156108059,1.277530272209138,1.7420601998615404,none,0.009033503186501774,-0.00011832800039301983,-0.03163693056402448,4.419324469577681,diagnostic only,ff49,vw
rolling120,2005-03,2015-02,20000,1.5074668564450147,1.5082620279037773,1.3252649422015708,1.7386394325091359,none,0.009371038274995287,-0.00031702088933160955,-0.08485414693955269,4.419324469577681,diagnostic only,ff49,vw
rolling120,2005-04,2015-03,20000,1.5146257175681432,1.5123930866421325,1.3305635526576893,1.7408200839506593,none,0.00940850510883916,0.0008886471380140648,0.23729922024629138,4.419324469577681,diagnostic only,ff49,vw
rolling120,2005-05,2015-04,20000,1.6238628326715054,1.6214042227011762,1.3909693327005779,1.747036059382784,none,0.009835638475751056,0.0009378980734973119,0.24996953440193068,4.419324469577681,diagnostic only,ff49,vw
rolling120,2005-06,2015-05,20000,1.5332748800517568,1.5318293284854168,1.344399315133615,1.7465533241959719,none,0.009506338723535296,0.0005709514263367854,0.15206186191969517,4.419324469577681,diagnostic only,ff49,vw
rolling120,2005-07,2015-06,20000,1.4565585104414451,1.45294698962463,1.3058713770921393,1.7486639531419879,none,0.009233905060992668,0.0014723191459460327,0.39111522080418615,4.419324469577681,diagnostic only,ff49,vw
rolling120,2005-08,2015-07,20000,1.3296308798989787,1.3267808572556148,1.2496841191573917,1.7536882983252249,none,0.008836601149973292,0.0012248779830195122,0.322524757538987,4.419324469577681,diagnostic only,ff49,vw
rolling120,2005-09,2015-08,20000,1.2337614854769205,1.2310864437364888,1.1982902564517643,1.754107976478269,none,0.008473191661668097,0.0011989861477315067,0.3157065067385873,4.419324469577681,diagnostic only,ff49,vw
rolling120,2005-10,2015-09,20000,1.103765307029186,1.1033669205125123,1.1353421074612402,1.7510475130580196,none,0.008028081031524689,0.00018940419419388732,0.04962412749812707,4.419324469577681,diagnostic only,ff49,vw
rolling120,2005-11,2015-10,20000,1.3057989352417994,1.3063421571951346,1.2524046365687582,1.7515813620918397,none,0.008855838113072424,-0.00023553398251885405,-0.06134054692501177,4.419324469577681,diagnostic only,ff49,vw
rolling120,2005-12,2015-11,20000,1.2282548859839386,1.2287621146307015,1.210574751598637,1.7526748606138052,none,0.008560056159886165,-0.00022758312492543453,-0.05925529427480263,4.419324469577681,diagnostic only,ff49,vw
rolling120,2006-01,2015-12,20000,1.154245065354041,1.1556045609503647,1.1721585294840238,1.7538228700579888,none,0.00828841244823805,-0.0006306794951874695,-0.16402364201996814,4.419324469577681,diagnostic only,ff49,vw
rolling120,2006-02,2016-01,20000,0.9460544645237006,0.9471704148026967,1.0594303905247435,1.755254019556902,none,0.007491304133351584,-0.0005731138222482279,-0.14896608909894354,4.419324469577681,diagnostic only,ff49,vw
rolling120,2006-03,2016-02,20000,0.9903199552891041,0.9911702576055983,1.0879272431566942,1.772131914435766,none,0.0076928073107368445,-0.00042703646925534855,-0.11053212203917066,4.419324469577681,diagnostic only,ff49,vw
rolling120,2006-04,2016-03,20000,1.088245940535422,1.08952165693562,1.1435532602540959,1.7768541832023443,none,0.008086142649736559,-0.0006105303555787867,-0.15776575500306717,4.419324469577681,diagnostic only,ff49,vw
rolling120,2006-05,2016-04,20000,1.1107845174407596,1.112552914696749,1.1643951712638476,1.8011399734912434,none,0.00823351721581538,-0.0008370901593456326,-0.2147802949379394,4.419324469577681,diagnostic only,ff49,vw
rolling120,2006-06,2016-05,20000,1.1974115363450317,1.1982974005164495,1.2121489487909214,1.8028195054084215,none,0.008571187414982057,-0.00040297740024153317,-0.10335372784747787,4.419324469577681,diagnostic only,ff49,vw
rolling120,2006-07,2016-06,20000,1.2148674843529246,1.2155440754814202,1.2266792116747331,1.8146477290073815,none,0.00867393188915772,-0.00030538373665545127,-0.07800281776956718,4.419324469577681,diagnostic only,ff49,vw
rolling120,2006-08,2016-07,20000,1.3607266746793607,1.3615990119214336,1.305820411989732,1.812671932288716,none,0.009233544683297509,-0.00036938414932807806,-0.09447479510776426,4.419324469577681,diagnostic only,ff49,vw
rolling120,2006-09,2016-08,20000,1.3114828287777993,1.3117665382684214,1.2783050306467396,1.81231153522615,none,0.00903898155595187,-0.00012272410986391424,-0.03138732929875829,4.419324469577681,diagnostic only,ff49,vw
rolling120,2006-10,2016-09,20000,1.2806690379164516,1.2801992906812272,1.2576576782872153,1.8091850103948248,none,0.008892982727282193,0.00020601148204213438,0.052822236321601004,4.419324469577681,diagnostic only,ff49,vw
rolling120,2006-11,2016-10,20000,1.1261363202914225,1.1263904691990319,1.172192731102801,1.8083633370170553,none,0.008288654290203699,-0.00011952127856607042,-0.03066226418801269,4.419324469577681,diagnostic only,ff49,vw
rolling120,2006-12,2016-11,20000,1.1848349271088074,1.1868417179426012,1.214739667991901,1.8241510174263926,none,0.008589506566133684,-0.0009176662477802244,-0.23363284239236984,4.419324469577681,diagnostic only,ff49,vw
rolling120,2007-01,2016-12,20000,1.1916932048439706,1.193504744725872,1.2183841497606336,1.8241385369655627,none,0.0086152769438595,-0.0008258654950518141,-0.21027064988230942,4.419324469577681,diagnostic only,ff49,vw
year (pooled),1927-01,2016-12,20000,0.13251987943720084,0.13241958323469613,,2.5048683273755765,z,0.00015166742659977753,8.856805727286421e-05,0.6612903294612522,4.419324469577681,pass,ff49,vw
decade (pooled),1926-07,2016-12,20000,1.9698316447042263,1.968548335879438,,6.678677663627057,z,0.003962236520580659,0.0004323018120597766,0.32388496197098926,4.419324469577681,pass,ff49,vw
year,1927-01,1927-12,20000,0.3344537226467737,0.33458121812625463,0.11605171044184588,0.32012665647160593,z,0.0008206095142172688,-9.553219972624483e-05,-0.15536680634582073,4.4214533871312245,pass,ff12,ew
year,1928-01,1928-12,20000,0.43817452375825205,0.43848612029988526,0.15521063441720334,0.5725903769508426,z,0.0010975049210867063,-0.00021661421492780164,-0.28391357127098543,4.4214533871312245,pass,ff12,ew
year,1929-01,1929-12,20000,-0.23589683162695346,-0.2339537240487503,0.1187804916506151,0.5011088513491117,z,0.0008399049111882203,-0.0025365407276344287,-2.31348519614467,4.4214533871312245,pass,ff12,ew
year,1930-01,1930-12,20000,-0.347006103655372,-0.3472537042846934,0.09576059396926813,0.4918588136653068,z,0.000677129653661211,0.0003793213855776134,0.365662067792514,4.4214533871312245,pass,ff12,ew
year,1931-01,1931-12,20000,-0.4320091156988576,-0.43108342307493563,0.09162576094079528,0.5748754477076451,z,0.0006478919689261384,-0.0016271148731950014,-1.4287761977606477,4.4214533871312245,pass,ff12,ew
year,1932-01,1932-12,20000,0.0521977089987301,0.05139630348807689,0.1922457134951912,0.4995077639287558,z,0.0013593824766649587,0.0007622297206053563,0.5895364435028916,4.4214533871312245,pass,ff12,ew
year,1933-01,1933-12,20000,0.9854981789966912,0.9878448960915556,0.42491175205584697,0.46463784400824215,z,0.003004579812845463,-0.0011805332998959805,-0.7810466824117737,4.4214533871312245,pass,ff12,ew
year,1934-01,1934-12,20000,0.1469042170871711,0.14800538625249504,0.15875073359189792,0.3286317070909423,z,0.0011225372024117005,-0.0009592020895639042,-0.9809645176642178,4.4214533871312245,pass,ff12,ew
year,1935-01,1935-12,20000,0.6344374681421041,0.636807069912638,0.27414724408584024,0.7938988912268213,z,0.0019385137533670127,-0.0014476976633907013,-1.222380685418477,4.4214533871312245,pass,ff12,ew
year,1936-01,1936-12,20000,0.43911316912520115,0.4397784912120113,0.16827986377612814,0.35572324477162387,z,0.0011899183281324866,-0.00046210030978444117,-0.5591325648831093,4.4214533871312245,pass,ff12,ew
year,1937-01,1937-12,20000,-0.44802884465713505,-0.44866281770269356,0.06496865441821892,0.4571997876890851,z,0.00045939776103687946,0.0011498826234010995,1.3800090016277142,4.4214533871312245,pass,ff12,ew
year,1938-01,1938-12,20000,0.3325460119265835,0.33130404762026844,0.1817685859226507,0.41532624532451956,z,0.0012852979971259592,0.0009328930596546048,0.9662851020480944,4.4214533871312245,pass,ff12,ew
year,1939-01,1939-12,20000,0.05966519514954389,0.05844252644502026,0.1992288314560432,0.71305585549578,z,0.001408760577304399,0.0011551583330935422,0.8679038327883597,4.4214533871312245,pass,ff12,ew
year,1940-01,1940-12,20000,-0.07781647632778298,-0.07915732766750037,0.09901973148709153,0.5284849885940894,z,0.0007001752360579352,0.0014561133839736673,1.9150225124592237,4.4214533871312245,pass,ff12,ew
year,1941-01,1941-12,20000,-0.10141936902171488,-0.101096088166969,0.08974278187554112,0.26100512125897773,z,0.0006345772962674032,-0.0003596389452645843,-0.5094428317045459,4.4214533871312245,pass,ff12,ew
year,1942-01,1942-12,20000,0.3898440936852632,0.3890537165119233,0.18858783153818,0.8981422040038962,z,0.0013335173452991332,0.0005690040377450689,0.5927010819365159,4.4214533871312245,pass,ff12,ew
year,1943-01,1943-12,20000,0.6592673799599305,0.6607256478482832,0.21022279556905513,0.7252035111211048,z,0.0014864996430687216,-0.0008780907853396247,-0.9810078967407978,4.4214533871312245,pass,ff12,ew
year,1944-01,1944-12,20000,0.360584927342076,0.3610391974872013,0.10217744043669626,0.5562886249917347,z,0.0007225036101707247,-0.0003337671287968469,-0.628744464014502,4.4214533871312245,pass,ff12,ew
year,1945-01,1945-12,20000,0.6083055997559014,0.6082930379931575,0.12138997178314839,0.21646428747467683,z,0.0008583567221590789,7.810618119385992e-06,0.014634664609246256,4.4214533871312245,pass,ff12,ew
year,1946-01,1946-12,20000,-0.09239904091464145,-0.09146998634501315,0.07814089999459552,0.32420439709165366,z,0.0005525396027419834,-0.0010225909498473573,-1.6814262091221313,4.4214533871312245,pass,ff12,ew
year,1947-01,1947-12,20000,-0.019687673308615736,-0.019598045707345243,0.07346217641441594,0.3760357463256377,z,0.0005194560310335596,-9.141923970890087e-05,-0.17254126608591278,4.4214533871312245,pass,ff12,ew
year,1948-01,1948-12,20000,-0.008514010478373281,-0.009222766149881828,0.06906558604709681,0.4427254140806599,z,0.0004883674424052515,0.0007153532068497892,1.4512754331408015,4.4214533871312245,pass,ff12,ew
year,1949-01,1949-12,20000,0.24659558171685284,0.24555049054177835,0.09311941377107398,0.4014406438501917,z,0.0006584536893764238,0.0008390596631853153,1.5871900969439698,4.4214533871312245,pass,ff12,ew
year,1950-01,1950-12,20000,0.3221195304547672,0.32305756992015183,0.13037056520998144,0.5093281289749603,z,0.0009218591072710087,-0.0007089936875848135,-1.01755187748973,4.4214533871312245,pass,ff12,ew
year,1951-01,1951-12,20000,0.17922114779556322,0.1793492556466325,0.07758452022665738,0.200781670737873,z,0.0005486054036737428,-0.00010862588029447728,-0.23351547434897832,4.4214533871312245,pass,ff12,ew
year,1952-01,1952-12,20000,0.10195399959720566,0.1019145576898681,0.053930119093692906,0.15645079452385094,z,0.00038134352921348355,3.579397972575116e-05,0.10342880976351118,4.4214533871312245,pass,ff12,ew
year,1953-01,1953-12,20000,-0.0072650551912445795,-0.00770769780043474,0.05741456275375959,0.36871966730587713,z,0.00040598226662043985,0.00044608086569764005,1.0903003544339407,4.4214533871312245,pass,ff12,ew
year,1954-01,1954-12,20000,0.5562156451058616,0.5561061859053742,0.08818975111240886,0.08673543527588852,z,0.0006235957104273818,7.034172955466822e-05,0.17552911069965582,4.4214533871312245,pass,ff12,ew
year,1955-01,1955-12,20000,0.19035124716277332,0.19005928403740777,0.06777068444014371,0.15455526951470636,z,0.00047921110533279257,0.0002453349419493378,0.6092578450635049,4.4214533871312245,pass,ff12,ew
year,1956-01,1956-12,20000,0.05351447685828259,0.053344013500246645,0.06042315124660794,0.4018811823790508,z,0.00042725619987136863,0.0001618306610671194,0.3989722281087183,4.4214533871312245,pass,ff12,ew
year,1957-01,1957-12,20000,-0.09821188407510867,-0.09781492834587982,0.06765556492630528,0.2972275920081056,z,0.0004783970874439721,-0.0004399936794576842,-0.829762010780089,4.4214533871312245,pass,ff12,ew
year,1958-01,1958-12,20000,0.6235440471224111,0.6244240699956822,0.11873888598459202,0.29373630895816316,z,0.0008396107147024132,-0.0005417445416660005,-1.048132018638028,4.4214533871312245,pass,ff12,ew
year,1959-01,1959-12,20000,0.18902350998290254,0.18996227318046324,0.08788193487557833,0.27312446345294594,z,0.0006214191209431598,-0.0007889016473200394,-1.510676395241733,4.4214533871312245,pass,ff12,ew
year,1960-01,1960-12,20000,0.016027872936291026,0.014546336881582047,0.0924012245896214,0.8815905867526138,z,0.0006533753249726245,0.0014602941244288292,2.267511487017134,4.4214533871312245,pass,ff12,ew
year,1961-01,1961-12,20000,0.3033711460444816,0.3025303594529802,0.08277710956412246,0.1194099297712002,z,0.0005853225549981281,0.0006455024909013396,1.4364500125988313,4.4214533871312245,pass,ff12,ew
year,1962-01,1962-12,20000,-0.12322422013269042,-0.12272212987064426,0.059575969397458996,0.17176024832421266,z,0.0004212657195670549,-0.0005723275134845718,-1.1918611905145515,4.4214533871312245,pass,ff12,ew
year,1963-01,1963-12,20000,0.17756186996016282,0.17714733733174487,0.058854436051679435,0.23457203780770955,z,0.0004161637083505254,0.0003521501644454528,0.9960806771473696,4.4214533871312245,pass,ff12,ew
year,1964-01,1964-12,20000,0.1787369816460166,0.17843458757049963,0.05708119032388625,0.2565599037893355,z,0.00040362496756219903,0.00025660658530113345,0.749195663844472,4.4214533871312245,pass,ff12,ew
year,1965-01,1965-12,20000,0.34378099833493875,0.3436351452442031,0.091455701985355,0.3955285763352377,z,0.0006466894705202053,0.00010855111318863742,0.2255380632969704,4.4214533871312245,pass,ff12,ew
year,1966-01,1966-12,20000,-0.05014322238661141,-0.050000101881167575,0.08749888975319156,0.28591803050612485,z,0.0006187105829077587,-0.00015065317978169013,-0.23132060352226666,4.4214533871312245,pass,ff12,ew
year,1967-01,1967-12,20000,0.6969457502735679,0.6977536350218885,0.15189987004834704,0.037771268049951574,z,0.0010740942817254154,-0.0004758551132834077,-0.7521544077330249,4.4214533871312245,pass,ff12,ew
year,1968-01,1968-12,20000,0.40578316404640064,0.40374090776435184,0.12689633316326246,0.23700882225353248,z,0.0008972925768745025,0.0014548669706444528,2.2760204805911686,4.4214533871312245,pass,ff12,ew
year,1969-01,1969-12,20000,-0.21767516935112957,-0.21800404556878258,0.06807496313280209,0.44673714681938326,z,0.0004813626806022858,0.0004205599987945341,0.6832191835925445,4.4214533871312245,pass,ff12,ew
year,1970-01,1970-12,20000,-0.09402160882876166,-0.0934681554981139,0.09244448042496424,0.39080820672224753,z,0.0006536811899175926,-0.0006105172521013724,-0.8466716484798047,4.4214533871312245,pass,ff12,ew
year,1971-01,1971-12,20000,0.20589545636605266,0.20518239300456045,0.09364165218636412,0.2265514565051716,z,0.0006621464726249016,0.0005916642705960928,1.0768967154132274,4.4214533871312245,pass,ff12,ew
year,1972-01,1972-12,20000,0.07137224640687262,0.07079841076701922,0.08169305876219549,0.30440791753402446,z,0.0005776571582661953,0.0005358951172167448,0.9933844524245762,4.4214533871312245,pass,ff12,ew
year,1973-01,1973-12,20000,-0.3512774546589916,-0.35167205808218793,0.07660960934396138,0.6659133963245856,z,0.0005417117427116739,0.0006086478735267686,0.72843800878503,4.4214533871312245,pass,ff12,ew
year,1974-01,1974-12,20000,-0.2318143794207226,-0.23196489979832863,0.0694636698033023,0.5050516253338939,z,0.0004911823196401826,0.00019598111800678275,0.3064450237465415,4.4214533871312245,pass,ff12,ew
year,1975-01,1975-12,20000,0.6547243801205246,0.6561170879019591,0.13829985541411116,0.09508848776666796,z,0.0009779276560043706,-0.0008409476549745554,-1.4241419320574946,4.4214533871312245,pass,ff12,ew
year,1976-01,1976-12,20000,0.49521818218694114,0.4933114385228658,0.11742780239581595,0.19654188959354973,z,0.0008303399537391537,0.0012768559959341896,2.296340981171588,4.4214533871312245,pass,ff12,ew
year,1977-01,1977-12,20000,0.22571361475178955,0.22517512999474334,0.058882929605213706,0.4087159275053273,z,0.00041636518819976727,0.0004395165587864902,1.293299181361556,4.4214533871312245,pass,ff12,ew
year,1978-01,1978-12,20000,0.23785307784248752,0.23774251227382345,0.11002542039817685,0.40897805880624416,z,0.0007779972086645154,8.932840842712508e-05,0.14211563670499594,4.4214533871312245,pass,ff12,ew
year,1979-01,1979-12,20000,0.43478143821014137,0.4351217516658801,0.12487298352002103,0.7140162081183619,z,0.0008829853343400286,-0.0002371321146402705,-0.38541235341475594,4.4214533871312245,pass,ff12,ew
year,1980-01,1980-12,20000,0.42063137852503213,0.4202798439086161,0.17111263597126228,0.650088210762073,z,0.0012099490524198472,0.00024751081128382424,0.290536709552325,4.4214533871312245,pass,ff12,ew
year,1981-01,1981-12,20000,0.023617840639946427,0.02340444947505827,0.09622604255516382,0.035975088650791485,z,0.0006804208721750163,0.00020851107790043066,0.3136164300869176,4.4214533871312245,pass,ff12,ew
year,1982-01,1982-12,20000,0.2653868537353458,0.26424248854372706,0.1237939363459586,-0.33463446741022956,z,0.0008753553186000314,0.0009051785571112525,1.3073150608703183,4.4214533871312245,pass,ff12,ew
year,1983-01,1983-12,20000,0.350887126333757,0.35061762048141826,0.12832277540601755,0.13255047728941646,z,0.0009073790467027333,0.00019954267458954789,0.2970157326401777,4.4214533871312245,pass,ff12,ew
year,1984-01,1984-12,20000,-0.08641673899404784,-0.08651695062325895,0.0678999716716529,0.20247248053431416,z,0.00048012530411400246,0.00010970277913702198,0.2087197411851512,4.4214533871312245,pass,ff12,ew
year,1985-01,1985-12,20000,0.25322655291729235,0.2530894901099699,0.09936167506676274,-0.06178133061649417,z,0.0007025931422976224,0.0001093799033542453,0.19508133380611856,4.4214533871312245,pass,ff12,ew
year,1986-01,1986-12,20000,0.08236149231144418,0.0820588477922376,0.08463732255044719,0.11646897182812722,z,0.000598476247168943,0.0002796932161535093,0.5056917808154082,4.4214533871312245,pass,ff12,ew
year,1987-01,1987-12,20000,-0.059839367752762544,-0.05856782463138923,0.11577304762812177,1.0220638308713004,z,0.0008186390705647804,-0.001350647613966971,-1.5532402093832078,4.4214533871312245,pass,ff12,ew
year,1988-01,1988-12,20000,0.21839166625484072,0.21800620976739843,0.06834991848501824,0.00940950135570594,z,0.00048330690854304155,0.0003164651250142647,0.7975397839941282,4.4214533871312245,pass,ff12,ew
year,1989-01,1989-12,20000,0.15818241350488715,0.15853464896830727,0.06893049277400594,0.3951694358821412,z,0.0004874121887102991,-0.00030403532922707033,-0.7226644543956422,4.4214533871312245,pass,ff12,ew
year,1990-01,1990-12,20000,-0.20044047274501064,-0.2004946593634039,0.08118307135174484,0.682535474052834,z,0.0005740510027037011,6.777518002576421e-05,0.09439338689080479,4.4214533871312245,pass,ff12,ew
year,1991-01,1991-12,20000,0.5035817154187715,0.5047472291655652,0.14919042130358695,0.34019396694906906,z,0.001054935585918443,-0.0007745578288521626,-1.1048198225098558,4.4214533871312245,pass,ff12,ew
year,1992-01,1992-12,20000,0.2487373592670537,0.24730850047487002,0.12738359203130845,0.08339425234444788,z,0.0009007380173723886,0.0011455536394080479,1.5863200671288613,4.4214533871312245,pass,ff12,ew
year,1993-01,1993-12,20000,0.2739309480008684,0.2747185203683817,0.12205594596974507,0.28362690421395925,z,0.000863065870793456,-0.0006178402172156705,-0.9125286889043647,4.4214533871312245,pass,ff12,ew
year,1994-01,1994-12,20000,-0.051369313370368125,-0.0522064953562895,0.0593527843920309,0.20552462536912053,z,0.00041968756325908127,0.0008832957620195092,1.9947743493284549,4.4214533871312245,pass,ff12,ew
year,1995-01,1995-12,20000,0.26600648290718537,0.26524874705813845,0.08980130321727063,0.3964092378578786,z,0.0006349911046432139,0.0005988829080516567,1.1933015179365054,4.4214533871312245,pass,ff12,ew
year,1996-01,1996-12,20000,0.1914294393921773,0.1905569926432351,0.11369910384344932,0.3534599244980507,z,0.0008039740734253646,0.0007328055308006842,1.0851677657030527,4.4214533871312245,pass,ff12,ew
year,1997-01,1997-12,20000,0.20131980860232696,0.20194550717578474,0.11439176304666081,0.41448935961208017,z,0.0008088719136217857,-0.0005205714982271514,-0.7735446897348383,4.4214533871312245,pass,ff12,ew
year,1998-01,1998-12,20000,-0.05052526267566729,-0.05033831260427005,0.12608334982511962,0.5086954311899181,z,0.0008915439165605778,-0.00019685965421001317,-0.20969249851253716,4.4214533871312245,pass,ff12,ew
year,1999-01,1999-12,20000,0.27704928185942285,0.27646868157815313,0.21235260004002765,0.9399283504044315,z,0.0015015596349089828,0.0004548488260218697,0.38666481688215437,4.4214533871312245,pass,ff12,ew
year,2000-01,2000-12,20000,-0.0264744590196412,-0.027166560177412497,0.24705834980819077,0.9469178863709635,z,0.0017469663449812987,0.0007114282151912121,0.3961731488185627,4.4214533871312245,pass,ff12,ew
year,2001-01,2001-12,20000,0.208612093587424,0.2043784624773868,0.2545187696933825,0.5473894989066644,z,0.001799719479894479,0.0035151999491329633,2.3523838894522693,4.4214533871312245,pass,ff12,ew
year,2002-01,2002-12,20000,-0.12716502022046947,-0.12780643537254863,0.12759675987545993,0.42328667844705203,z,0.0009022453416536928,0.000735404591471811,0.7109099071695227,4.4214533871312245,pass,ff12,ew
year,2003-01,2003-12,20000,0.6585317272698149,0.6567950659808912,0.1789295480924775,0.3999106665750488,z,0.0012652229681083531,0.0010482052515623508,1.3726128379728908,4.4214533871312245,pass,ff12,ew
year,2004-01,2004-12,20000,0.22891443440658613,0.22844533890091534,0.10651616489748804,0.24342251023650466,z,0.0007531830250499829,0.0003818611140569139,0.6228174163108038,4.4214533871312245,pass,ff12,ew
year,2005-01,2005-12,20000,0.044701718622237006,0.04539770723738998,0.09935029704316906,0.7751875498867477,z,0.0007025126875212263,-0.0006657644361897086,-0.9907132319684157,4.4214533871312245,pass,ff12,ew
year,2006-01,2006-12,20000,0.18480450947573204,0.18462792944957787,0.1076645809210671,0.10822567763931275,z,0.0007613035526289432,0.00014905948252996737,0.23194430860647275,4.4214533871312245,pass,ff12,ew
year,2007-01,2007-12,20000,-0.04018908910600689,-0.04097190758980695,0.06592504611375709,0.3987316341055478,z,0.00046616047157073485,0.0008162623076375386,1.6792897114642544,4.4214533871312245,pass,ff12,ew
year,2008-01,2008-12,20000,-0.47133348053807766,-0.4711544969638662,0.08997847427581204,0.6917711288460806,z,0.0006362438932124601,-0.0003384420840945035,-0.28131283635237947,4.4214533871312245,pass,ff12,ew
year,2009-01,2009-12,20000,0.7553535761627913,0.7567569243483014,0.2664925577091667,0.4850614259569644,z,0.0018843869469189912,-0.0007988288909297481,-0.7447240004525795,4.4214533871312245,pass,ff12,ew
year,2010-01,2010-12,20000,0.29773457087794786,0.29854586929313426,0.10041496293029442,0.3447664347305568,z,0.0007100410122060697,-0.0006247745531146043,-1.1426078229843775,4.4214533871312245,pass,ff12,ew
year,2011-01,2011-12,20000,-0.07332231073468837,-0.07426373578130276,0.08774033757257166,0.3881702498294965,z,0.0006204178768116224,0.0010169473563930165,1.5174047715266492,4.4214533871312245,pass,ff12,ew
year,2012-01,2012-12,20000,0.16513976671425884,0.16477668551665606,0.09553773346046801,-0.03134255289268048,z,0.0006755537918908985,0.00031171743229196913,0.5374571232684605,4.4214533871312245,pass,ff12,ew
year,2013-01,2013-12,20000,0.4325247869896477,0.43266232187189213,0.09151416335569552,-0.05030197136753515,z,0.0006471028548342576,-9.599951094185766e-05,-0.2125394459581942,4.4214533871312245,pass,ff12,ew
year,2014-01,2014-12,20000,0.02009886224267241,0.01979004205119151,0.11210080222064656,-0.3282111947227086,z,0.0007926723742667116,0.0003028272279061994,0.389593735705225,4.4214533871312245,pass,ff12,ew
year,2015-01,2015-12,20000,-0.09971827769437663,-0.10110834141547126,0.12369796914543696,0.18092222926409132,z,0.0008746767280174279,0.0015464196467052105,1.5892314000915415,4.4214533871312245,pass,ff12,ew
year,2016-01,2016-12,20000,0.22260660063204554,0.2222508059994466,0.16499432832357275,0.5463011789623143,z,0.0011666860841491793,0.0002910978915722229,0.3049617522938108,4.4214533871312245,pass,ff12,ew
decade,1926-07,1936-12,20000,2.2219957924850022,2.2520941381859547,1.657128074546555,1.661900903005208,z,0.011717664988064758,-0.009255065942753271,-2.568629989986035,4.4214533871312245,pass,ff12,ew
decade,1937-01,1946-12,20000,1.9603033619344612,1.9502074132796272,1.1494379334640066,1.3113210668146977,z,0.008127753573054506,0.0034221148687341163,1.2421573272477808,4.4214533871312245,pass,ff12,ew
decade,1947-01,1956-12,20000,3.0338456104111358,3.0265055648338555,0.8684109304560695,0.7113146533222298,z,0.006140592577820061,0.0018229319341778183,1.195331799701658,4.4214533871312245,pass,ff12,ew
decade,1957-01,1966-12,20000,2.580857923212803,2.579862783388744,0.8203320856910674,0.7564088381256283,z,0.005800623806170578,0.0002779826725975987,0.17155738025976944,4.4214533871312245,pass,ff12,ew
decade,1967-01,1976-12,20000,1.693540181317725,1.6848926750422457,0.7796544382634967,0.9268040471342437,z,0.005512989402783069,0.0032208014703392074,1.5685693629510609,4.4214533871312245,pass,ff12,ew
decade,1977-01,1986-12,20000,5.706667150811538,5.690132296678167,1.8970808741215779,0.8615770863110489,z,0.013414387505506708,0.00247152872321843,1.23262088012468,4.4214533871312245,pass,ff12,ew
decade,1987-01,1996-12,20000,2.627572209574454,2.6279433755014527,1.0418730172961945,0.9648677277463273,z,0.0073671547566542825,-0.00010230753035045392,-0.050381176893760246,4.4214533871312245,pass,ff12,ew
decade,1997-01,2006-12,20000,2.7734911660473442,2.7528944391670778,1.8496713899785648,1.662616200165269,z,0.013079151828205902,0.005488224412951492,1.5747754251042885,4.4214533871312245,pass,ff12,ew
decade,2007-01,2016-12,20000,1.007474343175274,1.0025406867755082,0.7477119642639874,1.1656476501067852,z,0.00528712200305379,0.002463698456838914,0.9331459340102417,4.4214533871312245,pass,ff12,ew
full,1926-07,2016-12,20000,68549.63258931352,67728.85972548448,92619.67598049462,6.752437994238345,z,654.9200095710854,0.012118331075181787,1.2532413910617517,4.4214533871312245,pass,ff12,ew
rolling120,1926-07,1936-06,20000,1.49466635331925,1.5174813327216627,1.2653523871108663,1.635318439047933,none,0.00894739253516679,-0.009062621083171019,-2.549902590362606,4.4214533871312245,diagnostic only,ff12,ew
rolling120,1926-08,1936-07,20000,1.6481626920992447,1.6717532499266903,1.3436359985599176,1.6362519037205814,none,0.00950094126028076,-0.00882961696709561,-2.4829706006148333,4.4214533871312245,diagnostic only,ff12,ew
rolling120,1926-09,1936-08,20000,1.6081658858612193,1.6318575760781306,1.322270370123465,1.6343616314329086,none,0.009349863452763481,-0.00900188917221556,-2.533907616576893,4.4214533871312245,diagnostic only,ff12,ew
rolling120,1926-10,1936-09,20000,1.6933256435105566,1.7184988386638729,1.3658306838243,1.634454690322489,none,0.009657881384848218,-0.009259961709488507,-2.6064924749240856,4.4214533871312245,diagnostic only,ff12,ew
rolling120,1926-11,1936-10,20000,1.959831252125405,1.9883472353363447,1.4983655740732496,1.6306729860349014,none,0.010595044581236689,-0.009542392822944445,-2.6914453254345005,4.4214533871312245,diagnostic only,ff12,ew
rolling120,1926-12,1936-11,20000,2.0959260201775125,2.125342155794286,1.5706888257754286,1.6343488331154834,none,0.011106447198397412,-0.009412132864312861,-2.6485639459050647,4.4214533871312245,diagnostic only,ff12,ew
rolling120,1927-01,1936-12,20000,2.0596967823727104,2.0880529214961623,1.5608207736137176,1.6462967112393483,none,0.011036669532390929,-0.009182530171702341,-2.5692659402577025,4.4214533871312245,diagnostic only,ff12,ew
rolling120,1927-02,1937-01,20000,2.2509363838859295,2.279769391358914,1.6575510544842882,1.6455389018316031,none,0.011720655907887526,-0.00879116914407152,-2.4600165468198,4.4214533871312245,diagnostic only,ff12,ew
rolling120,1927-03,1937-02,20000,2.1034457853977364,2.1300562573922646,1.5853754960492303,1.650069514864721,none,0.011210297639833973,-0.008501595436721687,-2.3737524952033526,4.4214533871312245,diagnostic only,ff12,ew
rolling120,1927-04,1937-03,20000,2.111916517822279,2.138744824380168,1.5929681611583988,1.6547074013777794,none,0.011263985889693687,-0.008547463415789713,-2.3817773584425623,4.4214533871312245,diagnostic only,ff12,ew
rolling120,1927-05,1937-04,20000,1.787195068092724,1.8118454868000602,1.4270349226113654,1.6547984294612592,none,0.010090660707685165,-0.008766633452319872,-2.442894417068463,4.4214533871312245,diagnostic only,ff12,ew
rolling120,1927-06,1937-05,20000,1.579151047305994,1.6012856241532258,1.3201012290595011,1.6546924650669628,none,0.009334525309206691,-0.008509091289979676,-2.371258967544971,4.4214533871312245,diagnostic only,ff12,ew
rolling120,1927-07,1937-06,20000,1.4164785851550599,1.4368006492410887,1.2364320388419048,1.6538454362189194,none,0.008742894791414196,-0.00833964981598212,-2.324409085419374,4.4214533871312245,diagnostic only,ff12,ew
rolling120,1927-08,1937-07,20000,1.522996747023745,1.542696696131416,1.2943945656373204,1.6619802049349015,none,0.009152751748931648,-0.007747659851701227,-2.1523526091451437,4.4214533871312245,diagnostic only,ff12,ew
rolling120,1927-09,1937-08,20000,1.3669372809209417,1.3853937755239332,1.214376059494969,1.6618176143193313,none,0.008586935465794908,-0.007737294694222019,-2.149369198884847,4.4214533871312245,diagnostic only,ff12,ew
rolling120,1927-10,1937-09,20000,0.8777675352266763,0.8915910201156325,0.9657373092229216,1.6677334095962055,none,0.0068287940019637755,-0.007307861341037225,-2.024293731071838,4.4214533871312245,diagnostic only,ff12,ew
rolling120,1927-11,1937-10,20000,0.7607674680751461,0.7726146810117624,0.9055923252696458,1.6684639612131085,none,0.0064035047418866025,-0.006683467683938016,-1.8501138695379433,4.4214533871312245,diagnostic only,ff12,ew
rolling120,1927-12,1937-11,20000,0.4553541880952424,0.46542232401442907,0.7504816448084735,1.674381910483686,none,0.005306706602001055,-0.006870467137149783,-1.897247516075253,4.4214533871312245,diagnostic only,ff12,ew
rolling120,1928-01,1937-12,20000,0.2662401117891363,0.2757248291812789,0.6546698706102044,1.6773318820961909,none,0.0046292150494699515,-0.007434767416284793,-2.0488824327201174,4.4214533871312245,diagnostic only,ff12,ew
rolling120,1928-02,1938-01,20000,0.2769021598157419,0.28582004635887615,0.6610724609903296,1.6795790740085803,none,0.004674488200219414,-0.006935563470477302,-1.9077781697503595,4.4214533871312245,diagnostic only,ff12,ew
rolling120,1928-03,1938-02,20000,0.3806326209408253,0.3896549656134673,0.7150168442492161,1.6811712948041022,none,0.005055932592312262,-0.006492507058152519,-1.7845065194027374,4.4214533871312245,diagnostic only,ff12,ew
rolling120,1928-04,1938-03,20000,-0.06169839252610491,-0.05566133770799288,0.48917475782108744,1.6955205436659309,none,0.0034589878844057806,-0.006392891723250527,-1.745324071624823,4.4214533871312245,diagnostic only,ff12,ew
rolling120,1928-05,1938-04,20000,0.0365574037475797,0.04294591424564728,0.5366393718206396,1.6775783906826702,none,0.003794613388660633,-0.006125447552750796,-1.683573487923233,4.4214533871312245,diagnostic only,ff12,ew
rolling120,1928-06,1938-05,20000,-0.06340781153992497,-0.05787909833094552,0.4850172544075593,1.6790553609714396,none,0.0034295898958406606,-0.005868369122460693,-1.6120624846966605,4.4214533871312245,diagnostic only,ff12,ew
rolling120,1928-07,1938-06,20000,0.2858495250432919,0.29304189671270686,0.6690954620355826,1.6886936335659541,none,0.0047312193846650655,-0.0055623655255874205,-1.520194073588517,4.4214533871312245,diagnostic only,ff12,ew
rolling120,1928-08,1938-07,20000,0.4203771239721971,0.4285552368127914,0.7419476778359327,1.6954980538719546,none,0.005246362342833999,-0.005724743873985694,-1.5588158625308737,4.4214533871312245,diagnostic only,ff12,ew
rolling120,1928-09,1938-08,20000,0.2576083410899081,0.2652365821033354,0.6572740070870734,1.6959418742796388,none,0.004647629075089245,-0.0060291024787996195,-1.6413188079732492,4.4214533871312245,diagnostic only,ff12,ew
rolling120,1928-10,1938-09,20000,0.18992495079673002,0.19699892183190093,0.6211097846990833,1.6937070979028328,none,0.004391909406220383,-0.005909755561303909,-1.610682366342039,4.4214533871312245,diagnostic only,ff12,ew
rolling120,1928-11,1938-10,20000,0.3261836690318048,0.3342166837896988,0.69634580873535,1.7058726582639459,none,0.0049239084340759656,-0.006020772229498039,-1.6314305729776488,4.4214533871312245,diagnostic only,ff12,ew
rolling120,1928-12,1938-11,20000,0.1444937891321717,0.15158766435409543,0.6010368845503574,1.705871219145984,none,0.004249972568087938,-0.006160082676729961,-1.669157884733186,4.4214533871312245,diagnostic only,ff12,ew
rolling120,1929-01,1938-12,20000,0.17366766375346232,0.18067015369230435,0.6158634432137144,1.7051366134960815,none,0.004354812169813137,-0.005930945164441592,-1.6079889707717305,4.4214533871312245,diagnostic only,ff12,ew
rolling120,1929-02,1939-01,20000,0.04250138998491275,0.047888682361540945,0.5440595098129362,1.6968755453986426,none,0.0038470816875775613,-0.005141092243202139,-1.4003581972340384,4.4214533871312245,diagnostic only,ff12,ew
rolling120,1929-03,1939-02,20000,0.07942254671723653,0.08522739428596006,0.5632062709610733,1.6959521661828572,none,0.0039824697340336305,-0.005348968888260419,-1.4575999207517163,4.4214533871312245,diagnostic only,ff12,ew
rolling120,1929-04,1939-03,20000,-0.07338510931484632,-0.06978943748485188,0.4835602153990263,1.6978787159383482,none,0.003419287074206791,-0.0038654386166850907,-1.0515852433444974,4.4214533871312245,diagnostic only,ff12,ew
rolling120,1929-05,1939-04,20000,-0.085170258204733,-0.0816015140625947,0.47721337972408495,1.6971097268208872,none,0.0033744081687585134,-0.003885834087036466,-1.0575911281803485,4.4214533871312245,diagnostic only,ff12,ew
rolling120,1929-06,1939-05,20000,0.07892097259007139,0.08224084209115523,0.5607193335121903,1.6907633811913314,none,0.0039648844306887105,-0.0030675884442402657,-0.8373181007213303,4.4214533871312245,diagnostic only,ff12,ew
rolling120,1929-07,1939-06,20000,-0.09057593846822902,-0.08813304111507553,0.4705304268746602,1.680733138089945,none,0.003327152555976731,-0.0026790063280072163,-0.7342306407817678,4.4214533871312245,diagnostic only,ff12,ew
rolling120,1929-08,1939-07,20000,-0.0035718356987503867,-0.0006257942124854065,0.5159833900994467,1.6813312724247356,none,0.0036485535411894246,-0.002947886256423282,-0.8074546400392343,4.4214533871312245,diagnostic only,ff12,ew
rolling120,1929-09,1939-08,20000,-0.13145143431972484,-0.12907695689811757,0.4493264264061756,1.6798441551460783,none,0.0031772176307812493,-0.002726391775271342,-0.7473449091441055,4.4214533871312245,diagnostic only,ff12,ew
rolling120,1929-10,1939-09,20000,0.1857648927592542,0.18858498910536908,0.644383784640861,1.7924695015632215,none,0.004556481438062046,-0.0023726501444693016,-0.6189197485931862,4.4214533871312245,diagnostic only,ff12,ew
rolling120,1929-11,1939-10,20000,0.5084611654999494,0.5109419825849988,0.8113278267617273,1.7743403162390416,none,0.005736954080685619,-0.0016419009555913577,-0.43242756524782144,4.4214533871312245,diagnostic only,ff12,ew
rolling120,1929-12,1939-11,20000,0.6018865473634023,0.6041148104640601,0.8609949662652386,1.7737709237927757,none,0.006088153792136329,-0.0013890920313947008,-0.3659998049878315,4.4214533871312245,diagnostic only,ff12,ew
rolling120,1930-01,1939-12,20000,0.6284468738654755,0.6313263827573787,0.8727749782775029,1.7668520139535675,none,0.0061714510558996405,-0.001765133527134033,-0.46658538904729097,4.4214533871312245,diagnostic only,ff12,ew
rolling120,1930-02,1940-01,20000,0.4765063265809171,0.47864466549840906,0.7890639286268329,1.7614056772050224,none,0.005579524547217315,-0.0014461479268051969,-0.38324751498018694,4.4214533871312245,diagnostic only,ff12,ew
rolling120,1930-03,1940-02,20000,0.4498881736381762,0.45207333918330606,0.7736739518601727,1.7586167277816471,none,0.0054707009778772265,-0.0015048589393968914,-0.3994306312785853,4.4214533871312245,diagnostic only,ff12,ew
rolling120,1930-04,1940-03,20000,0.36411160590288594,0.3660438397549088,0.7241294190000728,1.746241239815272,none,0.005120368226316262,-0.0014144742619457418,-0.3773622846286878,4.4214533871312245,diagnostic only,ff12,ew
rolling120,1930-05,1940-04,20000,0.4201889258161331,0.421891110234632,0.7509429689459488,1.7391148471450706,none,0.005309968656260393,-0.0011971271261539407,-0.3205639295991025,4.4214533871312245,diagnostic only,ff12,ew
rolling120,1930-06,1940-05,20000,0.08715481335904679,0.08850392853147951,0.5753261459472191,1.7408365094673286,none,0.004068170191931999,-0.0012394215005294695,-0.3316270236452462,4.4214533871312245,diagnostic only,ff12,ew
rolling120,1930-07,1940-06,20000,0.4374928951705203,0.43865668587050255,0.7614370304406944,1.7538787074290523,none,0.0053841728767116265,-0.0008089426139065159,-0.2161503218100641,4.4214533871312245,diagnostic only,ff12,ew
rolling120,1930-08,1940-07,20000,0.41280172545432686,0.41396638438246025,0.7481162234902787,1.7529843573377417,none,0.005289980547456468,-0.0008236821900416968,-0.22016317785769188,4.4214533871312245,diagnostic only,ff12,ew
rolling120,1930-09,1940-08,20000,0.4481740309876326,0.4490433034466974,0.7665435682034466,1.7528334518389974,none,0.005420281551515899,-0.00059989405216343,-0.16037404160706512,4.4214533871312245,diagnostic only,ff12,ew
rolling120,1930-10,1940-09,20000,0.7464338747657477,0.7481505020045507,0.918756870409414,1.7391087684202386,none,0.006496592133282267,-0.0009819676491438223,-0.2642350333197935,4.4214533871312245,diagnostic only,ff12,ew
rolling120,1930-11,1940-10,20000,1.027065487580345,1.0282347520830029,1.063010158991962,1.7332615227245305,none,0.007516616918934064,-0.0005764936733564374,-0.1555572826536391,4.4214533871312245,diagnostic only,ff12,ew
rolling120,1930-12,1940-11,20000,1.0539324822396927,1.0555524492965098,1.0813076928699037,1.7352698182354143,none,0.007646000021774895,-0.0007880932726244128,-0.21187118129788565,4.4214533871312245,diagnostic only,ff12,ew
rolling120,1931-01,1940-12,20000,1.2997007848888336,1.3013457994405724,1.203969628095177,1.7231542535687259,none,0.008513350883687452,-0.0007148054638893564,-0.19322762261459894,4.4214533871312245,diagnostic only,ff12,ew
rolling120,1931-02,1941-01,20000,1.0311132394469773,1.0329041453684353,1.0632613380740774,1.7241527320560248,none,0.007518393023256624,-0.0008809593534148119,-0.23820328571786897,4.4214533871312245,diagnostic only,ff12,ew
rolling120,1931-03,1941-02,20000,0.7232459920699988,0.7243596061204913,0.8987189225630994,1.7176231423859296,none,0.006354902445250352,-0.000645813116092353,-0.1752370016828186,4.4214533871312245,diagnostic only,ff12,ew
rolling120,1931-04,1941-03,20000,0.8499536410480796,0.8515503902792823,0.961177999327756,1.7094830758099355,none,0.006796554812519751,-0.0008623849718514265,-0.23493509215306374,4.4214533871312245,diagnostic only,ff12,ew
rolling120,1931-05,1941-04,20000,1.0222721722675525,1.0235406744517483,1.049428277543644,1.7074469719590792,none,0.00742057851420029,-0.0006268725903123551,-0.17094383972467617,4.4214533871312245,diagnostic only,ff12,ew
rolling120,1931-06,1941-05,20000,1.3577189523963686,1.3601006823629174,1.2215981150134128,1.7036558182442132,none,0.008638003110106882,-0.0010091645599475951,-0.27572691699566415,4.4214533871312245,diagnostic only,ff12,ew
rolling120,1931-07,1941-06,20000,1.1427882068072914,1.1450276306676663,1.1061764699494578,1.697002997007072,none,0.007821848830902587,-0.0010440069994238632,-0.2863036487649029,4.4214533871312245,diagnostic only,ff12,ew
rolling120,1931-08,1941-07,20000,1.5635687319592246,1.567070064768839,1.322411817091261,1.6950179913929027,none,0.00935086363386455,-0.0013639412720624078,-0.37443951133391173,4.4214533871312245,diagnostic only,ff12,ew
rolling120,1931-09,1941-08,20000,1.5706765985591449,1.573833530204345,1.3227622556871674,1.6895280246951387,none,0.009353341608940099,-0.0012265484959119721,-0.3375191217417505,4.4214533871312245,diagnostic only,ff12,ew
rolling120,1931-10,1941-09,20000,2.6820026710143385,2.6836659592005927,1.8675987321923029,1.6574044872694234,none,0.013205917280685762,-0.00045153067750347553,-0.12595021995835126,4.4214533871312245,diagnostic only,ff12,ew
rolling120,1931-11,1941-10,20000,2.1140003025086984,2.1132658113484757,1.5751071043808151,1.6539394190452263,none,0.011137689146027814,0.00023592304824893162,0.06594645896403738,4.4214533871312245,diagnostic only,ff12,ew
rolling120,1931-12,1941-11,20000,2.297311105834574,2.295326136336148,1.6652671036017013,1.6505403467574655,none,0.011775216614436439,0.000602359043172962,0.16857180325605353,4.4214533871312245,diagnostic only,ff12,ew
rolling120,1932-01,1941-12,20000,2.638133729211469,2.636189953857022,1.832103979897777,1.6448646936491214,none,0.012954931480245803,0.0005345637546754212,0.1500413458311703,4.4214533871312245,diagnostic only,ff12,ew
rolling120,1932-02,1942-01,20000,2.857554600341255,2.8501388925152185,1.975903226557009,1.6946056178343318,none,0.0139717457046684,0.0019260883913700955,0.5307645861002593,4.4214533871312245,diagnostic only,ff12,ew
rolling120,1932-03,1942-02,20000,2.649925831240593,2.6420494115020934,1.8677551117604556,1.6930846786010616,none,0.01320702305121656,0.0021626339592275556,0.5963811608380568,4.4214533871312245,diagnostic only,ff12,ew
rolling120,1932-04,1942-03,20000,2.9258354315659956,2.9180918534023803,2.0034888508204762,1.6863769584120356,none,0.01416680552446802,0.001976364631903982,0.5466001598060365,4.4214533871312245,diagnostic only,ff12,ew
rolling120,1932-05,1942-04,20000,3.609459049639482,3.6003059523422225,2.342423519429976,1.6784690091867775,none,0.016563435549997944,0.0019896714244840297,0.5526086221442559,4.4214533871312245,diagnostic only,ff12,ew
rolling120,1932-06,1942-05,20000,5.096898322216085,5.086270399301419,3.072189296349942,1.6608707167590466,none,0.02172365884537772,0.0017462127407099626,0.4892326375732666,4.4214533871312245,diagnostic only,ff12,ew
rolling120,1932-07,1942-06,20000,5.102121730850225,5.094084215428192,3.0616346409623225,1.6548432555475312,none,0.021649026161400988,0.0013189045536463606,0.3712645253467959,4.4214533871312245,diagnostic only,ff12,ew
rolling120,1932-08,1942-07,20000,3.5262883874987745,3.5178193302564793,2.24275980451923,1.6330195676563863,none,0.01585870666348163,0.001874589624595302,0.5340320255621579,4.4214533871312245,diagnostic only,ff12,ew
rolling120,1932-09,1942-08,20000,1.895095410633778,1.8938619178336138,1.4087880151292218,1.6051745263669066,none,0.009961635587522092,0.00042624452554651526,0.12382432476342936,4.4214533871312245,diagnostic only,ff12,ew
rolling120,1932-10,1942-09,20000,2.205684004579379,2.203879594471715,1.5563891491271369,1.600718215878101,none,0.011005333215129592,0.000563195355648638,0.16395778959088042,4.4214533871312245,diagnostic only,ff12,ew
rolling120,1932-11,1942-10,20000,3.2357032014278793,3.2311498329670343,2.054981709256835,1.601593733848371,none,0.014530915018298304,0.0010761539157435607,0.313357311298777,4.4214533871312245,diagnostic only,ff12,ew
rolling120,1932-12,1942-11,20000,3.5073174184352878,3.503379534772786,2.1888996058181664,1.602982104513335,none,0.015477857546105863,0.000874428555731388,0.2544204616673621,4.4214533871312245,diagnostic only,ff12,ew
rolling120,1933-01,1942-12,20000,3.805996086678848,3.803957511160961,2.332108070644433,1.6006783663485515,none,0.016490494312125546,0.00042435336140056457,0.12362124987289871,4.4214533871312245,diagnostic only,ff12,ew
rolling120,1933-02,1943-01,20000,4.521939224058232,4.516815198691421,2.710125499002561,1.6276835563661878,none,0.01916348118211287,0.0009288013432144915,0.2673848930743321,4.4214533871312245,diagnostic only,ff12,ew
rolling120,1933-03,1943-02,20000,6.418190659420787,6.4116831813935855,3.6430773514207533,1.6338981263927856,none,0.025760446995767416,0.0008780027246089173,0.2526151051754295,4.4214533871312245,diagnostic only,ff12,ew
rolling120,1933-04,1943-03,20000,6.737054111502446,6.724672225398438,3.741724256311231,1.6188308692240554,none,0.026457985949678627,0.0016029011643106106,0.4679829419955816,4.4214533871312245,diagnostic only,ff12,ew
rolling120,1933-05,1943-04,20000,4.573712110039939,4.56154285507172,2.655577507899533,1.5970192381166084,none,0.018777768638022323,0.0021881077401249005,0.6480671480624199,4.4214533871312245,diagnostic only,ff12,ew
rolling120,1933-06,1943-05,20000,2.976396689603808,2.968040872723179,1.842277237886779,1.5648272901843332,none,0.013026867277353638,0.00210577893440278,0.6414294935786516,4.4214533871312245,diagnostic only,ff12,ew
rolling120,1933-07,1943-06,20000,2.3530631139725533,2.3430947712314216,1.5443992800006672,1.5571732265106644,none,0.010920552037480933,0.0029817709108677093,0.9128057544086474,4.4214533871312245,diagnostic only,ff12,ew
rolling120,1933-08,1943-07,20000,2.506974376467388,2.497956150872041,1.6020297454196526,1.5417137614065082,none,0.011328060966487946,0.002578141407832968,0.7960961387854335,4.4214533871312245,diagnostic only,ff12,ew
rolling120,1933-09,1943-08,20000,2.1796562082155875,2.172284280265819,1.4454702342477272,1.5349345674607027,none,0.010221018046398753,0.002323854767880551,0.7212518279787211,4.4214533871312245,diagnostic only,ff12,ew
rolling120,1933-10,1943-09,20000,2.858755170529223,2.849743225844111,1.7416227339773387,1.524776378284341,none,0.012315132454640306,0.002340920980031358,0.7317781370444247,4.4214533871312245,diagnostic only,ff12,ew
rolling120,1933-11,1943-10,20000,3.2898955618347676,3.281221251481571,1.9346776189703663,1.5231849861481253,none,0.013680236637837895,0.002026129892304551,0.6340760458195908,4.4214533871312245,diagnostic only,ff12,ew
rolling120,1933-12,1943-11,20000,2.69110403315959,2.682947552667584,1.6620159932325158,1.5213834346241248,none,0.01175222779255207,0.0022146610494353514,0.6940369635427701,4.4214533871312245,diagnostic only,ff12,ew
rolling120,1934-01,1943-12,20000,3.02217912494618,3.0134194904464824,1.7975901535043768,1.5120704209938574,none,0.012710881873371117,0.0021825863258373435,0.689144513100132,4.4214533871312245,diagnostic only,ff12,ew
rolling120,1934-02,1944-01,20000,2.1993407538589524,2.1919220098756953,1.4169619841935794,1.5026221453047752,none,0.010019434277068256,0.0023242247023278484,0.7404354156238764,4.4214533871312245,diagnostic only,ff12,ew
rolling120,1934-03,1944-02,20000,2.230545595255139,2.223494886696678,1.4271646987690834,1.498403100798539,none,0.010091578363696752,0.002187287030471108,0.698672527166347,4.4214533871312245,diagnostic only,ff12,ew
rolling120,1934-04,1944-03,20000,2.3610289481040745,2.3547863960647266,1.4836824632652628,1.4966981313914598,none,0.01049121930902428,0.0018607897202249646,0.5950263601846724,4.4214533871312245,diagnostic only,ff12,ew
rolling120,1934-05,1944-04,20000,2.287596341020772,2.2800957100484425,1.4465658777295387,1.4931711729999009,none,0.010228765415756269,0.002286711009484188,0.733288003728725,4.4214533871312245,diagnostic only,ff12,ew
rolling120,1934-06,1944-05,20000,2.887845531511207,2.8798588922568755,1.7100119840989185,1.492574072441175,none,0.012091610698666079,0.002058487041956658,0.6605107833328265,4.4214533871312245,diagnostic only,ff12,ew
rolling120,1934-07,1944-06,20000,3.246141614510478,3.2371184683496406,1.8739809456534853,1.5000671834535992,none,0.013251046344859584,0.002129547764179396,0.6809383897700668,4.4214533871312245,diagnostic only,ff12,ew
rolling120,1934-08,1944-07,20000,4.0592368627891195,4.049567467966016,2.216876240256737,1.4898704957195816,none,0.015675682225368765,0.0019148956587757837,0.616840446500964,4.4214533871312245,diagnostic only,ff12,ew
rolling120,1934-09,1944-08,20000,3.827729683228184,3.819208401476951,2.112015610371907,1.488232094890816,none,0.014934205600658208,0.001768191171940492,0.5705882173510084,4.4214533871312245,diagnostic only,ff12,ew
rolling120,1934-10,1944-09,20000,3.8481861769717476,3.8389154724096697,2.1191084610259723,1.486906177500702,none,0.014984359628612536,0.0019158641259466869,0.6186920757277844,4.4214533871312245,diagnostic only,ff12,ew
rolling120,1934-11,1944-10,20000,3.933762882516712,3.9235229437624835,2.149521379356166,1.482595943906293,none,0.015199411436482064,0.0020797991339109867,0.673706267971026,4.4214533871312245,diagnostic only,ff12,ew
rolling120,1934-12,1944-11,20000,3.5250667329699166,3.5118684165843215,1.941299383204577,1.4611939798216866,none,0.013727059581772186,0.0029252440822702397,0.9614816856423358,4.4214533871312245,diagnostic only,ff12,ew
rolling120,1935-01,1944-12,20000,3.770752588246295,3.7581843324691118,2.0450323403991897,1.4617316212042295,none,0.014460562356420629,0.002641397411071278,0.8691401805409676,4.4214533871312245,diagnostic only,ff12,ew
rolling120,1935-02,1945-01,20000,4.171477391168576,4.156825009261751,2.2152268868826535,1.46133845600985,none,0.015664019535814894,0.002841357207294948,0.9354164729763852,4.4214533871312245,diagnostic only,ff12,ew
rolling120,1935-03,1945-02,20000,4.918201415541207,4.904802088645781,2.5224558978553717,1.456129479021775,none,0.017836456706175344,0.0022692254023537473,0.7512325523032206,4.4214533871312245,diagnostic only,ff12,ew
rolling120,1935-04,1945-03,20000,4.896472670074031,4.883675691356154,2.486643025469417,1.4327449902405467,none,0.017583221456996576,0.0021749972957683106,0.7277948895300493,4.4214533871312245,diagnostic only,ff12,ew
rolling120,1935-05,1945-04,20000,4.863941744270237,4.8515584818342505,2.4695221272397725,1.431293934811247,none,0.01746215842461471,0.002116233217941854,0.7091484417259122,4.4214533871312245,diagnostic only,ff12,ew
rolling120,1935-06,1945-05,20000,4.8126264155533125,4.797425722267053,2.4172031665574085,1.4056598465801686,none,0.017092207505783392,0.002621972926341476,0.8893347030286312,4.4214533871312245,diagnostic only,ff12,ew
rolling120,1935-07,1945-06,20000,4.713055835808391,4.696634189645482,2.378429244441921,1.4071415185720006,none,0.016818034473172788,0.002882692764923922,0.97643075884427,4.4214533871312245,diagnostic only,ff12,ew
rolling120,1935-08,1945-07,20000,4.011489557063162,3.9963480480485467,2.0719669492927415,1.3988555515503558,none,0.01465101880239301,0.003030515262148148,1.0334782323903695,4.4214533871312245,diagnostic only,ff12,ew
rolling120,1935-09,1945-08,20000,3.924277779151041,3.910045354302903,2.022826159131743,1.3880815904451909,none,0.014303540942835938,0.0028986340901444585,0.995028077663992,4.4214533871312245,diagnostic only,ff12,ew
rolling120,1935-10,1945-09,20000,4.123737931030029,4.112480433123122,2.089996198503267,1.3779393068058732,none,0.014778504846157656,0.002201964008306412,0.761748094553302,4.4214533871312245,diagnostic only,ff12,ew
rolling120,1935-11,1945-10,20000,3.928080607874629,3.9181454806903977,2.0025802169435276,1.3726624119466682,none,0.014160380512707958,0.002020096238152691,0.7016144216827427,4.4214533871312245,diagnostic only,ff12,ew
rolling120,1935-12,1945-11,20000,3.8593656294786816,3.8421590198948747,1.9359632866284673,1.3411913376760518,none,0.01368932768103185,0.003553499485066558,1.256936058857629,4.4214533871312245,diagnostic only,ff12,ew
rolling120,1936-01,1945-12,20000,3.6942900233083673,3.675294282426722,1.8640244361048819,1.3378260331829186,none,0.013180643190671923,0.004063004323181518,1.4411846680660259,4.4214533871312245,diagnostic only,ff12,ew
rolling120,1936-02,1946-01,20000,3.456339057715972,3.4382088049008797,1.7527366004272344,1.3240365891081225,none,0.012393719357959536,0.004085038269283858,1.4628581050972806,4.4214533871312245,diagnostic only,ff12,ew
rolling120,1936-03,1946-02,20000,3.0375222736781886,3.0190519971800196,1.5782827627309057,1.3196846893552414,none,0.011160144441568622,0.004595679904397576,1.6550212763709455,4.4214533871312245,diagnostic only,ff12,ew
rolling120,1936-04,1946-03,20000,3.242568203791284,3.224754250123177,1.6625923986627178,1.3233493369917888,none,0.011756303594436156,0.004216565654105997,1.5152682580039634,4.4214533871312245,diagnostic only,ff12,ew
rolling120,1936-05,1946-04,20000,4.075493887718193,4.05703859893009,1.9949399479603886,1.3270491402844888,none,0.01410635565262729,0.0036494261269841566,1.3082960080242854,4.4214533871312245,diagnostic only,ff12,ew
rolling120,1936-06,1946-05,20000,4.061535774009852,4.043755030232352,1.9866313339324044,1.3253916476517127,none,0.014047604879412796,0.003525298844000657,1.2657491387416797,4.4214533871312245,diagnostic only,ff12,ew
rolling120,1936-07,1946-06,20000,3.779033662990662,3.7626282480223336,1.876103393842522,1.3255168914851296,none,0.013266054319931433,0.0034446137959938117,1.2366461475798602,4.4214533871312245,diagnostic only,ff12,ew
rolling120,1936-08,1946-07,20000,3.257986452636828,3.243043357226081,1.6698721217447554,1.3247290845673028,none,0.011807779010000847,0.0035217871119084254,1.265529732398501,4.4214533871312245,diagnostic only,ff12,ew
rolling120,1936-09,1946-08,20000,2.911325439389985,2.8981790450992553,1.5345884385104664,1.3250457493654868,none,0.01085117891201226,0.0033724449643370846,1.2115176053522312,4.4214533871312245,diagnostic only,ff12,ew
rolling120,1936-10,1946-09,20000,2.3056017062636056,2.294206048994284,1.2995969388147393,1.327333995561072,none,0.009189538082451808,0.003459303121855495,1.2400685613439504,4.4214533871312245,diagnostic only,ff12,ew
rolling120,1936-11,1946-10,20000,2.0695778600572368,2.0581120890647115,1.206803005052441,1.3276834831182756,none,0.008533385884288843,0.003749297167204846,1.3436367636479798,4.4214533871312245,diagnostic only,ff12,ew
rolling120,1936-12,1946-11,20000,1.8464506990290666,1.835513635941818,1.1134245699605558,1.3227082007746302,none,0.007873100637588245,0.0038571717478677048,1.3891684598863256,4.4214533871312245,diagnostic only,ff12,ew
rolling120,1937-01,1946-12,20000,1.9603033619344612,1.9502074132796272,1.1494379334640066,1.3113210668146977,none,0.008127753573054506,0.0034221148687341163,1.2421573272477808,4.4214533871312245,diagnostic only,ff12,ew
rolling120,1937-02,1947-01,20000,1.8445318269364583,1.835338872190416,1.1049830222471992,1.3124989921741053,none,0.007813409881270002,0.003242277258711068,1.1765611795279425,4.4214533871312245,diagnostic only,ff12,ew
rolling120,1937-03,1947-02,20000,1.7879684686461959,1.7790221246854676,1.0794176214586162,1.3078765918552797,none,0.007632635198656413,0.0032192417186100997,1.1721173261762967,4.4214533871312245,diagnostic only,ff12,ew
rolling120,1937-04,1947-03,20000,1.7417089603900757,1.7329357167606885,1.0562671288543424,1.3018009511603974,none,0.007468936495573502,0.0032101902637455826,1.1746309042240153,4.4214533871312245,diagnostic only,ff12,ew
rolling120,1937-05,1947-04,20000,1.7929481925168236,1.783949446179348,1.076211963095382,1.3022350793181068,none,0.007609967770988309,0.0032323670064575705,1.182494671236563,4.4214533871312245,diagnostic only,ff12,ew
rolling120,1937-06,1947-05,20000,1.7606741977539382,1.7520185707181732,1.0625304820663375,1.3008110563312212,none,0.007513225090865185,0.0031451920884044693,1.1520521388729228,4.4214533871312245,diagnostic only,ff12,ew
rolling120,1937-07,1947-06,20000,2.160698909152743,2.150709804556044,1.2156520829986375,1.3007872252986696,none,0.008595958314518882,0.003170429908287309,1.162069920677364,4.4214533871312245,diagnostic only,ff12,ew
rolling120,1937-08,1947-07,20000,2.0269844331668194,2.019158346827759,1.1586683600020982,1.2913958434852986,none,0.008193022545037794,0.0025921417295926563,0.9552135730177409,4.4214533871312245,diagnostic only,ff12,ew
rolling120,1937-09,1947-08,20000,2.1300222607757107,2.1219861206182284,1.196374915609886,1.2900753156416656,none,0.008459648156692338,0.0025740473682474008,0.9499378707759747,4.4214533871312245,diagnostic only,ff12,ew
rolling120,1937-10,1947-09,20000,2.799608210878157,2.7923617203066886,1.4449562044198905,1.2826641944659163,none,0.010217383306628797,0.0019108120759330216,0.7092315472560228,4.4214533871312245,diagnostic only,ff12,ew
rolling120,1937-11,1947-10,20000,3.2981733088001945,3.289837049967935,1.6298500360413675,1.279220669546092,none,0.011524780128019899,0.0019432576890821007,0.7233334380056237,4.4214533871312245,diagnostic only,ff12,ew
rolling120,1937-12,1947-11,20000,3.6119543217366963,3.6038546171579826,1.7404487632516972,1.2709014617518393,none,0.012306831228030151,0.0017593310936725448,0.6581470427794373,4.4214533871312245,diagnostic only,ff12,ew
rolling120,1938-01,1947-12,20000,4.255553742713204,4.2461346820398465,1.9796886388994013,1.2725965335384588,none,0.01399851261203733,0.0017954286811590059,0.6728615342502772,4.4214533871312245,diagnostic only,ff12,ew
rolling120,1938-02,1948-01,20000,3.9956225942229255,3.986711135859493,1.8753264828527627,1.2715554620473004,none,0.013260560729639062,0.001787041222289787,0.672027265296118,4.4214533871312245,diagnostic only,ff12,ew
rolling120,1938-03,1948-02,20000,3.45057930927259,3.4427783783836965,1.6690028298006232,1.2702889258408814,none,0.011801632187715579,0.0017558676630931025,0.6610044072559396,4.4214533871312245,diagnostic only,ff12,ew
rolling120,1938-04,1948-03,20000,5.666011456374474,5.656259020551174,2.4656056162335798,1.2518901070928725,none,0.017434464509704005,0.0014651526921038993,0.5593768491066972,4.4214533871312245,diagnostic only,ff12,ew
rolling120,1938-05,1948-04,20000,4.817261384584483,4.807100323689767,2.1536824476384133,1.2551454837650184,none,0.015228834632475636,0.0017497649994548947,0.667225112094097,4.4214533871312245,diagnostic only,ff12,ew
rolling120,1938-06,1948-05,20000,5.71948850457699,5.710862500845757,2.4762607551007525,1.2494754841895503,none,0.017509807719178625,0.0012853792981373235,0.4926384041204834,4.4214533871312245,diagnostic only,ff12,ew
rolling120,1938-07,1948-06,20000,4.2039734625033445,4.198121212658506,1.8970011342383537,1.2392763534000246,none,0.01341382365938512,0.0011258394341759903,0.43628498431493345,4.4214533871312245,diagnostic only,ff12,ew
rolling120,1938-08,1948-07,20000,3.4149205303311763,3.4113931041114434,1.5999877699669387,1.233971648369998,none,0.011313622019591641,0.0007996172946922453,0.3117857582323772,4.4214533871312245,diagnostic only,ff12,ew
rolling120,1938-09,1948-08,20000,3.677011755573729,3.6726099859532377,1.689901439311964,1.231219931611077,none,0.011949407672743967,0.0009420365991863466,0.36836718112243033,4.4214533871312245,diagnostic only,ff12,ew
rolling120,1938-10,1948-09,20000,3.534432796900862,3.529994801184273,1.63881306542685,1.2315094232033894,none,0.011588158316604388,0.0009796911279962295,0.38297679366615894,4.4214533871312245,diagnostic only,ff12,ew
rolling120,1938-11,1948-10,20000,3.212725788537805,3.2081271871671637,1.5029935099387541,1.217299787745238,none,0.010627769029570636,0.0010927904899511454,0.4326967736922272,4.4214533871312245,diagnostic only,ff12,ew
rolling120,1938-12,1948-11,20000,2.918640171507702,2.912387115531716,1.3941234423201458,1.2154596372671962,none,0.009857941398757078,0.0015982712833202406,0.6343166106439362,4.4214533871312245,diagnostic only,ff12,ew
rolling120,1939-01,1948-12,20000,2.911070737596781,2.904255243546872,1.3910593669177715,1.215306788050336,none,0.00983627511380622,0.00174565791034631,0.6928938008599165,4.4214533871312245,diagnostic only,ff12,ew
rolling120,1939-02,1949-01,20000,3.2567599341313276,3.2493310336105736,1.512008288886615,1.2133679118337697,none,0.010691513142819938,0.0017482517746898463,0.6948408912299712,4.4214533871312245,diagnostic only,ff12,ew
rolling120,1939-03,1949-02,20000,2.909507958488951,2.9023303201160457,1.389265362897616,1.2138132997488003,none,0.00982358958972494,0.0018393210682103867,0.7306533225301574,4.4214533871312245,diagnostic only,ff12,ew
rolling120,1939-04,1949-03,20000,3.881807838841419,3.878966300264845,1.7096107527925029,1.1983469560665085,none,0.01208877356489017,0.0005824058625736317,0.23505598490374824,4.4214533871312245,diagnostic only,ff12,ew
rolling120,1939-05,1949-04,20000,3.7199562206793204,3.7181381740230934,1.6573920338373052,1.2003058383575544,none,0.011719531462109222,0.0003853313720729723,0.15512963654775463,4.4214533871312245,diagnostic only,ff12,ew
rolling120,1939-06,1949-05,20000,3.168520733522847,3.1660920668873382,1.4620061530598798,1.1990297124698543,none,0.010337944649650986,0.0005829603850602272,0.23492741718158286,4.4214533871312245,diagnostic only,ff12,ew
rolling120,1939-07,1949-06,20000,3.5125122064453316,3.5097047735928317,1.5773477734416665,1.1959711348146276,none,0.011153533068901045,0.0006225314058114773,0.25170794179359196,4.4214533871312245,diagnostic only,ff12,ew
rolling120,1939-08,1949-07,20000,3.2293691503943722,3.226047178583361,1.4705237888094733,1.1918836512051696,none,0.01039817342963313,0.0007860706874847079,0.31947647666120477,4.4214533871312245,diagnostic only,ff12,ew
rolling120,1939-09,1949-08,20000,3.8137727539949164,3.8096765487947692,1.6707868989209456,1.1904513476293626,none,0.011814247461446433,0.0008516591830221021,0.3467174031621048,4.4214533871312245,diagnostic only,ff12,ew
rolling120,1939-10,1949-09,20000,2.8594167914007453,2.8555493138305206,1.1996076696978464,1.0688675927131208,none,0.008482507180067392,0.0010030937890876945,0.45593566714717926,4.4214533871312245,diagnostic only,ff12,ew
rolling120,1939-11,1949-10,20000,3.0183918486561323,3.0154810655662567,1.243070421022626,1.0645047982491282,none,0.008789835241975155,0.0007248902540808455,0.3311533162732525,4.4214533871312245,diagnostic only,ff12,ew
rolling120,1939-12,1949-11,20000,3.338164791664631,3.3336440822178384,1.3302457954628921,1.0594179238185661,none,0.00940625822616704,0.0010431658348093453,0.4806065640656849,4.4214533871312245,diagnostic only,ff12,ew
rolling120,1940-01,1949-12,20000,3.6018268075422157,3.59443655399339,1.41212084621048,1.060260005646689,none,0.00998520226210316,0.0016085222773185581,0.740120565897215,4.4214533871312245,diagnostic only,ff12,ew
rolling120,1940-02,1950-01,20000,3.8406149337678936,3.8335460011750175,1.4876299005171458,1.062092501647273,none,0.01051913190551543,0.001462473428650135,0.6720072204028263,4.4214533871312245,diagnostic only,ff12,ew
rolling120,1940-03,1950-02,20000,3.811681613704621,3.806633731113365,1.4785492542303014,1.0618801380180551,none,0.010454922039845587,0.0010501908141202776,0.4828235516264486,4.4214533871312245,diagnostic only,ff12,ew
rolling120,1940-04,1950-03,20000,3.682956516684714,3.6776861102046814,1.442976421091044,1.0653705363807777,none,0.010203384124457723,0.0011267123008820157,0.5165351432177641,4.4214533871312245,diagnostic only,ff12,ew
rolling120,1940-05,1950-04,20000,3.9362228144440494,3.931069515885274,1.533166844864076,1.0745815131400294,none,0.010841126726937716,0.0010450671080937113,0.4753471376707254,4.4214533871312245,diagnostic only,ff12,ew
rolling120,1940-06,1950-05,20000,5.860941030321442,5.852911408037969,2.131585142826425,1.0749795134975841,none,0.015072583091690607,0.0011717096289984852,0.5327303379006771,4.4214533871312245,diagnostic only,ff12,ew
rolling120,1940-07,1950-06,20000,4.823876253138511,4.821076207870135,1.7729167623380906,1.0312282166048505,none,0.012536414651285625,0.00048101848668302694,0.22335295586997406,4.4214533871312245,diagnostic only,ff12,ew
rolling120,1940-08,1950-07,20000,4.789141741298909,4.789111441781724,1.7857615708365657,1.0436823845850531,none,0.012627241163208769,5.233880447708117e-06,0.0023995357967273416,4.4214533871312245,diagnostic only,ff12,ew
rolling120,1940-09,1950-08,20000,5.008235584701865,5.007586360914085,1.8517760305806668,1.0432708255227539,none,0.01309403388462297,0.00010806732500823202,0.04958164867298525,4.4214533871312245,diagnostic only,ff12,ew
rolling120,1940-10,1950-09,20000,5.133397307248712,5.133534920247594,1.8863717143586352,1.041752836338073,none,0.013338662310614839,-2.243616457242581e-05,-0.010316851546048587,4.4214533871312245,diagnostic only,ff12,ew
rolling120,1940-11,1950-10,20000,4.821148649815533,4.821581557897755,1.7818885418328267,1.037908461336135,none,0.012599854712486008,-7.436262430005058e-05,-0.03435818047908549,4.4214533871312245,diagnostic only,ff12,ew
rolling120,1940-12,1950-11,20000,5.049182849678642,5.053929039318666,1.8318422691150036,1.0450535304452404,none,0.012953080905553714,-0.0007839850135669124,-0.3664139577780791,4.4214533871312245,diagnostic only,ff12,ew
rolling120,1941-01,1950-12,20000,5.595111777823932,5.601240629825961,2.007270561566815,1.050218231967683,none,0.014193546257600241,-0.0009284394170298027,-0.43180554674611055,4.4214533871312245,diagnostic only,ff12,ew
rolling120,1941-02,1951-01,20000,6.065656120715252,6.070807787944268,2.131324440123831,1.040275823027604,none,0.015070739645201826,-0.0007285825585303662,-0.3418324083819457,4.4214533871312245,diagnostic only,ff12,ew
rolling120,1941-03,1951-02,20000,6.3155479842644136,6.322253704501161,2.206253114774994,1.039983685399883,none,0.015600565384713407,-0.0009158000401742195,-0.4298382828688069,4.4214533871312245,diagnostic only,ff12,ew
rolling120,1941-04,1951-03,20000,6.065141179753224,6.071512752868152,2.1217874859721335,1.0392787643977894,none,0.015003303195676521,-0.0009010198153631688,-0.42467802135490595,4.4214533871312245,diagnostic only,ff12,ew
rolling120,1941-05,1951-04,20000,6.832985766627369,6.839300994707126,2.344523015968074,1.037204819221075,none,0.016578281232389615,-0.0008055856107606063,-0.3809338248780154,4.4214533871312245,diagnostic only,ff12,ew
rolling120,1941-06,1951-05,20000,6.593956912058883,6.597717370807664,2.266937159427801,1.0353726074313039,none,0.016029666379551676,-0.0004949458587693023,-0.23459370018941855,4.4214533871312245,diagnostic only,ff12,ew
rolling120,1941-07,1951-06,20000,5.895518370651029,5.900349564118907,2.061310930828116,1.0364679889587867,none,0.014575669373225153,-0.0007001374963668816,-0.3314560274503138,4.4214533871312245,diagnostic only,ff12,ew
rolling120,1941-08,1951-07,20000,5.527917575634126,5.533468378380812,1.950901690928554,1.036006006430168,none,0.013794958150838825,-0.0008495951040421446,-0.40237909285349116,4.4214533871312245,diagnostic only,ff12,ew
rolling120,1941-09,1951-08,20000,5.863779833172613,5.871956804089289,2.0531057593425857,1.0358830427435888,none,0.014517650049242981,-0.001189904295063493,-0.5632434236216459,4.4214533871312245,diagnostic only,ff12,ew
rolling120,1941-10,1951-09,20000,6.102767588158871,6.110300651806318,2.121135493420247,1.0347281788345666,none,0.014998692912129302,-0.0010594578227199891,-0.5022480086484712,4.4214533871312245,diagnostic only,ff12,ew
rolling120,1941-11,1951-10,20000,6.368692597369032,6.375028409115904,2.189767419375591,1.0322681565786336,none,0.015483993914618467,-0.0008590898089343435,-0.4091845929292645,4.4214533871312245,diagnostic only,ff12,ew
rolling120,1941-12,1951-11,20000,6.761427981302071,6.768238043811023,2.296932301875362,1.032082729966233,none,0.016241764065824945,-0.0008766547150774739,-0.4192932788182119,4.4214533871312245,diagnostic only,ff12,ew
rolling120,1942-01,1951-12,20000,7.656248312396336,7.660734613173682,2.545157231574506,1.0286714082186885,none,0.017996979376323132,-0.0005180046471487953,-0.24928076448475117,4.4214533871312245,diagnostic only,ff12,ew
rolling120,1942-02,1952-01,20000,6.858008634376507,6.863541465175494,2.1621624497015692,0.9275135431093329,none,0.01528879730210897,-0.0007036054713376316,-0.3618879032573913,4.4214533871312245,diagnostic only,ff12,ew
rolling120,1942-03,1952-02,20000,6.919457284423465,6.925974043142038,2.1748120466964496,0.9266006164351264,none,0.015378243460252539,-0.0008222028842260753,-0.42376482954092903,4.4214533871312245,diagnostic only,ff12,ew
rolling120,1942-04,1952-03,20000,7.586431095702627,7.592606282876696,2.3417825251413418,0.9225916357263948,none,0.016558903035915996,-0.0007186628795473604,-0.37292247926538796,4.4214533871312245,diagnostic only,ff12,ew
rolling120,1942-05,1952-04,20000,7.5443988771684,7.551012925202915,2.329801428142266,0.9216252123705068,none,0.01647418388657499,-0.000773481234605522,-0.40147955613781855,4.4214533871312245,diagnostic only,ff12,ew
rolling120,1942-06,1952-05,20000,7.363680815803497,7.368113039523086,2.2642897147407206,0.9157539689998194,none,0.016010946118641168,-0.0005296562915264591,-0.2768245977936765,4.4214533871312245,diagnostic only,ff12,ew
rolling120,1942-07,1952-06,20000,7.372509306650871,7.376873257188986,2.265012483146535,0.9153081222526464,none,0.016016056863050954,-0.0005209521982882936,-0.2724734668108654,4.4214533871312245,diagnostic only,ff12,ew
rolling120,1942-08,1952-07,20000,7.09860712078488,7.104294533688165,2.1893803704853325,0.9147925846324653,none,0.015481257065668943,-0.0007017776661056851,-0.3673741014156554,4.4214533871312245,diagnostic only,ff12,ew
rolling120,1942-09,1952-08,20000,6.893758016516611,6.900610564472525,2.132330216148817,0.913925613211431,none,0.015077851555678052,-0.0008673440995470294,-0.45447774376935596,4.4214533871312245,diagnostic only,ff12,ew
rolling120,1942-10,1952-09,20000,6.427120887662411,6.433134731535321,2.0011006634553627,0.9115915056279396,none,0.014149918489661862,-0.0008090589085377742,-0.42500908237063606,4.4214533871312245,diagnostic only,ff12,ew
rolling120,1942-11,1952-10,20000,5.621693687920248,5.627260481479963,1.7604576978459392,0.8978677931525166,none,0.012448315761389217,-0.0008399841194217661,-0.44719250912490843,4.4214533871312245,diagnostic only,ff12,ew
rolling120,1942-12,1952-11,20000,6.010743430290635,6.0167306589967815,1.8522701978854474,0.8940342984872115,none,0.01309752817514548,-0.0008532789695254728,-0.4571266139750182,4.4214533871312245,diagnostic only,ff12,ew
rolling120,1943-01,1952-12,20000,5.864230466469518,5.870425122585741,1.8080364640191107,0.8916415534989023,none,0.012784748443404603,-0.0009016408745738946,-0.48453484584737344,4.4214533871312245,diagnostic only,ff12,ew
rolling120,1943-02,1953-01,20000,4.951346419285614,4.960031980938319,1.5017128207640191,0.8392208806056679,none,0.010618713189570163,-0.0014573011823566517,-0.8179486061678067,4.4214533871312245,diagnostic only,ff12,ew
rolling120,1943-03,1953-02,20000,4.351026990923471,4.3556196054905785,1.306051730595076,0.7966133506010917,none,0.009235180352842041,-0.0008575318834068701,-0.49729560134619344,4.4214533871312245,diagnostic only,ff12,ew
rolling120,1943-04,1953-03,20000,3.8128917480738207,3.8167994179842823,1.1652067465390408,0.7938450925053683,none,0.008239255919620703,-0.0008112585913111481,-0.4742746127300223,4.4214533871312245,diagnostic only,ff12,ew
rolling120,1943-05,1953-04,20000,3.501144689112647,3.502761088783968,1.0853873723766503,0.7932013073117442,none,0.007674847712217778,-0.0003589796659093647,-0.21060999930305135,4.4214533871312245,diagnostic only,ff12,ew
rolling120,1943-06,1953-05,20000,3.1449075393692647,3.145474429973647,0.9919051106125579,0.7856103044038029,none,0.007013828300077322,-0.0001367492705499629,-0.08082470515796046,4.4214533871312245,diagnostic only,ff12,ew
rolling120,1943-07,1953-06,20000,2.974140069626211,2.9749201433502894,0.9480378781964853,0.7841114738545764,none,0.006703640124944409,-0.0001962489046185567,-0.11636569230140341,4.4214533871312245,diagnostic only,ff12,ew
rolling120,1943-08,1953-07,20000,3.2954297978910376,3.2967959424033992,1.0167757086970206,0.7795105600692873,none,0.007189689985654209,-0.0003179449363372999,-0.19001438380340707,4.4214533871312245,diagnostic only,ff12,ew
rolling120,1943-09,1953-08,20000,3.0952731866281527,3.096353658819514,0.9741934199845989,0.7824800222599113,none,0.006888587734584241,-0.00026376438202191377,-0.15684959428432804,4.4214533871312245,diagnostic only,ff12,ew
rolling120,1943-10,1953-09,20000,2.918406474959314,2.9194257776517687,0.9339503889168242,0.7839721484172714,none,0.006604026532948998,-0.0002600642926487984,-0.15434563858412798,4.4214533871312245,diagnostic only,ff12,ew
rolling120,1943-11,1953-10,20000,3.0658302304137237,3.065809987894725,0.9668951872140645,0.7817132781196998,none,0.0068369814357570145,4.9787174165594195e-06,0.002960739207645766,4.4214533871312245,diagnostic only,ff12,ew
rolling120,1943-12,1953-11,20000,3.5487717806232832,3.550569679053126,1.0780227741468205,0.7797269384657505,none,0.007622772138727507,-0.00039509304474960594,-0.2358588709097792,4.4214533871312245,diagnostic only,ff12,ew
rolling120,1944-01,1953-12,20000,3.1042695813344334,3.1051151168848268,0.9707044794408008,0.7781822525170481,none,0.006863917199407479,-0.00020597121550025577,-0.12318556967242268,4.4214533871312245,diagnostic only,ff12,ew
rolling120,1944-02,1954-01,20000,3.2011256677463455,3.20145248039878,0.9949566379938641,0.7785922238626457,none,0.0070354058571203025,-7.778563579119435e-05,-0.046452565647474145,4.4214533871312245,diagnostic only,ff12,ew
rolling120,1944-03,1954-02,20000,3.232118449471138,3.2335132473835806,1.0008804984393804,0.7778639504205109,none,0.007077293876038576,-0.0003294658197432465,-0.19708068322060412,4.4214533871312245,diagnostic only,ff12,ew
rolling120,1944-04,1954-03,20000,3.157957814850427,3.1582713987056863,0.9826087787370267,0.7775968255107101,none,0.006948093306983834,-7.541207035144382e-05,-0.04513236098085839,4.4214533871312245,diagnostic only,ff12,ew
rolling120,1944-05,1954-04,20000,3.356034366113761,3.3571579487962726,1.0315994751398427,0.7785430584105832,none,0.00729450984339866,-0.000257870542155203,-0.1540312792268824,4.4214533871312245,diagnostic only,ff12,ew
rolling120,1944-06,1954-05,20000,3.260229947972764,3.2598186046377116,1.005239724569606,0.7762645609104254,none,0.007108118259612657,9.656358010290411e-05,0.057869512018355905,4.4214533871312245,diagnostic only,ff12,ew
rolling120,1944-07,1954-06,20000,2.916650075334654,2.914614503775661,0.9088266106359462,0.7563168956545544,none,0.006426374593034636,0.0005199928516663732,0.3167527086265884,4.4214533871312245,diagnostic only,ff12,ew
rolling120,1944-08,1954-07,20000,3.248723433540586,3.2471840505293432,0.9868202612436123,0.7563132690460301,none,0.006977872985376386,0.00036244791676764976,0.22060920490656746,4.4214533871312245,diagnostic only,ff12,ew
rolling120,1944-09,1954-08,20000,3.0959327434239445,3.0944922221078057,0.9472076008851585,0.7531696524013736,none,0.006697769177773364,0.00035181928258665174,0.21507479250243483,4.4214533871312245,diagnostic only,ff12,ew
rolling120,1944-10,1954-09,20000,3.3020274520017368,3.2999033631980046,0.9943741058680787,0.7530704762076595,none,0.007031286732956284,0.0004939852420664526,0.3020910516671667,4.4214533871312245,diagnostic only,ff12,ew
rolling120,1944-11,1954-10,20000,3.2713329818056462,3.268727245207936,0.9875597442397129,0.7531416296970627,none,0.0069831019197875354,0.0006104247116363037,0.3731488710377625,4.4214533871312245,diagnostic only,ff12,ew
rolling120,1944-12,1954-11,20000,3.599121749373229,3.596392835532428,1.065846798832543,0.7542214072951362,none,0.007536674991604652,0.000593707704812596,0.36208458555542344,4.4214533871312245,diagnostic only,ff12,ew
rolling120,1945-01,1954-12,20000,3.6954619507199618,3.6934688134124896,1.0842732163537887,0.7500741241290388,none,0.007666969439427126,0.00042466188371714786,0.2599641648788311,4.4214533871312245,diagnostic only,ff12,ew
rolling120,1945-02,1955-01,20000,3.543864787365854,3.541017093142429,1.0483930536650248,0.7490123331146623,none,0.0074132583759541106,0.0006271049337658319,0.3841352990827741,4.4214533871312245,diagnostic only,ff12,ew
rolling120,1945-03,1955-02,20000,3.3683172299387922,3.36403892190199,1.0051068112716717,0.7479904487592204,none,0.007107178420669864,0.0009803551511262665,0.6019699778971965,4.4214533871312245,diagnostic only,ff12,ew
rolling120,1945-04,1955-03,20000,3.6514291122675067,3.64590403714116,1.0712330426057681,0.7491975791978488,none,0.007574761486576364,0.0011892357401652731,0.7294058217064336,4.4214533871312245,diagnostic only,ff12,ew
rolling120,1945-05,1955-04,20000,3.384179096435762,3.3784230464011564,1.0077278660261986,0.7476960425110614,none,0.0071257120765777365,0.001314639991066402,0.8077859409343578,4.4214533871312245,diagnostic only,ff12,ew
rolling120,1945-06,1955-05,20000,3.3048056750584633,3.2985751133746612,0.9872059839781269,0.7465294932735697,none,0.006980600456988717,0.0014494481355964428,0.8925538314636369,4.4214533871312245,diagnostic only,ff12,ew
rolling120,1945-07,1955-06,20000,3.301663162475288,3.296279887720104,0.9800419506345378,0.7411173229201669,none,0.006929943091409733,0.001253008392346766,0.7768137031106521,4.4214533871312245,diagnostic only,ff12,ew
rolling120,1945-08,1955-07,20000,3.4674173925335445,3.4612933891975874,1.017542696073441,0.7404959952452749,none,0.007195113405403723,0.0013726968396172712,0.8511336779428373,4.4214533871312245,diagnostic only,ff12,ew
rolling120,1945-09,1955-08,20000,3.1994629232637295,3.19517218530967,0.9510224518498103,0.7375760623355625,none,0.0067247442476365766,0.001022779939541918,0.6380522137428956,4.4214533871312245,diagnostic only,ff12,ew
rolling120,1945-10,1955-09,20000,2.913544359401266,2.9098744895875592,0.8863399042718312,0.7378147311588527,none,0.006267369567468472,0.0009386157595288047,0.58555184502852,4.4214533871312245,diagnostic only,ff12,ew
rolling120,1945-11,1955-10,20000,2.6100271716976193,2.606335816036863,0.813114893226449,0.7356071120760103,none,0.005749590548841976,0.0010235751325047282,0.6420206151027165,4.4214533871312245,diagnostic only,ff12,ew
rolling120,1945-12,1955-11,20000,2.4744371006354524,2.4714716276432362,0.7828599497839687,0.7351010190064732,none,0.005535655792116043,0.0008542408840683802,0.5357040075431775,4.4214533871312245,diagnostic only,ff12,ew
rolling120,1946-01,1955-12,20000,2.475295738310672,2.472940567293143,0.7827524732248423,0.7355233742062368,none,0.005534895818078274,0.0006781489553000508,0.425513161392594,4.4214533871312245,diagnostic only,ff12,ew
rolling120,1946-02,1956-01,20000,2.1408277022792577,2.137930223181264,0.7026122778061064,0.7333484868901837,none,0.004968219061816242,0.000923372698535152,0.5832027658084811,4.4214533871312245,diagnostic only,ff12,ew
rolling120,1946-03,1956-02,20000,2.4604383190318204,2.457284275995544,0.7742808992479537,0.7331578459933643,none,0.005474992744014461,0.0009122891797399557,0.576081683345491,4.4214533871312245,diagnostic only,ff12,ew
rolling120,1946-04,1956-03,20000,2.4362191275963023,2.4323217387450877,0.7594709680525145,0.7210310165947681,none,0.005370270716242447,0.0011354963630652026,0.725734149570319,4.4214533871312245,diagnostic only,ff12,ew
rolling120,1946-05,1956-04,20000,2.2624270764027448,2.257692890066124,0.711844795158848,0.7108659536521542,none,0.0050335028180917025,0.0014532328541640993,0.9405351517048791,4.4214533871312245,diagnostic only,ff12,ew
rolling120,1946-06,1956-05,20000,1.9828698885994813,1.9778197026996618,0.6496069894444464,0.7106193725076327,none,0.00459341507342346,0.0016959340739268747,1.099440355181237,4.4214533871312245,diagnostic only,ff12,ew
rolling120,1946-07,1956-06,20000,2.2018004479246445,2.1960494528983827,0.6960731280153976,0.7097659499645176,none,0.004921980290214194,0.00179940739685569,1.1684311368933744,4.4214533871312245,diagnostic only,ff12,ew
rolling120,1946-08,1956-07,20000,2.461056830116949,2.45487594558161,0.751529278235734,0.7086765208129086,none,0.0053141144890071915,0.0017890322641667122,1.1631071457201543,4.4214533871312245,diagnostic only,ff12,ew
rolling120,1946-09,1956-08,20000,2.6541547911099346,2.6466363149318073,0.7910842234062528,0.7072818062798854,none,0.0055938101886025505,0.002061756514446289,1.344070664651129,4.4214533871312245,diagnostic only,ff12,ew
rolling120,1946-10,1956-09,20000,3.0392202821874075,3.03115615576694,0.8658761498538374,0.7027750827369571,none,0.006122668972293476,0.002000450021994782,1.3170933226930244,4.4214533871312245,diagnostic only,ff12,ew
rolling120,1946-11,1956-10,20000,3.1090026042235475,3.1017829728780217,0.879624402093148,0.7011812596421275,none,0.006219883796172273,0.0017601202680064265,1.160734120140427,4.4214533871312245,diagnostic only,ff12,ew
rolling120,1946-12,1956-11,20000,3.1525426610459495,3.144286717022447,0.8942432740638611,0.7099334759880992,none,0.0063232548312101644,0.0019921266522393566,1.3056478417970947,4.4214533871312245,diagnostic only,ff12,ew
rolling120,1947-01,1956-12,20000,3.0338456104111358,3.0265055648338555,0.8684109304560695,0.7113146533222298,none,0.006140592577820061,0.0018229319341778183,1.195331799701658,4.4214533871312245,diagnostic only,ff12,ew
rolling120,1947-02,1957-01,20000,2.9448332722302046,2.938269122865895,0.8446051531279357,0.706465409563453,none,0.005972260312018657,0.00166675997996113,1.0991063720213337,4.4214533871312245,diagnostic only,ff12,ew
rolling120,1947-03,1957-02,20000,2.928098658864626,2.922267352188486,0.8396873922528978,0.7064586704565103,none,0.0059374864913887245,0.00148671830666669,0.9821170430614059,4.4214533871312245,diagnostic only,ff12,ew
rolling120,1947-04,1957-03,20000,3.1609020024338164,3.154927398859389,0.8888009925377116,0.7059148690070823,none,0.006284772089487499,0.0014379561905384364,0.9506476112986112,4.4214533871312245,diagnostic only,ff12,ew
rolling120,1947-05,1957-04,20000,3.643049784163612,3.637433163888362,0.9881021671761715,0.7026493154783608,none,0.0069869374291539445,0.0012111485118504461,0.8038744202593776,4.4214533871312245,diagnostic only,ff12,ew
rolling120,1947-06,1957-05,20000,3.9463268309319517,3.941297433875091,1.0545871877929112,0.7043403967010378,none,0.007457057518408185,0.001017829249132296,0.6744479366620563,4.4214533871312245,diagnostic only,ff12,ew
rolling120,1947-07,1957-06,20000,3.63080109419388,3.627070294420858,0.9900244419634777,0.7052776983281945,none,0.007000529964528026,0.0008062984860033318,0.532931048352933,4.4214533871312245,diagnostic only,ff12,ew
rolling120,1947-08,1957-07,20000,3.409792441368977,3.4054214444782973,0.9401094001984712,0.7041836288476198,none,0.006647577319375568,0.0009921858659305283,0.6575323130036388,4.4214533871312245,diagnostic only,ff12,ew
rolling120,1947-09,1957-08,20000,3.2989421336116327,3.294460540616404,0.9182478594255856,0.7052736900484293,none,0.006492992882098632,0.0010435753112274515,0.6902199150078443,4.4214533871312245,diagnostic only,ff12,ew
rolling120,1947-10,1957-09,20000,3.1016079465189055,3.097440313080993,0.8777428071904081,0.7068288435666868,none,0.0062065789110205384,0.0010171309694513297,0.6714864175032814,4.4214533871312245,diagnostic only,ff12,ew
rolling120,1947-11,1957-10,20000,2.724973691428681,2.7215046807449865,0.7997271368270927,0.7109552160551748,none,0.005654924815493392,0.0009321527127570395,0.6134494793263926,4.4214533871312245,diagnostic only,ff12,ew
rolling120,1947-12,1957-11,20000,2.9666425213260172,2.9631570718508096,0.8529913701582974,0.7134229858038339,none,0.006031559821325365,0.0008794628655937053,0.5778686738518981,4.4214533871312245,diagnostic only,ff12,ew
rolling120,1948-01,1957-12,20000,2.7102891524730786,2.7052692475977875,0.7992092970927155,0.7076421864007049,none,0.005651263135615932,0.001354801645938597,0.8882801516804447,4.4214533871312245,diagnostic only,ff12,ew
rolling120,1948-02,1958-01,20000,3.141675210987856,3.1369605488262486,0.8939299473790826,0.7058015540519901,none,0.006321039276974829,0.0011396439743533993,0.7458681958805335,4.4214533871312245,diagnostic only,ff12,ew
rolling120,1948-03,1958-02,20000,3.3446972299499933,3.3395204908675513,0.9423822178798164,0.7091690531663786,none,0.006663648567324367,0.00119292882550881,0.7768625596233361,4.4214533871312245,diagnostic only,ff12,ew
rolling120,1948-04,1958-03,20000,3.1411517377457683,3.1359928881412165,0.8997916651848925,0.7122707688575167,none,0.00636248788107373,0.0012473062077411612,0.810822700330427,4.4214533871312245,diagnostic only,ff12,ew
rolling120,1948-05,1958-04,20000,3.127444728668106,3.1229840188822413,0.8927231337883349,0.703626812200747,none,0.006312505816238371,0.0010819129459236354,0.7066464436975046,4.4214533871312245,diagnostic only,ff12,ew
rolling120,1948-06,1958-05,20000,2.9301779356060185,2.926072152758987,0.8472166107955071,0.7007501405533831,none,0.005990726106273871,0.0010457736606155343,0.6853564616702859,4.4214533871312245,diagnostic only,ff12,ew
rolling120,1948-07,1958-06,20000,3.081794042386303,3.0778126606038754,0.8782626307172947,0.6994483677199587,none,0.0062102546184293565,0.0009763523030108523,0.6410979946961335,4.4214533871312245,diagnostic only,ff12,ew
rolling120,1948-08,1958-07,20000,3.533714633448282,3.5305180027043344,0.9771357554184356,0.7003375153362059,none,0.006909393187962155,0.0007055773185404846,0.4626499979067661,4.4214533871312245,diagnostic only,ff12,ew
rolling120,1948-09,1958-08,20000,3.7226175867225217,3.719049096671637,1.0214703034116597,0.7019732632446907,none,0.007222885783230647,0.0007561883713822493,0.4940532299665778,4.4214533871312245,diagnostic only,ff12,ew
rolling120,1948-10,1958-09,20000,4.198627531014944,4.193888360104519,1.1292108835010952,0.7050891145901734,none,0.00798472673113277,0.0009124514394318606,0.5935295057684288,4.4214533871312245,diagnostic only,ff12,ew
rolling120,1948-11,1958-10,20000,4.081166574205471,4.076601183222033,1.1051895196699542,0.7062140880053546,none,0.007814870038549278,0.0008993006971922402,0.5841928222629152,4.4214533871312245,diagnostic only,ff12,ew
rolling120,1948-12,1958-11,20000,4.971173349189269,4.967863454207609,1.3002155519405,0.7082412204177088,none,0.009193912337813373,0.0005546197574823886,0.36000941275532417,4.4214533871312245,diagnostic only,ff12,ew
rolling120,1949-01,1958-12,20000,5.075732518300238,5.074956454361932,1.317415430745777,0.7049992354955438,none,0.009315533847201353,0.00012774806603732536,0.08330858446062951,4.4214533871312245,diagnostic only,ff12,ew
rolling120,1949-02,1959-01,20000,5.195587633949508,5.1974053087097225,1.338965355964959,0.703966399272829,none,0.00946791482976682,-0.0002932960924243444,-0.19198258464472664,4.4214533871312245,diagnostic only,ff12,ew
rolling120,1949-03,1959-02,20000,5.702857170487899,5.70643277134691,1.4592935042618542,0.7060360709898893,none,0.01031876332605037,-0.0005331598751406874,-0.3465144752360262,4.4214533871312245,diagnostic only,ff12,ew
rolling120,1949-04,1959-03,20000,5.429848537538508,5.432846960874121,1.401603488763576,0.7067593620901155,none,0.009910833314394475,-0.00046611140508245885,-0.30253998230992396,4.4214533871312245,diagnostic only,ff12,ew
rolling120,1949-05,1959-04,20000,5.882760587035069,5.8848794813332574,1.5067426920292908,0.7132263673476711,none,0.010654279750371852,-0.00030776055033843175,-0.1988772913640385,4.4214533871312245,diagnostic only,ff12,ew
rolling120,1949-06,1959-05,20000,6.160421507064151,6.165948556048134,1.565483606758913,0.7120519704299453,none,0.01106964074175602,-0.0007712934220436285,-0.49929795491322804,4.4214533871312245,diagnostic only,ff12,ew
rolling120,1949-07,1959-06,20000,6.227436367428827,6.234999901041016,1.5824121247297833,0.7136721166169047,none,0.011189343440282426,-0.0010454089448018733,-0.6759586612526394,4.4214533871312245,diagnostic only,ff12,ew
rolling120,1949-08,1959-07,20000,6.031906592203712,6.038911596192526,1.5384025796252423,0.7128847660795513,none,0.010878148962478865,-0.0009951828337498858,-0.6439518352778492,4.4214533871312245,diagnostic only,ff12,ew
rolling120,1949-09,1959-08,20000,5.770602534706921,5.777323659655956,1.4841705618813021,0.7133625153989862,none,0.010494670687437173,-0.0009917078313737004,-0.6404321916532848,4.4214533871312245,diagnostic only,ff12,ew
rolling120,1949-10,1959-09,20000,5.101385550760543,5.107943148171386,1.3261377366023335,0.6989343265707424,none,0.009377209863388896,-0.0010736179515368205,-0.6993122161471482,4.4214533871312245,diagnostic only,ff12,ew
rolling120,1949-11,1959-10,20000,5.041062618574229,5.048067592338033,1.3152757160827928,0.7004651998321203,none,0.009300403779721349,-0.001158216844778348,-0.7531902839614049,4.4214533871312245,diagnostic only,ff12,ew
rolling120,1949-12,1959-11,20000,5.083487006614252,5.089372782635345,1.326803392328254,0.7021634336000763,none,0.009381916760166236,-0.0009665652327734975,-0.6273532553691694,4.4214533871312245,diagnostic only,ff12,ew
rolling120,1950-01,1959-12,20000,4.795902320246667,4.803834566963608,1.2567364141626525,0.6982429671446941,none,0.00888646840618477,-0.001366725158241433,-0.8926208201471609,4.4214533871312245,diagnostic only,ff12,ew
rolling120,1950-02,1960-01,20000,4.3529136316936246,4.359201374342548,1.1579514847362666,0.6945775266646955,none,0.00818795347142045,-0.0011732611278661986,-0.7679260355924296,4.4214533871312245,diagnostic only,ff12,ew
rolling120,1950-03,1960-02,20000,4.308560022018739,4.313446477003383,1.1500189327462915,0.69595377817205,none,0.008131861858378189,-0.0009196394479163983,-0.6009023603383153,4.4214533871312245,diagnostic only,ff12,ew
rolling120,1950-04,1960-03,20000,4.163761366451775,4.1679393834481475,1.1128150681453486,0.689786518005796,none,0.00786879080892146,-0.0008084493037503471,-0.5309604865382653,4.4214533871312245,diagnostic only,ff12,ew
rolling120,1950-05,1960-04,20000,3.802117902471698,3.8056412788034644,1.0175644123213656,0.6713973095568051,none,0.007195266962465417,-0.0007331750597587838,-0.4896797228159157,4.4214533871312245,diagnostic only,ff12,ew
rolling120,1950-06,1960-05,20000,3.8269068771941153,3.8288950110610536,1.0338065885544554,0.6839040045036966,none,0.007310116492021864,-0.00041171610945855974,-0.27197020308884506,4.4214533871312245,diagnostic only,ff12,ew
rolling120,1950-07,1960-06,20000,4.35131510526414,4.353940214084635,1.145218744721357,0.6834754708041101,none,0.008097919403344173,-0.0004903134356243344,-0.3241707764355933,4.4214533871312245,diagnostic only,ff12,ew
rolling120,1950-08,1960-07,20000,4.127612652370802,4.1267753457269185,1.0680456853740077,0.6621639782164128,none,0.007552223467449946,0.00016332033050381334,0.1108688914585435,4.4214533871312245,diagnostic only,ff12,ew
rolling120,1950-09,1960-08,20000,4.115634584496364,4.1153299355360895,1.0970264424566112,0.7249913740633263,none,0.007757148366020236,5.9556072455446696e-05,0.03927331873774771,4.4214533871312245,diagnostic only,ff12,ew
rolling120,1950-10,1960-09,20000,3.561975552054397,3.5613524102027245,0.9835025610838217,0.7270251419799173,none,0.00695441330256707,0.00013661339787707227,0.08960379899231058,4.4214533871312245,diagnostic only,ff12,ew
rolling120,1950-11,1960-10,20000,3.4867969894698194,3.486439897802482,0.9724475081257826,0.730577803319197,none,0.006876242273437011,7.959354755038284e-05,0.051931222481338045,4.4214533871312245,diagnostic only,ff12,ew
rolling120,1950-12,1960-11,20000,3.5824555667625666,3.5808678447279725,0.986643564185684,0.7272810518955599,none,0.0069766235484976175,0.00034659852421237147,0.22757742675337947,4.4214533871312245,diagnostic only,ff12,ew
rolling120,1951-01,1960-12,20000,3.4543092269359468,3.4504934884541685,0.9484966577511967,0.7187558293925478,none,0.006706884186286471,0.0008573742421322805,0.568928637470782,4.4214533871312245,diagnostic only,ff12,ew
rolling120,1951-02,1961-01,20000,3.4871777825214973,3.4832981087621837,0.9567310305547266,0.7187707925245325,none,0.006765109994768412,0.0008653615408109605,0.5734827315910407,4.4214533871312245,diagnostic only,ff12,ew
rolling120,1951-03,1961-02,20000,3.6695062473628073,3.666130373889951,0.9959844544491081,0.7187633797849988,none,0.007042673616973484,0.0007234846012333929,0.4793454384596543,4.4214533871312245,diagnostic only,ff12,ew
rolling120,1951-04,1961-03,20000,4.052857734443912,4.04827897642904,1.079677350279981,0.7194362042957784,none,0.007634471758764979,0.0009069938559758128,0.5997478489085826,4.4214533871312245,diagnostic only,ff12,ew
rolling120,1951-05,1961-04,20000,3.9017011528807597,3.8980679007320074,1.0430132074457596,0.7165772555185966,none,0.0073752171185202785,0.0007417725156912969,0.49262985622873084,4.4214533871312245,diagnostic only,ff12,ew
rolling120,1951-06,1961-05,20000,4.20761952212782,4.2039069300200715,1.1081034542049837,0.7163681431116584,none,0.00783547466724581,0.0007134240019419646,0.4738184048081104,4.4214533871312245,diagnostic only,ff12,ew
rolling120,1951-07,1961-06,20000,4.191833542362473,4.187771902513881,1.1001224639606508,0.7144051194084525,none,0.007779040544022294,0.0007829256807962981,0.522126067553806,4.4214533871312245,diagnostic only,ff12,ew
rolling120,1951-08,1961-07,20000,3.9389011759493138,3.933449475042286,1.0411389152893493,0.712525549306926,none,0.007361963871583053,0.0011050484928663007,0.7405226379976189,4.4214533871312245,diagnostic only,ff12,ew
rolling120,1951-09,1961-08,20000,3.847738571495931,3.841618945953752,1.0208947937700676,0.7128229205042733,none,0.007218816315528568,0.0012639626559816097,0.8477325470956862,4.4214533871312245,diagnostic only,ff12,ew
rolling120,1951-10,1961-09,20000,3.623518847966065,3.617026947111169,0.9762454720478371,0.7144280318442913,none,0.006903097933876877,0.0014060781817524237,0.9404329646023282,4.4214533871312245,diagnostic only,ff12,ew
rolling120,1951-11,1961-10,20000,3.884532170402467,3.877667160370426,1.0339188339729397,0.7153073720574789,none,0.007310910186987538,0.00140743716336722,0.9390089409468733,4.4214533871312245,diagnostic only,ff12,ew
rolling120,1951-12,1961-11,20000,4.047177769042761,4.039603560035019,1.0681635666579223,0.713662947566223,none,0.007553057014002256,0.0015029374667099304,1.0028004546636258,4.4214533871312245,diagnostic only,ff12,ew
rolling120,1952-01,1961-12,20000,3.9227537323114565,3.9153402654084326,1.0440901635688702,0.714910323698766,none,0.007382832348297196,0.001508230662116139,1.00414943117783,4.4214533871312245,diagnostic only,ff12,ew
rolling120,1952-02,1962-01,20000,3.7710945703266385,3.7652253514544904,1.015373848329555,0.7165862310540768,none,0.007179777335933092,0.0012316770853988412,0.8174653053339174,4.4214533871312245,diagnostic only,ff12,ew
rolling120,1952-03,1962-02,20000,3.9629271600947837,3.9563445566111826,1.0569009684707258,0.7170465719499054,none,0.007473418418482796,0.0013281166005338907,0.88080221325779,4.4214533871312245,diagnostic only,ff12,ew
rolling120,1952-04,1962-03,20000,3.7957052892158587,3.7900423672933963,1.020727800955616,0.716776134216579,none,0.0072176354980134855,0.001182227940430991,0.7845951661068278,4.4214533871312245,diagnostic only,ff12,ew
rolling120,1952-05,1962-04,20000,3.6729652677157993,3.6666554656541273,0.9961765438644956,0.7187923592539328,none,0.0070440318942556306,0.0013521036871291248,0.8957656859585909,4.4214533871312245,diagnostic only,ff12,ew
rolling120,1952-06,1962-05,20000,3.113013620269719,3.109051214607569,0.8789517594956441,0.7194254467787731,none,0.006215127494752173,0.0009643115783184442,0.6375421365846196,4.4214533871312245,diagnostic only,ff12,ew
rolling120,1952-07,1962-06,20000,2.6500959443489505,2.64679752643028,0.7832600013126014,0.7217538363877711,none,0.005538484583603245,0.0009044697148017367,0.5955452017390043,4.4214533871312245,diagnostic only,ff12,ew
rolling120,1952-08,1962-07,20000,2.861247716550059,2.857844002953444,0.8278930072769891,0.7217645419998749,none,0.0058540875954248275,0.0008822838855093718,0.5814251223836918,4.4214533871312245,diagnostic only,ff12,ew
rolling120,1952-09,1962-08,20000,2.974905489712732,2.9707859520941398,0.856434446323051,0.7217473351756766,none,0.006055906046367756,0.0010374615172645818,0.6802512435051583,4.4214533871312245,diagnostic only,ff12,ew
rolling120,1952-10,1962-09,20000,2.7654373585139287,2.7621630469906355,0.8114037896577233,0.7216741483177045,none,0.005737491219474392,0.0008703268525036556,0.5706869776426636,4.4214533871312245,diagnostic only,ff12,ew
rolling120,1952-11,1962-10,20000,2.7170337332713745,2.7136075718054666,0.8023970165284188,0.7226502026139932,none,0.005673803715910992,0.0009225965317176676,0.6038561849258118,4.4214533871312245,diagnostic only,ff12,ew
rolling120,1952-12,1962-11,20000,3.029447260169226,3.0262035691823836,0.8761044200785053,0.7254511512815083,none,0.006194993764650187,0.0008056450527416104,0.5235987492596705,4.4214533871312245,diagnostic only,ff12,ew
rolling120,1953-01,1962-12,20000,2.91666248674518,2.9132972778205275,0.8522625786890508,0.7260433289351154,none,0.0060264064874256135,0.0008599420605548413,0.5584105439409004,4.4214533871312245,diagnostic only,ff12,ew
rolling120,1953-02,1963-01,20000,3.1482430687325578,3.1456045753305135,0.9008678886131852,0.7257531881312349,none,0.006370097929915906,0.0006364556373141816,0.4141998178164715,4.4214533871312245,diagnostic only,ff12,ew
rolling120,1953-03,1963-02,20000,3.0216156087896846,3.0185904525874143,0.8728966273474668,0.7252245665257872,none,0.006172311244722605,0.0007527903721371576,0.4901172481956135,4.4214533871312245,diagnostic only,ff12,ew
rolling120,1953-04,1963-03,20000,3.146551911490823,3.143881573659651,0.9002770326685868,0.7251076438085222,none,0.006365919947464607,0.0006444049579374944,0.4194739885530024,4.4214533871312245,diagnostic only,ff12,ew
rolling120,1953-05,1963-04,20000,3.4120161275821292,3.4097640427441807,0.9543356170265489,0.7202375458398965,none,0.006748171863273207,0.0005107041592518069,0.33373258470275696,4.4214533871312245,diagnostic only,ff12,ew
rolling120,1953-06,1963-05,20000,3.5113290457534787,3.509197746644783,0.9790977202523989,0.7222202229906155,none,0.006923266374347606,0.0004726559420202836,0.307845891441199,4.4214533871312245,diagnostic only,ff12,ew
rolling120,1953-07,1963-06,20000,3.5706719700476928,3.568575074104329,0.9901100900914779,0.7207519116619473,none,0.007001135588249075,0.00045898248564402166,0.2995079750895433,4.4214533871312245,diagnostic only,ff12,ew
rolling120,1953-08,1963-07,20000,3.4711120578411143,3.468295749781295,0.9700297603342848,0.7219864339358323,none,0.0068591462148513424,0.0006302868515266624,0.41059163511069385,4.4214533871312245,diagnostic only,ff12,ew
rolling120,1953-09,1963-08,20000,3.9142165072933843,3.9111581699866873,1.0608531659867655,0.7196857504198393,none,0.007501364675124599,0.0006227323985179556,0.4077041230696098,4.4214533871312245,diagnostic only,ff12,ew
rolling120,1953-10,1963-09,20000,3.8852079408953433,3.8815932201581447,1.0514013398810287,0.717867932009364,none,0.007434530171784974,0.0007404797110648342,0.48620701694330853,4.4214533871312245,diagnostic only,ff12,ew
rolling120,1953-11,1963-10,20000,3.796043125021099,3.7922227250399727,1.033030393538219,0.7184523226701178,none,0.007304627964426825,0.0007972083520166873,0.5230108911407004,4.4214533871312245,diagnostic only,ff12,ew
rolling120,1953-12,1963-11,20000,3.606384717236457,3.602664350858565,0.991219877019348,0.7177232137808285,none,0.007008982966872766,0.0008083071226339111,0.5307997459083433,4.4214533871312245,diagnostic only,ff12,ew
rolling120,1954-01,1963-12,20000,3.6464390331480985,3.642308985530713,1.001550866575076,0.7181807492693799,none,0.0070820340945849936,0.0008896537542542049,0.5831725126180118,4.4214533871312245,diagnostic only,ff12,ew
rolling120,1954-02,1964-01,20000,3.4972825834939387,3.4932047155410784,0.9674970033037342,0.7175313200761552,none,0.00684123691813734,0.0009075633564514796,0.5960717340528294,4.4214533871312245,diagnostic only,ff12,ew
rolling120,1954-03,1964-02,20000,3.5266867416732164,3.5210821689646608,0.9735897683254967,0.7178840020226657,none,0.006884319272767985,0.001239652919168055,0.8141070288133508,4.4214533871312245,diagnostic only,ff12,ew
rolling120,1954-04,1964-03,20000,3.509494978600459,3.5048165035975014,0.9714753605506766,0.718310739237676,none,0.0068693681520102965,0.0010385495167721803,0.6810633670272068,4.4214533871312245,diagnostic only,ff12,ew
rolling120,1954-05,1964-04,20000,3.436163297701846,3.431375814631066,0.9561662569865238,0.7194193053503379,none,0.0067611164425693,0.0010803604277871415,0.7080906106922252,4.4214533871312245,diagnostic only,ff12,ew
rolling120,1954-06,1964-05,20000,3.3118850948714025,3.3071755100794737,0.9309146007568709,0.7204568004657762,none,0.006582560269007509,0.0010934276490259798,0.7154639835358203,4.4214533871312245,diagnostic only,ff12,ew
rolling120,1954-07,1964-06,20000,3.2935147682874484,3.289568832426969,0.9267276712085503,0.720228127618551,none,0.006552954206247831,0.0009198910227641299,0.6021613666576514,4.4214533871312245,diagnostic only,ff12,ew
rolling120,1954-08,1964-07,20000,3.1356749964782176,3.1322662654365407,0.8915895148724963,0.720081811964104,none,0.006304489920011662,0.0008249059529847891,0.5406830822041383,4.4214533871312245,diagnostic only,ff12,ew
rolling120,1954-09,1964-08,20000,3.129672258105648,3.1257095355461226,0.8898153395520254,0.7199876494097144,none,0.006291944606010475,0.0009604948010477621,0.6298088758982582,4.4214533871312245,diagnostic only,ff12,ew
rolling120,1954-10,1964-09,20000,3.0912720516421084,3.0875663196104552,0.8819280044371969,0.7204973828930215,none,0.006236172724558614,0.0009065863993140688,0.5942317821088619,4.4214533871312245,diagnostic only,ff12,ew
rolling120,1954-11,1964-10,20000,3.2061685693280624,3.202311765685332,0.9048356254154775,0.7194892731438672,none,0.006398154065904549,0.0009177814159870845,0.602799432930689,4.4214533871312245,diagnostic only,ff12,ew
rolling120,1954-12,1964-11,20000,2.8544244659996094,2.850589543306399,0.8259618196521773,0.7182533525073269,none,0.005840432036772348,0.0009959313113174773,0.6566162689789551,4.4214533871312245,diagnostic only,ff12,ew
rolling120,1955-01,1964-12,20000,2.5188201461556137,2.5156067910338464,0.7510781117665701,0.7164715471771851,none,0.005310924260309294,0.0009140257465545254,0.6050463091296465,4.4214533871312245,diagnostic only,ff12,ew
rolling120,1955-02,1965-01,20000,2.719830229967131,2.7175445482716687,0.794983975667208,0.717157011104564,none,0.00562138560128924,0.0006148363969236126,0.40660468033685193,4.4214533871312245,diagnostic only,ff12,ew
rolling120,1955-03,1965-02,20000,2.691721187320646,2.689472539385982,0.7890855574801233,0.7172938758599833,none,0.005579677486305624,0.0006094768047895105,0.4030067938842122,4.4214533871312245,diagnostic only,ff12,ew
rolling120,1955-04,1965-03,20000,2.716296219770896,2.713871305329711,0.7927696962795019,0.7156977296179832,none,0.005605728281584355,0.0006529344292853789,0.4325779487299054,4.4214533871312245,diagnostic only,ff12,ew
rolling120,1955-05,1965-04,20000,2.7621775704428746,2.7600865470589118,0.8031470535247257,0.716087296841713,none,0.0056791072783732854,0.0005561104399574024,0.3681957887863285,4.4214533871312245,diagnostic only,ff12,ew
rolling120,1955-06,1965-05,20000,2.70952705717497,2.708510413625447,0.793434069458632,0.7169341028250678,none,0.005610426109386369,0.00027413797890063485,0.18120612048023294,4.4214533871312245,diagnostic only,ff12,ew
rolling120,1955-07,1965-06,20000,2.311472092997339,2.3107658350601348,0.7064227481473244,0.7169100144476084,none,0.0049951631559940965,0.00021332162176035396,0.14138836213120287,4.4214533871312245,diagnostic only,ff12,ew
rolling120,1955-08,1965-07,20000,2.3728739724030357,2.371188650635449,0.7177165866224176,0.7160864593418382,none,0.005075022653707736,0.0004999191508516798,0.33208162457269835,4.4214533871312245,diagnostic only,ff12,ew
rolling120,1955-09,1965-08,20000,2.5253445252799085,2.523011555929047,0.7512912049759958,0.7179922014143385,none,0.0053124310568433905,0.0006622088272560944,0.4391528710487571,4.4214533871312245,diagnostic only,ff12,ew
rolling120,1955-10,1965-09,20000,2.668754498155487,2.666032310485353,0.7832804041314217,0.7191081078412559,none,0.005538628853318677,0.0007425432837424584,0.4914912593399159,4.4214533871312245,diagnostic only,ff12,ew
rolling120,1955-11,1965-10,20000,2.9407322326588368,2.937775850598501,0.8457177157083674,0.7219066481333704,none,0.005980127317469833,0.0007507745926895737,0.4943677455995004,4.4214533871312245,diagnostic only,ff12,ew
rolling120,1955-12,1965-11,20000,2.9002392973447306,2.8975801896646995,0.8453684521635508,0.732219497921734,none,0.005977657651260223,0.0006822457911404012,0.4448410790923234,4.4214533871312245,diagnostic only,ff12,ew
rolling120,1956-01,1965-12,20000,2.972025439281564,2.969292038348391,0.8613567721622781,0.7312963772784953,none,0.006090712146169028,0.0006886368921119601,0.44878182839296565,4.4214533871312245,diagnostic only,ff12,ew
rolling120,1956-02,1966-01,20000,3.2690119657497823,3.2661655100926374,0.9324442464839691,0.7309474666701706,none,0.006593376497671951,0.0006672164149306159,0.4317144119025905,4.4214533871312245,diagnostic only,ff12,ew
rolling120,1956-03,1966-02,20000,3.242126944240246,3.239820512196527,0.9321876290050896,0.7338291376021228,none,0.006591561938077084,0.000543992849953101,0.3499067543301859,4.4214533871312245,diagnostic only,ff12,ew
rolling120,1956-04,1966-03,20000,2.9829271783988216,2.9812061747542677,0.8726920756068363,0.7324490847774167,none,0.006170864845493572,0.00043228196908451366,0.27889180652054946,4.4214533871312245,diagnostic only,ff12,ew
rolling120,1956-05,1966-04,20000,3.1616530700136245,3.1599406621863455,0.9190747321108909,0.7389437254080807,none,0.006498839754928204,0.00041164236856672254,0.26349439159204385,4.4214533871312245,diagnostic only,ff12,ew
rolling120,1956-06,1966-05,20000,2.9797066848087725,2.978279450591087,0.8856302118040245,0.741315914262798,none,0.00626235128390304,0.00035875665231954734,0.22790708361480277,4.4214533871312245,diagnostic only,ff12,ew
rolling120,1956-07,1966-06,20000,2.884296234028331,2.8827518918733617,0.8652601740819761,0.7422195388874738,none,0.006118313365840179,0.00039774422831428957,0.2524130528507449,4.4214533871312245,diagnostic only,ff12,ew
rolling120,1956-08,1966-07,20000,2.684544313095472,2.682938525176855,0.8193262285613011,0.7413361507175308,none,0.005793511322196952,0.0004360072555216199,0.27717006653025184,4.4214533871312245,diagnostic only,ff12,ew
rolling120,1956-09,1966-08,20000,2.380526350594289,2.379378329338425,0.7519411450305922,0.7414617953809861,none,0.005317026827043089,0.0003397137413994056,0.2159141364540234,4.4214533871312245,diagnostic only,ff12,ew
rolling120,1956-10,1966-09,20000,2.456477013366686,2.454777430090017,0.7711916059236752,0.7442700954777705,none,0.005453148141427743,0.000491951597769047,0.31167010919019267,4.4214533871312245,diagnostic only,ff12,ew
rolling120,1956-11,1966-10,20000,2.4377781942672176,2.4364916431413635,0.7816646156995946,0.7548904337922621,none,0.0055272035037476,0.00037437923890260016,0.23276709912740995,4.4214533871312245,diagnostic only,ff12,ew
rolling120,1956-12,1966-11,20000,2.5852684344604415,2.585128233886464,0.8213803787242154,0.7557444047051971,none,0.005808036357294673,3.910615320590338e-05,0.024139066175329515,4.4214533871312245,diagnostic only,ff12,ew
rolling120,1957-01,1966-12,20000,2.580857923212803,2.579862783388744,0.8203320856910674,0.7564088381256283,none,0.005800623806170578,0.0002779826725975987,0.17155738025976944,4.4214533871312245,diagnostic only,ff12,ew
rolling120,1957-02,1967-01,20000,3.138440684779195,3.137303136101729,0.9636406717150671,0.759954768958982,none,0.006813968535968835,0.0002749493184435181,0.16694363519010386,4.4214533871312245,diagnostic only,ff12,ew
rolling120,1957-03,1967-02,20000,3.3980481096420823,3.397170291562966,1.025859416926023,0.7600091736313184,none,0.007253921502524685,0.00019963249565302377,0.12101290023760891,4.4214533871312245,diagnostic only,ff12,ew
rolling120,1957-04,1967-03,20000,3.5220887557450404,3.520211407168973,1.0567384467122622,0.7605138357533598,none,0.007472269216107797,0.0004153231800374524,0.2512420955096901,4.4214533871312245,diagnostic only,ff12,ew
rolling120,1957-05,1967-04,20000,3.563154295785396,3.561095173429403,1.0665755173763358,0.7606337145998855,none,0.007541827809843574,0.00045145349476327645,0.2730269648035938,4.4214533871312245,diagnostic only,ff12,ew
rolling120,1957-06,1967-05,20000,3.367328966561619,3.3654216960681795,1.0216259150470821,0.7605937366995856,none,0.007223986123657034,0.0004369040670588742,0.26401912473134415,4.4214533871312245,diagnostic only,ff12,ew
rolling120,1957-07,1967-06,20000,3.7326153836976586,3.7307413581509863,1.1121584160597358,0.7612025754189233,none,0.007864147577495288,0.00039613781536451675,0.2382998955964579,4.4214533871312245,diagnostic only,ff12,ew
rolling120,1957-08,1967-07,20000,4.068093569034555,4.065250098400511,1.1999964780014145,0.765116876739804,none,0.008485256469947739,0.0005613682599685532,0.3351072114455042,4.4214533871312245,diagnostic only,ff12,ew
rolling120,1957-09,1967-08,20000,4.341033840968522,4.337832493877187,1.2627621806115013,0.7642079837389173,none,0.008929077009363044,0.0005997466377987148,0.3585305724184122,4.4214533871312245,diagnostic only,ff12,ew
rolling120,1957-10,1967-09,20000,4.953125408064982,4.949314734656853,1.4099600877698866,0.7642350602286472,none,0.009969923392644665,0.0006405230817476681,0.38221691963453197,4.4214533871312245,diagnostic only,ff12,ew
rolling120,1957-11,1967-10,20000,5.181431069393242,5.178240320307079,1.4631562866744319,0.7614306257101147,none,0.010346077322432189,0.0005164494938267872,0.30840182097274443,4.4214533871312245,diagnostic only,ff12,ew
rolling120,1957-12,1967-11,20000,5.018905210613482,5.014936385873308,1.418025056972404,0.7585498427388964,none,0.010026951336776273,0.0006598282152237012,0.39581569780016007,4.4214533871312245,diagnostic only,ff12,ew
rolling120,1958-01,1967-12,20000,5.738812854841294,5.7366721577808315,1.5799334945964596,0.7525065603792465,none,0.01117181687852916,0.0003177677361054787,0.19161583865348222,4.4214533871312245,diagnostic only,ff12,ew
rolling120,1958-02,1968-01,20000,5.257504775720322,5.252724784245252,1.4825222330808359,0.7656560706742637,none,0.010483015242712824,0.0007644653555061165,0.45597486642909374,4.4214533871312245,diagnostic only,ff12,ew
rolling120,1958-03,1968-02,20000,4.979704068421255,4.974608187407537,1.4137908735944364,0.7641080923580278,none,0.00999701113898279,0.0008529230459761727,0.5097404557094793,4.4214533871312245,diagnostic only,ff12,ew
rolling120,1958-04,1968-03,20000,4.691108603445683,4.685330969831204,1.340242456846471,0.7602371602697036,none,0.009476945296702585,0.0010162352280169706,0.6096514682308692,4.4214533871312245,diagnostic only,ff12,ew
rolling120,1958-05,1968-04,20000,5.212895888959505,5.207324651155183,1.4712635298385437,0.7577826128883753,none,0.010403404188612906,0.0008975264091084512,0.535520652982012,4.4214533871312245,diagnostic only,ff12,ew
rolling120,1958-06,1968-05,20000,5.501402780726677,5.493937679503351,1.5483112199620483,0.7593173671018931,none,0.010948213630223805,0.0011495492552826558,0.6818556410625092,4.4214533871312245,diagnostic only,ff12,ew
rolling120,1958-07,1968-06,20000,5.412512188280368,5.404496706598694,1.5358929414202358,0.764519233653692,none,0.010860403140548015,0.0012515396679670943,0.7380464222131151,4.4214533871312245,diagnostic only,ff12,ew
rolling120,1958-08,1968-07,20000,4.9794525180298805,4.969574975591224,1.4366900292341598,0.7683443407767014,none,0.010158932621345736,0.0016546475216483447,0.9723012059260678,4.4214533871312245,diagnostic only,ff12,ew
rolling120,1958-09,1968-08,20000,4.978373575351994,4.9684221492483465,1.4360805653162156,0.7683740691788489,none,0.010154623060653067,0.0016673462189500388,0.9799897095350697,4.4214533871312245,diagnostic only,ff12,ew
rolling120,1958-10,1968-09,20000,5.061084890882251,5.050500940951094,1.4577514667394003,0.7669783498977025,none,0.010307859474160658,0.001749268372065238,1.0267844607008707,4.4214533871312245,diagnostic only,ff12,ew
rolling120,1958-11,1968-10,20000,4.932006718990005,4.921232833091761,1.4259303959819758,0.7661352308389427,none,0.010082850524988739,0.0018195342426043926,1.068535715326004,4.4214533871312245,diagnostic only,ff12,ew
rolling120,1958-12,1968-11,20000,5.057571658138876,5.046242520277228,1.4496603968534414,0.7624260676758154,none,0.0102506469703265,0.0018737485014295174,1.1052119826625333,4.4214533871312245,diagnostic only,ff12,ew
rolling120,1959-01,1968-12,20000,4.834762741992943,4.821473877876751,1.4016543279197273,0.7652999466487715,none,0.009911192801515119,0.0022827318983074107,1.340793624170106,4.4214533871312245,diagnostic only,ff12,ew
rolling120,1959-02,1969-01,20000,4.606805259347357,4.593582341077151,1.3452763316189158,0.764976635206338,none,0.00951254016657498,0.0023639445106764523,1.3900512416934518,4.4214533871312245,diagnostic only,ff12,ew
rolling120,1959-03,1969-02,20000,3.9623872821269694,3.948253852807148,1.1813152885255753,0.7615365022754575,none,0.008353160512357773,0.0028562458071554886,1.6919858416359255,4.4214533871312245,diagnostic only,ff12,ew
rolling120,1959-04,1969-03,20000,3.9820460498802945,3.96781617057448,1.1897037377459247,0.7640748512220426,none,0.008412475805631254,0.002864413419743972,1.691520978436487,4.4214533871312245,diagnostic only,ff12,ew
rolling120,1959-05,1969-04,20000,3.857631296650005,3.844587228742019,1.1516904312772345,0.7576561011059291,none,0.00814368113783792,0.0026925034666727132,1.6017409924585126,4.4214533871312245,diagnostic only,ff12,ew
rolling120,1959-06,1969-05,20000,3.911205789571094,3.8955412661153446,1.1695306933035503,0.7652755132681489,none,0.008269830840407447,0.003199753123147353,1.894177010152454,4.4214533871312245,diagnostic only,ff12,ew
rolling120,1959-07,1969-06,20000,3.355166966087002,3.3404933494046807,1.037953276031379,0.7661434486090414,none,0.007339438000365805,0.0033806333753130247,1.9992834167398128,4.4214533871312245,diagnostic only,ff12,ew
rolling120,1959-08,1969-07,20000,2.8340509704751495,2.8214349409294144,0.9199218348196803,0.7730396751329622,none,0.006504829675625669,0.0033013854064638526,1.9394865315242362,4.4214533871312245,diagnostic only,ff12,ew
rolling120,1959-09,1969-08,20000,3.0966865983154253,3.08302289283709,0.9853100527169422,0.773840599485401,none,0.006967194198474244,0.003346468005924308,1.9611489344343664,4.4214533871312245,diagnostic only,ff12,ew
rolling120,1959-10,1969-09,20000,3.201771964727719,3.187592742566811,1.0143408389672672,0.7749172636150728,none,0.007172472856682065,0.0033860079125593856,1.9768945026676674,4.4214533871312245,diagnostic only,ff12,ew
rolling120,1959-11,1969-10,20000,3.4740908436460485,3.4596900012167895,1.0856355277929537,0.7790458776861174,none,0.007676602435994341,0.003229112881238283,1.8759395903760467,4.4214533871312245,diagnostic only,ff12,ew
rolling120,1959-12,1969-11,20000,3.1765700215453703,3.163575674987243,1.0132700041415135,0.7788391604867608,none,0.007164900911013852,0.0031209584195119877,1.8136114817935067,4.4214533871312245,diagnostic only,ff12,ew
rolling120,1960-01,1969-12,20000,2.8381129663528775,2.82564147110254,0.9386989270414371,0.7864672599576629,none,0.006637603768035363,0.0032599749204262896,1.8789152962694384,4.4214533871312245,diagnostic only,ff12,ew
rolling120,1960-02,1970-01,20000,2.831520862658316,2.8188486182858896,0.936016384721855,0.7858464232623549,none,0.0066186353293853995,0.0033183416362061458,1.9146309989559835,4.4214533871312245,diagnostic only,ff12,ew
rolling120,1960-03,1970-02,20000,2.9670215440815473,2.9545807173407326,0.9707677361244554,0.786692205545996,none,0.006864364491707154,0.0031459281350010304,1.8123785174642868,4.4214533871312245,diagnostic only,ff12,ew
rolling120,1960-04,1970-03,20000,2.943147659785436,2.9308533002531694,0.9671186690357985,0.7888694405111314,none,0.006838561690873214,0.003127656667185841,1.7977990238319497,4.4214533871312245,diagnostic only,ff12,ew
rolling120,1960-05,1970-04,20000,2.3619513399749406,2.351679737721163,0.8358269403133163,0.8039351854250071,none,0.005910188973939496,0.0030646132857434782,1.737948194054241,4.4214533871312245,diagnostic only,ff12,ew
rolling120,1960-06,1970-05,20000,1.978424400320628,1.9706802529676821,0.7334739981270558,0.7937090938036822,none,0.005186444378996502,0.0026068599423345606,1.4931515286864396,4.4214533871312245,diagnostic only,ff12,ew
rolling120,1960-07,1970-06,20000,1.7144861595955485,1.7073375525135983,0.6699832919397523,0.794734782187209,none,0.004737497290122851,0.002640456516149303,1.5089416719782065,4.4214533871312245,diagnostic only,ff12,ew
rolling120,1960-08,1970-07,20000,1.9509929693331989,1.9438283759548312,0.7337267246332706,0.8030634499952252,none,0.005188231425259803,0.0024337673476104715,1.3809317262691212,4.4214533871312245,diagnostic only,ff12,ew
rolling120,1960-09,1970-08,20000,1.9698239284511467,1.9634489331956226,0.7223548457292465,0.7552819871558986,none,0.005107820098381125,0.0021512080684480406,1.2480853148184663,4.4214533871312245,diagnostic only,ff12,ew
rolling120,1960-10,1970-09,20000,2.5368967196504815,2.52940332227687,0.8696517512118636,0.7618636282861148,none,0.006149366505526651,0.002123134334439669,1.2185641182513622,4.4214533871312245,diagnostic only,ff12,ew
rolling120,1960-11,1970-10,20000,2.4265465819787018,2.4201253812142522,0.8465229679563638,0.7620068448659024,none,0.0059858213107210735,0.0018774752527259686,1.072735123741273,4.4214533871312245,diagnostic only,ff12,ew
rolling120,1960-12,1970-11,20000,2.3061255264606597,2.3006087502585024,0.8214195778478929,0.7689057553610148,none,0.005808313536956362,0.0016714420337535785,0.9498068874994239,4.4214533871312245,diagnostic only,ff12,ew
rolling120,1961-01,1970-12,20000,2.4230278757635495,2.418341472565277,0.8540322836486353,0.7712214987022576,none,0.00603892019120183,0.001370958178369408,0.7760333056065533,4.4214533871312245,diagnostic only,ff12,ew
rolling120,1961-02,1971-01,20000,2.5766933981987985,2.570770652127829,0.8979834351308497,0.7761450061035287,none,0.00634970176374214,0.001658674456574305,0.9327597249983145,4.4214533871312245,diagnostic only,ff12,ew
rolling120,1961-03,1971-02,20000,2.5218062228458535,2.5155130373559236,0.8876648806120848,0.7786552400812556,none,0.006276738565019523,0.001790118660650153,1.0026202979047272,4.4214533871312245,diagnostic only,ff12,ew
rolling120,1961-04,1971-03,20000,2.5288308290063317,2.5221103656467894,0.8900732934023514,0.7794362137521309,none,0.006293768615178462,0.0019080785841043557,1.0677963824940822,4.4214533871312245,diagnostic only,ff12,ew
rolling120,1961-05,1971-04,20000,2.5897093379037504,2.5821407300636667,0.9062484535794887,0.7797474186829737,none,0.006408144269658786,0.0021128728351074155,1.1810919856969175,4.4214533871312245,diagnostic only,ff12,ew
rolling120,1961-06,1971-05,20000,2.3036378983443493,2.2963711469099843,0.8337711851671271,0.780108009659741,none,0.005895652589896202,0.0022044700400853934,1.2325609970333897,4.4214533871312245,diagnostic only,ff12,ew
rolling120,1961-07,1971-06,20000,2.398778302181036,2.391563690173344,0.8578075466895231,0.7804761793728442,none,0.0060656153321715775,0.0021272229174393864,1.189427883668478,4.4214533871312245,diagnostic only,ff12,ew
rolling120,1961-08,1971-07,20000,2.173695394795036,2.166784898229979,0.803137801080757,0.7824739649067124,none,0.0056790418537145575,0.0021821805986632636,1.2168419855079982,4.4214533871312245,diagnostic only,ff12,ew
rolling120,1961-09,1971-08,20000,2.2191002692187634,2.212348110281682,0.8165305219275388,0.7839020130828387,none,0.005773742691007536,0.0021019387392884337,1.169459620637007,4.4214533871312245,diagnostic only,ff12,ew
rolling120,1961-10,1971-09,20000,2.300121251482715,2.2939649698270137,0.8358554695937567,0.7821883504503193,none,0.005910390706416114,0.001868957840199581,1.0416031632254383,4.4214533871312245,diagnostic only,ff12,ew
rolling120,1961-11,1971-10,20000,2.03443475274343,2.029970064629789,0.7704856090989669,0.7862284652672517,none,0.005448155990005269,0.001473508984712213,0.8194861016885898,4.4214533871312245,diagnostic only,ff12,ew
rolling120,1961-12,1971-11,20000,1.8175712498506666,1.8136866122510753,0.7143139252999535,0.7855748795557072,none,0.005050962204755781,0.0013806219863565783,0.769088629476128,4.4214533871312245,diagnostic only,ff12,ew
rolling120,1962-01,1971-12,20000,2.166981238675167,2.162862904587577,0.8034777149968576,0.7854442087787639,none,0.005681445408065502,0.0013020906096234963,0.7248743571034983,4.4214533871312245,diagnostic only,ff12,ew
rolling120,1962-02,1972-01,20000,2.511805415921281,2.505811424413356,0.8987154166175718,0.793046040776013,none,0.006354877654471782,0.0017097301543900212,0.9432111574495781,4.4214533871312245,diagnostic only,ff12,ew
rolling120,1962-03,1972-02,20000,2.5959427320852813,2.5908467915885796,0.9239014594326678,0.7945790401896676,none,0.006532969871129873,0.0014191472910063396,0.7800342871963011,4.4214533871312245,diagnostic only,ff12,ew
rolling120,1962-04,1972-03,20000,2.6234671334260065,2.61788034807527,0.9306849283451897,0.7941262162522639,none,0.006580936239809996,0.001544215068834065,0.8489347331676678,4.4214533871312245,diagnostic only,ff12,ew
rolling120,1962-05,1972-04,20000,2.884517054400531,2.879278531811315,0.9959033168726958,0.7923554310269778,none,0.007042099887668582,0.0013503857859800128,0.7438864362587257,4.4214533871312245,diagnostic only,ff12,ew
rolling120,1962-06,1972-05,20000,3.256423902105748,3.248909730421146,1.0900841370662246,0.7921771924546924,none,0.007708058853834134,0.0017684940752689116,0.9748461742562358,4.4214533871312245,diagnostic only,ff12,ew
rolling120,1962-07,1972-06,20000,3.519006175918864,3.5116188588781974,1.1549183984881093,0.7899379583428412,none,0.008166506312880493,0.0016373982979811519,0.9045871952630603,4.4214533871312245,diagnostic only,ff12,ew
rolling120,1962-08,1972-07,20000,3.1235909637433728,3.116431046293431,1.0557696125132938,0.791251992051857,none,0.007465418523788437,0.0017393507554048782,0.9590778369795304,4.4214533871312245,diagnostic only,ff12,ew
rolling120,1962-09,1972-08,20000,3.087065135672744,3.078556619073624,1.0480164728826098,0.7960738349415365,none,0.007410595547705009,0.0020861587551168626,1.1481555759381434,4.4214533871312245,diagnostic only,ff12,ew
rolling120,1962-10,1972-09,20000,3.2231006529966733,3.2131777520831433,1.0807456703665999,0.7948401266323453,none,0.007642025922542239,0.002355205855870679,1.2984647021753335,4.4214533871312245,diagnostic only,ff12,ew
rolling120,1962-11,1972-10,20000,3.274215676952956,3.2646381112517213,1.0979001392831442,0.7992408723369674,none,0.007763326335527663,0.0022458097150062084,1.233693559602695,4.4214533871312245,diagnostic only,ff12,ew
rolling120,1962-12,1972-11,20000,2.9209701967873145,2.911764943630467,1.00405664663344,0.7969111798259876,none,0.0070997526352993045,0.002353222468501448,1.2965597014014205,4.4214533871312245,diagnostic only,ff12,ew
rolling120,1963-01,1972-12,20000,2.869564077939561,2.860565377315342,0.9904024646027673,0.7963476061500282,none,0.007003202988244863,0.0023309281788350678,1.2849407106039623,4.4214533871312245,diagnostic only,ff12,ew
rolling120,1963-02,1973-01,20000,2.431576394645057,2.424049662555561,0.8852318950800059,0.8061936557124441,none,0.006259534759336905,0.002198195946690129,1.202442733985704,4.4214533871312245,diagnostic only,ff12,ew
rolling120,1963-03,1973-02,20000,2.231654446040508,2.225094233518348,0.8369015901945487,0.8102707073689622,none,0.005917787896123704,0.002034114989255098,1.1085582378606151,4.4214533871312245,diagnostic only,ff12,ew
rolling120,1963-04,1973-03,20000,2.073675492935733,2.0671861444091553,0.7954946821542408,0.8097014926703057,none,0.005624996841491009,0.002115733516339091,1.153662608076673,4.4214533871312245,diagnostic only,ff12,ew
rolling120,1963-05,1973-04,20000,1.7364123705943635,1.7303000536240423,0.7114284102271181,0.8149098920363188,none,0.005030558532003602,0.002238697890441843,1.2150374419531438,4.4214533871312245,diagnostic only,ff12,ew
rolling120,1963-06,1973-05,20000,1.4504696657749745,1.444417981125123,0.6391790843437724,0.8200807849538848,none,0.004519678649320897,0.002475715976801185,1.3389634793528522,4.4214533871312245,diagnostic only,ff12,ew
rolling120,1963-07,1973-06,20000,1.4118102141370688,1.4059880289417914,0.6296812479697153,0.8207227736234012,none,0.004452518804253936,0.0024198728860003182,1.307616082320599,4.4214533871312245,diagnostic only,ff12,ew
rolling120,1963-08,1973-07,20000,1.6698783038862766,1.664320670604417,0.7053231674865287,0.8236814543176727,none,0.004987387946576994,0.0020859475900094626,1.114337473120381,4.4214533871312245,diagnostic only,ff12,ew
rolling120,1963-09,1973-08,20000,1.4239297690223938,1.4185429083454837,0.6402335717751694,0.8235339516889877,none,0.004527135001455064,0.002227316562514403,1.189905022752511,4.4214533871312245,diagnostic only,ff12,ew
rolling120,1963-10,1973-09,20000,1.6470944468601767,1.6411960673110233,0.7036593001122357,0.8313149431308475,none,0.004975622627543418,0.0022332229031214457,1.1854555682140966,4.4214533871312245,diagnostic only,ff12,ew
rolling120,1963-11,1973-10,20000,1.6072827770208715,1.6007304926753614,0.7028148329233066,0.8561141315935292,none,0.004969651342785605,0.0025194015158294114,1.3184595645773074,4.4214533871312245,diagnostic only,ff12,ew
rolling120,1963-12,1973-11,20000,1.195672655985738,1.1898165279146147,0.6067972733928352,0.8837299932936409,none,0.004290704668215811,0.00267425512433217,1.3648406320070683,4.4214533871312245,diagnostic only,ff12,ew
rolling120,1964-01,1973-12,20000,1.1313447795865383,1.1262524463483063,0.5938363689315972,0.8951278476339378,none,0.0041990572338672875,0.0023949805428691295,1.21273251461305,4.4214533871312245,diagnostic only,ff12,ew
rolling120,1964-02,1974-01,20000,1.3207677629774746,1.3148033104892258,0.6505057825586169,0.8978368593063449,none,0.004599770500482598,0.0025766562805666915,1.2966847993009545,4.4214533871312245,diagnostic only,ff12,ew
rolling120,1964-03,1974-02,20000,1.272474153269193,1.266647376899125,0.6367831942306617,0.8972262439060634,none,0.004502737147861312,0.002570658510649748,1.2940520795968453,4.4214533871312245,diagnostic only,ff12,ew
rolling120,1964-04,1974-03,20000,1.2407593940708062,1.234614014739587,0.6278924970115063,0.8974173357589242,none,0.0044398704249299014,0.002750085379704892,1.384134837970231,4.4214533871312245,diagnostic only,ff12,ew
rolling120,1964-05,1974-04,20000,1.1069569272734487,1.1011690178072842,0.5905877017167548,0.8972110016529108,none,0.004176085687692953,0.002754613939722317,1.3859652073763058,4.4214533871312245,diagnostic only,ff12,ew
rolling120,1964-06,1974-05,20000,0.9468067300804137,0.9417508432770338,0.5462431490449057,0.8974286294459373,none,0.0038625223486634676,0.0026037773182305823,1.3089598834630276,4.4214533871312245,diagnostic only,ff12,ew
rolling120,1964-07,1974-06,20000,0.8774376444557249,0.87259197773803,0.527117051365016,0.8982770999780852,none,0.0037272804149926044,0.002587678883227973,1.3000542428210473,4.4214533871312245,diagnostic only,ff12,ew
rolling120,1964-08,1974-07,20000,0.7248508955626135,0.7203190610266668,0.48542924927240577,0.900798564962636,none,0.0034325031394681306,0.002634298856888817,1.3202710534589506,4.4214533871312245,diagnostic only,ff12,ew
rolling120,1964-09,1974-08,20000,0.6064853998614151,0.6022799310037308,0.4522520034560499,0.9010103570934508,none,0.003197904584489748,0.0026246779831100575,1.315070148772239,4.4214533871312245,diagnostic only,ff12,ew
rolling120,1964-10,1974-09,20000,0.42443513656324605,0.42059282018607164,0.4025590040450451,0.9048943677632811,none,0.002846522015879542,0.0027047274367268948,1.3498284417755275,4.4214533871312245,diagnostic only,ff12,ew
rolling120,1964-11,1974-10,20000,0.5463683984245755,0.5426923247487581,0.44489135049018586,0.9295810117461062,none,0.003145856908228515,0.002382894901882704,1.1685444643721952,4.4214533871312245,diagnostic only,ff12,ew
rolling120,1964-12,1974-11,20000,0.48242336001394454,0.4787680069505149,0.42808549782821403,0.9332316155064095,none,0.003027021584419492,0.0024718908214464985,1.2075741653922263,4.4214533871312245,diagnostic only,ff12,ew
rolling120,1965-01,1974-12,20000,0.38904676098394947,0.3857676343766294,0.402292288895102,0.9356365159395365,none,0.0028446360549678426,0.0023662889260616105,1.15274029575538,4.4214533871312245,diagnostic only,ff12,ew
rolling120,1965-02,1975-01,20000,0.668963406492361,0.6645461628285456,0.48788030454110953,0.9411564354062052,none,0.003449834717483765,0.0026537225355822702,1.280421824683008,4.4214533871312245,diagnostic only,ff12,ew
rolling120,1965-03,1975-02,20000,0.7161461708728606,0.7121138439109433,0.5036843824455075,0.9444017966805615,none,0.003561586424049768,0.002355174555861428,1.132171589235847,4.4214533871312245,diagnostic only,ff12,ew
rolling120,1965-04,1975-03,20000,0.8165027133681225,0.8129648874218498,0.5384686010474379,0.9509582023823432,none,0.0038075479925667698,0.0019514034556420423,0.9291612221774723,4.4214533871312245,diagnostic only,ff12,ew
rolling120,1965-05,1975-04,20000,0.8212993326808854,0.8177066042577945,0.5409527339284623,0.9524276255491461,none,0.0038251134646221786,0.0019765172303798373,0.9392475429341944,4.4214533871312245,diagnostic only,ff12,ew
rolling120,1965-06,1975-05,20000,0.9803015498824663,0.9762838401000911,0.5890930906866318,0.9542786851135094,none,0.004165517191746591,0.002032961916124343,0.9645164327579309,4.4214533871312245,diagnostic only,ff12,ew
rolling120,1965-07,1975-06,20000,1.315656526931393,1.3106309778758618,0.6881938583298574,0.9532836132987917,none,0.004866265439959763,0.00217496826782404,1.0327322086180017,4.4214533871312245,diagnostic only,ff12,ew
rolling120,1965-08,1975-07,20000,1.21794432010153,1.2133611664465436,0.660064781461607,0.9542605254628803,none,0.004667362829939188,0.0020706759133868324,0.9819578682821688,4.4214533871312245,diagnostic only,ff12,ew
rolling120,1965-09,1975-08,20000,1.024955138984635,1.0209848824964767,0.6023760583036344,0.953551856704014,none,0.0042594419565092296,0.0019645156787386764,0.932107193547032,4.4214533871312245,diagnostic only,ff12,ew
rolling120,1965-10,1975-09,20000,0.8972026078443907,0.8936525637858799,0.5637017243229188,0.9523536342016201,none,0.0039859731183528565,0.001874707180399282,0.8906342198257935,4.4214533871312245,diagnostic only,ff12,ew
rolling120,1965-11,1975-10,20000,0.8370733912972362,0.8337233447326271,0.5448190431074261,0.9505803315251226,none,0.0038524523990082697,0.001826909481319472,0.8695880487638289,4.4214533871312245,diagnostic only,ff12,ew
rolling120,1965-12,1975-11,20000,0.7951999580885492,0.7921422170122101,0.5290127081122895,0.9423254700175863,none,0.003740684732400596,0.0017061933184281397,0.8174281702635586,4.4214533871312245,diagnostic only,ff12,ew
rolling120,1966-01,1975-12,20000,0.7107212753103745,0.7080481016559743,0.5032282198612534,0.9407729395697837,none,0.0035583608674832714,0.0015650458858906813,0.751237368538984,4.4214533871312245,diagnostic only,ff12,ew
rolling120,1966-02,1976-01,20000,0.9346976098724546,0.9310007156917202,0.5706181622014165,0.9443522995259148,none,0.004034879719608269,0.0019144965357562604,0.9162340485067562,4.4214533871312245,diagnostic only,ff12,ew
rolling120,1966-03,1976-02,20000,1.066670629790867,1.0620280834147406,0.6125114396552342,0.945751123667505,none,0.004331109925345509,0.002251446725419104,1.0719068451618725,4.4214533871312245,diagnostic only,ff12,ew
rolling120,1966-04,1976-03,20000,1.1216073484073539,1.1160859490331672,0.6291071545569579,0.9463218825005206,none,0.004448459350801983,0.00260925099791387,1.2411936220550837,4.4214533871312245,diagnostic only,ff12,ew
rolling120,1966-05,1976-04,20000,1.0204774908824328,1.0149542048752682,0.5967140598901344,0.9416543244950049,none,0.004219405581776696,0.002741147165429947,1.3090199318641542,4.4214533871312245,diagnostic only,ff12,ew
rolling120,1966-06,1976-05,20000,1.161936595049628,1.1558572802738118,0.6381690298355914,0.9445419311745753,none,0.004512536485399869,0.0028199059517726166,1.3472056781115513,4.4214533871312245,diagnostic only,ff12,ew
rolling120,1966-07,1976-06,20000,1.2361129736324603,1.2301791515784046,0.6601937923464066,0.9444295596708506,none,0.004668275074654075,0.0026606929985226735,1.271095203081062,4.4214533871312245,diagnostic only,ff12,ew
rolling120,1966-08,1976-07,20000,1.2802399982343131,1.2745259798782227,0.6737217587738229,0.9449725183894068,none,0.0047639322426189755,0.0025121798592935285,1.199433170978338,4.4214533871312245,diagnostic only,ff12,ew
rolling120,1966-09,1976-08,20000,1.5028041156814063,1.4961419265217346,0.7411985063086639,0.9477645456197853,none,0.0052410649001619625,0.002668994534679614,1.2711518148660534,4.4214533871312245,diagnostic only,ff12,ew
rolling120,1966-10,1976-09,20000,1.600748398691297,1.5937822890907913,0.7693320164760301,0.9465468305153674,none,0.0054399988583412155,0.002685695568901192,1.2805351217720145,4.4214533871312245,diagnostic only,ff12,ew
rolling120,1966-11,1976-10,20000,1.561637154910468,1.5540048121118875,0.7489013920847529,0.9364803257497811,none,0.005295532527831742,0.0029883823093774797,1.4412795613032632,4.4214533871312245,diagnostic only,ff12,ew
rolling120,1966-12,1976-11,20000,1.5042437781887117,1.4960823169090278,0.7258977358225658,0.9284737546825508,none,0.005132872114480973,0.0032697083843733488,1.5900379159376623,4.4214533871312245,diagnostic only,ff12,ew
rolling120,1967-01,1976-12,20000,1.693540181317725,1.6848926750422457,0.7796544382634967,0.9268040471342437,none,0.005512989402783069,0.0032208014703392074,1.5685693629510609,4.4214533871312245,diagnostic only,ff12,ew
rolling120,1967-02,1977-01,20000,1.407405222665767,1.399215828802959,0.6905593744597338,0.9243711706355449,none,0.004882992164924181,0.0034133627181403003,1.6771261526148862,4.4214533871312245,diagnostic only,ff12,ew
rolling120,1967-03,1977-02,20000,1.3093500442572636,1.3009025663231601,0.66132275579293,0.9236401753024307,none,0.004676258051741559,0.0036713757712925066,1.8064610294458492,4.4214533871312245,diagnostic only,ff12,ew
rolling120,1967-04,1977-03,20000,1.197768184610757,1.19003797946909,0.6280496607913113,0.9219706262713,none,0.0044409817406744715,0.0035297128242226528,1.74065231362401,4.4214533871312245,diagnostic only,ff12,ew
rolling120,1967-05,1977-04,20000,1.1370024968493568,1.129113033357569,0.6103167901298477,0.9215847948493467,none,0.004315591409728222,0.0037055165076635976,1.8281303169719485,4.4214533871312245,diagnostic only,ff12,ew
rolling120,1967-06,1977-05,20000,1.17436277012557,1.1658448742276515,0.6195529954489004,0.9198848513329947,none,0.0043809012438635565,0.003932828246046904,1.944325019846057,4.4214533871312245,diagnostic only,ff12,ew
rolling120,1967-07,1977-06,20000,1.1345928013655573,1.1259048604896118,0.604468886878119,0.9163591987176009,none,0.0042742404892780195,0.004086702578940837,2.0326279950178954,4.4214533871312245,diagnostic only,ff12,ew
rolling120,1967-08,1977-07,20000,1.0036385788714963,0.996037800186566,0.5648130155431236,0.9130721971457134,none,0.003993831133929655,0.0038079332386489195,1.903129709305391,4.4214533871312245,diagnostic only,ff12,ew
rolling120,1967-09,1977-08,20000,0.9819361200269157,0.9744353375124137,0.5584461568107348,0.9127103073665828,none,0.003948810644084367,0.003798950703522319,1.899504228124662,4.4214533871312245,diagnostic only,ff12,ew
rolling120,1967-10,1977-09,20000,0.8964351808137135,0.889053680100373,0.5323417101316367,0.9105046803707922,none,0.003764224331425237,0.003907512418042325,1.960961957478688,4.4214533871312245,diagnostic only,ff12,ew
rolling120,1967-11,1977-10,20000,0.9020007438067947,0.8940349181870049,0.531748991253834,0.9080954735044523,none,0.0037600331760469217,0.0042057438029785565,2.1185519506944006,4.4214533871312245,diagnostic only,ff12,ew
rolling120,1967-12,1977-11,20000,1.037746606052097,1.0294471015612756,0.5696503869107301,0.9078706000915772,none,0.004028036514901178,0.004089539699968725,2.0604342736513184,4.4214533871312245,diagnostic only,ff12,ew
rolling120,1968-01,1977-12,20000,0.9457256742813697,0.9375389127789486,0.5418095379832429,0.9060391412865224,none,0.0038311719841950137,0.004225340429771851,2.136881752162112,4.4214533871312245,diagnostic only,ff12,ew
rolling120,1968-02,1978-01,20000,0.8737341532718734,0.8664229082470913,0.5149157287622528,0.892489091484814,none,0.0036410040354740193,0.003917249939697998,2.0080299152511767,4.4214533871312245,diagnostic only,ff12,ew
rolling120,1968-03,1978-02,20000,1.0262381028113399,1.0186795241322875,0.5555499353418702,0.8904229482907368,none,0.003928331265679845,0.003744318297527416,1.9241194715650605,4.4214533871312245,diagnostic only,ff12,ew
rolling120,1968-04,1978-03,20000,1.17200802774627,1.1645189103157274,0.5968769387753994,0.8914800897832761,none,0.004220557309419526,0.0034599454848145417,1.7744380377985478,4.4214533871312245,diagnostic only,ff12,ew
rolling120,1968-05,1978-04,20000,1.0692790478127319,1.0622234588435884,0.5671907091778273,0.8916606847598681,none,0.004010643966856487,0.003421350357977193,1.7592159831314091,4.4214533871312245,diagnostic only,ff12,ew
rolling120,1968-06,1978-05,20000,1.0266890615433892,1.019879567556619,0.5556898566537528,0.893170882046263,none,0.003929320658764492,0.0033712376203733907,1.7329952371235975,4.4214533871312245,diagnostic only,ff12,ew
rolling120,1968-07,1978-06,20000,0.9977591460588557,0.9910774039501804,0.5449412678715396,0.8883140694319912,none,0.0038533166586036055,0.0033558424677107013,1.7340236218989378,4.4214533871312245,diagnostic only,ff12,ew
rolling120,1968-08,1978-07,20000,1.1509557665965364,1.1437293374507655,0.5845105021952856,0.884530733798158,none,0.004133113397770408,0.0033709615386259273,1.7484226659905204,4.4214533871312245,diagnostic only,ff12,ew
rolling120,1968-09,1978-08,20000,1.2599191631985893,1.2522503190976098,0.6186687081765507,0.8911478547940586,none,0.004374648388595603,0.003404969703390881,1.7530195388895018,4.4214533871312245,diagnostic only,ff12,ew
rolling120,1968-10,1978-09,20000,1.1249658715298168,1.1186109637706458,0.579349214555815,0.8890518263277248,none,0.004096617582875169,0.0029995633308064207,1.551257258118486,4.4214533871312245,diagnostic only,ff12,ew
rolling120,1968-11,1978-10,20000,0.7282526920204535,0.7228605489845437,0.4805803488388637,0.9110094017573724,none,0.0033982162356895706,0.003129761743681403,1.5867568930073297,4.4214533871312245,diagnostic only,ff12,ew
rolling120,1968-12,1978-11,20000,0.6893619180600232,0.6839282611005464,0.4710298828891022,0.9132416416470082,none,0.003330684243323895,0.0032267746108884943,1.6313936003895282,4.4214533871312245,diagnostic only,ff12,ew
rolling120,1969-01,1978-12,20000,0.7135067977301389,0.7084166089814443,0.47685492717201095,0.9116327544094037,none,0.0033718735264554617,0.002979477442407674,1.5096025128930164,4.4214533871312245,diagnostic only,ff12,ew
rolling120,1969-02,1979-01,20000,0.876038568211567,0.8703871618357588,0.5222690241327698,0.9119105008023345,none,0.0036929996856796213,0.0030215168768916723,1.5303024253488833,4.4214533871312245,diagnostic only,ff12,ew
rolling120,1969-03,1979-02,20000,1.011491727989304,1.0060346952069863,0.5600814025516162,0.9117838589998918,none,0.003960373577607203,0.0027203082755029584,1.3779085925562735,4.4214533871312245,diagnostic only,ff12,ew
rolling120,1969-04,1979-03,20000,1.1331802090479997,1.127240359181965,0.5962147019882502,0.9169368331523856,none,0.004215874588190083,0.002792279603193837,1.4089247063168953,4.4214533871312245,diagnostic only,ff12,ew
rolling120,1969-05,1979-04,20000,1.1625055091681058,1.1564125212671947,0.6035467339112502,0.915313300877857,none,0.004267719883116378,0.0028255205536140693,1.4276916170191176,4.4214533871312245,diagnostic only,ff12,ew
rolling120,1969-06,1979-05,20000,1.1182076071622549,1.1126608720380506,0.5881470614455654,0.9084586095525565,none,0.004158827754831003,0.0026254734953523595,1.3337256196198544,4.4214533871312245,diagnostic only,ff12,ew
rolling120,1969-07,1979-06,20000,1.5151274547064861,1.5092914466364888,0.7038367882394018,0.9223924248666333,none,0.00497687765812641,0.002325759360404467,1.1726243783525727,4.4214533871312245,diagnostic only,ff12,ew
rolling120,1969-08,1979-07,20000,1.8281879333089364,1.8211138950940193,0.7870790389321919,0.9167546395768713,none,0.005565489257587435,0.002507533718230759,1.2710541495112928,4.4214533871312245,diagnostic only,ff12,ew
rolling120,1969-09,1979-08,20000,1.8797556338478676,1.8730278985498687,0.8007381388761268,0.916623043647684,none,0.005662073679540047,0.002341688119838592,1.1882104823731967,4.4214533871312245,diagnostic only,ff12,ew
rolling120,1969-10,1979-09,20000,1.9623601086675226,1.955581935349497,0.822716499256483,0.917784913214172,none,0.005817484156183163,0.0022933464428636086,1.1651382515277535,4.4214533871312245,diagnostic only,ff12,ew
rolling120,1969-11,1979-10,20000,1.4515456461435152,1.4460050403293718,0.6772749002175945,0.9131961806776695,none,0.004789056746713034,0.0022651653299117225,1.156930499507275,4.4214533871312245,diagnostic only,ff12,ew
rolling120,1969-12,1979-11,20000,1.7719712674528747,1.7659804982998377,0.7707037609695598,0.9206604953717109,none,0.0054496985566755175,0.002165875412613927,1.0992845000020572,4.4214533871312245,diagnostic only,ff12,ew
rolling120,1970-01,1979-12,20000,2.141580077598746,2.1352922256993425,0.8750832726666504,0.9215134816168887,none,0.0061877731620550505,0.002005507444525545,1.016173627365989,4.4214533871312245,diagnostic only,ff12,ew
rolling120,1970-02,1980-01,20000,2.592190458490396,2.5849485615058314,1.0120300324538158,0.9308326140352855,none,0.007156132987125349,0.002020083931559169,1.011984684688421,4.4214533871312245,diagnostic only,ff12,ew
rolling120,1970-03,1980-02,20000,2.4023651514810167,2.394221192191979,0.9612041584728436,0.9369539338221373,none,0.006796739785608566,0.0023993602148768556,1.1982155483253296,4.4214533871312245,diagnostic only,ff12,ew
rolling120,1970-04,1980-03,20000,1.9447560474056824,1.9375026866840126,0.842609983450137,0.9444398968742059,none,0.0059581523319307645,0.0024692269234509734,1.217384235511706,4.4214533871312245,diagnostic only,ff12,ew
rolling120,1970-05,1980-04,20000,2.715267557313662,2.7060007463745483,1.054463679537113,0.9349759127540771,none,0.00745618418315611,0.0025004881470083173,1.242835572657666,4.4214533871312245,diagnostic only,ff12,ew
rolling120,1970-06,1980-05,20000,3.363905931158206,3.3528963067962563,1.2356129806933094,0.932426734121744,none,0.008737103175703616,0.002529264100493256,1.2601000744234792,4.4214533871312245,diagnostic only,ff12,ew
rolling120,1970-07,1980-06,20000,3.878705245970894,3.8658961778626884,1.3782079125602198,0.9311486694493394,none,0.009745401608562878,0.0026324170594678176,1.3143704716028117,4.4214533871312245,diagnostic only,ff12,ew
rolling120,1970-08,1980-07,20000,3.976814418977632,3.962907349734855,1.4071304823724544,0.9302403191981384,none,0.009949915060998602,0.0028022020688176497,1.3977073329288954,4.4214533871312245,diagnostic only,ff12,ew
rolling120,1970-09,1980-08,20000,4.013807693486522,4.000326482314831,1.4248997299089374,0.9330446480971047,none,0.010075562615294896,0.0026960661907520223,1.3380107579527702,4.4214533871312245,diagnostic only,ff12,ew
rolling120,1970-10,1980-09,20000,3.689850242504748,3.677759574394196,1.3230696966372948,0.9295104730001882,none,0.009355515544746593,0.00258471345486333,1.2923572252884776,4.4214533871312245,diagnostic only,ff12,ew
rolling120,1970-11,1980-10,20000,4.1620161735507955,4.14662342123039,1.453113854563547,0.9315148480661813,none,0.010275066603980065,0.0029908448822792977,1.4980683740232856,4.4214533871312245,diagnostic only,ff12,ew
rolling120,1970-12,1980-11,20000,4.4713789979157434,4.457226271919291,1.5683158439636153,0.9645671858086667,none,0.011089667683089758,0.0025933918242087017,1.2762083049642186,4.4214533871312245,diagnostic only,ff12,ew
rolling120,1971-01,1980-12,20000,3.925697595011086,3.9121190611576964,1.4091172417810818,0.9636239131990976,none,0.009963963571502867,0.0027642924946100766,1.362764301168732,4.4214533871312245,diagnostic only,ff12,ew
rolling120,1971-02,1981-01,20000,3.415354805761861,3.4060479848690086,1.261219948023559,0.9607658810351416,none,0.008918171778152037,0.0021122831446260815,1.043579460495758,4.4214533871312245,diagnostic only,ff12,ew
rolling120,1971-03,1981-02,20000,3.2462360984304413,3.2371679538847316,1.20994366044669,0.959369521039577,none,0.008555593671555279,0.002140142813408241,1.0599082768339614,4.4214533871312245,diagnostic only,ff12,ew
rolling120,1971-04,1981-03,20000,3.313380372807132,3.30347469117157,1.2309088019354815,0.9593693038995297,none,0.008703839608707879,0.0023017868923180806,1.1380818214585806,4.4214533871312245,diagnostic only,ff12,ew
rolling120,1971-05,1981-04,20000,3.309057516322104,3.30148689472259,1.2380758525182187,0.9594939665974256,none,0.008754518309389484,0.0017600010844627256,0.8647673500658761,4.4214533871312245,diagnostic only,ff12,ew
rolling120,1971-06,1981-05,20000,3.6566051624936606,3.648990701721509,1.3386713608947223,0.9599836386263927,none,0.009465835970688822,0.001637873951722879,0.8044150348400426,4.4214533871312245,diagnostic only,ff12,ew
rolling120,1971-07,1981-06,20000,3.6805504874868644,3.671444852996826,1.3514617676454102,0.9623909968654996,none,0.009556277804164277,0.001949211598676337,0.9528432174784939,4.4214533871312245,diagnostic only,ff12,ew
rolling120,1971-08,1981-07,20000,3.866065954286544,3.8565470555599495,1.4064657009547799,0.9641182729264981,none,0.009945214346514157,0.0019600136923818567,0.9571335915882809,4.4214533871312245,diagnostic only,ff12,ew
rolling120,1971-09,1981-08,20000,3.336040174676448,3.327435755119372,1.256862931274743,0.9676555123698366,none,0.008887363017263724,0.0019883413744263834,0.968163395639645,4.4214533871312245,diagnostic only,ff12,ew
rolling120,1971-10,1981-09,20000,2.993423231585647,2.9852750032778737,1.166326427011066,0.9697394954477284,none,0.008247173256166015,0.0020445836990099497,0.9880025621726036,4.4214533871312245,diagnostic only,ff12,ew
rolling120,1971-11,1981-10,20000,3.528771964567961,3.519032251662358,1.3188061274773897,0.9659981024130294,none,0.009325367558096327,0.0021552651902450037,1.0444320660741244,4.4214533871312245,diagnostic only,ff12,ew
rolling120,1971-12,1981-11,20000,3.770143886706535,3.7594182575921957,1.392091372897392,0.968003827843412,none,0.009843572498070366,0.00225355884560674,1.089607367288828,4.4214533871312245,diagnostic only,ff12,ew
rolling120,1972-01,1981-12,20000,3.1820901152731587,3.171222988918168,1.218310736433046,0.966912930992889,none,0.008614757833241836,0.0026052614266516283,1.261454653206569,4.4214533871312245,diagnostic only,ff12,ew
rolling120,1972-02,1982-01,20000,2.7495379830815896,2.741374172833062,1.0840468751564754,0.9591363786428505,none,0.007665368965472304,0.002182035228608381,1.0650250868941062,4.4214533871312245,diagnostic only,ff12,ew
rolling120,1972-03,1982-02,20000,2.4412547758009326,2.4323931386033686,1.0002350758321439,0.9575533694967712,none,0.007072730049015495,0.0025817663769045485,1.2529302173490378,4.4214533871312245,diagnostic only,ff12,ew
rolling120,1972-04,1982-03,20000,2.425573841218177,2.4163634152450615,0.9962746748257721,0.958026941065004,none,0.00704472578493726,0.0026959737163836373,1.3074215028793226,4.4214533871312245,diagnostic only,ff12,ew
rolling120,1972-05,1982-04,20000,2.6215881078147807,2.611788627921489,1.0547652706345323,0.958959625521001,none,0.007458316754257417,0.002713193074903586,1.31389966612749,4.4214533871312245,diagnostic only,ff12,ew
rolling120,1972-06,1982-05,20000,2.5816856695695876,2.5723870754701244,1.0430480771133155,0.9587796600361809,none,0.007375463684304143,0.002602907776515062,1.26074705231777,4.4214533871312245,diagnostic only,ff12,ew
rolling120,1972-07,1982-06,20000,2.5817869883008586,2.571741724376461,1.0461421828458912,0.959831979694075,none,0.007397342315756268,0.002812427297259612,1.357955802991763,4.4214533871312245,diagnostic only,ff12,ew
rolling120,1972-08,1982-07,20000,2.6247936941938153,2.61537973018717,1.0629772357714933,0.9592043992156748,none,0.007516384116609544,0.0026038659032250333,1.2524591426670564,4.4214533871312245,diagnostic only,ff12,ew
rolling120,1972-09,1982-08,20000,2.7694140237969185,2.7610900330701,1.1018735338620789,0.9550708013683581,none,0.007791422478038609,0.002213185713085375,1.0683531473593153,4.4214533871312245,diagnostic only,ff12,ew
rolling120,1972-10,1982-09,20000,3.0180486370371282,3.0091386715131296,1.1800475425415315,0.95654599190707,none,0.008344196194536378,0.002222413903342435,1.067803934168358,4.4214533871312245,diagnostic only,ff12,ew
rolling120,1972-11,1982-10,20000,3.5731179314450485,3.562084899920232,1.3437270660533842,0.955717283735242,none,0.009501585204702519,0.0024184187201359286,1.1611779810547742,4.4214533871312245,diagnostic only,ff12,ew
rolling120,1972-12,1982-11,20000,3.758415059213419,3.746295817196378,1.4177803773276714,0.9557277983838561,none,0.010025221190416185,0.0025534105929789774,1.20887527435569,4.4214533871312245,diagnostic only,ff12,ew
rolling120,1973-01,1982-12,20000,3.9392754966585564,3.92477134702069,1.4722798680372837,0.9562022492864802,none,0.010410590784935987,0.002945141736710344,1.3932110038225227,4.4214533871312245,diagnostic only,ff12,ew
rolling120,1973-02,1983-01,20000,4.731885204680522,4.713350632372558,1.7098283372418914,0.9537382460492667,none,0.012090312119286604,0.0032440810131528774,1.533010242010034,4.4214533871312245,diagnostic only,ff12,ew
rolling120,1973-03,1983-02,20000,5.526374320507139,5.504419657024755,1.956518885425802,0.9529789613714451,none,0.013834677714041304,0.0033753454789271498,1.5869298827323721,4.4214533871312245,diagnostic only,ff12,ew
rolling120,1973-04,1983-03,20000,6.016066629440201,5.992749313271682,2.1072368742592746,0.9547916494273208,none,0.014900414833550773,0.003334499082394471,1.5648769802043148,4.4214533871312245,diagnostic only,ff12,ew
rolling120,1973-05,1983-04,20000,7.127489791133252,7.102126370955201,2.434447715551883,0.9508235670767434,none,0.017214144881108357,0.0031304646480181386,1.473405757487617,4.4214533871312245,diagnostic only,ff12,ew
rolling120,1973-06,1983-05,20000,8.609913415476468,8.583463380346892,2.881437081155286,0.9504384124465735,none,0.02037483699647275,0.0027599662126134294,1.298171618951121,4.4214533871312245,diagnostic only,ff12,ew
rolling120,1973-07,1983-06,20000,9.374481429695939,9.34372093746186,3.1152462347707424,0.9516642050493931,none,0.022028117376722514,0.0029738323781216547,1.396419480975865,4.4214533871312245,diagnostic only,ff12,ew
rolling120,1973-08,1983-07,20000,8.20149290885578,8.169746569382268,2.7451233391232237,0.9499880455058591,none,0.0194109532828749,0.003462073813415234,1.6354858522852829,4.4214533871312245,diagnostic only,ff12,ew
rolling120,1973-09,1983-08,20000,8.34695951248753,8.315212772856798,2.7960827291413004,0.9528107423138288,none,0.01977129058534402,0.0034080530852969027,1.6056989043631231,4.4214533871312245,diagnostic only,ff12,ew
rolling120,1973-10,1983-09,20000,7.691728148018363,7.660098593868787,2.5913458527803166,0.9480436158788295,none,0.018323582249005987,0.003652331876679682,1.7261665169916438,4.4214533871312245,diagnostic only,ff12,ew
rolling120,1973-11,1983-10,20000,7.19787443953293,7.17280989001218,2.4324719987036905,0.9331730406032935,none,0.01720017445329774,0.003066821553182164,1.4572264710922027,4.4214533871312245,diagnostic only,ff12,ew
rolling120,1973-12,1983-11,20000,9.160886233068627,9.135342604821213,2.960541508485285,0.9084581178804858,none,0.020934189766341958,0.002520253063301725,1.2201870974000184,4.4214533871312245,diagnostic only,ff12,ew
rolling120,1974-01,1983-12,20000,9.288203430057116,9.259442063305912,2.9747147146394957,0.8971396353060052,none,0.02103440946816993,0.0028034045685654263,1.367348429473505,4.4214533871312245,diagnostic only,ff12,ew
rolling120,1974-02,1984-01,20000,8.189084433713788,8.16434420112549,2.647305780797753,0.8965548040416298,none,0.01871927869476439,0.0026996184391743228,1.321644545802825,4.4214533871312245,diagnostic only,ff12,ew
rolling120,1974-03,1984-02,20000,7.657755031853998,7.6364266241977266,2.5007844792942397,0.8988749907915012,none,0.017683216635950263,0.0024695870855329094,1.2061384585941717,4.4214533871312245,diagnostic only,ff12,ew
rolling120,1974-04,1984-03,20000,7.679800763239294,7.658968940734621,2.5057953429811666,0.8983626657660075,none,0.017718648792876535,0.0024058086646636667,1.1757004017737844,4.4214533871312245,diagnostic only,ff12,ew
rolling120,1974-05,1984-04,20000,8.061189666311076,8.040437501359571,2.6119897759113657,0.8970266159975103,none,0.018469556829368572,0.0022954823755358955,1.1235875956972945,4.4214533871312245,diagnostic only,ff12,ew
rolling120,1974-06,1984-05,20000,8.272882156905736,8.249662009263293,2.6732496179453165,0.8983221642904669,none,0.018902729326534806,0.00251037795966913,1.228401848290083,4.4214533871312245,diagnostic only,ff12,ew
rolling120,1974-07,1984-06,20000,8.710281896681982,8.683659090615743,2.7993949657159676,0.8978077854385181,none,0.019794711634772432,0.0027492506517541315,1.3449453852852402,4.4214533871312245,diagnostic only,ff12,ew
rolling120,1974-08,1984-07,20000,8.815083697671428,8.789512853954458,2.8345165462910353,0.8980315450924701,none,0.020043058712678634,0.0026120649820322583,1.2757954802973668,4.4214533871312245,diagnostic only,ff12,ew
rolling120,1974-09,1984-08,20000,10.583185083965297,10.555893966211341,3.3516363650997247,0.8998237959841439,none,0.023699648018334466,0.002361662181545876,1.1515410580293421,4.4214533871312245,diagnostic only,ff12,ew
rolling120,1974-10,1984-09,20000,11.594775357206602,11.565878407446823,3.634897479267024,0.8968786430167818,none,0.025702606565076006,0.002299636270764349,1.1242809046084892,4.4214533871312245,diagnostic only,ff12,ew
rolling120,1974-11,1984-10,20000,10.124649699831247,10.092475236710575,3.17102556284174,0.8744948300433625,none,0.02242253678801283,0.0029005665943873105,1.4349162819914536,4.4214533871312245,diagnostic only,ff12,ew
rolling120,1974-12,1984-11,20000,10.260424444613358,10.229752150667046,3.208388235132009,0.8740445312817965,none,0.02268673077740983,0.0027313420220489437,1.3519926800935775,4.4214533871312245,diagnostic only,ff12,ew
rolling120,1975-01,1984-12,20000,11.234602913913347,11.202341297203509,3.477466780199317,0.8714969211568349,none,0.024589403416298863,0.002643887424885527,1.3120129904597249,4.4214533871312245,diagnostic only,ff12,ew
rolling120,1975-02,1985-01,20000,9.648779504148724,9.625525702339642,3.0198774203286116,0.8702748222002074,none,0.021353758022664992,0.002188484829880988,1.0889793629954998,4.4214533871312245,diagnostic only,ff12,ew
rolling120,1975-03,1985-02,20000,9.504587934627418,9.479089296952607,2.97115825126281,0.86793259142699,none,0.02100926147446297,0.0024332875646193575,1.213685578896019,4.4214533871312245,diagnostic only,ff12,ew
rolling120,1975-04,1985-03,20000,8.771567334853778,8.743973316712657,2.746600891974186,0.8651324347979148,none,0.01942140115927967,0.0028319061684818347,1.4208047048107324,4.4214533871312245,diagnostic only,ff12,ew
rolling120,1975-05,1985-04,20000,8.270518978675033,8.245196031708167,2.6022179714873093,0.8642719967698984,none,0.018400459737641782,0.0027390384022163428,1.3762127320690616,4.4214533871312245,diagnostic only,ff12,ew
rolling120,1975-06,1985-05,20000,7.7898495862571755,7.763818629735091,2.465575157881863,0.8628136800996503,none,0.01743424913663358,0.002970275586690496,1.4930930674488792,4.4214533871312245,diagnostic only,ff12,ew
rolling120,1975-07,1985-06,20000,7.2317647909531555,7.207474160537641,2.314442474292503,0.864546540428935,none,0.016365579682384005,0.002959574400161591,1.4842511470376278,4.4214533871312245,diagnostic only,ff12,ew
rolling120,1975-08,1985-07,20000,7.482618411162593,7.456616975000756,2.3831692662419814,0.8638369134648145,none,0.016851551488750737,0.0030746853308720734,1.5429698671481096,4.4214533871312245,diagnostic only,ff12,ew
rolling120,1975-09,1985-08,20000,7.885131887786437,7.857664922595699,2.4952685441204463,0.8634922180562293,none,0.017644213084290514,0.003100926195646503,1.5567123940025809,4.4214533871312245,diagnostic only,ff12,ew
rolling120,1975-10,1985-09,20000,7.705739002047756,7.678133192689971,2.4465994954909918,0.8640275396597008,none,0.017300070941092663,0.003181076937265548,1.5957049801577925,4.4214533871312245,diagnostic only,ff12,ew
rolling120,1975-11,1985-10,20000,7.696752210304682,7.667933207547357,2.4434122792957993,0.8639134072192668,none,0.01727753391924538,0.0033247836672567477,1.66800440919546,4.4214533871312245,diagnostic only,ff12,ew
rolling120,1975-12,1985-11,20000,7.980627637394726,7.9496889628594865,2.520295235554813,0.8631498417479059,none,0.017821178516529552,0.003456955282315599,1.7360622085987636,4.4214533871312245,diagnostic only,ff12,ew
rolling120,1976-01,1985-12,20000,8.264817962681319,8.232816777243329,2.6192381253477333,0.8640210632342745,none,0.018520810399757226,0.0034660262637145056,1.7278501721722206,4.4214533871312245,diagnostic only,ff12,ew
rolling120,1976-02,1986-01,20000,7.067575578977153,7.0434695638630895,2.263976444545443,0.8572840487540084,none,0.016008730963846925,0.0029969672816769766,1.5058042494750503,4.4214533871312245,diagnostic only,ff12,ew
rolling120,1976-03,1986-02,20000,6.793663542027705,6.776123766345256,2.18639468232108,0.8523224142186618,none,0.01546014506219443,0.002255593687739532,1.1345155955450987,4.4214533871312245,diagnostic only,ff12,ew
rolling120,1976-04,1986-03,20000,7.087994248157549,7.069314450530451,2.2753666343389307,0.8542402552602532,none,0.016089271768266692,0.002314917548648987,1.16100951591488,4.4214533871312245,diagnostic only,ff12,ew
rolling120,1976-05,1986-04,20000,7.2289818059116895,7.210197048569283,2.3141542844035303,0.8537472912249,none,0.016363541872136386,0.002287978867167473,1.1479640220429983,4.4214533871312245,diagnostic only,ff12,ew
rolling120,1976-06,1986-05,20000,7.710727654687676,7.693461123724248,2.4378951055332614,0.8458724635325112,none,0.01723852160944063,0.001986151512923806,1.0016248118383972,4.4214533871312245,diagnostic only,ff12,ew
rolling120,1976-07,1986-06,20000,7.5637691811566485,7.545335046465919,2.399873195417158,0.8471246156971989,none,0.016969666104673008,0.002157216140793894,1.0862991986420674,4.4214533871312245,diagnostic only,ff12,ew
rolling120,1976-08,1986-07,20000,6.940201013142125,6.918118703236829,2.244097807372373,0.8611472565242975,none,0.015868167772388676,0.0027888328948981744,1.3916105641206775,4.4214533871312245,diagnostic only,ff12,ew
rolling120,1976-09,1986-08,20000,7.2022875140067555,7.17978143932346,2.3210315775135815,0.8625487303850083,none,0.016412171678079634,0.0027514273884019502,1.3713038788983294,4.4214533871312245,diagnostic only,ff12,ew
rolling120,1976-10,1986-09,20000,6.4981905278734455,6.477841760656049,2.121908110368365,0.8623446098457023,none,0.01500415613896204,0.0027212085878121073,1.3562087083695349,4.4214533871312245,diagnostic only,ff12,ew
rolling120,1976-11,1986-10,20000,6.871041752592103,6.8490271561438725,2.22744747098955,0.8623406715130744,none,0.015750432114735365,0.0028047547817438012,1.397713807968161,4.4214533871312245,diagnostic only,ff12,ew
rolling120,1976-12,1986-11,20000,6.624925547464626,6.604707651490715,2.1580036325205807,0.862356014221728,none,0.01525939002380505,0.002658602657782394,1.3249478480050856,4.4214533871312245,diagnostic only,ff12,ew
rolling120,1977-01,1986-12,20000,5.706667150811538,5.690132296678167,1.8970808741215779,0.8615770863110489,none,0.013414387505506708,0.00247152872321843,1.23262088012468,4.4214533871312245,diagnostic only,ff12,ew
rolling120,1977-02,1987-01,20000,6.229637045368054,6.2114838290725425,2.0456302263196324,0.8612299654613601,none,0.01446479004830784,0.0025172650630274074,1.2549934174561208,4.4214533871312245,diagnostic only,ff12,ew
rolling120,1977-03,1987-02,20000,6.754927651412319,6.737066243045859,2.2062625226823513,0.8663064719952184,none,0.015600631908664297,0.00230855052876322,1.1449156977122044,4.4214533871312245,diagnostic only,ff12,ew
rolling120,1977-04,1987-03,20000,6.993078951984366,6.9739629283980635,2.2910382568191143,0.8775068934043001,none,0.016200086873546026,0.0023973052995045485,1.1799951281445111,4.4214533871312245,diagnostic only,ff12,ew
rolling120,1977-05,1987-04,20000,6.7420220567178255,6.724649402853046,2.221992839374648,0.8790402684902282,none,0.01571186204469765,0.0022489893014900897,1.1057030551411937,4.4214533871312245,diagnostic only,ff12,ew
rolling120,1977-06,1987-05,20000,6.783298754325554,6.767718398758045,2.240886669492634,0.8828176431372464,none,0.015845461598687792,0.002005782749539442,0.9832692768508453,4.4214533871312245,diagnostic only,ff12,ew
rolling120,1977-07,1987-06,20000,6.582904909218184,6.566729351173092,2.1831961840834935,0.8828864493883339,none,0.015437528264260323,0.0021377212391751055,1.0478075096089514,4.4214533871312245,diagnostic only,ff12,ew
rolling120,1977-08,1987-07,20000,6.799628770932766,6.78666304783623,2.26948303651301,0.899004261184013,none,0.016047668449061865,0.0016651193222156913,0.8079505840796357,4.4214533871312245,diagnostic only,ff12,ew
rolling120,1977-09,1987-08,20000,6.9367716049948696,6.923221998138579,2.3113984868859014,0.8994677413562729,none,0.01634405544101346,0.0017101132417436382,0.8290235495830296,4.4214533871312245,diagnostic only,ff12,ew
rolling120,1977-10,1987-09,20000,6.690312563544576,6.677440470824892,2.2403384983395243,0.8996226036260786,none,0.015841585443291645,0.0016766125075928784,0.8125507870258672,4.4214533871312245,diagnostic only,ff12,ew
rolling120,1977-11,1987-10,20000,4.7391992035254935,4.735725622599581,1.74047253670817,0.9744167977944478,none,0.012306999331752992,0.0006056044438782493,0.28224434179907854,4.4214533871312245,diagnostic only,ff12,ew
rolling120,1977-12,1987-11,20000,4.05856030614068,4.055840123904563,1.5352843408239303,0.9754335007179583,none,0.010856099684461197,0.0005380277400892641,0.25056717561376424,4.4214533871312245,diagnostic only,ff12,ew
rolling120,1978-01,1987-12,20000,4.143574217317058,4.1407391868887755,1.5779646092383572,0.9911396290721659,none,0.01115789475664823,0.0005514830309836238,0.25408291529126115,4.4214533871312245,diagnostic only,ff12,ew
rolling120,1978-02,1988-01,20000,4.634578238694725,4.632961288617967,1.7303236275561276,0.992069838794616,none,0.012235235706922438,0.00028705151587415934,0.13215520448397725,4.4214533871312245,diagnostic only,ff12,ew
rolling120,1978-03,1988-02,20000,4.89115460975608,4.888483212086824,1.8133284626683237,0.9939498475692934,none,0.01282216852471349,0.0004536648187725145,0.20834211187500762,4.4214533871312245,diagnostic only,ff12,ew
rolling120,1978-04,1988-03,20000,4.748585879247684,4.743719977830844,1.7676274976403472,0.9934453885883728,none,0.012499013901932974,0.0008471689837981078,0.38930282460818777,4.4214533871312245,diagnostic only,ff12,ew
rolling120,1978-05,1988-04,20000,4.411477478489297,4.407071889908587,1.6582403201965692,0.9913365822058483,none,0.011725529752479459,0.000814782690226945,0.375726186680659,4.4214533871312245,diagnostic only,ff12,ew
rolling120,1978-06,1988-05,20000,4.009771372603519,4.006317427312232,1.5298689714746425,0.9884565722195443,none,0.010817807240566085,0.0006899173577057383,0.3192833089441013,4.4214533871312245,diagnostic only,ff12,ew
rolling120,1978-07,1988-06,20000,4.233340770480978,4.228428693453551,1.6009858041432998,0.990015160524415,none,0.01132067918693125,0.0009394939312412642,0.4339030323461247,4.4214533871312245,diagnostic only,ff12,ew
rolling120,1978-08,1988-07,20000,3.9914417277353533,3.987264089481089,1.525713113920528,0.9889564778125084,none,0.010788420889984489,0.0008376613267935262,0.38723352535705835,4.4214533871312245,diagnostic only,ff12,ew
rolling120,1978-09,1988-08,20000,3.4770777655265235,3.4736113797756794,1.3583261533852435,0.9816055497735097,none,0.009604816341217442,0.0007748517822792067,0.3609007843251222,4.4214533871312245,diagnostic only,ff12,ew
rolling120,1978-10,1988-09,20000,3.5527782976950686,3.549003068118509,1.3836015878591672,0.9823095629991392,none,0.009783540652356919,0.000829902622624834,0.38587559562602186,4.4214533871312245,diagnostic only,ff12,ew
rolling120,1978-11,1988-10,20000,4.479730074554143,4.475647561290874,1.6375730109330822,0.96201856220693,none,0.011579389807188548,0.0007455763391586157,0.35256721910641065,4.4214533871312245,diagnostic only,ff12,ew
rolling120,1978-12,1988-11,20000,4.017104094745639,4.013630979746709,1.4966908009495024,0.9604257685021265,none,0.010583202146909183,0.000692734469880163,0.328172414238947,4.4214533871312245,diagnostic only,ff12,ew
rolling120,1979-01,1988-12,20000,4.061642459718445,4.058768031585495,1.5096864764995708,0.9601598624445434,none,0.010675095449984719,0.0005682071435184621,0.2692648647889998,4.4214533871312245,diagnostic only,ff12,ew
rolling120,1979-02,1989-01,20000,3.9498293284574837,3.9458694489941095,1.4770015390547726,0.9608354043476005,none,0.01044397804088597,0.0008006437501457686,0.37915432681609246,4.4214533871312245,diagnostic only,ff12,ew
rolling120,1979-03,1989-02,20000,4.068976558891108,4.064538424531847,1.5102868006121084,0.9593567390384797,none,0.01067934038249357,0.0008763156653650572,0.41558131872417303,4.4214533871312245,diagnostic only,ff12,ew
rolling120,1979-04,1989-03,20000,3.7850530559338864,3.7817734243861567,1.4186839209041935,0.9528417041330658,none,0.010031610208316747,0.0006858609257820447,0.32692972310773283,4.4214533871312245,diagnostic only,ff12,ew
rolling120,1979-05,1989-04,20000,3.8267424774005625,3.824071115865813,1.4318867072741288,0.9536857627954152,none,0.010124968006044134,0.0005537566653950332,0.2638390099756249,4.4214533871312245,diagnostic only,ff12,ew
rolling120,1979-06,1989-05,20000,4.025994986963139,4.023511827269199,1.4922134979960857,0.9544516411605379,none,0.010551542834111308,0.0004943075241627959,0.2353361714944677,4.4214533871312245,diagnostic only,ff12,ew
rolling120,1979-07,1989-06,20000,3.68455143791827,3.6826616929114895,1.3797932572841656,0.9396774460654475,none,0.009756611688611081,0.0004035621470670492,0.19368865617419448,4.4214533871312245,diagnostic only,ff12,ew
rolling120,1979-08,1989-07,20000,3.7431262538314405,3.741917538167888,1.3980734001538822,0.9401728662049935,none,0.009885871818453436,0.00025490018622709165,0.12226697713157395,4.4214533871312245,diagnostic only,ff12,ew
rolling120,1979-09,1989-08,20000,3.5033457512628563,3.5016351803434356,1.3243034109194851,0.9383152856071157,none,0.009364239222096428,0.0003799887931588142,0.18267057033147568,4.4214533871312245,diagnostic only,ff12,ew
rolling120,1979-10,1989-09,20000,3.509740576024546,3.5081840203234824,1.3234744587259044,0.9356603287889801,none,0.009358377644922825,0.0003452733282507392,0.166327515315456,4.4214533871312245,diagnostic only,ff12,ew
rolling120,1979-11,1989-10,20000,3.7103129747493995,3.7097853060964026,1.3843576795945087,0.9371836972175852,none,0.00978888702828951,0.00011203666806514079,0.05390486696515888,4.4214533871312245,diagnostic only,ff12,ew
rolling120,1979-12,1989-11,20000,3.372448811273645,3.372019838579188,1.2781776149671988,0.9298375616191938,none,0.009038080591041543,9.811773740620033e-05,0.047462809181193444,4.4214533871312245,diagnostic only,ff12,ew
rolling120,1980-01,1989-12,20000,3.0839633344166453,3.083805460325485,1.1885427946513667,0.9258051324716492,none,0.008404266698283916,3.865857291529551e-05,0.01878499300745875,4.4214533871312245,diagnostic only,ff12,ew
rolling120,1980-02,1990-01,20000,2.534957543025121,2.534145064282163,1.0194366201423237,0.9169058734109058,none,0.007208505470925317,0.0002298939993068405,0.11271112246990206,4.4214533871312245,diagnostic only,ff12,ew
rolling120,1980-03,1990-02,20000,2.6392267793448987,2.6386331936983938,1.043789270903327,0.9085881007054736,none,0.007380704715855048,0.0001631342361008148,0.080423979735944,4.4214533871312245,diagnostic only,ff12,ew
rolling120,1980-04,1990-03,20000,3.4339342675667766,3.4330553465760456,1.2531858238847104,0.897721820830904,none,0.008861361941557292,0.00019826528703492663,0.0991857681164173,4.4214533871312245,diagnostic only,ff12,ew
rolling120,1980-05,1990-04,20000,3.0719643501022205,3.070908202072986,1.146970517738466,0.8938765352501603,none,0.008110306309139146,0.0002594379378775269,0.13022295200419806,4.4214533871312245,diagnostic only,ff12,ew
rolling120,1980-06,1990-05,20000,2.9854703694817406,2.9841156619581586,1.1253853357339276,0.8963428380830963,none,0.007957676023453597,0.00034002715747361023,0.17023908985353295,4.4214533871312245,diagnostic only,ff12,ew
rolling120,1980-07,1990-06,20000,2.857597746326677,2.8561065613984726,1.0896156546353455,0.8968047069777039,none,0.00770474618279672,0.0003867073962975365,0.193541084005334,4.4214533871312245,diagnostic only,ff12,ew
rolling120,1980-08,1990-07,20000,2.4551945521591,2.4543856703339317,0.9737959922218009,0.89487319460083,none,0.0068857774959231784,0.00023416083273941624,0.11747138585977392,4.4214533871312245,diagnostic only,ff12,ew
rolling120,1980-09,1990-08,20000,1.8707616733698607,1.8708951368306699,0.8224221604370492,0.9248270165756262,none,0.005815402866431282,-4.6488448531945004e-05,-0.02294999398573508,4.4214533871312245,diagnostic only,ff12,ew
rolling120,1980-10,1990-09,20000,1.540088249915552,1.5405723314509618,0.7319627932687017,0.9331335994263045,none,0.00517575854696546,-0.00019054034770704664,-0.09352861634044435,4.4214533871312245,diagnostic only,ff12,ew
rolling120,1980-11,1990-10,20000,1.3039712269276016,1.304647804250549,0.6645573856295934,0.9344202027304666,none,0.0046991303386628895,-0.0002935708101252654,-0.14397926300973027,4.4214533871312245,diagnostic only,ff12,ew
rolling120,1980-12,1990-11,20000,1.2345562002870596,1.2337454955742277,0.6312393727095572,0.8959808564213118,none,0.004463536409948704,0.0003629351304514916,0.1816283409327362,4.4214533871312245,diagnostic only,ff12,ew
rolling120,1981-01,1990-12,20000,1.2991227028082346,1.2988598265717535,0.6510605065286225,0.8969666329047639,none,0.004603692991291374,0.00011435070265797265,0.057101165733338025,4.4214533871312245,diagnostic only,ff12,ew
rolling120,1981-02,1991-01,20000,1.4487265638633033,1.4481213889002715,0.6983617712358712,0.9036654732121172,none,0.004938163441623329,0.00024719973681675,0.12255061424877974,4.4214533871312245,diagnostic only,ff12,ew
rolling120,1981-03,1991-02,20000,1.75543758436773,1.7543856322187494,0.7897612925128128,0.9086331051950669,none,0.0055844556545446246,0.0003819189792000355,0.1883714750468802,4.4214533871312245,diagnostic only,ff12,ew
rolling120,1981-04,1991-03,20000,1.7671892482298899,1.7664742616052522,0.7962768170579759,0.9136612586057407,none,0.005630527370433347,0.00025844687390041976,0.12698395329576737,4.4214533871312245,diagnostic only,ff12,ew
rolling120,1981-05,1991-04,20000,1.7765976879179426,1.7752439031496023,0.7947191325458715,0.915699451439254,none,0.005619512877618763,0.00048780749209242913,0.24090785052420913,4.4214533871312245,diagnostic only,ff12,ew
rolling120,1981-06,1991-05,20000,1.7816474592630758,1.7808741566185957,0.7993934948920466,0.9182780175339943,none,0.005652565610745799,0.0002780789783816129,0.13680560257628335,4.4214533871312245,diagnostic only,ff12,ew
rolling120,1981-07,1991-06,20000,1.7000269276061026,1.7003696947270908,0.7724823007395004,0.9149923129366053,none,0.005462274731994867,-0.00012693340532510256,-0.06275171751805107,4.4214533871312245,diagnostic only,ff12,ew
rolling120,1981-08,1991-07,20000,1.8401096764230447,1.8400002179580417,0.8118346000871356,0.9141131266993943,none,0.005740537509234825,3.8541710071227087e-05,0.01906763344493456,4.4214533871312245,diagnostic only,ff12,ew
rolling120,1981-09,1991-08,20000,2.15975688769309,2.159491298159169,0.8984091232737251,0.9087327623485838,none,0.00635271183346712,8.406085311118972e-05,0.041807269223484156,4.4214533871312245,diagnostic only,ff12,ew
rolling120,1981-10,1991-09,20000,2.491433659520271,2.4933743745485555,0.9885216853532334,0.9097934633464179,none,0.006989903870632259,-0.0005555416683719061,-0.2776454532426736,4.4214533871312245,diagnostic only,ff12,ew
rolling120,1981-11,1991-10,20000,2.3506772438337857,2.352902676991143,0.9505025776928134,0.9127229985457163,none,0.006721068182218816,-0.0006637332996954903,-0.33111301611919647,4.4214533871312245,diagnostic only,ff12,ew
rolling120,1981-12,1991-11,20000,2.201163468504114,2.203503360977644,0.9071732418184363,0.9115701917903996,none,0.006414683510007999,-0.0007304167375108417,-0.36477130475410824,4.4214533871312245,diagnostic only,ff12,ew
rolling120,1982-01,1991-12,20000,2.3767713771795194,2.38009372154697,0.9635771291318801,0.915675853072542,none,0.006813519222054179,-0.0009829148660204234,-0.48761062516664994,4.4214533871312245,diagnostic only,ff12,ew
rolling120,1982-02,1992-01,20000,2.905999470040782,2.9068928141946695,1.139225137413739,0.9269688273016097,none,0.008055538199634312,-0.0002286584752573262,-0.11089813389851433,4.4214533871312245,diagnostic only,ff12,ew
rolling120,1982-03,1992-02,20000,3.2754711192700854,3.276114905051009,1.2432098823401567,0.930882766571736,none,0.008790821382408547,-0.00015055390119744771,-0.07323385983156266,4.4214533871312245,diagnostic only,ff12,ew
rolling120,1982-04,1992-03,20000,3.234332622814915,3.2368831782868375,1.23308843667844,0.9312407852752517,none,0.008719251953780436,-0.0006019886233810112,-0.2925199874304192,4.4214533871312245,diagnostic only,ff12,ew
rolling120,1982-05,1992-04,20000,2.889409057810546,2.890654122428506,1.1372328213432323,0.9328651034817008,none,0.008041450397597091,-0.0003200142132354644,-0.15483085219704903,4.4214533871312245,diagnostic only,ff12,ew
rolling120,1982-06,1992-05,20000,2.989433545223799,2.9913690475968835,1.1688252676321131,0.9347329390358672,none,0.008264842727648485,-0.0004849219277905936,-0.23418502164713004,4.4214533871312245,diagnostic only,ff12,ew
rolling120,1982-07,1992-06,20000,2.953476399324908,2.954417650360339,1.1570155753892182,0.9359740099707561,none,0.008181335592961712,-0.0002380251957820878,-0.11504857913919761,4.4214533871312245,diagnostic only,ff12,ew
rolling120,1982-08,1992-07,20000,3.1240167276788133,3.123363259210933,1.2012475125691193,0.9363653024340496,none,0.008494102620210968,0.00015847948065705886,0.0769320194372752,4.4214533871312245,diagnostic only,ff12,ew
rolling120,1982-09,1992-08,20000,2.790784210008468,2.7910968867318102,1.1059060191695902,0.9378890520968844,none,0.007819936455098372,-8.24765846625386e-05,-0.03998456063392766,4.4214533871312245,diagnostic only,ff12,ew
rolling120,1982-10,1992-09,20000,2.7187430334176446,2.7188639649579636,1.0806940292735192,0.9372776951901105,none,0.007641660764871187,-3.251840923967908e-05,-0.015825295579061347,4.4214533871312245,diagnostic only,ff12,ew
rolling120,1982-11,1992-10,20000,2.3621946498824924,2.3627325514046915,0.9737391708470479,0.9346339312624161,none,0.006885375708129137,-0.00015995965006920798,-0.07812231968170706,4.4214533871312245,diagnostic only,ff12,ew
rolling120,1982-12,1992-11,20000,2.28448963457859,2.286223314279474,0.9420272386573816,0.9384921349017333,none,0.006661138485170727,-0.000527559917596232,-0.26026777625833925,4.4214533871312245,diagnostic only,ff12,ew
rolling120,1983-01,1992-12,20000,2.33242307674382,2.3348188100715395,0.9559282920003755,0.9387426060967287,none,0.0067594337760153965,-0.0007183998484366905,-0.35442810849337414,4.4214533871312245,diagnostic only,ff12,ew
rolling120,1983-02,1993-01,20000,2.193534502148676,2.195434118033958,0.9106826359932297,0.9347802936006403,none,0.006439498674196529,-0.0005944781882877281,-0.29499437477852686,4.4214533871312245,diagnostic only,ff12,ew
rolling120,1983-03,1993-02,20000,2.0191625290640944,2.019324551957009,0.8651088775263086,0.9374301460069275,none,0.0061172435376353525,-5.366196648504129e-05,-0.02648625838056812,4.4214533871312245,diagnostic only,ff12,ew
rolling120,1983-04,1993-03,20000,1.9813543738966415,1.981350766129982,0.8548732615518841,0.9384861711716289,none,0.006044866802983983,1.210111436833472e-06,0.0005968314566730011,4.4214533871312245,diagnostic only,ff12,ew
rolling120,1983-05,1993-04,20000,1.7344773336763504,1.7342933297422092,0.7845929277510697,0.9395123361181394,none,0.005547909796837883,6.72948773052795e-05,0.03316635289313335,4.4214533871312245,diagnostic only,ff12,ew
rolling120,1983-06,1993-05,20000,1.6298277385846254,1.6304753156593872,0.7527140246973025,0.9359982926779556,none,0.00532249191157681,-0.00024618253245223265,-0.12166802421123281,4.4214533871312245,diagnostic only,ff12,ew
rolling120,1983-07,1993-06,20000,1.5569171154554615,1.559052396461901,0.7343439142897242,0.9420751227007486,none,0.005192595615173368,-0.0008344030037804595,-0.4112165022440626,4.4214533871312245,diagnostic only,ff12,ew
rolling120,1983-08,1993-07,20000,1.6521609511106454,1.6550454696190773,0.7605662622757712,0.9415458261911263,none,0.00537801561596904,-0.001086429042906567,-0.5363536877555359,4.4214533871312245,diagnostic only,ff12,ew
rolling120,1983-09,1993-08,20000,1.862326632653895,1.8658501202960713,0.8223005669950744,0.9456169471358039,none,0.0058145430709576,-0.0012294738015861117,-0.6059784232703387,4.4214533871312245,diagnostic only,ff12,ew
rolling120,1983-10,1993-09,20000,1.9251125522091685,1.9298288116764635,0.8402187196798667,0.9455505816328744,none,0.005941243543655126,-0.0016097389200688816,-0.7938168891143326,4.4214533871312245,diagnostic only,ff12,ew
rolling120,1983-11,1993-10,20000,2.2305696445865144,2.2351862278296477,0.9256428446076894,0.9446526806502782,none,0.006545283323789028,-0.001426991498486463,-0.7053297794389112,4.4214533871312245,diagnostic only,ff12,ew
rolling120,1983-12,1993-11,20000,2.0423846991355115,2.0451357247217166,0.873539584707732,0.9458717151454342,none,0.006176857639817178,-0.0009034164105957698,-0.445376232806707,4.4214533871312245,diagnostic only,ff12,ew
rolling120,1984-01,1993-12,20000,2.143885683651004,2.1474158450234175,0.9030408290636234,0.9461440993157468,none,0.0063854629391921,-0.0011216062783681036,-0.552843451763942,4.4214533871312245,diagnostic only,ff12,ew
rolling120,1984-02,1994-01,20000,2.2748827728245598,2.2776995511943348,0.9402736270965187,0.9451100389919804,none,0.006648738578908194,-0.0008593766224694876,-0.4236560569114086,4.4214533871312245,diagnostic only,ff12,ew
rolling120,1984-03,1994-02,20000,2.4434087641297997,2.444956576196359,0.9864438458107591,0.9436074879350913,none,0.006975211326325248,-0.0004492979903590877,-0.22190181689803073,4.4214533871312245,diagnostic only,ff12,ew
rolling120,1984-04,1994-03,20000,2.2600138436468864,2.2615451953152133,0.9334840455617897,0.9432385703070518,none,0.006600728987461935,-0.00046951723082866437,-0.23199735532782065,4.4214533871312245,diagnostic only,ff12,ew
rolling120,1984-05,1994-04,20000,2.2757218393131295,2.2764562522886096,0.9396016215917483,0.9447743457045185,none,0.006643986782414016,-0.00022414856751618029,-0.11053799466067078,4.4214533871312245,diagnostic only,ff12,ew
rolling120,1984-06,1994-05,20000,2.4186674953369263,2.419215682190868,0.9791638078172232,0.9429161881035432,none,0.0069237336839999995,-0.0001603253216219125,-0.0791750345927759,4.4214533871312245,diagnostic only,ff12,ew
rolling120,1984-07,1994-06,20000,2.279714447396406,2.2802398074963053,0.9407536145409001,0.9450213792885823,none,0.006652132602676259,-0.00016015905260913232,-0.07897619173856825,4.4214533871312245,diagnostic only,ff12,ew
rolling120,1984-08,1994-07,20000,2.479405626506597,2.480003675907415,0.9944274149370874,0.943068988955703,none,0.007031663684998231,-0.00017185309456946296,-0.08505091079564447,4.4214533871312245,diagnostic only,ff12,ew
rolling120,1984-09,1994-08,20000,2.310199005573959,2.3104895351983226,0.9456772983848815,0.9425593203562989,none,0.006686948305021237,-8.776032102641995e-05,-0.0434472663928688,4.4214533871312245,diagnostic only,ff12,ew
rolling120,1984-10,1994-09,20000,2.3325125602784236,2.33336903352829,0.9516401555186419,0.9420052402716121,none,0.006729112072166523,-0.0002569392231258627,-0.12727879112152216,4.4214533871312245,diagnostic only,ff12,ew
rolling120,1984-11,1994-10,20000,2.4052392650686567,2.4072773257136935,0.969080426848547,0.9411317925035341,none,0.006852433413397615,-0.0005981493286901785,-0.2974214446290009,4.4214533871312245,diagnostic only,ff12,ew
rolling120,1984-12,1994-11,20000,2.347992831316946,2.349911033942426,0.9506677430179351,0.93872897314526,none,0.00672223607743292,-0.000572613005552669,-0.2853518685425781,4.4214533871312245,diagnostic only,ff12,ew
rolling120,1985-01,1994-12,20000,2.2639599283242395,2.265632894185859,0.9270843549336258,0.938724446516867,none,0.006555476341055229,-0.0005122945278379643,-0.2552012660227145,4.4214533871312245,diagnostic only,ff12,ew
rolling120,1985-02,1995-01,20000,1.9993919718114317,1.999298516052936,0.8461113810766119,0.9354611473435104,none,0.005982910951983873,3.1159205392539135e-05,0.015620449517929354,4.4214533871312245,diagnostic only,ff12,ew
rolling120,1985-03,1995-02,20000,1.947685113257639,1.9479525238918907,0.8296677714940762,0.9337296968289049,none,0.005866637073553923,-9.071063122101375e-05,-0.045581588037409776,4.4214533871312245,diagnostic only,ff12,ew
rolling120,1985-04,1995-03,20000,2.003080219402153,2.0039044656078993,0.8422512674944369,0.9302651925114674,none,0.005955615827082811,-0.0002743916177039285,-0.1383981488527114,4.4214533871312245,diagnostic only,ff12,ew
rolling120,1985-05,1995-04,20000,2.103106236127704,2.1026556113741313,0.8683447196300692,0.9288629656545946,none,0.0061401243965795325,0.00014523840542302047,0.07339016678941285,4.4214533871312245,diagnostic only,ff12,ew
rolling120,1985-06,1995-05,20000,2.074612771770203,2.0745083487229854,0.8595817749195693,0.9286270336926061,none,0.00607816102029996,3.396414495382416e-05,0.01718003963186056,4.4214533871312245,diagnostic only,ff12,ew
rolling120,1985-07,1995-06,20000,2.185626402003711,2.186705346941181,0.8941796779571415,0.9330319060374724,none,0.006322805138826979,-0.00033857693762173735,-0.1706433954202725,4.4214533871312245,diagnostic only,ff12,ew
rolling120,1985-08,1995-07,20000,2.305815730154637,2.3068156591068987,0.9306293923749567,0.9354009835340388,none,0.006580543541198481,-0.0003023842437384072,-0.15195233433246438,4.4214533871312245,diagnostic only,ff12,ew
rolling120,1985-09,1995-08,20000,2.4163776582726078,2.417085181227497,0.9628240913468938,0.9365496842903946,none,0.006808194440811645,-0.00020705452669900204,-0.10392226030563513,4.4214533871312245,diagnostic only,ff12,ew
rolling120,1985-10,1995-09,20000,2.717491014920034,2.7180167745131185,1.0473924518801605,0.9365295014579524,none,0.007406183052880661,-0.00014140861243250313,-0.07098927873245645,4.4214533871312245,diagnostic only,ff12,ew
rolling120,1985-11,1995-10,20000,2.474172684606558,2.4760453467056887,0.9811805720313959,0.9392452261907407,none,0.006937994360518957,-0.0005387335067148502,-0.26991404169873884,4.4214533871312245,diagnostic only,ff12,ew
rolling120,1985-12,1995-11,20000,2.345042828801353,2.3470770197159263,0.9447548921727706,0.9392612815091939,none,0.006680425908145316,-0.0006077514507705217,-0.30450018345280655,4.4214533871312245,diagnostic only,ff12,ew
rolling120,1986-01,1995-12,20000,2.2965973916596356,2.2973207103970634,0.9282525479272249,0.9443498039558705,none,0.006563736712930314,-0.00021936560042434827,-0.11019923087452657,4.4214533871312245,diagnostic only,ff12,ew
rolling120,1986-02,1996-01,20000,2.268876987725542,2.2688011112041613,0.9224049556205987,0.9473178044629427,none,0.006522387991194017,2.321233957025548e-05,0.011633242530661737,4.4214533871312245,diagnostic only,ff12,ew
rolling120,1986-03,1996-02,20000,2.2071170863757694,2.205528011771953,0.8978344023946994,0.9501073310612828,none,0.0063486479431586335,0.0004957294392626821,0.2503012638350695,4.4214533871312245,diagnostic only,ff12,ew
rolling120,1986-04,1996-03,20000,2.1416277352344784,2.1405269496563046,0.8775791631699038,0.9496470293149883,none,0.006205421773054547,0.00035050983348328124,0.17739093625410013,4.4214533871312245,diagnostic only,ff12,ew
rolling120,1986-05,1996-04,20000,2.2787141081698112,2.2788198802424913,0.9222210273509832,0.954503913605077,none,0.006521087421927047,-3.2259189752248396e-05,-0.01622000532064266,4.4214533871312245,diagnostic only,ff12,ew
rolling120,1986-06,1996-05,20000,2.36383452356141,2.3627837644270375,0.9505070296056923,0.9581469984458943,none,0.006721099661996675,0.0003124670534835339,0.1563373833472237,4.4214533871312245,diagnostic only,ff12,ew
rolling120,1986-07,1996-06,20000,2.2436620165369967,2.2424946387217544,0.9194579489491065,0.959951629972174,none,0.006501549507177876,0.0003600245938115698,0.17955378390236487,4.4214533871312245,diagnostic only,ff12,ew
rolling120,1986-08,1996-07,20000,2.196848539517602,2.197997327939193,0.9076901983294359,0.9542540441631924,none,0.006418338944553063,-0.0003592211949506874,-0.1789853155957423,4.4214533871312245,diagnostic only,ff12,ew
rolling120,1986-09,1996-08,20000,2.267958050534748,2.269547724849522,0.9241297680591269,0.9503062841006493,none,0.0065345842569096,-0.00048620618157424467,-0.24327091858873107,4.4214533871312245,diagnostic only,ff12,ew
rolling120,1986-10,1996-09,20000,2.595030917370641,2.5958784710661305,1.016434812076128,0.9504816355304885,none,0.007187279482531042,-0.0002357014293750126,-0.11792413214892922,4.4214533871312245,diagnostic only,ff12,ew
rolling120,1986-11,1996-10,20000,2.430188889088382,2.4302516112512933,0.9810535528630453,0.9619866297517378,none,0.006937096199366144,-1.8285003556495205e-05,-0.009041558760163682,4.4214533871312245,diagnostic only,ff12,ew
rolling120,1986-12,1996-11,20000,2.525638623026258,2.5264473224654806,1.0109241931812147,0.9637552712428541,none,0.007148313522639763,-0.0002293241229128773,-0.11313150111021456,4.4214533871312245,diagnostic only,ff12,ew
rolling120,1987-01,1996-12,20000,2.627572209574454,2.6279433755014527,1.0418730172961945,0.9648677277463273,none,0.0073671547566542825,-0.00010230753035045392,-0.050381176893760246,4.4214533871312245,diagnostic only,ff12,ew
rolling120,1987-02,1997-01,20000,2.4361354107542694,2.4366266292030585,0.9848053664422289,0.9620739362209366,none,0.006963625527602029,-0.00014293622839756104,-0.07054061807919061,4.4214533871312245,diagnostic only,ff12,ew
rolling120,1987-03,1997-02,20000,2.1478196352094163,2.149112549281855,0.9031490397680683,0.9611845188954486,none,0.006386228104421199,-0.00041056458040322763,-0.20245347508702216,4.4214533871312245,diagnostic only,ff12,ew
rolling120,1987-04,1997-03,20000,1.8966693111223198,1.8986002981230752,0.830004452120636,0.9555929146885299,none,0.005869017765095268,-0.0006661791216973079,-0.32901365748787964,4.4214533871312245,diagnostic only,ff12,ew
rolling120,1987-05,1997-04,20000,1.8885877047867319,1.8903239316577864,0.8277107098364246,0.9548938826576928,none,0.005852798557860666,-0.0006007032125491252,-0.29664900541002054,4.4214533871312245,diagnostic only,ff12,ew
rolling120,1987-06,1997-05,20000,2.1127375653607365,2.114803731874672,0.8931058497596369,0.9553863526294095,none,0.006315212026824131,-0.0006633376263139867,-0.3271729444964828,4.4214533871312245,diagnostic only,ff12,ew
rolling120,1987-07,1997-06,20000,2.1498872376163325,2.152163528657083,0.9048429261839182,0.9565827890663071,none,0.006398205690133271,-0.0007221360884535066,-0.3557702191820156,4.4214533871312245,diagnostic only,ff12,ew
rolling120,1987-08,1997-07,20000,2.162804117749512,2.163371490463763,0.8993951364872861,0.9425717471068739,none,0.006359683999763604,-0.00017935696643966992,-0.08921397891346708,4.4214533871312245,diagnostic only,ff12,ew
rolling120,1987-09,1997-08,20000,2.218404115705368,2.2192984139704337,0.9166015496330033,0.9445694055084268,none,0.006481351713915944,-0.0002777929070461038,-0.13798020915075204,4.4214533871312245,diagnostic only,ff12,ew
rolling120,1987-10,1997-09,20000,2.5341987846678085,2.5352374818039207,1.008152647395854,0.9457508984917588,none,0.007128715734447787,-0.000293812549074457,-0.14570606751690404,4.4214533871312245,diagnostic only,ff12,ew
rolling120,1987-11,1997-10,20000,3.7776674366166,3.7748111101716866,1.305504350957529,0.8673047782119929,none,0.009231309794306112,0.0005982072126011762,0.3094172450669005,4.4214533871312245,diagnostic only,ff12,ew
rolling120,1987-12,1997-11,20000,3.961203178083953,3.9591088629025712,1.3648092736040554,0.8723194875718768,none,0.009650658923917137,0.0004223168394323906,0.21701266181852114,4.4214533871312245,diagnostic only,ff12,ew
rolling120,1988-01,1997-12,20000,3.635733506385578,3.6318687150933266,1.2769581282147076,0.8739700463797954,none,0.009029457517519004,0.0008343913720303409,0.42802031957655023,4.4214533871312245,diagnostic only,ff12,ew
rolling120,1988-02,1998-01,20000,3.3581040529838595,3.3545420237751458,1.207716255255176,0.8769176128978862,none,0.008539843538401582,0.0008180031767441864,0.4171070807909025,4.4214533871312245,diagnostic only,ff12,ew
rolling120,1988-03,1998-02,20000,3.327399413795789,3.323914733000101,1.1981684214172084,0.8763320275847264,none,0.00847233015787689,0.0008059087680643007,0.41130134576357524,4.4214533871312245,diagnostic only,ff12,ew
rolling120,1988-04,1998-03,20000,3.3709985787210384,3.368283941147949,1.2090536439999888,0.8757779333771183,none,0.00854930030490698,0.0006214425640966859,0.31752745561311485,4.4214533871312245,diagnostic only,ff12,ew
rolling120,1988-05,1998-04,20000,3.388277598346916,3.3854747183962397,1.2156005312823586,0.876854397053618,none,0.008595593788837256,0.000639128060394123,0.3260833421789057,4.4214533871312245,diagnostic only,ff12,ew
rolling120,1988-06,1998-05,20000,3.271664614332809,3.269482587405146,1.1857405174412214,0.8779512380002706,none,0.008384451606103334,0.0005110752609929214,0.26024682712399977,4.4214533871312245,diagnostic only,ff12,ew
rolling120,1988-07,1998-06,20000,2.961711478621588,2.9607575563933013,1.102679938032813,0.8807020908523833,none,0.00779712461661364,0.00024084337773899733,0.12234282189796584,4.4214533871312245,diagnostic only,ff12,ew
rolling120,1988-08,1998-07,20000,2.7266884113201333,2.725263029923273,1.0441955001821286,0.8851013852925818,none,0.00738357719063262,0.000382625706000006,0.1930475378070745,4.4214533871312245,diagnostic only,ff12,ew
rolling120,1988-09,1998-08,20000,2.093932651432731,2.0964113474650454,0.8979244322495422,0.9501806593073715,none,0.00634928455036732,-0.0008005060549670651,-0.39038981678196066,4.4214533871312245,diagnostic only,ff12,ew
rolling120,1988-10,1998-09,20000,2.1620733607145293,2.1641525310317933,0.9237364928228871,0.9576740508179962,none,0.00653180338104542,-0.0006571017979926097,-0.31831489651043954,4.4214533871312245,diagnostic only,ff12,ew
rolling120,1988-11,1998-10,20000,2.3058784467201368,2.3073220191824833,0.9660321392512513,0.958074716172843,none,0.0068308787650870695,-0.0004364777466402403,-0.21133041765060487,4.4214533871312245,diagnostic only,ff12,ew
rolling120,1988-12,1998-11,20000,2.6495100451725224,2.6459500038625965,1.090498881741535,0.9650878850504827,none,0.007710991541557864,0.0009764372265539389,0.46168398587125037,4.4214533871312245,diagnostic only,ff12,ew
rolling120,1989-01,1998-12,20000,2.614444699981672,2.611400520372583,1.0926154502101628,0.9684098372834367,none,0.007725957940727987,0.000842936027703356,0.3940196972910443,4.4214533871312245,diagnostic only,ff12,ew
rolling120,1989-02,1999-01,20000,2.588481199845836,2.5859333653336027,1.103925687778355,0.9849641097170164,none,0.007805933397540982,0.0007105080470439784,0.32639716257840606,4.4214533871312245,diagnostic only,ff12,ew
rolling120,1989-03,1999-02,20000,2.3808589991010196,2.3787274852093496,1.0435855212281073,0.9875692924482922,none,0.007379263988084924,0.000630862921321862,0.2888518279210069,4.4214533871312245,diagnostic only,ff12,ew
rolling120,1989-04,1999-03,20000,2.311782618043335,2.3097806008719792,1.0481424433518294,1.0414976945742285,none,0.007411486293435153,0.0006048791182196034,0.27012357469098636,4.4214533871312245,diagnostic only,ff12,ew
rolling120,1989-05,1999-04,20000,2.51940198590473,2.515851484118161,1.1238932510005848,1.0529880321836949,none,0.00794712539112308,0.0010098554511210889,0.4467655424859418,4.4214533871312245,diagnostic only,ff12,ew
rolling120,1989-06,1999-05,20000,2.5356097582532597,2.5325788932583446,1.1310904293168489,1.0544049728156883,none,0.007998017127051471,0.0008579751752180176,0.37895205108575053,4.4214533871312245,diagnostic only,ff12,ew
rolling120,1989-07,1999-06,20000,2.70701315347382,2.702731780888558,1.1853353398988289,1.0543156429327956,none,0.00838158656822523,0.0011562740264796645,0.5108069397616404,4.4214533871312245,diagnostic only,ff12,ew
rolling120,1989-08,1999-07,20000,2.6174314917824364,2.6128732455793298,1.157178149904134,1.0549113302379254,none,0.008182485168381163,0.0012616679006616227,0.5570735674194253,4.4214533871312245,diagnostic only,ff12,ew
rolling120,1989-09,1999-08,20000,2.428891445721603,2.4242505264849745,1.1006609876712445,1.058482003196827,none,0.0077828484816982,0.0013553094905682794,0.5963008591959266,4.4214533871312245,diagnostic only,ff12,ew
rolling120,1989-10,1999-09,20000,2.345333597793576,2.340711422671222,1.075948857170865,1.0604277691399855,none,0.007608107331154347,0.0013835900613823338,0.6075328489947835,4.4214533871312245,diagnostic only,ff12,ew
rolling120,1989-11,1999-10,20000,2.493768121581797,2.4875865409120688,1.131379562651795,1.0684217118985038,none,0.008000061608469547,0.001772452266693092,0.77269163317239,4.4214533871312245,diagnostic only,ff12,ew
rolling120,1989-12,1999-11,20000,2.7291090514949237,2.721952309815604,1.243145240770227,1.1177159262846819,none,0.008790364297484109,0.0019228461526616947,0.8141575749446229,4.4214533871312245,diagnostic only,ff12,ew
rolling120,1990-01,1999-12,20000,2.9869641827928786,2.979026147380037,1.3655999705502098,1.1567760394705648,none,0.00965624999564203,0.001994969401764024,0.8220619201474996,4.4214533871312245,diagnostic only,ff12,ew
rolling120,1990-02,2000-01,20000,3.4251807242589427,3.418113106278568,1.5409467155911565,1.1858901506132364,none,0.01089613872041645,0.0015996914995977107,0.6486350955803967,4.4214533871312245,diagnostic only,ff12,ew
rolling120,1990-03,2000-02,20000,3.7865033130585695,3.7825401350833703,1.7810265364121767,1.300075120656584,none,0.012593759413702397,0.0008286763651235152,0.31469379753968657,4.4214533871312245,diagnostic only,ff12,ew
rolling120,1990-04,2000-03,20000,3.807854266656955,3.8012323850700698,1.8111659516672047,1.3131494902902774,none,0.012806877262780672,0.0013792045574541056,0.5170566915738126,4.4214533871312245,diagnostic only,ff12,ew
rolling120,1990-05,2000-04,20000,3.6035832737551514,3.599986822202651,1.7700639215509941,1.3272707523969778,none,0.012516242020623609,0.0007818395337877426,0.2873427620346561,4.4214533871312245,diagnostic only,ff12,ew
rolling120,1990-06,2000-05,20000,3.2163304380048316,3.213669351290144,1.6566265500967479,1.361863336468067,none,0.011714118674670862,0.0006315366709712666,0.22716917837290454,4.4214533871312245,diagnostic only,ff12,ew
rolling120,1990-07,2000-06,20000,3.418258895247486,3.417034465350387,1.7578561741189012,1.379667409996519,none,0.012429920210701153,0.0002772063262590496,0.09850665783399247,4.4214533871312245,diagnostic only,ff12,ew
rolling120,1990-08,2000-07,20000,3.448346335957613,3.444599101706742,1.7735735369471104,1.3816607363929292,none,0.012541058749083116,0.0008430983684066806,0.2987972806638255,4.4214533871312245,diagnostic only,ff12,ew
rolling120,1990-09,2000-08,20000,4.308814766987932,4.302703212811376,2.104190837603509,1.3701154825645596,none,0.014878876101800423,0.001152535590110082,0.41075375147565246,4.4214533871312245,diagnostic only,ff12,ew
rolling120,1990-10,2000-09,20000,4.546520874687707,4.538397972602933,2.2142153812797742,1.3737869376415195,none,0.015656867111104852,0.0014666519316517412,0.518807627805239,4.4214533871312245,diagnostic only,ff12,ew
rolling120,1990-11,2000-10,20000,4.548143510570702,4.540353345421955,2.22034117474719,1.3752392438701253,none,0.01570018301211443,0.0014060773136761462,0.49618307905940395,4.4214533871312245,diagnostic only,ff12,ew
rolling120,1990-12,2000-11,20000,3.784161707343928,3.7780316093517303,1.9730985059452704,1.3925180782807043,none,0.01395191333502946,0.0012829756044727691,0.4393732848674346,4.4214533871312245,diagnostic only,ff12,ew
rolling120,1991-01,2000-12,20000,3.8520748394773587,3.841655830613414,2.0411677722632793,1.4361057116444331,none,0.014433235733068032,0.0021519515695573865,0.7218761653060126,4.4214533871312245,diagnostic only,ff12,ew
rolling120,1991-02,2001-01,20000,4.461182782663453,4.444106040860306,2.4166951510261163,1.5101832555982497,none,0.017088615293512143,0.00313673937924408,0.9993051812472231,4.4214533871312245,diagnostic only,ff12,ew
rolling120,1991-03,2001-02,20000,3.5983586214353416,3.578074069113714,2.0634387739508155,1.5185271289432718,none,0.014590715496238771,0.00443080474789137,1.3902369850784038,4.4214533871312245,diagnostic only,ff12,ew
rolling120,1991-04,2001-03,20000,3.0473075619978935,3.029574891104909,1.8281800284258078,1.5247170085696453,none,0.012927184953297038,0.004400630679957995,1.3717349103496579,4.4214533871312245,diagnostic only,ff12,ew
rolling120,1991-05,2001-04,20000,3.1754062280175384,3.1542697435168217,1.888084718828116,1.52731175550664,none,0.013350775081380568,0.0050878940958760666,1.583165349717736,4.4214533871312245,diagnostic only,ff12,ew
rolling120,1991-06,2001-05,20000,3.2934677025520034,3.2699109305888134,1.9411858148327552,1.5278685364797076,none,0.01372625653211375,0.005516923501713844,1.716183280421495,4.4214533871312245,diagnostic only,ff12,ew
rolling120,1991-07,2001-06,20000,3.463062122061349,3.4367816924924686,2.0288839446830305,1.5339234345265298,none,0.01434637595525883,0.005923309143956557,1.8318514481175945,4.4214533871312245,diagnostic only,ff12,ew
rolling120,1991-08,2001-07,20000,3.1876723938404896,3.1622251859925194,1.9076616192039946,1.536287015344953,none,0.01348920467148454,0.006113846971473436,1.8864868958333925,4.4214533871312245,diagnostic only,ff12,ew
rolling120,1991-09,2001-08,20000,2.923531475587671,2.900912020571403,1.7947521843867533,1.5409587264637716,none,0.012690814401292421,0.005798504272074068,1.7823485791396017,4.4214533871312245,diagnostic only,ff12,ew
rolling120,1991-10,2001-09,20000,2.365569858704693,2.3406035731064563,1.5462137103511049,1.5510373917018307,none,0.010933381997528784,0.007473585252445902,2.283491567739942,4.4214533871312245,diagnostic only,ff12,ew
rolling120,1991-11,2001-10,20000,2.4914623131162283,2.466350532423394,1.613749235955846,1.562069273400022,none,0.011410930278789887,0.007244443531588818,2.2006777781747457,4.4214533871312245,diagnostic only,ff12,ew
rolling120,1991-12,2001-11,20000,2.8102150239605055,2.7813095703061546,1.771136299624192,1.5706149782438643,none,0.01252382487869915,0.007644297066111472,2.3080371958501344,4.4214533871312245,diagnostic only,ff12,ew
rolling120,1992-01,2001-12,20000,2.9054776930752775,2.875193050431769,1.8108148604798995,1.567419315578496,none,0.012804394673187088,0.007815002310693764,2.365175661675429,4.4214533871312245,diagnostic only,ff12,ew
rolling120,1992-02,2002-01,20000,2.44529199032392,2.419787566465096,1.591290991511464,1.5613466279912407,none,0.01125212650938821,0.007457897124641288,2.2666314529563967,4.4214533871312245,diagnostic only,ff12,ew
rolling120,1992-03,2002-02,20000,2.202648634256066,2.179867288547711,1.485394154438776,1.5648545481434626,none,0.010503322793385164,0.007164244177862988,2.168965588937469,4.4214533871312245,diagnostic only,ff12,ew
rolling120,1992-04,2002-03,20000,2.5232370046610666,2.497515207296987,1.6338369025186137,1.565373755112456,none,0.011552971531237358,0.0073543060829057705,2.2264226389316355,4.4214533871312245,diagnostic only,ff12,ew
rolling120,1992-05,2002-04,20000,2.6449305184665683,2.6200525506207404,1.6945943468945928,1.5683130992264205,none,0.011982591540495552,0.006872267045284319,2.0761759058340656,4.4214533871312245,diagnostic only,ff12,ew
rolling120,1992-06,2002-05,20000,2.5536688246362442,2.5279534455062636,1.6530893386580943,1.5697603724117684,none,0.011689106812723235,0.007289035846755665,2.19994389152046,4.4214533871312245,diagnostic only,ff12,ew
rolling120,1992-07,2002-06,20000,2.4589664904812665,2.432577682797963,1.6167736004396323,1.5748825659404404,none,0.011432315765142536,0.007687752506097212,2.308264416887775,4.4214533871312245,diagnostic only,ff12,ew
rolling120,1992-08,2002-07,20000,1.975256994575649,1.9525397255842334,1.3932171955519288,1.5780504537152529,none,0.00985153326640473,0.007694145076039716,2.305962775244857,4.4214533871312245,diagnostic only,ff12,ew
rolling120,1992-09,2002-08,20000,2.0639902176645957,2.0404007867535348,1.4347408974069489,1.5779893015694642,none,0.010145150178021261,0.0077586583367021955,2.3251928751302,4.4214533871312245,diagnostic only,ff12,ew
rolling120,1992-10,2002-09,20000,1.7740833209958011,1.7528270663019172,1.3011960006665975,1.58038999258413,none,0.009200845157241665,0.0077216091610283755,2.310250235779032,4.4214533871312245,diagnostic only,ff12,ew
rolling120,1992-11,2002-10,20000,1.8205436653551235,1.7997535829811908,1.3267997602270556,1.5854164570224627,none,0.009381891077332363,0.007425682924493415,2.2159799343827045,4.4214533871312245,diagnostic only,ff12,ew
rolling120,1992-12,2002-11,20000,1.9390798106727611,1.9174907167918511,1.398988450870708,1.6123862331646863,none,0.009892342204123408,0.00739988434467076,2.1824046758017603,4.4214533871312245,diagnostic only,ff12,ew
rolling120,1993-01,2002-12,20000,1.729681117671524,1.7097694267206736,1.3040271666325298,1.6181919603882386,none,0.009220864523773417,0.007348112630729542,2.1594169288046503,4.4214533871312245,diagnostic only,ff12,ew
rolling120,1993-02,2003-01,20000,1.5527543015430563,1.5338067890131675,1.2186443088842294,1.6173448128872514,none,0.008617116546664323,0.00747788371711966,2.198822822841286,4.4214533871312245,diagnostic only,ff12,ew
rolling120,1993-03,2003-02,20000,1.4995261761617331,1.4802287387145507,1.1877932292079703,1.612933596362391,none,0.008398966470204229,0.007780507154829586,2.297596676405489,4.4214533871312245,diagnostic only,ff12,ew
rolling120,1993-04,2003-03,20000,1.4368649848774373,1.4176666797898059,1.1572608392948263,1.611961486735433,none,0.00818306987067007,0.007940840335070698,2.3461005944043563,4.4214533871312245,diagnostic only,ff12,ew
rolling120,1993-05,2003-04,20000,1.7072059029824043,1.6846230798798474,1.2871481074986715,1.6142882083826469,none,0.009101511552037419,0.008411915725453634,2.4812167708012858,4.4214533871312245,diagnostic only,ff12,ew
rolling120,1993-06,2003-05,20000,1.919712547392336,1.8959560135323543,1.3992750759324422,1.628055922752509,none,0.00989436894937151,0.008203347616114076,2.4010155656759373,4.4214533871312245,diagnostic only,ff12,ew
rolling120,1993-07,2003-06,20000,2.0037879239674234,1.9772797826097128,1.438453132045144,1.6266830718332244,none,0.010171399640881495,0.008903476761755735,2.606144905679207,4.4214533871312245,diagnostic only,ff12,ew
rolling120,1993-08,2003-07,20000,2.1223790495662676,2.095017853793538,1.5011026317785368,1.6314939239757063,none,0.010614398501875764,0.008840399979985092,2.577743408436598,4.4214533871312245,diagnostic only,ff12,ew
rolling120,1993-09,2003-08,20000,2.131110327630862,2.1037360748041714,1.5032753304044362,1.628138820235278,none,0.010629761801194246,0.00881977467379147,2.575246119213624,4.4214533871312245,diagnostic only,ff12,ew
rolling120,1993-10,2003-09,20000,2.1025164104178824,2.0755611089733077,1.489886342162186,1.6285358403127332,none,0.010535087357401024,0.008764352418792587,2.558621540583456,4.4214533871312245,diagnostic only,ff12,ew
rolling120,1993-11,2003-10,20000,2.195197830304348,2.1676974771451754,1.5329313447977857,1.6264987877941026,none,0.010839461489999279,0.00868149605749502,2.537058984391877,4.4214533871312245,diagnostic only,ff12,ew
rolling120,1993-12,2003-11,20000,2.419397603365136,2.3911259974881696,1.6371387338420305,1.6231046401597788,none,0.01157631900442858,0.008336937612435369,2.4421930551629654,4.4214533871312245,diagnostic only,ff12,ew
rolling120,1994-01,2003-12,20000,2.5523315569168923,2.521979593455069,1.7059949547469913,1.6306675516180293,none,0.012063206011716348,0.008617870335826616,2.516077685512789,4.4214533871312245,diagnostic only,ff12,ew
rolling120,1994-02,2004-01,20000,2.6031693582467104,2.573514727049004,1.7329523674701321,1.6331074149476175,none,0.012253823705114122,0.00829844941542901,2.4200308337494736,4.4214533871312245,diagnostic only,ff12,ew
rolling120,1994-03,2004-02,20000,2.685426489961349,2.655717270404909,1.7740473624729807,1.6341716105870796,none,0.012544409201507536,0.008126782614441552,2.3683235359437886,4.4214533871312245,diagnostic only,ff12,ew
rolling120,1994-04,2004-03,20000,2.8700334184716163,2.839785998500301,1.8643644610042625,1.6350001885249354,none,0.013183047529793166,0.00787737128661048,2.294417880460282,4.4214533871312245,diagnostic only,ff12,ew
rolling120,1994-05,2004-04,20000,2.8361570982756774,2.8067781293788947,1.8495063886219112,1.6359745496586728,none,0.013077985092423954,0.00771754168441019,2.2464445928908328,4.4214533871312245,diagnostic only,ff12,ew
rolling120,1994-06,2004-05,20000,2.8301453185816055,2.8014896543516765,1.8473517158161812,1.6363208204696553,none,0.013062749254902256,0.007538009263585943,2.1936932012359414,4.4214533871312245,diagnostic only,ff12,ew
rolling120,1994-07,2004-06,20000,3.0474164234398944,3.016398682715031,1.9522435351765821,1.6365349955982464,none,0.013804446422509595,0.007722774349655959,2.2469383976372894,4.4214533871312245,diagnostic only,ff12,ew
rolling120,1994-08,2004-07,20000,2.7751573889862393,2.7463909030322746,1.8273540700733726,1.641798991738422,none,0.012921344545777192,0.007678452862642127,2.226276518829136,4.4214533871312245,diagnostic only,ff12,ew
rolling120,1994-09,2004-08,20000,2.588277682065477,2.5594056903324907,1.7372633399882502,1.643002014729534,none,0.012284306884124824,0.008111464172629868,2.350315081292715,4.4214533871312245,diagnostic only,ff12,ew
rolling120,1994-10,2004-09,20000,2.7094896948535876,2.680175397971918,1.7986986223233867,1.6459677634157126,none,0.012718719931557675,0.007965461890165448,2.3048150316554383,4.4214533871312245,diagnostic only,ff12,ew
rolling120,1994-11,2004-10,20000,2.7719298330116615,2.7415412999680675,1.8278589859145957,1.6450035406577632,none,0.012924914839929767,0.008121929068069633,2.3511592470778044,4.4214533871312245,diagnostic only,ff12,ew
rolling120,1994-12,2004-11,20000,3.300169307502928,3.264400556512678,2.083332822800429,1.6450758811031323,none,0.014731387664706953,0.008387755914632367,2.4280639274699003,4.4214533871312245,diagnostic only,ff12,ew
rolling120,1995-01,2004-12,20000,3.6027015373307294,3.5648755705605275,2.231903940313029,1.646186152151807,none,0.015781944111523182,0.008286308396694642,2.396787525218979,4.4214533871312245,diagnostic only,ff12,ew
rolling120,1995-02,2005-01,20000,3.366520119265846,3.330501993044191,2.119588441701919,1.6480758746565638,none,0.014987753604520539,0.008317309697469133,2.4031704264734914,4.4214533871312245,diagnostic only,ff12,ew
rolling120,1995-03,2005-02,20000,3.331255268185999,3.2961565961178465,2.1137681492629836,1.660623755321346,none,0.01494659792199994,0.008169784150761306,2.3482716435751896,4.4214533871312245,diagnostic only,ff12,ew
rolling120,1995-04,2005-03,20000,3.1563024442163474,3.122611187709806,2.030101845002029,1.6619192765614879,none,0.01435498781100256,0.008172309968735636,2.3470069741695214,4.4214533871312245,diagnostic only,ff12,ew
rolling120,1995-05,2005-04,20000,2.833379221208533,2.8036643267913046,1.8768876193486799,1.6656650086516263,none,0.01327159963166527,0.007812175803193266,2.238983637385391,4.4214533871312245,diagnostic only,ff12,ew
rolling120,1995-06,2005-05,20000,2.9469172629397242,2.916370114718871,1.9319733287386713,1.6651968606037468,none,0.013661114418226615,0.007799862455810214,2.236065615561886,4.4214533871312245,diagnostic only,ff12,ew
rolling120,1995-07,2005-06,20000,2.939122082938179,2.908485498722281,1.9269428840821812,1.6646824461413503,none,0.013625543802936737,0.00783847969396656,2.248466898568453,4.4214533871312245,diagnostic only,ff12,ew
rolling120,1995-08,2005-07,20000,2.979469794598432,2.9501250285799765,1.946382456464321,1.6637649380486128,none,0.013763002337484514,0.007428819545239662,2.1321485893040077,4.4214533871312245,diagnostic only,ff12,ew
rolling120,1995-09,2005-08,20000,2.8215748757047323,2.7935472912794412,1.8709915272834892,1.66593040015629,none,0.013229907964847305,0.007388225919766622,2.1185018444392902,4.4214533871312245,diagnostic only,ff12,ew
rolling120,1995-10,2005-09,20000,2.7528680777052736,2.725605825619139,1.8422755912703683,1.6718588787985724,none,0.013026855634017337,0.007317535284775856,2.09277302612796,4.4214533871312245,diagnostic only,ff12,ew
rolling120,1995-11,2005-10,20000,2.7600752446965657,2.731825643573406,1.8453636804387625,1.6713570508364233,none,0.01304869172193614,0.007569914519401255,2.1649374301386484,4.4214533871312245,diagnostic only,ff12,ew
rolling120,1995-12,2005-11,20000,2.8074454145233596,2.77903175836997,1.8694250410267732,1.6720352272003056,none,0.01321883123429971,0.007518766173493452,2.149483237191407,4.4214533871312245,diagnostic only,ff12,ew
rolling120,1996-01,2005-12,20000,2.7975323190777104,2.771677677123729,1.8629827207064205,1.6692093465249516,none,0.013173277150448737,0.006854944713541311,1.9626583164312026,4.4214533871312245,diagnostic only,ff12,ew
rolling120,1996-02,2006-01,20000,2.981175997754667,2.9525750994636817,1.9562800148801431,1.6730961802732134,none,0.013832988644214693,0.007236016412405677,2.0675863348551746,4.4214533871312245,diagnostic only,ff12,ew
rolling120,1996-03,2006-02,20000,2.8300185938363542,2.803396158806198,1.8863523404835374,1.6746201843873856,none,0.013338525316630245,0.0069996481877165895,1.9959054241898577,4.4214533871312245,diagnostic only,ff12,ew
rolling120,1996-04,2006-03,20000,2.861123812225367,2.8352527627442914,1.902422490548146,1.6746722337359554,none,0.013452158437483945,0.006745591772304493,1.923189471883332,4.4214533871312245,diagnostic only,ff12,ew
rolling120,1996-05,2006-04,20000,2.715038944806138,2.6886748871773696,1.8274683936166072,1.6725372476132263,none,0.012922152935303898,0.007147297724832136,2.040221761866066,4.4214533871312245,diagnostic only,ff12,ew
rolling120,1996-06,2006-05,20000,2.3303503472624842,2.309410394634429,1.6382736994900278,1.67106699005812,none,0.011584344423489707,0.006327396765902993,1.8076079113803962,4.4214533871312245,diagnostic only,ff12,ew
rolling120,1996-07,2006-06,20000,2.3865039623977777,2.3674078089767625,1.665100719929088,1.6692487295505474,none,0.011774040104204603,0.00567087638453212,1.6218862218921644,4.4214533871312245,diagnostic only,ff12,ew
rolling120,1996-08,2006-07,20000,2.585437287410439,2.5636645835735408,1.7595077340905791,1.6677301311756902,none,0.01244159850325625,0.006109638919795657,1.7499924813680516,4.4214533871312245,diagnostic only,ff12,ew
rolling120,1996-09,2006-08,20000,2.489528233890807,2.4690049208971026,1.7140455494209408,1.6688883983127196,none,0.012120132312581688,0.0059161959875217995,1.6933241704300293,4.4214533871312245,diagnostic only,ff12,ew
rolling120,1996-10,2006-09,20000,2.406201338285167,2.3862427875209584,1.67641127146182,1.671224644686214,none,0.01185401778108215,0.005894010564676533,1.6836950249948395,4.4214533871312245,diagnostic only,ff12,ew
rolling120,1996-11,2006-10,20000,2.661800983895908,2.6420988835469434,1.7953057083479356,1.6629705113399933,none,0.012694728406757434,0.005409545698489282,1.5519906939069987,4.4214533871312245,diagnostic only,ff12,ew
rolling120,1996-12,2006-11,20000,2.6984764153018608,2.6774241647534023,1.8122209611423705,1.6625906496722085,none,0.01281433730632173,0.005724727310554956,1.6428668955102916,4.4214533871312245,diagnostic only,ff12,ew
rolling120,1997-01,2006-12,20000,2.7734911660473442,2.7528944391670778,1.8496713899785648,1.662616200165269,none,0.013079151828205902,0.005488224412951492,1.5747754251042885,4.4214533871312245,diagnostic only,ff12,ew
rolling120,1997-02,2007-01,20000,2.6488099948615944,2.629752037479605,1.788783383838922,1.6624177984415687,none,0.012648608607863206,0.005250484657134402,1.5067236225604819,4.4214533871312245,diagnostic only,ff12,ew
rolling120,1997-03,2007-02,20000,2.730151138472554,2.7094608343534468,1.8238481961019228,1.6589099056990326,none,0.012896554273185217,0.005577711975684796,1.604328077161435,4.4214533871312245,diagnostic only,ff12,ew
rolling120,1997-04,2007-03,20000,2.9419585125051255,2.9188713645533895,1.9232731131757381,1.655948648971225,none,0.013599594604003267,0.005891274758483167,1.6976350122186705,4.4214533871312245,diagnostic only,ff12,ew
rolling120,1997-05,2007-04,20000,3.137564962941509,3.1140467885729057,2.018903426763498,1.6559571283386516,none,0.014275803036252279,0.00571655490985834,1.6474151617867456,4.4214533871312245,diagnostic only,ff12,ew
rolling120,1997-06,2007-05,20000,2.9254770780180217,2.9028205318563662,1.9130693699284007,1.6538222597500303,none,0.01352744324356648,0.005805172432788996,1.6748579723245707,4.4214533871312245,diagnostic only,ff12,ew
rolling120,1997-07,2007-06,20000,2.7443399167435163,2.722662982653508,1.8246077164901469,1.6535604783470539,none,0.012901924893354844,0.00582296441848662,1.6801317841474182,4.4214533871312245,diagnostic only,ff12,ew
rolling120,1997-08,2007-07,20000,2.408296225917527,2.388171096663857,1.6605110170456912,1.6534186597883724,none,0.01174158600387979,0.005939820829439668,1.714004330166277,4.4214533871312245,diagnostic only,ff12,ew
rolling120,1997-09,2007-08,20000,2.254784829683404,2.2364043018940527,1.5854645559618514,1.6526592730108451,none,0.011210927388515436,0.00567930520256521,1.6395189400816705,4.4214533871312245,diagnostic only,ff12,ew
rolling120,1997-10,2007-09,20000,2.057190043291539,2.040298642277566,1.4890511289028447,1.6523084692331098,none,0.010529181507806854,0.005555836120533009,1.6042463511003955,4.4214533871312245,diagnostic only,ff12,ew
rolling120,1997-11,2007-10,20000,2.148336281230749,2.1305008665104586,1.533796723654097,1.6530201135498213,none,0.01084558064257521,0.005697303875903836,1.644486847506901,4.4214533871312245,diagnostic only,ff12,ew
rolling120,1997-12,2007-11,20000,1.94197087938479,1.9242998922373773,1.430923989467459,1.651399785770409,none,0.010118160563149481,0.006042809492392109,1.7464624164762537,4.4214533871312245,diagnostic only,ff12,ew
rolling120,1998-01,2007-12,20000,2.0135120015331927,1.9944212724486272,1.4595455052416588,1.6429325423470766,none,0.010320545242067226,0.006375431960832456,1.84977911891228,4.4214533871312245,diagnostic only,ff12,ew
rolling120,1998-02,2008-01,20000,1.8102041370198512,1.79024777629111,1.358838449148172,1.6420856290944499,none,0.009608438819296839,0.007152182289440923,2.0769618357419715,4.4214533871312245,diagnostic only,ff12,ew
rolling120,1998-03,2008-02,20000,1.5875373802819344,1.5684837394469802,1.2539681355819772,1.6477030582428245,none,0.00886689372061868,0.007418244679663122,2.1488518341713863,4.4214533871312245,diagnostic only,ff12,ew
rolling120,1998-04,2008-03,20000,1.4101352902521995,1.391988898191737,1.1678885147948135,1.6477850139894568,none,0.008258218884812981,0.007586319516023066,2.197373587885166,4.4214533871312245,diagnostic only,ff12,ew
rolling120,1998-05,2008-04,20000,1.4305993641438604,1.4118943026984985,1.1790606441431786,1.6502069125742544,none,0.008337217769038204,0.007755340449386194,2.2435615769599515,4.4214533871312245,diagnostic only,ff12,ew
rolling120,1998-06,2008-05,20000,1.6462645539895595,1.6273576709179753,1.2894845071188734,1.6599006800305647,none,0.009118032392187482,0.007196158817987852,2.073570509333129,4.4214533871312245,diagnostic only,ff12,ew
rolling120,1998-07,2008-06,20000,1.4934315853623814,1.4755667659690963,1.2293696343566174,1.6917445611003878,none,0.008692956050383905,0.007216456303609897,2.0550914199659553,4.4214533871312245,diagnostic only,ff12,ew
rolling120,1998-08,2008-07,20000,1.6244346434796257,1.606325472751918,1.3017781136691657,1.6953805638383201,none,0.009204961317756994,0.0069481616617079744,1.9673271948219775,4.4214533871312245,diagnostic only,ff12,ew
rolling120,1998-09,2008-08,20000,2.3023663969670385,2.276925885920658,1.6164760523638626,1.6629794636364417,none,0.011430211782521479,0.007763529579868145,2.225725256051934,4.4214533871312245,diagnostic only,ff12,ew
rolling120,1998-10,2008-09,20000,1.7683980157719377,1.7468210803102453,1.3623340646749902,1.6711028131848198,none,0.009633156553731181,0.007855238776329543,2.2398613934427383,4.4214533871312245,diagnostic only,ff12,ew
rolling120,1998-11,2008-10,20000,1.0689101495345614,1.0535937185058906,1.0332499103434083,1.6973826772956928,none,0.0073061801826421625,0.007458355024485774,2.09636645220703,4.4214533871312245,diagnostic only,ff12,ew
rolling120,1998-12,2008-11,20000,0.6702537345701801,0.6603352074777866,0.8330788531859376,1.7005283577551522,none,0.0058907570635088865,0.005973810016027148,1.6837440392568872,4.4214533871312245,diagnostic only,ff12,ew
rolling120,1999-01,2008-12,20000,0.6785538629807178,0.6675267046656204,0.8360079223694707,1.7003761308156329,none,0.005911468710331295,0.006612882590872005,1.8653838589766456,4.4214533871312245,diagnostic only,ff12,ew
rolling120,1999-02,2009-01,20000,0.5224751886429715,0.5129944496472554,0.7564392392151946,1.6956338837452827,none,0.0053488331560465705,0.006266208708119558,1.772487329315673,4.4214533871312245,diagnostic only,ff12,ew
rolling120,1999-03,2009-02,20000,0.39951950031944355,0.3905382117753659,0.6971368917900467,1.7002400608779138,none,0.004929502236000543,0.006458857777529747,1.8219463373982447,4.4214533871312245,diagnostic only,ff12,ew
rolling120,1999-04,2009-03,20000,0.5651813731539661,0.5559001374416881,0.7733744489136994,1.6734267758412373,none,0.00546858317223286,0.005965187282224171,1.6971920184745808,4.4214533871312245,diagnostic only,ff12,ew
rolling120,1999-05,2009-04,20000,0.7554927423486443,0.7447690117985126,0.8742411456055829,1.6827092402006185,none,0.0061818184245000345,0.006146217910574681,1.734721050303083,4.4214533871312245,diagnostic only,ff12,ew
rolling120,1999-06,2009-05,20000,0.8667300327380736,0.854206319497423,0.9363633891698768,1.701774985856294,none,0.006621089021368381,0.006754217752879432,1.8914884243713619,4.4214533871312245,diagnostic only,ff12,ew
rolling120,1999-07,2009-06,20000,0.8518887443025503,0.8402289154638822,0.9338007921950946,1.7094257430796511,none,0.006602968724385215,0.0063360752244940866,1.7658464435258603,4.4214533871312245,diagnostic only,ff12,ew
rolling120,1999-08,2009-07,20000,1.015124993395689,1.002577952570582,1.0185959536712523,1.714057492920934,none,0.007202561061301209,0.0062654444033007906,1.742024915626359,4.4214533871312245,diagnostic only,ff12,ew
rolling120,1999-09,2009-08,20000,1.2437053703113576,1.23124279816586,1.1373315013323064,1.7189114649781005,none,0.008042148170491507,0.005585484536126062,1.549657116642748,4.4214533871312245,diagnostic only,ff12,ew
rolling120,1999-10,2009-09,20000,1.4751590476848597,1.4625114084547781,1.2588985124804943,1.7244850973098262,none,0.008901756750006151,0.005136073354485626,1.420802610683882,4.4214533871312245,diagnostic only,ff12,ew
rolling120,1999-11,2009-10,20000,1.3719579979841556,1.3595732473468254,1.202913784676378,1.718539533673449,none,0.008505884943274413,0.0052487248070201,1.456021415752025,4.4214533871312245,diagnostic only,ff12,ew
rolling120,1999-12,2009-11,20000,1.2892231215374417,1.2775490275270975,1.1458541117135155,1.6854862686738326,none,0.008102412126431145,0.005125726765592198,1.4408171083104613,4.4214533871312245,diagnostic only,ff12,ew
rolling120,2000-01,2009-12,20000,1.3073684157343646,1.2949557065005637,1.1374947822123915,1.6524279575804623,none,0.008043302740666971,0.005408692289198047,1.5432353641299839,4.4214533871312245,diagnostic only,ff12,ew
rolling120,2000-02,2010-01,20000,1.171373839568551,1.158540918102382,1.0605669324266687,1.6308112857480974,none,0.007499340698211123,0.005945183322005443,1.7112066223674858,4.4214533871312245,diagnostic only,ff12,ew
rolling120,2000-03,2010-02,20000,1.04529378016094,1.0343453072874982,0.9604799693767313,1.533767522016947,none,0.006791618995401342,0.005381816368254855,1.6120564008162432,4.4214533871312245,diagnostic only,ff12,ew
rolling120,2000-04,2010-03,20000,1.139387225493177,1.1292228146925152,0.9964725144644087,1.5186526768370048,none,0.007046124722437934,0.004773765681319597,1.4425533468480702,4.4214533871312245,diagnostic only,ff12,ew
rolling120,2000-05,2010-04,20000,1.481709840087972,1.4685870597378177,1.1397702694341034,1.5002837073745003,none,0.008059392865116729,0.005315907453370627,1.628259171600054,4.4214533871312245,diagnostic only,ff12,ew
rolling120,2000-06,2010-05,20000,1.3626931448470205,1.3500176012810376,1.0668897171739842,1.4643650585448644,none,0.00754404953791922,0.005393807926831418,1.680204179767226,4.4214533871312245,diagnostic only,ff12,ew
rolling120,2000-07,2010-06,20000,1.0716608547372215,1.0590352914040353,0.927494048725349,1.4487079990277754,none,0.006558373313638604,0.006131785786234412,1.9251059263324413,4.4214533871312245,diagnostic only,ff12,ew
rolling120,2000-08,2010-07,20000,1.2502973305584113,1.237917332441739,1.0038178699322442,1.4424229507857276,none,0.007098064229053256,0.005531928251864882,1.7441372347688087,4.4214533871312245,diagnostic only,ff12,ew
rolling120,2000-09,2010-08,20000,0.9836660653060527,0.9725868977675738,0.8809710307513133,1.4343967498347048,none,0.006229405898731561,0.005616567539314721,1.7785271530845153,4.4214533871312245,diagnostic only,ff12,ew
rolling120,2000-10,2010-09,20000,1.271035959977832,1.2586257457316163,0.9994680456727151,1.4216828925188505,none,0.007067306326744428,0.005494586373890664,1.7560034435259133,4.4214533871312245,diagnostic only,ff12,ew
rolling120,2000-11,2010-10,20000,1.5245929691586269,1.510742233954697,1.1074746327290834,1.4173344482902428,none,0.00783102822794816,0.005516589881914502,1.7686994352156693,4.4214533871312245,diagnostic only,ff12,ew
rolling120,2000-12,2010-11,20000,1.8950332161101284,1.880731345886641,1.2383118335479995,1.3954016694677764,none,0.008756186947253377,0.004964666435802512,1.6333445493615883,4.4214533871312245,diagnostic only,ff12,ew
rolling120,2001-01,2010-12,20000,2.0743340567217396,2.063325262986936,1.2894932271997153,1.3486560350808205,none,0.00911809405247044,0.003593739740215929,1.2073568962387338,4.4214533871312245,diagnostic only,ff12,ew
rolling120,2001-02,2011-01,20000,1.5884970674462304,1.5822693330531372,1.0218963281047948,1.2577240373218541,none,0.007225898232725335,0.0024117292156080605,0.8618630089320181,4.4214533871312245,diagnostic only,ff12,ew
rolling120,2001-03,2011-02,20000,1.8537522315952435,1.8501322594191394,1.1048882192103169,1.2488579573945842,none,0.007812739522567436,0.001270106734219345,0.46334223298340566,4.4214533871312245,diagnostic only,ff12,ew
rolling120,2001-04,2011-03,20000,2.067336486104858,2.063151466111752,1.1723784212073034,1.2375322392613377,none,0.008289967317524627,0.001366246507691793,0.5048294924226587,4.4214533871312245,diagnostic only,ff12,ew
rolling120,2001-05,2011-04,20000,1.9334011235583144,1.9297621634484008,1.1171643041204922,1.2323145087504908,none,0.007899544551431504,0.0012420667299597454,0.46065441953285446,4.4214533871312245,diagnostic only,ff12,ew
rolling120,2001-06,2011-05,20000,1.7084340228783346,1.7055879019778617,1.0295362499249943,1.229408436327213,none,0.007279920637993316,0.0010519417603811476,0.39095493508805523,4.4214533871312245,diagnostic only,ff12,ew
rolling120,2001-07,2011-06,20000,1.6423310778611842,1.6385070239697659,0.9956718535224639,1.2234538767357228,none,0.00704046319462313,0.0014493248858837848,0.5431537365806746,4.4214533871312245,diagnostic only,ff12,ew
rolling120,2001-08,2011-07,20000,1.6632533222919719,1.6596172546058794,1.0010073420876917,1.2216600165677631,none,0.007078190796077289,0.0013671394557979166,0.5137001517545385,4.4214533871312245,diagnostic only,ff12,ew
rolling120,2001-09,2011-08,20000,1.5066186322431605,1.5017231378698783,0.9418036365984102,1.2253752387391252,none,0.006659557379848867,0.0019568489810788403,0.7351080701092003,4.4214533871312245,diagnostic only,ff12,ew
rolling120,2001-10,2011-09,20000,1.555725921909148,1.5532978831551523,0.9587400280605315,1.2196644290276002,none,0.006779315752365827,0.0009509422186946281,0.35815395575111464,4.4214533871312245,diagnostic only,ff12,ew
rolling120,2001-11,2011-10,20000,1.7124022263843872,1.7089216203959956,1.0122438043857735,1.2112739060706728,none,0.007157644582952496,0.0012848677356278593,0.4862781251644493,4.4214533871312245,diagnostic only,ff12,ew
rolling120,2001-12,2011-11,20000,1.4979604457023847,1.4947927517490691,0.9242140397412323,1.2025998706690715,none,0.0065351801476883865,0.0012697222849853418,0.4847140984225342,4.4214533871312245,diagnostic only,ff12,ew
rolling120,2002-01,2011-12,20000,1.357247649366531,1.35460145908872,0.8714967994916799,1.2015171766988844,none,0.0061624129670293975,0.0011238378654685466,0.4294081380084123,4.4214533871312245,diagnostic only,ff12,ew
rolling120,2002-02,2012-01,20000,1.5457974492112698,1.5446561695833707,0.938034177290794,1.198773640157583,none,0.006632903277470645,0.00044850052495926107,0.172063360515989,4.4214533871312245,diagnostic only,ff12,ew
rolling120,2002-03,2012-02,20000,1.7176750296817427,1.715346256920998,0.9914270820447674,1.1924770136481735,none,0.007010448127658466,0.0008576338118237992,0.3321860055645883,4.4214533871312245,diagnostic only,ff12,ew
rolling120,2002-04,2012-03,20000,1.569972914051565,1.5672922574739068,0.9377581511342867,1.1921832086531965,none,0.006630951477800134,0.00104415715423678,0.40426424271582595,4.4214533871312245,diagnostic only,ff12,ew
rolling120,2002-05,2012-04,20000,1.5263540025939737,1.522498161780244,0.915005578402149,1.1862222622722056,none,0.006470066493116787,0.0015285802273918847,0.5959507244371831,4.4214533871312245,diagnostic only,ff12,ew
rolling120,2002-06,2012-05,20000,1.3956952617634022,1.391614941627887,0.8706437859681294,1.1885900304899057,none,0.006156381250559934,0.0017060940975464067,0.662778988085603,4.4214533871312245,diagnostic only,ff12,ew
rolling120,2002-07,2012-06,20000,1.655841434510547,1.6524069990898678,0.9571104745529612,1.1839774005301078,none,0.006767793069010733,0.0012948372636092387,0.5074675578373214,4.4214533871312245,diagnostic only,ff12,ew
rolling120,2002-08,2012-07,20000,1.983993613474945,1.9813908146639578,1.0729363246682657,1.180592478958427,none,0.007586805509543018,0.0008730149694515799,0.34306913597735084,4.4214533871312245,diagnostic only,ff12,ew
rolling120,2002-09,2012-08,20000,2.033281696707456,2.031384891008646,1.0898158224229988,1.1793530223464816,none,0.007706161582796967,0.0006257224888979174,0.24614143869551974,4.4214533871312245,diagnostic only,ff12,ew
rolling120,2002-10,2012-09,20000,2.4488686485449316,2.447118305364446,1.23665119759703,1.1775799026679266,none,0.008744444477833251,0.0005077699763775811,0.20016630958350315,4.4214533871312245,diagnostic only,ff12,ew
rolling120,2002-11,2012-10,20000,2.273388449859045,2.2719012794064066,1.1703404145288352,1.1726595194504008,none,0.008275556434100143,0.00045452791072841947,0.17970639974252708,4.4214533871312245,diagnostic only,ff12,ew
rolling120,2002-12,2012-11,20000,1.945821628444541,1.9443674901414965,1.0293750766490863,1.1343450194666818,none,0.007278780970829911,0.0004938711991331335,0.1997777249888646,4.4214533871312245,diagnostic only,ff12,ew
rolling120,2003-01,2012-12,20000,2.1460678740441708,2.1444681484224306,1.092255965086081,1.1276234621333454,none,0.007723415997038248,0.0005087428290670992,0.20712669398535746,4.4214533871312245,diagnostic only,ff12,ew
rolling120,2003-02,2013-01,20000,2.3955088975043397,2.394900157897238,1.178561101672446,1.1269367716469199,none,0.008333685470352747,0.00017931001761151144,0.0730456662021993,4.4214533871312245,diagnostic only,ff12,ew
rolling120,2003-03,2013-02,20000,2.509832181717106,2.510874015815433,1.2160105664187755,1.1234698444866011,none,0.008598493175092108,-0.0002967449397596189,-0.12116472934405034,4.4214533871312245,diagnostic only,ff12,ew
rolling120,2003-04,2013-03,20000,2.643725433747194,2.645539108567148,1.2615557517931681,1.1225550054871691,none,0.008920546269378422,-0.0004975052429672111,-0.203314322372811,4.4214533871312245,diagnostic only,ff12,ew
rolling120,2003-05,2013-04,20000,2.3385122784095937,2.3414089117516,1.1546933845569156,1.1217672287222529,none,0.00816491522411441,-0.0008668898116057644,-0.35476588090605193,4.4214533871312245,diagnostic only,ff12,ew
rolling120,2003-06,2013-05,20000,2.088221637484929,2.0884172627491546,1.0537269098830484,1.1047851521201792,none,0.007450974434970495,-6.33415913662283e-05,-0.026254990663677744,4.4214533871312245,diagnostic only,ff12,ew
rolling120,2003-07,2013-06,20000,1.9426426663371927,1.943136981390429,1.002050034360068,1.1029633471424227,none,0.00708556374384217,-0.00016795516361001184,-0.06976368728116426,4.4214533871312245,diagnostic only,ff12,ew
rolling120,2003-08,2013-07,20000,1.9886983920318941,1.9894830330772284,1.0092575699308586,1.0976325688413398,none,0.0071365287166196625,-0.0002624671345019536,-0.1099471572932905,4.4214533871312245,diagnostic only,ff12,ew
rolling120,2003-09,2013-08,20000,1.785736497485204,1.7871868310139787,0.9400554702283755,1.0966735180639726,none,0.00664719597689993,-0.0005203574846996961,-0.21818726780659292,4.4214533871312245,diagnostic only,ff12,ew
rolling120,2003-10,2013-09,20000,1.9010783987165472,1.9016633107420042,0.9781045261566824,1.0956690567268164,none,0.0069162434315464495,-0.00020157818561927776,-0.08457076897975661,4.4214533871312245,diagnostic only,ff12,ew
rolling120,2003-11,2013-10,20000,1.784566880834708,1.7852609850603587,0.9376305815701486,1.0939381881847554,none,0.006630049424761383,-0.0002492061711177884,-0.10469065631071521,4.4214533871312245,diagnostic only,ff12,ew
rolling120,2003-12,2013-11,20000,1.7749331978449943,1.7766109670361168,0.936848037948586,1.0960995488996081,none,0.006624516005747571,-0.0006042507254493401,-0.2532666823760157,4.4214533871312245,diagnostic only,ff12,ew
rolling120,2004-01,2013-12,20000,1.7179054061057137,1.7190816360283918,0.9110237375047161,1.084687366166162,none,0.00644191062611498,-0.00043258352639841124,-0.18259022686681395,4.4214533871312245,diagnostic only,ff12,ew
rolling120,2004-02,2014-01,20000,1.548395271713988,1.5492085224637262,0.855464339457029,1.0875602452836823,none,0.0060490463549333585,-0.00031902088141155804,-0.13444280338090062,4.4214533871312245,diagnostic only,ff12,ew
rolling120,2004-03,2014-02,20000,1.6341891219533564,1.6354106085495492,0.882779473303261,1.085985094529804,none,0.006242193518650246,-0.0004634900505561257,-0.19568226978918368,4.4214533871312245,diagnostic only,ff12,ew
rolling120,2004-04,2014-03,20000,1.646170467339694,1.647150411798961,0.8871161182071572,1.0864726305067791,none,0.0062728582288416775,-0.0003701884316431592,-0.15621976832848525,4.4214533871312245,diagnostic only,ff12,ew
rolling120,2004-05,2014-04,20000,1.627600822005727,1.6282704839239956,0.8825988622728492,1.0894879478054742,none,0.006240916405806634,-0.0002547918573696517,-0.10730185676667753,4.4214533871312245,diagnostic only,ff12,ew
rolling120,2004-06,2014-05,20000,1.6518322541308532,1.6525873547746293,0.889760859254131,1.0884750948087294,none,0.006291559372129653,-0.0002846657028720001,-0.12001804308181299,4.4214533871312245,diagnostic only,ff12,ew
rolling120,2004-07,2014-06,20000,1.6780045292685044,1.6790566004386198,0.8974396840282275,1.0874683234337106,none,0.006345856862822722,-0.00039270210638453484,-0.16578867012884912,4.4214533871312245,diagnostic only,ff12,ew
rolling120,2004-08,2014-07,20000,1.6901731462502376,1.6911950260685473,0.8959169689940043,1.0825500630751688,none,0.006335089641557583,-0.00037971228707367466,-0.16130471329186363,4.4214533871312245,diagnostic only,ff12,ew
rolling120,2004-09,2014-08,20000,1.8505903566450561,1.8514952764493136,0.9489200200006981,1.0821280399410276,none,0.006709877809461679,-0.0003173492208565776,-0.13486382762163035,4.4214533871312245,diagnostic only,ff12,ew
rolling120,2004-10,2014-09,20000,1.5851509906812837,1.5853599797412188,0.8599322241585194,1.079360658662319,none,0.006080639070633193,-8.083557476434855e-05,-0.034369588049449395,4.4214533871312245,diagnostic only,ff12,ew
rolling120,2004-11,2014-10,20000,1.5997151067169815,1.600299602420315,0.8772703748094439,1.079597328802285,none,0.00620323830961822,-0.0002247801379461345,-0.09422428643880437,4.4214533871312245,diagnostic only,ff12,ew
rolling120,2004-12,2014-11,20000,1.360946576970587,1.361883271203491,0.8064200575584648,1.0778643467398492,none,0.005702250911844364,-0.0003965878603419126,-0.1642674528681709,4.4214533871312245,diagnostic only,ff12,ew
rolling120,2005-01,2014-12,20000,1.257400918721739,1.2572370850679535,0.7730740994049559,1.0784475856920386,none,0.005466459380489274,7.258150013100817e-05,0.029970707249782663,4.4214533871312245,diagnostic only,ff12,ew
rolling120,2005-02,2015-01,20000,1.2333106490736998,1.2348356219317176,0.7657621840992388,1.0791403226636955,none,0.005414756331527932,-0.0006823646638939307,-0.2816327761857874,4.4214533871312245,diagnostic only,ff12,ew
rolling120,2005-03,2015-02,20000,1.3316337305750527,1.3326895220198942,0.7960603622401919,1.0656521495891167,none,0.005628996803738591,-0.0004526069307015934,-0.18756298531565133,4.4214533871312245,diagnostic only,ff12,ew
rolling120,2005-04,2015-03,20000,1.3832290920318542,1.38371280433861,0.814431158073905,1.065367168639406,none,0.005758897946836712,-0.00020292390336429378,-0.08399390147580395,4.4214533871312245,diagnostic only,ff12,ew
rolling120,2005-05,2015-04,20000,1.5743984148593502,1.5734039928462793,0.8879904773281974,1.0842517048067888,none,0.006279040881478475,0.00038642281423162395,0.15837164175888022,4.4214533871312245,diagnostic only,ff12,ew
rolling120,2005-06,2015-05,20000,1.464534792160404,1.4626659362033845,0.8530115142936567,1.0873144246196718,none,0.006031702261872503,0.0007588751399634219,0.30983889387791036,4.4214533871312245,diagnostic only,ff12,ew
rolling120,2005-07,2015-06,20000,1.3333083673675699,1.3303645961521422,0.8072618523185338,1.0850559248018996,none,0.005708203299676484,0.0012632234545135734,0.515708894880198,4.4214533871312245,diagnostic only,ff12,ew
rolling120,2005-08,2015-07,20000,1.1065320048119185,1.1031281323756672,0.7400368637989255,1.085645061047309,none,0.0052328508472024565,0.0016184807686474567,0.6504814556430626,4.4214533871312245,diagnostic only,ff12,ew
rolling120,2005-09,2015-08,20000,1.040779703964484,1.0375723640859533,0.7175338119598037,1.0870647377336748,none,0.005073730241674102,0.0015740986357406506,0.6321463155818736,4.4214533871312245,diagnostic only,ff12,ew
rolling120,2005-10,2015-09,20000,0.9006701401500344,0.8979314294812626,0.6725959377874965,1.0876393903751205,none,0.00475597148608064,0.0014429976901328967,0.5758467385238257,4.4214533871312245,diagnostic only,ff12,ew
rolling120,2005-11,2015-10,20000,1.110041382066803,1.1059622562471225,0.7461408955404438,1.0879806586497052,none,0.005276012869572512,0.0019369415608376794,0.7731455401114111,4.4214533871312245,diagnostic only,ff12,ew
rolling120,2005-12,2015-11,20000,1.0669970404020301,1.0622086083724631,0.7339625635947096,1.0952945954109168,none,0.005189899058548817,0.002321992067207068,0.9226445400088283,4.4214533871312245,diagnostic only,ff12,ew
rolling120,2006-01,2015-12,20000,0.9465009375412208,0.9408992129676534,0.695116195979448,1.0992603927121298,none,0.004915213758896648,0.0028861491293008523,1.1396705918289083,4.4214533871312245,diagnostic only,ff12,ew
rolling120,2006-02,2016-01,20000,0.6520608808789552,0.6483897734945949,0.5963909876203161,1.11187080181951,none,0.004217121115848678,0.002227086968986436,0.8705245316677318,4.4214533871312245,diagnostic only,ff12,ew
rolling120,2006-03,2016-02,20000,0.6656101160807614,0.6605829420173306,0.6018466068410946,1.1141036070877839,none,0.0042556981693145195,0.003027354994580289,1.181280688484665,4.4214533871312245,diagnostic only,ff12,ew
rolling120,2006-04,2016-03,20000,0.7460462612495822,0.7423590045077268,0.6365535573018564,1.131357322505181,none,0.004501113369565621,0.0021162439728643623,0.8191877073763119,4.4214533871312245,diagnostic only,ff12,ew
rolling120,2006-05,2016-04,20000,0.7951427175030245,0.7908217620356708,0.6593813639215836,1.1488507609430674,none,0.004662530338169865,0.0024128339061737503,0.9267404507762905,4.4214533871312245,diagnostic only,ff12,ew
rolling120,2006-06,2016-05,20000,0.8678242496270288,0.8625319548119199,0.6864170257311618,1.1494878540145437,none,0.004853701336164053,0.0028414518212349638,1.09036268376814,4.4214533871312245,diagnostic only,ff12,ew
rolling120,2006-07,2016-06,20000,0.8939934222334519,0.8879887550797729,0.6970104882670421,1.1519856588379969,none,0.00492860842811772,0.0031804570538478405,1.2183291168806067,4.4214533871312245,diagnostic only,ff12,ew
rolling120,2006-08,2016-07,20000,1.0488578774757902,1.0442017946840023,0.7543409750333896,1.1492499752458702,none,0.005333996187729819,0.002277702134836357,0.872907034035493,4.4214533871312245,diagnostic only,ff12,ew
rolling120,2006-09,2016-08,20000,1.0630216979636389,1.058335582774375,0.7614878723811584,1.1528662177846511,none,0.0053845323835203344,0.002276652664648493,0.8702919502547692,4.4214533871312245,diagnostic only,ff12,ew
rolling120,2006-10,2016-09,20000,1.0944394318458854,1.0900383248383232,0.7724305898494408,1.1537305109463605,none,0.005461909080784644,0.0021057542128577467,0.8057818140996943,4.4214533871312245,diagnostic only,ff12,ew
rolling120,2006-11,2016-10,20000,0.8901118464793865,0.8860275778845284,0.699956413498389,1.1571793017711431,none,0.004949439265197259,0.0021655402300315707,0.8251982448955925,4.4214533871312245,diagnostic only,ff12,ew
rolling120,2006-12,2016-11,20000,0.9937433023973881,0.989092691248163,0.742248484874476,1.1644427600304361,none,0.005248489369801826,0.002338056526821175,0.8860856565668622,4.4214533871312245,diagnostic only,ff12,ew
rolling120,2007-01,2016-12,20000,1.007474343175274,1.0025406867755082,0.7477119642639874,1.1656476501067852,none,0.00528712200305379,0.002463698456838914,0.9331459340102417,4.4214533871312245,diagnostic only,ff12,ew
year (pooled),1927-01,2016-12,20000,0.16757618128403554,0.16745521893188647,,1.0220638308713004,z,9.781977738512728e-05,0.00010361198458608278,1.2365838011757069,4.4214533871312245,pass,ff12,ew
decade (pooled),1926-07,2016-12,20000,2.6228608598855265,2.6185637080947366,,1.662616200165269,z,0.003019177080662741,0.0011875296768100174,1.4232857748928933,4.4214533871312245,pass,ff12,ew
year,1927-01,1927-12,20000,0.4084518251459209,0.4094225106942497,0.1368709770737198,0.418845984798796,z,0.0009678239603645576,-0.0006887115403391153,-1.0029567236206494,4.4214533871312245,pass,ff12,vw
year,1928-01,1928-12,20000,0.4266949601228468,0.4270959958357258,0.17439506560319257,0.6413967165958269,z,0.001233159334934903,-0.000281015232366455,-0.3252099720756218,4.4214533871312245,pass,ff12,vw
year,1929-01,1929-12,20000,-0.14316185409195858,-0.14035597650538092,0.15421177611665876,0.55909307538477,z,0.0010904419263091107,-0.0032639994112577675,-2.5731563679644043,4.4214533871312245,pass,ff12,vw
year,1930-01,1930-12,20000,-0.27780321267014213,-0.2776358542268865,0.1008761249400949,0.37540196596780134,z,0.0007133019200496251,-0.00023168154764452442,-0.23462497233143847,4.4214533871312245,pass,ff12,vw
year,1931-01,1931-12,20000,-0.40670447561580086,-0.40514110920935326,0.10066806308563787,0.4387835578596497,z,0.000711830700567697,-0.0026281298483572524,-2.196261562195614,4.4214533871312245,pass,ff12,vw
year,1932-01,1932-12,20000,-0.08448798910252923,-0.08457919935745174,0.2224253724460614,0.7160837882072761,z,0.0015727848916455346,9.963751627495299e-05,0.057992835134039716,4.4214533871312245,pass,ff12,vw
year,1933-01,1933-12,20000,0.554819395105651,0.5596862411105081,0.3387168567705299,0.6123926486771063,z,0.002395089863246342,-0.0031204006784030236,-2.032009771132552,4.4214533871312245,pass,ff12,vw
year,1934-01,1934-12,20000,0.057698382766567885,0.05782110187735736,0.13266395266253436,0.3256248534723243,z,0.0009380758054668918,-0.00011601121453497232,-0.13082003615730856,4.4214533871312245,pass,ff12,vw
year,1935-01,1935-12,20000,0.473994563080976,0.4747049138788972,0.19437103253329363,0.5929402744534035,z,0.0013744107517052297,-0.00048169012745269413,-0.5168402510238431,4.4214533871312245,pass,ff12,vw
year,1936-01,1936-12,20000,0.308147258098574,0.3085725388253625,0.14036511116108108,0.3827998766363325,z,0.0009925312194400398,-0.00032499591285184426,-0.42848095703067446,4.4214533871312245,pass,ff12,vw
year,1937-01,1937-12,20000,-0.3449152256174895,-0.34487855766865066,0.08738954631253638,0.34559599916383554,z,0.0006179374080241033,-5.597122376022057e-05,-0.05933926051843878,4.4214533871312245,pass,ff12,vw
year,1938-01,1938-12,20000,0.304037504347652,0.30238612316427893,0.1853138041954402,0.45587929984622066,z,0.0013103664759407184,0.001267965892757461,1.2602437666817687,4.4214533871312245,pass,ff12,vw
year,1939-01,1939-12,20000,0.05328311429410215,0.052205249807514564,0.15138877976565546,0.42964400648666884,z,0.0010704803276785175,0.0010243861516419095,1.0068979865562626,4.4214533871312245,pass,ff12,vw
year,1940-01,1940-12,20000,-0.08468074558759056,-0.08559579461688545,0.08250674136326429,0.2270333026312231,z,0.0005834107631156879,0.0010007051847618076,1.5684472881646798,4.4214533871312245,pass,ff12,vw
year,1941-01,1941-12,20000,-0.12418979200990939,-0.12397810163479799,0.08231441638234374,0.31204753250947687,z,0.0005820508201336829,-0.0002416496385609923,-0.3636974088667732,4.4214533871312245,pass,ff12,vw
year,1942-01,1942-12,20000,0.2053108583496406,0.20529189915914967,0.11383250149246284,0.32256722067187915,z,0.0008049173372474826,1.572995761778273e-05,0.023554208132445974,4.4214533871312245,pass,ff12,vw
year,1943-01,1943-12,20000,0.30836930779125105,0.30866065968374534,0.09167595413669748,0.22131770240445878,z,0.0006482468884180571,-0.00022263364481722725,-0.44944587887694093,4.4214533871312245,pass,ff12,vw
year,1944-01,1944-12,20000,0.20394167159402438,0.20417893500134776,0.06341214762363041,0.2193122895839305,z,0.0004483915959427148,-0.00019703334814025197,-0.5291432967751182,4.4214533871312245,pass,ff12,vw
year,1945-01,1945-12,20000,0.40415962935644917,0.4040130285065204,0.10925216069097736,0.1469506898858162,z,0.0007725294368387246,0.00010441559084717333,0.18976733175203983,4.4214533871312245,pass,ff12,vw
year,1946-01,1946-12,20000,-0.05323258975570793,-0.052597720024071405,0.08241183452795486,0.3224146706639246,z,0.0005827396704474054,-0.0006701163223425954,-1.0894568601260604,4.4214533871312245,pass,ff12,vw
year,1947-01,1947-12,20000,0.004353553635895185,0.004637884079306952,0.07514555707488497,0.32287130893305893,z,0.0005313593298369191,-0.0002830178394798155,-0.5351001242399024,4.4214533871312245,pass,ff12,vw
year,1948-01,1948-12,20000,0.027591212427064686,0.02772508971868939,0.08069939544409785,0.378297075840164,z,0.0005706308975617637,-0.00013026566439211518,-0.23461276316572746,4.4214533871312245,pass,ff12,vw
year,1949-01,1949-12,20000,0.2364754132136223,0.23611425159699004,0.07832949062364701,0.15148638168238732,z,0.0005538731398686889,0.00029217494755506834,0.6520655916224701,4.4214533871312245,pass,ff12,vw
year,1950-01,1950-12,20000,0.25377102630907145,0.2544501117702659,0.11971563011303361,0.5159433874776269,z,0.0008465173386694652,-0.0005413411460708506,-0.8022109296211336,4.4214533871312245,pass,ff12,vw
year,1951-01,1951-12,20000,0.19938324082717346,0.199630985181465,0.09685042119525526,0.30203766815703875,z,0.0006848358958793832,-0.00020651713514563408,-0.36175725569030154,4.4214533871312245,pass,ff12,vw
year,1952-01,1952-12,20000,0.13381076751928173,0.13364796306944277,0.07595979290690547,0.17272342398747673,z,0.0005371168466199867,0.0001436111166275289,0.30310806831599035,4.4214533871312245,pass,ff12,vw
year,1953-01,1953-12,20000,0.011085207484108113,0.010689754686919399,0.058427143845964355,0.08837633099639416,z,0.00041314229618843253,0.0003912702145787428,0.9571830355717179,4.4214533871312245,pass,ff12,vw
year,1954-01,1954-12,20000,0.4717282420955069,0.47070677509133574,0.1274831998449822,0.37108236504682107,z,0.0009014423509774673,0.0006945415778802921,1.133147342216113,4.4214533871312245,pass,ff12,vw
year,1955-01,1955-12,20000,0.21938931376503798,0.21989565434124791,0.12200030932345052,0.768548932575908,z,0.0008626724602946823,-0.0004150687596993219,-0.5869441758196069,4.4214533871312245,pass,ff12,vw
year,1956-01,1956-12,20000,0.052950556100027926,0.05311931010294084,0.07774610115497722,0.3045498627031495,z,0.0005497479533749966,-0.00016024205547660042,-0.30696613216457364,4.4214533871312245,pass,ff12,vw
year,1957-01,1957-12,20000,-0.0474616220164963,-0.04722616270097857,0.08552365682834392,0.26738963540438254,z,0.0006047435769519317,-0.0002471303328239749,-0.3893539749599456,4.4214533871312245,pass,ff12,vw
year,1958-01,1958-12,20000,0.49853236807240775,0.4978703323710123,0.12301841994564497,0.4354697924601776,z,0.0008698715895441998,0.0004419846545378192,0.7610729093271619,4.4214533871312245,pass,ff12,vw
year,1959-01,1959-12,20000,0.14382837351481967,0.1445745463257676,0.09604457528770788,0.2512930624373843,z,0.0006791377048212014,-0.0006519215487915675,-1.0987062059002957,4.4214533871312245,pass,ff12,vw
year,1960-01,1960-12,20000,0.037155442425241075,0.03523726501227437,0.09258110059062818,0.3840466836420606,z,0.0006546472403734706,0.0018528867514675529,2.9300931779264796,4.4214533871312245,pass,ff12,vw
year,1961-01,1961-12,20000,0.30637899245555034,0.306166423236206,0.09612346632839774,0.2966185370895999,z,0.0006796955487196681,0.0001627428293689004,0.3127418146914888,4.4214533871312245,pass,ff12,vw
year,1962-01,1962-12,20000,-0.10454866621034628,-0.10427969843667673,0.07510406214756707,0.09399473259450815,z,0.0005310659163920057,-0.0003002809841422538,-0.5064677761602303,4.4214533871312245,pass,ff12,vw
year,1963-01,1963-12,20000,0.21633925618433705,0.21526180503715878,0.0792269812275036,0.40655923617797535,z,0.000560219356789071,0.0008866000253708872,1.9232665457219276,4.4214533871312245,pass,ff12,vw
year,1964-01,1964-12,20000,0.15210466545416898,0.15272079037319106,0.06924696130266635,0.18190731550414296,z,0.0004896499591367781,-0.0005344962320170676,-1.2582966822018438,4.4214533871312245,pass,ff12,vw
year,1965-01,1965-12,20000,0.15561255044956165,0.1554995363406957,0.07793254547826295,0.14309047511759293,z,0.0005510663138280874,9.780541256110276e-05,0.20508259356463346,4.4214533871312245,pass,ff12,vw
year,1966-01,1966-12,20000,-0.08891343803102379,-0.09010313759387494,0.08276177680433709,0.36988832695148266,z,0.0005852141360139428,0.0013075103476070105,2.0329303235128933,4.4214533871312245,pass,ff12,vw
year,1967-01,1967-12,20000,0.2858593166880594,0.2860036410154969,0.10639736668171433,0.17791974250198295,z,0.0007523429948103184,-0.00011222699752511112,-0.19183315114654884,4.4214533871312245,pass,ff12,vw
year,1968-01,1968-12,20000,0.17260915318009334,0.17141272104967042,0.1052750096241085,0.2358823573674329,z,0.0007444067319468617,0.0010213583213871669,1.6072290578214776,4.4214533871312245,pass,ff12,vw
year,1969-01,1969-12,20000,-0.09104547010510163,-0.09216185696613692,0.07728349941751742,0.1837587808641974,z,0.0005464768651195316,0.0012297201539741565,2.042880371140884,4.4214533871312245,pass,ff12,vw
year,1970-01,1970-12,20000,0.01818047206596613,0.01888440452746327,0.09576193468226958,0.29722774799882995,z,0.0006771391339337605,-0.0006908855002285552,-1.0395684228257889,4.4214533871312245,pass,ff12,vw
year,1971-01,1971-12,20000,0.17172161805980668,0.1716443126119081,0.08924640064692106,0.09196496670673297,z,0.0006310673509392936,6.598030397664267e-05,0.12249952050841492,4.4214533871312245,pass,ff12,vw
year,1972-01,1972-12,20000,0.16519470090688163,0.16507006452123887,0.09060812205638606,0.28711554068202866,z,0.0006406961753664896,0.00010697758824829151,0.1945327449027724,4.4214533871312245,pass,ff12,vw
year,1973-01,1973-12,20000,-0.2005656002551952,-0.1999458338008501,0.08652788042725768,0.31807106942677377,z,0.0006118445101181264,-0.0007746556177433694,-1.0129476428994273,4.4214533871312245,pass,ff12,vw
year,1974-01,1974-12,20000,-0.2625288220979812,-0.2631905267806672,0.0895788159569048,0.4127157489894744,z,0.0006334178821378909,0.0008980675557750395,1.0446574076068715,4.4214533871312245,pass,ff12,vw
year,1975-01,1975-12,20000,0.4024593331574275,0.40235054353160665,0.15815636366060545,0.2109315602062844,z,0.0011183343723221977,7.757662755780714e-05,0.09727826356167366,4.4214533871312245,pass,ff12,vw
year,1976-01,1976-12,20000,0.2625062288001702,0.2610447008689127,0.10804556165477432,0.13620118458586972,z,0.0007639974932320013,0.001158981858653041,1.913000951187303,4.4214533871312245,pass,ff12,vw
year,1977-01,1977-12,20000,-0.026684587344756393,-0.027554756227411638,0.062255456854035676,0.17562506391785745,z,0.00044021255707355156,0.0008948255834739793,1.9767016380449491,4.4214533871312245,pass,ff12,vw
year,1978-01,1978-12,20000,0.0788833287696176,0.0784342704380369,0.0827028077001817,0.21285724241280338,z,0.0005847971614796549,0.0004163984249110353,0.7678873311294593,4.4214533871312245,pass,ff12,vw
year,1979-01,1979-12,20000,0.20043957080694796,0.2011485034201944,0.08677602824092097,0.1748050119377152,z,0.0006135991801359057,-0.0005902122936737308,-1.1553676018429948,4.4214533871312245,pass,ff12,vw
year,1980-01,1980-12,20000,0.2804362095310332,0.2794208009711554,0.16552335370230833,0.6005344429580945,z,0.0011704268584764165,0.0007936470620981684,0.8675540487849,4.4214533871312245,pass,ff12,vw
year,1981-01,1981-12,20000,0.022915485219805406,0.022658233641443478,0.10977566529195348,0.2576516557244575,z,0.0007762311733720503,0.00025155185759961896,0.3314110373130122,4.4214533871312245,pass,ff12,vw
year,1982-01,1982-12,20000,0.26893889587867653,0.26841257296657967,0.12302390733728753,0.10895897582823308,z,0.0008699103912626148,0.0004149461486855355,0.6050311818128126,4.4214533871312245,pass,ff12,vw
year,1983-01,1983-12,20000,0.22220610887172507,0.2227502676539974,0.1105830703327968,0.3007348943265315,z,0.0007819403891674954,-0.0004450285529818965,-0.6959082684700478,4.4214533871312245,pass,ff12,vw
year,1984-01,1984-12,20000,0.05038931329296691,0.04963771119325681,0.0948823917160442,0.4808156449530066,z,0.0006709198259761315,0.0007160585902117322,1.1202562073889946,4.4214533871312245,pass,ff12,vw
year,1985-01,1985-12,20000,0.3347493981473014,0.3345260916185901,0.11168492515120029,0.12445290529855742,z,0.0007897316793072573,0.00016733020816417365,0.2827625313286316,4.4214533871312245,pass,ff12,vw
year,1986-01,1986-12,20000,0.18794076522731049,0.18701266613835008,0.11641427886387803,0.41380813997462595,z,0.0008231732601158993,0.000781877999650904,1.12746505982196,4.4214533871312245,pass,ff12,vw
year,1987-01,1987-12,20000,0.04172674771925667,0.042729241766087854,0.12914265248104673,0.6042151452533155,z,0.0009131764530976585,-0.0009614135737990859,-1.097809786302028,4.4214533871312245,pass,ff12,vw
year,1988-01,1988-12,20000,0.18197642086101903,0.18158250501312181,0.09769092370931665,0.15333393261421374,z,0.0006907791461523547,0.00033337989198889417,0.5702486099809667,4.4214533871312245,pass,ff12,vw
year,1989-01,1989-12,20000,0.281581369500792,0.28162594523363393,0.09876890330082398,0.16759077465325672,z,0.0006984016129437101,-3.4780610526641276e-05,-0.06382535781104741,4.4214533871312245,pass,ff12,vw
year,1990-01,1990-12,20000,-0.059773471904375944,-0.059178348746470995,0.10155425487681674,0.4254726446872234,z,0.0007180970228174413,-0.0006325568263784165,-0.8287503484835428,4.4214533871312245,pass,ff12,vw
year,1991-01,1991-12,20000,0.3247178499382394,0.32546118846747585,0.12832827338828637,0.30830294534413044,z,0.0009074179233081846,-0.0005608150096766407,-0.8191799061302116,4.4214533871312245,pass,ff12,vw
year,1992-01,1992-12,20000,0.11911571824633309,0.11874021162109441,0.11145266338172774,0.3559169518854519,z,0.0007880893405852129,0.00033565131684554217,0.4764772290408564,4.4214533871312245,pass,ff12,vw
year,1993-01,1993-12,20000,0.13353783215900925,0.13356472817591852,0.10883469202427389,0.11569338220355024,z,0.0007695774875871352,-2.3726935251877634e-05,-0.03494906925305909,4.4214533871312245,pass,ff12,vw
year,1994-01,1994-12,20000,-0.005634653936705041,-0.006193751844965354,0.07582634771485733,0.29738406849949783,z,0.0005361732466178468,0.000562582404063372,1.0427560714509234,4.4214533871312245,pass,ff12,vw
year,1995-01,1995-12,20000,0.3413195291484861,0.3402005748291894,0.10900657328486252,0.18772471484254083,z,0.0007707928716363464,0.000834915564365657,1.4516926148022535,4.4214533871312245,pass,ff12,vw
year,1996-01,1996-12,20000,0.19505538934662559,0.1949466679215065,0.0988260010978084,0.3094114791206865,z,0.000698805355338095,9.098433263821093e-05,0.1555818430533971,4.4214533871312245,pass,ff12,vw
year,1997-01,1997-12,20000,0.30505166407451245,0.3066001291033732,0.13060724366730672,0.3224542401945935,z,0.0009235326766923634,-0.0011851101146940213,-1.6766759508787288,4.4214533871312245,pass,ff12,vw
year,1998-01,1998-12,20000,0.21083332533358326,0.21349596291816533,0.16474893770500498,0.5831865920857952,z,0.001164950910444891,-0.002194187427026262,-2.2856221328375286,4.4214533871312245,pass,ff12,vw
year,1999-01,1999-12,20000,0.13035071994823857,0.12972665191831023,0.1762140926121873,0.5871642793154929,z,0.0012460217982671194,0.0005524062204504965,0.5008484047359792,4.4214533871312245,pass,ff12,vw
year,2000-01,2000-12,20000,0.009183632231535267,0.008343426766248902,0.2097005897604912,0.59126505945966,z,0.001482807090384616,0.0008332532775869872,0.5666316749729254,4.4214533871312245,pass,ff12,vw
year,2001-01,2001-12,20000,-0.05630595568726543,-0.05790438803711227,0.17020708183971095,0.3343935847729903,z,0.0012035458177483327,0.0016966774173976518,1.3281026166808407,4.4214533871312245,pass,ff12,vw
year,2002-01,2002-12,20000,-0.1727896435495235,-0.17261114043518347,0.11756611374930873,0.4115909264788801,z,0.000831317962698852,-0.00021574270946067564,-0.2147230330023524,4.4214533871312245,pass,ff12,vw
year,2003-01,2003-12,20000,0.30639898734334614,0.3057679031922302,0.12665300104398944,0.23606447941838152,z,0.0008955719589583181,0.00048330499591320297,0.7046716288995926,4.4214533871312245,pass,ff12,vw
year,2004-01,2004-12,20000,0.13935536297535173,0.13936229678155204,0.09064330989446351,0.24383568088285593,z,0.0006409449909556882,-6.085690407608979e-06,-0.010818098741947798,4.4214533871312245,pass,ff12,vw
year,2005-01,2005-12,20000,0.047364359244876024,0.04931501469424651,0.10691584480876232,0.6076054641030814,z,0.0007560091888056436,-0.0018589798316560602,-2.5802007148248647,4.4214533871312245,pass,ff12,vw
year,2006-01,2006-12,20000,0.18219498873967813,0.1819090471237155,0.09961211506369394,0.21538765167368176,z,0.0007043640204987263,0.00024193199693200995,0.40595715800498233,4.4214533871312245,pass,ff12,vw
year,2007-01,2007-12,20000,0.0840892504716292,0.08271066554462676,0.08280937149037522,0.33958114359958563,z,0.0005855506812664028,0.0012732717713730413,2.3543392077025573,4.4214533871312245,pass,ff12,vw
year,2008-01,2008-12,20000,-0.35919835127096783,-0.3604246439705038,0.09783253514521667,0.18147424826574615,z,0.0006917804902185394,0.0019173545196438102,1.7726615839491953,4.4214533871312245,pass,ff12,vw
year,2009-01,2009-12,20000,0.3146322886115057,0.31417608056712637,0.19874623862811883,0.8328089033393204,z,0.0014053481306926258,0.00034714377405387076,0.32462279944436606,4.4214533871312245,pass,ff12,vw
year,2010-01,2010-12,20000,0.20541421529400936,0.20649490242036242,0.10490033515239505,0.24886168039239503,z,0.0007417573833500011,-0.0008957245689021898,-1.4569280341671198,4.4214533871312245,pass,ff12,vw
year,2011-01,2011-12,20000,0.015497070741599816,0.014946319853163163,0.09862576284682595,0.24783428405965996,z,0.0006973894570868689,0.0005426404112842675,0.789732168790229,4.4214533871312245,pass,ff12,vw
year,2012-01,2012-12,20000,0.16759091523225703,0.16766717681306945,0.10513023478763066,0.18509832306036716,z,0.0007433830192606751,-6.531105980100982e-05,-0.10258719776551439,4.4214533871312245,pass,ff12,vw
year,2013-01,2013-12,20000,0.34279097544711395,0.3424165401096064,0.08869330977487017,0.03826661903211307,z,0.000627156407876898,0.00027892634388804183,0.5970366128843327,4.4214533871312245,pass,ff12,vw
year,2014-01,2014-12,20000,0.10917013771569961,0.10952256400665569,0.08687644543860315,-0.08671509007345102,z,0.0006143092369501939,-0.00031763778618754124,-0.5736952494898837,4.4214533871312245,pass,ff12,vw
year,2015-01,2015-12,20000,-0.022333247318225335,-0.023885960038194758,0.08128058529433921,-0.04608914607523871,z,0.0005747405304043883,0.0015907083152191248,2.701589043801959,4.4214533871312245,pass,ff12,vw
year,2016-01,2016-12,20000,0.14837094107169188,0.14761371433129944,0.1193612127176152,0.30943890016146447,z,0.0008440112292327568,0.0006598271970230662,0.897176144304139,4.4214533871312245,pass,ff12,vw
decade,1926-07,1936-12,20000,1.355713727971047,1.3875228518921636,1.2889050664327266,1.776404977592305,z,0.009113935127802784,-0.013323065744023088,-3.4901635215814095,4.4214533871312245,pass,ff12,vw
decade,1937-01,1946-12,20000,0.8205432573037962,0.8169002718093175,0.6051154007060633,1.0347321787683077,z,0.004278812032396723,0.0020050552861941018,0.8514011522114353,4.4214533871312245,pass,ff12,vw
decade,1947-01,1956-12,20000,3.1580137753728117,3.157848123370977,1.0514234737649766,0.8384554166182235,z,0.007434686681979309,3.984080152030778e-05,0.022280966087815587,4.4214533871312245,pass,ff12,vw
decade,1957-01,1966-12,20000,1.9237873232639289,1.913901541208423,0.7415831664898306,0.7967613198549023,z,0.005243784858387517,0.003392627347115651,1.8852379192661513,4.4214533871312245,pass,ff12,vw
decade,1967-01,1976-12,20000,0.9872731496152605,0.9828733131068752,0.6047864866036272,0.9289790913580737,z,0.004276486258474118,0.0022189196250219645,1.0288438317010196,4.4214533871312245,pass,ff12,vw
decade,1977-01,1986-12,20000,3.263815169126336,3.2503003492653004,1.2691834742758932,0.9404875548954498,z,0.008974482412303862,0.0031797329013165676,1.5059163570822944,4.4214533871312245,pass,ff12,vw
decade,1987-01,1996-12,20000,2.9741420015469378,2.9743566040741136,1.199218786470865,0.9521757055148624,z,0.008479757360398509,-5.3996797105715366e-05,-0.025307625920770613,4.4214533871312245,pass,ff12,vw
decade,1997-01,2006-12,20000,1.5900411078493129,1.5976779380982125,1.1528150392439331,1.4100672916563046,z,0.00815163331703221,-0.0029398680016856638,-0.9368466357463648,4.4214533871312245,pass,ff12,vw
decade,2007-01,2016-12,20000,1.182469779540779,1.1710261455211697,0.7213390423291072,1.0276546751377704,z,0.005100637283655217,0.005271071489957535,2.243569456757885,4.4214533871312245,pass,ff12,vw
full,1926-07,2016-12,20000,9945.27125302405,9926.820170458739,13340.948231193968,6.466032209534602,z,94.33474961735931,0.0018585230441838796,0.1955915782906285,4.4214533871312245,pass,ff12,vw
rolling120,1926-07,1936-06,20000,0.9770366449889807,1.0042971812567285,1.0692495766652952,1.7511781600933047,none,0.007560736264408755,-0.013601045055930738,-3.6055398990801306,4.4214533871312245,diagnostic only,ff12,vw
rolling120,1926-08,1936-07,20000,1.0423434091156347,1.0705496078570058,1.1021775479593103,1.7452367989317106,none,0.007793572182335895,-0.013622566025145555,-3.6191618017345557,4.4214533871312245,diagnostic only,ff12,vw
rolling120,1926-09,1936-08,20000,1.0028350926201763,1.0303186781943126,1.0804776999693082,1.7448195716359443,none,0.007640131085691417,-0.013536587073404105,-3.5972662335084795,4.4214533871312245,diagnostic only,ff12,vw
rolling120,1926-10,1936-09,20000,1.0016374956751994,1.0286601400965738,1.0788062375813168,1.7432590680003281,none,0.007628312061800947,-0.01332043938127958,-3.542414652474857,4.4214533871312245,diagnostic only,ff12,vw
rolling120,1926-11,1936-10,20000,1.2081374298207486,1.2378514772105884,1.19016081664067,1.7437451975402292,none,0.00841570784149137,-0.01327793541816169,-3.53078409439819,4.4214533871312245,diagnostic only,ff12,vw
rolling120,1926-12,1936-11,20000,1.2062026391662222,1.2361390932752911,1.1916284663297332,1.7478626061953757,none,0.008426085691966798,-0.013387563501347621,-3.5528304842199248,4.4214533871312245,diagnostic only,ff12,vw
rolling120,1927-01,1936-12,20000,1.1370140716768435,1.1654908417607506,1.1570682911238028,1.7534126235772656,none,0.008181708349495713,-0.01315026114853135,-3.4805408439745014,4.4214533871312245,diagnostic only,ff12,vw
rolling120,1927-02,1937-01,20000,1.201995986785473,1.2309380372480736,1.1932235386343872,1.7556732481824622,none,0.008437364556397835,-0.012973040926901547,-3.430224007644017,4.4214533871312245,diagnostic only,ff12,vw
rolling120,1927-03,1937-02,20000,1.1090572051915248,1.1373612269060227,1.1443125966507608,1.7577435228792817,none,0.008091511968889395,-0.013242507330157638,-3.4979892291233607,4.4214533871312245,diagnostic only,ff12,vw
rolling120,1927-04,1937-03,20000,1.0494128878535502,1.0761765502922556,1.1124717148219605,1.7599804079475903,none,0.007866362934288353,-0.01289084130872109,-3.4022918421480823,4.4214533871312245,diagnostic only,ff12,vw
rolling120,1927-05,1937-04,20000,0.8807825907259649,0.9052523288674168,1.020050726980813,1.7585371563043464,none,0.007212847862024005,-0.012843305724233312,-3.392521041555068,4.4214533871312245,diagnostic only,ff12,vw
rolling120,1927-06,1937-05,20000,0.7547514157823132,0.777152906279567,0.9517024864684767,1.7589401519311367,none,0.006729552818539583,-0.012605269033462596,-3.3288230438638995,4.4214533871312245,diagnostic only,ff12,vw
rolling120,1927-07,1937-06,20000,0.7071933448195094,0.7285850697614638,0.9274364456918344,1.7623159901045475,none,0.0065579659986824525,-0.012375280404861022,-3.261945082705853,4.4214533871312245,diagnostic only,ff12,vw
rolling120,1927-08,1937-07,20000,0.7209231641925108,0.7414258585598519,0.9351480724893977,1.764410034196001,none,0.006612495434707822,-0.011773509774511304,-3.1005986423409935,4.4214533871312245,diagnostic only,ff12,vw
rolling120,1927-09,1937-08,20000,0.5862915851637613,0.606588213343314,0.8648252476761699,1.7681562971045102,none,0.006115237971731552,-0.012633373014305449,-3.3190250769269123,4.4214533871312245,diagnostic only,ff12,vw
rolling120,1927-10,1937-09,20000,0.3187772220850807,0.3351309942872535,0.7220975402645349,1.7788827639645204,none,0.005106000673991786,-0.012248814739637792,-3.202853514194254,4.4214533871312245,diagnostic only,ff12,vw
rolling120,1927-11,1937-10,20000,0.24492822832090225,0.2598529776740137,0.6808780108978827,1.7762997703832828,none,0.004814534586667008,-0.01184642146154713,-3.0999360549704833,4.4214533871312245,diagnostic only,ff12,vw
rolling120,1927-12,1937-11,20000,0.07546098619925609,0.08864213812814697,0.5909269001350406,1.7855605642960832,none,0.004178484182710329,-0.01210788326782486,-3.154529574009556,4.4214533871312245,diagnostic only,ff12,vw
rolling120,1928-01,1937-12,20000,-0.005457106399836755,0.006553728811122124,0.5477633771830301,1.788461935686764,none,0.003873271984917652,-0.011932631976978914,-3.100953214163254,4.4214533871312245,diagnostic only,ff12,vw
rolling120,1928-02,1938-01,20000,0.00240299121270617,0.014047578007438576,0.5533754070741541,1.7949487444012302,none,0.003912955028840005,-0.011483274599021764,-2.9759061141534358,4.4214533871312245,diagnostic only,ff12,vw
rolling120,1928-03,1938-02,20000,0.07393864190752163,0.08626118583504,0.5936993604069715,1.7978515112759461,none,0.004198088437298856,-0.011343997270827244,-2.9352749737323243,4.4214533871312245,diagnostic only,ff12,vw
rolling120,1928-04,1938-03,20000,-0.2511315367389991,-0.24296192746968268,0.41398464876301205,1.7946059178489147,none,0.0029273135244745688,-0.010791543471532772,-2.790821413904676,4.4214533871312245,diagnostic only,ff12,vw
rolling120,1928-05,1938-04,20000,-0.17790237084326682,-0.1691713002463982,0.4527580908475294,1.785693190517621,none,0.0032014831627536293,-0.010508869757939299,-2.727195538132686,4.4214533871312245,diagnostic only,ff12,vw
rolling120,1928-06,1938-05,20000,-0.2231140796621602,-0.2152003482973108,0.4276606121940818,1.7858629870538552,none,0.0030240171892882556,-0.010083760036946887,-2.6169597821340473,4.4214533871312245,diagnostic only,ff12,vw
rolling120,1928-07,1938-06,20000,0.0037505714643258324,0.013919957057417578,0.5572325895839939,1.803383913784513,none,0.003940229427929824,-0.010029771603081161,-2.5809120456304715,4.4214533871312245,diagnostic only,ff12,vw
rolling120,1928-08,1938-07,20000,0.06715539274838218,0.07757517421139726,0.5942011028214057,1.8116970138618156,none,0.004201636291935409,-0.00966965619882687,-2.4799341825504335,4.4214533871312245,diagnostic only,ff12,vw
rolling120,1928-09,1938-08,20000,-0.03250209946139605,-0.022886902675192104,0.5390458912436275,1.8126831827480259,none,0.0038116300506911517,-0.009840413369270107,-2.5225944434089174,4.4214533871312245,diagnostic only,ff12,vw
rolling120,1928-10,1938-09,20000,-0.05020305067197508,-0.04079380031972976,0.5286024459810702,1.8102660788788807,none,0.003737783741050104,-0.009809413612403284,-2.5173340685573895,4.4214533871312245,diagnostic only,ff12,vw
rolling120,1928-11,1938-10,20000,0.010442175430955852,0.020740478556468718,0.564804747842351,1.819795233085261,none,0.003993772672456844,-0.01008905137187921,-2.5785902128419522,4.4214533871312245,diagnostic only,ff12,vw
rolling120,1928-12,1938-11,20000,-0.11396210573129816,-0.10470615378445254,0.4931182105714655,1.8091778702697014,none,0.003486872306216591,-0.010338451432421847,-2.6545141702905455,4.4214533871312245,diagnostic only,ff12,vw
rolling120,1929-01,1938-12,20000,-0.09061075047892271,-0.08140614755549519,0.5055893281392869,1.8073457766315482,none,0.0035750564242284033,-0.010020318445342125,-2.574673468381448,4.4214533871312245,diagnostic only,ff12,vw
rolling120,1929-02,1939-01,20000,-0.18602810202442727,-0.17872587954490707,0.4486774736145628,1.7921830605817046,none,0.003172628841585056,-0.008891333962250947,-2.301631499974634,4.4214533871312245,diagnostic only,ff12,vw
rolling120,1929-03,1939-02,20000,-0.1500143894006028,-0.1424815799612895,0.46871457364101066,1.7931000940472661,none,0.0033143125346252003,-0.00878442872279428,-2.272812041899108,4.4214533871312245,diagnostic only,ff12,vw
rolling120,1929-04,1939-03,20000,-0.24165070729639093,-0.23576411414050458,0.41910316210181453,1.7982258093366579,none,0.002963506879389179,-0.007702586681422319,-1.9863605503421897,4.4214533871312245,diagnostic only,ff12,vw
rolling120,1929-05,1939-04,20000,-0.2589334637161148,-0.2534205102867408,0.409489254558377,1.7986157361827684,none,0.002895526287212527,-0.007384281922198754,-1.903955579239879,4.4214533871312245,diagnostic only,ff12,vw
rolling120,1929-06,1939-05,20000,-0.15884577398389443,-0.15330635652390384,0.4617451019205513,1.7859404307148117,none,0.0032650309274769532,-0.006542410590504089,-1.6965895830797435,4.4214533871312245,diagnostic only,ff12,vw
rolling120,1929-07,1939-06,20000,-0.2742569232675537,-0.27000070901922835,0.3958233252806607,1.7724804051815757,none,0.002798893574577638,-0.005830436140022877,-1.520677415884817,4.4214533871312245,diagnostic only,ff12,vw
rolling120,1929-08,1939-07,20000,-0.23903087057081213,-0.23444892717850704,0.4150052630160542,1.7717319370928097,none,0.0029345303570675863,-0.005985157039122169,-1.561388990667563,4.4214533871312245,diagnostic only,ff12,vw
rolling120,1929-09,1939-08,20000,-0.3431063907680359,-0.3392426247977531,0.3580172114648164,1.7708364418693046,none,0.0025315639800826983,-0.0058474806567238025,-1.5262367456170711,4.4214533871312245,diagnostic only,ff12,vw
rolling120,1929-10,1939-09,20000,-0.20598984154844324,-0.2019516613509774,0.4397592879880436,1.807303857201044,none,0.0031095677462611346,-0.005060069674854395,-1.2986307187940371,4.4214533871312245,diagnostic only,ff12,vw
rolling120,1929-11,1939-10,20000,0.0016598395649258446,0.0059022314249001315,0.5439113211480033,1.7684271619067058,none,0.0038460338354788714,-0.004217499203640118,-1.103056302011463,4.4214533871312245,diagnostic only,ff12,vw
rolling120,1929-12,1939-11,20000,0.1143708217656214,0.11854673793914682,0.6030405940859633,1.7624395374360255,none,0.0042641409340894885,-0.003733340800062712,-0.9793100739568054,4.4214533871312245,diagnostic only,ff12,vw
rolling120,1930-01,1939-12,20000,0.11988343711110931,0.1243599066201935,0.6038587562565502,1.753827945429541,none,0.004269926214278811,-0.003981349283914248,-1.048371630899543,4.4214533871312245,diagnostic only,ff12,vw
rolling120,1930-02,1940-01,20000,0.039402091661055814,0.043628583035715776,0.5598775492135833,1.7516236673333745,none,0.003958932116830297,-0.004049804157687853,-1.0675836942725567,4.4214533871312245,diagnostic only,ff12,vw
rolling120,1930-03,1940-02,20000,0.022653064646872095,0.02698519180516963,0.5491262153976915,1.7453399108054162,none,0.003882908706350124,-0.004218295641325365,-1.11569122168975,4.4214533871312245,diagnostic only,ff12,vw
rolling120,1930-04,1940-03,20000,-0.02827774465441366,-0.024094036672225417,0.5194860406154923,1.736230051275587,none,0.0036733210205096485,-0.004286999095611699,-1.138944284702833,4.4214533871312245,diagnostic only,ff12,vw
rolling120,1930-05,1940-04,20000,-0.011529777095564022,-0.007487525985885695,0.5258940761407881,1.7265575595734237,none,0.003718632674249858,-0.004072745900441821,-1.0870261904783995,4.4214533871312245,diagnostic only,ff12,vw
rolling120,1930-06,1940-05,20000,-0.2206103095267737,-0.21760207742133036,0.41560783436591225,1.732488417101378,none,0.00293879117994392,-0.003844887644293249,-1.0236290778240165,4.4214533871312245,diagnostic only,ff12,vw
rolling120,1930-07,1940-06,20000,-0.006085565675358376,-0.0021019937945471598,0.5281378682347216,1.7257923317824964,none,0.00373449868030179,-0.0039919629621858466,-1.066695217171505,4.4214533871312245,diagnostic only,ff12,vw
rolling120,1930-08,1940-07,20000,-0.021838668983055903,-0.018148969960154197,0.519435111495442,1.724564195214418,none,0.003672960897248174,-0.003757901056285373,-1.0045571205688775,4.4214533871312245,diagnostic only,ff12,vw
rolling120,1930-09,1940-08,20000,-0.017410623498297167,-0.01404438316604553,0.5212647444024625,1.7231626154815618,none,0.0036858983556045367,-0.0034141905322889743,-0.9132754100864316,4.4214533871312245,diagnostic only,ff12,vw
rolling120,1930-10,1940-09,20000,0.15063255245315332,0.15462301990859206,0.6080984045519959,1.7152814041533737,none,0.004299905054874369,-0.0034560782061617834,-0.9280361785930946,4.4214533871312245,diagnostic only,ff12,vw
rolling120,1930-11,1940-10,20000,0.3020846974877303,0.3059846523011841,0.6863830788347514,1.7120248633161828,none,0.0048534612953575335,-0.002986217951782333,-0.8035409321558203,4.4214533871312245,diagnostic only,ff12,vw
rolling120,1930-12,1940-11,20000,0.3048858731268018,0.30871476296606853,0.6875272452880431,1.7094687334631022,none,0.00486155177393682,-0.0029256870539069446,-0.7875859431948679,4.4214533871312245,diagnostic only,ff12,vw
rolling120,1931-01,1940-12,20000,0.4191465487940432,0.42327028963670604,0.7451284731741299,1.702512905915654,none,0.005268853962366057,-0.0028973701430354826,-0.7826637200646549,4.4214533871312245,diagnostic only,ff12,vw
rolling120,1931-02,1941-01,20000,0.2790906159943014,0.28303314720637246,0.6705580548259935,1.6976054378666632,none,0.004741561477467207,-0.0030728210106304443,-0.83148372762996,4.4214533871312245,diagnostic only,ff12,vw
rolling120,1931-03,1941-02,20000,0.12529317433264964,0.12826051475150135,0.5863724980251084,1.6859802193909459,none,0.004146279696548496,-0.0026300135297256944,-0.7156633502852764,4.4214533871312245,diagnostic only,ff12,vw
rolling120,1931-04,1941-03,20000,0.20047337429191475,0.20398938441600203,0.6234242252877995,1.6791191101258474,none,0.004408274972569729,-0.002920299937522186,-0.7975931959701879,4.4214533871312245,diagnostic only,ff12,vw
rolling120,1931-05,1941-04,20000,0.24853069274490644,0.251641410307564,0.6463944496243494,1.674522979836102,none,0.004570698986507237,-0.0024853105186837254,-0.6805780848488214,4.4214533871312245,diagnostic only,ff12,vw
rolling120,1931-06,1941-05,20000,0.43481275190615987,0.43872071821251074,0.7400511399849603,1.6662917325604636,none,0.005232951795082003,-0.0027162786056255106,-0.7467995998020911,4.4214533871312245,diagnostic only,ff12,vw
rolling120,1931-07,1941-06,20000,0.3248527074882549,0.32840578213264365,0.6812671824305427,1.6603032434422489,none,0.004817286444964895,-0.002674690739966845,-0.7375676503734762,4.4214533871312245,diagnostic only,ff12,vw
rolling120,1931-08,1941-07,20000,0.48130029912284306,0.4861032162708066,0.7599971601405768,1.6547566228645307,none,0.005373991456179204,-0.00323188665186791,-0.8937336776821604,4.4214533871312245,diagnostic only,ff12,vw
rolling120,1931-09,1941-08,20000,0.47143058981165187,0.4759191261476493,0.7531701606866911,1.6500477963754403,none,0.0053257172800892085,-0.0030411804119060415,-0.842804095662069,4.4214533871312245,diagnostic only,ff12,vw
rolling120,1931-10,1941-09,20000,1.0943550880968524,1.0993011505379617,1.0595875966790824,1.6309396348143619,none,0.007492415748729357,-0.0023560518889067517,-0.6601425504114737,4.4214533871312245,diagnostic only,ff12,vw
rolling120,1931-11,1941-10,20000,0.8089114556561718,0.8117690398942881,0.9137862006005065,1.6305674816802649,none,0.00646144418999309,-0.0015772342805255857,-0.44225163200229906,4.4214533871312245,diagnostic only,ff12,vw
rolling120,1931-12,1941-11,20000,0.928986646159659,0.9311996661467863,0.9683903535197446,1.6227489376462476,none,0.006847553858094494,-0.0011459301831502344,-0.3231840205990196,4.4214533871312245,diagnostic only,ff12,vw
rolling120,1932-01,1941-12,20000,1.0940550306149517,1.0959860570582611,1.0470493048761182,1.6162480143406246,none,0.00740375663714564,-0.000921297370660934,-0.26081711460115103,4.4214533871312245,diagnostic only,ff12,vw
rolling120,1932-02,1942-01,20000,1.1665236531408132,1.168514726293329,1.081075457608332,1.612844955366203,none,0.0076443578704920145,-0.0009181736828318687,-0.2604631005308687,4.4214533871312245,diagnostic only,ff12,vw
rolling120,1932-03,1942-02,20000,0.9999080395128356,1.001406654871257,0.9958643232762701,1.6100595206354984,none,0.007041824161304027,-0.0007487810409613216,-0.21281635611644154,4.4214533871312245,diagnostic only,ff12,vw
rolling120,1932-04,1942-03,20000,1.1130790494453866,1.114816801836389,1.045136023048271,1.598317218124084,none,0.007390227691597722,-0.0008217035109110427,-0.23514192843858076,4.4214533871312245,diagnostic only,ff12,vw
rolling120,1932-05,1942-04,20000,1.5141948705545545,1.5160066498266196,1.2297283989541203,1.5808882946922338,none,0.008695492899181345,-0.0007201011460721274,-0.2083584327043358,4.4214533871312245,diagnostic only,ff12,vw
rolling120,1932-06,1942-05,20000,2.503273016704619,2.5052065414404936,1.659272121614235,1.5189269845645137,none,0.011732825690272152,-0.0005516150654790719,-0.1647961699011351,4.4214533871312245,diagnostic only,ff12,vw
rolling120,1932-07,1942-06,20000,2.573662296691923,2.5768767120358835,1.675839157453553,1.5022212209422685,none,0.011849972324133576,-0.0008986654007794304,-0.27125931234572837,4.4214533871312245,diagnostic only,ff12,vw
rolling120,1932-08,1942-07,20000,1.7009675266890136,1.7022114636933159,1.2397320749754144,1.4678413556388457,none,0.008766229570695849,-0.00046034036233499886,-0.14190102988638842,4.4214533871312245,diagnostic only,ff12,vw
rolling120,1932-09,1942-08,20000,0.9629667779054815,0.9659127477085914,0.8805652173705268,1.4320636526498647,none,0.0062265363647970575,-0.0014985252049174447,-0.47313138967043084,4.4214533871312245,diagnostic only,ff12,vw
rolling120,1932-10,1942-09,20000,1.0730479478413313,1.0753557647733372,0.9202329407009877,1.4152667599373936,none,0.006507029526409065,-0.0011120102736976722,-0.3546652005557226,4.4214533871312245,diagnostic only,ff12,vw
rolling120,1932-11,1942-10,20000,1.6038894981032317,1.6050715668513535,1.1440238229168986,1.400276041347552,none,0.00808947003023497,-0.00045375672713310333,-0.1461243744897765,4.4214533871312245,diagnostic only,ff12,vw
rolling120,1932-12,1942-11,20000,1.7569519512922753,1.7576773348027412,1.2053390325771192,1.3928976577672396,none,0.008523034035641138,-0.0002630414738198361,-0.08510860187024341,4.4214533871312245,diagnostic only,ff12,vw
rolling120,1933-01,1942-12,20000,1.759179613509697,1.7596871444800217,1.2042372700612574,1.3903349418786317,none,0.008515243398178909,-0.00018390887943220413,-0.05960263806824055,4.4214533871312245,diagnostic only,ff12,vw
rolling120,1933-02,1943-01,20000,1.9244357351561476,1.923924202156436,1.2734941177106356,1.3868661347821252,none,0.009004963264343697,0.00017494742145984787,0.056805673126630984,4.4214533871312245,diagnostic only,ff12,vw
rolling120,1933-03,1943-02,20000,2.7131425536298104,2.711338293665259,1.6015239030256165,1.3721892931456905,none,0.011324484120617602,0.0004861480743028057,0.15932381072147075,4.4214533871312245,diagnostic only,ff12,vw
rolling120,1933-04,1943-03,20000,2.8232833902381294,2.820408815441609,1.6207721378744921,1.354935563619748,none,0.011460589694492714,0.0007524259667974764,0.2508225905602201,4.4214533871312245,diagnostic only,ff12,vw
rolling120,1933-05,1943-04,20000,1.7251385170903002,1.7191039876578187,1.100620832573485,1.2820571881671146,none,0.00778256454227895,0.00221930807349513,0.7753908624462791,4.4214533871312245,diagnostic only,ff12,vw
rolling120,1933-06,1943-05,20000,1.369069806313735,1.3627689348087473,0.9501562600552244,1.2727455397998428,none,0.0067186193467189785,0.0026667319906581444,0.9378223679340785,4.4214533871312245,diagnostic only,ff12,vw
rolling120,1933-07,1943-06,20000,1.1256942044617089,1.1204172116699702,0.8513588628697506,1.2701183749647562,none,0.006020016251584687,0.002488657780504777,0.8765745093046151,4.4214533871312245,diagnostic only,ff12,vw
rolling120,1933-08,1943-07,20000,1.2723406624363816,1.267498517005885,0.9066361484731356,1.2649108137223366,none,0.0064108856865420765,0.002135456933789026,0.7553005414932487,4.4214533871312245,diagnostic only,ff12,vw
rolling120,1933-09,1943-08,20000,1.0759893431217329,1.0718865494377665,0.8162359907471806,1.2480014194292823,none,0.005771660041058514,0.0019802212071309278,0.7108515842547668,4.4214533871312245,diagnostic only,ff12,vw
rolling120,1933-10,1943-09,20000,1.3899186867221793,1.3852881522539477,0.9233616333517637,1.225698215175957,none,0.006529152724305187,0.0019412893422776634,0.7092090909428607,4.4214533871312245,diagnostic only,ff12,vw
rolling120,1933-11,1943-10,20000,1.5834010094565383,1.5796094215184984,0.9965502054347583,1.2230250830327212,none,0.007046674080557646,0.0014698302411253472,0.5380677316269262,4.4214533871312245,diagnostic only,ff12,vw
rolling120,1933-12,1943-11,20000,1.2058598455193408,1.2022842853210975,0.8398159006936161,1.205274921767172,none,0.005938395183287441,0.0016235688653256641,0.6021088337647202,4.4214533871312245,diagnostic only,ff12,vw
rolling120,1934-01,1943-12,20000,1.3204101292063286,1.3155259717137504,0.8737254408245683,1.1955084963659646,none,0.006178171841022578,0.002109308015648459,0.7905506059491219,4.4214533871312245,diagnostic only,ff12,vw
rolling120,1934-02,1944-01,20000,1.0606949406893074,1.0560499365944582,0.7691686493605373,1.1856839414688911,none,0.005438843678389337,0.0022591883651148503,0.8540425813864743,4.4214533871312245,diagnostic only,ff12,vw
rolling120,1934-03,1944-02,20000,1.1143722876870765,1.110134361743361,0.7879996211563532,1.183289078447185,none,0.005571998756920878,0.002008367817968759,0.7605755364628671,4.4214533871312245,diagnostic only,ff12,vw
rolling120,1934-04,1944-03,20000,1.162413266464397,1.158593220945563,0.8054252050770007,1.1821624180690662,none,0.005695216242485129,0.0017696921688472589,0.6707463520589833,4.4214533871312245,diagnostic only,ff12,vw
rolling120,1934-05,1944-04,20000,1.1542212376386036,1.1501556636530523,0.7981731247235572,1.1742224169998206,none,0.005643936290528832,0.001890827745300916,0.7203437062841748,4.4214533871312245,diagnostic only,ff12,vw
rolling120,1934-06,1944-05,20000,1.4224082810390632,1.4185546970761744,0.8938290749924264,1.168693534229268,none,0.006320326001488438,0.0015933416629143604,0.6097128474039627,4.4214533871312245,diagnostic only,ff12,vw
rolling120,1934-07,1944-06,20000,1.4950584046748077,1.4913526887620834,0.9211467655428278,1.1693801119906682,none,0.006513491243833883,0.0014874312775705612,0.5689292844651274,4.4214533871312245,diagnostic only,ff12,vw
rolling120,1934-08,1944-07,20000,1.7538005324201809,1.7503682685830406,1.0027450957782253,1.1520623182868077,none,0.007090478570263372,0.0012479288233311348,0.4840665976390854,4.4214533871312245,diagnostic only,ff12,vw
rolling120,1934-09,1944-08,20000,1.6696463528751326,1.666222806328804,0.9689626483238496,1.1488118544193533,none,0.0068516005934626985,0.0012840436808965183,0.49967106220334756,4.4214533871312245,diagnostic only,ff12,vw
rolling120,1934-10,1944-09,20000,1.667583400771351,1.664580155050667,0.9677125836139648,1.1480277667955308,none,0.006842761301129884,0.0011270990347169718,0.4388938307972561,4.4214533871312245,diagnostic only,ff12,vw
rolling120,1934-11,1944-10,20000,1.7168850797255968,1.7130827982844345,0.9827666582760521,1.1453257818185345,none,0.006949209683910389,0.0014014616301303295,0.5471530741065012,4.4214533871312245,diagnostic only,ff12,vw
rolling120,1934-12,1944-11,20000,1.553621592208289,1.5482472688718754,0.9131064484927371,1.1334222508868919,none,0.0064566376167437935,0.0021090274095705297,0.8323718404880849,4.4214533871312245,diagnostic only,ff12,vw
rolling120,1935-01,1944-12,20000,1.6405578655972894,1.6358971225263939,0.9423468349729487,1.1326638032892833,none,0.006663398372390524,0.0017681809472245291,0.6994543640385,4.4214533871312245,diagnostic only,ff12,vw
rolling120,1935-02,1945-01,20000,1.7829554670156424,1.7774652439587184,0.9910105214821469,1.1307006132500026,none,0.007007502599672428,0.0019767027036128315,0.7834778480397114,4.4214533871312245,diagnostic only,ff12,vw
rolling120,1935-03,1945-02,20000,2.0071581302243535,2.0032220755842762,1.064764388846299,1.12569739665544,none,0.007529021197191679,0.001310610584570826,0.5227843748859995,4.4214533871312245,diagnostic only,ff12,vw
rolling120,1935-04,1945-03,20000,1.984801709307379,1.9808429882388063,1.0466043287254476,1.1054582854158663,none,0.007400610180609585,0.0013280542062068523,0.53491819890001,4.4214533871312245,diagnostic only,ff12,vw
rolling120,1935-05,1945-04,20000,1.963444358278036,1.9601269349675299,1.0375296535924372,1.1029022788044665,none,0.0073364425373734195,0.0011207030588176181,0.4521841878548831,4.4214533871312245,diagnostic only,ff12,vw
rolling120,1935-06,1945-05,20000,1.9224037663148974,1.91820344219428,1.017001258771904,1.0950339343576898,none,0.007191284865528681,0.001439352740074673,0.5840853476339993,4.4214533871312245,diagnostic only,ff12,vw
rolling120,1935-07,1945-06,20000,1.755673274571617,1.7513999758172494,0.9611489955270985,1.0979585253678332,none,0.0067963497246785,0.00155313614593533,0.6287638110868122,4.4214533871312245,diagnostic only,ff12,vw
rolling120,1935-08,1945-07,20000,1.508129525285459,1.5042235635732428,0.8680723199324979,1.0873557348370173,none,0.0061381982398460745,0.0015597496042416559,0.6363368466760502,4.4214533871312245,diagnostic only,ff12,vw
rolling120,1935-09,1945-08,20000,1.5898738427672685,1.5849175268433289,0.89675031124126,1.0873901318460693,none,0.00634098226109842,0.00191739808812863,0.7816322014250636,4.4214533871312245,diagnostic only,ff12,vw
rolling120,1935-10,1945-09,20000,1.64522468262857,1.6409710123558923,0.9108490145952287,1.0795167624299102,none,0.006440675148573708,0.0016106463315108677,0.660438568093226,4.4214533871312245,diagnostic only,ff12,vw
rolling120,1935-11,1945-10,20000,1.572824985728706,1.5700639095237028,0.8817313612111196,1.0725941910004884,none,0.006234782246972278,0.0010743220021773858,0.4428504630364658,4.4214533871312245,diagnostic only,ff12,vw
rolling120,1935-12,1945-11,20000,1.5779807296956878,1.5729724410811063,0.8778210630907871,1.0649189123673133,none,0.006207132263798797,0.0019464991286410882,0.8068603022672455,4.4214533871312245,diagnostic only,ff12,vw
rolling120,1936-01,1945-12,20000,1.5155651991710424,1.5095419883667769,0.8520047776457692,1.0574972049590656,none,0.0060245835587666,0.002400123541342003,0.9997721411799304,4.4214533871312245,diagnostic only,ff12,vw
rolling120,1936-02,1946-01,20000,1.518474657582165,1.5118795890228527,0.8479809860345937,1.050266374901754,none,0.005996131055423163,0.002625551235868606,1.0998873270702594,4.4214533871312245,diagnostic only,ff12,vw
rolling120,1936-03,1946-02,20000,1.333609452108539,1.3262161549707536,0.781962225738687,1.046603208688165,none,0.005529307924515514,0.0031782502765218545,1.3371107629954035,4.4214533871312245,diagnostic only,ff12,vw
rolling120,1936-04,1946-03,20000,1.4570422611236533,1.450921715090153,0.8248367392562002,1.0469416484126204,none,0.005832476516998593,0.002497242566262603,1.04939060031569,4.4214533871312245,diagnostic only,ff12,vw
rolling120,1936-05,1946-04,20000,1.7861775495918852,1.7804456767300638,0.9401562143417659,1.0544533665258506,none,0.006647908345357359,0.0020614942812198223,0.8622069625590335,4.4214533871312245,diagnostic only,ff12,vw
rolling120,1936-06,1946-05,20000,1.733711965471015,1.728011655219091,0.9193002413441396,1.0504964155334855,none,0.006500434346008708,0.002089547616491272,0.8769122105546655,4.4214533871312245,diagnostic only,ff12,vw
rolling120,1936-07,1946-06,20000,1.5578675236999828,1.5522192912199437,0.8602309497173918,1.0505929531538847,none,0.006082751379317117,0.002213067074396724,0.9285654020390353,4.4214533871312245,diagnostic only,ff12,vw
rolling120,1936-08,1946-07,20000,1.3232713978291137,1.317463224623252,0.7788027142337879,1.047048509316375,none,0.0055069668044120034,0.0025062633763286435,1.0546955179044057,4.4214533871312245,diagnostic only,ff12,vw
rolling120,1936-09,1946-08,20000,1.1593315454171251,1.1539425227220823,0.7240625670113564,1.0472212019264355,none,0.005119895511370691,0.002501934307992837,1.0525649758035942,4.4214533871312245,diagnostic only,ff12,vw
rolling120,1936-10,1946-09,20000,0.9267204133146757,0.9219400756453386,0.6489773849517115,1.0519113844292918,none,0.0045889630973606765,0.0024872459500238087,1.0417032274864981,4.4214533871312245,diagnostic only,ff12,vw
rolling120,1936-11,1946-10,20000,0.7755563823572263,0.7709935809658539,0.5971576564149336,1.0498486705984382,none,0.004222542282884659,0.0025764076394245716,1.080581575196289,4.4214533871312245,diagnostic only,ff12,vw
rolling120,1936-12,1946-11,20000,0.7145702629620678,0.7105362281732639,0.5745427443658314,1.0452731052601194,none,0.004062630706226085,0.002358345133158579,0.9929612314064554,4.4214533871312245,diagnostic only,ff12,vw
rolling120,1937-01,1946-12,20000,0.8205432573037962,0.8169002718093175,0.6051154007060633,1.0347321787683077,none,0.004278812032396723,0.0020050552861941018,0.8514011522114353,4.4214533871312245,diagnostic only,ff12,vw
rolling120,1937-02,1947-01,20000,0.7896529113301022,0.7861825022589366,0.5965862876928275,1.0388185828091605,none,0.0042185020959050685,0.0019429196438642826,0.8226638252791988,4.4214533871312245,diagnostic only,ff12,vw
rolling120,1937-03,1947-02,20000,0.7622150452253634,0.7585941468793118,0.5852501511783457,1.0343513177492136,none,0.0041383435058866035,0.0020589732727571697,0.8749632167801087,4.4214533871312245,diagnostic only,ff12,vw
rolling120,1937-04,1947-03,20000,0.7593099868952219,0.7557008637692042,0.5814225963976908,1.0282795483769895,none,0.004111278606478963,0.002055659480778349,0.8778590486011023,4.4214533871312245,diagnostic only,ff12,vw
rolling120,1937-05,1947-04,20000,0.7897567392763695,0.7859015829344194,0.5922763290094967,1.0304759044896943,none,0.004188026085788898,0.0021586611372033104,0.9205187033174629,4.4214533871312245,diagnostic only,ff12,vw
rolling120,1937-06,1947-05,20000,0.7908319979460272,0.7867596828267511,0.591494346051623,1.028815314452385,none,0.00418249663126605,0.002279162194231743,0.9736565210438399,4.4214533871312245,diagnostic only,ff12,vw
rolling120,1937-07,1947-06,20000,0.9627952101497919,0.9594924746349598,0.6478439013508601,1.027308023045958,none,0.004580948157955419,0.0016855055875870661,0.7209720348169477,4.4214533871312245,diagnostic only,ff12,vw
rolling120,1937-08,1947-07,20000,0.8635927309960487,0.86135142158892,0.6103109643795364,1.01663880223892,none,0.004315550215452716,0.0012041301718379582,0.5193565814860118,4.4214533871312245,diagnostic only,ff12,vw
rolling120,1937-09,1947-08,20000,0.930624785829774,0.9270875495622586,0.6267526580103951,1.0111670587761947,none,0.004431810546058435,0.0018355348039682529,0.7981469944967304,4.4214533871312245,diagnostic only,ff12,vw
rolling120,1937-10,1947-09,20000,1.1930756274929042,1.1901625907401887,0.7039984165306803,0.9962256464539022,none,0.004978020542734357,0.0013300550219565999,0.5851797371481698,4.4214533871312245,diagnostic only,ff12,vw
rolling120,1937-11,1947-10,20000,1.4436931579533547,1.4403041727609205,0.7801278787158298,0.9915003116889463,none,0.005516337132326397,0.0013887552339839626,0.6143542555755679,4.4214533871312245,diagnostic only,ff12,vw
rolling120,1937-12,1947-11,20000,1.5808262591302027,1.5765029036392755,0.8127998504913755,0.97670138175557,none,0.005747362860298636,0.001677993642010156,0.7522329102955878,4.4214533871312245,diagnostic only,ff12,vw
rolling120,1938-01,1947-12,20000,1.7899328470372116,1.7862419495199653,0.8704750776568065,0.9734797188949219,none,0.006155188302650144,0.0013246866510936428,0.5996400655455397,4.4214533871312245,diagnostic only,ff12,vw
rolling120,1938-02,1948-01,20000,1.6666431932223087,1.6630444527222092,0.827033837280597,0.9647640077588167,none,0.005848012346118418,0.0013513632851380741,0.6153784033113563,4.4214533871312245,diagnostic only,ff12,vw
rolling120,1938-03,1948-02,20000,1.4169932958771907,1.4136648209159541,0.7462604120097845,0.9616696580580646,none,0.005276857978631855,0.0013790129152952968,0.630768342584718,4.4214533871312245,diagnostic only,ff12,vw
rolling120,1938-04,1948-03,20000,2.389380740476074,2.3872185811505453,1.0228999243255255,0.938209134497613,none,0.007232994729657854,0.0006383288452540548,0.29893002917075584,4.4214533871312245,diagnostic only,ff12,vw
rolling120,1938-05,1948-04,20000,2.055706572916338,2.05318158389991,0.9235226636626028,0.941992679004254,none,0.006530291380552896,0.000827002569956159,0.3866579405549093,4.4214533871312245,diagnostic only,ff12,vw
rolling120,1938-06,1948-05,20000,2.398699754857595,2.3972123882266017,1.0266839002905235,0.9421556559724116,none,0.007259751480304824,0.0004378197360128677,0.20487845004450272,4.4214533871312245,diagnostic only,ff12,vw
rolling120,1938-07,1948-06,20000,1.754458960546725,1.7529047674255889,0.8114531905505876,0.9224443058334293,none,0.005737840536537802,0.0005645647969834133,0.27086725593699107,4.4214533871312245,diagnostic only,ff12,vw
rolling120,1938-08,1948-07,20000,1.436819725916963,1.4371639331801909,0.7116438737595202,0.909520106906233,none,0.0050320820892522005,-0.0001412327084534537,-0.06840255328167055,4.4214533871312245,diagnostic only,ff12,vw
rolling120,1938-09,1948-08,20000,1.499771353936616,1.4995488879900396,0.7247159318262458,0.9022223149443435,none,0.00512451549828266,8.900243865817004e-05,0.043412093621520154,4.4214533871312245,diagnostic only,ff12,vw
rolling120,1938-10,1948-09,20000,1.4196043648481804,1.4194462839648598,0.7020345885965148,0.9030029254438976,none,0.004964134182241037,6.533762884863847e-05,0.03184460321119348,4.4214533871312245,diagnostic only,ff12,vw
rolling120,1938-11,1948-10,20000,1.3579622697107034,1.3577961621449917,0.6753020993160053,0.8880628696730426,none,0.004775106937758587,7.045035036457037e-05,0.03478614570876014,4.4214533871312245,diagnostic only,ff12,vw
rolling120,1938-12,1948-11,20000,1.1936117596446685,1.1933410540864235,0.6303933060809889,0.8929333557998045,none,0.004457553815444741,0.00012342155258560084,0.06072962199737875,4.4214533871312245,diagnostic only,ff12,vw
rolling120,1939-01,1948-12,20000,1.1987793742007984,1.198649622119162,0.6313530936363053,0.8920435087162277,none,0.004464340538333368,5.901444247013998e-05,0.029064109362227662,4.4214533871312245,diagnostic only,ff12,vw
rolling120,1939-02,1949-01,20000,1.3301365359863724,1.329659137359617,0.6638461808923061,0.8846343612473992,none,0.004694101361737411,0.00020492209315059462,0.10170181467465059,4.4214533871312245,diagnostic only,ff12,vw
rolling120,1939-03,1949-02,20000,1.1859317604190953,1.1854680048703288,0.6216198856163558,0.8831595826829532,none,0.004395516364397312,0.00021219965139418484,0.10550650033358022,4.4214533871312245,diagnostic only,ff12,vw
rolling120,1939-04,1949-03,20000,1.5651465241536966,1.5667176799893685,0.7129683832428821,0.8639302537978475,none,0.005041447785626512,-0.0006121264710648999,-0.3116477453463619,4.4214533871312245,diagnostic only,ff12,vw
rolling120,1939-05,1949-04,20000,1.5297745396921485,1.5318348318132045,0.703337376413822,0.8639156868002416,none,0.004973346283241688,-0.0008137545526935019,-0.41426677406284257,4.4214533871312245,diagnostic only,ff12,vw
rolling120,1939-06,1949-05,20000,1.3075389394092192,1.3095523937401574,0.6413344036898914,0.8634125904258386,none,0.004534919058573529,-0.0008717941781254401,-0.4439890337472935,4.4214533871312245,diagnostic only,ff12,vw
rolling120,1939-07,1949-06,20000,1.4321712166248688,1.4341936848017953,0.6722701637469425,0.8584663955081102,none,0.004753667915748537,-0.0008308575400365337,-0.42545424139247223,4.4214533871312245,diagnostic only,ff12,vw
rolling120,1939-08,1949-07,20000,1.3338131536384188,1.3356866679271113,0.6385845016838013,0.8508854509208358,none,0.004515474315012482,-0.000802125693664002,-0.4149097432497202,4.4214533871312245,diagnostic only,ff12,vw
rolling120,1939-09,1949-08,20000,1.561051027760241,1.5625103477395772,0.6987131530077183,0.8485036519163597,none,0.004940648085959913,-0.0005694884239680897,-0.2953701526492567,4.4214533871312245,diagnostic only,ff12,vw
rolling120,1939-10,1949-09,20000,1.3064497022778756,1.3080743173133205,0.5899559634271568,0.7933987520066911,none,0.004171618623407854,-0.0007038833296043601,-0.38944476523544097,4.4214533871312245,diagnostic only,ff12,vw
rolling120,1939-11,1949-10,20000,1.379551609273879,1.381675514273371,0.6063930937873164,0.789734735069188,none,0.004287846686817015,-0.00089176925520007,-0.49533137600787686,4.4214533871312245,diagnostic only,ff12,vw
rolling120,1939-12,1949-11,20000,1.505368021711792,1.5069410257657303,0.6361582167522001,0.7872253143447131,none,0.004498317889730222,-0.0006274595364514912,-0.34968717029304497,4.4214533871312245,diagnostic only,ff12,vw
rolling120,1940-01,1949-12,20000,1.5816689810438112,1.5829391486756137,0.6573216884294701,0.7896778274570319,none,0.004647966233094693,-0.0004917528283443495,-0.2732738509928556,4.4214533871312245,diagnostic only,ff12,vw
rolling120,1940-02,1950-01,20000,1.6846197694757312,1.6857282854141271,0.6820470472854412,0.788423502733467,none,0.004822800922237973,-0.00041274314472394824,-0.22984899361790312,4.4214533871312245,diagnostic only,ff12,vw
rolling120,1940-03,1950-02,20000,1.7004659840808762,1.7017184493717221,0.6864410953971632,0.7888209244294747,none,0.004853871534404559,-0.00046358098162935235,-0.25803428911711557,4.4214533871312245,diagnostic only,ff12,vw
rolling120,1940-04,1950-03,20000,1.6699925231746726,1.6709132617088533,0.6812807978673352,0.7920168738312825,none,0.004817382720641743,-0.0003447279802683001,-0.19112837562926213,4.4214533871312245,diagnostic only,ff12,vw
rolling120,1940-05,1950-04,20000,1.7740068579358834,1.775009570576175,0.7138237753722126,0.8000789560526106,none,0.005047496321378744,-0.00036133664219528683,-0.19865544746305416,4.4214533871312245,diagnostic only,ff12,vw
rolling120,1940-06,1950-05,20000,2.7004160866313147,2.702370188640353,0.9434340607902812,0.7889159539105739,none,0.0066710862198716935,-0.00052779757546495,-0.2929211142882966,4.4214533871312245,diagnostic only,ff12,vw
rolling120,1940-07,1950-06,20000,2.245205948514994,2.247974667643761,0.8215160389917843,0.7785469457250868,none,0.005808995620246028,-0.0008524448039416432,-0.47662613466553067,4.4214533871312245,diagnostic only,ff12,vw
rolling120,1940-08,1950-07,20000,2.141159397203739,2.1455372706196485,0.8146915659469475,0.8080695124312471,none,0.005760739308565739,-0.001391772863987506,-0.7599499268088975,4.4214533871312245,diagnostic only,ff12,vw
rolling120,1940-09,1950-08,20000,2.226898295605015,2.2312853585833934,0.8357279233413111,0.8070690668803032,none,0.005909488818215922,-0.0013576835505180185,-0.7423760520293001,4.4214533871312245,diagnostic only,ff12,vw
rolling120,1940-10,1950-09,20000,2.325832629949529,2.331594256129707,0.8617775496256285,0.8074481414934859,none,0.006093687492146084,-0.0017293901169319614,-0.945507328297356,4.4214533871312245,diagnostic only,ff12,vw
rolling120,1940-11,1950-10,20000,2.2287644660470334,2.2346702307452877,0.8299062811396101,0.8016420310719452,none,0.005868323591431276,-0.0018257702569246526,-1.0063802048812913,4.4214533871312245,diagnostic only,ff12,vw
rolling120,1940-12,1950-11,20000,2.3743663352829825,2.3807542444358374,0.863075061490549,0.8060198331383401,none,0.0061028622865296365,-0.0018894923117728224,-1.0467070782433425,4.4214533871312245,diagnostic only,ff12,vw
rolling120,1941-01,1950-12,20000,2.535809963740036,2.5434748491717207,0.908839418876559,0.8120308733662648,none,0.006426465160972559,-0.0021630985848470896,-1.1927062918247509,4.4214533871312245,diagnostic only,ff12,vw
rolling120,1941-02,1951-01,20000,2.856769321830336,2.86508365792071,0.9897088913291175,0.8126762747897701,none,0.006998298684594388,-0.0021511400078846332,-1.1880510485608142,4.4214533871312245,diagnostic only,ff12,vw
rolling120,1941-03,1951-02,20000,2.9861475108611018,2.9942424042303672,1.0224322587042083,0.8124308630779741,none,0.007229687834336241,-0.0020266404864892618,-1.1196739824394772,4.4214533871312245,diagnostic only,ff12,vw
rolling120,1941-04,1951-03,20000,2.904396408199481,2.9122617606609604,1.0012508983845523,0.8126709216716205,none,0.007079912999168397,-0.0020104361473375354,-1.1109391404107942,4.4214533871312245,diagnostic only,ff12,vw
rolling120,1941-05,1951-04,20000,3.326782714166923,3.335476725393848,1.1103724637428138,0.8133483729687362,none,0.007851518987553575,-0.002005318394630695,-1.1073030888299307,4.4214533871312245,diagnostic only,ff12,vw
rolling120,1941-06,1951-05,20000,3.231939506706286,3.240193104318844,1.08267161579241,0.8108600205902806,none,0.007655644413250094,-0.0019465145594785849,-1.0781061876741482,4.4214533871312245,diagnostic only,ff12,vw
rolling120,1941-07,1951-06,20000,2.9106157621777284,2.9193470371785564,1.0044236735985992,0.8122138102404384,none,0.0071023479078587285,-0.002227737150602871,-1.229350506917128,4.4214533871312245,diagnostic only,ff12,vw
rolling120,1941-08,1951-07,20000,2.9433957504321064,2.9528465222036013,1.0155076129792253,0.8165993864118223,none,0.0071807231948417425,-0.0023908774900337493,-1.3161309125916223,4.4214533871312245,diagnostic only,ff12,vw
rolling120,1941-09,1951-08,20000,3.0854592219154138,3.095704636763106,1.0542483779633682,0.8178582189303663,none,0.00745466177112816,-0.0025015023680488024,-1.3743634737893056,4.4214533871312245,diagnostic only,ff12,vw
rolling120,1941-10,1951-09,20000,3.152005798043806,3.16146049672773,1.0702240410275676,0.8168764275074126,none,0.007567626767994629,-0.002271966462581654,-1.2493611238744182,4.4214533871312245,diagnostic only,ff12,vw
rolling120,1941-11,1951-10,20000,3.2715923009969177,3.2803635673589646,1.095811519326927,0.8115582621099054,none,0.007748557562184036,-0.0020491872300133496,-1.1319869913407015,4.4214533871312245,diagnostic only,ff12,vw
rolling120,1941-12,1951-11,20000,3.4262849728112617,3.4355001220370083,1.1313159361873844,0.8081195754622701,none,0.00799961170142507,-0.002077589667952573,-1.151949565765175,4.4214533871312245,diagnostic only,ff12,vw
rolling120,1942-01,1951-12,20000,3.844000844641139,3.852461145332563,1.2212546181309083,0.7985204724311479,none,0.008635574220357527,-0.0017435071478236752,-0.9797033150938979,4.4214533871312245,diagnostic only,ff12,vw
rolling120,1942-02,1952-01,20000,3.8187897390789884,3.8249606683961606,1.1999608803542372,0.791986077029357,none,0.008485004756570606,-0.00127895950688095,-0.7272747033398512,4.4214533871312245,diagnostic only,ff12,vw
rolling120,1942-03,1952-02,20000,3.8208164633797654,3.8278400140635753,1.1943063604470034,0.7864556497481712,none,0.008445021262863011,-0.001454801870681366,-0.8316794552899419,4.4214533871312245,diagnostic only,ff12,vw
rolling120,1942-04,1952-03,20000,4.375429578786477,4.381565976316567,1.3258672423197817,0.7816438604152415,none,0.00937529717997425,-0.0011402624360818958,-0.6545283218539185,4.4214533871312245,diagnostic only,ff12,vw
rolling120,1942-05,1952-04,20000,4.381834304355087,4.38871150781337,1.3295439469705137,0.782382362996767,none,0.009401295407883778,-0.0012762240933311686,-0.7315165793551548,4.4214533871312245,diagnostic only,ff12,vw
rolling120,1942-06,1952-05,20000,4.155049796594846,4.16109058452643,1.2616470681137502,0.7765879347700108,none,0.008921191973273587,-0.0011704479572001159,-0.677127893860011,4.4214533871312245,diagnostic only,ff12,vw
rolling120,1942-07,1952-06,20000,4.20258624160716,4.208054611817887,1.273992278124743,0.7773141775451353,none,0.009008485790413039,-0.0010499832698217526,-0.6070243477040355,4.4214533871312245,diagnostic only,ff12,vw
rolling120,1942-08,1952-07,20000,4.076359433220155,4.082543636596779,1.2426354287486452,0.776059365647389,none,0.0087867593821082,-0.0012167536215714758,-0.7038093462780592,4.4214533871312245,diagnostic only,ff12,vw
rolling120,1942-09,1952-08,20000,3.973219023633668,3.9794036570255695,1.2188273019746982,0.7768459367446161,none,0.00861841050321613,-0.0012420429870504401,-0.7176071956184289,4.4214533871312245,diagnostic only,ff12,vw
rolling120,1942-10,1952-09,20000,3.7771283012764556,3.7826051057344623,1.1707325332549658,0.7767366363708677,none,0.008278329132202916,-0.0011451508826099133,-0.6615833183899125,4.4214533871312245,diagnostic only,ff12,vw
rolling120,1942-11,1952-10,20000,3.432564132801031,3.43659376425835,1.0776810798609375,0.7700281673953108,none,0.0076203559952611015,-0.0009082714513514167,-0.5287983212103613,4.4214533871312245,diagnostic only,ff12,vw
rolling120,1942-12,1952-11,20000,3.678564208823041,3.683061016729188,1.134428285596702,0.7677695285924081,none,0.008021619335152575,-0.0009602283399862133,-0.5605860510534735,4.4214533871312245,diagnostic only,ff12,vw
rolling120,1943-01,1952-12,20000,3.557454206399931,3.5640252764641813,1.105516930326312,0.7680395184133804,none,0.007817185181502711,-0.0014397532148071601,-0.8405928619676549,4.4214533871312245,diagnostic only,ff12,vw
rolling120,1943-02,1953-01,20000,3.239333768555116,3.2445133510894193,1.0240001782800325,0.7627726347018597,none,0.007240774699980446,-0.001220300681342934,-0.7153354093889283,4.4214533871312245,diagnostic only,ff12,vw
rolling120,1943-03,1953-02,20000,2.9909200710342336,2.9956055738997716,0.9605257066808458,0.7604485314386571,none,0.006791942406980268,-0.0011726640127205368,-0.6898619842127204,4.4214533871312245,diagnostic only,ff12,vw
rolling120,1943-04,1953-03,20000,2.721691466146284,2.726476560274863,0.8916048588120717,0.7575067968366395,none,0.006304598418048902,-0.001284080028729817,-0.7589847618017838,4.4214533871312245,diagnostic only,ff12,vw
rolling120,1943-05,1953-04,20000,2.577501517962085,2.5810914802115392,0.8572707966930619,0.7577385669513738,none,0.006061819936548582,-0.0010024771132745025,-0.592225154661753,4.4214533871312245,diagnostic only,ff12,vw
rolling120,1943-06,1953-05,20000,2.3958761668781894,2.3988909574056407,0.8131215634622128,0.7572628554072353,none,0.005749637714531383,-0.000886992423479338,-0.5243444330121705,4.4214533871312245,diagnostic only,ff12,vw
rolling120,1943-07,1953-06,20000,2.2671327140612565,2.2702240361927246,0.7804294971663992,0.755502091611219,none,0.005518469896843683,-0.0009452936854648097,-0.5601774022970061,4.4214533871312245,diagnostic only,ff12,vw
rolling120,1943-08,1953-07,20000,2.4962954555122727,2.499247447508541,0.828976219783086,0.7513099238142305,none,0.005861747064510099,-0.0008436076729497755,-0.5036027593447315,4.4214533871312245,diagnostic only,ff12,vw
rolling120,1943-09,1953-08,20000,2.3186959262509554,2.32140976909572,0.7912046334952395,0.7546793124341984,none,0.0055946616165070085,-0.0008170755894125747,-0.4850772094522106,4.4214533871312245,diagnostic only,ff12,vw
rolling120,1943-10,1953-09,20000,2.251121320933529,2.2537965214190656,0.7756779266669775,0.7550852822615323,none,0.005484871219629413,-0.0008221781749185864,-0.4877417132352198,4.4214533871312245,diagnostic only,ff12,vw
rolling120,1943-11,1953-10,20000,2.421937161114893,2.42364650185725,0.8186452851090923,0.7571272619172278,none,0.0057886963248703375,-0.0004992748934300462,-0.2952894134406412,4.4214533871312245,diagnostic only,ff12,vw
rolling120,1943-12,1953-11,20000,2.752962774392768,2.7557702899584315,0.8979609773802595,0.7571597539821123,none,0.0063495429634648146,-0.0007475205747193847,-0.4421602596939855,4.4214533871312245,diagnostic only,ff12,vw
rolling120,1944-01,1953-12,20000,2.5218471716501614,2.5248355277748074,0.8417141611032286,0.7564800375424932,none,0.00595181791136839,-0.0008478001600638052,-0.5020913222056097,4.4214533871312245,diagnostic only,ff12,vw
rolling120,1944-02,1954-01,20000,2.6429733448032398,2.644954974220292,0.8719621618493323,0.7572145205781573,none,0.006165703575817447,-0.0005436636202826861,-0.32139550542523776,4.4214533871312245,diagnostic only,ff12,vw
rolling120,1944-03,1954-02,20000,2.689381410623426,2.691515060282728,0.8821926110466913,0.756733390815037,none,0.006238043775837818,-0.0005779875266548329,-0.3420382632719673,4.4214533871312245,diagnostic only,ff12,vw
rolling120,1944-04,1954-03,20000,2.7135365398226083,2.7150214020190684,0.891875225963069,0.7607944543252906,none,0.006306510202507705,-0.00039969142456430795,-0.2354491071574909,4.4214533871312245,diagnostic only,ff12,vw
rolling120,1944-05,1954-04,20000,2.919398926432313,2.9227391691384965,0.9470492049495925,0.7656438857284769,none,0.006696649149371853,-0.0008515077251279868,-0.4987931473902931,4.4214533871312245,diagnostic only,ff12,vw
rolling120,1944-06,1954-05,20000,2.8449972681567983,2.847677605386143,0.9299486760470286,0.7660809456364704,none,0.0065757301498830575,-0.0006966116978180947,-0.4076105874558058,4.4214533871312245,diagnostic only,ff12,vw
rolling120,1944-07,1954-06,20000,2.6985241991372013,2.699246732949835,0.9012860541187422,0.7739115350955792,none,0.006373054806562283,-0.0001953191730084125,-0.11337323066636365,4.4214533871312245,diagnostic only,ff12,vw
rolling120,1944-08,1954-07,20000,2.9523947796271037,2.9525004043851255,0.966980611220748,0.776276524116783,none,0.006837585474701034,-2.67235287071399e-05,-0.015447669124224172,4.4214533871312245,diagnostic only,ff12,vw
rolling120,1944-09,1954-08,20000,2.7984914782561003,2.798421087655938,0.9293215004694981,0.7765755680390773,none,0.006571295348844394,1.85315420639931e-05,0.010711830229154087,4.4214533871312245,diagnostic only,ff12,vw
rolling120,1944-10,1954-09,20000,3.0160758344301457,3.013978327916126,0.9905933003273798,0.7859291954150202,none,0.007004552400594524,0.0005225505328296798,0.2994490431453695,4.4214533871312245,diagnostic only,ff12,vw
rolling120,1944-11,1954-10,20000,2.9405888927490667,2.938651210859882,0.9729953682616631,0.7868428736325447,none,0.00688011622960924,0.0004919658495887713,0.2816350515774034,4.4214533871312245,diagnostic only,ff12,vw
rolling120,1944-12,1954-11,20000,3.239306699496392,3.2380384876175725,1.0546159568941877,0.7911057692948754,none,0.0074572609466741985,0.00029924501217371,0.17006403395136982,4.4214533871312245,diagnostic only,ff12,vw
rolling120,1945-01,1954-12,20000,3.3066129673708833,3.3050076206284507,1.072113537649866,0.7910028511365603,none,0.007580987526741192,0.00037290218366625716,0.21175958102686743,4.4214533871312245,diagnostic only,ff12,vw
rolling120,1945-02,1955-01,20000,3.2490093848862447,3.2464279459228322,1.0563923445857528,0.7900008705967807,none,0.007469821904501418,0.0006079083399710417,0.3455823976013192,4.4214533871312245,diagnostic only,ff12,vw
rolling120,1945-03,1955-02,20000,3.1227605999427976,3.1191308974059844,1.0246752908788876,0.7898257893667866,none,0.007245548466947595,0.0008811816441907094,0.5009562151672963,4.4214533871312245,diagnostic only,ff12,vw
rolling120,1945-04,1955-03,20000,3.2814032158540094,3.277772284291979,1.0650282172837549,0.7914452620676558,none,0.007530886745963628,0.000848790286328116,0.4821386490742962,4.4214533871312245,diagnostic only,ff12,vw
rolling120,1945-05,1955-04,20000,3.0952900223576063,3.0918225008519444,1.0203807303500818,0.793007026931986,none,0.007215181338226248,0.0008474271562217695,0.48058688245170517,4.4214533871312245,diagnostic only,ff12,vw
rolling120,1945-06,1955-05,20000,3.0592751478525364,3.0555579486874285,1.011081654237676,0.7927734333926655,none,0.007149426940447728,0.0009165691162942302,0.5199296665412382,4.4214533871312245,diagnostic only,ff12,vw
rolling120,1945-07,1955-06,20000,3.246328091757645,3.242696594675066,1.0623751902206717,0.7978541769927073,none,0.007512127011693853,0.0008559407917918538,0.4834179556503797,4.4214533871312245,diagnostic only,ff12,vw
rolling120,1945-08,1955-07,20000,3.415866995340153,3.4119261930722597,1.1294142971104875,0.8405267929202023,none,0.007986165082558639,0.0008932158189955963,0.49345364479123593,4.4214533871312245,diagnostic only,ff12,vw
rolling120,1945-09,1955-08,20000,3.1480729871283826,3.1469316435126204,1.0554599035169685,0.8383196584122848,none,0.0074632285504734755,0.00027522604997543,0.15292893793125453,4.4214533871312245,diagnostic only,ff12,vw
rolling120,1945-10,1955-09,20000,2.939438682574474,2.93863058207975,1.0105992503689643,0.8487670876587917,none,0.007146015829979362,0.00020517295996236307,0.11308406165763134,4.4214533871312245,diagnostic only,ff12,vw
rolling120,1945-11,1955-10,20000,2.6979635475235453,2.696952553368163,0.9455974131766476,0.8474624720215224,none,0.006686383431296651,0.00027346690031526677,0.151201941344001,4.4214533871312245,diagnostic only,ff12,vw
rolling120,1945-12,1955-11,20000,2.736322802688154,2.737486878450149,0.9573150189847166,0.8475454774399158,none,0.006769239416558216,-0.00031145949132471706,-0.17196551789077258,4.4214533871312245,diagnostic only,ff12,vw
rolling120,1946-01,1955-12,20000,2.7389343933790715,2.740463928527009,0.9622995973094248,0.8501186973884384,none,0.0068044857079057825,-0.0004089158930988823,-0.22478335815453981,4.4214533871312245,diagnostic only,ff12,vw
rolling120,1946-02,1956-01,20000,2.3990247942566048,2.4002675173598322,0.8738002597223922,0.8510564934055078,none,0.0061787008905226995,-0.00036547803867870154,-0.20113016073227533,4.4214533871312245,diagnostic only,ff12,vw
rolling120,1946-03,1956-02,20000,2.7421695236273225,2.7438705269338186,0.9632109638200472,0.8520377377403717,none,0.006810930042303856,-0.00045434351809414686,-0.2497461133693808,4.4214533871312245,diagnostic only,ff12,vw
rolling120,1946-04,1956-03,20000,2.717835688618217,2.7192956237392925,0.9533325990703523,0.8486685247188661,none,0.006741079455288422,-0.00039253000265881965,-0.21657289915638225,4.4214533871312245,diagnostic only,ff12,vw
rolling120,1946-05,1956-04,20000,2.5547702178544527,2.5545804881687615,0.904776024030788,0.8390585842555881,none,0.006397732620471729,5.337611184286217e-05,0.029655769777576037,4.4214533871312245,diagnostic only,ff12,vw
rolling120,1946-06,1956-05,20000,2.2751019836843906,2.275172816197478,0.8356536868385585,0.8410145861247944,none,0.005908963886870842,-2.1627107045230076e-05,-0.011987298356105064,4.4214533871312245,diagnostic only,ff12,vw
rolling120,1946-07,1956-06,20000,2.518115634645088,2.5182492761740973,0.8978890810580953,0.8416426503300248,none,0.006349034579695368,-3.7985235984971943e-05,-0.02104911027525412,4.4214533871312245,diagnostic only,ff12,vw
rolling120,1946-08,1956-07,20000,2.7690905113382476,2.7684404518833627,0.9615379859511869,0.8415343233588768,none,0.006799100302345395,0.00017250092264564643,0.09560962862403873,4.4214533871312245,diagnostic only,ff12,vw
rolling120,1946-09,1956-08,20000,2.917627245917983,2.91681613034495,0.9985926592949266,0.8414464798304534,none,0.007061116410305502,0.00020708543522096612,0.11487072665297492,4.4214533871312245,diagnostic only,ff12,vw
rolling120,1946-10,1956-09,20000,3.1566901942817567,3.1565738525670826,1.0521301439909516,0.8376337612984617,none,0.007439683595067806,2.79898105508547e-05,0.015637992286560022,4.4214533871312245,diagnostic only,ff12,vw
rolling120,1946-11,1956-10,20000,3.252911656774585,3.253597644489388,1.0748194871241274,0.836674754532581,none,0.0076001214789691756,-0.00016127235628216052,-0.09026009869728384,4.4214533871312245,diagnostic only,ff12,vw
rolling120,1946-12,1956-11,20000,3.2568492118680648,3.255869599967075,1.0756310478307323,0.8379702135127863,none,0.007605860079759024,0.00023017902169697457,0.12879699215042326,4.4214533871312245,diagnostic only,ff12,vw
rolling120,1947-01,1956-12,20000,3.1580137753728117,3.157848123370977,1.0514234737649766,0.8384554166182235,none,0.007434686681979309,3.984080152030778e-05,0.022280966087815587,4.4214533871312245,diagnostic only,ff12,vw
rolling120,1947-02,1957-01,20000,3.0167867324885043,3.018359951203567,1.0146246575963935,0.8339221143909594,none,0.007174479757454887,-0.0003915076633668191,-0.21927983188298017,4.4214533871312245,diagnostic only,ff12,vw
rolling120,1947-03,1957-02,20000,3.0197802648316188,3.0219942014700605,1.014706855070283,0.8333784429889132,none,0.007175060981366723,-0.0005504574416423935,-0.3085599751961969,4.4214533871312245,diagnostic only,ff12,vw
rolling120,1947-04,1957-03,20000,3.2124934922259536,3.215094200847486,1.0647847046076486,0.8346070607285401,none,0.007529164851317832,-0.0006169989323154823,-0.3454179411514777,4.4214533871312245,diagnostic only,ff12,vw
rolling120,1947-05,1957-04,20000,3.618455664080395,3.622613970669314,1.1669579012712195,0.8332669827775503,none,0.008251638453481008,-0.0008995573965949744,-0.5039370801764607,4.4214533871312245,diagnostic only,ff12,vw
rolling120,1947-06,1957-05,20000,3.8098410443027446,3.815523109806078,1.2171030100205582,0.8342767727602127,none,0.008606217917880951,-0.0011799477177800721,-0.6602279372368277,4.4214533871312245,diagnostic only,ff12,vw
rolling120,1947-07,1957-06,20000,3.567813696205428,3.569653142601995,1.1559222704294743,0.8387316504011081,none,0.008173604759452315,-0.0004025352338927757,-0.22504714268689466,4.4214533871312245,diagnostic only,ff12,vw
rolling120,1947-08,1957-07,20000,3.4504149340675467,3.45198737749081,1.1250838972868,0.8381697804671944,none,0.007955544531752854,-0.00035320033278019025,-0.19765377680776927,4.4214533871312245,diagnostic only,ff12,vw
rolling120,1947-09,1957-08,20000,3.3509631858890208,3.3518904952988597,1.102117031702673,0.8395650442781156,none,0.0077931442677814915,-0.00021308197226943548,-0.11899040720607172,4.4214533871312245,diagnostic only,ff12,vw
rolling120,1947-10,1957-09,20000,3.178582642029372,3.179214086941192,1.0638973373018918,0.8433363739813843,none,0.007522890216924793,-0.00015109178392958,-0.083936478349703,4.4214533871312245,diagnostic only,ff12,vw
rolling120,1947-11,1957-10,20000,2.943950053716085,2.9447980672136187,1.0059672228460421,0.8442026526257504,none,0.007113262449258351,-0.0002149700651553621,-0.11921583149545305,4.4214533871312245,diagnostic only,ff12,vw
rolling120,1947-12,1957-11,20000,3.1512725055652537,3.1528227535613222,1.0661609720426155,0.8473995881649341,none,0.007538896531677745,-0.0003732998223289208,-0.2056332766412845,4.4214533871312245,diagnostic only,ff12,vw
rolling120,1948-01,1957-12,20000,2.9429548072064646,2.943200803184103,1.0172549499000798,0.8485095704304252,none,0.007193078732699281,-6.238484670617606e-05,-0.034198983047399344,4.4214533871312245,diagnostic only,ff12,vw
rolling120,1948-02,1958-01,20000,3.3126594666084808,3.312605484747837,1.1143694003280722,0.8502464262900484,none,0.007879781597187663,1.2517226728681052e-05,0.006850679803489176,4.4214533871312245,diagnostic only,ff12,vw
rolling120,1948-03,1958-02,20000,3.486565697278518,3.4860504480128975,1.1637985287797954,0.8529619067276968,none,0.008229298316351207,0.0001148558785932785,0.0626115673309421,4.4214533871312245,diagnostic only,ff12,vw
rolling120,1948-04,1958-03,20000,3.3072800388070624,3.3076400172523437,1.117305922596786,0.8540893997340993,none,0.007900545945280791,-8.356743921011933e-05,-0.045563743034272734,4.4214533871312245,diagnostic only,ff12,vw
rolling120,1948-05,1958-04,20000,3.3207752535875805,3.3215698932125735,1.1176380705513504,0.8494619878252065,none,0.00790289458599109,-0.0001838775363186551,-0.10055045228637295,4.4214533871312245,diagnostic only,ff12,vw
rolling120,1948-06,1958-05,20000,3.105898179918499,3.1066875989014884,1.0549089262017597,0.8433799900886559,none,0.007459332552514835,-0.00019222766864468444,-0.1058297076087858,4.4214533871312245,diagnostic only,ff12,vw
rolling120,1948-07,1958-06,20000,3.2317652641639794,3.2320959906811595,1.0851868650432837,0.8419261108164053,none,0.007673429911266766,-7.814721544807668e-05,-0.04310021998044647,4.4214533871312245,diagnostic only,ff12,vw
rolling120,1948-08,1958-07,20000,3.6370865321493677,3.638846470515154,1.1952668050640134,0.8458433800556581,none,0.00845181263187943,-0.0003793913803726845,-0.20823206126789082,4.4214533871312245,diagnostic only,ff12,vw
rolling120,1948-09,1958-08,20000,3.727669512208423,3.7280876468036253,1.2187378707975058,0.8461314479541245,none,0.008617778129297708,-8.843630373156497e-05,-0.04852000004279775,4.4214533871312245,diagnostic only,ff12,vw
rolling120,1948-10,1958-09,20000,4.106902692107491,4.1062262838770405,1.3229824006760145,0.8503757369768752,none,0.009354898269084679,0.00013246734336602728,0.07230524704752972,4.4214533871312245,diagnostic only,ff12,vw
rolling120,1948-11,1958-10,20000,3.964170413403189,3.9634026703648626,1.2835961515002552,0.8493421337559357,none,0.009076395430307855,0.00015468078842584276,0.08458677723129639,4.4214533871312245,diagnostic only,ff12,vw
rolling120,1948-12,1958-11,20000,4.633116786985266,4.631268602827091,1.4477021689646417,0.8443830304019829,none,0.01023680020813371,0.0003282003201279249,0.18054315026157253,4.4214533871312245,diagnostic only,ff12,vw
rolling120,1949-01,1958-12,20000,4.750088816735337,4.747065588607675,1.4894358166586235,0.8540505013852654,none,0.01053190166101436,0.0005260472637820257,0.28705434450202966,4.4214533871312245,diagnostic only,ff12,vw
rolling120,1949-02,1959-01,20000,4.754222132628656,4.754094534447357,1.490406614333781,0.8536580399187977,none,0.010538766237207,2.2175197250451362e-05,0.012107506555052421,4.4214533871312245,diagnostic only,ff12,vw
rolling120,1949-03,1959-02,20000,5.010392518658906,5.010692528135576,1.5666271180962643,0.8533371130262056,none,0.011077726587966066,-4.99126307436093e-05,-0.02708222434341447,4.4214533871312245,diagnostic only,ff12,vw
rolling120,1949-04,1959-03,20000,4.787114802933183,4.785871729424518,1.510146703513818,0.8543273470361692,none,0.010678349746411313,0.0002148463648687926,0.1164106381777161,4.4214533871312245,diagnostic only,ff12,vw
rolling120,1949-05,1959-04,20000,5.133930852891782,5.13156877593471,1.6110908634037429,0.8604897575874112,none,0.011392132746204762,0.0003852320741053461,0.20734282242799382,4.4214533871312245,diagnostic only,ff12,vw
rolling120,1949-06,1959-05,20000,5.392157042987725,5.392971147032595,1.6840146652216157,0.8629142437147237,none,0.01190778189395798,-0.00012734361318811338,-0.06836739639005872,4.4214533871312245,diagnostic only,ff12,vw
rolling120,1949-07,1959-06,20000,5.406028970149948,5.407886788081726,1.6940810942075877,0.8661709913382228,none,0.011978962295941116,-0.00028992677199490835,-0.15509005587296418,4.4214533871312245,diagnostic only,ff12,vw
rolling120,1949-08,1959-07,20000,5.258196485118537,5.258735694774874,1.6589631972267476,0.8681735771584813,none,0.01173064126497949,-8.61531278252281e-05,-0.04596591474895161,4.4214533871312245,diagnostic only,ff12,vw
rolling120,1949-09,1959-08,20000,5.0553428664939455,5.05625198732771,1.6070299127976666,0.8689756174876005,none,0.011363417489088562,-0.0001501127819097947,-0.08000417432848322,4.4214533871312245,diagnostic only,ff12,vw
rolling120,1949-10,1959-09,20000,4.624399709035076,4.624647463735415,1.4933303605505919,0.8693726626644857,none,0.010559440244970755,-4.404804068802726e-05,-0.02346286304868805,4.4214533871312245,diagnostic only,ff12,vw
rolling120,1949-11,1959-10,20000,4.5268420555953055,4.528293176468448,1.466513873885864,0.8686190682018479,none,0.010369819049288478,-0.00026248985479271347,-0.13993695225014438,4.4214533871312245,diagnostic only,ff12,vw
rolling120,1949-12,1959-11,20000,4.491051936333796,4.492285997786132,1.4607189604159851,0.8724936325260628,none,0.010328842823179071,-0.00022468994747060211,-0.11947722251775125,4.4214533871312245,diagnostic only,ff12,vw
rolling120,1950-01,1959-12,20000,4.320194957124007,4.321470066611338,1.4117704323408393,0.8708084324111748,none,0.009982724461868714,-0.00023961602177047236,-0.12773161196648802,4.4214533871312245,diagnostic only,ff12,vw
rolling120,1950-02,1960-01,20000,3.909415165804742,3.90748712326646,1.3121130475891813,0.8769305153901528,none,0.009278040336336573,0.00039287775797536284,0.20780708731467382,4.4214533871312245,diagnostic only,ff12,vw
rolling120,1950-03,1960-02,20000,3.897642022647235,3.8957566225256723,1.3163549291569627,0.8816791444137275,none,0.009308034968552257,0.00038510903766897364,0.20255619235774477,4.4214533871312245,diagnostic only,ff12,vw
rolling120,1950-04,1960-03,20000,3.8022803807911543,3.800665173345383,1.2895246932680318,0.8806458848426358,none,0.009118316551173278,0.0003364549260256311,0.1771387773945552,4.4214533871312245,diagnostic only,ff12,vw
rolling120,1950-05,1960-04,20000,3.587682221641753,3.5860163383687382,1.2252279017487113,0.8752238316026729,none,0.008663669578254787,0.0003632527994017476,0.19228379590976194,4.4214533871312245,diagnostic only,ff12,vw
rolling120,1950-06,1960-05,20000,3.5751806146808276,3.571550919319834,1.2327528381538144,0.8845915618061159,none,0.008716878913855246,0.0007939746105976031,0.41639850649117943,4.4214533871312245,diagnostic only,ff12,vw
rolling120,1950-07,1960-06,20000,3.975589161937724,3.972468293025945,1.3416010272920116,0.88507232920078,none,0.009486551840450198,0.0006276297258960284,0.3289782171928635,4.4214533871312245,diagnostic only,ff12,vw
rolling120,1950-08,1960-07,20000,3.888941679315197,3.8819933445009855,1.2884812896686129,0.8596413069556841,none,0.009110938573566643,0.0014232577400044022,0.7626365558396437,4.4214533871312245,diagnostic only,ff12,vw
rolling120,1950-09,1960-08,20000,3.8265020714501516,3.819879590693133,1.270753357132176,0.8585897548206337,none,0.008985583160437323,0.0013739929872536027,0.7370117930883915,4.4214533871312245,diagnostic only,ff12,vw
rolling120,1950-10,1960-09,20000,3.309157070706336,3.301707265422035,1.1338751227815596,0.8595071763099307,none,0.0080177078833757,0.0017318252555640345,0.9291689585932185,4.4214533871312245,diagnostic only,ff12,vw
rolling120,1950-11,1960-10,20000,3.3020701970253454,3.294582314245022,1.1334419649798881,0.8604238140336163,none,0.008014644995186842,0.0017435648527417413,0.9342750408558483,4.4214533871312245,diagnostic only,ff12,vw
rolling120,1950-12,1960-11,20000,3.4199166742449436,3.411998632609529,1.1614281589260071,0.858178269513051,none,0.008212537270375868,0.0017946609450174567,0.964140724691332,4.4214533871312245,diagnostic only,ff12,vw
rolling120,1951-01,1960-12,20000,3.401156585949757,3.3915529728234404,1.1552826098334201,0.857306687473988,none,0.008169081676001038,0.00218683759156435,1.1756049831806596,4.4214533871312245,diagnostic only,ff12,vw
rolling120,1951-02,1961-01,20000,3.4434986378467816,3.4337911334903213,1.1647238376642328,0.8559790176938683,none,0.008235841238219986,0.0021894365485859435,1.1786900786055425,4.4214533871312245,diagnostic only,ff12,vw
rolling120,1951-03,1961-02,20000,3.5441837821348674,3.535167909001877,1.1928728308553522,0.8567543981761646,none,0.008434884677910131,0.0019879910322824212,1.06887924106443,4.4214533871312245,diagnostic only,ff12,vw
rolling120,1951-04,1961-03,20000,3.7732626417465567,3.762558583881618,1.252657539080208,0.8568563166917476,none,0.008857626403880676,0.0022475435580291414,1.2084566877023666,4.4214533871312245,diagnostic only,ff12,vw
rolling120,1951-05,1961-04,20000,3.5918463264899017,3.582540010818139,1.1971013782645006,0.8509631068656599,none,0.008464785023385907,0.0020308203855925466,1.0994154778947978,4.4214533871312245,diagnostic only,ff12,vw
rolling120,1951-06,1961-05,20000,3.8071105996242,3.7971654993677175,1.2526737976490594,0.8504210423900486,none,0.00885774136932355,0.002073120107653814,1.1227580307237859,4.4214533871312245,diagnostic only,ff12,vw
rolling120,1951-07,1961-06,20000,3.7932335661559256,3.7828934545683515,1.2442347753233816,0.8487563140504389,none,0.008798068470192835,0.0021618946116597204,1.1752706429377733,4.4214533871312245,diagnostic only,ff12,vw
rolling120,1951-08,1961-07,20000,3.6386865128942745,3.6267405406508217,1.1957866166654658,0.842577753938743,none,0.008455488254962696,0.002581941247514319,1.4128069111137844,4.4214533871312245,diagnostic only,ff12,vw
rolling120,1951-09,1961-08,20000,3.6212897179878842,3.6088630447473093,1.1909743803546773,0.843255366612038,none,0.008421460605682388,0.002696255696887695,1.4755959592318206,4.4214533871312245,diagnostic only,ff12,vw
rolling120,1951-10,1961-09,20000,3.514923605297921,3.5050223276072687,1.1691433340096367,0.8462438776000142,none,0.008267091796572628,0.0021978309918635475,1.1976736117478801,4.4214533871312245,diagnostic only,ff12,vw
rolling120,1951-11,1961-10,20000,3.792306995615922,3.781259103403878,1.2412878402985354,0.8475497478437656,none,0.008777230492794986,0.002310665867109929,1.2586991102846417,4.4214533871312245,diagnostic only,ff12,vw
rolling120,1951-12,1961-11,20000,3.9784371626813146,3.9650186428615797,1.2931914621968457,0.8503000062809646,none,0.009144244522919363,0.002702612172267971,1.467427930880725,4.4214533871312245,diagnostic only,ff12,vw
rolling120,1952-01,1961-12,20000,3.7947925009979837,3.7815529190398793,1.2471944279010223,0.8511978476409574,none,0.008818996374268894,0.0027688874686266907,1.5012572175143855,4.4214533871312245,diagnostic only,ff12,vw
rolling120,1952-02,1962-01,20000,3.5656298282085235,3.5546937980665927,1.1896664976178888,0.8518971850820293,none,0.008412212478160588,0.002401046179344224,1.3000182972461074,4.4214533871312245,diagnostic only,ff12,vw
rolling120,1952-03,1962-02,20000,3.759621768189645,3.7483371656422273,1.2408260901436283,0.852031646291095,none,0.008773965426137498,0.0023765377549576083,1.2861462291384171,4.4214533871312245,diagnostic only,ff12,vw
rolling120,1952-04,1962-03,20000,3.550435746741308,3.5406782786979285,1.1822100323432658,0.84888949576599,none,0.00835948730656691,0.0021489009889019695,1.167232832055922,4.4214533871312245,diagnostic only,ff12,vw
rolling120,1952-05,1962-04,20000,3.4171607547386316,3.4077828734201754,1.151073210281899,0.8498986409113111,none,0.008139316726324996,0.002127573337381561,1.1521705855388693,4.4214533871312245,diagnostic only,ff12,vw
rolling120,1952-06,1962-05,20000,2.918679137071014,2.9118997273850895,1.0252218844192251,0.8527706955763681,none,0.007249413466936849,0.0017330223570062309,0.9351666471838259,4.4214533871312245,diagnostic only,ff12,vw
rolling120,1952-07,1962-06,20000,2.453139947032954,2.4472924780100227,0.9058338967680033,0.8551074562259707,none,0.0064052129103329015,0.0016962497554913192,0.9129234429503771,4.4214533871312245,diagnostic only,ff12,vw
rolling120,1952-08,1962-07,20000,2.6538119410855616,2.647854558249834,0.9586248537655057,0.8561797611240267,none,0.006778501347115515,0.0016331196160916939,0.8788642991511132,4.4214533871312245,diagnostic only,ff12,vw
rolling120,1952-09,1962-08,20000,2.7355981808648266,2.728164735996204,0.9856019121174273,0.8553990178829036,none,0.006969257956086605,0.00199386169737914,1.0666049263007442,4.4214533871312245,diagnostic only,ff12,vw
rolling120,1952-10,1962-09,20000,2.5991634271213644,2.5920598362681764,0.9512644807278554,0.8565773508133533,none,0.006726455650245664,0.0019775814371087996,1.0560674480814536,4.4214533871312245,diagnostic only,ff12,vw
rolling120,1952-11,1962-10,20000,2.644804942072647,2.6374644518429036,0.9652496073079809,0.8581216234486921,none,0.006825345428651253,0.002018023908391564,1.07547527176132,4.4214533871312245,diagnostic only,ff12,vw
rolling120,1952-12,1962-11,20000,2.831106149421822,2.823665380206632,1.0180637431462956,0.8604061316552449,none,0.007198797764589051,0.00194597813231967,1.0336127584791048,4.4214533871312245,diagnostic only,ff12,vw
rolling120,1953-01,1962-12,20000,2.7868385959328683,2.7780106012690235,1.0048103174048322,0.8597183779668778,none,0.00710508189243164,0.0023366781080178534,1.2424902059536254,4.4214533871312245,diagnostic only,ff12,vw
rolling120,1953-02,1963-01,20000,2.9949269025483662,2.9856702917875415,1.0578569575265824,0.8588440917866269,none,0.00748017828192416,0.0023224727795216893,1.2374853127756755,4.4214533871312245,diagnostic only,ff12,vw
rolling120,1953-03,1963-02,20000,2.909619378606939,2.90000764858387,1.0359861098794605,0.8592333612696993,none,0.007325528035108382,0.002464541326363534,1.3120869890884927,4.4214533871312245,diagnostic only,ff12,vw
rolling120,1953-04,1963-03,20000,3.076677691504123,3.0667843994871227,1.0812943886287538,0.860582404653559,none,0.007645905946583539,0.0024327062969575763,1.2939332612927263,4.4214533871312245,diagnostic only,ff12,vw
rolling120,1953-05,1963-04,20000,3.3951096051841154,3.38464377009368,1.1655970403141926,0.8605466349209896,none,0.008242015713371352,0.0023869293924903,1.2698149887601249,4.4214533871312245,diagnostic only,ff12,vw
rolling120,1953-06,1963-05,20000,3.463643762713833,3.4528878178776345,1.1885988889345116,0.8644134366547346,none,0.008404663344763892,0.002415498722652565,1.279759152149645,4.4214533871312245,diagnostic only,ff12,vw
rolling120,1953-07,1963-06,20000,3.468566292096737,3.4576934872341827,1.1904668338549647,0.8646568117490949,none,0.008417871709965245,0.002439110022636415,1.2916334718766183,4.4214533871312245,diagnostic only,ff12,vw
rolling120,1953-08,1963-07,20000,3.3516366208298742,3.340716337359865,1.1595011814530878,0.8648983382448109,none,0.00819891148199292,0.002515779106784688,1.3319186935964917,4.4214533871312245,diagnostic only,ff12,vw
rolling120,1953-09,1963-08,20000,3.7743136290418886,3.7618050901318414,1.2673326727975998,0.8626162414143114,none,0.008961395269544547,0.0026268481538584965,1.3958249283521393,4.4214533871312245,diagnostic only,ff12,vw
rolling120,1953-10,1963-09,20000,3.6811809014928905,3.6707890387265403,1.24471404029064,0.8636826741024914,none,0.00880145738527617,0.002224862369117675,1.180697958469307,4.4214533871312245,diagnostic only,ff12,vw
rolling120,1953-11,1963-10,20000,3.630485378478034,3.6175102183700654,1.234974164553527,0.8686853529131937,none,0.008732586063459901,0.0028099905564580308,1.48583249150685,4.4214533871312245,diagnostic only,ff12,vw
rolling120,1953-12,1963-11,20000,3.456637124565142,3.444124564181778,1.1895790709276406,0.8690726849809277,none,0.008411594278105276,0.0028155287284723496,1.4875373169070945,4.4214533871312245,diagnostic only,ff12,vw
rolling120,1954-01,1963-12,20000,3.5559600698035743,3.5427115110808165,1.2164419247156728,0.8695434443259501,none,0.008601543338860679,0.0029164428976924395,1.5402536731870502,4.4214533871312245,diagnostic only,ff12,vw
rolling120,1954-02,1964-01,20000,3.443402100026527,3.430495903336026,1.1844034390103126,0.8682012809230012,none,0.008374997033848594,0.002913036592762097,1.5410389565917286,4.4214533871312245,diagnostic only,ff12,vw
rolling120,1954-03,1964-02,20000,3.47021599202215,3.4560184915647616,1.1915818634567161,0.8685747316294415,none,0.008425756159891468,0.003186140381657765,1.6850120259795283,4.4214533871312245,diagnostic only,ff12,vw
rolling120,1954-04,1964-03,20000,3.3946068156816915,3.382798036955415,1.1698074123515514,0.8662842415646229,none,0.008271787539560697,0.002694346996303665,1.427596957707132,4.4214533871312245,diagnostic only,ff12,vw
rolling120,1954-05,1964-04,20000,3.2407464033003985,3.2276917910094154,1.1265099928308633,0.8643191364392768,none,0.007965628550051125,0.003087881741697718,1.6388678192757757,4.4214533871312245,diagnostic only,ff12,vw
rolling120,1954-06,1964-05,20000,3.1978752975093836,3.185099719202456,1.1139775591371546,0.8637286876118436,none,0.007877010861555202,0.003052634145922495,1.6218815146340049,4.4214533871312245,diagnostic only,ff12,vw
rolling120,1954-07,1964-06,20000,3.1890476269875356,3.178305837556132,1.1024874216359095,0.8560636016677261,none,0.00779576332011624,0.002570848053977448,1.3779009175003436,4.4214533871312245,diagnostic only,ff12,vw
rolling120,1954-08,1964-07,20000,3.0495227832927205,3.0408948074034257,1.065301838537951,0.8559192182545703,none,0.007532821540406816,0.0021351646851801576,1.1453843480843846,4.4214533871312245,diagnostic only,ff12,vw
rolling120,1954-09,1964-08,20000,3.0819973035323565,3.0725547304016843,1.0736337621264957,0.8558663125323519,none,0.0075917371371046986,0.002318587165982766,1.2437961115014804,4.4214533871312245,diagnostic only,ff12,vw
rolling120,1954-10,1964-09,20000,2.969509704449865,2.9627859137516253,1.0383471128673143,0.8484988079338031,none,0.0073422228473395135,0.0016967332691142367,0.9157704469125725,4.4214533871312245,diagnostic only,ff12,vw
rolling120,1954-11,1964-10,20000,3.0696459302471784,3.062763918805765,1.0644265690539885,0.8484577908010221,none,0.007526632450532061,0.0016939235404640485,0.9143546581614613,4.4214533871312245,diagnostic only,ff12,vw
rolling120,1954-12,1964-11,20000,2.735962839149988,2.7291794400876865,0.9713723600954686,0.8449396813326251,none,0.006868639828806867,0.001819005808457952,0.9875898622391058,4.4214533871312245,diagnostic only,ff12,vw
rolling120,1955-01,1964-12,20000,2.56571954782204,2.560518039474775,0.9254040513942896,0.8432377683602983,none,0.006543594800784065,0.0014608852671427197,0.7949007396731663,4.4214533871312245,diagnostic only,ff12,vw
rolling120,1955-02,1965-01,20000,2.70011097591695,2.6954436171708966,0.9619788804203692,0.8442391793266026,none,0.006802217897034859,0.0012630036416647616,0.6861524897765807,4.4214533871312245,diagnostic only,ff12,vw
rolling120,1955-03,1965-02,20000,2.6391979924184517,2.634539089217849,0.9464923531997417,0.8443568058395876,none,0.006692711612887502,0.0012818415447570786,0.6961159347777078,4.4214533871312245,diagnostic only,ff12,vw
rolling120,1955-04,1965-03,20000,2.5966601962060882,2.5910798532763106,0.933307233036947,0.8418613116731178,none,0.006599478734108786,0.0015539456536135532,0.8455732876198427,4.4214533871312245,diagnostic only,ff12,vw
rolling120,1955-05,1965-04,20000,2.6145499782418007,2.6086344610830006,0.9363592374627356,0.8408833721399721,none,0.0066210596643656505,0.001639267490956886,0.8934396393733259,4.4214533871312245,diagnostic only,ff12,vw
rolling120,1955-06,1965-05,20000,2.5502893567679603,2.5438902831357626,0.9189500439202557,0.8403199197844196,none,0.006497958076276885,0.0018056635846344093,0.9847822280601991,4.4214533871312245,diagnostic only,ff12,vw
rolling120,1955-07,1965-06,20000,2.201752556084399,2.196134949555503,0.8208800791384693,0.8317790393139909,none,0.005804498704997614,0.0017576249493711504,0.9678021848913978,4.4214533871312245,diagnostic only,ff12,vw
rolling120,1955-08,1965-07,20000,2.1925140434196697,2.1872122996220473,0.8001256703825067,0.7880669196452841,none,0.005657742873289028,0.001663442312346497,0.937077544236348,4.4214533871312245,diagnostic only,ff12,vw
rolling120,1955-09,1965-08,20000,2.3019278644433556,2.295189077388224,0.8266513340707511,0.7878950980148202,none,0.005845307639983342,0.0020450380530130374,1.152854130214924,4.4214533871312245,diagnostic only,ff12,vw
rolling120,1955-10,1965-09,20000,2.4104068732353574,2.402841223172507,0.8470297282365797,0.777068900090302,none,0.0059894046470268395,0.0022233332579051357,1.2631723032114508,4.4214533871312245,diagnostic only,ff12,vw
rolling120,1955-11,1965-10,20000,2.5819416821166903,2.5734848362349676,0.8912766870045643,0.7784163430111389,none,0.006302277892944074,0.0023665542934365735,1.341871308339296,4.4214533871312245,diagnostic only,ff12,vw
rolling120,1955-12,1965-11,20000,2.3846596469230783,2.3772755412991877,0.8430753091573687,0.7789112802485887,none,0.005961442681561204,0.00218640899553324,1.2386440696192023,4.4214533871312245,diagnostic only,ff12,vw
rolling120,1956-01,1965-12,20000,2.379255440730086,2.37256463624954,0.8383252998494821,0.7759778841474757,none,0.005927855043638146,0.001983892142090049,1.1287058187643613,4.4214533871312245,diagnostic only,ff12,vw
rolling120,1956-02,1966-01,20000,2.5225892649998785,2.5137723932102487,0.8743347308694159,0.7766886303868167,none,0.0061824801722467895,0.0025092324723896553,1.4261059548898796,4.4214533871312245,diagnostic only,ff12,vw
rolling120,1956-03,1966-02,20000,2.3690441084916207,2.3602657264434654,0.838064409876065,0.7796972771077195,none,0.005926010272944678,0.0026124071019366646,1.481330886015026,4.4214533871312245,diagnostic only,ff12,vw
rolling120,1956-04,1966-03,20000,2.1174905589208,2.108927526957755,0.7694561257272153,0.7734128210936926,none,0.0054408764432724264,0.002754336306907801,1.5738331962367629,4.4214533871312245,diagnostic only,ff12,vw
rolling120,1956-05,1966-04,20000,2.18646477288018,2.1781208089471504,0.7859927127733837,0.7741216038459201,none,0.005557807771652699,0.002625439508007199,1.5013048806019034,4.4214533871312245,diagnostic only,ff12,vw
rolling120,1956-06,1966-05,20000,2.1572845128472626,2.148772319785111,0.7790113465283587,0.7732111416386966,none,0.0055084420575146585,0.00270333710972559,1.5452995553505506,4.4214533871312245,diagnostic only,ff12,vw
rolling120,1956-07,1966-06,20000,2.026172473118578,2.0175872361696134,0.7453359223381285,0.7716058475689166,none,0.005270320849472206,0.0028450666963524274,1.628978044064296,4.4214533871312245,diagnostic only,ff12,vw
rolling120,1956-08,1966-07,20000,1.867791005962372,1.8600209748989238,0.7052145850845203,0.7701517825385655,none,0.004986620153049218,0.0027167741536311407,1.558175843551443,4.4214533871312245,diagnostic only,ff12,vw
rolling120,1956-09,1966-08,20000,1.7189501831511949,1.711720326458599,0.6700644565443205,0.7705001898335276,none,0.004738071210545676,0.0026661513069963227,1.5259071405478628,4.4214533871312245,diagnostic only,ff12,vw
rolling120,1956-10,1966-09,20000,1.8197096920267206,1.8117331051911858,0.6974231433726319,0.7741286756088313,none,0.004931526340352258,0.0028368933099689464,1.6174681599622258,4.4214533871312245,diagnostic only,ff12,vw
rolling120,1956-11,1966-10,20000,1.918984051695779,1.9103434737133504,0.7307184106166665,0.7838487751549099,none,0.00516695943284901,0.0029689203561269473,1.672275173576162,4.4214533871312245,diagnostic only,ff12,vw
rolling120,1956-12,1966-11,20000,1.993507393637384,1.9846763542541157,0.7590973022791098,0.7968048738915174,none,0.0053676285002197295,0.0029587929594716567,1.6452404228248523,4.4214533871312245,diagnostic only,ff12,vw
rolling120,1957-01,1966-12,20000,1.9237873232639289,1.913901541208423,0.7415831664898306,0.7967613198549023,none,0.005243784858387517,0.003392627347115651,1.8852379192661513,4.4214533871312245,diagnostic only,ff12,vw
rolling120,1957-02,1967-01,20000,2.2503386267725443,2.2384670214289337,0.8217595921483482,0.7932577294991774,none,0.005810717801131886,0.003665810170385031,2.0430531562379493,4.4214533871312245,diagnostic only,ff12,vw
rolling120,1957-03,1967-02,20000,2.33104895928437,2.318788748576757,0.8441111117478116,0.7956921870421606,none,0.005968766911917932,0.0036941823166269927,2.054060895414246,4.4214533871312245,diagnostic only,ff12,vw
rolling120,1957-04,1967-03,20000,2.3763980767690542,2.363738665487572,0.8552032290848784,0.7945923020752558,none,0.0060472000257855,0.0037634942962037066,2.09343352750069,4.4214533871312245,diagnostic only,ff12,vw
rolling120,1957-05,1967-04,20000,2.3859275539927243,2.3720558901403703,0.8597418448643296,0.7980743431508059,none,0.006079292885734002,0.004113711131809472,2.281789035844274,4.4214533871312245,diagnostic only,ff12,vw
rolling120,1957-06,1967-05,20000,2.152886238496344,2.1397702219397425,0.7997400082768265,0.7967281140397213,none,0.0056550158303872965,0.004177381027742344,2.3193598302806646,4.4214533871312245,diagnostic only,ff12,vw
rolling120,1957-07,1967-06,20000,2.2507835596814876,2.2375264731154254,0.8201772177398503,0.791030090743062,none,0.0057995287243856365,0.004094819509940617,2.2858903190390762,4.4214533871312245,diagnostic only,ff12,vw
rolling120,1957-08,1967-07,20000,2.3697209837277713,2.3552052880505063,0.8594804068226531,0.7926598039068672,none,0.006077444239612706,0.004326321172943626,2.3884539462578425,4.4214533871312245,diagnostic only,ff12,vw
rolling120,1957-09,1967-08,20000,2.499616723559605,2.4849911659550403,0.8899759351033636,0.7902571409145791,none,0.0062930801880442715,0.004196727310944892,2.324069798498802,4.4214533871312245,diagnostic only,ff12,vw
rolling120,1957-10,1967-09,20000,2.7817245236401793,2.76509837649207,0.9582322743578331,0.7876701534155462,none,0.00677572539150232,0.004415859955191781,2.453781135959366,4.4214533871312245,diagnostic only,ff12,vw
rolling120,1957-11,1967-10,20000,2.8071018369889016,2.7915276570034235,0.9693019655172759,0.7946444771620456,none,0.006853999928347148,0.004107626633478523,2.272276064822456,4.4214533871312245,diagnostic only,ff12,vw
rolling120,1957-12,1967-11,20000,2.719416041418876,2.7040133795486065,0.9392005788298462,0.7904352038063902,none,0.006641150981849148,0.004158371013267326,2.3192759677300594,4.4214533871312245,diagnostic only,ff12,vw
rolling120,1958-01,1967-12,20000,2.947711703621711,2.9330299015952512,0.9910057936339993,0.7863207145507345,none,0.007007469168737572,0.003732949505546479,2.0951646982565104,4.4214533871312245,diagnostic only,ff12,vw
rolling120,1958-02,1968-01,20000,2.6425746487803505,2.6287589426841778,0.9194064769372423,0.7897364570929899,none,0.006501185545091571,0.003807281308676025,2.1251056442472565,4.4214533871312245,diagnostic only,ff12,vw
rolling120,1958-03,1968-02,20000,2.545102724689526,2.532303139622286,0.8907783514211379,0.7859812527894959,none,0.006298754128240601,0.003623580582217123,2.0320820287067565,4.4214533871312245,diagnostic only,ff12,vw
rolling120,1958-04,1968-03,20000,2.444989270365894,2.432313768458874,0.8645432911310917,0.7841526002886295,none,0.006113244237881305,0.0036929904321396645,2.073449287119136,4.4214533871312245,diagnostic only,ff12,vw
rolling120,1958-05,1968-04,20000,2.6445360897921386,2.631429178581246,0.9203734839442943,0.7857567342227155,none,0.006508023317212985,0.0036092983137876455,2.013961931609293,4.4214533871312245,diagnostic only,ff12,vw
rolling120,1958-06,1968-05,20000,2.650500680902757,2.6378023328064337,0.925125333651289,0.7883099792800392,none,0.006541623968722938,0.003490664674605126,1.9411614236827162,4.4214533871312245,diagnostic only,ff12,vw
rolling120,1958-07,1968-06,20000,2.6182235552019866,2.606468141528726,0.9240146382549461,0.7960284936432082,none,0.00653377016625707,0.003259536258727991,1.7991777142651915,4.4214533871312245,diagnostic only,ff12,vw
rolling120,1958-08,1968-07,20000,2.3944774437044667,2.38049635883169,0.8658152577165462,0.7972117513105021,none,0.006122238399861481,0.0041358082922497985,2.2836557415165237,4.4214533871312245,diagnostic only,ff12,vw
rolling120,1958-09,1968-08,20000,2.375508402413303,2.362513969865545,0.8607562117391493,0.7968844786240068,none,0.006086465542691962,0.0038644992003640244,2.1349718414754624,4.4214533871312245,diagnostic only,ff12,vw
rolling120,1958-10,1968-09,20000,2.364261301005587,2.3511433297780138,0.8573330676756202,0.795779784239001,none,0.006062260258888963,0.003914476325440397,2.1638746387271475,4.4214533871312245,diagnostic only,ff12,vw
rolling120,1958-11,1968-10,20000,2.3155913239933645,2.3016221269605985,0.8471482543819469,0.7970545503163703,none,0.00599024275343821,0.004231010241509958,2.331991808637158,4.4214533871312245,diagnostic only,ff12,vw
rolling120,1958-12,1968-11,20000,2.3886523338977415,2.373911324153394,0.8669460559398169,0.7968956794911759,none,0.006130234350779765,0.004369115939360402,2.4046404918390096,4.4214533871312245,diagnostic only,ff12,vw
rolling120,1959-01,1968-12,20000,2.0892150173318083,2.0758345094562154,0.7835560646119304,0.7855112847916613,none,0.005540578067269405,0.0043502040940293085,2.415002137527367,4.4214533871312245,diagnostic only,ff12,vw
rolling120,1959-02,1969-01,20000,2.0429892188679823,2.029579068365488,0.7701778787024253,0.7836398455180161,none,0.005445980007503551,0.00442640716742515,2.462394368693548,4.4214533871312245,diagnostic only,ff12,vw
rolling120,1959-03,1969-02,20000,1.826336505261952,1.8127188350274537,0.7104546732166039,0.7830350378234965,none,0.005023673171571333,0.004841461601107877,2.710699874259321,4.4214533871312245,diagnostic only,ff12,vw
rolling120,1959-04,1969-03,20000,1.8891865570510789,1.8756722168923523,0.728005416291396,0.7847299868708458,none,0.005147775666001816,0.004699541233990523,2.625277602515047,4.4214533871312245,diagnostic only,ff12,vw
rolling120,1959-05,1969-04,20000,1.8371347293967455,1.824943431797759,0.7107245722632411,0.77886747374723,none,0.005025581646032462,0.00431558999085091,2.42584808240277,4.4214533871312245,diagnostic only,ff12,vw
rolling120,1959-06,1969-05,20000,1.7992487435173279,1.7855227112420073,0.6982802370599952,0.7757196719850492,none,0.004937586907936726,0.0049276325121760944,2.7799069730311348,4.4214533871312245,diagnostic only,ff12,vw
rolling120,1959-07,1969-06,20000,1.6046410705239804,1.5897146783758735,0.6505935347530426,0.7773232244434889,none,0.004600391002200022,0.0057637207190206485,3.244592066406681,4.4214533871312245,diagnostic only,ff12,vw
rolling120,1959-08,1969-07,20000,1.3664354031303665,1.3528088318863691,0.591340058751712,0.7774310503216291,none,0.0041814056553058695,0.005791618536671539,3.2588493839879717,4.4214533871312245,diagnostic only,ff12,vw
rolling120,1959-09,1969-08,20000,1.5232596784847678,1.508352357600168,0.6335291666897453,0.7799513086098363,none,0.004479727698457815,0.005943072885845391,3.327729247858471,4.4214533871312245,diagnostic only,ff12,vw
rolling120,1959-10,1969-09,20000,1.5827154926368736,1.5673798525974627,0.6522166672703243,0.7816582504650605,none,0.004611868282297365,0.005973264931519839,3.325255428104199,4.4214533871312245,diagnostic only,ff12,vw
rolling120,1959-11,1969-10,20000,1.7028520971759136,1.6861867264899293,0.6851288634944229,0.7830585640983116,none,0.004844592653635389,0.006204099857108902,3.4399942115832105,4.4214533871312245,diagnostic only,ff12,vw
rolling120,1959-12,1969-11,20000,1.5677889339647784,1.5518103338831284,0.6496271439196796,0.7804234323354916,none,0.004593557587084547,0.006261672299655352,3.478480410602912,4.4214533871312245,diagnostic only,ff12,vw
rolling120,1960-01,1969-12,20000,1.4547141535209644,1.4396487745669693,0.6225305660642357,0.7837241421314222,none,0.004401955847599211,0.00617522452864927,3.422428455799189,4.4214533871312245,diagnostic only,ff12,vw
rolling120,1960-02,1970-01,20000,1.4251272355755977,1.411980760289329,0.6125818835909809,0.7791708525365473,none,0.004331608039192109,0.005450489283626014,3.0350103627383205,4.4214533871312245,diagnostic only,ff12,vw
rolling120,1960-03,1970-02,20000,1.5355743300778242,1.5225779563185808,0.6381763039777401,0.7757049798729064,none,0.004512587921352274,0.0051520206646893385,2.880026713218865,4.4214533871312245,diagnostic only,ff12,vw
rolling120,1960-04,1970-03,20000,1.5482354615061595,1.5351121626728066,0.6427472440519898,0.7780614169680066,none,0.004544909348581268,0.005176614678664482,2.8874720763021373,4.4214533871312245,diagnostic only,ff12,vw
rolling120,1960-05,1970-04,20000,1.305243331513329,1.2940252906463576,0.5831371106080937,0.7797387954050802,none,0.004123402052725129,0.004890112115464307,2.7205789596863066,4.4214533871312245,diagnostic only,ff12,vw
rolling120,1960-06,1970-05,20000,1.0860383747936315,1.0772028585653146,0.5255486215521653,0.7770236143685542,none,0.003716189941427786,0.004253564446959901,2.3775739043419946,4.4214533871312245,diagnostic only,ff12,vw
rolling120,1960-07,1970-06,20000,0.9373800083831196,0.9289483781552119,0.49132665003828185,0.7801119294635184,none,0.0034742040601973877,0.004371102059232745,2.426924291668887,4.4214533871312245,diagnostic only,ff12,vw
rolling120,1960-08,1970-07,20000,1.1273734140356686,1.118335679159003,0.5415734660793959,0.782630428330587,none,0.003829502703754435,0.0042664318812084545,2.3600283315651223,4.4214533871312245,diagnostic only,ff12,vw
rolling120,1960-09,1970-08,20000,1.157954962073173,1.1486242184381137,0.5500488670490898,0.7835579975462007,none,0.003889432838743891,0.0043426596214402036,2.3989985228984625,4.4214533871312245,diagnostic only,ff12,vw
rolling120,1960-10,1970-09,20000,1.4060905919309967,1.39553888775251,0.6165332822110092,0.7869509068438639,none,0.00435954864678604,0.004404730907284993,2.420366196914855,4.4214533871312245,diagnostic only,ff12,vw
rolling120,1960-11,1970-10,20000,1.3677806024103607,1.3582644672526447,0.6091010555596805,0.78979181738508,none,0.0043069948681413416,0.00403522814758861,2.2094605285245255,4.4214533871312245,diagnostic only,ff12,vw
rolling120,1960-12,1970-11,20000,1.3701141128091532,1.3610322076982566,0.6089941989338663,0.7894969129031382,none,0.004306239277694062,0.003846582474090976,2.1090107923031667,4.4214533871312245,diagnostic only,ff12,vw
rolling120,1961-01,1970-12,20000,1.4096624601836447,1.4011114871346422,0.6168384230003292,0.784304158843597,none,0.004361706317999488,0.0035612561494207107,1.9604651082800264,4.4214533871312245,diagnostic only,ff12,vw
rolling120,1961-02,1971-01,20000,1.3927083779396923,1.3839371772301896,0.6139656714040895,0.7866074728034654,none,0.004341392896655832,0.003679291884567837,2.0203655643005956,4.4214533871312245,diagnostic only,ff12,vw
rolling120,1961-03,1971-02,20000,1.3334309895698897,1.3242943877592817,0.6003341777755762,0.7872988822955631,none,0.004245003680831603,0.003930914198616797,2.1523189371694897,4.4214533871312245,diagnostic only,ff12,vw
rolling120,1961-04,1971-03,20000,1.3506302509331962,1.3420794925415458,0.6052931221493286,0.7876741110913601,none,0.004280068712773675,0.0036509257772336934,1.9978086721203956,4.4214533871312245,diagnostic only,ff12,vw
rolling120,1961-05,1971-04,20000,1.4224690349755849,1.4133733631046637,0.6261183316956508,0.7893648228919812,none,0.004427325181672027,0.003768862294568409,2.054439531249005,4.4214533871312245,diagnostic only,ff12,vw
rolling120,1961-06,1971-05,20000,1.2702313234371483,1.261712165841539,0.5866017502019613,0.7894829536491823,none,0.00414790075423704,0.0037666851353914677,2.0538479824781626,4.4214533871312245,diagnostic only,ff12,vw
rolling120,1961-07,1971-06,20000,1.3401795641198526,1.331483002332896,0.6049048818107675,0.7897816823420237,none,0.0042773234390124076,0.003730055839246793,2.0331784376269892,4.4214533871312245,diagnostic only,ff12,vw
rolling120,1961-08,1971-07,20000,1.1804692694268701,1.1722231901912887,0.5643208051429804,0.7901172888732174,none,0.003990350680812538,0.0037961473170973203,2.066504900241573,4.4214533871312245,diagnostic only,ff12,vw
rolling120,1961-09,1971-08,20000,1.2007681193188628,1.1926661186926406,0.5732415500204896,0.7935424085750614,none,0.004053429872773757,0.00369504529538367,1.998801232665227,4.4214533871312245,diagnostic only,ff12,vw
rolling120,1961-10,1971-09,20000,1.2212659536136263,1.212294203501186,0.5747195761226929,0.788067338703547,none,0.004063881095570143,0.004055405514438837,2.207680269538381,4.4214533871312245,diagnostic only,ff12,vw
rolling120,1961-11,1971-10,20000,1.0766540056678844,1.0691978574389953,0.5368573020418037,0.7869652955268489,none,0.0037961543880327396,0.0036034003235037027,1.9641319785081315,4.4214533871312245,diagnostic only,ff12,vw
rolling120,1961-12,1971-11,20000,0.9783723865846183,0.9719650408731526,0.5098614448862405,0.7835201222340855,none,0.0036052648514463183,0.003249218712634283,1.777219143524311,4.4214533871312245,diagnostic only,ff12,vw
rolling120,1962-01,1971-12,20000,1.1607408463379378,1.1538209586479922,0.5550248222466002,0.7805643089024723,none,0.003924618155374292,0.0032128425819988315,1.7632002441994814,4.4214533871312245,diagnostic only,ff12,vw
rolling120,1962-02,1972-01,20000,1.3049088000037397,1.2971491605392487,0.5908954482260836,0.7797353050672526,none,0.004178261784129282,0.0033779432340692583,1.8571453550290256,4.4214533871312245,diagnostic only,ff12,vw
rolling120,1962-03,1972-02,20000,1.3256809293171903,1.3182695659462995,0.5979264960180646,0.7814769808477877,none,0.004227978799854847,0.0031969376986000775,1.752932954901574,4.4214533871312245,diagnostic only,ff12,vw
rolling120,1962-04,1972-03,20000,1.3614433116195228,1.3532020490348184,0.609253838800985,0.7837795931064432,none,0.004308075208801122,0.00350214831237472,1.912980202357655,4.4214533871312245,diagnostic only,ff12,vw
rolling120,1962-05,1972-04,20000,1.5420206152140452,1.532981256698612,0.6523020743472242,0.7806062984282248,none,0.004612472201529737,0.0035686637994369885,1.9597643347173377,4.4214533871312245,diagnostic only,ff12,vw
rolling120,1962-06,1972-05,20000,1.8171421152597111,1.8066499309000972,0.7211344360903412,0.7781278425075231,none,0.005099190499066172,0.0037383302577564947,2.057617647651216,4.4214533871312245,diagnostic only,ff12,vw
rolling120,1962-07,1972-06,20000,2.0191784163676165,2.0085127211896134,0.7709488740221516,0.7761604585326193,none,0.005451431767691968,0.0035451720389554353,1.956494299573475,4.4214533871312245,diagnostic only,ff12,vw
rolling120,1962-08,1972-07,20000,1.8123129897741834,1.801902233329713,0.7182742323373436,0.7759420177217293,none,0.005078965804372974,0.003715603035905568,2.0497788025087305,4.4214533871312245,diagnostic only,ff12,vw
rolling120,1962-09,1972-08,20000,1.8576710904377565,1.8468095746015596,0.730727124764466,0.7851054164026706,none,0.005167021051179023,0.0038153292489602197,2.1020846883754176,4.4214533871312245,diagnostic only,ff12,vw
rolling120,1962-10,1972-09,20000,1.9887828127476321,1.977259202528634,0.7631734057364977,0.7847133998267249,none,0.005396450904175099,0.0038705431523098355,2.1354053661606818,4.4214533871312245,diagnostic only,ff12,vw
rolling120,1962-11,1972-10,20000,2.006312093829834,1.9952734356996178,0.7688977194596166,0.7860975589743052,none,0.005436927914687665,0.003685359072280514,2.0303116582428227,4.4214533871312245,diagnostic only,ff12,vw
rolling120,1962-12,1972-11,20000,1.821943201424673,1.811776957514939,0.719410244228204,0.7829609946161781,none,0.005086998621488334,0.0036155940045539126,1.9984758530875493,4.4214533871312245,diagnostic only,ff12,vw
rolling120,1963-01,1972-12,20000,1.8115437121909577,1.8014909552452667,0.7162489984387485,0.7822708155424156,none,0.005064645238141119,0.003588359593618806,1.9848886689999707,4.4214533871312245,diagnostic only,ff12,vw
rolling120,1963-02,1973-01,20000,1.5891941595687336,1.5798620903074707,0.66609643695049,0.7931461141451006,none,0.004710013074918891,0.0036172744645239785,1.981325553204233,4.4214533871312245,diagnostic only,ff12,vw
rolling120,1963-03,1973-02,20000,1.5335680037904549,1.525194781645232,0.6533504650214847,0.7952813706987429,none,0.004619885443080761,0.0033158717917860514,1.8124306865148547,4.4214533871312245,diagnostic only,ff12,vw
rolling120,1963-04,1973-03,20000,1.4361606892029932,1.4283472143685665,0.6288134623358217,0.7950432206019595,none,0.004446382633190512,0.0032176102281398222,1.7572655074941583,4.4214533871312245,diagnostic only,ff12,vw
rolling120,1963-05,1973-04,20000,1.2098246948706877,1.2029180943064128,0.5734372834984444,0.8003734009757846,none,0.004054813917469427,0.003135205336106228,1.703308882935171,4.4214533871312245,diagnostic only,ff12,vw
rolling120,1963-06,1973-05,20000,1.1124817092771009,1.1057999874170683,0.547586907669315,0.7981380146921156,none,0.0038720241570194447,0.0031730087852399613,1.7256405407284292,4.4214533871312245,diagnostic only,ff12,vw
rolling120,1963-07,1973-06,20000,1.1235193083265247,1.1176514134438378,0.5520760549025866,0.8000267160299444,none,0.0039037672215233568,0.002770944663240904,1.5031364704161574,4.4214533871312245,diagnostic only,ff12,vw
rolling120,1963-08,1973-07,20000,1.2505454859548817,1.2449832636550102,0.5915148290230161,0.8057633219653748,none,0.004182641467745759,0.0024776230584524495,1.3298348287234945,4.4214533871312245,diagnostic only,ff12,vw
rolling120,1963-09,1973-08,20000,1.0586046100703246,1.0534029493174866,0.5411516445159819,0.8056210024827225,none,0.003826519974875027,0.0025331904556615825,1.3593711223232006,4.4214533871312245,diagnostic only,ff12,vw
rolling120,1963-10,1973-09,20000,1.204442349312214,1.1990533156904042,0.5823975055913019,0.8062470225063674,none,0.004118172255497397,0.002450615264013356,1.308598399354467,4.4214533871312245,diagnostic only,ff12,vw
rolling120,1963-11,1973-10,20000,1.1229605576985373,1.1187865440471128,0.5614139269978368,0.8050094334547804,none,0.003969795948327397,0.001970001963223389,1.0514428715620014,4.4214533871312245,diagnostic only,ff12,vw
rolling120,1963-12,1973-11,20000,0.8738810720148844,0.8696773266889335,0.5016640718280667,0.8181302679079788,none,0.003547300670672812,0.0022483801166885975,1.1850546982682453,4.4214533871312245,diagnostic only,ff12,vw
rolling120,1964-01,1973-12,20000,0.8477327323139021,0.8443305804749446,0.49921650763847203,0.8264414493380021,none,0.0035299937783142945,0.001844654030559667,0.9637840893255598,4.4214533871312245,diagnostic only,ff12,vw
rolling120,1964-02,1974-01,20000,0.8302213417500601,0.8269370451241402,0.4983773888988976,0.830986154315452,none,0.003524060312804557,0.0017977065135796888,0.9319637958483593,4.4214533871312245,diagnostic only,ff12,vw
rolling120,1964-03,1974-02,20000,0.79698824619499,0.7936368047676916,0.4892964899888528,0.8310675024759863,none,0.0034598486608189345,0.001868517315428475,0.9686670591265397,4.4214533871312245,diagnostic only,ff12,vw
rolling120,1964-04,1974-03,20000,0.7328968801771926,0.7288056722083931,0.4718201301174554,0.8320174247027664,none,0.003336272135063719,0.002366493837085537,1.2262812514007744,4.4214533871312245,diagnostic only,ff12,vw
rolling120,1964-05,1974-04,20000,0.6525750276777155,0.6484469579587058,0.45176093511884885,0.83365650306628,none,0.0031944322069771395,0.0025042174994343025,1.292270253847725,4.4214533871312245,diagnostic only,ff12,vw
rolling120,1964-06,1974-05,20000,0.571431272149948,0.5677934227283985,0.43322917172402675,0.8398892092049598,none,0.003063392851338906,0.0023203627268817417,1.187522984510316,4.4214533871312245,diagnostic only,ff12,vw
rolling120,1964-07,1974-06,20000,0.5125234935932835,0.5089168392598098,0.4179412899904613,0.8414243722448552,none,0.0029552912029010853,0.002390227373459952,1.2204057352903952,4.4214533871312245,diagnostic only,ff12,vw
rolling120,1964-08,1974-07,20000,0.3697763552690773,0.3662551175655475,0.382675932403251,0.853966352996945,none,0.0027059274679922364,0.0025772915016077924,1.3013052807888135,4.4214533871312245,diagnostic only,ff12,vw
rolling120,1964-09,1974-08,20000,0.2716132219991244,0.2681907883979827,0.35785945004817754,0.8637503216133589,none,0.0025304484384075492,0.002698674073689622,1.3525008252274389,4.4214533871312245,diagnostic only,ff12,vw
rolling120,1964-10,1974-09,20000,0.1059834012997095,0.10249271787627634,0.3156996653367122,0.881281505637887,none,0.002232333741779128,0.003166173677915163,1.563692452478521,4.4214533871312245,diagnostic only,ff12,vw
rolling120,1964-11,1974-10,20000,0.2729013379014585,0.2690815826020763,0.36975436025658165,0.8982172977885325,none,0.002614558155107225,0.0030098579569253214,1.4609563347905392,4.4214533871312245,diagnostic only,ff12,vw
rolling120,1964-12,1974-11,20000,0.2207779541481701,0.21709787817893317,0.3547058342407219,0.8986132509593847,none,0.0025081490071804592,0.003023648332000306,1.4672477427383432,4.4214533871312245,diagnostic only,ff12,vw
rolling120,1965-01,1974-12,20000,0.18267378408802812,0.178880657650065,0.34413062405849704,0.9002124294602137,none,0.002433370978857217,0.00321756609827184,1.5587949683465374,4.4214533871312245,diagnostic only,ff12,vw
rolling120,1965-02,1975-01,20000,0.30424943128184967,0.29985354619768195,0.3866506257803209,0.9090775236057288,none,0.0027340327943928705,0.003381831050910833,1.607839193876196,4.4214533871312245,diagnostic only,ff12,vw
rolling120,1965-03,1975-02,20000,0.36856622282733714,0.36416032028025697,0.40948016304452534,0.9210617695579758,none,0.00289546200050157,0.0032297542169934523,1.5216578723246785,4.4214533871312245,diagnostic only,ff12,vw
rolling120,1965-04,1975-03,20000,0.4273563804422881,0.42301473000758505,0.4302803897637934,0.9286178073274635,none,0.0030425418141356905,0.003051022834232864,1.4269813530685624,4.4214533871312245,diagnostic only,ff12,vw
rolling120,1965-05,1975-04,20000,0.4332734445926677,0.4294214022106289,0.43462119524516024,0.9347135683579499,none,0.0030732359440525524,0.0026948262955079905,1.2534157650646427,4.4214533871312245,diagnostic only,ff12,vw
rolling120,1965-06,1975-05,20000,0.5187514497359813,0.5149608640797096,0.4617870343063336,0.9379457297822499,none,0.0032653274342203335,0.002502101371822718,1.1608592806181302,4.4214533871312245,diagnostic only,ff12,vw
rolling120,1965-07,1975-06,20000,0.6936621115982895,0.6893879411382271,0.5163802029543425,0.9409282668565285,none,0.0036513594317950124,0.002530011228316642,1.1705696302708857,4.4214533871312245,diagnostic only,ff12,vw
rolling120,1965-08,1975-07,20000,0.5620753855142575,0.5576681207382594,0.4773310430392976,0.9427453307433252,none,0.003375240174039351,0.0028293990981269612,1.3057633083110731,4.4214533871312245,diagnostic only,ff12,vw
rolling120,1965-09,1975-08,20000,0.4708106017444975,0.4667740413439361,0.4494463572499079,0.9425645224917322,none,0.003178065669910015,0.0027519987992581374,1.2701312118184558,4.4214533871312245,diagnostic only,ff12,vw
rolling120,1965-10,1975-09,20000,0.38030891881788637,0.376612536419302,0.4221975629018495,0.9430869429093104,none,0.0029853875972833174,0.0026851291127996113,1.238158288708665,4.4214533871312245,diagnostic only,ff12,vw
rolling120,1965-11,1975-10,20000,0.4342440838138178,0.4306004075944672,0.43984047793684766,0.9443682544771537,none,0.0031101418458947703,0.0025469559494095684,1.1715466367426444,4.4214533871312245,diagnostic only,ff12,vw
rolling120,1965-12,1975-11,20000,0.4730333711287477,0.4691625968433345,0.45038243009057477,0.941306847593943,none,0.0031846847044432157,0.0026346806634813813,1.215434067935447,4.4214533871312245,diagnostic only,ff12,vw
rolling120,1966-01,1975-12,20000,0.43442258819535534,0.43072660699625254,0.4387450674518933,0.9411983217546526,none,0.0031023961240738292,0.0025832896243276338,1.19133116832596,4.4214533871312245,diagnostic only,ff12,vw
rolling120,1966-02,1976-01,20000,0.5944290987753408,0.5912136142049988,0.4884628397801423,0.9422711874054714,none,0.003453953863661767,0.0020207749240181982,0.9309575915796922,4.4214533871312245,diagnostic only,ff12,vw
rolling120,1966-03,1976-02,20000,0.6149727753091255,0.6117652053139484,0.4960465416929066,0.9427471923771469,none,0.003507578734151897,0.001990097555526038,0.9144684234586945,4.4214533871312245,diagnostic only,ff12,vw
rolling120,1966-04,1976-03,20000,0.6968851820576453,0.6934804539037676,0.5222736825548484,0.9451162120617841,none,0.0036930326256980357,0.0020104915566219184,0.9219328662806411,4.4214533871312245,diagnostic only,ff12,vw
rolling120,1966-05,1976-04,20000,0.6429607598820954,0.6393564925823294,0.5058334020699259,0.9451105631562422,none,0.00357678228754306,0.0021985866503559937,1.0076842843688594,4.4214533871312245,diagnostic only,ff12,vw
rolling120,1966-06,1976-05,20000,0.7040160777707152,0.6996556216088667,0.5250717838131458,0.9478091218850286,none,0.0037128181894399226,0.002565493919127526,1.1744329884642721,4.4214533871312245,diagnostic only,ff12,vw
rolling120,1966-07,1976-06,20000,0.7951351399838094,0.7911629896606593,0.5534485400342674,0.9480521028309427,none,0.003913472156960249,0.002217637560668173,1.0149938887607528,4.4214533871312245,diagnostic only,ff12,vw
rolling120,1966-08,1976-07,20000,0.8130426361033217,0.8093098169687489,0.559652585406116,0.9492345251302834,none,0.00395734138249248,0.002063117714591778,0.9432643721582918,4.4214533871312245,diagnostic only,ff12,vw
rolling120,1966-09,1976-08,20000,0.9696259314074627,0.9653704258993736,0.6080136741597136,0.9502810807619383,none,0.004299305920524814,0.0021652434838799195,0.9898122131233676,4.4214533871312245,diagnostic only,ff12,vw
rolling120,1966-10,1976-09,20000,1.0353874044565519,1.0305835699042611,0.6266512712672284,0.9473955917336145,none,0.0044310936335222794,0.002365740875425848,1.0841193957059645,4.4214533871312245,diagnostic only,ff12,vw
rolling120,1966-11,1976-10,20000,0.9182593454136447,0.9138365383929159,0.5862927589196908,0.9395233062182231,none,0.004145715855926831,0.0023109638320746306,1.0668379537893,4.4214533871312245,diagnostic only,ff12,vw
rolling120,1966-12,1976-11,20000,0.8820995128429966,0.8776294932331583,0.572793166484647,0.9288888535424039,none,0.00405025932238609,0.0023806718130217064,1.103637879464198,4.4214533871312245,diagnostic only,ff12,vw
rolling120,1967-01,1976-12,20000,0.9872731496152605,0.9828733131068752,0.6047864866036272,0.9289790913580737,none,0.004276486258474118,0.0022189196250219645,1.0288438317010196,4.4214533871312245,diagnostic only,ff12,vw
rolling120,1967-02,1977-01,20000,0.7533268983870336,0.7492566608646642,0.5336235714658327,0.9302027724491614,none,0.0037732884598447457,0.002326838372796347,1.0786976839127795,4.4214533871312245,diagnostic only,ff12,vw
rolling120,1967-03,1977-02,20000,0.7081700880373408,0.7039515288522917,0.5190265537578167,0.9282881159934235,none,0.0036700719577803633,0.002475750696905532,1.1494486303207134,4.4214533871312245,diagnostic only,ff12,vw
rolling120,1967-04,1977-03,20000,0.6212981178722192,0.6171092220741812,0.49200226727548185,0.9270321009024096,none,0.003478981395496494,0.0025903604659833768,1.204058119845232,4.4214533871312245,diagnostic only,ff12,vw
rolling120,1967-05,1977-04,20000,0.5543476465847164,0.550464360936799,0.47087865963682474,0.923648126650951,none,0.00332961493345231,0.002504595233373319,1.166286710484872,4.4214533871312245,diagnostic only,ff12,vw
rolling120,1967-06,1977-05,20000,0.6028373003571545,0.5987198251380141,0.4854559287139709,0.9236279362060371,none,0.0034326917916086205,0.002575482679577634,1.1994887595809722,4.4214533871312245,diagnostic only,ff12,vw
rolling120,1967-07,1977-06,20000,0.6393659344626696,0.6355917335193033,0.4966001540273986,0.9236582736181552,none,0.0035114933645105754,0.0023075446433356017,1.074813633854716,4.4214533871312245,diagnostic only,ff12,vw
rolling120,1967-08,1977-07,20000,0.545039205881094,0.5419044279513741,0.46457983467995634,0.9203030931112557,none,0.003285075515047223,0.0020330559228531886,0.9542483621338862,4.4214533871312245,diagnostic only,ff12,vw
rolling120,1967-09,1977-08,20000,0.5398224011042355,0.5367228557044652,0.4647992192742306,0.9243779704523689,none,0.003286626798390215,0.0020169839917878463,0.9430779914800372,4.4214533871312245,diagnostic only,ff12,vw
rolling120,1967-10,1977-09,20000,0.4963998791450249,0.49338365605617185,0.4510639702498116,0.9227688902673767,none,0.003189503921125689,0.002019724185825522,0.9456715412309461,4.4214533871312245,diagnostic only,ff12,vw
rolling120,1967-11,1977-10,20000,0.4844021279481656,0.4805893416681678,0.4448274431149283,0.9152572620431251,none,0.00314540501484439,0.002575181498809087,1.2121765756727014,4.4214533871312245,diagnostic only,ff12,vw
rolling120,1967-12,1977-11,20000,0.5445249615645211,0.5404965872832135,0.46297819867843065,0.9155419334459896,none,0.00327375023827051,0.002614984229476258,1.2305075183242433,4.4214533871312245,diagnostic only,ff12,vw
rolling120,1968-01,1977-12,20000,0.5037549738394387,0.4994014486706566,0.4499365022800207,0.9139211857247808,none,0.003181531518655591,0.002903508711854297,1.3683740498103638,4.4214533871312245,diagnostic only,ff12,vw
rolling120,1968-02,1978-01,20000,0.4621867154979959,0.4582848530053357,0.43396707455381545,0.9060739570124344,none,0.0030686106122869094,0.002675651800551293,1.2715404414743487,4.4214533871312245,diagnostic only,ff12,vw
rolling120,1968-03,1978-02,20000,0.49454983081058873,0.4903521383365874,0.4443520469901131,0.9082253738241598,none,0.003142043456608324,0.0028165776168083134,1.3359753077802778,4.4214533871312245,diagnostic only,ff12,vw
rolling120,1968-04,1978-03,20000,0.5391908109983288,0.5347327215422151,0.45739258131651495,0.9077509872861865,none,0.0032342539591332705,0.002904798596874869,1.3783980826627478,4.4214533871312245,diagnostic only,ff12,vw
rolling120,1968-05,1978-04,20000,0.5248794417204871,0.5207990962122051,0.4531550059469098,0.9078599781984346,none,0.003204289776336902,0.002683027310079744,1.273400907250826,4.4214533871312245,diagnostic only,ff12,vw
rolling120,1968-06,1978-05,20000,0.5160520535473025,0.5117576604654592,0.4497892478404126,0.9065630831543212,none,0.0031804902725275238,0.002840662358887025,1.3502299060423093,4.4214533871312245,diagnostic only,ff12,vw
rolling120,1968-07,1978-06,20000,0.4720903271169776,0.4674359328680352,0.43449163065484525,0.9004002833758673,none,0.0030723197840484186,0.003171787022991479,1.5149445943447002,4.4214533871312245,diagnostic only,ff12,vw
rolling120,1968-08,1978-07,20000,0.5884842534157114,0.5842476872239917,0.46798167432350235,0.8965539127021467,none,0.0033091301538518293,0.0026741817115372157,1.28026580845978,4.4214533871312245,diagnostic only,ff12,vw
rolling120,1968-09,1978-08,20000,0.6263093096209814,0.6217182641150263,0.47951491506818916,0.89733533328474,none,0.0033906824812480795,0.0028309760132474437,1.354018116218657,4.4214533871312245,diagnostic only,ff12,vw
rolling120,1968-10,1978-09,20000,0.5357283883205981,0.53148606350846,0.4520359115768166,0.8960312928422347,none,0.003196376584158096,0.0027700707915156997,1.3272293487456999,4.4214533871312245,diagnostic only,ff12,vw
rolling120,1968-11,1978-10,20000,0.3508544949210377,0.3472144939052463,0.3993795830229903,0.901334525620753,none,0.0028240401142301218,0.0027018719233342647,1.2889338920682256,4.4214533871312245,diagnostic only,ff12,vw
rolling120,1968-12,1978-11,20000,0.31454117966973544,0.3112016627600538,0.38805873130926893,0.9003819785165941,none,0.0027439896040743245,0.0025469132663027416,1.2170297236997822,4.4214533871312245,diagnostic only,ff12,vw
rolling120,1969-01,1978-12,20000,0.3836968195003718,0.38038957434397763,0.4087265850418222,0.9012799632835402,none,0.0028901333993429255,0.0023958781041693022,1.1443226659178067,4.4214533871312245,diagnostic only,ff12,vw
rolling120,1969-02,1979-01,20000,0.4585502200144655,0.45499897439022285,0.43063479822402523,0.9009548061278868,none,0.0030450478603910886,0.002440720362521853,1.1662363900535004,4.4214533871312245,diagnostic only,ff12,vw
rolling120,1969-03,1979-02,20000,0.49446738148462566,0.49133327124908766,0.44120561697792626,0.9009959036153585,none,0.003119794836626862,0.002101549194911234,1.0045885706146682,4.4214533871312245,diagnostic only,ff12,vw
rolling120,1969-04,1979-03,20000,0.5430515241988111,0.5394216691292422,0.4552327573194517,0.8998856452328379,none,0.003218981697188342,0.0023579342439827844,1.1276407917259865,4.4214533871312245,diagnostic only,ff12,vw
rolling120,1969-05,1979-04,20000,0.5129521595622084,0.5092747187993387,0.44605682005395475,0.8989216249886243,none,0.0031540980225465897,0.002436561559710837,1.1659246911738514,4.4214533871312245,diagnostic only,ff12,vw
rolling120,1969-06,1979-05,20000,0.4873900437131255,0.48399207652921883,0.4384128215965919,0.8984841328331279,none,0.003100046791100782,0.0022897475246996812,1.0961019019651959,4.4214533871312245,diagnostic only,ff12,vw
rolling120,1969-07,1979-06,20000,0.6561485626240524,0.6534094587535795,0.4874522689086288,0.8963989685103545,none,0.003446808048500599,0.0016566397730286564,0.7946783899568989,4.4214533871312245,diagnostic only,ff12,vw
rolling120,1969-08,1979-07,20000,0.7938007020559092,0.7909547608741858,0.5264436732519836,0.8933207892401877,none,0.003722518912692327,0.0015890636904387634,0.7645202747042846,4.4214533871312245,diagnostic only,ff12,vw
rolling120,1969-09,1979-08,20000,0.8050645170880525,0.8029376561792656,0.5284021507104499,0.8906752541109756,none,0.003736367439609152,0.0011796641450676493,0.5692322672122875,4.4214533871312245,diagnostic only,ff12,vw
rolling120,1969-10,1979-09,20000,0.8328704997926352,0.8302405085740987,0.5348104350403272,0.8906569824347936,none,0.0037816808526634294,0.0014369648175831529,0.6954556243645383,4.4214533871312245,diagnostic only,ff12,vw
rolling120,1969-11,1979-10,20000,0.598326199024099,0.596415476689665,0.4663588887256693,0.8921382482992719,none,0.0032976553268454327,0.0011968828681090393,0.5794184488837487,4.4214533871312245,diagnostic only,ff12,vw
rolling120,1969-12,1979-11,20000,0.7465299517412101,0.7448789387881785,0.510626794799169,0.8919439395862014,none,0.0036106766925804406,0.0009462048720574323,0.4572585954384292,4.4214533871312245,diagnostic only,ff12,vw
rolling120,1970-01,1979-12,20000,0.8276129133893341,0.8263749811383077,0.5339848522158974,0.8901585993983677,none,0.0037758431005275746,0.0006778083711238558,0.3278558504863326,4.4214533871312245,diagnostic only,ff12,vw
rolling120,1970-02,1980-01,20000,1.0564637351030277,1.055439083491049,0.6061875410674633,0.8998719899469454,none,0.0042863932095960205,0.0004985074090535502,0.23904750728067323,4.4214533871312245,diagnostic only,ff12,vw
rolling120,1970-03,1980-02,20000,0.8929101668693503,0.8910910414381106,0.5646580216231963,0.9257451690902254,none,0.003992735161411423,0.0009619449256428325,0.45560883897861293,4.4214533871312245,diagnostic only,ff12,vw
rolling120,1970-04,1980-03,20000,0.7157175677818762,0.7142160542523297,0.5170517773682717,0.9340167718637874,none,0.0036561081800166196,0.0008759184852002999,0.41068629690812436,4.4214533871312245,diagnostic only,ff12,vw
rolling120,1970-05,1980-04,20000,1.011348301218955,1.0085478957527378,0.6069087886367681,0.9359465013148577,none,0.004291493200067718,0.0013942438077472197,0.6525480376324475,4.4214533871312245,diagnostic only,ff12,vw
rolling120,1970-06,1980-05,20000,1.2864309129915652,1.282713558356111,0.6857807489823833,0.9274595960308402,none,0.004849202180126327,0.0016284805519495293,0.7665909766949467,4.4214533871312245,diagnostic only,ff12,vw
rolling120,1970-07,1980-06,20000,1.4761980961991334,1.472024249668486,0.7391138417162683,0.9241748543273777,none,0.005226324095464138,0.0016884326807096173,0.7986199199299121,4.4214533871312245,diagnostic only,ff12,vw
rolling120,1970-08,1980-07,20000,1.4798555255692103,1.4749725600605887,0.7449337017038874,0.9293343924988196,none,0.005267476720092155,0.001972937230666494,0.9270027696555482,4.4214533871312245,diagnostic only,ff12,vw
rolling120,1970-09,1980-08,20000,1.4177266253730256,1.4132822347486012,0.7260037226786678,0.9289525098748864,none,0.005133621554727636,0.0018416373188472335,0.8657417725565619,4.4214533871312245,diagnostic only,ff12,vw
rolling120,1970-10,1980-09,20000,1.353903780172903,1.3505255770401092,0.7040664042219658,0.9251295090615427,none,0.004978501288309808,0.0014372118158560987,0.6785582522045894,4.4214533871312245,diagnostic only,ff12,vw
rolling120,1970-11,1980-10,20000,1.4201260292551916,1.4156868003515926,0.723876265866209,0.9266691864571213,none,0.005118578163339925,0.0018376674091000744,0.8672777404071922,4.4214533871312245,diagnostic only,ff12,vw
rolling120,1970-12,1980-11,20000,1.4719386941762322,1.467903076356405,0.7520660288659564,0.9536550088082141,none,0.005317909889111555,0.0016352416180724916,0.7588729226289175,4.4214533871312245,diagnostic only,ff12,vw
rolling120,1971-01,1980-12,20000,1.298595628842193,1.2933927841651132,0.7030928788083034,0.9570640197666276,none,0.004971617424093228,0.0022686234617128598,1.0465094622659368,4.4214533871312245,diagnostic only,ff12,vw
rolling120,1971-02,1981-01,20000,1.1287247637257898,1.1244809998691396,0.65524187671978,0.9618966003904796,none,0.004633259743459562,0.001997553217426562,0.9159348043547021,4.4214533871312245,diagnostic only,ff12,vw
rolling120,1971-03,1981-02,20000,1.143291682411447,1.1391998247342245,0.6586552967792796,0.9615226572852629,none,0.004657396268170666,0.001912798248163039,0.8785719405468634,4.4214533871312245,diagnostic only,ff12,vw
rolling120,1971-04,1981-03,20000,1.1707186382024815,1.1654028233459734,0.6706476369401914,0.9668935709596118,none,0.0047421949186714305,0.0024548849753016633,1.1209608520261498,4.4214533871312245,diagnostic only,ff12,vw
rolling120,1971-05,1981-04,20000,1.1044926669893862,1.09965448059776,0.6514330473209308,0.9681263392768962,none,0.004606327252496472,0.0023042774115142883,1.0503349255101495,4.4214533871312245,diagnostic only,ff12,vw
rolling120,1971-06,1981-05,20000,1.2306394253695574,1.226118683256833,0.6924102194329482,0.9701447775713716,none,0.004896079615239031,0.0020307731778750338,0.9233391750113027,4.4214533871312245,diagnostic only,ff12,vw
rolling120,1971-07,1981-06,20000,1.1919005923221206,1.1870859966254046,0.6839283819724613,0.9755316353725407,none,0.004836103967386707,0.0022013746620592745,0.9955525623899524,4.4214533871312245,diagnostic only,ff12,vw
rolling120,1971-08,1981-07,20000,1.2526405016724642,1.2474731786177404,0.7056946782821503,0.9828158905092873,none,0.004990014924605674,0.002299170065247047,1.0355325851319213,4.4214533871312245,diagnostic only,ff12,vw
rolling120,1971-09,1981-08,20000,1.041071426479609,1.0366951356058882,0.6370395834176271,0.9805551610824254,none,0.0045045500931885744,0.002148721621225258,0.9715267414471214,4.4214533871312245,diagnostic only,ff12,vw
rolling120,1971-10,1981-09,20000,0.9567190823361823,0.9519137365704986,0.6155720711276649,0.9880240306257847,none,0.004352751858034196,0.002461863798410846,1.1039787983351539,4.4214533871312245,diagnostic only,ff12,vw
rolling120,1971-11,1981-10,20000,1.1441906561524355,1.1380779438435056,0.6760330314598322,0.9875132794231691,none,0.00478027540851346,0.0028589754300263337,1.2787364297135446,4.4214533871312245,diagnostic only,ff12,vw
rolling120,1971-12,1981-11,20000,1.2306526947925085,1.2245700873434648,0.7040471410572468,0.9884444350071956,none,0.0049783650771658096,0.002734284473054016,1.2218082351860162,4.4214533871312245,diagnostic only,ff12,vw
rolling120,1972-01,1981-12,20000,1.0075126635343872,1.0017653723525526,0.6336754535279586,0.9884840393126813,none,0.0044807621026108045,0.002871111300661644,1.2826592999627937,4.4214533871312245,diagnostic only,ff12,vw
rolling120,1972-02,1982-01,20000,0.9293725974551904,0.9239986672018496,0.6101902632660671,0.9887280579379913,none,0.004314696729694407,0.002793104977123706,1.2454943162879906,4.4214533871312245,diagnostic only,ff12,vw
rolling120,1972-03,1982-02,20000,0.7983551747200189,0.7927301830039668,0.5691160664680868,0.9889462577619761,none,0.004024258298817981,0.0031376677702981137,1.397771042108386,4.4214533871312245,diagnostic only,ff12,vw
rolling120,1972-04,1982-03,20000,0.7796378247788223,0.774051130726072,0.5633004696740198,0.9898565709076139,none,0.003983135819520665,0.0031491167058210756,1.4025868827698074,4.4214533871312245,diagnostic only,ff12,vw
rolling120,1972-05,1982-04,20000,0.8501286526058047,0.8440784967598087,0.5863296228052667,0.9909063416092064,none,0.0041459765229615465,0.0032808559161807693,1.459283672372139,4.4214533871312245,diagnostic only,ff12,vw
rolling120,1972-06,1982-05,20000,0.7726956549866544,0.7667415754564366,0.5627226281088014,0.9931677627834982,none,0.003979049862628491,0.0033700908004496988,1.4963571042773005,4.4214533871312245,diagnostic only,ff12,vw
rolling120,1972-07,1982-06,20000,0.7890008956049396,0.7819947146872877,0.5684356282757704,0.9945751226073529,none,0.004019446874218328,0.003931650784318785,1.7430709092316183,4.4214533871312245,diagnostic only,ff12,vw
rolling120,1972-08,1982-07,20000,0.7713398913382985,0.764874658158541,0.5637822859156769,0.9953938670645992,none,0.003986542774838281,0.0036632817803068374,1.6217644071358837,4.4214533871312245,diagnostic only,ff12,vw
rolling120,1972-09,1982-08,20000,0.9141878137228596,0.9081340594044991,0.6064330344869752,0.9885226347297797,none,0.0042881291102127555,0.003172604298174786,1.4117472125414083,4.4214533871312245,diagnostic only,ff12,vw
rolling120,1972-10,1982-09,20000,0.9612116863882838,0.9552842566234268,0.6218756712959768,0.9892439203319748,none,0.004397325042283216,0.0030314926051178137,1.3479626154220705,4.4214533871312245,diagnostic only,ff12,vw
rolling120,1972-11,1982-10,20000,1.1735502677230505,1.166294962573469,0.6924421210730578,0.9932223679947769,none,0.004896305193899555,0.0033491769472437927,1.4817918537065422,4.4214533871312245,diagnostic only,ff12,vw
rolling120,1972-12,1982-11,20000,1.1877345563203165,1.1799168663354007,0.7011216837663601,0.9972991336671532,none,0.004957678970281233,0.003586233083309409,1.5768850770247351,4.4214533871312245,diagnostic only,ff12,vw
rolling120,1973-01,1982-12,20000,1.186537097774231,1.1793233246143697,0.7024132744479992,0.9996776492664214,none,0.004966811895576277,0.0033100977162889844,1.4523950798874372,4.4214533871312245,diagnostic only,ff12,vw
rolling120,1973-02,1983-01,20000,1.356875336775764,1.3500616726651185,0.7567030779563384,0.9978197678990831,none,0.005350698777676596,0.0028993554466674176,1.2734157525503995,4.4214533871312245,diagnostic only,ff12,vw
rolling120,1973-03,1983-02,20000,1.5401484181400227,1.5319394234511736,0.8150662146860828,0.9974822210037483,none,0.005763388475205794,0.003242176575322553,1.4243347857192532,4.4214533871312245,diagnostic only,ff12,vw
rolling120,1973-04,1983-03,20000,1.646184293842575,1.637234898819261,0.8510237883203176,1.000535847218968,none,0.006017646916723615,0.003393476639991677,1.4871917789730584,4.4214533871312245,diagnostic only,ff12,vw
rolling120,1973-05,1983-04,20000,1.9781210122737303,1.9682411660355092,0.9545824723433477,0.9963889260113485,none,0.0067499173939580106,0.0033285187036931063,1.4636988368279407,4.4214533871312245,diagnostic only,ff12,vw
rolling120,1973-06,1983-05,20000,2.072095099538042,2.061545307548944,0.9846639804250575,0.9968044233957497,none,0.00696262577748696,0.003445904250734211,1.5152030751401042,4.4214533871312245,diagnostic only,ff12,vw
rolling120,1973-07,1983-06,20000,2.2329841335796576,2.220324835768455,1.0380555584584805,0.9996806695917222,none,0.007340161246343802,0.003931062379358252,1.7246620866140059,4.4214533871312245,diagnostic only,ff12,vw
rolling120,1973-08,1983-07,20000,1.959409135809102,1.947477961936571,0.9442934198359223,0.995225859826525,none,0.006677162805958162,0.004047926405764013,1.786862806742489,4.4214533871312245,diagnostic only,ff12,vw
rolling120,1973-09,1983-08,20000,2.071625128472289,2.059063399373288,0.9840332144961302,1.0000814890656244,none,0.0069581655888301015,0.004106397108858406,1.8053219542757446,4.4214533871312245,diagnostic only,ff12,vw
rolling120,1973-10,1983-09,20000,1.966941503956082,1.953388682545473,0.9476151557885316,0.9987300889495324,none,0.006700651026132174,0.0045889054463796874,2.022612632377635,4.4214533871312245,diagnostic only,ff12,vw
rolling120,1973-11,1983-10,20000,1.917999355446483,1.9051725214477835,0.9305438085662223,0.9965465868691635,none,0.006579938372283323,0.004415171183123734,1.949385126877467,4.4214533871312245,diagnostic only,ff12,vw
rolling120,1973-12,1983-11,20000,2.4120667877075097,2.39950621003872,1.0810565776535952,0.9871230864268191,none,0.007644224369051786,0.003694824157608023,1.6431461273745778,4.4214533871312245,diagnostic only,ff12,vw
rolling120,1974-01,1983-12,20000,2.3429474400224595,2.330734706546737,1.0535021383267416,0.9810367392507746,none,0.0074493850600536714,0.0036666785414394276,1.639428406139376,4.4214533871312245,diagnostic only,ff12,vw
rolling120,1974-02,1984-01,20000,2.25860956890991,2.2455433024469014,1.0309061385654565,0.990914342798871,none,0.0072896072134647286,0.004025910377827291,1.792451373631479,4.4214533871312245,diagnostic only,ff12,vw
rolling120,1974-03,1984-02,20000,2.1120991170790098,2.1009450954941493,0.9881915128369563,0.9959440088348493,none,0.00698756919838005,0.0035969748710056315,1.5962663507427337,4.4214533871312245,diagnostic only,ff12,vw
rolling120,1974-04,1984-03,20000,2.212557094613441,2.2021320239496807,1.0209610253083152,0.9959523588142789,none,0.0072192846432268,0.0032556654709388066,1.4440586815677372,4.4214533871312245,diagnostic only,ff12,vw
rolling120,1974-05,1984-04,20000,2.379025225763402,2.368904785025627,1.0701827336624081,0.9935116936443821,none,0.007567334680814456,0.0030040744347419324,1.337385111753251,4.4214533871312245,diagnostic only,ff12,vw
rolling120,1974-06,1984-05,20000,2.321143140538017,2.3101576429632855,1.0458459147419963,0.9891516464107576,none,0.007395247383903134,0.0033187233840914487,1.4854807424891592,4.4214533871312245,diagnostic only,ff12,vw
rolling120,1974-07,1984-06,20000,2.5216051003286184,2.508260405851575,1.1119887846445455,0.9942725325595155,none,0.007862948102255456,0.0038037924593012917,1.6971617138380422,4.4214533871312245,diagnostic only,ff12,vw
rolling120,1974-08,1984-07,20000,2.7558537597921458,2.7419755559539323,1.1772823676445667,0.9847982134420584,none,0.008324643455328273,0.00370879061893703,1.6671229119525341,4.4214533871312245,diagnostic only,ff12,vw
rolling120,1974-09,1984-08,20000,3.5421262564134035,3.5271663622588543,1.4165088165743969,0.9769961514522383,none,0.010016229898102873,0.003304471927354946,1.4935653740718071,4.4214533871312245,diagnostic only,ff12,vw
rolling120,1974-10,1984-09,20000,4.082481001142792,4.066149897461567,1.5703458760741291,0.9644398625318299,none,0.011104022177803465,0.0032235729324567863,1.470737667821914,4.4214533871312245,diagnostic only,ff12,vw
rolling120,1974-11,1984-10,20000,3.3901804686335657,3.3748536730660232,1.3362324206827911,0.9488704655114905,none,0.00944859005906117,0.0035033847330490087,1.6221251500740166,4.4214533871312245,diagnostic only,ff12,vw
rolling120,1974-12,1984-11,20000,3.521156590391219,3.5050344093840478,1.3756500667535942,0.9485913179227644,none,0.009727314907411933,0.0035787031889453758,1.6574132903712806,4.4214533871312245,diagnostic only,ff12,vw
rolling120,1975-01,1984-12,20000,3.7607911042856204,3.7448694418875306,1.4460493585149667,0.9464181999453142,none,0.0102251130733639,0.0033555533177653807,1.5571135775080298,4.4214533871312245,diagnostic only,ff12,vw
rolling120,1975-02,1985-01,20000,3.4796672624282916,3.4681332267294493,1.3403997333065942,0.9399922543482099,none,0.009478057409217325,0.0025813992362275773,1.2169197970488672,4.4214533871312245,diagnostic only,ff12,vw
rolling120,1975-03,1985-02,20000,3.301419335241721,3.289318104268058,1.2753804005430003,0.9288096131558639,none,0.009018301298163707,0.002821248198314308,1.3418525921425202,4.4214533871312245,diagnostic only,ff12,vw
rolling120,1975-04,1985-03,20000,3.1740993985028445,3.161678764698472,1.238321906334757,0.9288757234260099,none,0.008756258172611595,0.0029845248772517596,1.418486476703339,4.4214533871312245,diagnostic only,ff12,vw
rolling120,1975-05,1985-04,20000,2.9985245353753993,2.985629685854096,1.1800839401063725,0.9237033585243897,none,0.008344453564185556,0.003235335577479681,1.5453198249730857,4.4214533871312245,diagnostic only,ff12,vw
rolling120,1975-06,1985-05,20000,3.024692177056086,3.0121217986049595,1.1869215753347029,0.9216505829688816,none,0.00839280294655788,0.003133099911248216,1.4977568913710868,4.4214533871312245,diagnostic only,ff12,vw
rolling120,1975-07,1985-06,20000,2.887496105629614,2.8753492394229108,1.1426334562731377,0.9181481541165503,none,0.00807963865341358,0.0031343926588953686,1.503392258955949,4.4214533871312245,diagnostic only,ff12,vw
rolling120,1975-08,1985-07,20000,3.1349298715200495,3.1241320797381382,1.2185127710743324,0.9207151167496773,none,0.008616186433890716,0.0026181973741725706,1.253198484591689,4.4214533871312245,diagnostic only,ff12,vw
rolling120,1975-09,1985-08,20000,3.225512098092637,3.2135064976809797,1.2441895305452708,0.9202561040053777,none,0.00879774854129868,0.0028493133731404274,1.3646219092646281,4.4214533871312245,diagnostic only,ff12,vw
rolling120,1975-10,1985-09,20000,3.2200237846715494,3.208293431267225,1.239777306949772,0.9184930956456082,none,0.008766549409053795,0.002787437139522897,1.338081023328264,4.4214533871312245,diagnostic only,ff12,vw
rolling120,1975-11,1985-10,20000,3.1283384856371055,3.116764511103045,1.2084320160161708,0.9167416310639994,none,0.008544904731279649,0.0028114249680408765,1.3544884229887868,4.4214533871312245,diagnostic only,ff12,vw
rolling120,1975-12,1985-11,20000,3.2785135851246356,3.26445395616199,1.2537990720229546,0.9176193065601029,none,0.008865698260728317,0.0032969353420568837,1.5858456434192434,4.4214533871312245,diagnostic only,ff12,vw
rolling120,1976-01,1985-12,20000,3.5315971181351626,3.515384616727916,1.329635139852973,0.9183869924454332,none,0.009401940238939607,0.0035905028659541927,1.7243782661051295,4.4214533871312245,diagnostic only,ff12,vw
rolling120,1976-02,1986-01,20000,3.065894540375014,3.0529644985107334,1.192376803383893,0.9152486201177873,none,0.008431377234022895,0.003190267733416352,1.5335622526892272,4.4214533871312245,diagnostic only,ff12,vw
rolling120,1976-03,1986-02,20000,3.348760319612969,3.336965645692654,1.2721601648594207,0.9131783137669305,none,0.008995530793274926,0.0027195682151712752,1.3111704235543793,4.4214533871312245,diagnostic only,ff12,vw
rolling120,1976-04,1986-03,20000,3.4809794703415013,3.4692127567714506,1.314076875017194,0.9149366884605081,none,0.009291926693250852,0.002632838088144851,1.2663373225487742,4.4214533871312245,diagnostic only,ff12,vw
rolling120,1976-05,1986-04,20000,3.516044754444325,3.504425055608423,1.324613526346504,0.9150613808552528,none,0.009366432069310385,0.002579618639993564,1.2405683135176568,4.4214533871312245,diagnostic only,ff12,vw
rolling120,1976-06,1986-05,20000,3.8295748304999413,3.819420614681162,1.4161325094143682,0.9132230137951263,none,0.01001356900465622,0.0021069370429813716,1.0140456229000538,4.4214533871312245,diagnostic only,ff12,vw
rolling120,1976-07,1986-06,20000,3.7178657764979093,3.7059780859102656,1.3894378852321294,0.9172103925600218,none,0.009824809506851346,0.0025260828611242125,1.2099665219314246,4.4214533871312245,diagnostic only,ff12,vw
rolling120,1976-08,1986-07,20000,3.461002790055098,3.447266404279059,1.3245947551680837,0.9308725864082285,none,0.009366299337034865,0.0030887256411762376,1.4665755686159243,4.4214533871312245,diagnostic only,ff12,vw
rolling120,1976-09,1986-08,20000,3.742050258119651,3.726951024581912,1.4135223078220625,0.9369659556651749,none,0.009995112092194388,0.0031942860121074723,1.5106617513104545,4.4214533871312245,diagnostic only,ff12,vw
rolling120,1976-10,1986-09,20000,3.271170029805885,3.256826464858398,1.2791890517721864,0.9425484959944054,none,0.009045232529277027,0.0033695442052661395,1.5857596696448055,4.4214533871312245,diagnostic only,ff12,vw
rolling120,1976-11,1986-10,20000,3.5886424811276885,3.5723114029612493,1.376208830624364,0.9436611866487784,none,0.009731265964632967,0.0035717335778711057,1.6782069492080882,4.4214533871312245,diagnostic only,ff12,vw
rolling120,1976-12,1986-11,20000,3.656959952929782,3.641148907792685,1.38768385502059,0.9417013173524988,none,0.009812406640281492,0.0034067092978959934,1.6113320326728113,4.4214533871312245,diagnostic only,ff12,vw
rolling120,1977-01,1986-12,20000,3.263815169126336,3.2503003492653004,1.2691834742758932,0.9404875548954498,none,0.008974482412303862,0.0031797329013165676,1.5059163570822944,4.4214533871312245,diagnostic only,ff12,vw
rolling120,1977-02,1987-01,20000,4.015699867915507,4.001309902936691,1.4930594023462773,0.939044394103407,none,0.010557524281133865,0.002877239214943872,1.3630056247685873,4.4214533871312245,diagnostic only,ff12,vw
rolling120,1977-03,1987-02,20000,4.328778111642732,4.314690348339382,1.6002874141328838,0.9461930333343063,none,0.011315740823808469,0.002650721374153564,1.2449704816240952,4.4214533871312245,diagnostic only,ff12,vw
rolling120,1977-04,1987-03,20000,4.526185541468187,4.512099658422386,1.6693863316654063,0.9539226289779406,none,0.011804343955407437,0.002555447818197054,1.1932796179958838,4.4214533871312245,diagnostic only,ff12,vw
rolling120,1977-05,1987-04,20000,4.447287451377043,4.434086342688981,1.6472083860275435,0.9564663697895633,none,0.011647522197874242,0.0024293152253318517,1.1333834324411916,4.4214533871312245,diagnostic only,ff12,vw
rolling120,1977-06,1987-05,20000,4.5509651899453,4.53745236430366,1.6788662710803797,0.9565937859494824,none,0.01187137724986309,0.002440260385578874,1.1382694153532822,4.4214533871312245,diagnostic only,ff12,vw
rolling120,1977-07,1987-06,20000,4.523094619428321,4.508502951967015,1.6699561970942078,0.9561624239159566,none,0.01180837351249813,0.0026489352167988756,1.2357051075545689,4.4214533871312245,diagnostic only,ff12,vw
rolling120,1977-08,1987-07,20000,4.834828973945199,4.820138634366934,1.7694960492459022,0.9581575141967675,none,0.012512226557045824,0.0025240532057984044,1.1740787709756246,4.4214533871312245,diagnostic only,ff12,vw
rolling120,1977-09,1987-08,20000,5.0964344693633015,5.082238433297647,1.8443492042910343,0.9555619506049222,none,0.013041518292302033,0.0023340150540527294,1.0885263316337945,4.4214533871312245,diagnostic only,ff12,vw
rolling120,1977-10,1987-09,20000,4.9596635182538655,4.946024768834177,1.8071186867473326,0.9578919952223546,none,0.01277825877807967,0.002293759267733897,1.067340210943669,4.4214533871312245,diagnostic only,ff12,vw
rolling120,1977-11,1987-10,20000,3.8288867254928127,3.823193949259453,1.5246597633451742,1.0136382678445415,none,0.010780972576636494,0.001180291792792998,0.5280392091615619,4.4214533871312245,diagnostic only,ff12,vw
rolling120,1977-12,1987-11,20000,3.2724562671689004,3.2681856515640657,1.3522355762886968,1.0162259327371983,none,0.009561749457554366,0.0010005693176138308,0.4466353802504847,4.4214533871312245,diagnostic only,ff12,vw
rolling120,1978-01,1987-12,20000,3.5623277248945233,3.557493071048401,1.4509794719194993,1.020293548512259,none,0.010259974239567536,0.0010608143053105756,0.4712150082675202,4.4214533871312245,diagnostic only,ff12,vw
rolling120,1978-02,1988-01,20000,4.038733220677348,4.032013788686107,1.613741837457074,1.0265112140274386,none,0.011410877963503364,0.0013353365617456703,0.5888619624828909,4.4214533871312245,diagnostic only,ff12,vw
rolling120,1978-03,1988-02,20000,4.350072438430857,4.342237705208597,1.7173111373433638,1.0279963659928968,none,0.01214322350622675,0.0014665639484032766,0.6451938579770218,4.4214533871312245,diagnostic only,ff12,vw
rolling120,1978-04,1988-03,20000,4.074586013838391,4.065448523326406,1.6297894698343571,1.0293238482367668,none,0.011524351860263021,0.00180388577041235,0.7928854154038484,4.4214533871312245,diagnostic only,ff12,vw
rolling120,1978-05,1988-04,20000,3.7282482936241244,3.7191266788121897,1.5118549358559334,1.0267387068208946,none,0.010690428773140833,0.0019329031477135494,0.8532506043959838,4.4214533871312245,diagnostic only,ff12,vw
rolling120,1978-06,1988-05,20000,3.638350047847553,3.629718942616025,1.4824862240023464,1.026261879396527,none,0.010482760620076982,0.0018642827650032778,0.8233618551774989,4.4214533871312245,diagnostic only,ff12,vw
rolling120,1978-07,1988-06,20000,3.9262838936761617,3.917651042464982,1.580245033678208,1.0288907899498168,none,0.01117401979250225,0.001755482675902309,0.7725824163093363,4.4214533871312245,diagnostic only,ff12,vw
rolling120,1978-08,1988-07,20000,3.639568838285624,3.632236565469345,1.4877562771669985,1.0282528526664567,none,0.010520025523376374,0.0015828796117489663,0.6969824170090004,4.4214533871312245,diagnostic only,ff12,vw
rolling120,1978-09,1988-08,20000,3.328952680450416,3.3225239360400423,1.3903001657109957,1.0292180523124252,none,0.009830906750590257,0.0014872663530611785,0.653931989537781,4.4214533871312245,diagnostic only,ff12,vw
rolling120,1978-10,1988-09,20000,3.543805078147456,3.536862462962821,1.4601575070729595,1.0288821061618998,none,0.010324872748517339,0.0015302679420658993,0.6724165375918806,4.4214533871312245,diagnostic only,ff12,vw
rolling120,1978-11,1988-10,20000,4.208239049003109,4.199619008104603,1.6667281948401775,1.0254303223586685,none,0.011785548089663027,0.0016578216375218169,0.7314077235038466,4.4214533871312245,diagnostic only,ff12,vw
rolling120,1978-12,1988-11,20000,3.965584193123834,3.957836808209052,1.588203251632593,1.024750300735916,none,0.011230292891319311,0.001562654281390241,0.6898649028798259,4.4214533871312245,diagnostic only,ff12,vw
rolling120,1979-01,1988-12,20000,4.000719355756127,3.993400364847476,1.5979361532926863,1.0234576773123083,none,0.01129911489896405,0.0014657328421279203,0.6477490470799515,4.4214533871312245,diagnostic only,ff12,vw
rolling120,1979-02,1989-01,20000,4.090709089416242,4.082601546385914,1.6263362399169299,1.0233147389383317,none,0.01149993383734693,0.001595156133396447,0.7050077978708231,4.4214533871312245,diagnostic only,ff12,vw
rolling120,1979-03,1989-02,20000,4.157339877587149,4.148883250013945,1.6459484163800602,1.0221617439685433,none,0.011638612867055996,0.0016424197563968956,0.726600984997191,4.4214533871312245,diagnostic only,ff12,vw
rolling120,1979-04,1989-03,20000,3.966322357193567,3.9602779854261527,1.5886079040825534,1.0233018349771879,none,0.01123315421623322,0.0012185550457399774,0.5380832178623102,4.4214533871312245,diagnostic only,ff12,vw
rolling120,1979-05,1989-04,20000,4.182192677463843,4.175750908095781,1.658034738232314,1.0234804765047547,none,0.011724076068469313,0.0012446057552704115,0.54944793350384,4.4214533871312245,diagnostic only,ff12,vw
rolling120,1979-06,1989-05,20000,4.457573172169862,4.450648464562596,1.7459589323115354,1.0233230134626985,none,0.01234579400710711,0.0012704373896588184,0.5608960916795114,4.4214533871312245,diagnostic only,ff12,vw
rolling120,1979-07,1989-06,20000,4.21013571356083,4.204066632419237,1.665672559032637,1.022211319392548,none,0.011778083617283275,0.00116621895342095,0.5152859615198583,4.4214533871312245,diagnostic only,ff12,vw
rolling120,1979-08,1989-07,20000,4.527760061587278,4.520507637377524,1.7722297485752272,1.025418577720881,none,0.012531556730380733,0.0013137241511360642,0.5787329033248898,4.4214533871312245,diagnostic only,ff12,vw
rolling120,1979-09,1989-08,20000,4.335580762057066,4.326092754362507,1.7106841482747093,1.0262334401601234,none,0.012096363617133803,0.00178141991364833,0.7843685916583819,4.4214533871312245,diagnostic only,ff12,vw
rolling120,1979-10,1989-09,20000,4.331113795386278,4.322616977860575,1.7113505353869205,1.0264744052033448,none,0.012101075685593201,0.0015963608805678042,0.7021539032120081,4.4214533871312245,diagnostic only,ff12,vw
rolling120,1979-11,1989-10,20000,4.58732682191407,4.58010346640786,1.7938283886347663,1.0261570104236204,none,0.012684282178885809,0.001294484152434494,0.5694729433119965,4.4214533871312245,diagnostic only,ff12,vw
rolling120,1979-12,1989-11,20000,4.371747125143408,4.364836155220025,1.7208394913186555,1.0251093012507122,none,0.012168172736450303,0.0012881977610179618,0.5679546200622873,4.4214533871312245,diagnostic only,ff12,vw
rolling120,1980-01,1989-12,20000,4.336945941533561,4.327960234979238,1.7115576836279298,1.026713622271077,none,0.012102540444852487,0.0016865190725956491,0.7424644929111027,4.4214533871312245,diagnostic only,ff12,vw
rolling120,1980-02,1990-01,20000,3.754604245514448,3.745142989017223,1.5156798788342951,1.0196663458695805,none,0.010717475204317347,0.001993882274806902,0.8827878130675249,4.4214533871312245,diagnostic only,ff12,vw
rolling120,1980-03,1990-02,20000,3.951226544718413,3.9430596075811737,1.561146263035764,0.9964004382864943,none,0.011038971090166263,0.0016522028430960845,0.7398277493918572,4.4214533871312245,diagnostic only,ff12,vw
rolling120,1980-04,1990-03,20000,4.623338056474736,4.615452209134787,1.7553554740670045,0.9870931737277528,none,0.012412237591057057,0.0014043120743012505,0.6353284234287412,4.4214533871312245,diagnostic only,ff12,vw
rolling120,1980-05,1990-04,20000,4.211793834425366,4.2046328343247525,1.6198963389547032,0.9831770478325036,none,0.011454396860941327,0.0013758895831010864,0.6251747855037405,4.4214533871312245,diagnostic only,ff12,vw
rolling120,1980-06,1990-05,20000,4.339655202768775,4.331844252368535,1.6600409556851823,0.9834019503967745,none,0.011738262168123894,0.0014649622214244484,0.6654264735584707,4.4214533871312245,diagnostic only,ff12,vw
rolling120,1980-07,1990-06,20000,4.161062707953834,4.153342141120569,1.6061527998110872,0.9846906670529,none,0.01135721536368179,0.0014981669413445253,0.6797939975633129,4.4214533871312245,diagnostic only,ff12,vw
rolling120,1980-08,1990-07,20000,3.731631269078102,3.72672724280787,1.4704977287646857,0.9863203386867896,none,0.010397989157289256,0.0010375098917954073,0.47163217772680227,4.4214533871312245,diagnostic only,ff12,vw
rolling120,1980-09,1990-08,20000,3.1754943317653117,3.1711472624991934,1.3061982417393072,0.995001129990356,none,0.009236216343078094,0.0010421759272805087,0.4706547686462653,4.4214533871312245,diagnostic only,ff12,vw
rolling120,1980-10,1990-09,20000,2.857422065368082,2.8544486661284307,1.2161942198454798,1.0032526331521694,none,0.008599791800926215,0.0007714201166513224,0.3457524680226807,4.4214533871312245,diagnostic only,ff12,vw
rolling120,1980-11,1990-10,20000,2.7924650485353313,2.788848500416444,1.2017973682901633,1.0084770691338194,none,0.008497990687301211,0.0009545243412318882,0.42557685127750744,4.4214533871312245,diagnostic only,ff12,vw
rolling120,1980-12,1990-11,20000,2.772119832923351,2.7681095773092084,1.1830313631639768,0.9889896286296853,none,0.008365294992496131,0.0010642619413967491,0.47939201399832343,4.4214533871312245,diagnostic only,ff12,vw
rolling120,1981-01,1990-12,20000,2.9197661116798983,2.917913748378488,1.2244784127771267,0.9865613441155546,none,0.008658369890912466,0.00047279328243932106,0.21393903526279603,4.4214533871312245,diagnostic only,ff12,vw
rolling120,1981-02,1991-01,20000,3.220721746635659,3.2176359188940635,1.3204166674653341,0.9893229593411724,none,0.009336755795564804,0.0007316486773483177,0.33050320787667137,4.4214533871312245,diagnostic only,ff12,vw
rolling120,1981-03,1991-02,20000,3.446770311953676,3.4422624664678203,1.3914597123736852,0.9895436951464417,none,0.009839105983673158,0.0010147634273938166,0.45815600455326444,4.4214533871312245,diagnostic only,ff12,vw
rolling120,1981-04,1991-03,20000,3.3242602034818285,3.3214370203068455,1.3487702112684443,0.9868638387268892,none,0.009537245626503293,0.0006532973086768035,0.29601661585998834,4.4214533871312245,diagnostic only,ff12,vw
rolling120,1981-05,1991-04,20000,3.323052630839736,3.3189230953386613,1.3419334239989453,0.9836636022926455,none,0.009488902240105367,0.0009561493478622562,0.43519633742469777,4.4214533871312245,diagnostic only,ff12,vw
rolling120,1981-06,1991-05,20000,3.4340442479321123,3.4300252143224323,1.3846041341245636,0.9911620506556127,none,0.009790629724984068,0.0009072258994566873,0.410497968217919,4.4214533871312245,diagnostic only,ff12,vw
rolling120,1981-07,1991-06,20000,3.291885786815783,3.2881321634398857,1.3331656929028393,0.9857270273829799,none,0.009426905018968599,0.000875351605974295,0.39818194501209975,4.4214533871312245,diagnostic only,ff12,vw
rolling120,1981-08,1991-07,20000,3.5358247603486577,3.531634536004212,1.4029004900157742,0.9786494126815016,none,0.009920004498200843,0.0009246606960808812,0.4224014560886106,4.4214533871312245,diagnostic only,ff12,vw
rolling120,1981-09,1991-08,20000,3.9082688706708955,3.9028953001964277,1.5158311942450364,0.9765241359939808,none,0.010718545165847679,0.0010959994340999923,0.501333939571338,4.4214533871312245,diagnostic only,ff12,vw
rolling120,1981-10,1991-09,20000,4.077430078512639,4.075083573120578,1.5582620612045743,0.9711145639801242,none,0.011018576703434814,0.00046235798056382116,0.21295902866740968,4.4214533871312245,diagnostic only,ff12,vw
rolling120,1981-11,1991-10,20000,3.87567317409174,3.8754730481907504,1.4922101696353862,0.9710750292285025,none,0.0105515192990471,4.104748380551193e-05,0.018966548353627606,4.4214533871312245,diagnostic only,ff12,vw
rolling120,1981-12,1991-11,20000,3.4980056548675806,3.4968994596323526,1.3812211643172474,0.9750723482183324,none,0.009766708516071042,0.0002459906531506739,0.11326182545611965,4.4214533871312245,diagnostic only,ff12,vw
rolling120,1982-01,1991-12,20000,4.078071478601693,4.077984455029146,1.5679800720752974,0.978943564368256,none,0.011087293417298144,1.7137423975466248e-05,0.00784894647159094,4.4214533871312245,diagnostic only,ff12,vw
rolling120,1982-02,1992-01,20000,4.179728292343941,4.179043140122138,1.6108321874133857,0.9888987305889426,none,0.011390303630735647,0.0001322932061513793,0.060152235095311174,4.4214533871312245,diagnostic only,ff12,vw
rolling120,1982-03,1992-02,20000,4.511811664792364,4.510599126304472,1.7182141151182981,0.9953530101055609,none,0.012149608523305917,0.00022003750592269888,0.09980062201727095,4.4214533871312245,diagnostic only,ff12,vw
rolling120,1982-04,1992-03,20000,4.405978010304141,4.407383722884173,1.683518433101435,0.9935599584711442,none,0.011904273002985757,-0.0002599616842583474,-0.11808470619582079,4.4214533871312245,diagnostic only,ff12,vw
rolling120,1982-05,1992-04,20000,4.302546536922772,4.3039150089514555,1.6607916834750456,1.0000561964852497,none,0.01174357061523427,-0.00025801168125327845,-0.11652946735882119,4.4214533871312245,diagnostic only,ff12,vw
rolling120,1982-06,1992-05,20000,4.482031616579015,4.482425059196524,1.7135309760165904,0.9978711910516744,none,0.012116493729145344,-7.176434028033363e-05,-0.032471656099918,4.4214533871312245,diagnostic only,ff12,vw
rolling120,1982-07,1992-06,20000,4.461634679149365,4.46169729127416,1.7068921510726769,0.9977982163017376,none,0.012069550147775826,-1.1463858477722688e-05,-0.005187610476652169,4.4214533871312245,diagnostic only,ff12,vw
rolling120,1982-08,1992-07,20000,4.7697761805840315,4.7684869477372684,1.7988597499023398,0.9964971794533316,none,0.012719859275594813,0.00022349584188074978,0.1013559048751968,4.4214533871312245,diagnostic only,ff12,vw
rolling120,1982-09,1992-08,20000,4.017385222112598,4.015730565720853,1.5709556776376603,0.9999055386066014,none,0.011108334126010975,0.0003298933963984396,0.14895630370626692,4.4214533871312245,diagnostic only,ff12,vw
rolling120,1982-10,1992-09,20000,3.9990131632118007,3.997824136129897,1.5656324780147464,0.9990793720550468,none,0.011070693420501253,0.00023790894787767414,0.10740312614037296,4.4214533871312245,diagnostic only,ff12,vw
rolling120,1982-11,1992-10,20000,3.5091525985159495,3.5087748655627147,1.4041078256658104,0.9944306452095215,none,0.009928541650453931,8.377729305597548e-05,0.03804515975592186,4.4214533871312245,diagnostic only,ff12,vw
rolling120,1982-12,1992-11,20000,3.4407096782499518,3.442122422394685,1.3774717731049675,0.9925966620627555,none,0.009740196316555799,-0.0003180335907921883,-0.14504267663803022,4.4214533871312245,diagnostic only,ff12,vw
rolling120,1983-01,1992-12,20000,3.479525447941938,3.4787835794951683,1.3870267925066133,0.9913434329789477,none,0.009807760506688527,0.0001656406105814412,0.07564096271149613,4.4214533871312245,diagnostic only,ff12,vw
rolling120,1983-02,1993-01,20000,3.3561413793651425,3.353678092549578,1.3503057677925643,0.9912506168414834,none,0.009548103650814297,0.0005657944301808993,0.25798702084200914,4.4214533871312245,diagnostic only,ff12,vw
rolling120,1983-03,1993-02,20000,3.249077687380755,3.2455654437025405,1.3255083449931069,0.9954299790864435,none,0.009372759392639835,0.0008272734750618405,0.3747288851747057,4.4214533871312245,diagnostic only,ff12,vw
rolling120,1983-04,1993-03,20000,3.217513991555931,3.2140047369339557,1.3106816828184664,0.9915863083772837,none,0.009267919058979331,0.0008327600088386955,0.3786453679238042,4.4214533871312245,diagnostic only,ff12,vw
rolling120,1983-05,1993-04,20000,2.8527759344264343,2.849297567178256,1.2041949865785238,0.9952214352691146,none,0.008514944408805177,0.0009036368811383699,0.4085014629786046,4.4214533871312245,diagnostic only,ff12,vw
rolling120,1983-06,1993-05,20000,2.940114898770317,2.937233681163006,1.232167009953042,0.9959478510462532,none,0.008712736482921481,0.0007317873005852071,0.3306903190471666,4.4214533871312245,diagnostic only,ff12,vw
rolling120,1983-07,1993-06,20000,2.8056700909321397,2.804245288773768,1.1887231527606656,0.9943731060861275,none,0.008405542022705189,0.00037452951905514453,0.1695074695389208,4.4214533871312245,diagnostic only,ff12,vw
rolling120,1983-08,1993-07,20000,2.9281387287180114,2.9267576618352176,1.2289352757688536,0.9949135094660376,none,0.008689884671355163,0.0003517066755140963,0.15892810261870263,4.4214533871312245,diagnostic only,ff12,vw
rolling120,1983-09,1993-08,20000,3.065520533569596,3.0652934240599894,1.2664983863574928,0.9899170487538945,none,0.008955495973552031,5.5865465518945e-05,0.025359791381425016,4.4214533871312245,diagnostic only,ff12,vw
rolling120,1983-10,1993-09,20000,2.98590833550744,2.9858521496073465,1.2392772882591105,0.9888216609138221,none,0.008763013742984929,1.4096333226687463e-05,0.006411709685877612,4.4214533871312245,diagnostic only,ff12,vw
rolling120,1983-11,1993-10,20000,3.1836609527975965,3.183150674036396,1.303626434360485,0.9903388356023173,none,0.009218030918703386,0.00012198431301269075,0.05535659032833379,4.4214533871312245,diagnostic only,ff12,vw
rolling120,1983-12,1993-11,20000,3.0211851215100194,3.0193252029348656,1.2527768904469627,0.9900900298560865,none,0.008858470345488438,0.0004627439884175022,0.2099593386459795,4.4214533871312245,diagnostic only,ff12,vw
rolling120,1984-01,1993-12,20000,3.1545059475074035,3.152107936635389,1.2934088381646756,0.9894323736177948,none,0.009145781603128558,0.0005775405910950493,0.2621985715463007,4.4214533871312245,diagnostic only,ff12,vw
rolling120,1984-02,1994-01,20000,3.345486692728608,3.3435281000320805,1.3418188828932627,0.9772079161505667,none,0.00948809231217984,0.00045092207335173384,0.2064263955372039,4.4214533871312245,diagnostic only,ff12,vw
rolling120,1984-03,1994-02,20000,3.4245689003899358,3.4211666624630688,1.3643716744798278,0.9744441051082949,none,0.00964756463083531,0.0007695339684326008,0.3526525146038258,4.4214533871312245,diagnostic only,ff12,vw
rolling120,1984-04,1994-03,20000,3.1749192466996385,3.170799848464001,1.2846158142888262,0.9727960516960925,none,0.009083605535031077,0.0009876758380420458,0.45349814231265695,4.4214533871312245,diagnostic only,ff12,vw
rolling120,1984-05,1994-04,20000,3.2011311606696187,3.1956052392032284,1.2922422852588282,0.972849195012955,none,0.009137532828425183,0.0013170737358119133,0.6047498345724329,4.4214533871312245,diagnostic only,ff12,vw
rolling120,1984-06,1994-05,20000,3.444257046363341,3.4376424079163392,1.3700583772033281,0.9743208408463435,none,0.009687775691419102,0.0014905749132021473,0.6827819571484002,4.4214533871312245,diagnostic only,ff12,vw
rolling120,1984-07,1994-06,20000,3.175801865364815,3.1706614822937462,1.2802413803024826,0.9672610181662367,none,0.00905267361567511,0.0012325102607562144,0.5678303768919452,4.4214533871312245,diagnostic only,ff12,vw
rolling120,1984-08,1994-07,20000,3.3733268860304175,3.368508153950752,1.3359450381485005,0.9640882079579901,none,0.009446557957673256,0.0011030612533726725,0.5101045376799263,4.4214533871312245,diagnostic only,ff12,vw
rolling120,1984-09,1994-08,20000,3.1168070667863534,3.1120016490353377,1.2626872765004091,0.9687420070737897,none,0.008928547357314125,0.0011686322528940973,0.5382082391128503,4.4214533871312245,diagnostic only,ff12,vw
rolling120,1984-10,1994-09,20000,3.0338010971323794,3.0302259704106405,1.2341835312159413,0.9662379630269446,none,0.008726995441515511,0.0008870784784740238,0.4096629528109547,4.4214533871312245,diagnostic only,ff12,vw
rolling120,1984-11,1994-10,20000,3.0872265475913903,3.0846658613163793,1.2534440873118722,0.9694441399098437,none,0.008863188139764078,0.0006269022637228616,0.2889125486936914,4.4214533871312245,diagnostic only,ff12,vw
rolling120,1984-12,1994-11,20000,2.978901055793201,2.9779064163181985,1.221876393491821,0.9706549214455998,none,0.00863997083609829,0.00025004094388014764,0.11512069819113363,4.4214533871312245,diagnostic only,ff12,vw
rolling120,1985-01,1994-12,20000,2.932148808013851,2.9312524373303663,1.2083688663302479,0.9712213574128923,none,0.00854445819556819,0.0002280114792356791,0.10490667318727481,4.4214533871312245,diagnostic only,ff12,vw
rolling120,1985-02,1995-01,20000,2.6920243517128233,2.6911251632908035,1.1359829794121024,0.9717427103917163,none,0.008032612680547958,0.00024360821761404416,0.1119422108073569,4.4214533871312245,diagnostic only,ff12,vw
rolling120,1985-03,1995-02,20000,2.7639631214223663,2.763355165545768,1.1578534026214975,0.9715120994460212,none,0.008187259926135787,0.00016154623995223716,0.07425633021098979,4.4214533871312245,diagnostic only,ff12,vw
rolling120,1985-04,1995-03,20000,2.8505962426419735,2.8502583522593974,1.1769332688118144,0.9654301522190992,none,0.008322174953808837,8.775784678904941e-05,0.040601211155925215,4.4214533871312245,diagnostic only,ff12,vw
rolling120,1985-05,1995-04,20000,2.96410654701701,2.9613386844782905,1.2103912792631584,0.9653382374424693,none,0.008558758814560394,0.0006987189834499752,0.32339531919169867,4.4214533871312245,diagnostic only,ff12,vw
rolling120,1985-06,1995-05,20000,2.8613879330871512,2.858577641393667,1.177621344473692,0.9646157586289626,none,0.008327040383473669,0.0007283232202810463,0.337489860030186,4.4214533871312245,diagnostic only,ff12,vw
rolling120,1985-07,1995-06,20000,2.882497059723473,2.881731820129458,1.1894963463514616,0.9690610735418898,none,0.008411009327017407,0.00019713870753435003,0.09098070924224709,4.4214533871312245,diagnostic only,ff12,vw
rolling120,1985-08,1995-07,20000,3.029304311898025,3.0268393556763025,1.2297130262804912,0.9659812723134522,none,0.008695384197963663,0.000612131749990974,0.28347870152761623,4.4214533871312245,diagnostic only,ff12,vw
rolling120,1985-09,1995-08,20000,3.076256930880748,3.074063640291773,1.245812147186215,0.9675708482398758,none,0.008809222173599458,0.0005383545233026421,0.2489766458096483,4.4214533871312245,diagnostic only,ff12,vw
rolling120,1985-10,1995-09,20000,3.391416092664444,3.388411470677596,1.344821897744494,0.9694272409994741,none,0.009509326833832933,0.0006846718925344053,0.3159657922533468,4.4214533871312245,diagnostic only,ff12,vw
rolling120,1985-11,1995-10,20000,3.1511275852907827,3.1489028515314583,1.2723426531607058,0.9698338925298217,none,0.008996821180428185,0.0005362221866687111,0.24727997975152974,4.4214533871312245,diagnostic only,ff12,vw
rolling120,1985-12,1995-11,20000,3.0464921498821798,3.0455497442078503,1.2395913294029584,0.9695810428747669,none,0.008765234349208792,0.00023294872981827197,0.10751631237498269,4.4214533871312245,diagnostic only,ff12,vw
rolling120,1986-01,1995-12,20000,2.950340466851958,2.9479683532591454,1.2107937688451886,0.9710318542760165,none,0.0085616048456885,0.0006008441255245245,0.2770641293971088,4.4214533871312245,diagnostic only,ff12,vw
rolling120,1986-02,1996-01,20000,3.0251219080780727,3.021278435583932,1.2289272450567361,0.9694319828293679,none,0.008689827885645202,0.0009557837279134951,0.4422955833785367,4.4214533871312245,diagnostic only,ff12,vw
rolling120,1986-03,1996-02,20000,2.793731490487121,2.7883804559622605,1.157305775072019,0.9697965559250563,none,0.00818338761459778,0.0014124860443831544,0.6538899019417178,4.4214533871312245,diagnostic only,ff12,vw
rolling120,1986-04,1996-03,20000,2.6520345904307008,2.6463661938855334,1.113475646864226,0.9693190776391437,none,0.007873461805837716,0.001554532990864388,0.7199370092790173,4.4214533871312245,diagnostic only,ff12,vw
rolling120,1986-05,1996-04,20000,2.74155104169329,2.736331050776489,1.1436065484292783,0.9724102675109005,none,0.008086519454036845,0.0013970900452506818,0.6455176354265822,4.4214533871312245,diagnostic only,ff12,vw
rolling120,1986-06,1996-05,20000,2.640217240820446,2.6348769499460274,1.1109943898897983,0.9711967841764618,none,0.007855916669512875,0.0014691806484667946,0.6797794705668398,4.4214533871312245,diagnostic only,ff12,vw
rolling120,1986-07,1996-06,20000,2.5600193749195315,2.555850126805478,1.0852914729543832,0.9703232398672291,none,0.007674169600899809,0.001172503892282739,0.5432832906852282,4.4214533871312245,diagnostic only,ff12,vw
rolling120,1986-08,1996-07,20000,2.5684468941974172,2.565859247040616,1.0805157455059458,0.9583528307001217,none,0.0076404001082609205,0.0007256728259672496,0.33867953512059523,4.4214533871312245,diagnostic only,ff12,vw
rolling120,1986-09,1996-08,20000,2.444810239488395,2.4430495520779036,1.0385400391287973,0.9511652380729947,none,0.00734358704201715,0.0005113744033768963,0.23975849954759312,4.4214533871312245,diagnostic only,ff12,vw
rolling120,1986-10,1996-09,20000,2.9063699721990393,2.905749895061513,1.1753142414908835,0.9483051311461634,none,0.008310726701833271,0.00015876007276105497,0.07461166270687566,4.4214533871312245,diagnostic only,ff12,vw
rolling120,1986-11,1996-10,20000,2.7558006284529206,2.755692423608821,1.1308635049510156,0.9494240002533694,none,0.0079964125294725,2.8810890748021123e-05,0.013531673572448317,4.4214533871312245,diagnostic only,ff12,vw
rolling120,1986-12,1996-11,20000,2.9003751086307,2.900781572105775,1.176078227777021,0.9512000537460232,none,0.008316128900669885,-0.00010420052175741379,-0.04887652415324783,4.4214533871312245,diagnostic only,ff12,vw
rolling120,1987-01,1996-12,20000,2.9741420015469378,2.9743566040741136,1.199218786470865,0.9521757055148624,none,0.008479757360398509,-5.3996797105715366e-05,-0.025307625920770613,4.4214533871312245,diagnostic only,ff12,vw
rolling120,1987-02,1997-01,20000,2.6773173387550355,2.67761238010606,1.1086424518416704,0.9524337193006926,none,0.007839285956085256,-8.02263317962737e-05,-0.0376362531839128,4.4214533871312245,diagnostic only,ff12,vw
rolling120,1987-03,1997-02,20000,2.5181268497841214,2.5190514476633616,1.0583230538390302,0.9490160057060865,none,0.007483474080556339,-0.0002627406541197974,-0.12355195852719869,4.4214533871312245,diagnostic only,ff12,vw
rolling120,1987-04,1997-03,20000,2.299074933014405,2.3005563821126787,0.9930960191092881,0.9497494805794747,none,0.007022249294815428,-0.00044884829306424123,-0.21096503927416954,4.4214533871312245,diagnostic only,ff12,vw
rolling120,1987-05,1997-04,20000,2.467660540562165,2.4708869994423295,1.0430148410491924,0.9471671338675547,none,0.007375228669840929,-0.0009295776211333262,-0.4374723855489421,4.4214533871312245,diagnostic only,ff12,vw
rolling120,1987-06,1997-05,20000,2.670331504942383,2.6742382127375883,1.1037438133574242,0.9468931362383679,none,0.007804647351177337,-0.0010632701444510673,-0.5005617319296265,4.4214533871312245,diagnostic only,ff12,vw
rolling120,1987-07,1997-06,20000,2.6520361924597604,2.655396715671831,1.0984134664940672,0.9477192942430468,none,0.007766956107045775,-0.0009193320105758129,-0.4326692678258242,4.4214533871312245,diagnostic only,ff12,vw
rolling120,1987-08,1997-07,20000,2.7272495286065817,2.729927051386467,1.1245524574124517,0.9534245148038191,none,0.007951786684363407,-0.000717848564596002,-0.3367196437940884,4.4214533871312245,diagnostic only,ff12,vw
rolling120,1987-09,1997-08,20000,2.4762819104801084,2.4788443319504005,1.0517475961757705,0.9557765429960948,none,0.007436978573525379,-0.0007365726160145636,-0.3445514122380349,4.4214533871312245,diagnostic only,ff12,vw
rolling120,1987-10,1997-09,20000,2.748378477074896,2.751474450941676,1.1327005213476928,0.9543178224987576,none,0.008009402196984913,-0.000825268546345348,-0.3865424398272366,4.4214533871312245,diagnostic only,ff12,vw
rolling120,1987-11,1997-10,20000,3.6747636050411945,3.6763885795192026,1.360050922296785,0.8986264733163195,none,0.009617012299150749,-0.00034748491285030436,-0.16896874283415766,4.4214533871312245,diagnostic only,ff12,vw
rolling120,1987-12,1997-11,20000,4.231325404056529,4.234017117274255,1.5285742317428048,0.9016106450080333,none,0.010808652048123544,-0.0005142729107328048,-0.24903320097102305,4.4214533871312245,diagnostic only,ff12,vw
rolling120,1988-01,1997-12,20000,3.9776118325234946,3.9800989978863432,1.454502170150553,0.9018347335090614,none,0.010284883477640056,-0.0004994208677184808,-0.241827276726654,4.4214533871312245,diagnostic only,ff12,vw
rolling120,1988-02,1998-01,20000,3.7667944255487806,3.7723649175943725,1.391584482636909,0.9013349766307346,none,0.009839988242665318,-0.0011672393334916098,-0.5661075916166994,4.4214533871312245,diagnostic only,ff12,vw
rolling120,1988-03,1998-02,20000,3.84993770035989,3.8567322500224517,1.4149762562243473,0.9012814048522823,none,0.010005393059941897,-0.0013989961383048533,-0.6790887296337096,4.4214533871312245,diagnostic only,ff12,vw
rolling120,1988-04,1998-03,20000,4.214143455310073,4.222512283426271,1.5205703654056226,0.9003163614109401,none,0.010752056166496222,-0.0016024525481264096,-0.7783467633172644,4.4214533871312245,diagnostic only,ff12,vw
rolling120,1988-05,1998-04,20000,4.202524505049345,4.2113956963551935,1.5207455633320646,0.9020896315468808,none,0.010753295002914592,-0.001702267842001115,-0.8249742337994174,4.4214533871312245,diagnostic only,ff12,vw
rolling120,1988-06,1998-05,20000,4.114982043081882,4.12267393625906,1.5044105814851363,0.908867880400278,none,0.010637789238569369,-0.0015015387028117777,-0.7230725298908384,4.4214533871312245,diagnostic only,ff12,vw
rolling120,1988-07,1998-06,20000,4.003883870401021,4.011933832854472,1.4713115465619575,0.9098787649485232,none,0.010403743718120268,-0.0016061589641669372,-0.7737563199899127,4.4214533871312245,diagnostic only,ff12,vw
rolling120,1988-08,1998-07,20000,3.894861434739473,3.9018248527352464,1.4446080264006336,0.9141213473537003,none,0.010214921316244031,-0.0014205766637882533,-0.6816908109414385,4.4214533871312245,diagnostic only,ff12,vw
rolling120,1988-09,1998-08,20000,3.3395703417510085,3.3497155108534553,1.3139381970844728,0.9536110444285802,none,0.00929094609218457,-0.002332375319060054,-1.0919414451215872,4.4214533871312245,diagnostic only,ff12,vw
rolling120,1988-10,1998-09,20000,3.414908219606293,3.4259443309753568,1.3535154210076499,0.9667243105453736,none,0.00957079932635074,-0.0024935043334880502,-1.1531023682294197,4.4214533871312245,diagnostic only,ff12,vw
rolling120,1988-11,1998-10,20000,3.6405571653207627,3.6523898454486448,1.4313985196042358,0.9693357343744852,none,0.010121515997925403,-0.0025433552477245325,-1.1690620387605386,4.4214533871312245,diagnostic only,ff12,vw
rolling120,1988-12,1998-11,20000,3.964670639086262,3.974908782392805,1.5372179571781277,0.9739150688725788,none,0.010869772416823858,-0.002057955985600657,-0.9418912295437373,4.4214533871312245,diagnostic only,ff12,vw
rolling120,1989-01,1998-12,20000,4.10151925659641,4.114606896452623,1.5994957641626164,0.9894473408754573,none,0.011310143013185447,-0.0025588750262097726,-1.1571595373246215,4.4214533871312245,diagnostic only,ff12,vw
rolling120,1989-02,1999-01,20000,3.8560776050984256,3.8680086368628164,1.5491527210567053,1.0117359819929364,none,0.010954163941527885,-0.0024509060386712633,-1.0891777618152638,4.4214533871312245,diagnostic only,ff12,vw
rolling120,1989-03,1999-02,20000,3.797333500761399,3.809801089623763,1.5385855917802174,1.0148032511642733,none,0.010879443053837088,-0.002592121509818912,-1.145976756408183,4.4214533871312245,diagnostic only,ff12,vw
rolling120,1989-04,1999-03,20000,3.8481314982387347,3.858818620739406,1.5640285810553702,1.0266129707941094,none,0.01105935215633826,-0.002199531066060967,-0.9663425442643442,4.4214533871312245,diagnostic only,ff12,vw
rolling120,1989-05,1999-04,20000,3.915577035438012,3.925266709598482,1.6027507512529824,1.0344266877239157,none,0.011333159247628172,-0.0019673399902560007,-0.8549843824437416,4.4214533871312245,diagnostic only,ff12,vw
rolling120,1989-06,1999-05,20000,3.6510759811371987,3.6624472914256003,1.5238813409455367,1.040694544524418,none,0.010775468299062382,-0.0024389144965378806,-1.0552961572344028,4.4214533871312245,diagnostic only,ff12,vw
rolling120,1989-07,1999-06,20000,3.827401802703778,3.836659347435731,1.5907653307058371,1.0471706680110286,none,0.011248409526185582,-0.0019140369554578873,-0.8230092183612049,4.4214533871312245,diagnostic only,ff12,vw
rolling120,1989-08,1999-07,20000,3.3527324637286364,3.3608205456790667,1.433754214822721,1.0466048135104657,none,0.0101381732785594,-0.0018547156127404207,-0.7977849389825781,4.4214533871312245,diagnostic only,ff12,vw
rolling120,1989-09,1999-08,20000,3.1839784809264393,3.1933408617668038,1.3865774151114956,1.052360907692159,none,0.00980458292865453,-0.0022326782269780354,-0.954898429488753,4.4214533871312245,diagnostic only,ff12,vw
rolling120,1989-10,1999-09,20000,3.0612524870377826,3.0702210459334385,1.352280118386985,1.058347508732407,none,0.009562064417751844,-0.0022034574521736516,-0.937931235749242,4.4214533871312245,diagnostic only,ff12,vw
rolling120,1989-11,1999-10,20000,3.4165127905933463,3.425759138223996,1.4768267337624519,1.0633163862332957,none,0.010442741980810097,-0.0020892116678451478,-0.885432930128989,4.4214533871312245,diagnostic only,ff12,vw
rolling120,1989-12,1999-11,20000,3.3944324906128633,3.403442922608237,1.4834202972065758,1.0754583549058987,none,0.010489365515045335,-0.002046224318955514,-0.8590063891328431,4.4214533871312245,diagnostic only,ff12,vw
rolling120,1990-01,1999-12,20000,3.498942414654698,3.5084197510954738,1.547843351232177,1.1020016492935676,none,0.010944905298707834,-0.00210214154049726,-0.8659130601974733,4.4214533871312245,diagnostic only,ff12,vw
rolling120,1990-02,2000-01,20000,3.668461319771806,3.6820763258271922,1.623275560384896,1.1158161058722758,none,0.01147829156482553,-0.0029078992113570346,-1.1861526585636155,4.4214533871312245,diagnostic only,ff12,vw
rolling120,1990-03,2000-02,20000,3.4246643404389214,3.4377674191035847,1.5735624010040963,1.1650324243252945,none,0.011126766443701818,-0.002952628524031553,-1.1776178399143236,4.4214533871312245,diagnostic only,ff12,vw
rolling120,1990-04,2000-03,20000,3.642074057137185,3.6555241799928817,1.6668529794630433,1.1732409670612118,none,0.011786430450193189,-0.0028890673392909516,-1.1411532026200903,4.4214533871312245,diagnostic only,ff12,vw
rolling120,1990-05,2000-04,20000,3.734017307731937,3.748459314282755,1.7217734259481396,1.1864700448787682,none,0.012174776651547235,-0.003041408927602629,-1.186223531171111,4.4214533871312245,diagnostic only,ff12,vw
rolling120,1990-06,2000-05,20000,3.304003048993893,3.3171207691497573,1.5953063301466834,1.2024531056914158,none,0.01128051924116545,-0.0030385344439756157,-1.162864924514666,4.4214533871312245,diagnostic only,ff12,vw
rolling120,1990-07,2000-06,20000,3.3252261449567637,3.3402237972344997,1.6267835371433337,1.222719336288904,none,0.01150309670636689,-0.003455502061274429,-1.303792592601162,4.4214533871312245,diagnostic only,ff12,vw
rolling120,1990-08,2000-07,20000,3.3522171662151705,3.3636134358267062,1.638128671650335,1.2242408175133377,none,0.011583318921800631,-0.0026116588417223197,-0.983851838015712,4.4214533871312245,diagnostic only,ff12,vw
rolling120,1990-09,2000-08,20000,4.090468647826909,4.1035697650539715,1.923330000747881,1.225859985029784,none,0.013599996859883542,-0.002567049698579793,-0.9633176655876607,4.4214533871312245,diagnostic only,ff12,vw
rolling120,1990-10,2000-09,20000,4.350067978912633,4.364671733742732,2.038597132656354,1.2296899477075707,none,0.014415058566087597,-0.002722208469577825,-1.0130902183398227,4.4214533871312245,diagnostic only,ff12,vw
rolling120,1990-11,2000-10,20000,4.425479011714471,4.438346137028611,2.0653814461030153,1.228321203937489,none,0.014604452262763199,-0.0023659996973215414,-0.8810412799216463,4.4214533871312245,diagnostic only,ff12,vw
rolling120,1990-12,2000-11,20000,3.8027714141725446,3.812030116897456,1.8667506304761408,1.2373997494681364,none,0.013199920295939421,-0.0019240741433431685,-0.7014211084107651,4.4214533871312245,diagnostic only,ff12,vw
rolling120,1991-01,2000-12,20000,3.826570416544025,3.8319842714750623,1.8887209395629063,1.2442187599240924,none,0.013355273841339584,-0.001120420644371234,-0.40537206465055753,4.4214533871312245,diagnostic only,ff12,vw
rolling120,1991-02,2001-01,20000,3.680231204487756,3.684744845388045,1.8667752249303355,1.271485272937453,none,0.013200094204992827,-0.0009634763576789052,-0.3419400521082496,4.4214533871312245,diagnostic only,ff12,vw
rolling120,1991-03,2001-02,20000,3.1645970116102675,3.165680134930226,1.694810045162934,1.277177187166657,none,0.011984116757577894,-0.0002600111590126408,-0.09037990382342904,4.4214533871312245,diagnostic only,ff12,vw
rolling120,1991-04,2001-03,20000,2.8462226712547127,2.8459603590841422,1.569297247052701,1.2801942979444827,none,0.011096607250883456,6.820459549228275e-05,0.02363895239687833,4.4214533871312245,diagnostic only,ff12,vw
rolling120,1991-05,2001-04,20000,3.110949927612228,3.108679171240107,1.6849102276386108,1.2889461743061161,none,0.01191411447653831,0.0005526730799563229,0.19059380171248183,4.4214533871312245,diagnostic only,ff12,vw
rolling120,1991-06,2001-05,20000,2.969250242171386,2.967072702559592,1.6197423091479206,1.2817410668478384,none,0.011453307705732519,0.0005489033791563624,0.19012320874813146,4.4214533871312245,diagnostic only,ff12,vw
rolling120,1991-07,2001-06,20000,3.059460588048626,3.059348713808059,1.661573044889688,1.2854853316800763,none,0.011749095674782781,2.7559652657327405e-05,0.009521944808666383,4.4214533871312245,diagnostic only,ff12,vw
rolling120,1991-08,2001-07,20000,2.8562598251778453,2.856820640173013,1.5830816792941107,1.28913786156558,none,0.011194077906010529,-0.00014540862733580795,-0.050099257828712274,4.4214533871312245,diagnostic only,ff12,vw
rolling120,1991-09,2001-08,20000,2.596929468414886,2.5968582828874682,1.4847603101078588,1.2968861519968935,none,0.010498840837139081,1.9791029231441826e-05,0.006780322563398453,4.4214533871312245,diagnostic only,ff12,vw
rolling120,1991-10,2001-09,20000,2.320715139026203,2.317830636470251,1.3879633988064706,1.3126700445911124,none,0.009814383313347837,0.0008693941529880345,0.2939056346035361,4.4214533871312245,diagnostic only,ff12,vw
rolling120,1991-11,2001-10,20000,2.3414987458660854,2.3383889986340223,1.4077636288636457,1.325880433107035,none,0.00995439208277266,0.0009315113467409653,0.31239951231627244,4.4214533871312245,diagnostic only,ff12,vw
rolling120,1991-12,2001-11,20000,2.716701050100401,2.7131141218918984,1.5755344649635434,1.3338724738695407,none,0.011140711041688406,0.0009660161499898123,0.32196582382224737,4.4214533871312245,diagnostic only,ff12,vw
rolling120,1992-01,2001-12,20000,2.4378315248402593,2.434420576655043,1.454507152146023,1.331444947055668,none,0.010284918705667863,0.0009931655454202826,0.3316456145964998,4.4214533871312245,diagnostic only,ff12,vw
rolling120,1992-02,2002-01,20000,2.382403824499233,2.3786403981655564,1.4245684088815456,1.3235142857795037,none,0.010073219821842712,0.0011138878040173328,0.37360708891867456,4.4214533871312245,diagnostic only,ff12,vw
rolling120,1992-03,2002-02,20000,2.3293696206519066,2.3269228536393753,1.4072946441713579,1.3226887903144475,none,0.009951075860210766,0.0007354444693103979,0.24587964627167375,4.4214533871312245,diagnostic only,ff12,vw
rolling120,1992-04,2002-03,20000,2.558556428877358,2.5551124115177606,1.5053922228127068,1.32441896560536,none,0.010644730490963551,0.0009687506219042685,0.32354199690832836,4.4214533871312245,diagnostic only,ff12,vw
rolling120,1992-05,2002-04,20000,2.336987513727043,2.334674850092908,1.416629199827094,1.3272026513148705,none,0.010017081136246107,0.0006935199796376246,0.2308720077914129,4.4214533871312245,diagnostic only,ff12,vw
rolling120,1992-06,2002-05,20000,2.288659868338392,2.286808438996374,1.3976784732181362,1.3284907965657267,none,0.009883079263310045,0.000563290917733994,0.1873332483420437,4.4214533871312245,diagnostic only,ff12,vw
rolling120,1992-07,2002-06,20000,2.1357702929955793,2.1331879635739868,1.337364159934594,1.33341091274523,none,0.009456592664056018,0.0008241859255220252,0.2730718677783197,4.4214533871312245,diagnostic only,ff12,vw
rolling120,1992-08,2002-07,20000,1.7521055097286227,1.7498730826767166,1.1773366464297836,1.3386103077718972,none,0.008325027264299286,0.0008118291225764906,0.2681585274176245,4.4214533871312245,diagnostic only,ff12,vw
rolling120,1992-09,2002-08,20000,1.8431647871164114,1.840771175168018,1.213660303015904,1.3355895539879314,none,0.008581874303194658,0.0008425923106079036,0.2789148225466719,4.4214533871312245,diagnostic only,ff12,vw
rolling120,1992-10,2002-09,20000,1.53335352299316,1.5305976487407782,1.0826851152232482,1.3376236475846015,none,0.007655739868640973,0.0010890211068332878,0.35997490767291446,4.4214533871312245,diagnostic only,ff12,vw
rolling120,1992-11,2002-10,20000,1.664706917663338,1.6618635757886921,1.1527499987614978,1.3626477249982816,none,0.008151173411370394,0.0010681771599820866,0.34882608075538735,4.4214533871312245,diagnostic only,ff12,vw
rolling120,1992-12,2002-11,20000,1.7062441031685764,1.7042948240414577,1.1763817254131619,1.3713738133737545,none,0.00831827495303578,0.000720808659540273,0.23433694343168293,4.4214533871312245,diagnostic only,ff12,vw
rolling120,1993-01,2002-12,20000,1.5411570622984125,1.540001060717192,1.1110799128259543,1.379885440875254,none,0.007856521407993904,0.0004551185427041915,0.14713911172499686,4.4214533871312245,diagnostic only,ff12,vw
rolling120,1993-02,2003-01,20000,1.4238504486228012,1.4224190359915796,1.055434026532836,1.3738811031789209,none,0.0074630455725639075,0.0005909021560488448,0.1918000657109532,4.4214533871312245,diagnostic only,ff12,vw
rolling120,1993-03,2003-02,20000,1.3522518501394865,1.3516279437432033,1.0210872600086498,1.3694682745259505,none,0.007220177257353077,0.000265308293322164,0.08641150681554112,4.4214533871312245,diagnostic only,ff12,vw
rolling120,1993-04,2003-03,20000,1.3238928197311808,1.3233753993603448,1.0107339372410096,1.372480120817007,none,0.007146968209984962,0.00022270200974761067,0.07239718376151948,4.4214533871312245,diagnostic only,ff12,vw
rolling120,1993-05,2003-04,20000,1.5624586823799456,1.5614296398673666,1.1147231745619632,1.3735602209075832,none,0.007882283158785598,0.00040174537553672174,0.13055132527584826,4.4214533871312245,diagnostic only,ff12,vw
rolling120,1993-06,2003-05,20000,1.6363735014113967,1.6350570248755987,1.1472534528031952,1.374059309797088,none,0.0081123069621682,0.0004996007765183386,0.16228140058523738,4.4214533871312245,diagnostic only,ff12,vw
rolling120,1993-07,2003-06,20000,1.6641979209928401,1.6621731496394814,1.157500121778879,1.3717820377631875,none,0.008184761853340999,0.0007605708718205761,0.24738305031224103,4.4214533871312245,diagnostic only,ff12,vw
rolling120,1993-08,2003-07,20000,1.7131105005810867,1.7113055019577477,1.181419098178642,1.3751420939367078,none,0.008353894557454134,0.0006657304468402625,0.21606672324209059,4.4214533871312245,diagnostic only,ff12,vw
rolling120,1993-09,2003-08,20000,1.6956994688706912,1.6938671436357104,1.176844108644814,1.379094016894888,none,0.00832154449622186,0.0006801839650145691,0.22019052302282238,4.4214533871312245,diagnostic only,ff12,vw
rolling120,1993-10,2003-09,20000,1.6560918274200376,1.6545027531652128,1.161811035644308,1.3820673011541142,none,0.008215244617614558,0.0005986334928189674,0.1934299377303523,4.4214533871312245,diagnostic only,ff12,vw
rolling120,1993-11,2003-10,20000,1.7419558139586173,1.7404669235089112,1.19812728803822,1.3804759571626892,none,0.008472039300964733,0.0005432980916257879,0.17574168353262742,4.4214533871312245,diagnostic only,ff12,vw
rolling120,1993-12,2003-11,20000,1.8198585388098891,1.8190688531404735,1.2296208973146638,1.377182328809888,none,0.008694732747798861,0.000280122874095845,0.09082345511028311,4.4214533871312245,diagnostic only,ff12,vw
rolling120,1994-01,2003-12,20000,1.9259399339899603,1.9258601443040093,1.280616928813941,1.3828289147595763,none,0.00905532914466628,2.7270505771337383e-05,0.008811351269104588,4.4214533871312245,diagnostic only,ff12,vw
rolling120,1994-02,2004-01,20000,1.8665140005598215,1.867170198997488,1.2536501483100153,1.3813513971943474,none,0.008864645211055329,-0.00022886623120454974,-0.07402421891043635,4.4214533871312245,diagnostic only,ff12,vw
rolling120,1994-03,2004-02,20000,1.9924700844817347,1.993839912889773,1.3085835210836625,1.3806177175399705,none,0.009253082815072273,-0.0004575489832108204,-0.14804021918047033,4.4214533871312245,diagnostic only,ff12,vw
rolling120,1994-04,2004-03,20000,2.1116700744851076,2.1136154865748513,1.361035110769848,1.3807247026882359,none,0.009623971562583433,-0.0006248080722015548,-0.2021423356348246,4.4214533871312245,diagnostic only,ff12,vw
rolling120,1994-05,2004-04,20000,2.0583949183670955,2.061702211562444,1.3401633662897516,1.3828360587988808,none,0.009476386042012744,-0.001080213870198854,-0.34900363711290283,4.4214533871312245,diagnostic only,ff12,vw
rolling120,1994-06,2004-05,20000,2.0586843205006886,2.063149008823821,1.3393115474623456,1.3813363476826324,none,0.009470362773320732,-0.001457548526131447,-0.4714379406573434,4.4214533871312245,diagnostic only,ff12,vw
rolling120,1994-07,2004-06,20000,2.2265127650034673,2.2300557318418823,1.4134430895972148,1.382632952979118,none,0.009994551934754554,-0.0010968748320620003,-0.3544898122040774,4.4214533871312245,diagnostic only,ff12,vw
rolling120,1994-08,2004-07,20000,2.026407482241885,2.0302746111378904,1.329643653055303,1.38726117370357,none,0.00940200043637058,-0.0012761645039666147,-0.4113091593833518,4.4214533871312245,diagnostic only,ff12,vw
rolling120,1994-09,2004-08,20000,1.9188506027866992,1.9211255552421473,1.2798943167186894,1.3845897241067646,none,0.00905021950553908,-0.0007787931098564016,-0.25136986501330916,4.4214533871312245,diagnostic only,ff12,vw
rolling120,1994-10,2004-09,20000,2.032356124768359,2.0346297371108073,1.3311602760447039,1.3867703465322185,none,0.009412724580373667,-0.0007492223234499829,-0.24154667684521122,4.4214533871312245,diagnostic only,ff12,vw
rolling120,1994-11,2004-10,20000,2.0168435996342042,2.0184367538414696,1.3239305543910387,1.3861098267276624,none,0.009361602728299686,-0.0005278077154466931,-0.1701796426854695,4.4214533871312245,diagnostic only,ff12,vw
rolling120,1994-12,2004-11,20000,2.2860928611750704,2.286971760171252,1.4408401784434823,1.3848960649099096,none,0.010188278607834216,-0.0002673886666235692,-0.08626570100918028,4.4214533871312245,diagnostic only,ff12,vw
rolling120,1995-01,2004-12,20000,2.3530926648003123,2.3543909995178183,1.4704829531590804,1.384777744304973,none,0.01039788467798006,-0.00038705527104399007,-0.12486527382396166,4.4214533871312245,diagnostic only,ff12,vw
rolling120,1995-02,2005-01,20000,2.228965992979233,2.2284879665904027,1.4143134012048553,1.3840254804384275,none,0.010000705967149633,0.00014806509851594818,0.04779926441199811,4.4214533871312245,diagnostic only,ff12,vw
rolling120,1995-03,2005-02,20000,2.1936234362141587,2.1949034678081674,1.40966232851935,1.4018672399024832,none,0.00996781791679251,-0.0004006479716542888,-0.12841643022514046,4.4214533871312245,diagnostic only,ff12,vw
rolling120,1995-04,2005-03,20000,2.0576889991698213,2.05952928087828,1.350676200700562,1.402451072283264,none,0.009550723007026496,-0.0006014917784773477,-0.192685067623147,4.4214533871312245,diagnostic only,ff12,vw
rolling120,1995-05,2005-04,20000,1.893602455162318,1.8976785362754272,1.2833235951559077,1.4071330502216408,none,0.009074468165914418,-0.0014066712584165364,-0.449181267550168,4.4214533871312245,diagnostic only,ff12,vw
rolling120,1995-06,2005-05,20000,1.9001025053165292,1.904381908298376,1.2875911324805864,1.4090387565593796,none,0.00910464421172689,-0.0014734298439262883,-0.4700241857155473,4.4214533871312245,diagnostic only,ff12,vw
rolling120,1995-07,2005-06,20000,1.8538755632447326,1.858616290879941,1.2664552455306957,1.4079452862608002,none,0.00895519092184029,-0.0016583994327371565,-0.5293832009373038,4.4214533871312245,diagnostic only,ff12,vw
rolling120,1995-08,2005-07,20000,1.87263123311219,1.8787080524116466,1.2743302548891422,1.4066622541992406,none,0.00901087564703294,-0.002110953660050985,-0.6743872113536092,4.4214533871312245,diagnostic only,ff12,vw
rolling120,1995-09,2005-08,20000,1.826995262655097,1.8330259935482416,1.2552085580052408,1.408216776981981,none,0.008875664831688937,-0.0021287241652137023,-0.6794680745055889,4.4214533871312245,diagnostic only,ff12,vw
rolling120,1995-10,2005-09,20000,1.7429724844388983,1.7499342263000996,1.2191465813132292,1.4095157167387897,none,0.00862066814906981,-0.0025316030451273397,-0.8075640705358252,4.4214533871312245,diagnostic only,ff12,vw
rolling120,1995-11,2005-10,20000,1.702706679946971,1.7092431197768398,1.2034450009689046,1.4122356377231722,none,0.008509641209701636,-0.0024126442481867683,-0.7681216715008863,4.4214533871312245,diagnostic only,ff12,vw
rolling120,1995-12,2005-11,20000,1.6687646787457875,1.6755545054300227,1.1886306549169483,1.4126504803788251,none,0.008404887964179812,-0.002537726916216898,-0.8078426164836815,4.4214533871312245,diagnostic only,ff12,vw
rolling120,1996-01,2005-12,20000,1.6179901058629982,1.6263328840893037,1.1646050199668345,1.4098858038048876,none,0.008235001070224433,-0.0031765882675601764,-1.0130876918122975,4.4214533871312245,diagnostic only,ff12,vw
rolling120,1996-02,2006-01,20000,1.650934567045961,1.6578970780756817,1.1807474725207943,1.4136299663636234,none,0.008349145446883303,-0.002619556297778769,-0.8339190009343708,4.4214533871312245,diagnostic only,ff12,vw
rolling120,1996-03,2006-02,20000,1.6141761215879191,1.6210694650335915,1.1647647759964979,1.4133166794216763,none,0.008236130715943537,-0.0026299735804919955,-0.8369638223842442,4.4214533871312245,diagnostic only,ff12,vw
rolling120,1996-04,2006-03,20000,1.6095601560610837,1.6175501276099133,1.1619759819630682,1.4115634040992708,none,0.00821641096421983,-0.00305246171393303,-0.9724405928115966,4.4214533871312245,diagnostic only,ff12,vw
rolling120,1996-05,2006-04,20000,1.5884072413952297,1.5961284107249045,1.1506093966825834,1.408617982142409,none,0.00813603706891217,-0.002974109176486772,-0.9490086222907507,4.4214533871312245,diagnostic only,ff12,vw
rolling120,1996-06,2006-05,20000,1.4758665334701058,1.4838894192445657,1.1016691437244617,1.4096364202130613,none,0.0077899772215154406,-0.0032299689802213205,-1.0298984896003618,4.4214533871312245,diagnostic only,ff12,vw
rolling120,1996-07,2006-06,20000,1.500164649996336,1.50880040779085,1.1106995790591585,1.4067061399870588,none,0.007853832042137748,-0.0034421860613927935,-1.099559775174845,4.4214533871312245,diagnostic only,ff12,vw
rolling120,1996-08,2006-07,20000,1.645821477984059,1.6548007175115247,1.1790901336769857,1.4117559330204834,none,0.008337426291531494,-0.0033822649919584835,-1.0769797793098477,4.4214533871312245,diagnostic only,ff12,vw
rolling120,1996-09,2006-08,20000,1.6331638324173015,1.641813654901664,1.1740790075013647,1.4128828908343312,none,0.008301992278529863,-0.0032741985674551444,-1.0418971969815245,4.4214533871312245,diagnostic only,ff12,vw
rolling120,1996-10,2006-09,20000,1.5643069652753911,1.5722562320945586,1.143097012168218,1.4123247449475091,none,0.008082916488582283,-0.0030903868440408377,-0.9834651676033443,4.4214533871312245,diagnostic only,ff12,vw
rolling120,1996-11,2006-10,20000,1.629429596043393,1.63756165027727,1.1702645713621829,1.409691447144546,none,0.008275020141925679,-0.0030831712437970893,-0.9827231951588414,4.4214533871312245,diagnostic only,ff12,vw
rolling120,1996-12,2006-11,20000,1.537661991272238,1.5451822813296188,1.129565483629487,1.4101817135777686,none,0.007987234132686724,-0.0029547157044689243,-0.941538701940004,4.4214533871312245,diagnostic only,ff12,vw
rolling120,1997-01,2006-12,20000,1.5900411078493129,1.5976779380982125,1.1528150392439331,1.4100672916563046,none,0.00815163331703221,-0.0029398680016856638,-0.9368466357463648,4.4214533871312245,diagnostic only,ff12,vw
rolling120,1997-02,2007-01,20000,1.5266506097746064,1.5342396731525447,1.12289748873244,1.407398252854941,none,0.007940084288600532,-0.0029946115429949627,-0.9557912866030668,4.4214533871312245,diagnostic only,ff12,vw
rolling120,1997-03,2007-02,20000,1.499058338232762,1.50527115116927,1.107327809418666,1.4045138164537625,none,0.007829990030363837,-0.0024798964110565036,-0.7934637097129615,4.4214533871312245,diagnostic only,ff12,vw
rolling120,1997-04,2007-03,20000,1.637361957461056,1.6432749388864676,1.1654323620179736,1.399623045229523,none,0.008240851261971644,-0.0022369906884913693,-0.7175207071989826,4.4214533871312245,diagnostic only,ff12,vw
rolling120,1997-05,2007-04,20000,1.6454074106652603,1.6502797469573323,1.1670840857530522,1.3978434605607888,none,0.008252530712508853,-0.0018384233957435825,-0.5904051086640204,4.4214533871312245,diagnostic only,ff12,vw
rolling120,1997-06,2007-05,20000,1.5693104568165568,1.5740524601103405,1.1341998096268329,1.3988789119064893,none,0.008020003766076247,-0.0018422325757806446,-0.591271953492326,4.4214533871312245,diagnostic only,ff12,vw
rolling120,1997-07,2007-06,20000,1.4350268771475096,1.4394586540586785,1.074839807320933,1.3986708450850738,none,0.007600265164458739,-0.0018167050725763634,-0.5831081962630996,4.4214533871312245,diagnostic only,ff12,vw
rolling120,1997-08,2007-07,20000,1.213274266200526,1.2175059857207073,0.9749630076418991,1.3944221376064274,none,0.006894029541096186,-0.0019083238320126705,-0.6138238159490748,4.4214533871312245,diagnostic only,ff12,vw
rolling120,1997-09,2007-08,20000,1.3095629974168697,1.3138354914727683,1.0155367364063426,1.3916494770336947,none,0.007180929128569802,-0.0018464986260450234,-0.5949778892678789,4.4214533871312245,diagnostic only,ff12,vw
rolling120,1997-10,2007-09,20000,1.2642505619541706,1.2687502294814492,0.9959395879880131,1.3919320428259216,none,0.007042356363184603,-0.001983324329318914,-0.6389434580166309,4.4214533871312245,diagnostic only,ff12,vw
rolling120,1997-11,2007-10,20000,1.3743836260926474,1.3783420229075332,1.0430924134766257,1.3906555383341606,none,0.007375777189735641,-0.0016643513745119298,-0.5366752157853103,4.4214533871312245,diagnostic only,ff12,vw
rolling120,1997-12,2007-11,20000,1.205860103835243,1.2085561469884203,0.9680268114640536,1.3898696216548678,none,0.006844983227566238,-0.0012207265623984664,-0.39387140385088637,4.4214533871312245,diagnostic only,ff12,vw
rolling120,1998-01,2007-12,20000,1.1511176897969821,1.1525588024845455,0.9432966388819302,1.3904473829192097,none,0.006670114500238907,-0.0006694881858277935,-0.21605516479689954,4.4214533871312245,diagnostic only,ff12,vw
rolling120,1998-02,2008-01,20000,1.022625622720207,1.0214321058798723,0.8853642709942322,1.3894494865531468,none,0.006260470798403057,0.0005904313268119132,0.190643304436337,4.4214533871312245,diagnostic only,ff12,vw
rolling120,1998-03,2008-02,20000,0.8478127561093268,0.8456540335981597,0.8112236664079009,1.3951553090656155,none,0.005736217555760404,0.0011696246814787425,0.3763320498538773,4.4214533871312245,diagnostic only,ff12,vw
rolling120,1998-04,2008-03,20000,0.7421320948279588,0.7396362490832165,0.7647526297889823,1.3952890481566689,none,0.005407617704540347,0.0014346940321907642,0.4615425647872282,4.4214533871312245,diagnostic only,ff12,vw
rolling120,1998-05,2008-04,20000,0.8064522745836512,0.8033539200307942,0.7934833795141925,1.3967005359331521,none,0.005610774784133043,0.0017181067556633067,0.5522150989947023,4.4214533871312245,diagnostic only,ff12,vw
rolling120,1998-06,2008-05,20000,0.8766392829050397,0.8735863243077842,0.8227340920080055,1.3927918917184863,none,0.005817608555722176,0.0016294731433756926,0.5247789651045943,4.4214533871312245,diagnostic only,ff12,vw
rolling120,1998-07,2008-06,20000,0.6736188685478489,0.6699844787267124,0.7415978591381265,1.4091252249556223,none,0.005243888751099953,0.0021763015569506994,0.6930714959149662,4.4214533871312245,diagnostic only,ff12,vw
rolling120,1998-08,2008-07,20000,0.7096329724446294,0.7062514496245806,0.7633491508537678,1.416025852426664,none,0.00539769360981692,0.001981843192451427,0.6264755031479958,4.4214533871312245,diagnostic only,ff12,vw
rolling120,1998-09,2008-08,20000,1.0178402699416063,1.0125418676285505,0.8883561076846075,1.3878863456656036,none,0.006281626278522728,0.0026326917209922307,0.8434762079322279,4.4214533871312245,diagnostic only,ff12,vw
rolling120,1998-10,2008-09,20000,0.7312129161577909,0.7263633042040862,0.7595632038208702,1.3821038441633846,none,0.00537092292161517,0.0028091491182040684,0.9029382890950711,4.4214533871312245,diagnostic only,ff12,vw
rolling120,1998-11,2008-10,20000,0.32855516127612744,0.324539098701979,0.5893442428034266,1.3899067451730192,none,0.004167293105395541,0.0030320453190730845,0.963710128512127,4.4214533871312245,diagnostic only,ff12,vw
rolling120,1998-12,2008-11,20000,0.1780316457299398,0.175053077416451,0.5251431046974921,1.3974878326722584,none,0.0037133225042495378,0.002534837251809696,0.8021302512992401,4.4214533871312245,diagnostic only,ff12,vw
rolling120,1999-01,2008-12,20000,0.13821064280106127,0.1345102122653881,0.5046348225784987,1.3879693699743278,none,0.0035683070506812666,0.0032616987451210555,1.0370269382974442,4.4214533871312245,diagnostic only,ff12,vw
rolling120,1999-02,2009-01,20000,0.029572787465288974,0.026690824544780372,0.4568339038387222,1.3826007483292166,none,0.003230303512802836,0.0028070406899627365,0.8921647483236057,4.4214533871312245,diagnostic only,ff12,vw
rolling120,1999-03,2009-02,20000,-0.04993401207793235,-0.0528019094307103,0.4224919709159267,1.388143921628496,none,0.0029874693763152138,0.003027769356095611,0.9599754814274476,4.4214533871312245,diagnostic only,ff12,vw
rolling120,1999-04,2009-03,20000,-0.0007388777716512196,-0.003577538118150162,0.44289214990894277,1.3801696367911884,none,0.003131720425349024,0.0028488522239229486,0.9064220175983874,4.4214533871312245,diagnostic only,ff12,vw
rolling120,1999-05,2009-04,20000,0.05862951430546709,0.05479523991987854,0.47956696170201385,1.444486057447397,none,0.0033910505065252333,0.0036350888214853327,1.1307040040277918,4.4214533871312245,diagnostic only,ff12,vw
rolling120,1999-06,2009-05,20000,0.12487882228098092,0.11973183990511772,0.5096924878901313,1.445228716163805,none,0.003604070145069541,0.0045966205411283045,1.4281027196167084,4.4214533871312245,diagnostic only,ff12,vw
rolling120,1999-07,2009-06,20000,0.09510995858086888,0.090845975208854,0.4955099759586551,1.4416417742673489,none,0.0035037846414594813,0.00390887757659697,1.2169650273478962,4.4214533871312245,diagnostic only,ff12,vw
rolling120,1999-08,2009-07,20000,0.22518835265855383,0.22094747238079473,0.5557588988019888,1.44649721237104,none,0.003929808860476545,0.0034734338484601057,1.0791568822624185,4.4214533871312245,diagnostic only,ff12,vw
rolling120,1999-09,2009-08,20000,0.2766056772666561,0.272014344729568,0.5772895244758413,1.4421428461660053,none,0.004082053374648248,0.003609497452691235,1.1247605348824565,4.4214533871312245,diagnostic only,ff12,vw
rolling120,1999-10,2009-09,20000,0.37627778573951415,0.37208544168033725,0.620428271936276,1.435524584248609,none,0.004387090383259921,0.003055454078750852,0.9556092291086307,4.4214533871312245,diagnostic only,ff12,vw
rolling120,1999-11,2009-10,20000,0.27511021305305977,0.2712527231908446,0.5732830999026316,1.4307618807046556,none,0.004053723674807957,0.003034400471161103,0.9515917145975487,4.4214533871312245,diagnostic only,ff12,vw
rolling120,1999-12,2009-11,20000,0.33952801019272555,0.335437618660141,0.5988050643913433,1.4203630790112183,none,0.00423419121639966,0.003062959643662211,0.966038453044316,4.4214533871312245,diagnostic only,ff12,vw
rolling120,2000-01,2009-12,20000,0.3244314705343397,0.319740648400774,0.5844907623633117,1.3966244428395276,none,0.004132973816079926,0.0035543514850815416,1.1349750427441334,4.4214533871312245,diagnostic only,ff12,vw
rolling120,2000-02,2010-01,20000,0.3295924708937186,0.32353565125538275,0.5818849476165819,1.3828247111993883,none,0.0041145479233006405,0.004576242153047305,1.4720498463600755,4.4214533871312245,diagnostic only,ff12,vw
rolling120,2000-03,2010-02,20000,0.42580063123931167,0.4196963503196515,0.6146795928900777,1.3426479494867842,none,0.004346441083895603,0.004299708820330261,1.4044319943223604,4.4214533871312245,diagnostic only,ff12,vw
rolling120,2000-04,2010-03,20000,0.40564231821398006,0.4002477020859412,0.6018330340289711,1.3324294029294217,none,0.004255602195039597,0.0038526155908005233,1.2676504712604324,4.4214533871312245,diagnostic only,ff12,vw
rolling120,2000-05,2010-04,20000,0.44992448317300804,0.4439290562273189,0.6153259633644949,1.3192250214164154,none,0.004351011613351794,0.004152161714477964,1.3779386217428635,4.4214533871312245,diagnostic only,ff12,vw
rolling120,2000-06,2010-05,20000,0.3498945643717416,0.3442490331761866,0.5642303749041819,1.2994568394694759,none,0.00398971124246175,0.00419976585902071,1.4150225047543956,4.4214533871312245,diagnostic only,ff12,vw
rolling120,2000-07,2010-06,20000,0.27875692713570244,0.27224669002717666,0.5285177588228519,1.2804464051681161,none,0.0037371849124115484,0.00511711852705754,1.7420163200661156,4.4214533871312245,diagnostic only,ff12,vw
rolling120,2000-08,2010-07,20000,0.38687805760405386,0.3805252747202552,0.5711118280510629,1.273753942016848,none,0.004038370464307521,0.0046017142895742325,1.5731055236132205,4.4214533871312245,diagnostic only,ff12,vw
rolling120,2000-09,2010-08,20000,0.2590348982028594,0.253549582264395,0.5160146650600111,1.2670096056097215,none,0.003648774688556389,0.004375826864826404,1.503330955366453,4.4214533871312245,diagnostic only,ff12,vw
rolling120,2000-10,2010-09,20000,0.38554458031107086,0.3797535547788475,0.5616714077228749,1.2547165250865009,none,0.00397161661199439,0.00419714485399636,1.4581028578474386,4.4214533871312245,diagnostic only,ff12,vw
rolling120,2000-11,2010-10,20000,0.43856308470859984,0.43334055911297004,0.5810812677846477,1.2486435786978411,none,0.004108865048710005,0.003643604140290302,1.27103848233454,4.4214533871312245,diagnostic only,ff12,vw
rolling120,2000-12,2010-11,20000,0.5359532643725125,0.5313237611548514,0.6079625108312952,1.2345831835348362,none,0.004298944141160086,0.00302320341073381,1.0768930848242662,4.4214533871312245,diagnostic only,ff12,vw
rolling120,2001-01,2010-12,20000,0.582406622953736,0.5790853815736636,0.6221372290039936,1.227039531606211,none,0.004399174534573319,0.0021032690308122604,0.7549692229691277,4.4214533871312245,diagnostic only,ff12,vw
rolling120,2001-02,2011-01,20000,0.5711607812615812,0.5688784442025618,0.602880813722359,1.1912648690203949,none,0.004263011116303438,0.0014547571020897543,0.5353814467644267,4.4214533871312245,diagnostic only,ff12,vw
rolling120,2001-03,2011-02,20000,0.6955159252846371,0.6944346049574011,0.6364277972284323,1.1878924044671717,none,0.004500224111558415,0.0006381599644345037,0.24028143941960484,4.4214533871312245,diagnostic only,ff12,vw
rolling120,2001-04,2011-03,20000,0.8057821124867502,0.8048014457946338,0.6740648593135683,1.1818743487104904,none,0.004766358329801802,0.0005433654180639902,0.20574758007278754,4.4214533871312245,diagnostic only,ff12,vw
rolling120,2001-05,2011-04,20000,0.7417910691712193,0.7411083556585534,0.6463059210729764,1.1724600298025176,none,0.0045700729951171915,0.00039211431640495675,0.14938787922979427,4.4214533871312245,diagnostic only,ff12,vw
rolling120,2001-06,2011-05,20000,0.7055170281697895,0.7046332629933836,0.6328129194178751,1.1727187045814655,none,0.004474663065428357,0.0005184488626333028,0.19750429551532464,4.4214533871312245,diagnostic only,ff12,vw
rolling120,2001-07,2011-06,20000,0.7197178663612323,0.7182470824472476,0.6352934369358978,1.1677135051246412,none,0.004492202973006816,0.0008559792878506389,0.32740816094519454,4.4214533871312245,diagnostic only,ff12,vw
rolling120,2001-08,2011-07,20000,0.6855006602310009,0.6836495645821734,0.6213520568446043,1.1655223132321777,none,0.004393622528990288,0.0010994542378459649,0.42131422001171936,4.4214533871312245,diagnostic only,ff12,vw
rolling120,2001-09,2011-08,20000,0.6690536532153075,0.6669678237105738,0.6139065078120085,1.1633337090231433,none,0.004340974546884234,0.0012512716052854866,0.4804979808579624,4.4214533871312245,diagnostic only,ff12,vw
rolling120,2001-10,2011-09,20000,0.6856506812715395,0.6846535556243809,0.6140536569078637,1.1555709747930742,none,0.004342015048119481,0.0005918876577499788,0.22964582943821105,4.4214533871312245,diagnostic only,ff12,vw
rolling120,2001-11,2011-10,20000,0.8460808067761983,0.84441076071716,0.6697671673774674,1.1509777007822688,none,0.004735969058687126,0.0009054631943206104,0.3526302723568193,4.4214533871312245,diagnostic only,ff12,vw
rolling120,2001-12,2011-11,20000,0.7239808816697113,0.7221684659366521,0.6202229684286668,1.141304527055126,none,0.004385638668235602,0.001052403274655056,0.413261527035102,4.4214533871312245,diagnostic only,ff12,vw
rolling120,2002-01,2011-12,20000,0.7027002731091472,0.7011934631803092,0.6116553013980313,1.1395702696890355,none,0.004325056113672495,0.0008857369614041488,0.34839083915573543,4.4214533871312245,diagnostic only,ff12,vw
rolling120,2002-02,2012-01,20000,0.8023484738506772,0.8006907732158666,0.6495993700506287,1.144277140811791,none,0.004593361196173091,0.0009205915082521887,0.3608905470337774,4.4214533871312245,diagnostic only,ff12,vw
rolling120,2002-03,2012-02,20000,0.8673165424638464,0.8652486861649589,0.6672654463574883,1.1405593132298688,none,0.004718279219708485,0.0011086223055538635,0.43826492723236204,4.4214533871312245,diagnostic only,ff12,vw
rolling120,2002-04,2012-03,20000,0.8275952899244694,0.8250292103531287,0.652452489319712,1.139542874573055,none,0.0046135357960001185,0.001406048493242551,0.5562067110361335,4.4214533871312245,diagnostic only,ff12,vw
rolling120,2002-05,2012-04,20000,0.8883829740671038,0.8846067540884421,0.6680351225808788,1.1319347695425712,none,0.004723721652477259,0.0020037177360581193,0.7994162773501399,4.4214533871312245,diagnostic only,ff12,vw
rolling120,2002-06,2012-05,20000,0.8042412228983712,0.8001261339504864,0.6396736566521182,1.1350680306420844,none,0.0045231758036510805,0.0022860003364619796,0.9097786879216899,4.4214533871312245,diagnostic only,ff12,vw
rolling120,2002-07,2012-06,20000,0.9906171526197122,0.9862183696223321,0.7031970753293783,1.130758721313294,none,0.004972354204759508,0.0022146522581083516,0.8846479587414686,4.4214533871312245,diagnostic only,ff12,vw
rolling120,2002-08,2012-07,20000,1.2058661213262842,1.2015628194673305,0.7760464985646827,1.1252732097978877,none,0.005487477416511634,0.0019546577644307117,0.7842040216885975,4.4214533871312245,diagnostic only,ff12,vw
rolling120,2002-09,2012-08,20000,1.2364081398862328,1.23232892625813,0.7874436688808527,1.1257961762617634,none,0.005568067580680653,0.0018273353806064208,0.7326084981899689,4.4214533871312245,diagnostic only,ff12,vw
rolling120,2002-10,2012-09,20000,1.5460728101807704,1.5416103932101883,0.8933418132191342,1.122617229672453,none,0.006316880540447359,0.0017557439104367578,0.7064273167758847,4.4214533871312245,diagnostic only,ff12,vw
rolling120,2002-11,2012-10,20000,1.377104184965125,1.3740511649395155,0.8213331044260873,1.095905252378742,none,0.005807702077526851,0.0012859958836175522,0.5256846830045532,4.4214533871312245,diagnostic only,ff12,vw
rolling120,2002-12,2012-11,20000,1.2645007543329414,1.2613304134436962,0.7754001165462516,1.0837430891687714,none,0.005482906805426938,0.0014019803874734116,0.578222647539293,4.4214533871312245,diagnostic only,ff12,vw
rolling120,2003-01,2012-12,20000,1.4047435501881231,1.4008393941990054,0.8173304672564563,1.0767126738723873,none,0.005779399158674097,0.0016261629155833734,0.6755297362110977,4.4214533871312245,diagnostic only,ff12,vw
rolling120,2003-02,2013-01,20000,1.6248754292035297,1.6202921693251953,0.8923066973864802,1.0769380390143397,none,0.0063095611662015265,0.0017491407759748778,0.7263991516376122,4.4214533871312245,diagnostic only,ff12,vw
rolling120,2003-03,2013-02,20000,1.7216326612995698,1.7170694017694874,0.9232497358041803,1.0744842151618381,none,0.006528361489158243,0.0016794784583384903,0.6989900203382867,4.4214533871312245,diagnostic only,ff12,vw
rolling120,2003-04,2013-03,20000,1.796257447473427,1.7919956169481486,0.9458908287305635,1.0711598805400848,none,0.0066884581925754465,0.0015264459941870534,0.6371917716416712,4.4214533871312245,diagnostic only,ff12,vw
rolling120,2003-05,2013-04,20000,1.640979900084792,1.63848582893058,0.8892588845721603,1.0661116968277506,none,0.0062880098751135986,0.0009452660790765233,0.39663919169131656,4.4214533871312245,diagnostic only,ff12,vw
rolling120,2003-06,2013-05,20000,1.5466207901583102,1.5445074194375321,0.8622490778044551,1.0705857471453226,none,0.006097021699873772,0.0008305618229422773,0.34662345400900585,4.4214533871312245,diagnostic only,ff12,vw
rolling120,2003-07,2013-06,20000,1.4883182567508004,1.4861248000275453,0.8423032145953996,1.070467968010698,none,0.0059559831485563475,0.0008822794106035925,0.3682778591787605,4.4214533871312245,diagnostic only,ff12,vw
rolling120,2003-08,2013-07,20000,1.586498175413436,1.584137919829216,0.8710054330201743,1.0656404443454313,none,0.0061589384813889045,0.0009133628534718774,0.3832244129978168,4.4214533871312245,diagnostic only,ff12,vw
rolling120,2003-09,2013-08,20000,1.4380640874828066,1.4365510614717731,0.8179481049803409,1.0615735506241295,none,0.0057837665169028505,0.0006209703687143353,0.26159873615431406,4.4214533871312245,diagnostic only,ff12,vw
rolling120,2003-10,2013-09,20000,1.5698233515612194,1.5673529516022149,0.8596111150896599,1.0587780113521208,none,0.006078368486632283,0.0009622362042052135,0.4064248431857211,4.4214533871312245,diagnostic only,ff12,vw
rolling120,2003-11,2013-10,20000,1.5305867523887602,1.5279255504890505,0.8437668098626079,1.055641739280996,none,0.005966332329939903,0.0010527216275000306,0.4460364848192168,4.4214533871312245,diagnostic only,ff12,vw
rolling120,2003-12,2013-11,20000,1.551143548926454,1.5491787382565088,0.8519662965146582,1.056947561916669,none,0.006024311456079037,0.000770762222538135,0.32614692720818583,4.4214533871312245,diagnostic only,ff12,vw
rolling120,2004-01,2013-12,20000,1.4710961810019245,1.4682231084408923,0.8198120086327891,1.0501492736798526,none,0.0057969463060240966,0.00116402465855181,0.4956182806189778,4.4214533871312245,diagnostic only,ff12,vw
rolling120,2004-02,2014-01,20000,1.3569311262830277,1.354478891018562,0.7843496302496051,1.0540783399401248,none,0.00554618942370657,0.001041519324645579,0.44214776617329377,4.4214533871312245,diagnostic only,ff12,vw
rolling120,2004-03,2014-02,20000,1.4251045321233315,1.4232867942521943,0.8058751023708065,1.0523508284761782,none,0.0056983974967580045,0.0007501125642448425,0.3189910623419,4.4214533871312245,diagnostic only,ff12,vw
rolling120,2004-04,2014-03,20000,1.4628416890077216,1.4607946238337512,0.8187687528298552,1.0529452531494539,none,0.005789569373496428,0.000831871605270873,0.35357814060255266,4.4214533871312245,diagnostic only,ff12,vw
rolling120,2004-05,2014-04,20000,1.49706637059229,1.4942649964887864,0.828768436744957,1.0517689324431474,none,0.005860277816557334,0.0011231260942390353,0.4780275255191317,4.4214533871312245,diagnostic only,ff12,vw
rolling120,2004-06,2014-05,20000,1.5277681086415664,1.5245442326493466,0.8377104623773709,1.0503558470398677,none,0.005923507486179571,0.0012770130744892416,0.5442511889689738,4.4214533871312245,diagnostic only,ff12,vw
rolling120,2004-07,2014-06,20000,1.5255094405591325,1.5228625840268557,0.8362936649105069,1.0492164710632583,none,0.005913489215215697,0.0010491481181080786,0.44759640813520346,4.4214533871312245,diagnostic only,ff12,vw
rolling120,2004-08,2014-07,20000,1.5385371864171868,1.5360063404925595,0.8382698075049463,1.0457292255980857,none,0.005927462653506893,0.0009979651407874268,0.4269695268564943,4.4214533871312245,diagnostic only,ff12,vw
rolling120,2004-09,2014-08,20000,1.6371948436557622,1.6349337248637972,0.8691565086962835,1.0434809678723536,none,0.006145864612115665,0.0008581311820592408,0.36790898183919285,4.4214533871312245,diagnostic only,ff12,vw
rolling120,2004-10,2014-09,20000,1.519605255443241,1.5175003732628807,0.831079764170948,1.0422632520436623,none,0.00587662136952194,0.000836100046981203,0.3581789684931929,4.4214533871312245,diagnostic only,ff12,vw
rolling120,2004-11,2014-10,20000,1.5555138222794862,1.5537020572598146,0.8429295702261859,1.0416407878043794,none,0.005960412151695981,0.0007094660923818719,0.30396639922896895,4.4214533871312245,diagnostic only,ff12,vw
rolling120,2004-12,2014-11,20000,1.4880222939636232,1.4860434510151928,0.8256302582930424,1.0437814991421757,none,0.00583808754391811,0.0007959808375925803,0.3389539696937068,4.4214533871312245,diagnostic only,ff12,vw
rolling120,2005-01,2014-12,20000,1.4059050646772058,1.4035807043585837,0.7975496994369703,1.0433194908239245,none,0.005639528008051745,0.0009670406799351383,0.4121551156946956,4.4214533871312245,diagnostic only,ff12,vw
rolling120,2005-02,2015-01,20000,1.3875396029740739,1.386147587875822,0.7911881485796274,1.042716722550385,none,0.005594545050550842,0.0005833734280831226,0.24881649636814723,4.4214533871312245,diagnostic only,ff12,vw
rolling120,2005-03,2015-02,20000,1.4521074979572075,1.449328747261076,0.8055383644687488,1.0192565337990165,none,0.0056960164002177295,0.0011344947872917732,0.4878410631024885,4.4214533871312245,diagnostic only,ff12,vw
rolling120,2005-04,2015-03,20000,1.4647131150415829,1.461252676297757,0.8079834443327185,1.018062822045743,none,0.005713305725741286,0.0014059664727439358,0.6056806531873407,4.4214533871312245,diagnostic only,ff12,vw
rolling120,2005-05,2015-04,20000,1.5600002353837525,1.5549532571782012,0.834567063618557,1.0137067377080893,none,0.005901280300396264,0.001975370074333682,0.8552344489063559,4.4214533871312245,diagnostic only,ff12,vw
rolling120,2005-06,2015-05,20000,1.4910779142004655,1.484807052383582,0.8111295472986497,1.012072693861808,none,0.005735552033156496,0.0025236815916422906,1.0933318677317507,4.4214533871312245,diagnostic only,ff12,vw
rolling120,2005-07,2015-06,20000,1.4248453004995576,1.4173290531820872,0.7877194129039383,1.0097322191014355,none,0.005570017385366608,0.003109319067495786,1.3494118235998387,4.4214533871312245,diagnostic only,ff12,vw
rolling120,2005-08,2015-07,20000,1.3404760504416875,1.3321410067720847,0.7647453477828091,1.0139914752354753,none,0.00540756621298089,0.003573987870115758,1.5413669183734615,4.4214533871312245,diagnostic only,ff12,vw
rolling120,2005-09,2015-08,20000,1.223604560361314,1.2160701957378368,0.7249438075848574,1.0107548060132672,none,0.005126126823224484,0.003399876338740393,1.469796765335935,4.4214533871312245,diagnostic only,ff12,vw
rolling120,2005-10,2015-09,20000,1.1419339489796652,1.1346048569709213,0.6966500504749698,1.0074838514965294,none,0.004926059748048017,0.003433465442004291,1.4878203642674201,4.4214533871312245,diagnostic only,ff12,vw
rolling120,2005-11,2015-10,20000,1.374063959632566,1.3649898717355025,0.7696716738318069,1.0052716758527724,none,0.005442400598536712,0.0038368400666362046,1.6672951086149674,4.4214533871312245,diagnostic only,ff12,vw
rolling120,2005-12,2015-11,20000,1.3063033281381264,1.2969526719945828,0.7467270607574528,1.003880786042461,none,0.005280157683570939,0.004070896304286364,1.7709047160917166,4.4214533871312245,diagnostic only,ff12,vw
rolling120,2006-01,2015-12,20000,1.2464590200477255,1.2359051751387873,0.7290369511811035,1.0060626751189357,none,0.005155069719157242,0.00472016659127017,2.047274912639501,4.4214533871312245,diagnostic only,ff12,vw
rolling120,2006-02,2016-01,20000,1.054220909132403,1.0458195957558756,0.672207894979386,1.0142939822293444,none,0.004753227609070584,0.004106575865221007,1.7674965449782525,4.4214533871312245,diagnostic only,ff12,vw
rolling120,2006-03,2016-02,20000,1.071128793012095,1.0616659821104872,0.6768518944887981,1.0149364145506652,none,0.004786065644519907,0.004589885550675188,1.9771586109444057,4.4214533871312245,diagnostic only,ff12,vw
rolling120,2006-04,2016-03,20000,1.184842189137549,1.1746226358931207,0.713413699522482,1.0146021125070874,none,0.00504459664723729,0.0046994605297259184,2.0258415011287494,4.4214533871312245,diagnostic only,ff12,vw
rolling120,2006-05,2016-04,20000,1.1916318928448582,1.1810809368396664,0.7177529644945098,1.0186691906749163,none,0.005075279884108151,0.00483748944249629,2.078891459410774,4.4214533871312245,diagnostic only,ff12,vw
rolling120,2006-06,2016-05,20000,1.2564220506125032,1.2446714643874603,0.7376903842020588,1.0175540425191727,none,0.005216258730853854,0.005234880209184389,2.252684698237623,4.4214533871312245,diagnostic only,ff12,vw
rolling120,2006-07,2016-06,20000,1.2595919825695772,1.2475899536870907,0.7427090584236904,1.0230914588428184,none,0.005251746116600672,0.005339954853774698,2.2853406497599495,4.4214533871312245,diagnostic only,ff12,vw
rolling120,2006-08,2016-07,20000,1.336190800308549,1.3253005769398465,0.7661393636108011,1.019726090340406,none,0.005417423393431435,0.004683361573424749,2.0102219409150783,4.4214533871312245,diagnostic only,ff12,vw
rolling120,2006-09,2016-08,20000,1.2825670841111336,1.271551717309284,0.7484663136142149,1.0198772035281018,none,0.005292456058463085,0.004849269650306409,2.081333634170671,4.4214533871312245,diagnostic only,ff12,vw
rolling120,2006-10,2016-09,20000,1.2444906219289893,1.233625283162874,0.7342904254560098,1.0179190222772014,none,0.005192217392002996,0.004864441161200217,2.0926201554753807,4.4214533871312245,diagnostic only,ff12,vw
rolling120,2006-11,2016-10,20000,1.107460893433277,1.0972253279306527,0.6908328903015125,1.0198845521188302,none,0.004884926213989018,0.004880527316883043,2.0953367674853665,4.4214533871312245,diagnostic only,ff12,vw
rolling120,2006-12,2016-11,20000,1.1586273554340378,1.1476076825661417,0.7137409590786915,1.0279594871223046,none,0.005046910721751329,0.005131138688575065,2.1834491385796184,4.4214533871312245,diagnostic only,ff12,vw
rolling120,2007-01,2016-12,20000,1.182469779540779,1.1710261455211697,0.7213390423291072,1.0276546751377704,none,0.005100637283655217,0.005271071489957535,2.243569456757885,4.4214533871312245,diagnostic only,ff12,vw
year (pooled),1927-01,2016-12,20000,0.1252798758645291,0.12524329024885272,,0.8328089033393204,z,8.939584672913416e-05,3.251351596000873e-05,0.4092540874659377,4.4214533871312245,pass,ff12,vw
decade (pooled),1926-07,2016-12,20000,1.9173110323989124,1.9169341264829507,,1.776404977592305,z,0.002350060341322231,0.00012921303657154048,0.16038137801588218,4.4214533871312245,pass,ff12,vw
