kind,start,end,n_months,momentum,tbill,market,percentile,paths_below,ties,n_paths,wilson_low,wilson_high,status,universe,weighting
year,1927-01,1927-12,12,-0.19122946688403508,0.031340782429983394,0.32583722609273513,0.00845,169,0,20000,0.007272427046783346,0.009816363599973111,below,ff49,ew
year,1928-01,1928-12,12,0.6248277443089989,0.035355979534331006,0.3907859670535341,0.8471,16942,0,20000,0.8420456335567109,0.8520210550131412,above,ff49,ew
year,1929-01,1929-12,12,-0.3897211001093287,0.04739767766948333,-0.1485230019924365,0.2782,5564,0,20000,0.2720326364015814,0.28445255079290666,below,ff49,ew
year,1930-01,1930-12,12,-0.6192183284422237,0.024261799957746355,-0.2872601404747539,0.04565,913,0,20000,0.04284348750365871,0.048631015660523566,below,ff49,ew
year,1931-01,1931-12,12,-0.6736020123893445,0.010852440211584602,-0.4376338865587708,0.02925,585,0,20000,0.027003538091511035,0.031677263855311465,below,ff49,ew
year,1932-01,1932-12,12,-0.5094020937712314,0.009436727769233544,-0.08658574309335187,0.04695,939,0,20000,0.044104365474235976,0.049969638396200416,below,ff49,ew
year,1933-01,1933-12,12,-0.0626134722890066,0.003003642310775989,0.5679565173050356,0.01525,305,0,20000,0.013642338137980093,0.01704384081841334,below,ff49,ew
year,1934-01,1934-12,12,0.24208486573363341,0.0018014106441925914,0.03263777211935448,0.5736,11472,0,20000,0.5667324755870292,0.5804392567055122,above,ff49,ew
year,1935-01,1935-12,12,-0.55217459439134,0.0014008903400870576,0.4500465652631145,0.0,0,0,20000,0.0,0.00019203605610462545,below,ff49,ew
year,1936-01,1936-12,12,1.3361197265490175,0.0018014506902155336,0.3215330595896724,0.98275,19655,0,20000,0.9808506198774329,0.984463969310398,above,ff49,ew
year,1937-01,1937-12,12,-0.36877204275641307,0.0029037227913610852,-0.34728916228237705,0.7967,15934,0,20000,0.7910656439940236,0.8022204018102839,above,ff49,ew
year,1938-01,1938-12,12,-0.05144605285000636,-0.0004001399919975057,0.28167847492774056,0.0285,570,0,20000,0.02628289582661474,0.03089819417429192,below,ff49,ew
year,1939-01,1939-12,12,-0.443453711708813,9.99699970003487e-05,0.025054688210840448,0.01045,209,0,20000,0.00913169256051624,0.011956329942015799,below,ff49,ew
year,1940-01,1940-12,12,-0.5071113478290696,-0.00020000999799996144,-0.07206559093168252,0.0012,24,0,20000,0.0008065616688691385,0.0017850135007008356,below,ff49,ew
year,1941-01,1941-12,12,-0.45963779200044697,0.00039999998799933323,-0.10550183945566882,0.00795,159,0,20000,0.0068101987906726315,0.00927878389213993,below,ff49,ew
year,1942-01,1942-12,12,0.02868113188280841,0.0028035526933587462,0.1649378017045231,0.06285,1257,0,20000,0.059569732822530835,0.06629816430132143,below,ff49,ew
year,1943-01,1943-12,12,1.8226321471021074,0.0035056154485657576,0.28319964874993064,0.9692,19384,0,20000,0.9667139300609242,0.971505863304027,above,ff49,ew
year,1944-01,1944-12,12,0.6857784709068002,0.003304984546793177,0.21344771087952652,0.9063,18126,0,20000,0.902182935121851,0.9102610163789583,above,ff49,ew
year,1945-01,1945-12,12,0.7621908839355818,0.003204684138460978,0.38735699571189386,0.7772,15544,0,20000,0.7713799809880149,0.7829135542224808,above,ff49,ew
year,1946-01,1946-12,12,-0.24136525084469618,0.003605945944011646,-0.06396093599835928,0.089,1780,0,20000,0.0851322420285451,0.09302561160957289,below,ff49,ew
year,1947-01,1947-12,12,0.12634900034437613,0.005011295205622046,0.03433766682547601,0.9141,18282,0,20000,0.9101365078103826,0.9179044479279516,above,ff49,ew
year,1948-01,1948-12,12,-0.009689637027057496,0.008129886047645751,0.018551882838878653,0.629,12580,0,20000,0.6222809047018647,0.6356695499956604,above,ff49,ew
year,1949-01,1949-12,12,0.30131660216131806,0.011156624285102223,0.20198664134954614,0.7283,14566,0,20000,0.7220915944388081,0.7344207218979745,above,ff49,ew
year,1950-01,1950-12,12,0.281908703550118,0.012167285608503553,0.30066784084275433,0.4518,9036,0,20000,0.44491266612143515,0.4587058461543733,below,ff49,ew
year,1951-01,1951-12,12,-0.06396061453004442,0.014900682357238404,0.20694463164474208,0.0144,288,0,20000,0.012839712664267446,0.016146792753421364,below,ff49,ew
year,1952-01,1952-12,12,0.15261438946449934,0.016523610223636576,0.13474905746088828,0.7791,15582,0,20000,0.7732972384046618,0.7847955670688206,above,ff49,ew
year,1953-01,1953-12,12,-0.06564154545038026,0.01825047080823472,0.007186150650095424,0.22935,4587,0,20000,0.22357575785304215,0.23522819126412722,below,ff49,ew
year,1954-01,1954-12,12,0.360982394238742,0.00863377969622614,0.5030563197321551,0.08195,1639,0,20000,0.07822842276446906,0.08583213858204,below,ff49,ew
year,1955-01,1955-12,12,0.18357605990681924,0.015711204189441386,0.25355601474255596,0.5414,10828,0,20000,0.5344869838050147,0.5482971156095399,above,ff49,ew
year,1956-01,1956-12,12,-0.035489710812375286,0.02467423803643598,0.0833752446150553,0.1612,3224,0,20000,0.1561689550792692,0.16636116855234728,below,ff49,ew
year,1957-01,1957-12,12,0.051625055740856185,0.031546885166551686,-0.10004075784085131,0.92655,18531,0,20000,0.9228520474383551,0.9300841266021819,above,ff49,ew
year,1958-01,1958-12,12,0.5117799671627565,0.015303139073847838,0.44980999895087215,0.2473,4946,0,20000,0.24136952535212164,0.2533275296706336,below,ff49,ew
year,1959-01,1959-12,12,0.42551590785558013,0.02969530696561873,0.12760655494675488,0.9423,18846,0,20000,0.9389826715256864,0.9454474533790835,above,ff49,ew
year,1960-01,1960-12,12,0.14671267306266733,0.026718544210524664,0.012009681750979384,0.85395,17079,0,20000,0.8489876196504589,0.8587764380254246,above,ff49,ew
year,1961-01,1961-12,12,0.30171083527236053,0.021203049199982615,0.26938753950174754,0.5518,11036,0,20000,0.5448984754884606,0.5586816295761269,above,ff49,ew
year,1962-01,1962-12,12,-0.16048712377840568,0.027336311308160388,-0.1018704309519155,0.53725,10745,0,20000,0.5303332444131934,0.5441524489006269,above,ff49,ew
year,1963-01,1963-12,12,0.3932833155362856,0.0311354082386468,0.20958714314537952,0.98225,19645,0,20000,0.9803252571193489,0.9839895241045381,above,ff49,ew
year,1964-01,1964-12,12,0.24482450544067347,0.03525706968952491,0.16073359896318462,0.73845,14769,0,20000,0.7323138684972361,0.7444945495076076,above,ff49,ew
year,1965-01,1965-12,12,0.18226220558457618,0.03918636823954258,0.1443528724471268,0.09345,1869,0,20000,0.0894938644595371,0.0975622800576816,below,ff49,ew
year,1966-01,1966-12,12,-0.2608037263305236,0.04750339219432975,-0.08806073452750662,0.05665,1133,0,20000,0.053530485565007654,0.05993979280594032,below,ff49,ew
year,1967-01,1967-12,12,0.6267104355497577,0.042089732130200286,0.28695714774520886,0.22395,4479,0,20000,0.21822564321070523,0.2297803798958701,below,ff49,ew
year,1968-01,1968-12,12,0.34660155726663344,0.052208763937099834,0.14135085333978759,0.38705,7741,0,20000,0.3803219093183292,0.39382147162674486,below,ff49,ew
year,1969-01,1969-12,12,-0.08981243956903218,0.06569703672500249,-0.10954186503304186,0.9384,18768,0,20000,0.9349829722968965,0.9416486504891108,above,ff49,ew
year,1970-01,1970-12,12,0.19572060294187232,0.06516705987919003,0.00089937643527227,0.9769,19538,0,20000,0.9747246839052148,0.9788921521044724,above,ff49,ew
year,1971-01,1971-12,12,-0.13917983639668885,0.04385608936775598,0.1616277679367737,0.0124,248,0,20000,0.010957248978851097,0.014030024583062132,below,ff49,ew
year,1972-01,1972-12,12,-0.10236332427255201,0.03835711405871445,0.16916061329614052,0.1299,2598,0,20000,0.12531166092233698,0.13463048416639162,below,ff49,ew
year,1973-01,1973-12,12,0.41029392397082787,0.06940964906929548,-0.19312021529983903,1.0,20000,0,20000,0.9998079639438954,1.0,above,ff49,ew
year,1974-01,1974-12,12,0.26022353310638735,0.08009299500444977,-0.27804949151668024,0.99825,19965,0,20000,0.9975672660559343,0.9987413700141574,above,ff49,ew
year,1975-01,1975-12,12,0.09043613964078578,0.05798431629002354,0.3832883780080145,0.0015,30,0,20000,0.0010509490721859376,0.0021405108757503737,below,ff49,ew
year,1976-01,1976-12,12,0.7941240121114379,0.05084710391799252,0.2698032315995835,0.95745,19149,0,20000,0.9545637304246327,0.9601605757876371,above,ff49,ew
year,1977-01,1977-12,12,0.17975333204313082,0.05126495522821517,-0.031175019766812806,0.3472,6944,0,20000,0.3406319005797207,0.3538267856390249,below,ff49,ew
year,1978-01,1978-12,12,0.3057904656172479,0.07196501341871309,0.08245940100341231,0.60935,12187,0,20000,0.6025678472033331,0.6160901545111968,above,ff49,ew
year,1979-01,1979-12,12,0.875031289187356,0.1038334430458423,0.23466553545879343,0.98165,19633,0,20000,0.979695315204388,0.9834196964627665,above,ff49,ew
year,1980-01,1980-12,12,0.30905285557402196,0.11258733475368765,0.33252237086475556,0.33755,6751,0,20000,0.33102816983954847,0.3441342226750799,below,ff49,ew
year,1981-01,1981-12,12,-0.16632895392922709,0.1471747478188743,-0.03259492110308704,0.05325,1065,0,20000,0.05022311640474463,0.05644846781138484,below,ff49,ew
year,1982-01,1982-12,12,0.4213238044027561,0.10534507994232367,0.21455435824057512,0.75135,15027,0,20000,0.7453118138729848,0.7572916496016113,above,ff49,ew
year,1983-01,1983-12,12,0.030729164612412818,0.087957322322191,0.22550771908568645,0.01415,283,0,20000,0.012603921177120551,0.01588268025859631,below,ff49,ew
year,1984-01,1984-12,12,0.14343704627993814,0.09837053073148505,0.03850526910283558,0.989,19780,0,20000,0.987457654338057,0.9903545343990726,above,ff49,ew
year,1985-01,1985-12,12,0.20976906682733865,0.0772029093125699,0.3262386133802917,0.41175,8235,0,20000,0.4049468509637197,0.41858704340018277,below,ff49,ew
year,1986-01,1986-12,12,0.09265679975180552,0.06157040643142686,0.16417506145248417,0.557,11140,0,20000,0.5501053624427085,0.5638727454468958,above,ff49,ew
year,1987-01,1987-12,12,-0.09175698368685659,0.05472425335115183,0.016447656023945934,0.50025,10005,0,20000,0.49332109912588573,0.5071788048560862,not resolved,ff49,ew
year,1988-01,1988-12,12,0.16893124230549672,0.06357536181976098,0.17992730438092464,0.419,8380,0,20000,0.41217820840178393,0.42585290143930504,below,ff49,ew
year,1989-01,1989-12,12,0.1291652199887776,0.08375046134037079,0.2885742032222962,0.58435,11687,0,20000,0.5775042370029317,0.5911633665144034,above,ff49,ew
year,1990-01,1990-12,12,0.11187549720688494,0.07838118061963528,-0.06023993422837459,0.995,19900,0,20000,0.9939228956291228,0.9958869886753337,above,ff49,ew
year,1991-01,1991-12,12,0.47773536261649663,0.05598602000744668,0.34816431124513314,0.5373,10746,0,20000,0.5303832866001618,0.5442023875100529,above,ff49,ew
year,1992-01,1992-12,12,0.16637928082962872,0.03504994804571826,0.0977917454354833,0.3823,7646,0,20000,0.3755884216446032,0.3890567836430037,below,ff49,ew
year,1993-01,1993-12,12,0.4549822216988628,0.028977781780637812,0.11160181432651584,0.92065,18413,0,20000,0.9168228289281491,0.92431561113785,above,ff49,ew
year,1994-01,1994-12,12,0.09419566678853264,0.03908056138318705,-0.0014820664936643357,0.9148,18296,0,20000,0.9108507414315324,0.918589945456323,above,ff49,ew
year,1995-01,1995-12,12,0.25277242252205046,0.05598649105331033,0.36851773687640366,0.558,11160,0,20000,0.551106774377299,0.5648709494401929,above,ff49,ew
year,1996-01,1996-12,12,0.18924456743227092,0.05199928578383717,0.21206785537948347,0.5751,11502,0,20000,0.5682353126417977,0.5819358435425753,above,ff49,ew
year,1997-01,1997-12,12,0.36198792192661666,0.05252282460020541,0.31247057540483114,0.85295,17059,0,20000,0.8479739660401872,0.8577904757078086,above,ff49,ew
year,1998-01,1998-12,12,-0.23368305321543215,0.04854677372757088,0.24260682903123243,0.10405,2081,0,20000,0.099894243489603,0.10835782986322624,below,ff49,ew
year,1999-01,1999-12,12,0.2844149388740227,0.046877487656105554,0.2524240515544398,0.7696,15392,0,20000,0.7637126709760567,0.7753837831824917,above,ff49,ew
year,2000-01,2000-12,12,1.6472429758032154,0.058827813659585004,-0.11592112460980486,0.9998,19996,0,20000,0.9994858195143681,0.9999222212439498,above,ff49,ew
year,2001-01,2001-12,12,0.641375413892997,0.03824800864936062,-0.11201399904333464,0.9042,18084,0,20000,0.9000430847978936,0.9082016732543513,above,ff49,ew
year,2002-01,2002-12,12,0.3851869625409814,0.01632075190748239,-0.21138775004858779,0.97815,19563,0,20000,0.9760301896020748,0.9800861663174724,above,ff49,ew
year,2003-01,2003-12,12,0.5888719801644968,0.010247724555652926,0.3169291440246156,0.44285,8857,0,20000,0.43597752215211283,0.44974442756909994,below,ff49,ew
year,2004-01,2004-12,12,-0.13642944399578671,0.011863454109524163,0.11931461886375816,0.01145,229,0,20000,0.010066511366285016,0.013021127064134812,below,ff49,ew
year,2005-01,2005-12,12,0.2208162455348508,0.02979774263278001,0.061007835307562264,0.91515,18303,0,20000,0.9112078874195707,0.9189326650430457,above,ff49,ew
year,2006-01,2006-12,12,0.7270341929215869,0.04812968129714923,0.15398439680005582,0.9984,19968,0,20000,0.9977422157210755,0.9988663627381994,above,ff49,ew
year,2007-01,2007-12,12,0.383320099663496,0.046667720112056,0.057378903196549036,0.9955,19910,0,20000,0.9944724686459953,0.9963372236224052,above,ff49,ew
year,2008-01,2008-12,12,0.08738033316257932,0.015912653124452003,-0.36656078451194607,0.99855,19971,0,20000,0.9979183363699895,0.9989901844784685,above,ff49,ew
year,2009-01,2009-12,12,1.2649741141981754,0.0009003500770106143,0.28627882661901216,0.89965,17993,0,20000,0.8954087742207859,0.9037377313595696,above,ff49,ew
year,2010-01,2010-12,12,0.5620203199581868,0.0010004501200209237,0.17411855921775898,0.90085,18017,0,20000,0.8966307467230185,0.9049152979708025,above,ff49,ew
year,2011-01,2011-12,12,-0.0724818536124211,0.00040006000400016895,0.005010313959058266,0.6323,12646,0,20000,0.6255926480501315,0.6389565392094232,above,ff49,ew
year,2012-01,2012-12,12,0.23532061329947718,0.0006001500200014664,0.16347588259673151,0.638,12760,0,20000,0.6313137256290575,0.6446332724194577,above,ff49,ew
year,2013-01,2013-12,12,0.6141136751173666,0.0,0.35152984651126506,0.9097,18194,0,20000,0.905648771169377,0.9135938744862506,above,ff49,ew
year,2014-01,2014-12,12,-0.20229365173293845,0.0,0.11742048220313417,0.05175,1035,0,20000,0.04876508828048782,0.05490707204380998,below,ff49,ew
year,2015-01,2015-12,12,-0.11438570650938262,9.999999999998899e-05,0.002123996347826118,0.53355,10671,0,20000,0.5266303163243337,0.5404567980563016,above,ff49,ew
year,2016-01,2016-12,12,1.037243238665026,0.002102001142436638,0.135839399727115,0.989,19780,0,20000,0.987457654338057,0.9903545343990726,above,ff49,ew
decade,1926-10,1936-12,123,-0.943226698396689,0.18905294730176037,0.8318867372457466,5e-05,1,0,20000,8.82628227297485e-06,0.0002831905702260401,below,ff49,ew
decade,1937-01,1946-12,120,-0.41922945580008597,0.019382264221265322,0.6766558202743984,0.0047,94,0,20000,0.003842553472324781,0.005747677444852461,below,ff49,ew
decade,1947-01,1956-12,120,1.91428212295714,0.1435189441161644,3.637739702560717,0.26255,5251,0,20000,0.2564977616499796,0.2686934362730645,below,ff49,ew
decade,1957-01,1966-12,120,3.3046635591642524,0.3498402266913929,1.4871673872372133,0.7891,15782,0,20000,0.7833909921987418,0.7946979725536186,above,ff49,ew
decade,1967-01,1976-12,120,5.405203150904029,0.7324866552416902,0.8192557564736382,0.98965,19793,0,20000,0.9881503225322883,0.9909616165579684,above,ff49,ew
decade,1977-01,1986-12,120,5.980093297599067,1.398087202464629,2.983554967787672,0.54395,10879,0,20000,0.5370395206114018,0.5508435994192666,above,ff49,ew
decade,1987-01,1996-12,120,4.449255692830696,0.7019911521313602,2.9574182864500242,0.94965,18993,0,20000,0.9465322096387385,0.9525950923360065,above,ff49,ew
decade,1997-01,2006-12,120,22.341842091630713,0.42425967867422365,1.2822776380352723,0.9996,19992,0,20000,0.9992108209764861,0.9997972965962543,above,ff49,ew
decade,2007-01,2016-12,120,13.165139453219204,0.06875938967960882,1.033252078890361,0.99985,19997,0,20000,0.9995590363727073,0.999948985182005,above,ff49,ew
full,1926-10,2016-12,1083,33319.14191247716,19.13841505312512,4714.09179101641,0.6316,12632,0,20000,0.6248901289842012,0.6382593271258322,above,ff49,ew
rolling120,1926-10,1936-09,120,-0.9535061244796637,0.18869631463344416,0.6526700463661657,5e-05,1,0,20000,8.82628227297485e-06,0.0002831905702260401,below,ff49,ew
rolling120,1926-11,1936-10,120,-0.948846588316669,0.1851416007738944,0.8241526570504241,5e-05,1,0,20000,8.82628227297485e-06,0.0002831905702260401,below,ff49,ew
rolling120,1926-12,1936-11,120,-0.9394737582256238,0.18159716372641976,0.8316017977014809,5e-05,1,0,20000,8.82628227297485e-06,0.0002831905702260401,below,ff49,ew
rolling120,1927-01,1936-12,120,-0.9404359798869487,0.17829792952375323,0.7835422753128123,5e-05,1,0,20000,8.82628227297485e-06,0.0002831905702260401,below,ff49,ew
rolling120,1927-02,1937-01,120,-0.9274533694612358,0.17547706665008045,0.8397897163306614,5e-05,1,0,20000,8.82628227297485e-06,0.0002831905702260401,below,ff49,ew
rolling120,1927-03,1937-02,120,-0.9317995799564025,0.17266323764553215,0.7811236265539583,5e-05,1,0,20000,8.82628227297485e-06,0.0002831905702260401,below,ff49,ew
rolling120,1927-04,1937-03,120,-0.9339946696775117,0.16927268591156208,0.7688877115567239,5e-05,1,0,20000,8.82628227297485e-06,0.0002831905702260401,below,ff49,ew
rolling120,1927-05,1937-04,120,-0.9360690781850376,0.16670670096492324,0.6275101690822238,5e-05,1,0,20000,8.82628227297485e-06,0.0002831905702260401,below,ff49,ew
rolling120,1927-06,1937-05,120,-0.9389623201306473,0.1639149800453661,0.5271662796976744,5e-05,1,0,20000,8.82628227297485e-06,0.0002831905702260401,below,ff49,ew
rolling120,1927-07,1937-06,120,-0.944289875665778,0.16124491775322136,0.4947132161323786,5e-05,1,0,20000,8.82628227297485e-06,0.0002831905702260401,below,ff49,ew
rolling120,1927-08,1937-07,120,-0.9454606297562993,0.15811893442527136,0.5138904589574314,5e-05,1,0,20000,8.82628227297485e-06,0.0002831905702260401,below,ff49,ew
rolling120,1927-09,1937-08,120,-0.9404023569449915,0.1551162327604274,0.40834593004018815,0.0001,2,0,20000,2.7424035272726892e-05,0.0003645736136206777,below,ff49,ew
rolling120,1927-10,1937-09,120,-0.9577877467422538,0.1531566502879269,0.1593565943424753,0.0001,2,0,20000,2.7424035272726892e-05,0.0003645736136206777,below,ff49,ew
rolling120,1927-11,1937-10,120,-0.9503810908198402,0.15051100410771512,0.09254498568559866,0.00015,3,0,20000,5.101481799495061e-05,0.0004409636272928435,below,ff49,ew
rolling120,1927-12,1937-11,120,-0.958327049616663,0.148329614118887,-0.06141244507155874,0.00025,5,0,20000,0.00010678963454394949,0.0005851504035326235,below,ff49,ew
rolling120,1928-01,1937-12,120,-0.9535115669999488,0.14580883468258543,-0.1219605621913682,0.0005,10,0,20000,0.00027162114501557615,0.0009202228750329447,below,ff49,ew
rolling120,1928-02,1938-01,120,-0.953243870110694,0.14295145604247916,-0.11491369671938889,0.0005,10,0,20000,0.00027162114501557615,0.0009202228750329447,below,ff49,ew
rolling120,1928-03,1938-02,120,-0.9461044610557401,0.13919212203974807,-0.05021912811990381,0.0006,12,0,20000,0.00034327006692676633,0.0010485355459105335,below,ff49,ew
rolling120,1928-04,1938-03,120,-0.9667853575984786,0.13578442798638357,-0.3375565756083817,0.00035,7,0,20000,0.00016955317759555281,0.0007223484532697993,below,ff49,ew
rolling120,1928-05,1938-04,120,-0.9641190880353357,0.13340451649289786,-0.2740198367129666,0.00035,7,0,20000,0.00016955317759555281,0.0007223484532697993,below,ff49,ew
rolling120,1928-06,1938-05,120,-0.9711378349953906,0.12978919108143727,-0.31465305480739014,0.0002,4,0,20000,7.777875605022847e-05,0.0005141804856319552,below,ff49,ew
rolling120,1928-07,1938-06,120,-0.9619899242437314,0.12629766830967726,-0.11007616560200773,0.0002,4,0,20000,7.777875605022847e-05,0.0005141804856319552,below,ff49,ew
rolling120,1928-08,1938-07,120,-0.9623163466500353,0.12259274176918478,-0.05392148679947961,0.00015,3,0,20000,5.101481799495061e-05,0.0004409636272928435,below,ff49,ew
rolling120,1928-09,1938-08,120,-0.9654806228855285,0.1190119036774171,-0.13959105780137704,0.0001,2,0,20000,2.7424035272726892e-05,0.0003645736136206777,below,ff49,ew
rolling120,1928-10,1938-09,120,-0.9681516396445388,0.11622190690949696,-0.15869457222482908,0.0001,2,0,20000,2.7424035272726892e-05,0.0003645736136206777,below,ff49,ew
rolling120,1928-11,1938-10,120,-0.9609553637228899,0.11177525057283932,-0.10832542107313037,0.0001,2,0,20000,2.7424035272726892e-05,0.0003645736136206777,below,ff49,ew
rolling120,1928-12,1938-11,120,-0.9732845658047429,0.10690195798216329,-0.2195860637199768,5e-05,1,0,20000,8.82628227297485e-06,0.0002831905702260401,below,ff49,ew
rolling120,1929-01,1938-12,120,-0.9728606390594531,0.10623821505313136,-0.19084296632562991,5e-05,1,0,20000,8.82628227297485e-06,0.0002831905702260401,below,ff49,ew
rolling120,1929-02,1939-01,120,-0.9771980644883355,0.10237950092846937,-0.27545767327557835,5e-05,1,0,20000,8.82628227297485e-06,0.0002831905702260401,below,ff49,ew
rolling120,1929-03,1939-02,120,-0.9771466836206204,0.09853501283236565,-0.25010376262235423,0.0,0,0,20000,0.0,0.00019203605610462545,below,ff49,ew
rolling120,1929-04,1939-03,120,-0.9808487055858239,0.09470316855798533,-0.3370100207082348,5e-05,1,0,20000,8.82628227297485e-06,0.0002831905702260401,below,ff49,ew
rolling120,1929-05,1939-04,120,-0.9806750442772711,0.09077637361297852,-0.35009663426393,5e-05,1,0,20000,8.82628227297485e-06,0.0002831905702260401,below,ff49,ew
rolling120,1929-06,1939-05,120,-0.9733270140542287,0.0861065822882714,-0.26193198460634715,5e-05,1,0,20000,8.82628227297485e-06,0.0002831905702260401,below,ff49,ew
rolling120,1929-07,1939-06,120,-0.9758791825391097,0.08059609326154016,-0.3659927445339226,5e-05,1,0,20000,8.82628227297485e-06,0.0002831905702260401,below,ff49,ew
rolling120,1929-08,1939-07,120,-0.9764889596635493,0.07704185513957973,-0.33326705755680697,5e-05,1,0,20000,8.82628227297485e-06,0.0002831905702260401,below,ff49,ew
rolling120,1929-09,1939-08,120,-0.9773853443633178,0.07264357664747578,-0.42682097973673905,5e-05,1,0,20000,8.82628227297485e-06,0.0002831905702260401,below,ff49,ew
rolling120,1929-10,1939-09,120,-0.976616680879536,0.06900930842565067,-0.293944916029766,0.0,0,0,20000,0.0,0.00019203605610462545,below,ff49,ew
rolling120,1929-11,1939-10,120,-0.972582958638501,0.06411438226722144,-0.12636771734644647,0.0,0,0,20000,0.0,0.00019203605610462545,below,ff49,ew
rolling120,1929-12,1939-11,120,-0.9762906702044098,0.06019167307683726,-0.03800605218662989,0.0,0,0,20000,0.0,0.00019203605610462545,below,ff49,ew
rolling120,1930-01,1939-12,120,-0.9752501510362523,0.05628342440653311,-0.025892404835905714,0.0,0,0,20000,0.0,0.00019203605610462545,below,ff49,ew
rolling120,1930-02,1940-01,120,-0.9740529309310351,0.05480669503348623,-0.10105758664714926,0.0,0,0,20000,0.0,0.00019203605610462545,below,ff49,ew
rolling120,1930-03,1940-02,120,-0.9712118056318532,0.05165173981404414,-0.11295021001446326,0.0,0,0,20000,0.0,0.00019203605610462545,below,ff49,ew
rolling120,1930-04,1940-03,120,-0.9739523925388236,0.04798379652620244,-0.15745131172725224,0.0,0,0,20000,0.0,0.00019203605610462545,below,ff49,ew
rolling120,1930-05,1940-04,120,-0.96304198495113,0.045787642477000734,-0.13976946272723334,0.0,0,0,20000,0.0,0.00019203605610462545,below,ff49,ew
rolling120,1930-06,1940-05,120,-0.9714773939688524,0.042867030668766404,-0.3196675730575015,0.0,0,0,20000,0.0,0.00019203605610462545,below,ff49,ew
rolling120,1930-07,1940-06,120,-0.9647852683160664,0.04005887171513556,-0.13784693395302106,5e-05,1,0,20000,8.82628227297485e-06,0.0002831905702260401,below,ff49,ew
rolling120,1930-08,1940-07,120,-0.9678349478224457,0.03808670419391924,-0.1472684686088258,0.0,0,0,20000,0.0,0.00019203605610462545,below,ff49,ew
rolling120,1930-09,1940-08,120,-0.9698398822411614,0.03704955092766493,-0.131893988363602,0.0,0,0,20000,0.0,0.00019203605610462545,below,ff49,ew
rolling120,1930-10,1940-09,120,-0.965705130144523,0.03477305021718724,0.016878784251810997,0.0,0,0,20000,0.0,0.00019203605610462545,below,ff49,ew
rolling120,1930-11,1940-10,120,-0.9628478848052812,0.033842591884491124,0.14739920207495438,0.0,0,0,20000,0.0,0.00019203605610462545,below,ff49,ew
rolling120,1930-12,1940-11,120,-0.9710340087095362,0.03250034144061842,0.1622897468747735,0.0,0,0,20000,0.0,0.00019203605610462545,below,ff49,ew
rolling120,1931-01,1940-12,120,-0.9679634798406395,0.031056861834050764,0.268215806380808,0.0,0,0,20000,0.0,0.00019203605610462545,below,ff49,ew
rolling120,1931-02,1941-01,120,-0.9693226247870854,0.029409641685339327,0.14199019181715422,0.0,0,0,20000,0.0,0.00019203605610462545,below,ff49,ew
rolling120,1931-03,1941-02,120,-0.9775492605952304,0.02889514266410509,0.014736326230605057,0.0,0,0,20000,0.0,0.00019203605610462545,below,ff49,ew
rolling120,1931-04,1941-03,120,-0.9732921022145555,0.02766207148544053,0.09123649499207209,0.0,0,0,20000,0.0,0.00019203605610462545,below,ff49,ew
rolling120,1931-05,1941-04,120,-0.9774044912695229,0.026737914946334707,0.1451441593206102,0.0,0,0,20000,0.0,0.00019203605610462545,below,ff49,ew
rolling120,1931-06,1941-05,120,-0.9733447590869778,0.025814681732775346,0.3373647860637128,0.0,0,0,20000,0.0,0.00019203605610462545,below,ff49,ew
rolling120,1931-07,1941-06,120,-0.9786791089948637,0.02499468598398802,0.24141141399107724,0.0,0,0,20000,0.0,0.00019203605610462545,below,ff49,ew
rolling120,1931-08,1941-07,120,-0.9681172075488492,0.024687371966603422,0.4071012388061124,0.0,0,0,20000,0.0,0.00019203605610462545,below,ff49,ew
rolling120,1931-09,1941-08,120,-0.9609086330895698,0.024482495955013395,0.3988348868107363,0.0,0,0,20000,0.0,0.00019203605610462545,below,ff49,ew
rolling120,1931-10,1941-09,120,-0.9422922214309576,0.024277660906337095,0.9451045354123759,0.0,0,0,20000,0.0,0.00019203605610462545,below,ff49,ew
rolling120,1931-11,1941-10,120,-0.9599741910053746,0.023254406499837232,0.7048681995093764,0.0,0,0,20000,0.0,0.00019203605610462545,below,ff49,ew
rolling120,1931-12,1941-11,120,-0.9564123360181827,0.02151782619530529,0.8363432600449783,0.0,0,0,20000,0.0,0.00019203605610462545,below,ff49,ew
rolling120,1932-01,1941-12,120,-0.9469625260355953,0.020395503373876078,1.017220950670656,0.0,0,0,20000,0.0,0.00019203605610462545,below,ff49,ew
rolling120,1932-02,1942-01,120,-0.9400284850282729,0.018257590017510594,1.0611802557987922,0.0,0,0,20000,0.0,0.00019203605610462545,below,ff49,ew
rolling120,1932-03,1942-02,120,-0.9471635697551872,0.016022563879589224,0.9026129253706676,0.0,0,0,20000,0.0,0.00019203605610462545,below,ff49,ew
rolling120,1932-04,1942-03,120,-0.9519291451389659,0.014500964592629062,1.000034586527955,0.0,0,0,20000,0.0,0.00019203605610462545,below,ff49,ew
rolling120,1932-05,1942-04,120,-0.9284222710255302,0.013487578352900265,1.3278971383173128,0.0,0,0,20000,0.0,0.00019203605610462545,below,ff49,ew
rolling120,1932-06,1942-05,120,-0.868286428539171,0.013183714397767332,2.1016193298586043,0.0,0,0,20000,0.0,0.00019203605610462545,below,ff49,ew
rolling120,1932-07,1942-06,120,-0.8700981869769258,0.013183714397767332,2.2094338053045712,0.0,0,0,20000,0.0,0.00019203605610462545,below,ff49,ew
rolling120,1932-08,1942-07,120,-0.8827170267509981,0.013285012509584693,1.4867527965369698,0.0,0,0,20000,0.0,0.00019203605610462545,below,ff49,ew
rolling120,1932-09,1942-08,120,-0.9437418251611259,0.013285012509584693,0.8463436913697386,0.0,0,0,20000,0.0,0.00019203605610462545,below,ff49,ew
rolling120,1932-10,1942-09,120,-0.9183136738985851,0.013285012509584693,0.9520772470810968,0.0,0,0,20000,0.0,0.00019203605610462545,below,ff49,ew
rolling120,1932-11,1942-10,120,-0.8863083367171667,0.013386320749187774,1.4010527667850257,0.0,0,0,20000,0.0,0.00019203605610462545,below,ff49,ew
rolling120,1932-12,1942-11,120,-0.8833978301371261,0.0134876391175891,1.5545936384234986,0.0,0,0,20000,0.0,0.00019203605610462545,below,ff49,ew
rolling120,1933-01,1942-12,120,-0.8887915173358529,0.013690316377686695,1.5726957095949374,0.0,0,0,20000,0.0,0.00019203605610462545,below,ff49,ew
rolling120,1933-02,1943-01,120,-0.8702758513873721,0.013893034169182972,1.7228649110142573,0.0,0,0,20000,0.0,0.00019203605610462545,below,ff49,ew
rolling120,1933-03,1943-02,120,-0.7642407191307091,0.01450155254519725,2.414513756502172,0.0,0,0,20000,0.0,0.00019203605610462545,below,ff49,ew
rolling120,1933-04,1943-03,120,-0.7914961273236908,0.014400142953779449,2.512544413332884,0.0,0,0,20000,0.0,0.00019203605610462545,below,ff49,ew
rolling120,1933-05,1943-04,120,-0.814435006873643,0.013690772224441039,1.5498882631955082,0.0,0,0,20000,0.0,0.00019203605610462545,below,ff49,ew
rolling120,1933-06,1943-05,120,-0.8221979141192809,0.013488115132832768,1.2203151526976939,5e-05,1,0,20000,8.82628227297485e-06,0.0002831905702260401,below,ff49,ew
rolling120,1933-07,1943-06,120,-0.8417563065527637,0.013589443678637014,0.9991080118658076,0.0,0,0,20000,0.0,0.00019203605610462545,below,ff49,ew
rolling120,1933-08,1943-07,120,-0.8438768250579193,0.013690782355269437,1.1068271534655691,0.0,0,0,20000,0.0,0.00019203605610462545,below,ff49,ew
rolling120,1933-09,1943-08,120,-0.7742913596013472,0.013690782355269437,0.9049236678920867,0.00015,3,0,20000,5.101481799495061e-05,0.0004409636272928435,below,ff49,ew
rolling120,1933-10,1943-09,120,-0.7238449584062566,0.013792131163743448,1.1832978773882337,0.0001,2,0,20000,2.7424035272726892e-05,0.0003645736136206777,below,ff49,ew
rolling120,1933-11,1943-10,120,-0.6749865028960544,0.013994869316160896,1.355531850694474,0.00025,5,0,20000,0.00010678963454394949,0.0005851504035326235,below,ff49,ew
rolling120,1933-12,1943-11,120,-0.6430683406146525,0.014096248527250221,1.0152336316969723,0.0005,10,0,20000,0.00027162114501557615,0.0009202228750329447,below,ff49,ew
rolling120,1934-01,1943-12,120,-0.665132121148803,0.01419763787423367,1.105467973414747,0.00035,7,0,20000,0.00016955317759555281,0.0007223484532697993,below,ff49,ew
rolling120,1934-02,1944-01,120,-0.7676560144386394,0.013994899715737974,0.9021169609801938,0.0,0,0,20000,0.0,0.00019203605610462545,below,ff49,ew
rolling120,1934-03,1944-02,120,-0.7421706875685868,0.014096278929866868,0.9584918765502148,0.0002,4,0,20000,7.777875605022847e-05,0.0005141804856319552,below,ff49,ew
rolling120,1934-04,1944-03,120,-0.7403665555651502,0.014096278929866868,1.0048571322431927,0.0001,2,0,20000,2.7424035272726892e-05,0.0003645736136206777,below,ff49,ew
rolling120,1934-05,1944-04,120,-0.7571220742993402,0.014299077905755242,1.0073065606271183,5e-05,1,0,20000,8.82628227297485e-06,0.0002831905702260401,below,ff49,ew
rolling120,1934-06,1944-05,120,-0.6710666898525133,0.014501917437383272,1.2748031545823872,0.00015,3,0,20000,5.101481799495061e-05,0.0004409636272928435,below,ff49,ew
rolling120,1934-07,1944-06,120,-0.6103800177121872,0.014704797532861136,1.3372539421205718,0.00015,3,0,20000,5.101481799495061e-05,0.0004409636272928435,below,ff49,ew
rolling120,1934-08,1944-07,120,-0.5707606579081825,0.014907718200301012,1.5857528175206146,0.00015,3,0,20000,5.101481799495061e-05,0.0004409636272928435,below,ff49,ew
rolling120,1934-09,1944-08,120,-0.5102397471698379,0.015110679447816189,1.4877983590483876,0.0005,10,0,20000,0.00027162114501557615,0.0009202228750329447,below,ff49,ew
rolling120,1934-10,1944-09,120,-0.5160702263701972,0.015212180365669292,1.494530899460767,0.0003,6,0,20000,0.00013749971371878445,0.0006544211207521781,below,ff49,ew
rolling120,1934-11,1944-10,120,-0.5314904545957307,0.015415202499529101,1.5412003133398495,0.0002,4,0,20000,7.777875605022847e-05,0.0005141804856319552,below,ff49,ew
rolling120,1934-12,1944-11,120,-0.5393114665297642,0.015618265233755535,1.3863920978327147,0.0002,4,0,20000,7.777875605022847e-05,0.0005141804856319552,below,ff49,ew
rolling120,1935-01,1944-12,120,-0.5455116825434094,0.015719816905111816,1.4741253531978908,0.0002,4,0,20000,7.777875605022847e-05,0.0005141804856319552,below,ff49,ew
rolling120,1935-02,1945-01,120,-0.37292118224343807,0.01592294055612764,1.6148084002103862,0.0008,16,0,20000,0.0004925085701393533,0.0012992202282755049,below,ff49,ew
rolling120,1935-03,1945-02,120,-0.03440960805626769,0.01592294055612764,1.8331979657592647,0.00325,65,0,20000,0.0025509199970575078,0.004139867824682437,below,ff49,ew
rolling120,1935-04,1945-03,120,-0.1043035583792129,0.016024522691969745,1.8276080632307674,0.002,40,0,20000,0.0014691757997049196,0.0027220921121752875,below,ff49,ew
rolling120,1935-05,1945-04,120,-0.14565296023119623,0.016227707278049452,1.7954614234727573,0.0016,32,0,20000,0.0011336372618005737,0.002257784278924517,below,ff49,ew
rolling120,1935-06,1945-05,120,-0.05987479130687756,0.016430932496983353,1.7495323191922543,0.0029,58,0,20000,0.0022441939502619536,0.003746728296717265,below,ff49,ew
rolling120,1935-07,1945-06,120,0.12443195724931533,0.016532565426939927,1.6060084969803117,0.00715,143,0,20000,0.00607323637020432,0.008416053570298008,below,ff49,ew
rolling120,1935-08,1945-07,120,-0.07296016720164755,0.016735851611406893,1.37121331022309,0.005,100,0,20000,0.004113011324666333,0.006077104370877246,below,ff49,ew
rolling120,1935-09,1945-08,120,-0.04273866865242126,0.016939178449045356,1.4541341731073771,0.0061,122,0,20000,0.005111670648415369,0.007278022567804781,below,ff49,ew
rolling120,1935-10,1945-09,120,0.052005706868786694,0.017142545947985477,1.5060241775470433,0.00755,151,0,20000,0.006441293945850522,0.008847842365806925,below,ff49,ew
rolling120,1935-11,1945-10,120,0.5378920760145831,0.017345954116358087,1.4329786297710085,0.038,760,0,20000,0.03543769417331055,0.04073974714253012,below,ff49,ew
rolling120,1935-12,1945-11,120,0.6408903540057498,0.017345954116358087,1.4452722580842758,0.04895,979,0,20000,0.04604537572539664,0.05202786000081535,below,ff49,ew
rolling120,1936-01,1945-12,120,0.7884094110040305,0.0175494029622969,1.3671619927629148,0.0713,1426,0,20000,0.06781543693706214,0.07494921477744197,below,ff49,ew
rolling120,1936-02,1946-01,120,0.5837647955533831,0.01775289249393608,1.3532114590356872,0.05395,1079,0,20000,0.05090376658630194,0.05716754877934899,below,ff49,ew
rolling120,1936-03,1946-02,120,0.2448314195343757,0.017956422719412446,1.1624291446494768,0.0311,622,0,20000,0.028782829393135836,0.03359726202027907,below,ff49,ew
rolling120,1936-04,1946-03,120,0.34266583156267805,0.018058198006627002,1.2680022847081216,0.03375,675,0,20000,0.031335441632471095,0.03634363198984647,below,ff49,ew
rolling120,1936-05,1946-04,120,0.8127644002746546,0.018159983469335117,1.5735951045240397,0.04835,967,0,20000,0.04546292425909533,0.05141054191038397,below,ff49,ew
rolling120,1936-06,1946-05,120,0.560567813163928,0.0182617791085542,1.5432628363973424,0.0281,562,0,20000,0.02589872480593087,0.03048251882382067,below,ff49,ew
rolling120,1936-07,1946-06,120,0.4675642768238557,0.0182617791085542,1.3870866844795522,0.02755,551,0,20000,0.02537069021773918,0.02991076465167408,below,ff49,ew
rolling120,1936-08,1946-07,120,0.14644080520800196,0.01846541110117661,1.1778893792036707,0.016,320,0,20000,0.014351665885949334,0.017834225016359936,below,ff49,ew
rolling120,1936-09,1946-08,120,0.0007736067314458861,0.018567237277051563,1.017474598674264,0.0124,248,0,20000,0.010957248978851097,0.014030024583062132,below,ff49,ew
rolling120,1936-10,1946-09,120,-0.2959822380944338,0.018770930355199056,0.7951088600800418,0.0054,108,0,20000,0.004474973029329244,0.006514989037369452,below,ff49,ew
rolling120,1936-11,1946-10,120,-0.4315267601830409,0.01887278707689033,0.6521637650792693,0.00285,57,0,20000,0.002200583078448723,0.003690358372136106,below,ff49,ew
rolling120,1936-12,1946-11,120,-0.48184505401424604,0.01907654125888758,0.6000086970618546,0.0029,58,0,20000,0.0022441939502619536,0.003746728296717265,below,ff49,ew
rolling120,1937-01,1946-12,120,-0.41922945580008597,0.019382264221265322,0.6766558202743984,0.0047,94,0,20000,0.003842553472324781,0.005747677444852461,below,ff49,ew
rolling120,1937-02,1947-01,120,-0.5359440305846958,0.019586120288502817,0.6429150684732108,0.00135,27,0,20000,0.0009280055236101934,0.0019635120351429495,below,ff49,ew
rolling120,1937-03,1947-02,120,-0.5208408966719668,0.019688058512886686,0.6078142124108752,0.00175,35,0,20000,0.0012586299858426053,0.0024327339440656536,below,ff49,ew
rolling120,1937-04,1947-03,120,-0.492453318476781,0.019891975732867273,0.5852483989033541,0.0028,56,0,20000,0.0021570279675788453,0.0036339326866115947,below,ff49,ew
rolling120,1937-05,1947-04,120,-0.46243678276284506,0.019891975732867273,0.629040736242219,0.0038,76,0,20000,0.003037358299165314,0.004753218282912917,below,ff49,ew
rolling120,1937-06,1947-05,120,-0.4693958763936785,0.019586191610620807,0.6264140455458695,0.00365,73,0,20000,0.0029042115422513786,0.004586422650643684,below,ff49,ew
rolling120,1937-07,1947-06,120,-0.3526901100761757,0.019586191610620807,0.7882065909952654,0.00435,87,0,20000,0.0035282405886960517,0.005362124753720462,below,ff49,ew
rolling120,1937-08,1947-07,120,-0.34636278772138607,0.019586191610620807,0.7097448000556896,0.0055,110,0,20000,0.004565686858229053,0.006624236801258421,below,ff49,ew
rolling120,1937-09,1947-08,120,-0.33162384738838324,0.019688129842135638,0.7663529156766211,0.0056,112,0,20000,0.004656485228974206,0.006733400023302048,below,ff49,ew
rolling120,1937-10,1947-09,120,-0.10880506040229532,0.01989198592567054,1.034106019071249,0.0083,166,0,20000,0.007133636352092857,0.00965521190548043,below,ff49,ew
rolling120,1937-11,1947-10,120,-0.014115598070039148,0.020299861144996934,1.306279886490934,0.007,140,0,20000,0.005935447417358108,0.008253900133961052,below,ff49,ew
rolling120,1937-12,1947-11,120,0.05699843661383186,0.02070789948178775,1.4667561180953852,0.0065,130,0,20000,0.005477137405509282,0.0077124021818659825,below,ff49,ew
rolling120,1938-01,1947-12,120,0.036313924917935836,0.021524465801373127,1.6569625766842884,0.0031,62,0,20000,0.0024191677309758014,0.0039716777015809755,below,ff49,ew
rolling120,1938-02,1948-01,120,0.11418845050986715,0.02223953292743408,1.542201255199318,0.0063,126,0,20000,0.005294265681343145,0.007495350720454561,below,ff49,ew
rolling120,1938-03,1948-02,120,-0.013790482622290656,0.022955100600483336,1.2981883619274708,0.0061,122,0,20000,0.005111670648415369,0.007278022567804781,below,ff49,ew
rolling120,1938-04,1948-03,120,0.2619584673165434,0.023978158006824346,2.2684540057906455,0.0023,46,0,20000,0.0017249036260933654,0.0030662490641531785,below,ff49,ew
rolling120,1938-05,1948-04,120,0.14351792090349247,0.024694871046125222,1.9612781380091153,0.0028,56,0,20000,0.0021570279675788453,0.0036339326866115947,below,ff49,ew
rolling120,1938-06,1948-05,120,0.2581898932682831,0.025514626942962026,2.308105596236519,0.002,40,0,20000,0.0014691757997049196,0.0027220921121752875,below,ff49,ew
rolling120,1938-07,1948-06,120,0.11257307501040614,0.026437590107210696,1.6696617766706532,0.00535,107,0,20000,0.004429648540629079,0.006460332729675226,below,ff49,ew
rolling120,1938-08,1948-07,120,-0.02556159936528435,0.0273614763269292,1.363192962949236,0.00605,121,0,20000,0.005066066684449988,0.007223645735375771,below,ff49,ew
rolling120,1938-09,1948-08,120,-0.08738676304191839,0.028286101655623508,1.4362839084740737,0.0029,58,0,20000,0.0022441939502619536,0.003746728296717265,below,ff49,ew
rolling120,1938-10,1948-09,120,-0.010446075220689854,0.02849171775273529,1.3444854072127796,0.00545,109,0,20000,0.004520319233176891,0.006569623629916194,below,ff49,ew
rolling120,1938-11,1948-10,120,-0.11708757411618964,0.028800234416394677,1.3051243220902946,0.00425,85,0,20000,0.0034386987120232776,0.005251705037604458,below,ff49,ew
rolling120,1938-12,1948-11,120,0.018877079274710162,0.02982965230154222,1.129071038834926,0.01365,273,0,20000,0.012132733990915077,0.015354059480857893,below,ff49,ew
rolling120,1939-01,1948-12,120,0.08193363405730736,0.03024158416246281,1.1114923032992308,0.0188,376,0,20000,0.01700801293397831,0.020776802566416775,below,ff49,ew
rolling120,1939-02,1949-01,120,0.20833303434317973,0.031374963242949416,1.2532016888961048,0.0195,390,0,20000,0.01767388969538746,0.021510656954529077,below,ff49,ew
rolling120,1939-03,1949-02,120,0.1574247706284282,0.03219998071179697,1.1147708277931372,0.02295,459,0,20000,0.020964479568422456,0.02511874203270697,below,ff49,ew
rolling120,1939-04,1949-03,120,0.4914713625424496,0.033335514243933106,1.504017527451742,0.02335,467,0,20000,0.021346845942050115,0.025536222030234416,below,ff49,ew
rolling120,1939-05,1949-04,120,0.43512144440986655,0.034265516206752666,1.4638810012653787,0.02205,441,0,20000,0.020104763539391127,0.024178803726639282,below,ff49,ew
rolling120,1939-06,1949-05,120,0.2083301762598586,0.03519626209674964,1.2401434454492937,0.01765,353,0,20000,0.015915556372522358,0.01956970081080177,below,ff49,ew
rolling120,1939-07,1949-06,120,0.14464073797969035,0.03612784557428905,1.3707474993031186,0.00935,187,0,20000,0.008107200901625576,0.010781244080229893,below,ff49,ew
rolling120,1939-08,1949-07,120,0.15562389535532684,0.03706036063530593,1.2720201265776487,0.01315,263,0,20000,0.011662098534278397,0.014824886973550678,below,ff49,ew
rolling120,1939-09,1949-08,120,0.35859352291337676,0.03809752471234895,1.5001717564783301,0.01475,295,0,20000,0.0131700341223815,0.016516336870068038,below,ff49,ew
rolling120,1939-10,1949-09,120,0.43581558749731286,0.03892791969262066,1.2067384245802746,0.0347,694,0,20000,0.03225155874748462,0.03732715000632635,below,ff49,ew
rolling120,1939-11,1949-10,120,0.6264972950783498,0.03986295482034419,1.2901538913182038,0.0505,1010,0,20000,0.047550610725174164,0.0536220296892639,below,ff49,ew
rolling120,1939-12,1949-11,120,1.1921487859290552,0.04069484518420041,1.421834768930065,0.1117,2234,0,20000,0.10740879446792123,0.11614034073324961,below,ff49,ew
rolling120,1940-01,1949-12,120,1.5297773609422833,0.041631470544866156,1.4759513527106844,0.14975,2995,0,20000,0.14487201009572162,0.1547625111615796,below,ff49,ew
rolling120,1940-02,1950-01,120,1.4607381400819057,0.042568938868356554,1.5825093574384725,0.1172,2344,0,20000,0.11281545653935258,0.12173156626520111,below,ff49,ew
rolling120,1940-03,1950-02,120,1.3893252782874637,0.04350725091333807,1.5858189613074298,0.10865,2173,0,20000,0.10441198580164386,0.11303832081946923,below,ff49,ew
rolling120,1940-04,1950-03,120,1.554875941687591,0.04455075816425147,1.5683352270271542,0.1523,3046,0,20000,0.14738709045590156,0.15734645141751355,below,ff49,ew
rolling120,1940-05,1950-04,120,1.9574260875084781,0.04549085384659923,1.6659739938897906,0.2078,4156,0,20000,0.20223330554895877,0.2134789203222288,below,ff49,ew
rolling120,1940-06,1950-05,120,3.083345466071992,0.046745693839213676,2.5699025960755573,0.19735,3947,0,20000,0.1918924637246215,0.2029237757001386,below,ff49,ew
rolling120,1940-07,1950-06,120,2.826106666304795,0.0477924395330529,2.1499731033325795,0.2351,4702,0,20000,0.2292741326704174,0.24102760803210677,below,ff49,ew
rolling120,1940-08,1950-07,120,3.7183158366454476,0.04873535843674226,2.0977686644229196,0.39265,7853,0,20000,0.3859033104982002,0.3994379196430455,below,ff49,ew
rolling120,1940-09,1950-08,120,3.8361775189433827,0.04988908270344927,2.181426604871131,0.3822,7644,0,20000,0.3754887765752528,0.38895646711956544,below,ff49,ew
rolling120,1940-10,1950-09,120,3.4911854759795604,0.05093897178615259,2.2600378883004115,0.31855,6371,0,20000,0.3121282503754834,0.325041439509277,below,ff49,ew
rolling120,1940-11,1950-10,120,3.813113650897775,0.052200098552296126,2.161948812752209,0.4061,8122,0,20000,0.3993124376523721,0.4129236267189643,below,ff49,ew
rolling120,1940-12,1950-11,120,5.053613391381894,0.053357518660703596,2.3066236440423458,0.56675,11335,0,20000,0.5598703373626437,0.5736040258238664,above,ff49,ew
rolling120,1941-01,1950-12,120,5.579464961817239,0.05451621193123035,2.470493462135218,0.56585,11317,0,20000,0.5589688420052892,0.5727058668461218,above,ff49,ew
rolling120,1941-02,1951-01,120,6.112593381377324,0.05599268227496834,2.833444557956061,0.576,11520,0,20000,0.569137045837762,0.5828337646817099,above,ff49,ew
rolling120,1941-03,1951-02,120,6.328238794378029,0.057154390396283006,2.94779446664509,0.5659,11318,0,20000,0.5590189244760478,0.5727557651717575,above,ff49,ew
rolling120,1941-04,1951-03,120,5.664646517620781,0.0582114390818107,2.8342733565482066,0.5285,10570,0,20000,0.5215769361566894,0.5354121177881125,above,ff49,ew
rolling120,1941-05,1951-04,120,9.425608867813414,0.05969308326094325,3.258546066899357,0.7748,15496,0,20000,0.7689584299635857,0.7805360270199793,above,ff49,ew
rolling120,1941-06,1951-05,120,9.075080041373944,0.060964714960856314,3.106890238730207,0.77345,15469,0,20000,0.767596427993149,0.7791985474877673,above,ff49,ew
rolling120,1941-07,1951-06,120,8.65284720572596,0.06223787261880931,2.783244159253595,0.8089,16178,0,20000,0.8033919550631387,0.8142894050613997,above,ff49,ew
rolling120,1941-08,1951-07,120,7.517578125578764,0.06329979191563906,2.825399287751415,0.77845,15569,0,20000,0.7726413149264474,0.7841517401939079,above,ff49,ew
rolling120,1941-09,1951-08,120,6.9708006424817,0.0645756240827211,3.0008833496294347,0.7074,14148,0,20000,0.7010553945289776,0.7136649489149504,above,ff49,ew
rolling120,1941-10,1951-09,120,7.285696470332834,0.06574654017760273,3.0690916908064114,0.70355,14071,0,20000,0.6971820890224323,0.7098397330991275,above,ff49,ew
rolling120,1941-11,1951-10,120,10.265992660061455,0.0674517346418868,3.1932174559154527,0.85615,17123,0,20000,0.8512179352823367,0.8609452774348999,above,ff49,ew
rolling120,1941-12,1951-11,120,10.020862761678703,0.06862593154999286,3.306119996288902,0.82555,16511,0,20000,0.8202281668284166,0.8307467984954537,above,ff49,ew
rolling120,1942-01,1951-12,120,10.397241051294257,0.0698013025375992,3.682730091622906,0.7939,15878,0,20000,0.7882377903004713,0.7994493309057505,above,ff49,ew
rolling120,1942-02,1952-01,120,10.387181703499648,0.07119176613817779,3.7194264190942086,0.8538,17076,0,20000,0.8488355666133085,0.8586285486733918,above,ff49,ew
rolling120,1942-03,1952-02,120,13.30913687828823,0.0723699592616176,3.7160398496494453,0.93245,18649,0,20000,0.9288880646412835,0.9358458433737916,above,ff49,ew
rolling120,1942-04,1952-03,120,14.114697797083863,0.07344222199460582,4.278470894774109,0.931,18620,0,20000,0.927403964084956,0.9344305008346819,above,ff49,ew
rolling120,1942-05,1952-04,120,11.725042656209755,0.07462289037196213,4.2514272860493145,0.8753,17506,0,20000,0.8706490739361089,0.879806783800179,above,ff49,ew
rolling120,1942-06,1952-05,120,11.561232151910305,0.075697190972154,4.119633752877401,0.87935,17587,0,20000,0.8747628295606703,0.8837914726835631,above,ff49,ew
rolling120,1942-07,1952-06,120,11.787880737505096,0.07709531769507327,4.183940739646746,0.8862,17724,0,20000,0.8817244436101863,0.8905272277400784,above,ff49,ew
rolling120,1942-08,1952-07,120,11.312842534764556,0.07838744443828438,4.059774494385746,0.88875,17775,0,20000,0.8843172686303612,0.8930334233360174,above,ff49,ew
rolling120,1942-09,1952-08,120,13.833271319915728,0.07968112126856108,3.9380378007665264,0.9472,18944,0,20000,0.944013877439411,0.9502143655120091,above,ff49,ew
rolling120,1942-10,1952-09,120,11.520647780505202,0.08108428577685789,3.720119522759002,0.9195,18390,0,20000,0.915648373301938,0.92319050844699,above,ff49,ew
rolling120,1942-11,1952-10,120,9.895506003108919,0.08227312184039337,3.394548339953819,0.9078,18156,0,20000,0.9037117763004693,0.9117315990921718,above,ff49,ew
rolling120,1942-12,1952-11,120,10.087792136744127,0.08303048581648875,3.6534125093400753,0.89765,17953,0,20000,0.8933725603758911,0.9017747133486889,above,ff49,ew
rolling120,1943-01,1952-12,120,11.77035577766759,0.08443800319283734,3.561379629056465,0.94585,18917,0,20000,0.9426270266395077,0.9489017348092638,above,ff49,ew
rolling120,1943-02,1953-01,120,9.431241348879468,0.0858473497930079,3.2489447048564424,0.9379,18758,0,20000,0.9344704715828481,0.9411613432392153,above,ff49,ew
rolling120,1943-03,1953-02,120,5.43492507851224,0.0870414236556214,2.996064673453365,0.745,14900,0,20000,0.7389127306941827,0.750993171638326,above,ff49,ew
rolling120,1943-04,1953-03,120,5.228638964884242,0.08867149676917085,2.7202661310275817,0.80415,16083,0,20000,0.7985918010262947,0.8095913834407769,above,ff49,ew
rolling120,1943-05,1953-04,120,4.915041117107721,0.09008634526042347,2.5907725360265226,0.8118,16236,0,20000,0.8063232052300182,0.8171570410853948,above,ff49,ew
rolling120,1943-06,1953-05,120,3.7867329678157056,0.0917211478178026,2.4179727609638864,0.71315,14263,0,20000,0.7068412185821679,0.7193769164471145,above,ff49,ew
rolling120,1943-07,1953-06,120,4.1796700545753245,0.0933582384123508,2.298503119048997,0.80965,16193,0,20000,0.8041499907227271,0.8150310813477272,above,ff49,ew
rolling120,1943-08,1953-07,120,4.502300182125803,0.0946698748075272,2.551301783291073,0.8013,16026,0,20000,0.7957123109543861,0.8067719681182052,above,ff49,ew
rolling120,1943-09,1953-08,120,3.3988915799160306,0.09620195300879719,2.3508335488054817,0.65365,13073,0,20000,0.6470268425085981,0.6602141448113608,above,ff49,ew
rolling120,1943-10,1953-09,120,3.518091508687559,0.0976265881571643,2.2834439450708404,0.71645,14329,0,20000,0.7101623360662516,0.7226545315250609,above,ff49,ew
rolling120,1943-11,1953-10,120,3.7566644946149816,0.09872388555610168,2.477701095947301,0.73435,14687,0,20000,0.7281841766309515,0.7404258160695522,above,ff49,ew
rolling120,1943-12,1953-11,120,3.7897065823869855,0.09927308273972457,2.803666278372967,0.6414,12828,0,20000,0.6347267803379207,0.6480189118654128,above,ff49,ew
rolling120,1944-01,1953-12,120,3.2272918561919353,0.10037202613944429,2.580236633261773,0.62125,12425,0,20000,0.614504638113987,0.6279487931424076,above,ff49,ew
rolling120,1944-02,1954-01,120,3.2051830174283165,0.10125205975027263,2.702310143308136,0.59685,11937,0,20000,0.5900337490210341,0.6036290535948985,above,ff49,ew
rolling120,1944-03,1954-02,120,2.924734754631706,0.10169242846355875,2.751723446017627,0.50775,10155,0,20000,0.5008204902082204,0.5146765332329101,above,ff49,ew
rolling120,1944-04,1954-03,120,3.142504210525498,0.10235331174398077,2.7978511933047288,0.5833,11666,0,20000,0.5764519646928792,0.5901160421001739,above,ff49,ew
rolling120,1944-05,1954-04,120,3.2880244092234614,0.10301452536694033,3.030341168733795,0.5725,11450,0,20000,0.5656304360340646,0.5793417187378002,above,ff49,ew
rolling120,1944-06,1954-05,120,3.4236303560412624,0.10323506211099054,2.955186866662458,0.6337,12674,0,20000,0.6269977316184596,0.6403509179401381,above,ff49,ew
rolling120,1944-07,1954-06,120,2.6668752823725588,0.1035659333682466,2.790293724599594,0.51875,10375,0,20000,0.5118224182209229,0.5256703804269732,above,ff49,ew
rolling120,1944-08,1954-07,120,3.0288577967955126,0.10378658036082244,3.040697744765448,0.53305,10661,0,20000,0.5261299499428196,0.539957356473872,above,ff49,ew
rolling120,1944-09,1954-08,120,2.554006055448301,0.1040072714695619,2.885974698922967,0.43855,8771,0,20000,0.43168546398564334,0.44543813724565195,below,ff49,ew
rolling120,1944-10,1954-09,120,2.7031480289820204,0.10477992202947872,3.1365198489434905,0.43775,8755,0,20000,0.43088699932024327,0.4446369091687417,below,ff49,ew
rolling120,1944-11,1954-10,120,2.6416639812305847,0.10522170146446008,3.0626165598965907,0.43605,8721,0,20000,0.42919032219989195,0.44293423921168384,below,ff49,ew
rolling120,1944-12,1954-11,120,2.592414545075443,0.10555316853477814,3.3712859722024744,0.35565,7113,0,20000,0.349043842049714,0.3623115987596835,below,ff49,ew
rolling120,1945-01,1954-12,120,2.4128267093666724,0.10621636779604682,3.4347170871171953,0.28615,5723,0,20000,0.2799277976615615,0.29245433615963445,below,ff49,ew
rolling120,1945-02,1955-01,120,2.2533995863584364,0.10676931009725443,3.3756107049290396,0.26765,5353,0,20000,0.261559177778616,0.27383006137665583,below,ff49,ew
rolling120,1945-03,1955-02,120,2.394107692372771,0.10754389369760253,3.246298539155137,0.3401,6802,0,20000,0.3335656492833309,0.3466957638474114,below,ff49,ew
rolling120,1945-04,1955-03,120,3.1596562361513776,0.1084297516409718,3.415956081454124,0.49305,9861,0,20000,0.4861231501852449,0.49997951911593497,below,ff49,ew
rolling120,1945-05,1955-04,120,2.557580811140747,0.10920541976668297,3.226753474607068,0.3851,7702,0,20000,0.3783786059673053,0.39186552391838747,below,ff49,ew
rolling120,1945-06,1955-05,120,2.327629451919472,0.1104251798004161,3.1980961109686774,0.3355,6710,0,20000,0.3289883897766637,0.3420747900857947,below,ff49,ew
rolling120,1945-07,1955-06,120,1.9172148801392526,0.11131334231175427,3.458987652970916,0.20745,4149,0,20000,0.20188686810176348,0.2131254921946633,below,ff49,ew
rolling120,1945-08,1955-07,120,2.1157150462166623,0.11209102834556228,3.647170965936068,0.2382,4764,0,20000,0.23234692545914454,0.2441536246198318,below,ff49,ew
rolling120,1945-09,1955-08,120,1.962735428898064,0.11353631309698597,3.3904284382180006,0.24205,4841,0,20000,0.23616373467440735,0.24803533672693698,below,ff49,ew
rolling120,1945-10,1955-09,120,1.6934934577841059,0.11498347615509474,3.180542498566549,0.2287,4574,0,20000,0.22293168994372423,0.23457250882031808,below,ff49,ew
rolling120,1945-11,1955-10,120,1.41785503570879,0.11665544977724074,2.922678012271211,0.20705,4141,0,20000,0.2014909473836519,0.2127215665416198,below,ff49,ew
rolling120,1945-12,1955-11,120,1.376793695732875,0.11833009802225769,2.9892839090836327,0.22615,4523,0,20000,0.22040515328460472,0.23200002486332374,below,ff49,ew
rolling120,1946-01,1955-12,120,1.292226129779833,0.12000709007167609,3.007019314725677,0.1965,3930,0,20000,0.19105160175390112,0.20206496413215436,below,ff49,ew
rolling120,1946-02,1956-01,120,1.060836289346514,0.12213446533023475,2.6646486044809308,0.1969,3938,0,20000,0.19144729654857284,0.20246911570863774,below,ff49,ew
rolling120,1946-03,1956-02,120,1.8070180806296738,0.12392934201175865,3.0451588853156633,0.41605,8321,0,20000,0.4092356104549937,0.42289663239882624,below,ff49,ew
rolling120,1946-04,1956-03,120,1.7513602694978294,0.12527765272895763,3.0787698740710017,0.39525,7905,0,20000,0.38849499282280636,0.4020452387309475,below,ff49,ew
rolling120,1946-05,1956-04,120,1.1885983463863514,0.12707755700204193,2.9305007600989206,0.22045,4409,0,20000,0.2147587186348703,0.22624864872409775,below,ff49,ew
rolling120,1946-06,1956-05,120,1.1039312722541008,0.129331036072325,2.591775293036439,0.2593,5186,0,20000,0.25327289980762646,0.26541954634978226,below,ff49,ew
rolling120,1946-07,1956-06,120,1.3857360302026365,0.13125032304755546,2.8730949098095233,0.3121,6242,0,20000,0.3057150079392776,0.3185571592106065,below,ff49,ew
rolling120,1946-08,1956-07,120,1.4796569713835899,0.13339905404204733,3.18026865856368,0.281,5620,0,20000,0.2748130478341847,0.2872710639583892,below,ff49,ew
rolling120,1946-09,1956-08,120,1.5224650330388965,0.13498533683286906,3.332611462087269,0.2372,4744,0,20000,0.2313556546528433,0.24314527949824521,below,ff49,ew
rolling120,1946-10,1956-09,120,1.7255763171261735,0.13668730424789377,3.582875830348071,0.21425,4285,0,20000,0.20861877782795119,0.21999097077811258,below,ff49,ew
rolling120,1946-11,1956-10,120,2.049931836544885,0.1391872663286149,3.684211354337914,0.2976,5952,0,20000,0.29130296865336325,0.3039747675421479,below,ff49,ew
rolling120,1946-12,1956-11,120,2.096569658293262,0.14112330387011118,3.7095035664301284,0.30395,6079,0,20000,0.2976135283428003,0.3103617689947983,below,ff49,ew
rolling120,1947-01,1956-12,120,1.91428212295714,0.1435189441161644,3.637739702560717,0.26255,5251,0,20000,0.2564977616499796,0.2686934362730645,below,ff49,ew
rolling120,1947-02,1957-01,120,2.004745589640734,0.14626256649532943,3.4280156915246973,0.30625,6125,0,20000,0.2998995982882755,0.3126748156834651,below,ff49,ew
rolling120,1947-03,1957-02,120,2.0322419905627136,0.14866899595613137,3.3935546840204127,0.33035,6607,0,20000,0.3238646757144442,0.33690048211939205,below,ff49,ew
rolling120,1947-04,1957-03,120,2.4161977806142136,0.15096564495334452,3.5726919924385294,0.4,8000,0,20000,0.3932303139877438,0.4068080932234772,below,ff49,ew
rolling120,1947-05,1957-04,120,2.9201363202747626,0.15349700996273907,4.018292976265365,0.42965,8593,0,20000,0.422803569024481,0.43652345044861285,below,ff49,ew
rolling120,1947-06,1957-05,120,2.9865793087539956,0.15614925741141872,4.253834132413886,0.37575,7515,0,20000,0.3690623093394175,0.3824854116205244,below,ff49,ew
rolling120,1947-07,1957-06,120,2.837595850856892,0.15857644269639715,3.9625363888147485,0.4043,8086,0,20000,0.39751759911044876,0.4111191565906897,below,ff49,ew
rolling120,1947-08,1957-07,120,2.459918438183588,0.16170366092620858,3.8100775135823444,0.34215,6843,0,20000,0.3356057373932816,0.34875488838963065,below,ff49,ew
rolling120,1947-09,1957-08,120,2.088581365601704,0.16425864248577837,3.655434671554466,0.2484,4968,0,20000,0.24246041392410347,0.25443621861932836,below,ff49,ew
rolling120,1947-10,1957-09,120,1.7349970350243158,0.16658576349814247,3.4098455233866503,0.1865,3730,0,20000,0.18116215710252392,0.19195824950465362,below,ff49,ew
rolling120,1947-11,1957-10,120,1.5982471832731,0.16926730183118832,3.127697989655874,0.223,4460,0,20000,0.21728456251399242,0.22882182546108953,below,ff49,ew
rolling120,1947-12,1957-11,120,1.751038441830048,0.17183814738788294,3.3179416412643645,0.22785,4557,0,20000,0.22208947710406754,0.23371504812127017,below,ff49,ew
rolling120,1948-01,1957-12,120,1.720943596578285,0.17371158966987799,3.035216778731293,0.27145,5429,0,20000,0.26533110497743423,0.2776566747038112,below,ff49,ew
rolling120,1948-02,1958-01,120,1.7173211916379953,0.17617465985905212,3.404153282632355,0.16355,3271,0,20000,0.15848869838139737,0.16874052268075543,below,ff49,ew
rolling120,1948-03,1958-02,120,1.8348620930913078,0.1767623358158119,3.537626420051456,0.15375,3075,0,20000,0.1488174513219571,0.15881553364689535,below,ff49,ew
rolling120,1948-04,1958-03,120,1.9146321865275429,0.1767623358158119,3.3346494156794684,0.2083,4166,0,20000,0.20272822720336267,0.21398380663176877,below,ff49,ew
rolling120,1948-05,1958-04,120,2.1284436226748698,0.1767623358158119,3.3112482427036607,0.2753,5506,0,20000,0.2691532427289885,0.2815330582746249,below,ff49,ew
rolling120,1948-06,1958-05,120,2.0792023328551994,0.1771150823193539,3.1117426210440966,0.31255,6251,0,20000,0.3061623967337117,0.31900959758372194,below,ff49,ew
rolling120,1948-07,1958-06,120,1.9893772939737766,0.17640944834054317,3.2342970620394107,0.22355,4471,0,20000,0.21782939343747013,0.22937678329795005,below,ff49,ew
rolling120,1948-08,1958-07,120,2.566885566809589,0.17629190143323492,3.6559439063224923,0.3014,6028,0,20000,0.2950791926841951,0.3077970840372897,below,ff49,ew
rolling120,1948-09,1958-08,120,2.7342298441604127,0.1757042843379042,3.730658046551529,0.3126,6252,0,20000,0.30621210703461876,0.3190598680792093,below,ff49,ew
rolling120,1948-10,1958-09,120,3.059160285515711,0.1774671356238966,4.1108654938787,0.30365,6073,0,20000,0.2973153591620268,0.31006005339720544,below,ff49,ew
rolling120,1948-11,1958-10,120,3.4283547236504495,0.17911493049582128,3.9522358007196337,0.41965,8393,0,20000,0.41282661120702,0.4265042489871961,below,ff49,ew
rolling120,1948-12,1958-11,120,3.6171027412339525,0.17993998092699592,4.630369964390392,0.2901,5802,0,20000,0.28385143626656045,0.29642918046979233,below,ff49,ew
rolling120,1949-01,1958-12,120,3.1537160216500952,0.18206302367556515,4.743740434147719,0.1722,3444,0,20000,0.16703053534491413,0.177495363493468,below,ff49,ew
rolling120,1949-02,1959-01,120,3.4443940795237067,0.18336199403125253,4.777517039910174,0.2142,4284,0,20000,0.20856926993030137,0.219940497879368,below,ff49,ew
rolling120,1949-03,1959-02,120,3.707002934717525,0.1845442919571505,5.014183546897027,0.20005,4001,0,20000,0.19456369938704624,0.2056515030430109,below,ff49,ew
rolling120,1949-04,1959-03,120,3.675759789882494,0.18596432507438188,4.803412832099387,0.2307,4614,0,20000,0.22491350021101544,0.23658993040880247,below,ff49,ew
rolling120,1949-05,1959-04,120,4.379612363193788,0.18726771278302579,5.1366570631423585,0.31475,6295,0,20000,0.3083497320596313,0.3212214172991555,below,ff49,ew
rolling120,1949-06,1959-05,120,4.302278393202542,0.18869101074040806,5.441847071533809,0.2522,5044,0,20000,0.24622933635669367,0.25826583671271175,below,ff49,ew
rolling120,1949-07,1959-06,120,4.630631748618796,0.1903535156505345,5.4289890933471145,0.2958,5916,0,20000,0.2895144132590148,0.3021640142662984,below,ff49,ew
rolling120,1949-08,1959-07,120,4.440418443099443,0.1922563687078238,5.295089860123941,0.2884,5768,0,20000,0.28216271038748436,0.2947185592714591,below,ff49,ew
rolling120,1949-09,1959-08,120,4.277431811869549,0.1934475530106592,5.057828487328074,0.29725,5945,0,20000,0.2909551847780306,0.3036226858427199,below,ff49,ew
rolling120,1949-10,1959-09,120,3.419305126074339,0.19607077672593887,4.606925959874307,0.2116,4232,0,20000,0.2059950327806114,0.21731573361654974,below,ff49,ew
rolling120,1949-11,1959-10,120,3.6231387550992,0.1985802668159824,4.517306393529324,0.2668,5336,0,20000,0.2607155358207378,0.2729740297958294,below,ff49,ew
rolling120,1949-12,1959-11,120,3.8310725276905835,0.20073598672032755,4.515681904454774,0.2981,5962,0,20000,0.29179981046102876,0.30447773369842623,below,ff49,ew
rolling120,1950-01,1959-12,120,3.550151942841949,0.2037351274604624,4.388312266254401,0.2839,5678,0,20000,0.2776930748639246,0.29018992311952385,below,ff49,ew
rolling120,1950-02,1960-01,120,3.091714921990633,0.20662149403644903,3.9415360060403613,0.251,5020,0,20000,0.2450390839189138,0.2570565500370263,below,ff49,ew
rolling120,1950-03,1960-02,120,3.320656604251555,0.2090325670588018,3.935697822317561,0.3169,6338,0,20000,0.3104875169252092,0.3233828066785363,below,ff49,ew
rolling120,1950-04,1960-03,120,3.268810384079581,0.21205212891459313,3.807143735390585,0.3118,6236,0,20000,0.3054167526594551,0.3182555297120627,below,ff49,ew
rolling120,1950-05,1960-04,120,2.934038645243417,0.2132630911774711,3.5506826402121012,0.28605,5721,0,20000,0.2798284726053657,0.2923536996230416,below,ff49,ew
rolling120,1950-06,1960-05,120,3.605339055121094,0.21532357794570456,3.505794657838817,0.4693,9386,0,20000,0.46239011234659705,0.4762216786672478,below,ff49,ew
rolling120,1950-07,1960-06,120,4.259056493032522,0.2170233312015728,3.897311550776161,0.50855,10171,0,20000,0.5016205172732381,0.5154761989102025,above,ff49,ew
rolling120,1950-08,1960-07,120,2.9634166089540246,0.21738807345867617,3.718253446377034,0.24065,4813,0,20000,0.23477572789917123,0.24662388120313022,below,ff49,ew
rolling120,1950-09,1960-08,120,3.1786782690046467,0.2182393937897662,3.637787805475596,0.305,6100,0,20000,0.29865714568438123,0.3114177483774995,below,ff49,ew
rolling120,1950-10,1960-09,120,2.902830333663271,0.21896960721261705,3.162162597822933,0.3627,7254,0,20000,0.3560638158499788,0.3693889172510275,below,ff49,ew
rolling120,1950-11,1960-10,120,2.688013455538877,0.22018711580951345,3.144669269582308,0.32095,6419,0,20000,0.31451493809113495,0.32745383002055617,below,ff49,ew
rolling120,1950-12,1960-11,120,3.0033569399109616,0.22043088508647068,3.2240567120818424,0.3881,7762,0,20000,0.38136835066078506,0.3948746270085712,below,ff49,ew
rolling120,1951-01,1960-12,120,3.0702718397711433,0.22104043002957652,3.192480209408256,0.4394,8788,0,20000,0.4325338525727301,0.4462894221972698,below,ff49,ew
rolling120,1951-02,1961-01,120,3.473842146617897,0.22177210311258633,3.214664740422794,0.549,10980,0,20000,0.5420950827102937,0.5558860977562081,above,ff49,ew
rolling120,1951-03,1961-02,120,3.8253615467515916,0.2222603237332108,3.306432317529537,0.58465,11693,0,20000,0.5778048920924573,0.5914625962032442,above,ff49,ew
rolling120,1951-04,1961-03,120,4.759078871136832,0.2233591493164293,3.5324155958562535,0.6914,13828,0,20000,0.6849620472381683,0.6977644413595547,above,ff49,ew
rolling120,1951-05,1961-04,120,3.85094277181918,0.22384785765531534,3.3368556125318527,0.51325,10265,0,20000,0.5063210346448898,0.5201738763996234,above,ff49,ew
rolling120,1951-06,1961-05,120,4.426486919433977,0.22458128625558826,3.550681758730744,0.57725,11545,0,20000,0.5703894916225383,0.5840808388067937,above,ff49,ew
rolling120,1951-07,1961-06,120,4.367282900108908,0.2255597770955846,3.5334107334898954,0.56705,11341,0,20000,0.5601708409384278,0.5739034070264486,above,ff49,ew
rolling120,1951-08,1961-07,120,3.701072646116586,0.22617176140453088,3.3611004824130957,0.46215,9243,0,20000,0.45524829239720044,0.4690662447322467,below,ff49,ew
rolling120,1951-09,1961-08,120,4.120060523214579,0.22629421938529637,3.2896823458020394,0.59395,11879,0,20000,0.5871264961709518,0.6007374202541061,above,ff49,ew
rolling120,1951-10,1961-09,120,4.136452331148034,0.22690663160033098,3.1705481406022207,0.6647,13294,0,20000,0.6581261375602139,0.6712106057629053,above,ff49,ew
rolling120,1951-11,1961-10,120,4.326791158871659,0.22727411561538702,3.3901181236268583,0.6544,13088,0,20000,0.6477800631068473,0.6609606361590274,above,ff49,ew
rolling120,1951-12,1961-11,120,4.986206731074975,0.22776448585437037,3.5605954487175433,0.7367,14734,0,20000,0.7305511118361141,0.7427579782949261,above,ff49,ew
rolling120,1952-01,1961-12,120,4.660356859528883,0.2286228909084036,3.4093838258166143,0.69745,13949,0,20000,0.6910462645770266,0.7037779003844178,above,ff49,ew
rolling120,1952-02,1962-01,120,4.5203480326147405,0.22972699535355323,3.18240471746011,0.69975,13995,0,20000,0.6933596147577236,0.7060636668378627,above,ff49,ew
rolling120,1952-03,1962-02,120,4.273573422305632,0.23070959782686828,3.376765543989597,0.61665,12333,0,20000,0.6098899110755046,0.6233652869126062,above,ff49,ew
rolling120,1952-04,1962-03,120,4.630781177208595,0.23181601940118068,3.1661951883103256,0.72575,14515,0,20000,0.7195240797932075,0.7318892159274611,above,ff49,ew
rolling120,1952-05,1962-04,120,4.416672178886428,0.2330463590130476,3.0996411506200285,0.71715,14343,0,20000,0.7108668683442266,0.7233497303966071,above,ff49,ew
rolling120,1952-06,1962-05,120,3.693542257014226,0.2344009490409258,2.633457239657237,0.7047,14094,0,20000,0.6983389936765452,0.7109823867620855,above,ff49,ew
rolling120,1952-07,1962-06,120,3.2717619698826548,0.2350172251013556,2.2040391275754274,0.7354,14708,0,20000,0.7292417158775105,0.7414678735472756,above,ff49,ew
rolling120,1952-08,1962-07,120,3.4779849615321616,0.23649702607002432,2.3777788309112022,0.7258,14516,0,20000,0.719574420772612,0.7319388557444511,above,ff49,ew
rolling120,1952-09,1962-08,120,3.6557457908758817,0.23748474211681003,2.4790646119145756,0.7418,14836,0,20000,0.7356886376531115,0.7478184937101562,above,ff49,ew
rolling120,1952-10,1962-09,120,3.5199914516379316,0.23810249608152478,2.3680834435972846,0.7655,15310,0,20000,0.7595774776648101,0.7713205511893984,above,ff49,ew
rolling120,1952-11,1962-10,120,3.6105957210735182,0.23958614197257533,2.392798973490992,0.8034,16068,0,20000,0.797833997146494,0.8088494753746617,above,ff49,ew
rolling120,1952-12,1962-11,120,3.751073774086967,0.24082448976675375,2.5537058077042643,0.75605,15121,0,20000,0.750049254567706,0.7619524037679628,above,ff49,ew
rolling120,1953-01,1962-12,120,3.122751295679607,0.24169167940616743,2.489932835114751,0.64005,12801,0,20000,0.6333715535266092,0.6466746571740759,above,ff49,ew
rolling120,1953-02,1963-01,120,3.42322094123449,0.24280741673790196,2.677680173569633,0.6613,13226,0,20000,0.6547105461839426,0.6678275029843579,above,ff49,ew
rolling120,1953-03,1963-02,120,3.5802556932918224,0.24392437966486846,2.6025578389938637,0.73415,14683,0,20000,0.727982745613754,0.7402273239011721,above,ff49,ew
rolling120,1953-04,1963-03,120,4.054972440924534,0.24454522433429582,2.769295628382176,0.804,16080,0,20000,0.7984402377612326,0.809443004316656,above,ff49,ew
rolling120,1953-05,1963-04,120,4.806309757827293,0.24566352575392525,3.057036987869277,0.8639,17278,0,20000,0.859077869503625,0.8685823666547421,above,ff49,ew
rolling120,1953-06,1963-05,120,4.78608072721571,0.246534010398058,3.1102281760296604,0.84135,16827,0,20000,0.8362211191670503,0.8463477778174471,above,ff49,ew
rolling120,1953-07,1963-06,120,4.028261663761605,0.24715615753840448,3.1077191345141273,0.70645,14129,0,20000,0.7000995933962036,0.7127211149162308,above,ff49,ew
rolling120,1953-08,1963-07,120,4.214102919938989,0.24865050340864503,3.00077023067061,0.768,15360,0,20000,0.7620988450249604,0.7737982236489676,above,ff49,ew
rolling120,1953-09,1963-08,120,5.065463042706572,0.249647728528668,3.407500558482745,0.8231,16462,0,20000,0.8177497089529239,0.8283261973476214,above,ff49,ew
rolling120,1953-10,1963-09,120,5.027774008826048,0.25102014516343374,3.334166634674175,0.81895,16379,0,20000,0.8135523552549511,0.8242251449448597,above,ff49,ew
rolling120,1953-11,1963-10,120,5.026602202059168,0.25301917865216006,3.255536666127618,0.8318,16636,0,20000,0.8265525013442951,0.8369200635288738,above,ff49,ew
rolling120,1953-12,1963-11,120,4.776567306967905,0.25539801202490087,3.1104051688665626,0.8285,16570,0,20000,0.8232129377193385,0.8336608945918007,above,ff49,ew
rolling120,1954-01,1963-12,120,5.147705483271734,0.25740404100646463,3.191258870141322,0.8736,17472,0,20000,0.8689227854942936,0.8781337251645851,above,ff49,ew
rolling120,1954-02,1964-01,120,5.109398293034232,0.25979048359752666,3.0837294236439687,0.89055,17811,0,20000,0.8861479328025308,0.8948020678340458,above,ff49,ew
rolling120,1954-03,1964-02,120,5.115394954099243,0.2621824111670634,3.0865391450874036,0.88735,17747,0,20000,0.8828936685765376,0.891657561090798,above,ff49,ew
rolling120,1954-04,1964-03,120,5.259010891411785,0.26508311015355845,3.006967050687205,0.9006,18012,0,20000,0.89637615381714,0.9046699868947088,above,ff49,ew
rolling120,1954-05,1964-04,120,5.479096728746514,0.2676110012718589,2.854536433676586,0.9225,18450,0,20000,0.9187126590633863,0.9261250704692052,above,ff49,ew
rolling120,1954-06,1964-05,120,4.887461607115503,0.2702716540481418,2.7992314029267913,0.89335,17867,0,20000,0.8889963683629252,0.8975525568717373,above,ff49,ew
rolling120,1954-07,1964-06,120,4.69567618580913,0.27331847792353203,2.8153839588221694,0.88105,17621,0,20000,0.876490076878475,0.8854635724431675,above,ff49,ew
rolling120,1954-08,1964-07,120,4.853919214139671,0.2765001832656697,2.7060616768987544,0.91505,18301,0,20000,0.9111058437138007,0.918834747156027,above,ff49,ew
rolling120,1954-09,1964-08,120,4.297426459167838,0.2794346664455909,2.749305385308833,0.85815,17163,0,20000,0.8532458312669298,0.8629166133060824,above,ff49,ew
rolling120,1954-10,1964-09,120,5.374561187514068,0.2818634064458374,2.625373044654433,0.94565,18913,0,20000,0.9424216139980603,0.9487072242651335,above,ff49,ew
rolling120,1954-11,1964-10,120,5.077009915477957,0.28468153325125445,2.7171126674307486,0.91885,18377,0,20000,0.9149846513965235,0.9225544799992774,above,ff49,ew
rolling120,1954-12,1964-11,120,4.989562422284885,0.28763452898029485,2.40506127971093,0.9448,18896,0,20000,0.941548742043242,0.9478804226812472,above,ff49,ew
rolling120,1955-01,1964-12,120,4.6230076672587765,0.29059372104329917,2.2366950783270982,0.95415,19083,0,20000,0.9511630011791947,0.9569625724710455,above,ff49,ew
rolling120,1955-02,1965-01,120,4.192295109028211,0.29317284518607156,2.337640872386962,0.9032,18064,0,20000,0.8990243200282636,0.9072208220960937,above,ff49,ew
rolling120,1955-03,1965-02,120,3.7913587826821473,0.295886066261994,2.260924657979464,0.86155,17231,0,20000,0.8566940060703835,0.8662671326574473,above,ff49,ew
rolling120,1955-04,1965-03,120,3.398624456232791,0.2992520040964406,2.230582887775153,0.7827,15654,0,20000,0.776930418236925,0.7883610045769534,above,ff49,ew
rolling120,1955-05,1965-04,120,3.863706118768203,0.3019777076015382,2.237156111362333,0.84605,16921,0,20000,0.8409818465365481,0.8509852453090218,above,ff49,ew
rolling120,1955-06,1965-05,120,4.046369092682881,0.30418797532964126,2.1875163015818457,0.8792,17584,0,20000,0.8746104393652789,0.8836439204897713,above,ff49,ew
rolling120,1955-07,1965-06,120,3.728430862559727,0.3074451880552398,1.8345433290391209,0.9091,18182,0,20000,0.9050370319412248,0.9130058441576704,above,ff49,ew
rolling120,1955-08,1965-07,120,4.0287027689203025,0.3101880800581529,1.8278731613857286,0.92355,18471,0,20000,0.9197855397579434,0.9271517864989304,above,ff49,ew
rolling120,1955-09,1965-08,120,4.43278123767253,0.31241184177550396,1.90337326172956,0.93995,18799,0,20000,0.9365721232957485,0.9431589041784849,above,ff49,ew
rolling120,1955-10,1965-09,120,4.4750133421710805,0.3143773147813578,2.0017137930918802,0.925,18500,0,20000,0.9212674721253891,0.9285692972269222,above,ff49,ew
rolling120,1955-11,1965-10,120,4.749264670934578,0.316082935173867,2.1679455076103515,0.91385,18277,0,20000,0.9098814431010415,0.9176596086553207,above,ff49,ew
rolling120,1955-12,1965-11,120,5.1520479360358475,0.3184478640780428,1.9643530764244987,0.9415,18830,0,20000,0.9381618943630472,0.9446685377994124,above,ff49,ew
rolling120,1956-01,1965-12,120,4.616765725420062,0.32042198246107034,1.9547313933791552,0.88905,17781,0,20000,0.8846223540603275,0.8933282226844175,above,ff49,ew
rolling120,1956-02,1966-01,120,5.6042043567744475,0.3225300199505312,2.073601644928826,0.92765,18553,0,20000,0.923976868123961,0.9311588834372527,above,ff49,ew
rolling120,1956-03,1966-02,120,5.006499607800894,0.3246420551156384,1.930815303243664,0.88475,17695,0,20000,0.8802504069894794,0.8891018212653481,above,ff49,ew
rolling120,1956-04,1966-03,120,4.9538267661978574,0.32768416867206973,1.6860089308779602,0.90795,18159,0,20000,0.9038646779946352,0.9118786397871891,above,ff49,ew
rolling120,1956-05,1966-04,120,5.627513297630541,0.32967191820097286,1.7394778057834643,0.9331,18662,0,20000,0.9295534997101766,0.9364801586580256,above,ff49,ew
rolling120,1956-06,1966-05,120,5.0331592816487465,0.3320598354440756,1.7316927409738483,0.91675,18335,0,20000,0.9128408060433152,0.9204991319039214,above,ff49,ew
rolling120,1956-07,1966-06,120,4.504536345632351,0.3344527573041547,1.6070577774857968,0.88235,17647,0,20000,0.8778111117862527,0.8867420382416441,above,ff49,ew
rolling120,1956-08,1966-07,120,4.3317697297275854,0.3361837377317094,1.4497310469579086,0.8891,17782,0,20000,0.8846732026089027,0.8933773549322367,above,ff49,ew
rolling120,1956-09,1966-08,120,3.627691100801955,0.3393851363246574,1.3358076914023282,0.86415,17283,0,20000,0.8593314997302182,0.8688286404101209,above,ff49,ew
rolling120,1956-10,1966-09,120,3.750889249801398,0.3423264891894151,1.4414892262616505,0.87225,17445,0,20000,0.8675521038856854,0.8768049252705447,above,ff49,ew
rolling120,1956-11,1966-10,120,3.5096030368281914,0.34500444727258617,1.5272575289406856,0.85805,17161,0,20000,0.8531444287695955,0.8628180542106278,above,ff49,ew
rolling120,1956-12,1966-11,120,3.3283368414114296,0.34768908688790057,1.558172762760647,0.7995,15990,0,20000,0.7938939142377288,0.8049910561646645,above,ff49,ew
rolling120,1957-01,1966-12,120,3.3046635591642524,0.3498402266913929,1.4871673872372133,0.7891,15782,0,20000,0.7833909921987418,0.7946979725536186,above,ff49,ew
rolling120,1957-02,1967-01,120,3.574036772021943,0.3519941554464605,1.7927263175410193,0.71185,14237,0,20000,0.7055330117366408,0.7180856225863875,above,ff49,ew
rolling120,1957-03,1967-02,120,3.224704794874069,0.35361266401243796,1.876931980166276,0.555,11100,0,20000,0.54810262333145,0.5618762527023785,above,ff49,ew
rolling120,1957-04,1967-03,120,3.341267195323211,0.3557734744109413,1.933706136085931,0.54845,10969,0,20000,0.5415444421835075,0.555336949522656,above,ff49,ew
rolling120,1957-05,1967-04,120,3.3220232142035018,0.3567201491561658,1.9252848190748715,0.5218,10436,0,20000,0.5148735474867119,0.5287180797412421,above,ff49,ew
rolling120,1957-06,1967-05,120,3.3173067206165747,0.3576673904332546,1.7078345109851365,0.5532,11064,0,20000,0.5463002546506054,0.5600793127130251,above,ff49,ew
rolling120,1957-07,1967-06,120,3.4550713607877483,0.35807371547029554,1.794929399266898,0.4946,9892,0,20000,0.4876725872885913,0.5015294867008145,not resolved,ff49,ew
rolling120,1957-08,1967-07,120,3.9779560520802066,0.3583445178063813,1.9040025156804443,0.5377,10754,0,20000,0.5307836266109096,0.54460189387046,above,ff49,ew
rolling120,1957-09,1967-08,120,3.875568067124356,0.3591574920813776,2.034656681213004,0.46045,9209,0,20000,0.4535504473924782,0.46736474265955974,below,ff49,ew
rolling120,1957-10,1967-09,120,4.556928580621256,0.35997087178938547,2.329205409685466,0.4821,9642,0,20000,0.4751790244327763,0.48902785045803215,below,ff49,ew
rolling120,1957-11,1967-10,120,4.73648638786504,0.36132691014992946,2.375690094993151,0.4603,9206,0,20000,0.45340064141931014,0.4672146062435445,below,ff49,ew
rolling120,1957-12,1967-11,120,5.277998312821155,0.3624129308201727,2.3144874087987146,0.58555,11711,0,20000,0.5787068729948118,0.5923602696359888,above,ff49,ew
rolling120,1958-01,1967-12,120,5.6586860925352545,0.36363616669181886,2.556692010811823,0.5206,10412,0,20000,0.5136730723503202,0.5275190157641683,above,ff49,ew
rolling120,1958-02,1968-01,120,3.5130953729447665,0.36526796106759685,2.2665434964446334,0.2129,4258,0,20000,0.20728210869371366,0.21862815840970157,below,ff49,ew
rolling120,1958-03,1968-02,120,4.680980455390312,0.36894976639608523,2.2022662433449023,0.49305,9861,0,20000,0.4861231501852449,0.49997951911593497,below,ff49,ew
rolling120,1958-04,1968-03,120,4.230251544642519,0.3729161509725152,2.1164469951438063,0.4642,9284,0,20000,0.4572958011537302,0.47111794862788686,below,ff49,ew
rolling120,1958-05,1968-04,120,4.011042124422596,0.37771751640857,2.306146395449158,0.3158,6316,0,20000,0.30939374661433666,0.3222769994687324,below,ff49,ew
rolling120,1958-06,1968-05,120,4.365649050588286,0.3823966089625499,2.315829534359972,0.33055,6611,0,20000,0.3240636384901112,0.33710144252930263,below,ff49,ew
rolling120,1958-07,1968-06,120,4.3522134309704255,0.38792453701998286,2.256894335759751,0.3524,7048,0,20000,0.34580821113890187,0.3590484779048602,below,ff49,ew
rolling120,1958-08,1968-07,120,3.658170650457775,0.3936110470647334,2.0489344925708037,0.29195,5839,0,20000,0.2856892890479695,0.2982906171549757,below,ff49,ew
rolling120,1958-09,1968-08,120,3.8993121869311542,0.3989046516017647,2.0438499441723628,0.34385,6877,0,20000,0.3372976211909362,0.3504623516693852,below,ff49,ew
rolling120,1958-10,1968-09,120,4.296541318462133,0.402255655857523,2.0331086520470047,0.3935,7870,0,20000,0.38675056917137873,0.40029033450857154,below,ff49,ew
rolling120,1958-11,1968-10,120,3.70067450406272,0.4058949697976604,1.9787719767498917,0.3105,6210,0,20000,0.30412434938430005,0.31694843228096364,below,ff49,ew
rolling120,1958-12,1968-11,120,4.442286924558331,0.41024845536990373,2.0576320184152066,0.4395,8790,0,20000,0.43263366434075695,0.4463895720220317,below,ff49,ew
rolling120,1959-01,1968-12,120,4.931152189022435,0.4132034760806169,1.799976179323092,0.55785,11157,0,20000,0.5509565607848195,0.5647212206434891,above,ff49,ew
rolling120,1959-02,1969-01,120,5.641276532742128,0.41771625037805027,1.754475179183479,0.70725,14145,0,20000,0.7009044763562648,0.7135159246984799,above,ff49,ew
rolling120,1959-03,1969-02,120,4.515625596040124,0.42153682516198154,1.5763629815182623,0.6552,13104,0,20000,0.6485835183788027,0.6617568736293824,above,ff49,ew
rolling120,1959-04,1969-03,120,4.2987071399912,0.4249410243042573,1.6435278672056044,0.61455,12291,0,20000,0.6077834001370441,0.6212726044025023,above,ff49,ew
rolling120,1959-05,1969-04,120,3.3802090706866244,0.4296339438453789,1.5959311301396069,0.4466,8932,0,20000,0.43972102277623043,0.4534994866745616,below,ff49,ew
rolling120,1959-06,1969-05,120,3.4175506229531605,0.43334283254423944,1.5562091824886228,0.45265,9053,0,20000,0.44576137244695074,0.4595568133675623,below,ff49,ew
rolling120,1959-07,1969-06,120,2.590277898103597,0.4372035923685307,1.3854544090983825,0.3749,7498,0,20000,0.3682155048751059,0.38163254254613155,below,ff49,ew
rolling120,1959-08,1969-07,120,2.177333001564802,0.4412177270903579,1.1571260841435924,0.3912,7824,0,20000,0.3844580364880793,0.39798375055772905,below,ff49,ew
rolling120,1959-09,1969-08,120,2.756384210085632,0.4456770293700065,1.2964081853159048,0.4912,9824,0,20000,0.48427390920412217,0.4981294706304653,below,ff49,ew
rolling120,1959-10,1969-09,120,2.9787434980515224,0.4501447781398671,1.3481074271842735,0.5247,10494,0,20000,0.5177748609658536,0.531615652452975,above,ff49,ew
rolling120,1959-11,1969-10,120,3.5778839700485188,0.45448220020808217,1.4424200704497965,0.60185,12037,0,20000,0.595046834017126,0.6086140482382454,above,ff49,ew
rolling120,1959-12,1969-11,120,2.8171909958205124,0.45825404712663476,1.3191720912419442,0.49525,9905,0,20000,0.48832237105175974,0.5021794532907734,not resolved,ff49,ew
rolling120,1960-01,1969-12,120,2.7870225872064034,0.46261398547762145,1.2111095006091732,0.5814,11628,0,20000,0.5745479338763341,0.5882208026537322,above,ff49,ew
rolling120,1960-02,1970-01,120,2.8674161191316605,0.4665500542115888,1.1909762057455655,0.6088,12176,0,20000,0.6020162494422708,0.6155419635119207,above,ff49,ew
rolling120,1960-03,1970-02,120,3.075290196248811,0.4713756750899398,1.2840575999965593,0.63435,12687,0,20000,0.6276501124722778,0.6409982874394469,above,ff49,ew
rolling120,1960-04,1970-03,120,2.709020916076818,0.4746014114977106,1.302335613610794,0.5466,10932,0,20000,0.5396923500615703,0.5534897521780006,above,ff49,ew
rolling120,1960-05,1970-04,120,2.048306076905864,0.47916400694200934,1.0926285618836529,0.52685,10537,0,20000,0.519925985725344,0.5337637019384434,above,ff49,ew
rolling120,1960-06,1970-05,120,1.6580051935179174,0.4829994775893107,0.895084749484151,0.52245,10449,0,20000,0.515523821559777,0.5293675560213038,above,ff49,ew
rolling120,1960-07,1970-06,120,1.658525096734253,0.48802960351090263,0.7554352282653223,0.6223,12446,0,20000,0.6155580895740639,0.6289949384066128,above,ff49,ew
rolling120,1960-08,1970-07,120,2.0379374133962282,0.4938253844493752,0.9292549194438029,0.68525,13705,0,20000,0.6787785827008445,0.6916502679403688,above,ff49,ew
rolling120,1960-09,1970-08,120,2.127937634908297,0.49919402913742306,0.9640364853075762,0.698,13960,0,20000,0.6915994397693107,0.7043245139524718,above,ff49,ew
rolling120,1960-10,1970-09,120,2.4525222963161077,0.5048818659093102,1.1843022593607628,0.6084,12168,0,20000,0.6016150930968145,0.6151432734862221,above,ff49,ew
rolling120,1960-11,1970-10,120,2.8481768421758016,0.5084856540535752,1.1553274931829294,0.74575,14915,0,20000,0.7396684392639759,0.7517371750144488,above,ff49,ew
rolling120,1960-12,1970-11,120,2.969499039186165,0.513457193710398,1.1606736594510805,0.8065,16130,0,20000,0.8009664556407273,0.8119158262568805,above,ff49,ew
rolling120,1961-01,1970-12,120,2.9488714459175287,0.5173858964895983,1.1868349288523854,0.7802,15604,0,20000,0.7744073094750464,0.7858850735191126,above,ff49,ew
rolling120,1961-02,1971-01,120,2.872235665835033,0.520263462317855,1.1625801566365204,0.7218,14436,0,20000,0.7155474492070933,0.7279673635984186,above,ff49,ew
rolling120,1961-03,1971-02,120,2.6315369740622385,0.5231479246489952,1.1215013512313146,0.67405,13481,0,20000,0.6675209848780953,0.6805121673707747,above,ff49,ew
rolling120,1961-04,1971-03,120,2.6776036930850653,0.5246680323582258,1.1488715791597035,0.68105,13621,0,20000,0.6745564817389184,0.6874739820051662,above,ff49,ew
rolling120,1961-05,1971-04,120,2.851320449138057,0.5263423209032931,1.2124008305045595,0.70835,14167,0,20000,0.7020112288558671,0.7146087497195541,above,ff49,ew
rolling120,1961-06,1971-05,120,2.357487852205093,0.5280182807286011,1.0769565215206574,0.66845,13369,0,20000,0.6618937753730625,0.6749415276796358,above,ff49,ew
rolling120,1961-07,1971-06,120,2.429157238489524,0.5306107269134699,1.1445345961500362,0.66885,13377,0,20000,0.66229568422417,0.6753394651996835,above,ff49,ew
rolling120,1961-08,1971-07,120,1.6766555475166385,0.5339720201847913,0.9967218048417625,0.5101,10202,0,20000,0.5031706202022419,0.5170255006694249,above,ff49,ew
rolling120,1961-09,1971-08,120,1.4681076906372512,0.5390270508085278,1.0268543995015302,0.4177,8354,0,20000,0.41088143935095034,0.4245501697838845,below,ff49,ew
rolling120,1961-10,1971-09,120,1.5339137326256234,0.5420998810986515,1.0576645714588584,0.4174,8348,0,20000,0.41058219188236056,0.4242495324741079,below,ff49,ew
rolling120,1961-11,1971-10,120,1.4138740902661953,0.5448703969045976,0.9211142904687897,0.4531,9062,0,20000,0.44621069577653977,0.46000731720552285,below,ff49,ew
rolling120,1961-12,1971-11,120,1.1509983161515889,0.548264021341133,0.8349763743856287,0.42435,8487,0,20000,0.41751542411121645,0.43121363094407217,below,ff49,ew
rolling120,1962-01,1971-12,120,1.611385011181791,0.5510456115581346,1.0011919907816873,0.4965,9930,0,20000,0.4895719881215514,0.5034293561308413,not resolved,ff49,ew
rolling120,1962-02,1972-01,120,2.0502953341159285,0.551819277565496,1.133884912034099,0.5319,10638,0,20000,0.5249791337262428,0.5388086143733777,above,ff49,ew
rolling120,1962-03,1972-02,120,2.0528646048699803,0.5525936384824448,1.157104324369731,0.5033,10066,0,20000,0.49637066343307096,0.5102280691289587,not resolved,ff49,ew
rolling120,1962-04,1972-03,120,1.9657439782817643,0.5536782847368735,1.1867991889636471,0.4649,9298,0,20000,0.45799497736788203,0.47181850356325644,below,ff49,ew
rolling120,1962-05,1972-04,120,1.700336933108241,0.5547634721239376,1.3491216749542194,0.31035,6207,0,20000,0.3039752297280579,0.3167976095480226,below,ff49,ew
rolling120,1962-06,1972-05,120,1.9315363494546318,0.5556940967082098,1.6058885232430562,0.3018,6036,0,20000,0.2954767201605073,0.30819940293213266,below,ff49,ew
rolling120,1962-07,1972-06,120,1.5569168622716925,0.5570914267351932,1.780940576712819,0.16375,3275,0,20000,0.1586861408885194,0.16894300335921092,below,ff49,ew
rolling120,1962-08,1972-07,120,1.599337107698397,0.5577125861753987,1.597441306445397,0.24235,4847,0,20000,0.23646117595403407,0.24833778022567662,below,ff49,ew
rolling120,1962-09,1972-08,120,1.3545487528853033,0.5586450690165692,1.6278919665444067,0.18675,3735,0,20000,0.18140932326051984,0.19221098732862968,below,ff49,ew
rolling120,1962-10,1972-09,120,1.451941908867198,0.5606670614222389,1.7443613336267512,0.19425,3885,0,20000,0.18882598369340872,0.19979144635489923,below,ff49,ew
rolling120,1962-11,1972-10,120,1.4981490172979317,0.5628463292119767,1.7638054664166418,0.19955,3991,0,20000,0.19406899618272067,0.2051463982833926,below,ff49,ew
rolling120,1962-12,1972-11,120,1.4784053941951587,0.5654978649002604,1.6115461320528839,0.25835,5167,0,20000,0.25233032973931585,0.2644624812865996,below,ff49,ew
rolling120,1963-01,1972-12,120,1.7921846428749415,0.5676845325754676,1.6050972330701394,0.36155,7231,0,20000,0.3549186074807903,0.3682345673031451,below,ff49,ew
rolling120,1963-02,1973-01,120,1.4810898236513945,0.5706557052556607,1.4064768337049651,0.3681,7362,0,20000,0.36144186584283616,0.3748087932687642,below,ff49,ew
rolling120,1963-03,1973-02,120,1.6752428856345887,0.573633103080649,1.3508840948296381,0.47595,9519,0,20000,0.46903378316919186,0.48287545376510677,below,ff49,ew
rolling120,1963-04,1973-03,120,1.5414417701541754,0.5772441538010773,1.2564482319553476,0.46955,9391,0,20000,0.4626398521315076,0.4764718428643092,below,ff49,ew
rolling120,1963-05,1973-04,120,1.4056517330455431,0.581492093167923,1.0427792126636612,0.5301,10602,0,20000,0.5231779301855878,0.5370105092438348,above,ff49,ew
rolling120,1963-06,1973-05,120,1.4702926596452084,0.5857518982871903,0.9534576902275833,0.65895,13179,0,20000,0.6523499907210523,0.6654889610167122,above,ff49,ew
rolling120,1963-07,1973-06,120,1.6375041452597472,0.5901818147944278,0.9675771543430434,0.7201,14402,0,20000,0.7138361732593665,0.726279292468736,above,ff49,ew
rolling120,1963-08,1973-07,120,1.7210932853994692,0.5960496443693151,1.0818337371943616,0.65525,13105,0,20000,0.6486337350184072,0.6618066377861723,above,ff49,ew
rolling120,1963-09,1973-08,120,1.5248570630527531,0.6032139569874317,0.9148205872912725,0.66575,13315,0,20000,0.6591810293183209,0.6722553107290803,above,ff49,ew
rolling120,1963-10,1973-09,120,1.838005591783158,0.6097694344220068,1.0451913506813169,0.69335,13867,0,20000,0.6869229344590551,0.6997028051980494,above,ff49,ew
rolling120,1963-11,1973-10,120,1.6614234822419154,0.6155478469894804,0.985325300252933,0.65175,13035,0,20000,0.6451187645463251,0.6583229525106472,above,ff49,ew
rolling120,1963-12,1973-11,120,1.699193303581385,0.6202203200684366,0.7530616120732567,0.7867,15734,0,20000,0.7809680357691219,0.7923218507563076,above,ff49,ew
rolling120,1964-01,1973-12,120,1.8262744501002626,0.6258746935057082,0.7377832646903233,0.83455,16691,0,20000,0.8293360208376666,0.8396354878371939,above,ff49,ew
rolling120,1964-02,1974-01,120,2.732277193387032,0.6312240319788576,0.7027022099028353,0.91295,18259,0,20000,0.908963290966875,0.9167781064543883,above,ff49,ew
rolling120,1964-03,1974-02,120,2.620652899997834,0.6364304122923747,0.6744381225368026,0.9056,18112,0,20000,0.9014695840385183,0.9095746363127695,above,ff49,ew
rolling120,1964-04,1974-03,120,2.559822038102709,0.6405088451811505,0.608922356436759,0.9051,18102,0,20000,0.9009600891398449,0.9090843232474991,above,ff49,ew
rolling120,1964-05,1974-04,120,2.365784142868909,0.648033364762199,0.5300708971911283,0.90595,18119,0,20000,0.9018262510546959,0.9099178348713528,above,ff49,ew
rolling120,1964-06,1974-05,120,2.197529343659862,0.6560877867523596,0.445493357678842,0.9154,18308,0,20000,0.9114630036885575,0.9191774527560307,above,ff49,ew
rolling120,1964-07,1974-06,120,2.243156751397129,0.6610411899031641,0.3912713463294635,0.92895,18579,0,20000,0.9253065126077192,0.9324287396597487,above,ff49,ew
rolling120,1964-08,1974-07,120,1.95280907925244,0.6676654817871248,0.2631064045860594,0.925,18500,0,20000,0.9212674721253891,0.9285692972269222,above,ff49,ew
rolling120,1964-09,1974-08,120,1.6974684841638865,0.6729871107676977,0.16560031528019503,0.9196,18392,0,20000,0.915750490789891,0.9232883525518258,above,ff49,ew
rolling120,1964-10,1974-09,120,0.6468176893954933,0.6818291846479019,0.007689036284771911,0.72795,14559,0,20000,0.7217391753694681,0.7340732753925537,above,ff49,ew
rolling120,1964-11,1974-10,120,1.5852584395771108,0.6855185098111538,0.16480023205005612,0.92165,18433,0,20000,0.9178442829851801,0.9252937730087067,above,ff49,ew
rolling120,1964-12,1974-11,120,1.8685988880697786,0.6897201214120392,0.11520213680819591,0.9605,19210,0,20000,0.9577108970562266,0.9631122377361011,above,ff49,ew
rolling120,1965-01,1974-12,120,1.8612367104492318,0.6962896643025853,0.0808625792323383,0.9714,19428,0,20000,0.9689979058368616,0.9736210425694429,above,ff49,ew
rolling120,1965-02,1975-01,120,2.3995253141698205,0.7013643242476468,0.18944856171541713,0.96975,19395,0,20000,0.9672846061528001,0.9720349759724897,above,ff49,ew
rolling120,1965-03,1975-02,120,2.758981345062005,0.7035694823947274,0.2514359048661614,0.97835,19567,0,20000,0.9762392271383747,0.98027705196675,above,ff49,ew
rolling120,1965-04,1975-03,120,2.8431653195419844,0.7044182117103883,0.30262066970869794,0.97285,19457,0,20000,0.9705052059023723,0.9750131855993694,above,ff49,ew
rolling120,1965-05,1975-04,120,2.7034138533768215,0.70662710780771,0.31823901848493863,0.96665,19333,0,20000,0.9640706381440612,0.9690501346047763,above,ff49,ew
rolling120,1965-06,1975-05,120,2.608683672764383,0.7088388665956173,0.3991637688410423,0.9454,18908,0,20000,0.9421648648920198,0.9484640693892021,above,ff49,ew
rolling120,1965-07,1975-06,120,2.737467074425434,0.7098605938701139,0.5531839053520131,0.9113,18226,0,20000,0.9072803358624608,0.9151616952777875,above,ff49,ew
rolling120,1965-08,1975-07,120,2.333445907084564,0.7127583737620282,0.43305066372920886,0.88515,17703,0,20000,0.880657015294057,0.8894950593319256,above,ff49,ew
rolling120,1965-09,1975-08,120,1.8498322899085515,0.7153190610546059,0.35768549200970234,0.8587,17174,0,20000,0.8538035595954242,0.8634586737379263,above,ff49,ew
rolling120,1965-10,1975-09,120,1.7960033769959196,0.7190811006661302,0.2668836126371432,0.87985,17597,0,20000,0.8752708131807037,0.8842832970274737,above,ff49,ew
rolling120,1965-11,1975-10,120,1.8390188135650876,0.7233655217125516,0.3034460879022516,0.9054,18108,0,20000,0.901265781937839,0.9093785152278714,above,ff49,ew
rolling120,1965-12,1975-11,120,1.6149057415817585,0.7243959345805411,0.3390465891069181,0.88735,17747,0,20000,0.8828936685765376,0.891657561090798,above,ff49,ew
rolling120,1966-01,1975-12,120,1.6390050349262935,0.7269740207978947,0.3065416097384257,0.9136,18272,0,20000,0.909626388185735,0.9174147595886551,above,ff49,ew
rolling120,1966-02,1976-01,120,2.0710112796897264,0.7285224135242525,0.45541756764333874,0.9233,18466,0,20000,0.9195300736670152,0.9269073486078866,above,ff49,ew
rolling120,1966-03,1976-02,120,2.633188520005969,0.72835016415569,0.47758501294434175,0.94765,18953,0,20000,0.9444762853326596,0.9506517847863099,above,ff49,ew
rolling120,1966-04,1976-03,120,2.784403966601171,0.7286945256149757,0.5508075255915277,0.94985,18997,0,20000,0.9467378736624688,0.9527893514978538,above,ff49,ew
rolling120,1966-05,1976-04,120,2.668441087247451,0.7300727951191535,0.4972322485290308,0.9552,19104,0,20000,0.9522445836850075,0.9579805866895148,above,ff49,ew
rolling120,1966-06,1976-05,120,3.1222553679158533,0.7293835917349811,0.5650296556030179,0.96255,19251,0,20000,0.9598286256486211,0.9650937217958765,above,ff49,ew
rolling120,1966-07,1976-06,120,3.8874746990862796,0.7302450101409059,0.6528193724879661,0.9807,19614,0,20000,0.9786989489382789,0.9825164275973821,above,ff49,ew
rolling120,1966-08,1976-07,120,3.388413626202281,0.7323140624699234,0.6643716958977777,0.96515,19303,0,20000,0.9625176047279207,0.967603744129085,above,ff49,ew
rolling120,1966-09,1976-08,120,4.193376213631051,0.7324865865275341,0.7972046483766964,0.9776,19552,0,20000,0.975455562569091,0.9795610045901177,above,ff49,ew
rolling120,1966-10,1976-09,120,4.5109701239899085,0.7331768202273456,0.8543736305477281,0.98015,19603,0,20000,0.9781226579353539,0.9819929298399688,above,ff49,ew
rolling120,1966-11,1976-10,120,4.532586118642992,0.7324866552416902,0.7420196726811599,0.9806,19612,0,20000,0.9785941394143284,0.9824212755285439,above,ff49,ew
rolling120,1966-12,1976-11,120,4.784579800631316,0.7324866552416902,0.7245618217660996,0.98625,19725,0,20000,0.9845401731743244,0.9877730717611137,above,ff49,ew
rolling120,1967-01,1976-12,120,5.405203150904029,0.7324866552416902,0.8192557564736382,0.98965,19793,0,20000,0.9881503225322883,0.9909616165579684,above,ff49,ew
rolling120,1967-02,1977-01,120,5.2738906020217495,0.7312791070402871,0.6140072483063694,0.99465,19893,0,20000,0.9935396672703248,0.9955703514593709,above,ff49,ew
rolling120,1967-03,1977-02,120,6.155397212189089,0.7311066001543722,0.5705967893387702,0.9981,19962,0,20000,0.9973933437444168,0.9986153499364917,above,ff49,ew
rolling120,1967-04,1977-03,120,5.057927884026467,0.7309341620031466,0.4900958042557808,0.9964,19928,0,20000,0.9954692523335612,0.9971400942699381,above,ff49,ew
rolling120,1967-05,1977-04,120,4.715859096403843,0.7319694097076941,0.43747558969229106,0.9958,19916,0,20000,0.9948035509604237,0.9966060260863429,above,ff49,ew
rolling120,1967-06,1977-05,120,4.611975670577853,0.7326599187916005,0.4807450871843302,0.995,19900,0,20000,0.9939228956291228,0.9958869886753337,above,ff49,ew
rolling120,1967-07,1977-06,120,4.32051134413749,0.7349063114259171,0.5157846291247132,0.9941,19882,0,20000,0.9929395958051063,0.9950706341642511,above,ff49,ew
rolling120,1967-08,1977-07,120,4.078419306528596,0.7366356837459189,0.42662932729726366,0.99515,19903,0,20000,0.9940874945256307,0.9960223321680087,above,ff49,ew
rolling120,1967-09,1977-08,120,4.500613074380291,0.7388863331217235,0.4161531236062166,0.9974,19948,0,20000,0.9965923580946505,0.9980166044367365,above,ff49,ew
rolling120,1967-10,1977-09,120,4.322066332889796,0.7407930067326025,0.37151321659639036,0.99765,19953,0,20000,0.9968766742912981,0.998232192222061,above,ff49,ew
rolling120,1967-11,1977-10,120,4.095182276067609,0.7425270370212096,0.3544591523472729,0.99725,19945,0,20000,0.9964225502305817,0.9978864699116221,above,ff49,ew
rolling120,1967-12,1977-11,120,3.7068710277153203,0.7449578240397723,0.40515220312012357,0.9927,19854,0,20000,0.9914219220373862,0.9937888456329284,above,ff49,ew
rolling120,1968-01,1977-12,120,3.64530109019581,0.7477405734850664,0.3695408781813079,0.9945,19890,0,20000,0.9933757631987415,0.995434313141771,above,ff49,ew
rolling120,1968-02,1978-01,120,5.344053371423639,0.7493072732023338,0.34282367520340085,0.9996,19992,0,20000,0.9992108209764861,0.9997972965962543,above,ff49,ew
rolling120,1968-03,1978-02,120,4.482463403492976,0.7505270312372392,0.3764463683642101,0.99745,19949,0,20000,0.9966490860306292,0.9980598572971522,above,ff49,ew
rolling120,1968-04,1978-03,120,5.3561979124205426,0.7531428815528955,0.41462397416733343,0.99865,19973,0,20000,0.998036487964857,0.9990719944763898,above,ff49,ew
rolling120,1968-05,1978-04,120,5.5273540353457,0.7550630818612778,0.4011821383232579,0.9994,19988,0,20000,0.9989514644540893,0.9996567299330732,above,ff49,ew
rolling120,1968-06,1978-05,120,5.656943786360432,0.7561114022685618,0.3949079848760797,0.99945,19989,0,20000,0.9990153237654903,0.9996928514180666,above,ff49,ew
rolling120,1968-07,1978-06,120,5.730471632178252,0.7580348539687463,0.3634594512508702,0.9995,19990,0,20000,0.9990797771249671,0.9997283788549844,above,ff49,ew
rolling120,1968-08,1978-07,120,6.9654597602414325,0.7594345632473838,0.47346758163607694,0.99985,19997,0,20000,0.9995590363727073,0.999948985182005,above,ff49,ew
rolling120,1968-09,1978-08,120,7.244141134773297,0.7618874694299633,0.5106770901828463,0.99975,19995,0,20000,0.9994148495964674,0.9998932103654561,above,ff49,ew
rolling120,1968-10,1978-09,120,5.796222348827143,0.7652207226331067,0.4340443511134642,0.9993,19986,0,20000,0.9988252697172566,0.9995829630771171,above,ff49,ew
rolling120,1968-11,1978-10,120,4.076638502411255,0.7694386932965072,0.26216375029100214,0.99865,19973,0,20000,0.998036487964857,0.9990719944763898,above,ff49,ew
rolling120,1968-12,1978-11,120,3.708394105374972,0.7743724000692915,0.23306899780436918,0.99815,19963,0,20000,0.9974512113609938,0.9986574631163091,above,ff49,ew
rolling120,1969-01,1978-12,120,3.5045171979539305,0.7805561135017745,0.2988752707441873,0.99765,19953,0,20000,0.9968766742912981,0.998232192222061,above,ff49,ew
rolling120,1969-02,1979-01,120,3.122168836593148,0.7848069189055387,0.37357891494190354,0.99075,19815,0,20000,0.9893258019411804,0.991985714669753,above,ff49,ew
rolling120,1969-03,1979-02,120,3.554998955762054,0.7896038317873273,0.41089495945988075,0.9919,19838,0,20000,0.9905598184991014,0.9930512564289029,above,ff49,ew
rolling120,1969-04,1979-03,120,3.7016424038609106,0.7958387645080678,0.45686671143607516,0.9906,19812,0,20000,0.9891652474098803,0.9918463268118699,above,ff49,ew
rolling120,1969-05,1979-04,120,4.218917389060263,0.800661966203255,0.4388683581033028,0.9949,19898,0,20000,0.9938132853138729,0.9957966373977948,above,ff49,ew
rolling120,1969-06,1979-05,120,4.3007702537018035,0.806754970467876,0.41349932738467765,0.99525,19905,0,20000,0.9941973537644435,0.9961124345219847,above,ff49,ew
rolling120,1969-07,1979-06,120,6.587898202230731,0.8121477322939665,0.5851125654822815,0.99875,19975,0,20000,0.9981553047535189,0.9991531392805167,above,ff49,ew
rolling120,1969-08,1979-07,120,7.393700091209785,0.8164739578559934,0.7218800027050127,0.99845,19969,0,20000,0.9978007844517176,0.9989077748039517,above,ff49,ew
rolling120,1969-09,1979-08,120,6.220651738088734,0.8213540371457557,0.7402135477475982,0.99495,19899,0,20000,0.9938680784831044,0.9958418250249577,above,ff49,ew
rolling120,1969-10,1979-09,120,5.958679633594155,0.8251553127152311,0.7820927268280575,0.99315,19863,0,20000,0.9919083864584232,0.9942022083794407,above,ff49,ew
rolling120,1969-11,1979-10,120,4.438127909276339,0.8300538408905103,0.5646861846284199,0.9914,19828,0,20000,0.9900225854955916,0.9925886814684687,above,ff49,ew
rolling120,1969-12,1979-11,120,5.924923812554881,0.8386105988015584,0.718210501130939,0.99545,19909,0,20000,0.994417390611427,0.9962923208605788,above,ff49,ew
rolling120,1970-01,1979-12,120,8.279527710581977,0.8442740455983437,0.8009566858604356,0.9984,19968,0,20000,0.9977422157210755,0.9988663627381994,above,ff49,ew
rolling120,1970-02,1980-01,120,12.211514465428053,0.84794059439675,1.0696399535888035,0.9998,19996,0,20000,0.9994858195143681,0.9999222212439498,above,ff49,ew
rolling120,1970-03,1980-02,120,11.645153078377959,0.8528992900883334,0.9502677550554093,0.99985,19997,0,20000,0.9995590363727073,0.999948985182005,above,ff49,ew
rolling120,1970-04,1980-03,120,8.702222181520485,0.8646906348795886,0.7307621892165928,0.99965,19993,0,20000,0.9992776515467302,0.9998304468224045,above,ff49,ew
rolling120,1970-05,1980-04,120,10.183658622234827,0.8787917779891261,1.0343368330630964,0.99855,19971,0,20000,0.9979183363699895,0.9989901844784685,above,ff49,ew
rolling120,1970-06,1980-05,120,10.81510311570038,0.8840246606891853,1.3046257383638,0.9967,19934,0,20000,0.9958041621451786,0.997405069236687,above,ff49,ew
rolling120,1970-07,1980-06,120,10.90521537178962,0.8845866087884167,1.5188455395347762,0.9929,19858,0,20000,0.9916379830382978,0.9939727078175944,above,ff49,ew
rolling120,1970-08,1980-07,120,11.108595655623876,0.8847740925338194,1.5094678569601863,0.99155,19831,0,20000,0.9901836364000268,0.9927275729532167,above,ff49,ew
rolling120,1970-09,1980-08,120,10.268660998672786,0.8868364137332496,1.446390687176553,0.98585,19717,0,20000,0.9841173197414037,0.9873960788228795,above,ff49,ew
rolling120,1970-10,1980-09,120,10.739874047128009,0.890777488398895,1.4048076521958959,0.99405,19881,0,20000,0.9928851632220217,0.9950250859509413,above,ff49,ew
rolling120,1970-11,1980-10,120,11.178094633842766,0.8999998751131644,1.4978748594302824,0.9909,19818,0,20000,0.9894864446438177,0.9921250143562986,above,ff49,ew
rolling120,1970-12,1980-11,120,10.506529456352606,0.9094563745911315,1.6281408875010652,0.98175,19635,0,20000,0.9798002691578894,0.9835147041020537,above,ff49,ew
rolling120,1971-01,1980-12,120,9.15905573428187,0.9263794593689254,1.3976586751552196,0.98075,19615,0,20000,0.9787513586646428,0.9825639986674126,above,ff49,ew
rolling120,1971-02,1981-01,120,7.699517582242844,0.9390454331005802,1.1873137500370508,0.9772,19544,0,20000,0.9750378551723085,0.9791788656157452,above,ff49,ew
rolling120,1971-03,1981-02,120,7.346423096749431,0.9533471735620018,1.186023806799363,0.9783,19566,0,20000,0.9761869635773199,0.9802293347314102,above,ff49,ew
rolling120,1971-04,1981-03,120,6.910672197211723,0.9710694659642094,1.1956538676222688,0.9681,19362,0,20000,0.9655731809711707,0.970447034873104,above,ff49,ew
rolling120,1971-05,1981-04,120,7.626766849655297,0.9867939930161773,1.0999137637551466,0.97985,19597,0,20000,0.9778084805955325,0.9817072224014238,above,ff49,ew
rolling120,1971-06,1981-05,120,8.273636143444872,1.0038310139952773,1.2085074350272191,0.979,19580,0,20000,0.9769189117736424,0.9808971176846092,above,ff49,ew
rolling120,1971-07,1981-06,120,7.67548661219268,1.0233961668668061,1.1805377058440873,0.9683,19366,0,20000,0.9657805314192703,0.9706396076105822,above,ff49,ew
rolling120,1971-08,1981-07,120,10.250095684308192,1.0403249794182816,1.2664769460493912,0.99145,19829,0,20000,0.9900762580936416,0.9926349896668133,above,ff49,ew
rolling120,1971-09,1981-08,120,9.50896916230003,1.0567742999450935,1.0490899379878722,0.99415,19883,0,20000,0.9929940474378789,0.9951161633278729,above,ff49,ew
rolling120,1971-10,1981-09,120,9.098009774623602,1.0746022728548499,0.936658714378046,0.9954,19908,0,20000,0.9943623405481662,0.9962473901274452,above,ff49,ew
rolling120,1971-11,1981-10,120,10.23539053767758,1.0919646909996947,1.1421322496815223,0.9942,19884,0,20000,0.993048518361643,0.9951616732005032,above,ff49,ew
rolling120,1971-12,1981-11,120,10.85079635104786,1.1065544616851564,1.2399014725675968,0.9943,19886,0,20000,0.993157519073328,0.9952526340816069,above,ff49,ew
rolling120,1972-01,1981-12,120,8.838652693308585,1.117048406398144,0.9967731865829947,0.99195,19839,0,20000,0.9906136056343858,0.9930974500900128,above,ff49,ew
rolling120,1972-02,1982-01,120,7.671340547979797,1.1278141326646023,0.8959240931773338,0.99225,19845,0,20000,0.9909365850465478,0.993374355456217,above,ff49,ew
rolling120,1972-03,1982-02,120,7.060762706888646,1.1420349353467496,0.7477360773607198,0.99235,19847,0,20000,0.9910443453944693,0.9934665567010843,above,ff49,ew
rolling120,1972-04,1982-03,120,6.565731220283404,1.1572024311490456,0.7177669682930821,0.98805,19761,0,20000,0.9864475715038155,0.9894649821018207,above,ff49,ew
rolling120,1972-05,1982-04,120,8.346366965923155,1.1752705340722205,0.7824949143045239,0.99655,19931,0,20000,0.9956365177601437,0.9972727712325388,above,ff49,ew
rolling120,1972-06,1982-05,120,8.451943097187435,1.1917531423064665,0.704239895918874,0.9969,19938,0,20000,0.9960283222984191,0.9975808322690242,above,ff49,ew
rolling120,1972-07,1982-06,120,10.91360049565841,1.2063954257379685,0.7045881975530284,0.9993,19986,0,20000,0.9988252697172566,0.9995829630771171,above,ff49,ew
rolling120,1972-08,1982-07,120,10.815270272096418,1.222672293598063,0.6761526995333518,0.99905,19981,0,20000,0.9985166196635774,0.9993917091488246,above,ff49,ew
rolling120,1972-09,1982-08,120,12.076999269880172,1.2330886459561352,0.8125950253064897,0.9993,19986,0,20000,0.9988252697172566,0.9995829630771171,above,ff49,ew
rolling120,1972-10,1982-09,120,12.844734421514314,1.236872033137843,0.8604679987571249,0.9991,19982,0,20000,0.9985777005831638,0.9994306090256326,above,ff49,ew
rolling120,1972-11,1982-10,120,14.392167645679613,1.241105157503343,1.0627007964817157,0.9989,19978,0,20000,0.9983349531464094,0.9992734332768094,above,ff49,ew
rolling120,1972-12,1982-11,120,13.474696359582868,1.2469105509570726,1.0693819270028535,0.99775,19955,0,20000,0.99699090398009,0.9983179241260579,above,ff49,ew
rolling120,1973-01,1982-12,120,14.578587255158853,1.253626433843265,1.074299757109602,0.9979,19958,0,20000,0.9971628472365731,0.9984459232587578,above,ff49,ew
rolling120,1973-02,1983-01,120,16.198079789720484,1.2592358186347905,1.2260777881176224,0.99645,19929,0,20000,0.9955249668427258,0.9971843605571676,above,ff49,ew
rolling120,1973-03,1983-02,120,12.797231609915043,1.263735392063659,1.4040335723722914,0.97575,19515,0,20000,0.9735250287559454,0.977792248936671,above,ff49,ew
rolling120,1973-04,1983-03,120,12.905837910667795,1.267566120877623,1.5077978290257144,0.964,19280,0,20000,0.9613278043029341,0.9664939862370008,above,ff49,ew
rolling120,1973-05,1983-04,120,13.227726199274462,1.2718522088498352,1.8391211820169882,0.9289,18578,0,20000,0.9252553661121198,0.9323799053589535,above,ff49,ew
rolling120,1973-06,1983-05,120,13.406264786794546,1.2759207930463625,1.9456537176555164,0.8585,17170,0,20000,0.8536007464329624,0.8632615637148108,above,ff49,ew
rolling120,1973-07,1983-06,120,13.889527875149266,1.2795437890356909,2.0885599016533583,0.8315,16630,0,20000,0.826248875124218,0.8366238049705846,above,ff49,ew
rolling120,1973-08,1983-07,120,12.713380295095458,1.2818088365208218,1.8255296299379875,0.85615,17123,0,20000,0.8512179352823367,0.8609452774348999,above,ff49,ew
rolling120,1973-09,1983-08,120,11.382759268984891,1.283168404844469,1.924108182262414,0.7855,15710,0,20000,0.7797566666077559,0.7911336808042083,above,ff49,ew
rolling120,1973-10,1983-09,120,10.55054209031976,1.2849826030207456,1.8203691896456276,0.78395,15679,0,20000,0.7781920881026745,0.7895988546210637,above,ff49,ew
rolling120,1973-11,1983-10,120,11.204346359583141,1.2874798517672161,1.7500153599299635,0.8616,17232,0,20000,0.8567447217004249,0.8663163978238002,above,ff49,ew
rolling120,1973-12,1983-11,120,11.262897946315773,1.2906644895878947,2.22276236131232,0.7102,14204,0,20000,0.7038726860608241,0.7164465819811897,above,ff49,ew
rolling120,1974-01,1983-12,120,10.385785583008449,1.2927129773071204,2.1504945497922265,0.61585,12317,0,20000,0.6090874150694137,0.6225680901763868,above,ff49,ew
rolling120,1974-02,1984-01,120,7.475775097552248,1.2956748444148407,2.0993817189356396,0.4494,8988,0,20000,0.44251642847613976,0.4563030055727381,below,ff49,ew
rolling120,1974-03,1984-02,120,7.683107309581729,1.298642012139776,1.9699828417367695,0.5387,10774,0,20000,0.5317844962032038,0.5456006402060537,above,ff49,ew
rolling120,1974-04,1984-03,120,8.267294492112912,1.302527942351229,2.0805899375411663,0.60545,12109,0,20000,0.5986567120537334,0.6122027875420342,above,ff49,ew
rolling120,1974-05,1984-04,120,8.59830386196175,1.3038991748727282,2.236442555099811,0.60545,12109,0,20000,0.5986567120537334,0.6122027875420342,above,ff49,ew
rolling120,1974-06,1984-05,120,9.25416558071196,1.304585199440928,2.194323313102155,0.64945,12989,0,20000,0.6428091406322748,0.6560334597905554,above,ff49,ew
rolling120,1974-07,1984-06,120,9.958879996633355,1.3080214596786637,2.3511640649729646,0.66975,13395,0,20000,0.6631999985848572,0.6762348051740951,above,ff49,ew
rolling120,1974-08,1984-07,120,9.580569223802716,1.3107718328183005,2.548674382273832,0.6278,12556,0,20000,0.6210767174501789,0.6344741981338807,above,ff49,ew
rolling120,1974-09,1984-08,120,12.298354797475541,1.316054909573253,3.3225273968931317,0.69205,13841,0,20000,0.6856156614290883,0.6984105775217622,above,ff49,ew
rolling120,1974-10,1984-09,120,16.207861796760067,1.3172036323733591,3.858594600461995,0.82655,16531,0,20000,0.8212398912345082,0.8317346900172498,above,ff49,ew
rolling120,1974-11,1984-10,120,10.140745881557583,1.3285003170799845,3.1728420097948327,0.5364,10728,0,20000,0.5294825379214088,0.5433034818537068,above,ff49,ew
rolling120,1974-12,1984-11,120,8.653068044244325,1.3329007055845121,3.3010566116997877,0.36955,7391,0,20000,0.36288612554481287,0.37626397666222483,below,ff49,ew
rolling120,1975-01,1984-12,120,9.330650630305941,1.3315106952336175,3.531896787651596,0.348,6960,0,20000,0.34142819978112,0.3546301791799357,below,ff49,ew
rolling120,1975-02,1985-01,120,8.631584046300278,1.3331333413726747,3.3085744339143677,0.41875,8375,0,20000,0.4119288259512639,0.4256023799078531,below,ff49,ew
rolling120,1975-03,1985-02,120,8.444734136178056,1.3366180571070756,3.13824773443233,0.42145,8429,0,20000,0.41462225172810047,0.4283079171363136,below,ff49,ew
rolling120,1975-04,1985-03,120,8.5067086533314,1.3415049188936758,3.006556140671411,0.5217,10434,0,20000,0.5147735063637734,0.5286181592713918,above,ff49,ew
rolling120,1975-05,1985-04,120,8.379534952667889,1.348032411698238,2.8189761187978224,0.5665,11330,0,20000,0.5596199196733299,0.5733545395312082,above,ff49,ew
rolling120,1975-06,1985-05,120,8.897987701908967,1.3531754536195209,2.8222296955745323,0.67425,13485,0,20000,0.6677219760709873,0.6807110993634603,above,ff49,ew
rolling120,1975-07,1985-06,120,9.245285516011037,1.3564564471809866,2.696613104135627,0.76105,15221,0,20000,0.7550901459529686,0.7669095920221392,above,ff49,ew
rolling120,1975-08,1985-07,120,10.52594620551242,1.3597397264664695,2.9336562537617072,0.8239,16478,0,20000,0.8185589598841468,0.8291166391587085,above,ff49,ew
rolling120,1975-09,1985-08,120,11.869305466646685,1.3613836534255928,3.0102022070815275,0.86205,17241,0,20000,0.8572011718424987,0.866759774849276,above,ff49,ew
rolling120,1975-10,1985-09,120,10.88085563642949,1.3630279074367313,3.002704166183274,0.8203,16406,0,20000,0.8149176434515754,0.825559338250884,above,ff49,ew
rolling120,1975-11,1985-10,120,9.580007234842157,1.3651427892154633,2.9562050528058132,0.72795,14559,0,20000,0.7217391753694681,0.7340732753925537,above,ff49,ew
rolling120,1975-12,1985-11,120,9.70090989353975,1.369853759814439,3.110138511584693,0.7017,14034,0,20000,0.6953210823729754,0.708001450281992,above,ff49,ew
rolling120,1976-01,1985-12,120,10.46119531297037,1.3738632655784562,3.3449916931224495,0.72895,14579,0,20000,0.7227460997884687,0.735065966901441,above,ff49,ew
rolling120,1976-02,1986-01,120,7.978722296652748,1.3759897480498613,2.9047825365026037,0.62075,12415,0,20000,0.6140030063242652,0.6274506169681855,above,ff49,ew
rolling120,1976-03,1986-02,120,5.6641747854798465,1.3804888316867912,3.177128024890565,0.3498,6996,0,20000,0.3432199479256394,0.3564377397056144,below,ff49,ew
rolling120,1976-04,1986-03,120,6.194813159963091,1.3852308413116652,3.2905838970619463,0.392,7840,0,20000,0.385255421305038,0.3987860584830807,below,ff49,ew
rolling120,1976-05,1986-04,120,6.61104804490118,1.387606096082938,3.304028565090749,0.4342,8684,0,20000,0.42734403155063094,0.44108124039435237,below,ff49,ew
rolling120,1976-06,1986-05,120,7.440890529492243,1.3904606615061712,3.5682767088426637,0.48845,9769,0,20000,0.48152521282980504,0.49537922320309097,below,ff49,ew
rolling120,1976-07,1986-06,120,7.293803207656083,1.3926028646281026,3.4410522354697815,0.4946,9892,0,20000,0.4876725872885913,0.5015294867008145,not resolved,ff49,ew
rolling120,1976-08,1986-07,120,7.125673091394843,1.3937935697463613,3.203386025906367,0.5527,11054,0,20000,0.5457996128959834,0.5595801465037031,above,ff49,ew
rolling120,1976-09,1986-08,120,7.957203660743492,1.3947470824210266,3.484594024434702,0.61005,12201,0,20000,0.6032698937661335,0.6167878390979179,above,ff49,ew
rolling120,1976-10,1986-09,120,6.998919028191369,1.3949855080564735,3.019071288629968,0.57015,11403,0,20000,0.5632761947320015,0.5769968626093271,above,ff49,ew
rolling120,1976-11,1986-10,120,6.695213326760341,1.3961781111378686,3.3106887685989355,0.47405,9481,0,20000,0.4671354659175465,0.48097450075376535,below,ff49,ew
rolling120,1976-12,1986-11,120,6.478478442106434,1.3959394479793885,3.344914165729536,0.47785,9557,0,20000,0.47093220080273585,0.48477630639454955,below,ff49,ew
rolling120,1977-01,1986-12,120,5.980093297599067,1.398087202464629,2.983554967787672,0.54395,10879,0,20000,0.5370395206114018,0.5508435994192666,above,ff49,ew
rolling120,1977-02,1987-01,120,6.7222751992195855,1.3995208934983863,3.6675371038533617,0.58205,11641,0,20000,0.5751993011098507,0.5888691857733425,above,ff49,ew
rolling120,1977-03,1987-02,120,6.562733215189796,1.4014338149879717,3.9710859044291302,0.4862,9724,0,20000,0.47927643542412895,0.4931288647710195,below,ff49,ew
rolling120,1977-04,1987-03,120,6.565139685241303,1.4035869236087022,4.125193081310858,0.45935,9187,0,20000,0.4524518848742933,0.466263727657068,below,ff49,ew
rolling120,1977-05,1987-04,120,7.9760982773299585,1.4050236163305247,4.014052915019625,0.67345,13469,0,20000,0.6669180193687958,0.6799153633233415,above,ff49,ew
rolling120,1977-06,1987-05,120,8.178573486296633,1.4052632321137595,4.094663068051792,0.6896,13792,0,20000,0.683152116120232,0.6959750638072931,above,ff49,ew
rolling120,1977-07,1987-06,120,7.554053823030419,1.4071797765218186,4.059283463412545,0.6481,12962,0,20000,0.6414535704203651,0.6546895484998166,above,ff49,ew
rolling120,1977-08,1987-07,120,8.893896244778276,1.4081386212844254,4.344710475376568,0.7538,15076,0,20000,0.7477812114603725,0.7597213110375488,above,ff49,ew
rolling120,1977-09,1987-08,120,8.444982703390176,1.4088578980530286,4.632310927588256,0.68965,13793,0,20000,0.6832023904519774,0.6960247702719421,above,ff49,ew
rolling120,1977-10,1987-09,120,7.584052943606499,1.4093376068846637,4.5035370455577315,0.62685,12537,0,20000,0.6201234338635436,0.6335278465890227,above,ff49,ew
rolling120,1977-11,1987-10,120,5.1080990507359445,1.4119749552452698,3.4331821300377072,0.5979,11958,0,20000,0.5910864358639055,0.6046759634763091,above,ff49,ew
rolling120,1977-12,1987-11,120,4.731185356331924,1.4083749926255011,2.9279266355999156,0.652,13040,0,20000,0.6453698208200643,0.65857180021888,above,ff49,ew
rolling120,1978-01,1987-12,120,4.373683479901172,1.4059783611272172,3.179366957152313,0.5694,11388,0,20000,0.5625248743281852,0.5762484710672275,above,ff49,ew
rolling120,1978-02,1988-01,120,4.980095451658355,1.401189868021182,3.622117123742374,0.6043,12086,0,20000,0.5975035148632459,0.6110564264154505,above,ff49,ew
rolling120,1978-03,1988-02,120,5.224064103488127,1.4011898680211825,3.909512313832746,0.6002,12004,0,20000,0.5933924345861844,0.6069690813881722,above,ff49,ew
rolling120,1978-04,1988-03,120,4.898543764834902,1.3990401904311907,3.6625645093064287,0.5823,11646,0,20000,0.5754498302161155,0.5891185606490497,above,ff49,ew
rolling120,1978-05,1988-04,120,4.476870335331109,1.3971312664682465,3.3451608926780594,0.5578,11156,0,20000,0.5509064897287089,0.5646713109032052,above,ff49,ew
rolling120,1978-06,1988-05,120,4.056163704872493,1.3971312664682456,3.2589119769438613,0.56945,11389,0,20000,0.5625749618557104,0.5762983643360967,above,ff49,ew
rolling120,1978-07,1988-06,120,4.186723101363391,1.3959391383269746,3.535515061334144,0.55805,11161,0,20000,0.5511568457161831,0.5649208588977033,above,ff49,ew
rolling120,1978-08,1988-07,120,3.661279854417331,1.3947478400282831,3.2599850964044963,0.5014,10028,0,20000,0.49447090457442466,0.5083285577246182,not resolved,ff49,ew
rolling120,1978-09,1988-08,120,2.97476361288306,1.3954622636082439,2.9717399863736764,0.45895,9179,0,20000,0.45205241599011736,0.46586335017008884,below,ff49,ew
rolling120,1978-10,1988-09,120,3.2612104915927747,1.3954622636082434,3.161957418671264,0.51655,10331,0,20000,0.5096217640438564,0.5234718795626864,above,ff49,ew
rolling120,1978-11,1988-10,120,4.779255959887651,1.393796765411456,3.770921451883021,0.62755,12551,0,20000,0.6208258506670029,0.634225160935085,above,ff49,ew
rolling120,1978-12,1988-11,120,4.1735151819900445,1.390706461742107,3.5351666059385085,0.60615,12123,0,20000,0.5993586773751878,0.6129005533701011,above,ff49,ew
rolling120,1979-01,1988-12,120,3.8104704937848872,1.3871481568278248,3.5556897406038512,0.51715,10343,0,20000,0.5102219291304955,0.52407148403278,above,ff49,ew
rolling120,1979-02,1989-01,120,3.766216355137586,1.3819365601770142,3.626418136424257,0.5423,10846,0,20000,0.5353878583481648,0.5491958954014888,above,ff49,ew
rolling120,1979-03,1989-02,120,4.046964714569777,1.3790989508528684,3.6840281595288538,0.5712,11424,0,20000,0.5643280702782117,0.578044583787399,above,ff49,ew
rolling120,1979-04,1989-03,120,4.755327686637809,1.375794974529891,3.4975116362718834,0.7449,14898,0,20000,0.7388119713307129,0.7508939694090071,above,ff49,ew
rolling120,1979-05,1989-04,120,4.581786463707707,1.3727309532333747,3.6890566071803166,0.71805,14361,0,20000,0.7117727228608537,0.7242435302150789,above,ff49,ew
rolling120,1979-06,1989-05,120,4.623763199371809,1.3720249233921038,3.948186180381822,0.6952,13904,0,20000,0.6887833875324632,0.7015416415912337,above,ff49,ew
rolling120,1979-07,1989-06,120,3.4933821059200953,1.3696719574924985,3.699003751613432,0.537,10740,0,20000,0.5300830345261586,0.5439027548056897,above,ff49,ew
rolling120,1979-08,1989-07,120,3.6708465603620253,1.3680258620571064,3.9894539835044975,0.5658,11316,0,20000,0.5589187596056476,0.572655968449369,above,ff49,ew
rolling120,1979-09,1989-08,120,3.763533232936859,1.3673208826400005,3.7951511005046994,0.64065,12813,0,20000,0.6339738694979632,0.6472721107594547,above,ff49,ew
rolling120,1979-10,1989-09,120,3.9483599208758937,1.3630947816891403,3.789876434294146,0.67415,13483,0,20000,0.6676214803063362,0.6806116335353226,above,ff49,ew
rolling120,1979-11,1989-10,120,4.01070800891717,1.3586436266527482,4.009827642767715,0.64445,12889,0,20000,0.6377887999755579,0.6510557208078335,above,ff49,ew
rolling120,1979-12,1989-11,120,3.5159359664990424,1.3516370607749795,3.798510178879198,0.6168,12336,0,20000,0.6100403812231688,0.6235147591541251,above,ff49,ew
rolling120,1980-01,1989-12,120,1.896920176579187,1.343716737836262,3.754602853189076,0.2552,5104,0,20000,0.249205233238427,0.26128878761464186,below,ff49,ew
rolling120,1980-02,1990-01,120,1.3190742155404216,1.3383689714701674,3.149430919006119,0.2049,4098,0,20000,0.19936301668083706,0.21055032299947585,below,ff49,ew
rolling120,1980-03,1990-02,120,1.193292433463486,1.3309522000273049,3.2339517374446354,0.14055,2811,0,20000,0.13580219291035853,0.14543586181037507,below,ff49,ew
rolling120,1980-04,1990-03,120,2.2345493950576727,1.317824616250844,3.912841518921436,0.2728,5456,0,20000,0.26667126903705096,0.2790159921468429,below,ff49,ew
rolling120,1980-05,1990-04,120,2.3139669461336574,1.3047774107278038,3.544880382441055,0.35785,7157,0,20000,0.35123430469108763,0.3645202911596629,below,ff49,ew
rolling120,1980-06,1990-05,120,2.583264250606556,1.3018052743981285,3.675138102461995,0.46875,9375,0,20000,0.46184069095087255,0.47567131130263396,below,ff49,ew
rolling120,1980-07,1990-06,120,2.3541161534547146,1.3022628442767479,3.4923568560581817,0.43515,8703,0,20000,0.42829211459739913,0.44203279247907756,below,ff49,ew
rolling120,1980-08,1990-07,120,2.077205823837558,1.3056980320479759,3.1456932944826894,0.46875,9375,0,20000,0.46184069095087255,0.47567131130263396,below,ff49,ew
rolling120,1980-09,1990-08,120,1.8857136930119043,1.3061562391290669,2.6658957992231933,0.60675,12135,0,20000,0.5999603735167712,0.6134986267852504,above,ff49,ew
rolling120,1980-10,1990-09,120,1.70861504114984,1.3027227558946315,2.3649746849485096,0.67535,13507,0,20000,0.6688274517081759,0.6818052012469481,above,ff49,ew
rolling120,1980-11,1990-10,120,1.214860946466335,1.296563913456875,2.2584067054173413,0.5717,11434,0,20000,0.5648289744663724,0.5785434875631823,above,ff49,ew
rolling120,1980-12,1990-11,120,1.2694163303490251,1.287692479956002,2.151129205347524,0.6387,12774,0,20000,0.6320163838002945,0.6453303453977423,above,ff49,ew
rolling120,1981-01,1990-12,120,1.4605687600675372,1.2716598902731593,2.3531788941984093,0.6702,13404,0,20000,0.6636521658755272,0.6766824650509748,above,ff49,ew
rolling120,1981-02,1991-01,120,1.5516619326529608,1.2599688457072244,2.6756402527465575,0.6349,12698,0,20000,0.6282021372723036,0.6415460513997594,above,ff49,ew
rolling120,1981-03,1991-02,120,1.698428358288517,1.246776190923736,2.892173347887706,0.56575,11315,0,20000,0.5588686772771203,0.5726060699815019,above,ff49,ew
rolling120,1981-04,1991-03,120,2.001955993419176,1.2296828437543725,2.826116248734002,0.6724,13448,0,20000,0.6658628588104487,0.6788709271574065,above,ff49,ew
rolling120,1981-05,1991-04,120,1.979120918828178,1.2175506161716174,2.877559178483461,0.66595,13319,0,20000,0.6593819652036412,0.6724542980293378,above,ff49,ew
rolling120,1981-06,1991-05,120,2.1516991676036974,1.2026427128696233,2.9866729586836773,0.7196,14392,0,20000,0.7133328778835587,0.7257827798806001,above,ff49,ew
rolling120,1981-07,1991-06,120,2.181009464512465,1.1824309938467445,2.844536249824434,0.747,14940,0,20000,0.7409280060180282,0.7529771281702561,above,ff49,ew
rolling120,1981-08,1991-07,120,2.3063678559313034,1.1662632415217242,3.0389034150277148,0.73665,14733,0,20000,0.7305007491882493,0.7427083601463965,above,ff49,ew
rolling120,1981-09,1991-08,120,2.301711504276325,1.1487243803640648,3.4039729789576567,0.6471,12942,0,20000,0.640449481712504,0.65369402127979,above,ff49,ew
rolling120,1981-10,1991-09,120,2.474325243569077,1.132169609357704,3.6296736675124253,0.6065,12130,0,20000,0.5997096654914285,0.6132494308286214,above,ff49,ew
rolling120,1981-11,1991-10,120,2.8177429331014996,1.115526846869881,3.436861478589358,0.7424,14848,0,20000,0.7362931227139218,0.7484137782060787,above,ff49,ew
rolling120,1981-12,1991-11,120,2.6344039680435536,1.1012935604755847,3.085208247587924,0.73425,14685,0,20000,0.7280834609214403,0.7403265701862746,above,ff49,ew
rolling120,1982-01,1991-12,120,3.3615158353389045,1.0910860275655718,3.6729505695105376,0.825,16500,0,20000,0.8196717454410918,0.83020343112244,above,ff49,ew
rolling120,1982-02,1992-01,120,4.20960020296908,1.0815433730746973,3.777357992299641,0.83575,16715,0,20000,0.8305508068951877,0.840820240893138,above,ff49,ew
rolling120,1982-03,1992-02,120,4.175012775809241,1.0683429394761257,4.093972292231132,0.7724,15448,0,20000,0.7665371526491608,0.7781582261074734,above,ff49,ew
rolling120,1982-04,1992-03,120,4.3572951233104815,1.0552340121512627,4.018456567447149,0.7986,15972,0,20000,0.7929847815529845,0.8041005345143097,above,ff49,ew
rolling120,1982-05,1992-04,120,3.6986154117761023,1.038772630268117,3.8761299272282805,0.7699,15398,0,20000,0.7640152765355468,0.7756810624013679,above,ff49,ew
rolling120,1982-06,1992-05,120,3.835069921094539,1.0230370014178387,4.049327170602495,0.76995,15399,0,20000,0.7640657112017301,0.775730608531579,above,ff49,ew
rolling120,1982-07,1992-06,120,3.4262833699334436,1.0102126781124965,4.055001731174277,0.7142,14284,0,20000,0.7078978933605484,0.7204198383930163,above,ff49,ew
rolling120,1982-08,1992-07,120,3.400330129065666,0.9954916748289411,4.377364641777523,0.6856,13712,0,20000,0.6791304518906874,0.6919982643252865,above,ff49,ew
rolling120,1982-09,1992-08,120,2.684268091430901,0.9855894731872732,3.6998522291024525,0.6109,12218,0,20000,0.6041223985447918,0.6176350078579641,above,ff49,ew
rolling120,1982-10,1992-09,120,2.6042607184323043,0.9806506873122676,3.6827736067810255,0.609,12180,0,20000,0.6022168294028989,0.6157413067368702,above,ff49,ew
rolling120,1982-11,1992-10,120,2.2797489882674022,0.9735621671071542,3.2374727650958866,0.6327,12654,0,20000,0.6259940943125147,0.6393549393181951,above,ff49,ew
rolling120,1982-12,1992-11,120,2.589615645719814,0.9657173408441826,3.199648964894668,0.73995,14799,0,20000,0.7338249022068969,0.7459829396897785,above,ff49,ew
rolling120,1983-01,1992-12,120,2.57918560682045,0.9581020655592989,3.2237109662740906,0.72915,14583,0,20000,0.7229474894002278,0.7352645004752593,above,ff49,ew
rolling120,1983-02,1993-01,120,2.484319651399358,0.9491565203198784,3.097339867168076,0.75335,15067,0,20000,0.7473276292209766,0.7592750661093951,above,ff49,ew
rolling120,1983-03,1993-02,120,2.9248841121759535,0.9414079354647007,2.9834035681779345,0.87485,17497,0,20000,0.8701920884237194,0.8793639421450189,above,ff49,ew
rolling120,1983-04,1993-03,120,3.180465367883122,0.9340767716420177,2.949900463921217,0.91575,18315,0,20000,0.9118201833392579,0.9195201386800911,above,ff49,ew
rolling120,1983-05,1993-04,120,2.8626182096388804,0.9250506959526943,2.575401192963613,0.91995,18399,0,20000,0.9161079155757137,0.9236307933407641,above,ff49,ew
rolling120,1983-06,1993-05,120,3.3877027294428013,0.9160649592648622,2.642881590973106,0.9648,19296,0,20000,0.9621554146807207,0.9672660686015244,above,ff49,ew
rolling120,1983-07,1993-06,120,3.3345712422971907,0.9080710456571217,2.530863157628166,0.9715,19430,0,20000,0.969101805825708,0.9737171041733853,above,ff49,ew
rolling120,1983-08,1993-07,120,4.060075816611125,0.8986007704652557,2.6484612065272426,0.9862,19724,0,20000,0.984487297700665,0.9877259664383787,above,ff49,ew
rolling120,1983-09,1993-08,120,3.9915641517827334,0.8889909412380101,2.783468099368017,0.9767,19534,0,20000,0.9745159541106864,0.9787009587134236,above,ff49,ew
rolling120,1983-10,1993-09,120,4.237018914550033,0.8796172267618392,2.726165376383885,0.98055,19611,0,20000,0.9785417395917189,0.982373694554759,above,ff49,ew
rolling120,1983-11,1993-10,120,4.7847683418371565,0.8695438513901499,2.8911686926503433,0.98085,19617,0,20000,0.9788561881093119,0.9826591308155324,above,ff49,ew
rolling120,1983-12,1993-11,120,4.217972677188834,0.8611893853213757,2.7213296003007756,0.9755,19510,0,20000,0.9732644033334256,0.9775529703772189,above,ff49,ew
rolling120,1984-01,1993-12,120,4.05239553209155,0.8519508794873576,2.8311343944891174,0.96585,19317,0,20000,0.963242191807015,0.9682788881995122,above,ff49,ew
rolling120,1984-02,1994-01,120,4.367603784342827,0.8425771701926121,2.9970313512719318,0.96895,19379,0,20000,0.9664545991739271,0.9712652902090524,above,ff49,ew
rolling120,1984-03,1994-02,120,4.296106348636238,0.833429234683762,3.0686896160643817,0.95685,19137,0,20000,0.9539450895237955,0.9595794471317416,above,ff49,ew
rolling120,1984-04,1994-03,120,3.4801280237411394,0.8250565805791805,2.8319045624563732,0.92265,18453,0,20000,0.9188659154248169,0.9262717564969578,above,ff49,ew
rolling120,1984-05,1994-04,120,3.546988863462192,0.8152804616077218,2.8567374434693003,0.92485,18497,0,20000,0.9211141504876633,0.9284226764754645,above,ff49,ew
rolling120,1984-06,1994-05,120,3.460427532358813,0.8069947996476157,3.104903038460469,0.9007,18014,0,20000,0.8964779900085611,0.9047681122960765,above,ff49,ew
rolling120,1984-07,1994-06,120,3.3514408571671694,0.7991032094556059,2.8931739328300483,0.9103,18206,0,20000,0.9062605633298982,0.9141818518824624,above,ff49,ew
rolling120,1984-08,1994-07,120,3.6077281587724483,0.7894670684805409,3.091602777520672,0.90945,18189,0,20000,0.905393873418769,0.9133488682548869,above,ff49,ew
rolling120,1984-09,1994-08,120,3.430359543455684,0.7813032794147763,2.844486174125862,0.9125,18250,0,20000,0.9085042619428668,0.9163373083108467,above,ff49,ew
rolling120,1984-10,1994-09,120,3.814893378688101,0.7726493174188094,2.768795211073414,0.9399,18798,0,20000,0.9365208508023622,0.9431101958754767,above,ff49,ew
rolling120,1984-11,1994-10,120,3.6041554253568338,0.7617677077475256,2.8278707749850067,0.9156,18312,0,20000,0.9116671039296874,0.9193732757004783,above,ff49,ew
rolling120,1984-12,1994-11,120,3.6887176889664044,0.755471307719837,2.7265265810636166,0.92725,18545,0,20000,0.9235678148158483,0.9307680903742103,above,ff49,ew
rolling120,1985-01,1994-12,120,3.8348173746006706,0.7519826922434465,2.683617707472135,0.94045,18809,0,20000,0.9370848838355529,0.9436459516026244,above,ff49,ew
rolling120,1985-02,1995-01,120,3.476476455515444,0.7479791550430888,2.4665752352955397,0.9422,18844,0,20000,0.9388800648970973,0.9453500984148838,above,ff49,ew
rolling120,1985-03,1995-02,120,3.2542400357380794,0.744850936233109,2.5425129835736255,0.93235,18647,0,20000,0.9287856982562492,0.9357482481660371,above,ff49,ew
rolling120,1985-04,1995-03,120,3.140451044273127,0.7420763770023671,2.644042065976878,0.9161,18322,0,20000,0.9121773827772207,0.919862804816889,above,ff49,ew
rolling120,1985-05,1995-04,120,3.414442239553366,0.7372334323482703,2.7459554316953554,0.9284,18568,0,20000,0.9247439291124444,0.9318915343946852,above,ff49,ew
rolling120,1985-06,1995-05,120,3.0054443525319474,0.7351624209049783,2.6648219980570103,0.8904,17808,0,20000,0.8859953634842203,0.8946546947631732,above,ff49,ew
rolling120,1985-07,1995-06,120,3.4387949746570916,0.7337818839216623,2.7141326063592914,0.91765,18353,0,20000,0.913759506776316,0.9213800855060197,above,ff49,ew
rolling120,1985-08,1995-07,120,2.9849829884363612,0.7308526161790003,2.8725130358196584,0.85235,17047,0,20000,0.8473658113345953,0.8571988608566677,above,ff49,ew
rolling120,1985-09,1995-08,120,3.3863934810499376,0.729475508180051,2.930091087788848,0.88905,17781,0,20000,0.8846223540603275,0.8933282226844175,above,ff49,ew
rolling120,1985-10,1995-09,120,4.056876161852418,0.7265529352537035,3.245021896155735,0.9158,18316,0,20000,0.9118712106163197,0.9195690921994236,above,ff49,ew
rolling120,1985-11,1995-10,120,4.037936550759339,0.7234652101832051,3.014212774424955,0.9351,18702,0,20000,0.9316015858657201,0.9384313043582577,above,ff49,ew
rolling120,1985-12,1995-11,120,4.031665660759351,0.7202104801371376,2.9133606929529905,0.94675,18935,0,20000,0.9435515321886151,0.9497768835952553,above,ff49,ew
rolling120,1986-01,1995-12,120,4.00667940759527,0.7174759180226622,2.80104765287972,0.9511,19022,0,20000,0.9480235784078184,0.9540031666623638,above,ff49,ew
rolling120,1986-02,1996-01,120,3.9282872416652292,0.7152556329257755,2.856630604428597,0.95085,19017,0,20000,0.9477663949622688,0.9537604461259417,above,ff49,ew
rolling120,1986-03,1996-02,120,4.608199857946646,0.7128669351379546,2.6435076166293014,0.97815,19563,0,20000,0.9760301896020748,0.9800861663174724,above,ff49,ew
rolling120,1986-04,1996-03,120,4.135919841302112,0.70929136797713,2.4922559498599304,0.9674,19348,0,20000,0.9648476535416218,0.9697728311531316,above,ff49,ew
rolling120,1986-05,1996-04,120,4.113784376034553,0.7082710985573268,2.6076791614232153,0.9592,19184,0,20000,0.9563689761029651,0.9618546579831085,above,ff49,ew
rolling120,1986-06,1996-05,120,4.444885700658129,0.7070811395872898,2.5277068234333364,0.9642,19284,0,20000,0.9615346743737782,0.9666870393517343,above,ff49,ew
rolling120,1986-07,1996-06,120,3.6772349406152465,0.7050432393012722,2.4474843115005656,0.93675,18735,0,20000,0.9332919523866074,0.9400403041183851,above,ff49,ew
rolling120,1986-08,1996-07,120,3.7655047223503706,0.7038558832850459,2.4621404250577994,0.9441,18882,0,20000,0.9408300641260294,0.9471993694489385,above,ff49,ew
rolling120,1986-09,1996-08,120,3.5195287877353776,0.7030078562676834,2.353268084647178,0.92495,18499,0,20000,0.9212163644398516,0.9285204241160653,above,ff49,ew
rolling120,1986-10,1996-09,120,3.849655971325615,0.70283831840245,2.849359019443119,0.91955,18391,0,20000,0.9156994318308799,0.9232394307144426,above,ff49,ew
rolling120,1986-11,1996-10,120,4.244577451027441,0.7021603019507663,2.7098151767782466,0.9553,19106,0,20000,0.9523476137865415,0.9580775181807696,above,ff49,ew
rolling120,1986-12,1996-11,120,4.621669512036936,0.7024994114839773,2.896109558440015,0.96295,19259,0,20000,0.960242083493548,0.9654801103221046,above,ff49,ew
rolling120,1987-01,1996-12,120,4.449255692830696,0.7019911521313602,2.9574182864500242,0.94965,18993,0,20000,0.9465322096387385,0.9525950923360065,above,ff49,ew
rolling120,1987-02,1997-01,120,3.9410929051269594,0.7024996139374147,2.695857726363935,0.9375,18750,0,20000,0.9340605153591477,0.9407714530917608,above,ff49,ew
rolling120,1987-03,1997-02,120,3.716695190420049,0.7018215298534007,2.5230717053813647,0.9433,18866,0,20000,0.940008889032924,0.9464208517997336,above,ff49,ew
rolling120,1987-04,1997-03,120,4.128299489191728,0.7011439856989854,2.2922259687603908,0.97475,19495,0,20000,0.9724828742567322,0.9768347875079963,above,ff49,ew
rolling120,1987-05,1997-04,120,3.4728339303273046,0.7009746165247821,2.497090462190117,0.9496,18992,0,20000,0.9464807957037477,0.952546525474603,above,ff49,ew
rolling120,1987-06,1997-05,120,3.7763618832607833,0.7028386054450622,2.7312970380736825,0.94775,18955,0,20000,0.9445790512257597,0.9507489804859985,above,ff49,ew
rolling120,1987-07,1997-06,120,4.279345676970042,0.7009744310163302,2.7341565434194597,0.966,19320,0,20000,0.9633974969773603,0.9684235254183501,above,ff49,ew
rolling120,1987-08,1997-07,120,3.7189304519379798,0.7004664752833969,2.8573156854075985,0.93875,18775,0,20000,0.9353417597922111,0.941989728568557,above,ff49,ew
rolling120,1987-09,1997-08,120,4.156142915292785,0.6994509682811378,2.5724403660121733,0.95735,19147,0,20000,0.9544606131743352,0.9600637314451459,above,ff49,ew
rolling120,1987-10,1997-09,120,4.962427508679001,0.699281784511274,2.8611703475709396,0.9671,19342,0,20000,0.9645368063568567,0.9694837935595302,above,ff49,ew
rolling120,1987-11,1997-10,120,7.454965914703232,0.6962413200857072,3.819355108930428,0.974,19480,0,20000,0.9717018485759331,0.9761161012428797,above,ff49,ew
rolling120,1987-12,1997-11,120,7.4016819254054464,0.6969174501584867,4.380979923979133,0.96965,19393,0,20000,0.9671808315444541,0.9719387889880469,above,ff49,ew
rolling120,1988-01,1997-12,120,7.171624007914611,0.6984387428222412,4.109948382243405,0.97635,19527,0,20000,0.9741507735049671,0.978366273744382,above,ff49,ew
rolling120,1988-02,1998-01,120,6.249313699755642,0.7008096813404898,3.9182641941247978,0.96605,19321,0,20000,0.9634492682674457,0.9684717349246591,above,ff49,ew
rolling120,1988-03,1998-02,120,5.800400549227893,0.6996245660936864,4.020620923053174,0.9542,19084,0,20000,0.951214495547973,0.9570110588986617,above,ff49,ew
rolling120,1988-04,1998-03,120,6.024246513780519,0.6987784766043923,4.377045121807305,0.9606,19212,0,20000,0.9578141540350967,0.9632089423500197,above,ff49,ew
rolling120,1988-05,1998-04,120,5.806391860707463,0.6982711766412415,4.384496238476148,0.9556,19112,0,20000,0.9526567276606155,0.958368289085062,above,ff49,ew
rolling120,1988-06,1998-05,120,4.852152272333203,0.6964125573055484,4.228182550786945,0.9212,18424,0,20000,0.9173846067707903,0.9248536220555472,above,ff49,ew
rolling120,1988-07,1998-06,120,4.609091634824157,0.6950620447711231,4.14524282570084,0.93235,18647,0,20000,0.9287856982562492,0.9357482481660371,above,ff49,ew
rolling120,1988-08,1998-07,120,5.211241657108039,0.6932069375686081,4.078892726800004,0.9676,19352,0,20000,0.9650549158145283,0.9699654920658027,above,ff49,ew
rolling120,1988-09,1998-08,120,4.75368686642731,0.6905136965902705,3.4053964667699868,0.9803,19606,0,20000,0.978279789379009,0.9821357407854969,above,ff49,ew
rolling120,1988-10,1998-09,120,4.418219577301958,0.6878255412389052,3.520692131059553,0.9694,19388,0,20000,0.966921424904654,0.971698291645875,above,ff49,ew
rolling120,1988-11,1998-10,120,4.43060469460249,0.6829605237758372,3.7663384657825496,0.9614,19228,0,20000,0.9586403804029826,0.9639824087244442,above,ff49,ew
rolling120,1988-12,1998-11,120,4.802415495913087,0.6786096265283306,4.15811888087434,0.9538,19076,0,20000,0.9508025669778124,0.9566231410976669,above,ff49,ew
rolling120,1989-01,1998-12,120,4.357076390280986,0.6744393750463467,4.381396576040966,0.93655,18731,0,20000,0.9330870251488469,0.9398453081705681,above,ff49,ew
rolling120,1989-02,1999-01,120,3.8437775038378668,0.6711088143799195,4.240577813640344,0.90435,18087,0,20000,0.9001959111790843,0.9083487892623439,above,ff49,ew
rolling120,1989-03,1999-02,120,3.5344673687390475,0.6667902745554608,4.128180789989385,0.9051,18102,0,20000,0.9009600891398449,0.9090843232474991,above,ff49,ew
rolling120,1989-04,1999-03,120,2.9063177020075974,0.6628166015059591,4.211945088886903,0.85225,17045,0,20000,0.8472644549354658,0.8571002556630085,above,ff49,ew
rolling120,1989-05,1999-04,120,3.3392462037012587,0.6578613518739753,4.196560371903898,0.87595,17519,0,20000,0.8713091984708055,0.8804464096186095,above,ff49,ew
rolling120,1989-06,1999-05,120,3.690773513595051,0.6504594508089561,3.8874731354084124,0.9062,18124,0,20000,0.9020810236435033,0.9101629662645172,above,ff49,ew
rolling120,1989-07,1999-06,120,4.1329205368493644,0.6453790970233264,4.1722232808502975,0.9212,18424,0,20000,0.9173846067707903,0.9248536220555472,above,ff49,ew
rolling120,1989-08,1999-07,120,3.933478892868039,0.6401504842025967,3.645316218776281,0.91945,18389,0,20000,0.9155973152026999,0.9231415857498337,above,ff49,ew
rolling120,1989-09,1999-08,120,4.028017845708967,0.6344521253632986,3.502096623110771,0.942,18840,0,20000,0.9386748598012777,0.9451553803251256,above,ff49,ew
rolling120,1989-10,1999-09,120,4.144252055951987,0.6302299936932101,3.3997864886182114,0.95095,19019,0,20000,0.9478692657636949,0.9538575369173041,above,ff49,ew
rolling120,1989-11,1999-10,120,3.60656996632117,0.6255342577161436,3.828292953808793,0.90875,18175,0,20000,0.9046802083149557,0.9126628022091787,above,ff49,ew
rolling120,1989-12,1999-11,120,3.291363996319207,0.6202067544382974,3.9251151068194083,0.85305,17061,0,20000,0.8480753278823636,0.8578890754584207,above,ff49,ew
rolling120,1990-01,1999-12,120,5.093624584393956,0.6174691026317722,4.23042482608486,0.95105,19021,0,20000,0.9479721399991845,0.9539546242746033,above,ff49,ew
rolling120,1990-02,2000-01,120,4.9555413449170835,0.6148958197798176,4.393928458677789,0.9197,18394,0,20000,0.9158526099995851,0.9233861949349206,above,ff49,ew
rolling120,1990-03,2000-02,120,8.786866224517555,0.612647779461938,4.457579890976083,0.98675,19735,0,20000,0.9850692329299242,0.9882438199694579,above,ff49,ew
rolling120,1990-04,2000-03,120,6.635399265075544,0.609923712266901,4.628545358430297,0.96095,19219,0,20000,0.9581755905604027,0.9635473713994743,above,ff49,ew
rolling120,1990-05,2000-04,120,5.390693645236304,0.6062462621346005,4.440021184296086,0.92675,18535,0,20000,0.923056542600574,0.9302795546255406,above,ff49,ew
rolling120,1990-06,2000-05,120,4.355795414404204,0.6033745465288767,3.791865420426146,0.8976,17952,0,20000,0.8933216614555641,0.9017256314726214,above,ff49,ew
rolling120,1990-07,2000-06,120,4.724471358335821,0.5997098725181285,4.058561566991956,0.90635,18127,0,20000,0.902233891385488,0.9103100409117156,above,ff49,ew
rolling120,1990-08,2000-07,120,5.211181686899335,0.5965320618853946,4.018617468771126,0.92485,18497,0,20000,0.9211141504876633,0.9284226764754645,above,ff49,ew
rolling120,1990-09,2000-08,120,7.099840041084603,0.593994359422632,4.9603704044285335,0.94695,18939,0,20000,0.9437570112813302,0.9499713276881178,above,ff49,ew
rolling120,1990-10,2000-09,120,7.06448008852902,0.5925683207312995,4.996956443528637,0.93215,18643,0,20000,0.9285809720360357,0.935553051200673,above,ff49,ew
rolling120,1990-11,2000-10,120,9.907173381767194,0.5906701463323343,4.937448370273695,0.9783,19566,0,20000,0.9761869635773199,0.9802293347314102,above,ff49,ew
rolling120,1990-12,2000-11,120,10.03774776865068,0.589721153503658,3.9873011422959275,0.98745,19749,0,20000,0.9858108924941146,0.988901891554789,above,ff49,ew
rolling120,1991-01,2000-12,120,13.508193515138826,0.5881409137884455,3.9205198927678016,0.99695,19939,0,20000,0.9960844826976206,0.997624652666217,above,ff49,ew
rolling120,1991-02,2001-01,120,14.535083811402263,0.588456898848889,3.854108541682063,0.99655,19931,0,20000,0.9956365177601437,0.9972727712325388,above,ff49,ew
rolling120,1991-03,2001-02,120,18.795024519563906,0.5868760301199389,3.0732674537101756,0.9996,19992,0,20000,0.9992108209764861,0.9997972965962543,above,ff49,ew
rolling120,1991-04,2001-03,120,20.690073693132987,0.5865600452473538,2.6809537212626293,0.9999,19998,0,20000,0.9996354263863794,0.9999725759647273,above,ff49,ew
rolling120,1991-05,2001-04,120,20.93945654674762,0.5843505713954229,2.977265906106414,0.99985,19997,0,20000,0.9995590363727073,0.999948985182005,above,ff49,ew
rolling120,1991-06,2001-05,120,19.08077430713399,0.581985162957986,2.8577149382190314,0.9998,19996,0,20000,0.9994858195143681,0.9999222212439498,above,ff49,ew
rolling120,1991-07,2001-06,120,19.871925338933806,0.5797796468972998,2.973268611483657,0.99965,19993,0,20000,0.9992776515467302,0.9998304468224045,above,ff49,ew
rolling120,1991-08,2001-07,120,17.825418819346332,0.5767927016001513,2.7243939615138975,0.99965,19993,0,20000,0.9992776515467302,0.9998304468224045,above,ff49,ew
rolling120,1991-09,2001-08,120,19.97590330803929,0.574438342599155,2.4029756462908147,0.9999,19998,0,20000,0.9996354263863794,0.9999725759647273,above,ff49,ew
rolling120,1991-10,2001-09,120,18.27644743708846,0.5716173302393313,2.13347732212315,0.9999,19998,0,20000,0.9996354263863794,0.9999725759647273,above,ff49,ew
rolling120,1991-11,2001-10,120,17.065177534688416,0.5684872419496692,2.1639771997055113,0.99975,19995,0,20000,0.9994148495964674,0.9998932103654561,above,ff49,ew
rolling120,1991-12,2001-11,120,16.806612787670048,0.5650499753570908,2.5425755734305393,0.99955,19991,0,20000,0.9991449078924859,0.99976322888386,above,ff49,ew
rolling120,1992-01,2001-12,120,15.114788031861401,0.5614639871688849,2.2409645810688814,0.9991,19982,0,20000,0.9985777005831638,0.9994306090256326,above,ff49,ew
rolling120,1992-02,2002-01,120,12.69453626901432,0.5583516411709399,2.206849164426051,0.9989,19978,0,20000,0.9983349531464094,0.9992734332768094,above,ff49,ew
rolling120,1992-03,2002-02,120,10.832079336428375,0.5560206405110313,2.0951662762016636,0.99815,19963,0,20000,0.9974512113609938,0.9986574631163091,above,ff49,ew
rolling120,1992-04,2002-03,120,13.316155404847395,0.5527640695073701,2.306812409122402,0.99895,19979,0,20000,0.9983952643143006,0.9993131029053126,above,ff49,ew
rolling120,1992-05,2002-04,120,16.01448836073486,0.5501327906814506,2.0958364078698435,0.9995,19990,0,20000,0.9990797771249671,0.9997283788549844,above,ff49,ew
rolling120,1992-06,2002-05,120,21.87906383380047,0.5479686643282855,2.040432694068236,0.99995,19999,0,20000,0.9997168094297738,0.9999911737177268,above,ff49,ew
rolling120,1992-07,2002-06,120,21.8359906041165,0.54503690549433,1.8825002273593139,1.0,20000,0,20000,0.9998079639438954,1.0,above,ff49,ew
rolling120,1992-08,2002-07,120,17.158870382402004,0.5425724861455208,1.5465916121429775,0.99995,19999,0,20000,0.9997168094297738,0.9999911737177268,above,ff49,ew
rolling120,1992-09,2002-08,120,24.022759424237716,0.5407261995074051,1.6183998758282518,1.0,20000,0,20000,0.9998079639438954,1.0,above,ff49,ew
rolling120,1992-10,2002-09,120,23.063111431255862,0.5388821226677791,1.3177162035424042,1.0,20000,0,20000,0.9998079639438954,1.0,above,ff49,ew
rolling120,1992-11,2002-10,120,23.834787276919908,0.5375003069335667,1.4717727966272478,1.0,20000,0,20000,0.9998079639438954,1.0,above,ff49,ew
rolling120,1992-12,2002-11,120,22.923439683348725,0.535812937545532,1.512270367598147,1.0,20000,0,20000,0.9998079639438954,1.0,above,ff49,ew
rolling120,1993-01,2002-12,120,18.137852200159575,0.5332093456091269,1.328186908779935,1.0,20000,0,20000,0.9998079639438954,1.0,above,ff49,ew
rolling120,1993-02,2003-01,120,18.275455394005984,0.5312207472360928,1.244642835244239,1.0,20000,0,20000,0.9998079639438954,1.0,above,ff49,ew
rolling120,1993-03,2003-02,120,18.083912641155397,0.5292345299427312,1.1969939490665409,1.0,20000,0,20000,0.9998079639438954,1.0,above,ff49,ew
rolling120,1993-04,2003-03,120,17.01894998924443,0.5269463984764828,1.1674350951159527,1.0,20000,0,20000,0.9998079639438954,1.0,above,ff49,ew
rolling120,1993-05,2003-04,120,19.747559676526894,0.5248137917747004,1.414753288395465,1.0,20000,0,20000,0.9998079639438954,1.0,above,ff49,ew
rolling120,1993-06,2003-05,120,17.424338346036233,0.5228358852397701,1.4857134519473827,1.0,20000,0,20000,0.9998079639438954,1.0,above,ff49,ew
rolling120,1993-07,2003-06,120,19.421712110265428,0.5205573278054962,1.5096929849994853,1.0,20000,0,20000,0.9998079639438954,1.0,above,ff49,ew
rolling120,1993-08,2003-07,120,17.55245596052859,0.5179785693684757,1.5724981147542287,0.99985,19997,0,20000,0.9995590363727073,0.999948985182005,above,ff49,ew
rolling120,1993-09,2003-08,120,18.878208804766803,0.5152530218125024,1.5336520818585462,0.99985,19997,0,20000,0.9995590363727073,0.999948985182005,above,ff49,ew
rolling120,1993-10,2003-09,120,16.18690826494886,0.5125326393675969,1.500760652795074,0.9997,19994,0,20000,0.9993455788792479,0.9998625002862812,above,ff49,ew
rolling120,1993-11,2003-10,120,16.015924633249234,0.5102688208093737,1.6117251406355493,0.9995,19990,0,20000,0.9990797771249671,0.9997283788549844,above,ff49,ew
rolling120,1993-12,2003-11,120,18.665515015047635,0.5075571161934567,1.6924289872256293,0.9998,19996,0,20000,0.9994858195143681,0.9999222212439498,above,ff49,ew
rolling120,1994-01,2003-12,120,19.89894753893183,0.5053009696562023,1.7582333470429803,0.99985,19997,0,20000,0.9995590363727073,0.999948985182005,above,ff49,ew
rolling120,1994-02,2004-01,120,17.040536140079805,0.5025981848727796,1.7341603252010613,0.9992,19984,0,20000,0.9987007797717246,0.9995074914298606,above,ff49,ew
rolling120,1994-03,2004-02,120,16.01944179455128,0.5003490108608952,1.840547886492931,0.9987,19974,0,20000,0.998095808650383,0.9991126545872582,above,ff49,ew
rolling120,1994-04,2004-03,120,19.104514739356386,0.4976556547029716,1.9384260028163678,0.99935,19987,0,20000,0.9988881316487883,0.9996200819419798,above,ff49,ew
rolling120,1994-05,2004-04,120,18.491292084117195,0.4948177712443744,1.8604172689129719,0.9992,19984,0,20000,0.9987007797717246,0.9995074914298606,above,ff49,ew
rolling120,1994-06,2004-05,120,20.448626888333898,0.49094364225191445,1.8700559395911736,0.99955,19991,0,20000,0.9991449078924859,0.99976322888386,above,ff49,ew
rolling120,1994-07,2004-06,120,20.077997280905148,0.48752506945042007,2.007554250257306,0.9992,19984,0,20000,0.9987007797717246,0.9995074914298606,above,ff49,ew
rolling120,1994-08,2004-07,120,20.20249815084552,0.4848550005184191,1.8021887611999703,0.9993,19986,0,20000,0.9988252697172566,0.9995829630771171,above,ff49,ew
rolling120,1994-09,2004-08,120,20.095880811725138,0.4810086091650789,1.6891777957372622,0.9996,19992,0,20000,0.9992108209764861,0.9997972965962543,above,ff49,ew
rolling120,1994-10,2004-09,120,19.045388786100958,0.47717218156337604,1.788421588382473,0.99935,19987,0,20000,0.9988881316487883,0.9996200819419798,above,ff49,ew
rolling120,1994-11,2004-10,120,18.59845547411587,0.4731989150857703,1.7829395838835396,0.99905,19981,0,20000,0.9985166196635774,0.9993917091488246,above,ff49,ew
rolling120,1994-12,2004-11,120,16.718583472971453,0.46996982510550844,2.0238542208940107,0.9968,19936,0,20000,0.9959161481627361,0.9974930448119184,above,ff49,ew
rolling120,1995-01,2004-12,120,15.494047905589266,0.4658719402884084,2.0919133287285447,0.9939,19878,0,20000,0.9927219774321951,0.9948883293515847,above,ff49,ew
rolling120,1995-02,2005-01,120,15.844657592508167,0.4620766136156844,1.9464222006598288,0.9957,19914,0,20000,0.9946930699009592,0.9965165455530188,above,ff49,ew
rolling120,1995-03,2005-02,120,17.015711949882068,0.45858160975843587,1.8900598034733131,0.9971,19942,0,20000,0.9962532717032827,0.9977558060497381,above,ff49,ew
rolling120,1995-04,2005-03,120,15.294352553567482,0.45495185261689075,1.7667430773241333,0.9957,19914,0,20000,0.9946930699009592,0.9965165455530188,above,ff49,ew
rolling120,1995-05,2005-04,120,13.325793115331612,0.45162012296633414,1.6331947766634367,0.99465,19893,0,20000,0.9935396672703248,0.9955703514593709,above,ff49,ew
rolling120,1995-06,2005-05,120,14.529242733544862,0.4472886525377491,1.6446500903670191,0.9963,19926,0,20000,0.9953579410940695,0.997051443916641,above,ff49,ew
rolling120,1995-07,2005-06,120,15.438042633419862,0.4438314088171458,1.5836532184310421,0.9974,19948,0,20000,0.9965923580946505,0.9980166044367365,above,ff49,ew
rolling120,1995-08,2005-07,120,16.600078737071588,0.4408129459415695,1.5836532184310421,0.9979,19958,0,20000,0.9971628472365731,0.9984459232587578,above,ff49,ew
rolling120,1995-09,2005-08,120,15.467900695219768,0.4383750221751712,1.5345479503713735,0.99755,19951,0,20000,0.996762740834407,0.9981461640861634,above,ff49,ew
rolling120,1995-10,2005-09,120,15.58799050993063,0.43636991908740286,1.460799662384849,0.9981,19962,0,20000,0.9973933437444168,0.9986153499364917,above,ff49,ew
rolling120,1995-11,2005-10,120,15.29222182844314,0.43351061796450585,1.4426470375511689,0.9978,19956,0,20000,0.9970481359255476,0.9983606729769947,above,ff49,ew
rolling120,1995-12,2005-11,120,15.995078680403587,0.43194035140429765,1.431882354304633,0.99795,19959,0,20000,0.9972203323503435,0.9984884189413819,above,ff49,ew
rolling120,1996-01,2005-12,120,15.073311701127448,0.42951792270752476,1.3971514431085166,0.99705,19941,0,20000,0.99619695613099,0.9977121408256364,above,ff49,ew
rolling120,1996-02,2006-01,120,18.0119137397107,0.42837920485611947,1.4132585080198519,0.99855,19971,0,20000,0.9979183363699895,0.9989901844784685,above,ff49,ew
rolling120,1996-03,2006-02,120,17.490563271528508,0.4276677897725176,1.3734013089098105,0.9988,19976,0,20000,0.9982149864992992,0.9991934383311308,above,ff49,ew
rolling120,1996-04,2006-03,120,19.023020145555037,0.4273833654693455,1.3900641678965204,0.9991,19982,0,20000,0.9985777005831638,0.9994306090256326,above,ff49,ew
rolling120,1996-05,2006-04,120,19.768394212150824,0.4259625180022244,1.3567263629795092,0.9993,19986,0,20000,0.9988252697172566,0.9995829630771171,above,ff49,ew
rolling120,1996-06,2006-05,120,17.601532376475056,0.426104517854645,1.2212111576359694,0.99925,19985,0,20000,0.9987628321888334,0.9995454198091459,above,ff49,ew
rolling120,1996-07,2006-06,120,19.496615351233693,0.426104517854645,1.2386640104913744,0.99955,19991,0,20000,0.9991449078924859,0.99976322888386,above,ff49,ew
rolling120,1996-08,2006-07,120,21.301104250153955,0.42539465995626013,1.3604412674913293,0.99965,19993,0,20000,0.9992776515467302,0.9998304468224045,above,ff49,ew
rolling120,1996-09,2006-08,120,19.812014318002227,0.4255366173967494,1.3437411112084376,0.9995,19990,0,20000,0.9990797771249671,0.9997283788549844,above,ff49,ew
rolling120,1996-10,2006-09,120,20.915301824016804,0.42511082987661886,1.2726176256146302,0.9997,19994,0,20000,0.9993455788792479,0.9998625002862812,above,ff49,ew
rolling120,1996-11,2006-10,120,21.162205080002366,0.424968914836799,1.3251196025515264,0.99955,19991,0,20000,0.9991449078924859,0.99976322888386,above,ff49,ew
rolling120,1996-12,2006-11,120,21.10415084272666,0.42511082987661886,1.2261505138998854,0.99955,19991,0,20000,0.9991449078924859,0.99976322888386,above,ff49,ew
rolling120,1997-01,2006-12,120,22.341842091630713,0.42425967867422365,1.2822776380352723,0.9996,19992,0,20000,0.9992108209764861,0.9997972965962543,above,ff49,ew
rolling120,1997-02,2007-01,120,23.230858220895655,0.42411789075200623,1.2045489906531763,0.9998,19996,0,20000,0.9994858195143681,0.9999222212439498,above,ff49,ew
rolling120,1997-03,2007-02,120,23.60768351755785,0.42397603221124003,1.1716716210598106,0.9998,19996,0,20000,0.9994858195143681,0.9999222212439498,above,ff49,ew
rolling120,1997-04,2007-03,120,23.679677910529044,0.42397603221124003,1.30209483024829,0.9998,19996,0,20000,0.9994858195143681,0.9999222212439498,above,ff49,ew
rolling120,1997-05,2007-04,120,25.672160975333913,0.42411782012642596,1.2901954217258997,0.99985,19997,0,20000,0.9995590363727073,0.999948985182005,above,ff49,ew
rolling120,1997-06,2007-05,120,27.98481893484412,0.4229840811911081,1.213727415665662,1.0,20000,0,20000,0.9998079639438954,1.0,above,ff49,ew
rolling120,1997-07,2007-06,120,24.605117694766918,0.4234094027257871,1.085951247230092,0.99995,19999,0,20000,0.9997168094297738,0.9999911737177268,above,ff49,ew
rolling120,1997-08,2007-07,120,24.754226256044337,0.4229842082412525,0.8718188841860515,1.0,20000,0,20000,0.9998079639438954,1.0,above,ff49,ew
rolling120,1997-09,2007-08,120,22.271831735245197,0.4231259256208202,0.9699674187633487,0.9999,19998,0,20000,0.9996354263863794,0.9999725759647273,above,ff49,ew
rolling120,1997-10,2007-09,120,20.494249919810795,0.4214256556977367,0.9282513380483743,0.99985,19997,0,20000,0.9995590363727073,0.999948985182005,above,ff49,ew
rolling120,1997-11,2007-10,120,21.86795061541148,0.4200101750607148,1.0378156088606865,0.9999,19998,0,20000,0.9996354263863794,0.9999725759647273,above,ff49,ew
rolling120,1997-12,2007-11,120,22.228186335007774,0.41930292823580184,0.8832743593591592,1.0,20000,0,20000,0.9998079639438954,1.0,above,ff49,ew
rolling120,1998-01,2007-12,120,22.70743441164225,0.416336630316519,0.8386943455485742,1.0,20000,0,20000,0.9998079639438954,1.0,above,ff49,ew
rolling120,1998-02,2008-01,120,24.02410238511366,0.41323403090728217,0.7162122207208221,1.0,20000,0,20000,0.9998079639438954,1.0,above,ff49,ew
rolling120,1998-03,2008-02,120,26.935194629227915,0.409573896949359,0.5503745475586359,1.0,20000,0,20000,0.9998079639438954,1.0,above,ff49,ew
rolling120,1998-04,2008-03,120,23.87619175635359,0.4064848815361817,0.4630876495886209,1.0,20000,0,20000,0.9998079639438954,1.0,above,ff49,ew
rolling120,1998-05,2008-04,120,24.842850194579814,0.40298372430842044,0.5154389127250332,1.0,20000,0,20000,0.9998079639438954,1.0,above,ff49,ew
rolling120,1998-06,2008-05,120,30.16158968999546,0.39990945718344184,0.5889298370860949,1.0,20000,0,20000,0.9998079639438954,1.0,above,ff49,ew
rolling120,1998-07,2008-06,120,37.61204249769433,0.3965633933479267,0.4070311124930346,1.0,20000,0,20000,0.9998079639438954,1.0,above,ff49,ew
rolling120,1998-08,2008-07,120,27.742207735255825,0.39308589485851475,0.4274228677465557,1.0,20000,0,20000,0.9998079639438954,1.0,above,ff49,ew
rolling120,1998-09,2008-08,120,30.31844965064774,0.38892453103836555,0.7197417484607116,1.0,20000,0,20000,0.9998079639438954,1.0,above,ff49,ew
rolling120,1998-10,2008-09,120,32.35528950826009,0.3846385803652428,0.46415893821127563,1.0,20000,0,20000,0.9998079639438954,1.0,above,ff49,ew
rolling120,1998-11,2008-10,120,30.552747834288674,0.38132604787633073,0.13093655917008862,1.0,20000,0,20000,0.9998079639438954,1.0,above,ff49,ew
rolling120,1998-12,2008-11,120,27.35250844706648,0.37747028779851877,-0.018855658527848762,1.0,20000,0,20000,0.9998079639438954,1.0,above,ff49,ew
rolling120,1999-01,2008-12,120,32.64012506460817,0.37225571607742447,-0.0626953944276647,1.0,20000,0,20000,0.9998079639438954,1.0,above,ff49,ew
rolling120,1999-02,2009-01,120,34.03615820300815,0.3674695725734174,-0.17030081577431055,1.0,20000,0,20000,0.9998079639438954,1.0,above,ff49,ew
rolling120,1999-03,2009-02,120,36.73781302472093,0.36283639215812147,-0.2254589624352058,1.0,20000,0,20000,0.9998079639438954,1.0,above,ff49,ew
rolling120,1999-04,2009-03,120,43.701095917964395,0.3572726868829563,-0.18729468457617637,1.0,20000,0,20000,0.9998079639438954,1.0,above,ff49,ew
rolling120,1999-05,2009-04,120,48.32276140621587,0.3524045174371271,-0.1448393500773857,1.0,20000,0,20000,0.9998079639438954,1.0,above,ff49,ew
rolling120,1999-06,2009-05,120,45.7026883688943,0.3478219228992694,-0.08079840643279246,1.0,20000,0,20000,0.9998079639438954,1.0,above,ff49,ew
rolling120,1999-07,2009-06,120,42.588581799223704,0.3425863596529477,-0.12222671824707976,1.0,20000,0,20000,0.9998079639438954,1.0,above,ff49,ew
rolling120,1999-08,2009-07,120,51.70733220848086,0.3376375954262929,-0.023840735794435353,1.0,20000,0,20000,0.9998079639438954,1.0,above,ff49,ew
rolling120,1999-09,2009-08,120,60.189497617405195,0.33257431934040804,0.018746701302797986,1.0,20000,0,20000,0.9998079639438954,1.0,above,ff49,ew
rolling120,1999-10,2009-09,120,64.30703460557193,0.32753020895740814,0.0862665861361227,1.0,20000,0,20000,0.9998079639438954,1.0,above,ff49,ew
rolling120,1999-11,2009-10,120,72.60275217879014,0.32237295443511105,-0.005649848321864548,1.0,20000,0,20000,0.9998079639438954,1.0,above,ff49,ew
rolling120,1999-12,2009-11,120,82.34511494955323,0.31762948827731297,0.01217313791810204,1.0,20000,0,20000,0.9998079639438954,1.0,above,ff49,ew
rolling120,2000-01,2009-12,120,58.32196065589357,0.31198850181814075,-0.037358739043847344,1.0,20000,0,20000,0.9998079639438954,1.0,above,ff49,ew
rolling120,2000-02,2010-01,120,54.268386530019576,0.30663131343306493,-0.027497879466789943,1.0,20000,0,20000,0.9998079639438954,1.0,above,ff49,ew
rolling120,2000-03,2010-02,120,35.71678378000509,0.3010368549567508,-0.02277194827555129,1.0,20000,0,20000,0.9998079639438954,1.0,above,ff49,ew
rolling120,2000-04,2010-03,120,49.854677062812726,0.29508008225564497,-0.016946307921781645,1.0,20000,0,20000,0.9998079639438954,1.0,above,ff49,ew
rolling120,2000-05,2010-04,120,56.81146745634707,0.2892789072903348,0.06592406284658492,1.0,20000,0,20000,0.9998079639438954,1.0,above,ff49,ew
rolling120,2000-06,2010-05,120,54.45938189015633,0.28299287082692914,0.021561392454467976,1.0,20000,0,20000,0.9998079639438954,1.0,above,ff49,ew
rolling120,2000-07,2010-06,120,45.15877361779161,0.27800913357969326,-0.08178080017772626,1.0,20000,0,20000,0.9998079639438954,1.0,above,ff49,ew
rolling120,2000-08,2010-07,120,46.100430200652205,0.2720311848059822,0.0018895820101600957,1.0,20000,0,20000,0.9998079639438954,1.0,above,ff49,ew
rolling120,2000-09,2010-08,120,37.15059000149443,0.2658292417158834,-0.1127132437940338,1.0,20000,0,20000,0.9998079639438954,1.0,above,ff49,ew
rolling120,2000-10,2010-09,120,39.10849272703203,0.25953221036718266,0.022521689385985644,1.0,20000,0,20000,0.9998079639438954,1.0,above,ff49,ew
rolling120,2000-11,2010-10,120,34.88619835263768,0.25264336076791927,0.08631164955426729,1.0,20000,0,20000,0.9998079639438954,1.0,above,ff49,ew
rolling120,2000-12,2010-11,120,36.98829010884068,0.24641192429011682,0.2168238720093454,1.0,20000,0,20000,0.9998079639438954,1.0,above,ff49,ew
rolling120,2001-01,2010-12,120,34.00325010255271,0.2403348910274088,0.2784549001451455,1.0,20000,0,20000,0.9998079639438954,1.0,above,ff49,ew
rolling120,2001-02,2011-01,120,30.32686326387645,0.23379642382784094,0.25628302597363395,1.0,20000,0,20000,0.9998079639438954,1.0,above,ff49,ew
rolling120,2001-03,2011-02,120,23.054728751182573,0.22924865856766652,0.43898982133936104,1.0,20000,0,20000,0.9998079639438954,1.0,above,ff49,ew
rolling120,2001-04,2011-03,120,19.32544625485724,0.22422981819709564,0.5515822416201808,0.99975,19995,0,20000,0.9994148495964674,0.9998932103654561,above,ff49,ew
rolling120,2001-05,2011-04,120,18.894177905791413,0.21947387010369113,0.47394583329686624,0.99985,19997,0,20000,0.9995590363727073,0.999948985182005,above,ff49,ew
rolling120,2001-06,2011-05,120,21.43377332034294,0.21558400129953248,0.4408185358554424,1.0,20000,0,20000,0.9998079639438954,1.0,above,ff49,ew
rolling120,2001-07,2011-06,120,20.29768351596037,0.21218986966447217,0.4396464239694515,1.0,20000,0,20000,0.9998079639438954,1.0,above,ff49,ew
rolling120,2001-08,2011-07,120,21.531264493327434,0.20856417713307263,0.43202071203643677,1.0,20000,0,20000,0.9998079639438954,1.0,above,ff49,ew
rolling120,2001-09,2011-08,120,18.041123143032042,0.20494968951329495,0.43415555283811,0.99995,19999,0,20000,0.9997168094297738,0.9999911737177268,above,ff49,ew
rolling120,2001-10,2011-09,120,18.856848392604057,0.20158525081102407,0.4558947297154885,0.99995,19999,0,20000,0.9997168094297738,0.9999911737177268,above,ff49,ew
rolling120,2001-11,2011-10,120,18.70400424750657,0.19894756616546028,0.578235250820111,0.99985,19997,0,20000,0.9995590363727073,0.999948985182005,above,ff49,ew
rolling120,2001-12,2011-11,120,19.262231012845145,0.1969128143810126,0.46144291146044214,0.99995,19999,0,20000,0.9997168094297738,0.9999911737177268,above,ff49,ew
rolling120,2002-01,2011-12,120,18.779844012441764,0.19512013417974283,0.44693763099095496,0.9999,19998,0,20000,0.9996354263863794,0.9999725759647273,above,ff49,ew
rolling120,2002-02,2012-01,120,19.372305872007352,0.19344930515252945,0.5400283499047611,0.99995,19999,0,20000,0.9997168094297738,0.9999911737177268,above,ff49,ew
rolling120,2002-03,2012-02,120,22.3617722282841,0.19189983536655286,0.6437673545646039,1.0,20000,0,20000,0.9998079639438954,1.0,above,ff49,ew
rolling120,2002-04,2012-03,120,20.907509025844323,0.190352377276094,0.624080574903727,1.0,20000,0,20000,0.9998079639438954,1.0,above,ff49,ew
rolling120,2002-05,2012-04,120,18.484939925620615,0.18856952299160645,0.6960984727375659,0.9999,19998,0,20000,0.9996354263863794,0.9999725759647273,above,ff49,ew
rolling120,2002-06,2012-05,120,12.256393780760902,0.1870265427840081,0.6112763786362949,0.99965,19993,0,20000,0.9992776515467302,0.9998304468224045,above,ff49,ew
rolling120,2002-07,2012-06,120,13.282955135050154,0.18548541174873479,0.8018891601348197,0.9997,19994,0,20000,0.9993455788792479,0.9998625002862812,above,ff49,ew
rolling120,2002-08,2012-07,120,16.406443828299537,0.1837098469782672,0.9749065729663806,0.9997,19994,0,20000,0.9993455788792479,0.9998625002862812,above,ff49,ew
rolling120,2002-09,2012-08,120,12.989026688776715,0.18217317551724088,1.0123874111456908,0.999,19980,0,20000,0.9984558140624349,0.9993525339535727,above,ff49,ew
rolling120,2002-10,2012-09,120,13.905867267307407,0.18063849893628192,1.3023684033531002,0.99855,19971,0,20000,0.9979183363699895,0.9989901844784685,above,ff49,ew
rolling120,2002-11,2012-10,120,12.228321765833257,0.17910581464567144,1.0949036453921295,0.99775,19955,0,20000,0.99699090398009,0.9983179241260579,above,ff49,ew
rolling120,2002-12,2012-11,120,13.827624491847123,0.17781035280377155,0.9904349398479693,0.99925,19985,0,20000,0.9987628321888334,0.9995454198091459,above,ff49,ew
rolling120,2003-01,2012-12,120,16.63982025328559,0.17663383661877097,1.1347335618782832,0.9997,19994,0,20000,0.9993455788792479,0.9998625002862812,above,ff49,ew
rolling120,2003-02,2013-01,120,17.261058925826575,0.17545837824053034,1.3107128281297071,0.99965,19993,0,20000,0.9992776515467302,0.9998304468224045,above,ff49,ew
rolling120,2003-03,2013-02,120,18.317746583865475,0.1744014169652619,1.3829446617755492,0.9997,19994,0,20000,0.9993455788792479,0.9998625002862812,above,ff49,ew
rolling120,2003-04,2013-03,120,19.65235640836854,0.17322818877648527,1.4500599131448575,0.99975,19995,0,20000,0.9994148495964674,0.9998932103654561,above,ff49,ew
rolling120,2003-05,2013-04,120,16.939867206049257,0.17205613264384145,1.2980059547376412,0.99945,19989,0,20000,0.9990153237654903,0.9996928514180666,above,ff49,ew
rolling120,2003-06,2013-05,120,16.48197345259961,0.17100223063626907,1.2256925960715037,0.99985,19997,0,20000,0.9995590363727073,0.999948985182005,above,ff49,ew
rolling120,2003-07,2013-06,120,15.461452159681354,0.16983239823803076,1.1660601703296343,0.99975,19995,0,20000,0.9994148495964674,0.9998932103654561,above,ff49,ew
rolling120,2003-08,2013-07,120,16.056273774857672,0.1690140883761675,1.2348071972199803,0.99985,19997,0,20000,0.9995590363727073,0.999948985182005,above,ff49,ew
rolling120,2003-09,2013-08,120,16.01985838757912,0.16819635093051621,1.1232850802493353,0.99985,19997,0,20000,0.9995590363727073,0.999948985182005,above,ff49,ew
rolling120,2003-10,2013-09,120,18.380517698368465,0.16726254089779768,1.229191549751858,0.99995,19999,0,20000,0.9997168094297738,0.9999911737177268,above,ff49,ew
rolling120,2003-11,2013-10,120,15.468049804526085,0.1664460286777234,1.187610774730579,0.99985,19997,0,20000,0.9995590363727073,0.999948985182005,above,ff49,ew
rolling120,2003-12,2013-11,120,15.827895549300568,0.16563008761639186,1.2240637643706354,0.99985,19997,0,20000,0.9995590363727073,0.999948985182005,above,ff49,ew
rolling120,2004-01,2013-12,120,16.920056148572,0.1646983289532291,1.1908210751647497,0.9999,19998,0,20000,0.9996354263863794,0.9999725759647273,above,ff49,ew
rolling120,2004-02,2014-01,120,19.21605117130255,0.16388361042593091,1.0720855169920576,1.0,20000,0,20000,0.9998079639438954,1.0,above,ff49,ew
rolling120,2004-03,2014-02,120,22.108956522294537,0.16318569900652724,1.1374381057400837,1.0,20000,0,20000,0.9998079639438954,1.0,above,ff49,ew
rolling120,2004-04,2014-03,120,18.994473460509358,0.16213977321063777,1.1733614352483204,1.0,20000,0,20000,0.9998079639438954,1.0,above,ff49,ew
rolling120,2004-05,2014-04,120,18.025280393608277,0.161210804566984,1.2076415840692731,1.0,20000,0,20000,0.9998079639438954,1.0,above,ff49,ew
rolling120,2004-06,2014-05,120,17.414596764290266,0.16051449586946243,1.2253044612235193,1.0,20000,0,20000,0.9998079639438954,1.0,above,ff49,ew
rolling120,2004-07,2014-06,120,17.176296638228617,0.15958682640833555,1.2399316954923303,1.0,20000,0,20000,0.9998079639438954,1.0,above,ff49,ew
rolling120,2004-08,2014-07,120,15.31206108558979,0.15842839801032516,1.2844691672640391,0.9999,19998,0,20000,0.9996354263863794,0.9999725759647273,above,ff49,ew
rolling120,2004-09,2014-08,120,15.291451036594495,0.15715552693070123,1.3770519664164844,0.9998,19996,0,20000,0.9994858195143681,0.9999222212439498,above,ff49,ew
rolling120,2004-10,2014-09,120,12.24229245268407,0.15588405447078313,1.2912808454180724,0.9996,19992,0,20000,0.9992108209764861,0.9997972965962543,above,ff49,ew
rolling120,2004-11,2014-10,120,13.117755926970712,0.15461397909377972,1.3133970202285687,0.9996,19992,0,20000,0.9992108209764861,0.9997972965962543,above,ff49,ew
rolling120,2004-12,2014-11,120,15.356646675224287,0.1528846521156062,1.2665456476370083,1.0,20000,0,20000,0.9998079639438954,1.0,above,ff49,ew
rolling120,2005-01,2014-12,120,15.553300076789942,0.15104298334225819,1.1871137042027318,1.0,20000,0,20000,0.9998079639438954,1.0,above,ff49,ew
rolling120,2005-02,2015-01,120,16.486093410389127,0.14920425653180724,1.1756628471126653,1.0,20000,0,20000,0.9998079639438954,1.0,above,ff49,ew
rolling120,2005-03,2015-02,120,14.086009895099755,0.14736846698463157,1.2628684629955633,0.9999,19998,0,20000,0.9996354263863794,0.9999725759647273,above,ff49,ew
rolling120,2005-04,2015-03,120,15.733937135873557,0.1449640424953913,1.2771452356327617,1.0,20000,0,20000,0.9998079639438954,1.0,above,ff49,ew
rolling120,2005-05,2015-04,120,17.46079852424739,0.14256465671628704,1.3469061398801188,0.99995,19999,0,20000,0.9997168094297738,0.9999911737177268,above,ff49,ew
rolling120,2005-06,2015-05,120,15.309564033112991,0.13982906695559372,1.2899785869635902,0.99995,19999,0,20000,0.9997168094297738,0.9999911737177268,above,ff49,ew
rolling120,2005-07,2015-06,120,12.82319512617882,0.1372134759608834,1.2370508009540164,0.9999,19998,0,20000,0.9996354263863794,0.9999725759647273,above,ff49,ew
rolling120,2005-08,2015-07,120,12.64704162617635,0.1344906982849996,1.1814252098012625,0.9999,19998,0,20000,0.9996354263863794,0.9999725759647273,above,ff49,ew
rolling120,2005-09,2015-08,120,11.51251433785582,0.13109740606679887,1.0687219093554265,0.99985,19997,0,20000,0.9995590363727073,0.999948985182005,above,ff49,ew
rolling120,2005-10,2015-09,120,10.819596798837667,0.12782670861182477,0.9900952852328573,0.99985,19997,0,20000,0.9995590363727073,0.999948985182005,above,ff49,ew
rolling120,2005-11,2015-10,120,13.18635989361804,0.12478977621604148,1.182966171066277,0.99985,19997,0,20000,0.9995590363727073,0.999948985182005,above,ff49,ew
rolling120,2005-12,2015-11,120,11.84868824111808,0.1213137037344647,1.1125953408788996,0.99985,19997,0,20000,0.9995590363727073,0.999948985182005,above,ff49,ew
rolling120,2006-01,2015-12,120,11.008227451152484,0.11784871920338724,1.0657332140128797,0.99975,19995,0,20000,0.9994148495964674,0.9998932103654561,above,ff49,ew
rolling120,2006-02,2016-01,120,8.807724114499889,0.11406128956184114,0.883697717982145,0.99975,19995,0,20000,0.9994148495964674,0.9998932103654561,above,ff49,ew
rolling120,2006-03,2016-02,120,8.538952885798215,0.11050837335036223,0.8821913623500128,0.9997,19994,0,20000,0.9993455788792479,0.9998625002862812,above,ff49,ew
rolling120,2006-04,2016-03,120,8.561310478426961,0.1066359221132136,0.9770032406773443,0.99955,19991,0,20000,0.9991449078924859,0.99976322888386,above,ff49,ew
rolling120,2006-05,2016-04,120,11.28880663271067,0.10277658998149164,0.9738741426606428,0.99975,19995,0,20000,0.9994148495964674,0.9998932103654561,above,ff49,ew
rolling120,2006-06,2016-05,120,9.422323553509834,0.09816475917603262,1.0741266540871965,0.9995,19990,0,20000,0.9990797771249671,0.9997283788549844,above,ff49,ew
rolling120,2006-07,2016-06,120,8.898312558540043,0.09400835869309576,1.0728828000217754,0.9991,19982,0,20000,0.9985777005831638,0.9994306090256326,above,ff49,ew
rolling120,2006-08,2016-07,120,12.062402420602316,0.08986768960640878,1.1629719551366424,0.99965,19993,0,20000,0.9992776515467302,0.9998304468224045,above,ff49,ew
rolling120,2006-09,2016-08,120,13.171213464349458,0.08552645204573817,1.1220137746294205,0.99975,19995,0,20000,0.9994148495964674,0.9998932103654561,above,ff49,ew
rolling120,2006-10,2016-09,120,12.155123406646299,0.08131018557528868,1.0813375203675757,0.9997,19994,0,20000,0.9993455788792479,0.9998625002862812,above,ff49,ew
rolling120,2006-11,2016-10,120,11.360955796684971,0.07711029540125858,0.9684636724039966,0.9998,19996,0,20000,0.9994858195143681,0.9999222212439498,above,ff49,ew
rolling120,2006-12,2016-11,120,15.536155292404192,0.07271261345429059,1.0214726334215345,0.99995,19999,0,20000,0.9997168094297738,0.9999911737177268,above,ff49,ew
rolling120,2007-01,2016-12,120,13.165139453219204,0.06875938967960882,1.033252078890361,0.99985,19997,0,20000,0.9995590363727073,0.999948985182005,above,ff49,ew
year,1927-01,1927-12,12,0.5479809994478544,0.031340782429983394,0.32583722609273513,0.80765,16153,0,20000,0.8021286334540372,0.8130532067606415,above,ff49,vw
year,1928-01,1928-12,12,0.4566936932677521,0.035355979534331006,0.3907859670535341,0.7237,14474,0,20000,0.717460183405526,0.7298538996629728,above,ff49,vw
year,1929-01,1929-12,12,-0.32285966362820095,0.04739767766948333,-0.1485230019924365,0.2972,5944,0,20000,0.2909055017299399,0.3035723880944162,below,ff49,vw
year,1930-01,1930-12,12,-0.3122493739755474,0.024261799957746355,-0.2872601404747539,0.58315,11663,0,20000,0.5763016426794019,0.5899664217244678,above,ff49,vw
year,1931-01,1931-12,12,-0.42789605866018887,0.010852440211584602,-0.4376338865587708,0.60405,12081,0,20000,0.5972528250077269,0.6108072122889976,above,ff49,vw
year,1932-01,1932-12,12,-0.7852982206879956,0.009436727769233544,-0.08658574309335187,0.00295,59,0,20000,0.0022878591743635745,0.003803043869010034,below,ff49,vw
year,1933-01,1933-12,12,0.5919851460103527,0.003003642310775989,0.5679565173050356,0.4754,9508,0,20000,0.46848425995489756,0.48232518821906273,below,ff49,vw
year,1934-01,1934-12,12,0.3244092247669734,0.0018014106441925914,0.03263777211935448,0.75375,15075,0,20000,0.7477308130008689,0.759671728700658,above,ff49,vw
year,1935-01,1935-12,12,-0.7383848897564858,0.0014008903400870576,0.4500465652631145,0.0,0,0,20000,0.0,0.00019203605610462545,below,ff49,vw
year,1936-01,1936-12,12,0.6883170020171407,0.0018014506902155336,0.3215330595896724,0.8782,17564,0,20000,0.8735945620751949,0.8826601818519674,above,ff49,vw
year,1937-01,1937-12,12,-0.3805938549209935,0.0029037227913610852,-0.34728916228237705,0.5531,11062,0,20000,0.5462001257360075,0.5599794800348342,above,ff49,vw
year,1938-01,1938-12,12,-0.25127279398373825,-0.0004001399919975057,0.28167847492774056,0.001,20,0,20000,0.0006474660464272732,0.0015441859375651427,below,ff49,vw
year,1939-01,1939-12,12,-0.033903821063478,9.99699970003487e-05,0.025054688210840448,0.54035,10807,0,20000,0.5334359921663873,0.547248510523885,above,ff49,vw
year,1940-01,1940-12,12,-0.5184890085365148,-0.00020000999799996144,-0.07206559093168252,0.00065,13,0,20000,0.0003799180580200703,0.0011118683512116193,below,ff49,vw
year,1941-01,1941-12,12,0.17349604587806855,0.00039999998799933323,-0.10550183945566882,0.96315,19263,0,20000,0.9604488431235122,0.965673273877718,above,ff49,vw
year,1942-01,1942-12,12,0.19779661943641202,0.0028035526933587462,0.1649378017045231,0.40005,8001,0,20000,0.3932801630158564,0.406858224991759,below,ff49,vw
year,1943-01,1943-12,12,0.7295832577403882,0.0035056154485657576,0.28319964874993064,0.89885,17977,0,20000,0.8945942281708505,0.9029525846671949,above,ff49,vw
year,1944-01,1944-12,12,0.44644788963149185,0.003304984546793177,0.21344771087952652,0.85795,17159,0,20000,0.8530430270868614,0.8627194943005732,above,ff49,vw
year,1945-01,1945-12,12,1.1785970911837942,0.003204684138460978,0.38735699571189386,0.99175,19835,0,20000,0.9903985281879398,0.9929126043508812,above,ff49,vw
year,1946-01,1946-12,12,-0.1448489008324696,0.003605945944011646,-0.06396093599835928,0.24225,4845,0,20000,0.2363620284203929,0.24823696616652902,below,ff49,vw
year,1947-01,1947-12,12,0.2421009640480416,0.005011295205622046,0.03433766682547601,0.97665,19533,0,20000,0.9744637779697656,0.97865315405795,above,ff49,vw
year,1948-01,1948-12,12,-0.16629277312649915,0.008129886047645751,0.018551882838878653,0.0714,1428,0,20000,0.06791311113385133,0.07505150217344157,below,ff49,vw
year,1949-01,1949-12,12,0.2585564839968584,0.011156624285102223,0.20198664134954614,0.5583,11166,0,20000,0.551407203471147,0.5651704051247113,above,ff49,vw
year,1950-01,1950-12,12,0.06855682059941115,0.012167285608503553,0.30066784084275433,0.1317,2634,0,20000,0.12708401090649366,0.13645744285243303,below,ff49,vw
year,1951-01,1951-12,12,-0.008762305492642897,0.014900682357238404,0.20694463164474208,0.0735,1470,0,20000,0.06996473162324032,0.07719907513261692,below,ff49,vw
year,1952-01,1952-12,12,0.09798140309952652,0.016523610223636576,0.13474905746088828,0.50985,10197,0,20000,0.5029205990954575,0.5167756177942373,above,ff49,vw
year,1953-01,1953-12,12,-0.026367805536775757,0.01825047080823472,0.007186150650095424,0.3243,6486,0,20000,0.3178466839822812,0.3308207974878339,below,ff49,vw
year,1954-01,1954-12,12,0.4781983598929671,0.00863377969622614,0.5030563197321551,0.4353,8706,0,20000,0.42844181426606337,0.4421830351995966,below,ff49,vw
year,1955-01,1955-12,12,-0.08103857924539992,0.015711204189441386,0.25355601474255596,0.0187,374,0,20000,0.01691294194389044,0.020671911963715872,below,ff49,vw
year,1956-01,1956-12,12,0.36013912382571633,0.02467423803643598,0.0833752446150553,0.97215,19443,0,20000,0.9697773403221555,0.9743413200300648,above,ff49,vw
year,1957-01,1957-12,12,0.03015312446564211,0.031546885166551686,-0.10004075784085131,0.81225,16245,0,20000,0.8067780978887158,0.817601975594247,above,ff49,vw
year,1958-01,1958-12,12,0.4914402973430174,0.015303139073847838,0.44980999895087215,0.44135,8827,0,20000,0.43448023312745643,0.4482422927019247,below,ff49,vw
year,1959-01,1959-12,12,0.4253133275075345,0.02969530696561873,0.12760655494675488,0.9298,18596,0,20000,0.9261760815137149,0.9332588442924575,above,ff49,vw
year,1960-01,1960-12,12,0.24760992018902517,0.026718544210524664,0.012009681750979384,0.916,18320,0,20000,0.912075323769301,0.9197649022320199,above,ff49,vw
year,1961-01,1961-12,12,0.04333119389493767,0.021203049199982615,0.26938753950174754,0.0703,1406,0,20000,0.06683880734159021,0.0739262284450261,below,ff49,vw
year,1962-01,1962-12,12,-0.21643560345236734,0.027336311308160388,-0.1018704309519155,0.30705,6141,0,20000,0.3006947969682864,0.31347930974576443,below,ff49,vw
year,1963-01,1963-12,12,0.04047171080338896,0.0311354082386468,0.20958714314537952,0.1202,2404,0,20000,0.11576588427588601,0.12477998631233107,below,ff49,vw
year,1964-01,1964-12,12,0.14806840881592187,0.03525706968952491,0.16073359896318462,0.5085,10170,0,20000,0.5015705150618971,0.5154262203251491,above,ff49,vw
year,1965-01,1965-12,12,0.3885154837237039,0.03918636823954258,0.1443528724471268,0.7621,15242,0,20000,0.7561488742032699,0.7679504604961199,above,ff49,vw
year,1966-01,1966-12,12,-0.1951336923432534,0.04750339219432975,-0.08806073452750662,0.20705,4141,0,20000,0.2014909473836519,0.2127215665416198,below,ff49,vw
year,1967-01,1967-12,12,1.0909952764570177,0.042089732130200286,0.28695714774520886,0.98805,19761,0,20000,0.9864475715038155,0.9894649821018207,above,ff49,vw
year,1968-01,1968-12,12,0.12072505596989003,0.052208763937099834,0.14135085333978759,0.2997,5994,0,20000,0.29338976497761865,0.30608716466645697,below,ff49,vw
year,1969-01,1969-12,12,-0.03017190979199913,0.06569703672500249,-0.10954186503304186,0.8472,16944,0,20000,0.8421469508669833,0.8521196992956576,above,ff49,vw
year,1970-01,1970-12,12,0.12037394097652743,0.06516705987919003,0.00089937643527227,0.8805,17610,0,20000,0.8759312295568271,0.8849226310044771,above,ff49,vw
year,1971-01,1971-12,12,-0.13270194677326141,0.04385608936775598,0.1616277679367737,0.01415,283,0,20000,0.012603921177120551,0.01588268025859631,below,ff49,vw
year,1972-01,1972-12,12,0.01845636023252273,0.03835711405871445,0.16916061329614052,0.32295,6459,0,20000,0.3165039943583449,0.32946400560912176,below,ff49,vw
year,1973-01,1973-12,12,-0.1533145877622487,0.06940964906929548,-0.19312021529983903,0.74335,14867,0,20000,0.7372502545639171,0.7493562814875766,above,ff49,vw
year,1974-01,1974-12,12,-0.3114508645830353,0.08009299500444977,-0.27804949151668024,0.44235,8847,0,20000,0.4354784187417591,0.44924372301550985,below,ff49,vw
year,1975-01,1975-12,12,0.5104837444770596,0.05798431629002354,0.3832883780080145,0.59845,11969,0,20000,0.5916378561837792,0.6052243319167738,above,ff49,vw
year,1976-01,1976-12,12,0.04554605251831423,0.05084710391799252,0.2698032315995835,0.06905,1381,0,20000,0.06561831212738652,0.07264720374937007,below,ff49,vw
year,1977-01,1977-12,12,-0.04287854819780368,0.05126495522821517,-0.031175019766812806,0.32925,6585,0,20000,0.3227704042662542,0.3357951760469055,below,ff49,vw
year,1978-01,1978-12,12,0.1676560935877467,0.07196501341871309,0.08245940100341231,0.61575,12315,0,20000,0.6089871044236511,0.6224684392293608,above,ff49,vw
year,1979-01,1979-12,12,0.09052508688495764,0.1038334430458423,0.23466553545879343,0.05715,1143,0,20000,0.05401714328350703,0.060452943051384836,below,ff49,vw
year,1980-01,1980-12,12,0.5897720842699119,0.11258733475368765,0.33252237086475556,0.8704,17408,0,20000,0.8656740375120668,0.8749837021775708,above,ff49,vw
year,1981-01,1981-12,12,-0.2550149071836556,0.1471747478188743,-0.03259492110308704,0.02295,459,0,20000,0.020964479568422456,0.02511874203270697,below,ff49,vw
year,1982-01,1982-12,12,0.21280313831039188,0.10534507994232367,0.21455435824057512,0.41925,8385,0,20000,0.41242759265465523,0.4261034211684057,below,ff49,vw
year,1983-01,1983-12,12,-0.09532887259627587,0.087957322322191,0.22550771908568645,0.02865,573,0,20000,0.026426991033456866,0.031054041356632957,below,ff49,vw
year,1984-01,1984-12,12,0.2053563466820738,0.09837053073148505,0.03850526910283558,0.9494,18988,0,20000,0.9462751482126229,0.9523522497801503,above,ff49,vw
year,1985-01,1985-12,12,0.18211777535636342,0.0772029093125699,0.3262386133802917,0.20865,4173,0,20000,0.20307468005595938,0.21433721935393277,below,ff49,vw
year,1986-01,1986-12,12,0.3114199396174384,0.06157040643142686,0.16417506145248417,0.85205,17041,0,20000,0.8470617444614572,0.8569030429514395,above,ff49,vw
year,1987-01,1987-12,12,-0.12043670117757233,0.05472425335115183,0.016447656023945934,0.1538,3076,0,20000,0.1488667768877063,0.15886618887754048,below,ff49,vw
year,1988-01,1988-12,12,0.2853216069969611,0.06357536181976098,0.17992730438092464,0.80135,16027,0,20000,0.7957628244871455,0.8068214353818401,above,ff49,vw
year,1989-01,1989-12,12,0.32454387347497904,0.08375046134037079,0.2885742032222962,0.7056,14112,0,20000,0.6992444309686532,0.7118766038050766,above,ff49,vw
year,1990-01,1990-12,12,0.19698803634511863,0.07838118061963528,-0.06023993422837459,0.97675,19535,0,20000,0.9745681327667631,0.9787487608537412,above,ff49,vw
year,1991-01,1991-12,12,0.7894161061912037,0.05598602000744668,0.34816431124513314,0.98505,19701,0,20000,0.9832726038556724,0.9866411019663005,above,ff49,vw
year,1992-01,1992-12,12,0.20911878703445463,0.03504994804571826,0.0977917454354833,0.77745,15549,0,20000,0.771632241753216,0.7831611974392514,above,ff49,vw
year,1993-01,1993-12,12,0.09622300586004195,0.028977781780637812,0.11160181432651584,0.40955,8191,0,20000,0.4027528095236726,0.41638192979887684,below,ff49,vw
year,1994-01,1994-12,12,0.10127291402053062,0.03908056138318705,-0.0014820664936643357,0.865,17300,0,20000,0.8601938828211321,0.8696659308579114,above,ff49,vw
year,1995-01,1995-12,12,0.47280440255911693,0.05598649105331033,0.36851773687640366,0.8613,17226,0,20000,0.8564404310702385,0.8660208036756203,above,ff49,vw
year,1996-01,1996-12,12,0.17622323680218188,0.05199928578383717,0.21206785537948347,0.41065,8213,0,20000,0.40384981264290465,0.41748450420032124,below,ff49,vw
year,1997-01,1997-12,12,-0.06942448921086664,0.05252282460020541,0.31247057540483114,0.03105,621,0,20000,0.02873470979094758,0.03354540082607294,below,ff49,vw
year,1998-01,1998-12,12,-0.14041032283401922,0.04854677372757088,0.24260682903123243,0.1199,2398,0,20000,0.11547080023599245,0.1244751855738583,below,ff49,vw
year,1999-01,1999-12,12,0.13259945091372338,0.046877487656105554,0.2524240515544398,0.6372,12744,0,20000,0.6305107064418157,0.6438365988643892,above,ff49,vw
year,2000-01,2000-12,12,0.10837800456622637,0.058827813659585004,-0.11592112460980486,0.5974,11948,0,20000,0.5905851523772696,0.6041774389990013,above,ff49,vw
year,2001-01,2001-12,12,0.041994955460077144,0.03824800864936062,-0.11201399904333464,0.59585,11917,0,20000,0.5890312202031068,0.6026319664849379,above,ff49,vw
year,2002-01,2002-12,12,-0.0802761299414072,0.01632075190748239,-0.21138775004858779,0.6125,12250,0,20000,0.6057271720230698,0.6192296198643067,above,ff49,vw
year,2003-01,2003-12,12,-0.06928846359122887,0.010247724555652926,0.3169291440246156,0.00905,181,0,20000,0.007828572378788319,0.010459987824700815,below,ff49,vw
year,2004-01,2004-12,12,0.23086500884804195,0.011863454109524163,0.11931461886375816,0.6898,13796,0,20000,0.6833532139719439,0.6961738891411587,above,ff49,vw
year,2005-01,2005-12,12,0.5284685542745027,0.02979774263278001,0.061007835307562264,0.99695,19939,0,20000,0.9960844826976206,0.997624652666217,above,ff49,vw
year,2006-01,2006-12,12,-0.20807614414082276,0.04812968129714923,0.15398439680005582,0.003,60,0,20000,0.002331577400561313,0.0038593064392066848,below,ff49,vw
year,2007-01,2007-12,12,0.7364869583399847,0.046667720112056,0.057378903196549036,0.99985,19997,0,20000,0.9995590363727073,0.999948985182005,above,ff49,vw
year,2008-01,2008-12,12,-0.43577136826130025,0.015912653124452003,-0.36656078451194607,0.4044,8088,0,20000,0.39761730987369676,0.4112194074202304,below,ff49,vw
year,2009-01,2009-12,12,0.02085722237642318,0.0009003500770106143,0.28627882661901216,0.0889,1778,0,20000,0.08503426142396359,0.09292363062136566,below,ff49,vw
year,2010-01,2010-12,12,0.053449264934847696,0.0010004501200209237,0.17411855921775898,0.16165,3233,0,20000,0.15661313167600624,0.16681681912315968,below,ff49,vw
year,2011-01,2011-12,12,-0.14283713321167602,0.00040006000400016895,0.005010313959058266,0.1799,3598,0,20000,0.17463831300341537,0.18528462847970278,below,ff49,vw
year,2012-01,2012-12,12,-0.001318072815917004,0.0006001500200014664,0.16347588259673151,0.1219,2438,0,20000,0.11743819747276833,0.12650702019285798,below,ff49,vw
year,2013-01,2013-12,12,0.5368000576203238,0.0,0.35152984651126506,0.8917,17834,0,20000,0.8873177162981425,0.8959318426555052,above,ff49,vw
year,2014-01,2014-12,12,0.04925855786573918,0.0,0.11742048220313417,0.41615,8323,0,20000,0.40933535542052507,0.42299684902608375,below,ff49,vw
year,2015-01,2015-12,12,-0.24109358911786005,9.999999999998899e-05,0.002123996347826118,0.1255,2510,0,20000,0.12098050363844744,0.13016333136757488,below,ff49,vw
year,2016-01,2016-12,12,0.17424337860670525,0.002102001142436638,0.135839399727115,0.5215,10430,0,20000,0.5145734249515456,0.5284183174980418,above,ff49,vw
decade,1926-10,1936-12,123,-0.8857398676064254,0.18905294730176037,0.8318867372457466,0.0031,62,0,20000,0.0024191677309758014,0.0039716777015809755,below,ff49,vw
decade,1937-01,1946-12,120,0.4133653812165483,0.019382264221265322,0.6766558202743984,0.29205,5841,0,20000,0.2857886360410027,0.29839123175473115,below,ff49,vw
decade,1947-01,1956-12,120,1.7266026040590856,0.1435189441161644,3.637739702560717,0.19045,3809,0,20000,0.1850678069666715,0.19595108255566288,below,ff49,vw
decade,1957-01,1966-12,120,1.9817156696937288,0.3498402266913929,1.4871673872372133,0.56625,11325,0,20000,0.5593695037628782,0.5731050514596879,above,ff49,vw
decade,1967-01,1976-12,120,1.0707941261969478,0.7324866552416902,0.8192557564736382,0.67965,13593,0,20000,0.6731492491787617,0.6860817522662798,above,ff49,vw
decade,1977-01,1986-12,120,1.9593691469412122,1.398087202464629,2.983554967787672,0.18855,3771,0,20000,0.1831890272086521,0.19403059205069545,below,ff49,vw
decade,1987-01,1996-12,120,7.110433644134149,0.7019911521313602,2.9574182864500242,0.982,19640,0,20000,0.9800627172499653,0.9837521599919498,above,ff49,vw
decade,1997-01,2006-12,120,0.33442935694611253,0.42425967867422365,1.2822776380352723,0.1795,3590,0,20000,0.17424301294241334,0.18488008216954965,below,ff49,vw
decade,2007-01,2016-12,120,0.29611055007658904,0.06875938967960882,1.033252078890361,0.2241,4482,0,20000,0.2183742388482208,0.22993172664753767,below,ff49,vw
full,1926-10,2016-12,1083,111.86389146305694,19.13841505312512,4714.09179101641,0.0222,444,0,20000,0.020247989590594172,0.024335520064619406,below,ff49,vw
rolling120,1926-10,1936-09,120,-0.9041753964793982,0.18869631463344416,0.6526700463661657,0.0027,54,0,20000,0.002070090977540913,0.003520908083860748,below,ff49,vw
rolling120,1926-11,1936-10,120,-0.891289047121071,0.1851416007738944,0.8241526570504241,0.003,60,0,20000,0.002331577400561313,0.0038593064392066848,below,ff49,vw
rolling120,1926-12,1936-11,120,-0.8771559247399381,0.18159716372641976,0.8316017977014809,0.0037,74,0,20000,0.0029485560833589245,0.004642058905930527,below,ff49,vw
rolling120,1927-01,1936-12,120,-0.8798753446329404,0.17829792952375323,0.7835422753128123,0.00345,69,0,20000,0.002727228767461244,0.00436348223985626,below,ff49,vw
rolling120,1927-02,1937-01,120,-0.8609506644183959,0.17547706665008045,0.8397897163306614,0.00485,97,0,20000,0.003977667831991201,0.005912505474369211,below,ff49,vw
rolling120,1927-03,1937-02,120,-0.8741814994865693,0.17266323764553215,0.7811236265539583,0.00375,75,0,20000,0.0029929385837864702,0.00469765720189737,below,ff49,vw
rolling120,1927-04,1937-03,120,-0.8874992316697062,0.16927268591156208,0.7688877115567239,0.00275,55,0,20000,0.00211353008837781,0.00357744976941824,below,ff49,vw
rolling120,1927-05,1937-04,120,-0.907455167454738,0.16670670096492324,0.6275101690822238,0.0021,42,0,20000,0.001554076741242182,0.0028371527634268043,below,ff49,vw
rolling120,1927-06,1937-05,120,-0.9143169412688787,0.1639149800453661,0.5271662796976744,0.00175,35,0,20000,0.0012586299858426053,0.0024327339440656536,below,ff49,vw
rolling120,1927-07,1937-06,120,-0.9141555155756818,0.16124491775322136,0.4947132161323786,0.00215,43,0,20000,0.0015966597146406664,0.002894550586422709,below,ff49,vw
rolling120,1927-08,1937-07,120,-0.9078597824554865,0.15811893442527136,0.5138904589574314,0.0026,52,0,20000,0.0019833955632634933,0.0034076419053493882,below,ff49,vw
rolling120,1927-09,1937-08,120,-0.9269481418025429,0.1551162327604274,0.40834593004018815,0.0014,28,0,20000,0.0009688317334873484,0.002022666621660184,below,ff49,vw
rolling120,1927-10,1937-09,120,-0.9482582971220221,0.1531566502879269,0.1593565943424753,0.00105,21,0,20000,0.0006868970946874327,0.0016047356856993729,below,ff49,vw
rolling120,1927-11,1937-10,120,-0.9391795827563869,0.15051100410771512,0.09254498568559866,0.00245,49,0,20000,0.0018538359138366108,0.0032372591655931023,below,ff49,vw
rolling120,1927-12,1937-11,120,-0.9534665997874844,0.148329614118887,-0.06141244507155874,0.0015,30,0,20000,0.0010509490721859376,0.0021405108757503737,below,ff49,vw
rolling120,1928-01,1937-12,120,-0.9519335510342865,0.14580883468258543,-0.1219605621913682,0.0024,48,0,20000,0.0018107859576445631,0.00318032832539076,below,ff49,vw
rolling120,1928-02,1938-01,120,-0.9586140220203496,0.14295145604247916,-0.11491369671938889,0.00165,33,0,20000,0.0011751791373693689,0.0023162231997501115,below,ff49,vw
rolling120,1928-03,1938-02,120,-0.9515006636406137,0.13919212203974807,-0.05021912811990381,0.0021,42,0,20000,0.001554076741242182,0.0028371527634268043,below,ff49,vw
rolling120,1928-04,1938-03,120,-0.9700448703572163,0.13578442798638357,-0.3375565756083817,0.0015,30,0,20000,0.0010509490721859376,0.0021405108757503737,below,ff49,vw
rolling120,1928-05,1938-04,120,-0.9668534889520054,0.13340451649289786,-0.2740198367129666,0.0015,30,0,20000,0.0010509490721859376,0.0021405108757503737,below,ff49,vw
rolling120,1928-06,1938-05,120,-0.973671915398815,0.12978919108143727,-0.31465305480739014,0.0008,16,0,20000,0.0004925085701393533,0.0012992202282755049,below,ff49,vw
rolling120,1928-07,1938-06,120,-0.9678314989415938,0.12629766830967726,-0.11007616560200773,0.0006,12,0,20000,0.00034327006692676633,0.0010485355459105335,below,ff49,vw
rolling120,1928-08,1938-07,120,-0.9668073738368349,0.12259274176918478,-0.05392148679947961,0.00055,11,0,20000,0.0003071485819332705,0.0009846762345096399,below,ff49,vw
rolling120,1928-09,1938-08,120,-0.9698499828013625,0.1190119036774171,-0.13959105780137704,0.0005,10,0,20000,0.00027162114501557615,0.0009202228750329447,below,ff49,vw
rolling120,1928-10,1938-09,120,-0.9716761194995583,0.11622190690949696,-0.15869457222482908,0.00045,9,0,20000,0.00023677111614002114,0.00085509210751411,below,ff49,vw
rolling120,1928-11,1938-10,120,-0.966097461167144,0.11177525057283932,-0.10832542107313037,0.00065,13,0,20000,0.0003799180580200703,0.0011118683512116193,below,ff49,vw
rolling120,1928-12,1938-11,120,-0.976107114509286,0.10690195798216329,-0.2195860637199768,0.0003,6,0,20000,0.00013749971371878445,0.0006544211207521781,below,ff49,vw
rolling120,1929-01,1938-12,120,-0.9752942858175696,0.10623821505313136,-0.19084296632562991,0.00035,7,0,20000,0.00016955317759555281,0.0007223484532697993,below,ff49,vw
rolling120,1929-02,1939-01,120,-0.9789860559274098,0.10237950092846937,-0.27545767327557835,0.00025,5,0,20000,0.00010678963454394949,0.0005851504035326235,below,ff49,vw
rolling120,1929-03,1939-02,120,-0.9779006780092351,0.09853501283236565,-0.25010376262235423,0.0003,6,0,20000,0.00013749971371878445,0.0006544211207521781,below,ff49,vw
rolling120,1929-04,1939-03,120,-0.9778434969856613,0.09470316855798533,-0.3370100207082348,0.00045,9,0,20000,0.00023677111614002114,0.00085509210751411,below,ff49,vw
rolling120,1929-05,1939-04,120,-0.9779964002051952,0.09077637361297852,-0.35009663426393,0.00035,7,0,20000,0.00016955317759555281,0.0007223484532697993,below,ff49,vw
rolling120,1929-06,1939-05,120,-0.9750514620997807,0.0861065822882714,-0.26193198460634715,0.0003,6,0,20000,0.00013749971371878445,0.0006544211207521781,below,ff49,vw
rolling120,1929-07,1939-06,120,-0.9791371956274731,0.08059609326154016,-0.3659927445339226,0.0003,6,0,20000,0.00013749971371878445,0.0006544211207521781,below,ff49,vw
rolling120,1929-08,1939-07,120,-0.9764254323770732,0.07704185513957973,-0.33326705755680697,0.00035,7,0,20000,0.00016955317759555281,0.0007223484532697993,below,ff49,vw
rolling120,1929-09,1939-08,120,-0.9773899546374003,0.07264357664747578,-0.42682097973673905,0.00045,9,0,20000,0.00023677111614002114,0.00085509210751411,below,ff49,vw
rolling120,1929-10,1939-09,120,-0.9730375464474015,0.06900930842565067,-0.293944916029766,0.0005,10,0,20000,0.00027162114501557615,0.0009202228750329447,below,ff49,vw
rolling120,1929-11,1939-10,120,-0.9666727002199127,0.06411438226722144,-0.12636771734644647,0.00045,9,0,20000,0.00023677111614002114,0.00085509210751411,below,ff49,vw
rolling120,1929-12,1939-11,120,-0.9691264123606306,0.06019167307683726,-0.03800605218662989,0.0002,4,0,20000,7.777875605022847e-05,0.0005141804856319552,below,ff49,vw
rolling120,1930-01,1939-12,120,-0.9647516256416919,0.05628342440653311,-0.025892404835905714,0.0003,6,0,20000,0.00013749971371878445,0.0006544211207521781,below,ff49,vw
rolling120,1930-02,1940-01,120,-0.9625270771901656,0.05480669503348623,-0.10105758664714926,0.00065,13,0,20000,0.0003799180580200703,0.0011118683512116193,below,ff49,vw
rolling120,1930-03,1940-02,120,-0.9599351729455131,0.05165173981404414,-0.11295021001446326,0.00095,19,0,20000,0.0006082908511753941,0.0014833803364226327,below,ff49,vw
rolling120,1930-04,1940-03,120,-0.9652990432342285,0.04798379652620244,-0.15745131172725224,0.00055,11,0,20000,0.0003071485819332705,0.0009846762345096399,below,ff49,vw
rolling120,1930-05,1940-04,120,-0.9682837190997156,0.045787642477000734,-0.13976946272723334,0.0003,6,0,20000,0.00013749971371878445,0.0006544211207521781,below,ff49,vw
rolling120,1930-06,1940-05,120,-0.9778660848185249,0.042867030668766404,-0.3196675730575015,0.00015,3,0,20000,5.101481799495061e-05,0.0004409636272928435,below,ff49,vw
rolling120,1930-07,1940-06,120,-0.9741718477295171,0.04005887171513556,-0.13784693395302106,0.0001,2,0,20000,2.7424035272726892e-05,0.0003645736136206777,below,ff49,vw
rolling120,1930-08,1940-07,120,-0.974739145530202,0.03808670419391924,-0.1472684686088258,0.0001,2,0,20000,2.7424035272726892e-05,0.0003645736136206777,below,ff49,vw
rolling120,1930-09,1940-08,120,-0.9739872722264296,0.03704955092766493,-0.131893988363602,0.0001,2,0,20000,2.7424035272726892e-05,0.0003645736136206777,below,ff49,vw
rolling120,1930-10,1940-09,120,-0.9707546838262957,0.03477305021718724,0.016878784251810997,0.0001,2,0,20000,2.7424035272726892e-05,0.0003645736136206777,below,ff49,vw
rolling120,1930-11,1940-10,120,-0.9678281245697176,0.033842591884491124,0.14739920207495438,0.0001,2,0,20000,2.7424035272726892e-05,0.0003645736136206777,below,ff49,vw
rolling120,1930-12,1940-11,120,-0.9779358231185594,0.03250034144061842,0.1622897468747735,5e-05,1,0,20000,8.82628227297485e-06,0.0002831905702260401,below,ff49,vw
rolling120,1931-01,1940-12,120,-0.9753217532016589,0.031056861834050764,0.268215806380808,5e-05,1,0,20000,8.82628227297485e-06,0.0002831905702260401,below,ff49,vw
rolling120,1931-02,1941-01,120,-0.9769144293773002,0.029409641685339327,0.14199019181715422,5e-05,1,0,20000,8.82628227297485e-06,0.0002831905702260401,below,ff49,vw
rolling120,1931-03,1941-02,120,-0.9822831667314165,0.02889514266410509,0.014736326230605057,5e-05,1,0,20000,8.82628227297485e-06,0.0002831905702260401,below,ff49,vw
rolling120,1931-04,1941-03,120,-0.9735200702187276,0.02766207148544053,0.09123649499207209,0.0001,2,0,20000,2.7424035272726892e-05,0.0003645736136206777,below,ff49,vw
rolling120,1931-05,1941-04,120,-0.9770492316627635,0.026737914946334707,0.1451441593206102,5e-05,1,0,20000,8.82628227297485e-06,0.0002831905702260401,below,ff49,vw
rolling120,1931-06,1941-05,120,-0.9712440854142996,0.025814681732775346,0.3373647860637128,5e-05,1,0,20000,8.82628227297485e-06,0.0002831905702260401,below,ff49,vw
rolling120,1931-07,1941-06,120,-0.9766025654334822,0.02499468598398802,0.24141141399107724,5e-05,1,0,20000,8.82628227297485e-06,0.0002831905702260401,below,ff49,vw
rolling120,1931-08,1941-07,120,-0.9702143942509338,0.024687371966603422,0.4071012388061124,5e-05,1,0,20000,8.82628227297485e-06,0.0002831905702260401,below,ff49,vw
rolling120,1931-09,1941-08,120,-0.9712154677341224,0.024482495955013395,0.3988348868107363,0.0,0,0,20000,0.0,0.00019203605610462545,below,ff49,vw
rolling120,1931-10,1941-09,120,-0.9619594891708488,0.024277660906337095,0.9451045354123759,0.0,0,0,20000,0.0,0.00019203605610462545,below,ff49,vw
rolling120,1931-11,1941-10,120,-0.9616240555677208,0.023254406499837232,0.7048681995093764,0.0,0,0,20000,0.0,0.00019203605610462545,below,ff49,vw
rolling120,1931-12,1941-11,120,-0.9561086411227862,0.02151782619530529,0.8363432600449783,0.0,0,0,20000,0.0,0.00019203605610462545,below,ff49,vw
rolling120,1932-01,1941-12,120,-0.9493801336707535,0.020395503373876078,1.017220950670656,0.0,0,0,20000,0.0,0.00019203605610462545,below,ff49,vw
rolling120,1932-02,1942-01,120,-0.9528291092612181,0.018257590017510594,1.0611802557987922,0.0,0,0,20000,0.0,0.00019203605610462545,below,ff49,vw
rolling120,1932-03,1942-02,120,-0.9599634456976447,0.016022563879589224,0.9026129253706676,0.0,0,0,20000,0.0,0.00019203605610462545,below,ff49,vw
rolling120,1932-04,1942-03,120,-0.9571421908193761,0.014500964592629062,1.000034586527955,0.0,0,0,20000,0.0,0.00019203605610462545,below,ff49,vw
rolling120,1932-05,1942-04,120,-0.9278575706634183,0.013487578352900265,1.3278971383173128,0.0,0,0,20000,0.0,0.00019203605610462545,below,ff49,vw
rolling120,1932-06,1942-05,120,-0.859331175554085,0.013183714397767332,2.1016193298586043,5e-05,1,0,20000,8.82628227297485e-06,0.0002831905702260401,below,ff49,vw
rolling120,1932-07,1942-06,120,-0.849408232578852,0.013183714397767332,2.2094338053045712,0.0,0,0,20000,0.0,0.00019203605610462545,below,ff49,vw
rolling120,1932-08,1942-07,120,-0.7989885838663284,0.013285012509584693,1.4867527965369698,0.00055,11,0,20000,0.0003071485819332705,0.0009846762345096399,below,ff49,vw
rolling120,1932-09,1942-08,120,-0.8219020686792468,0.013285012509584693,0.8463436913697386,0.00115,23,0,20000,0.0007664595208507283,0.0017251348523248562,below,ff49,vw
rolling120,1932-10,1942-09,120,-0.8095430942740978,0.013285012509584693,0.9520772470810968,0.0011,22,0,20000,0.0007265667231905742,0.001665046853590621,below,ff49,vw
rolling120,1932-11,1942-10,120,-0.7919067848038792,0.013386320749187774,1.4010527667850257,0.0004,8,0,20000,0.00020270340374573274,0.0007891790235140091,below,ff49,vw
rolling120,1932-12,1942-11,120,-0.7917819288747616,0.0134876391175891,1.5545936384234986,0.00035,7,0,20000,0.00016955317759555281,0.0007223484532697993,below,ff49,vw
rolling120,1933-01,1942-12,120,-0.7175975673802697,0.013690316377686695,1.5726957095949374,0.0011,22,0,20000,0.0007265667231905742,0.001665046853590621,below,ff49,vw
rolling120,1933-02,1943-01,120,-0.7115182684607733,0.013893034169182972,1.7228649110142573,0.0008,16,0,20000,0.0004925085701393533,0.0012992202282755049,below,ff49,vw
rolling120,1933-03,1943-02,120,-0.605096850009234,0.01450155254519725,2.414513756502172,0.001,20,0,20000,0.0006474660464272732,0.0015441859375651427,below,ff49,vw
rolling120,1933-04,1943-03,120,-0.7212466485546407,0.014400142953779449,2.512544413332884,0.00015,3,0,20000,5.101481799495061e-05,0.0004409636272928435,below,ff49,vw
rolling120,1933-05,1943-04,120,-0.8062171737989215,0.013690772224441039,1.5498882631955082,5e-05,1,0,20000,8.82628227297485e-06,0.0002831905702260401,below,ff49,vw
rolling120,1933-06,1943-05,120,-0.8035933914107602,0.013488115132832768,1.2203151526976939,0.0003,6,0,20000,0.00013749971371878445,0.0006544211207521781,below,ff49,vw
rolling120,1933-07,1943-06,120,-0.8286730876033362,0.013589443678637014,0.9991080118658076,0.00025,5,0,20000,0.00010678963454394949,0.0005851504035326235,below,ff49,vw
rolling120,1933-08,1943-07,120,-0.8372546297039726,0.013690782355269437,1.1068271534655691,5e-05,1,0,20000,8.82628227297485e-06,0.0002831905702260401,below,ff49,vw
rolling120,1933-09,1943-08,120,-0.7722431635404463,0.013690782355269437,0.9049236678920867,0.00085,17,0,20000,0.0005307884848425495,0.001360921109966698,below,ff49,vw
rolling120,1933-10,1943-09,120,-0.7680845461443695,0.013792131163743448,1.1832978773882337,0.00035,7,0,20000,0.00016955317759555281,0.0007223484532697993,below,ff49,vw
rolling120,1933-11,1943-10,120,-0.7450630459308383,0.013994869316160896,1.355531850694474,0.00035,7,0,20000,0.00016955317759555281,0.0007223484532697993,below,ff49,vw
rolling120,1933-12,1943-11,120,-0.73039476304398,0.014096248527250221,1.0152336316969723,0.00105,21,0,20000,0.0006868970946874327,0.0016047356856993729,below,ff49,vw
rolling120,1934-01,1943-12,120,-0.6931890221285599,0.01419763787423367,1.105467973414747,0.0009,18,0,20000,0.0005693909743673827,0.001422299416836254,below,ff49,vw
rolling120,1934-02,1944-01,120,-0.7794857386830668,0.013994899715737974,0.9021169609801938,0.00055,11,0,20000,0.0003071485819332705,0.0009846762345096399,below,ff49,vw
rolling120,1934-03,1944-02,120,-0.7522339762300672,0.014096278929866868,0.9584918765502148,0.00075,15,0,20000,0.00045458019085395206,0.0012371678111665165,below,ff49,vw
rolling120,1934-04,1944-03,120,-0.7522852788543077,0.014096278929866868,1.0048571322431927,0.00065,13,0,20000,0.0003799180580200703,0.0011118683512116193,below,ff49,vw
rolling120,1934-05,1944-04,120,-0.75912464136881,0.014299077905755242,1.0073065606271183,0.00065,13,0,20000,0.0003799180580200703,0.0011118683512116193,below,ff49,vw
rolling120,1934-06,1944-05,120,-0.6564907929085637,0.014501917437383272,1.2748031545823872,0.00135,27,0,20000,0.0009280055236101934,0.0019635120351429495,below,ff49,vw
rolling120,1934-07,1944-06,120,-0.6354240853271832,0.014704797532861136,1.3372539421205718,0.00115,23,0,20000,0.0007664595208507283,0.0017251348523248562,below,ff49,vw
rolling120,1934-08,1944-07,120,-0.6451715165567509,0.014907718200301012,1.5857528175206146,0.0006,12,0,20000,0.00034327006692676633,0.0010485355459105335,below,ff49,vw
rolling120,1934-09,1944-08,120,-0.6018237543219586,0.015110679447816189,1.4877983590483876,0.00085,17,0,20000,0.0005307884848425495,0.001360921109966698,below,ff49,vw
rolling120,1934-10,1944-09,120,-0.6101298562629417,0.015212180365669292,1.494530899460767,0.00075,15,0,20000,0.00045458019085395206,0.0012371678111665165,below,ff49,vw
rolling120,1934-11,1944-10,120,-0.615587886663305,0.015415202499529101,1.5412003133398495,0.00065,13,0,20000,0.0003799180580200703,0.0011118683512116193,below,ff49,vw
rolling120,1934-12,1944-11,120,-0.6494996067296024,0.015618265233755535,1.3863920978327147,0.00065,13,0,20000,0.0003799180580200703,0.0011118683512116193,below,ff49,vw
rolling120,1935-01,1944-12,120,-0.6649176982771303,0.015719816905111816,1.4741253531978908,0.0003,6,0,20000,0.00013749971371878445,0.0006544211207521781,below,ff49,vw
rolling120,1935-02,1945-01,120,-0.5170261683123867,0.01592294055612764,1.6148084002103862,0.00135,27,0,20000,0.0009280055236101934,0.0019635120351429495,below,ff49,vw
rolling120,1935-03,1945-02,120,-0.2651437605161018,0.01592294055612764,1.8331979657592647,0.00645,129,0,20000,0.005431394234973075,0.007658164556007801,below,ff49,vw
rolling120,1935-04,1945-03,120,-0.3355689836631133,0.016024522691969745,1.8276080632307674,0.00435,87,0,20000,0.0035282405886960517,0.005362124753720462,below,ff49,vw
rolling120,1935-05,1945-04,120,-0.266839109249392,0.016227707278049452,1.7954614234727573,0.0073,146,0,20000,0.0062111543670716925,0.008578077962613805,below,ff49,vw
rolling120,1935-06,1945-05,120,-0.2878991289739331,0.016430932496983353,1.7495323191922543,0.0063,126,0,20000,0.005294265681343145,0.007495350720454561,below,ff49,vw
rolling120,1935-07,1945-06,120,-0.18978068720454777,0.016532565426939927,1.6060084969803117,0.0136,272,0,20000,0.012085645124695791,0.015301167550682785,below,ff49,vw
rolling120,1935-08,1945-07,120,-0.2765007350939287,0.016735851611406893,1.37121331022309,0.01305,261,0,20000,0.011568040346249461,0.014718983568790835,below,ff49,vw
rolling120,1935-09,1945-08,120,0.3253185832330785,0.016939178449045356,1.4541341731073771,0.10485,2097,0,20000,0.10067975704662711,0.10917200904851236,below,ff49,vw
rolling120,1935-10,1945-09,120,0.49239000986779446,0.017142545947985477,1.5060241775470433,0.1301,2602,0,20000,0.1255085742132647,0.13483349406104148,below,ff49,vw
rolling120,1935-11,1945-10,120,1.1363065527920853,0.017345954116358087,1.4329786297710085,0.3179,6358,0,20000,0.31148188968298296,0.32438804984865044,below,ff49,vw
rolling120,1935-12,1945-11,120,1.356000861493749,0.017345954116358087,1.4452722580842758,0.38055,7611,0,20000,0.373844676548586,0.38730120086521735,below,ff49,vw
rolling120,1936-01,1945-12,120,1.7903943589539373,0.0175494029622969,1.3671619927629148,0.5126,10252,0,20000,0.5056709265910568,0.5195242341003292,above,ff49,vw
rolling120,1936-02,1946-01,120,1.507712240866061,0.01775289249393608,1.3532114590356872,0.43605,8721,0,20000,0.42919032219989195,0.44293423921168384,below,ff49,vw
rolling120,1936-03,1946-02,120,1.2336169159609733,0.017956422719412446,1.1624291446494768,0.4138,8276,0,20000,0.40699142525634285,0.42064168175972955,below,ff49,vw
rolling120,1936-04,1946-03,120,1.4275170780713653,0.018058198006627002,1.2680022847081216,0.4318,8636,0,20000,0.4249489887765238,0.4386772049415289,below,ff49,vw
rolling120,1936-05,1946-04,120,2.525725804190851,0.018159983469335117,1.5735951045240397,0.58625,11725,0,20000,0.5794084299202636,0.5930584438600585,above,ff49,vw
rolling120,1936-06,1946-05,120,1.8456118638899865,0.0182617791085542,1.5432628363973424,0.44815,8963,0,20000,0.44126845221821953,0.4550514619207985,below,ff49,vw
rolling120,1936-07,1946-06,120,1.8360205873316882,0.0182617791085542,1.3870866844795522,0.48265,9653,0,20000,0.47572865003118614,0.4895780136199608,below,ff49,vw
rolling120,1936-08,1946-07,120,1.6317475928923217,0.01846541110117661,1.1778893792036707,0.4984,9968,0,20000,0.4914714889956584,0.5053291255197212,not resolved,ff49,vw
rolling120,1936-09,1946-08,120,1.3097548305418254,0.018567237277051563,1.017474598674264,0.4632,9264,0,20000,0.45629700172753457,0.4701171321261947,below,ff49,vw
rolling120,1936-10,1946-09,120,0.7252569700012901,0.018770930355199056,0.7951088600800418,0.35715,7143,0,20000,0.3505373227675784,0.36381754193365073,below,ff49,vw
rolling120,1936-11,1946-10,120,0.320714951688289,0.01887278707689033,0.6521637650792693,0.23235,4647,0,20000,0.22654863324301985,0.2382541636578129,below,ff49,vw
rolling120,1936-12,1946-11,120,0.2588846649053078,0.01907654125888758,0.6000086970618546,0.24135,4827,0,20000,0.23546972045660017,0.24732961979522275,below,ff49,vw
rolling120,1937-01,1946-12,120,0.4133653812165483,0.019382264221265322,0.6766558202743984,0.29205,5841,0,20000,0.2857886360410027,0.29839123175473115,below,ff49,vw
rolling120,1937-02,1947-01,120,0.28105514556511957,0.019586120288502817,0.6429150684732108,0.2442,4884,0,20000,0.23829548453083474,0.25020276111546835,below,ff49,vw
rolling120,1937-03,1947-02,120,0.27688320423593393,0.019688058512886686,0.6078142124108752,0.2522,5044,0,20000,0.24622933635669367,0.25826583671271175,below,ff49,vw
rolling120,1937-04,1947-03,120,0.367014482059437,0.019891975732867273,0.5852483989033541,0.2965,5930,0,20000,0.29020994858696264,0.30286821008787196,below,ff49,vw
rolling120,1937-05,1947-04,120,0.5410392354439519,0.019891975732867273,0.629040736242219,0.37,7400,0,20000,0.3633343572474867,0.37671557212710055,below,ff49,vw
rolling120,1937-06,1947-05,120,0.576780447040832,0.019586191610620807,0.6264140455458695,0.39725,7945,0,20000,0.39048873098940196,0.40405073242012757,below,ff49,vw
rolling120,1937-07,1947-06,120,0.6810252351072688,0.019586191610620807,0.7882065909952654,0.3628,7256,0,20000,0.3561634011356108,0.36948929355818433,below,ff49,vw
rolling120,1937-08,1947-07,120,0.6702318771051425,0.019586191610620807,0.7097448000556896,0.3839,7678,0,20000,0.37718278377305214,0.3906618069991754,below,ff49,vw
rolling120,1937-09,1947-08,120,0.6285286133585899,0.019688129842135638,0.7663529156766211,0.34865,6973,0,20000,0.3420752079862014,0.35528292132798156,below,ff49,vw
rolling120,1937-10,1947-09,120,1.1858985407915315,0.01989198592567054,1.034106019071249,0.43695,8739,0,20000,0.4300885528097018,0.44383566293697296,below,ff49,vw
rolling120,1937-11,1947-10,120,1.3366344610002812,0.020299861144996934,1.306279886490934,0.39565,7913,0,20000,0.3888937309814044,0.4024463469435046,below,ff49,vw
rolling120,1937-12,1947-11,120,1.6719374139743808,0.02070789948178775,1.4667561180953852,0.44555,8911,0,20000,0.43867280259854957,0.45244811012796027,below,ff49,vw
rolling120,1938-01,1947-12,120,1.8342348820857746,0.021524465801373127,1.6569625766842884,0.43025,8605,0,20000,0.4234022775487056,0.437124511481121,below,ff49,vw
rolling120,1938-02,1948-01,120,2.0671311582445266,0.02223953292743408,1.542201255199318,0.52505,10501,0,20000,0.5181250353032956,0.5319653436902936,above,ff49,vw
rolling120,1938-03,1948-02,120,1.6541364914975576,0.022955100600483336,1.2981883619274708,0.4955,9910,0,20000,0.4885722910015796,0.5024294373229253,not resolved,ff49,vw
rolling120,1938-04,1948-03,120,2.5088992552314666,0.023978158006824346,2.2684540057906455,0.4297,8594,0,20000,0.4228534610089607,0.43657353926052767,below,ff49,vw
rolling120,1938-05,1948-04,120,2.24948036697146,0.024694871046125222,1.9612781380091153,0.46725,9345,0,20000,0.46034231182279484,0.47417026653888006,below,ff49,vw
rolling120,1938-06,1948-05,120,2.5139570824096964,0.025514626942962026,2.308105596236519,0.43705,8741,0,20000,0.43018835763029795,0.4439358197091656,below,ff49,vw
rolling120,1938-07,1948-06,120,2.255051069386924,0.026437590107210696,1.6696617766706532,0.5669,11338,0,20000,0.5600205888302361,0.5737537167454569,above,ff49,vw
rolling120,1938-08,1948-07,120,1.7182217102850945,0.0273614763269292,1.363192962949236,0.52795,10559,0,20000,0.5210266109250135,0.5348626542594503,above,ff49,vw
rolling120,1938-09,1948-08,120,1.728963598489595,0.028286101655623508,1.4362839084740737,0.49585,9917,0,20000,0.48892218184123576,0.50277941205803,not resolved,ff49,vw
rolling120,1938-10,1948-09,120,1.8395321169976184,0.02849171775273529,1.3444854072127796,0.55445,11089,0,20000,0.5475518898720397,0.5613271974014504,above,ff49,vw
rolling120,1938-11,1948-10,120,1.7432722964456824,0.028800234416394677,1.3051243220902946,0.5655,11310,0,20000,0.5586182667010977,0.5723565765755525,above,ff49,vw
rolling120,1938-12,1948-11,120,2.0347616726381217,0.02982965230154222,1.129071038834926,0.69075,13815,0,20000,0.6843084478951704,0.6971182903494255,above,ff49,vw
rolling120,1939-01,1948-12,120,2.155918584051765,0.03024158416246281,1.1114923032992308,0.7255,14510,0,20000,0.7192723763585248,0.7316410153801721,above,ff49,vw
rolling120,1939-02,1949-01,120,2.6326621796777085,0.031374963242949416,1.2532016888961048,0.76475,15295,0,20000,0.7588211231000358,0.770577193808257,above,ff49,vw
rolling120,1939-03,1949-02,120,2.5450391163492427,0.03219998071179697,1.1147708277931372,0.7866,15732,0,20000,0.7808670855740567,0.792222839358584,above,ff49,vw
rolling120,1939-04,1949-03,120,2.7982823359748927,0.033335514243933106,1.504017527451742,0.7076,14152,0,20000,0.7012566200466295,0.7138636465828758,above,ff49,vw
rolling120,1939-05,1949-04,120,2.384533861025989,0.034265516206752666,1.4638810012653787,0.63515,12703,0,20000,0.6284530607389872,0.6417950319150477,above,ff49,vw
rolling120,1939-06,1949-05,120,2.150820877499654,0.03519626209674964,1.2401434454492937,0.6618,13236,0,20000,0.6552128152770811,0.6683250418551636,above,ff49,vw
rolling120,1939-07,1949-06,120,2.238020103221097,0.03612784557428905,1.3707474993031186,0.62465,12493,0,20000,0.6179159357862349,0.6313361896249783,above,ff49,vw
rolling120,1939-08,1949-07,120,1.8873395862055822,0.03706036063530593,1.2720201265776487,0.5724,11448,0,20000,0.5655302523371114,0.5792419408419648,above,ff49,vw
rolling120,1939-09,1949-08,120,1.836248450533844,0.03809752471234895,1.5001717564783301,0.4575,9150,0,20000,0.45060437883661336,0.4644119442281555,below,ff49,vw
rolling120,1939-10,1949-09,120,1.7857354997285797,0.03892791969262066,1.2067384245802746,0.53845,10769,0,20000,0.5315342761842998,0.5453509562429857,above,ff49,vw
rolling120,1939-11,1949-10,120,2.2327560849300143,0.03986295482034419,1.2901538913182038,0.64645,12929,0,20000,0.6397968410766163,0.6530469115625507,above,ff49,vw
rolling120,1939-12,1949-11,120,3.3052714238901366,0.04069484518420041,1.421834768930065,0.8074,16148,0,20000,0.801875979758041,0.8128059564746659,above,ff49,vw
rolling120,1940-01,1949-12,120,3.111290245756691,0.041631470544866156,1.4759513527106844,0.74385,14877,0,20000,0.7377540232271657,0.749852320788272,above,ff49,vw
rolling120,1940-02,1950-01,120,2.9007712103836103,0.042568938868356554,1.5825093574384725,0.67705,13541,0,20000,0.6705359943908783,0.6834960056416551,above,ff49,vw
rolling120,1940-03,1950-02,120,2.996490804067735,0.04350725091333807,1.5858189613074298,0.69775,13955,0,20000,0.6913479951590665,0.704076054580744,above,ff49,vw
rolling120,1940-04,1950-03,120,2.3614467943722492,0.04455075816425147,1.5683352270271542,0.57385,11477,0,20000,0.5669829439528146,0.5806886923216986,above,ff49,vw
rolling120,1940-05,1950-04,120,2.9836794481391906,0.04549085384659923,1.6659739938897906,0.6893,13786,0,20000,0.6828504719655016,0.6956768231836571,above,ff49,vw
rolling120,1940-06,1950-05,120,4.991090151915394,0.046745693839213676,2.5699025960755573,0.75325,15065,0,20000,0.7472268343574517,0.7591758993801312,above,ff49,vw
rolling120,1940-07,1950-06,120,4.68230874426864,0.0477924395330529,2.1499731033325795,0.8053,16106,0,20000,0.7997538275572414,0.8107289152269012,above,ff49,vw
rolling120,1940-08,1950-07,120,4.511232076180921,0.04873535843674226,2.0977686644229196,0.80175,16035,0,20000,0.7961669376598921,0.8072171685802487,above,ff49,vw
rolling120,1940-09,1950-08,120,4.80438271853097,0.04988908270344927,2.181426604871131,0.815,16300,0,20000,0.8095582545539636,0.8203207627306904,above,ff49,vw
rolling120,1940-10,1950-09,120,4.875542765590244,0.05093897178615259,2.2600378883004115,0.8173,16346,0,20000,0.8118838197122039,0.822594314206592,above,ff49,vw
rolling120,1940-11,1950-10,120,5.007001863181706,0.052200098552296126,2.161948812752209,0.8523,17046,0,20000,0.847315133038119,0.8571495583567494,above,ff49,vw
rolling120,1940-12,1950-11,120,7.083778313556456,0.053357518660703596,2.3066236440423458,0.9512,19024,0,20000,0.948126457813122,0.9541002488498492,above,ff49,vw
rolling120,1941-01,1950-12,120,8.123669680342676,0.05451621193123035,2.470493462135218,0.9656,19312,0,20000,0.962983378672671,0.9680377973518844,above,ff49,vw
rolling120,1941-02,1951-01,120,8.476046202186135,0.05599268227496834,2.833444557956061,0.9582,19164,0,20000,0.955337244860521,0.9608867732976648,above,ff49,vw
rolling120,1941-03,1951-02,120,8.199249621615577,0.057154390396283006,2.94779446664509,0.94265,18853,0,20000,0.9393418162628042,0.9457881742167262,above,ff49,vw
rolling120,1941-04,1951-03,120,5.80910781127981,0.0582114390818107,2.8342733565482066,0.8394,16788,0,20000,0.8342463874893914,0.8444232584357249,above,ff49,vw
rolling120,1941-05,1951-04,120,8.616438294366125,0.05969308326094325,3.258546066899357,0.94085,18817,0,20000,0.9374951392272911,0.9440355425820414,above,ff49,vw
rolling120,1941-06,1951-05,120,8.27829986130671,0.060964714960856314,3.106890238730207,0.937,18740,0,20000,0.9335481249359632,0.9402840355510014,above,ff49,vw
rolling120,1941-07,1951-06,120,7.899575728052611,0.06223787261880931,2.783244159253595,0.95055,19011,0,20000,0.9474578030633716,0.9534691532464725,above,ff49,vw
rolling120,1941-08,1951-07,120,7.34978100417243,0.06329979191563906,2.825399287751415,0.94135,18827,0,20000,0.938008017818536,0.9445224719547404,above,ff49,vw
rolling120,1941-09,1951-08,120,7.33019457244413,0.0645756240827211,3.0008833496294347,0.9315,18630,0,20000,0.9279156717442408,0.9349186011393408,above,ff49,vw
rolling120,1941-10,1951-09,120,7.266828063835808,0.06574654017760273,3.0690916908064114,0.91565,18313,0,20000,0.9117181299962674,0.9194222304302927,above,ff49,vw
rolling120,1941-11,1951-10,120,6.606422854142246,0.0674517346418868,3.1932174559154527,0.86745,17349,0,20000,0.8626799278133284,0.8720789448890405,above,ff49,vw
rolling120,1941-12,1951-11,120,6.41436402693842,0.06862593154999286,3.306119996288902,0.8349,16698,0,20000,0.8296903233601065,0.8399810508895145,above,ff49,vw
rolling120,1942-01,1951-12,120,6.706651702113392,0.0698013025375992,3.682730091622906,0.8088,16176,0,20000,0.8032908860667468,0.814190512465003,above,ff49,vw
rolling120,1942-02,1952-01,120,7.540334760979535,0.07119176613817779,3.7194264190942086,0.8857,17714,0,20000,0.881216129634993,0.890035733751328,above,ff49,vw
rolling120,1942-03,1952-02,120,7.637195612973889,0.0723699592616176,3.7160398496494453,0.89605,17921,0,20000,0.8917439479922006,0.900203940247759,above,ff49,vw
rolling120,1942-04,1952-03,120,7.783157260196477,0.07344222199460582,4.278470894774109,0.8668,17336,0,20000,0.8620203134103601,0.8714388089388816,above,ff49,vw
rolling120,1942-05,1952-04,120,7.710530208109372,0.07462289037196213,4.2514272860493145,0.86245,17249,0,20000,0.8576069196541318,0.867153873408798,above,ff49,vw
rolling120,1942-06,1952-05,120,7.0206574771086725,0.075697190972154,4.119633752877401,0.8297,16594,0,20000,0.8244272421651225,0.8348461292594821,above,ff49,vw
rolling120,1942-07,1952-06,120,7.288854127602075,0.07709531769507327,4.183940739646746,0.84625,16925,0,20000,0.8411844663531046,0.8511825486780428,above,ff49,vw
rolling120,1942-08,1952-07,120,6.919412549605587,0.07838744443828438,4.059774494385746,0.8389,16778,0,20000,0.8337400890436906,0.8439297489174817,above,ff49,vw
rolling120,1942-09,1952-08,120,6.71289207222461,0.07968112126856108,3.9380378007665264,0.82965,16593,0,20000,0.8243766442774874,0.8347967463507229,above,ff49,vw
rolling120,1942-10,1952-09,120,6.963524657697876,0.08108428577685789,3.720119522759002,0.8772,17544,0,20000,0.8725787837605504,0.8816763442387242,above,ff49,vw
rolling120,1942-11,1952-10,120,6.0954523652470085,0.08227312184039337,3.394548339953819,0.8585,17170,0,20000,0.8536007464329624,0.8632615637148108,above,ff49,vw
rolling120,1942-12,1952-11,120,6.442211930168635,0.08303048581648875,3.6534125093400753,0.8574,17148,0,20000,0.8524853323607987,0.8621774002662977,above,ff49,vw
rolling120,1943-01,1952-12,120,6.06443824584114,0.08443800319283734,3.561379629056465,0.8415,16830,0,20000,0.8363730327366474,0.8464958066370332,above,ff49,vw
rolling120,1943-02,1953-01,120,4.712960267298596,0.0858473497930079,3.2489447048564424,0.74955,14991,0,20000,0.7434977267861608,0.7555064280182374,above,ff49,vw
rolling120,1943-03,1953-02,120,3.854389265370158,0.0870414236556214,2.996064673453365,0.67195,13439,0,20000,0.6654106584549145,0.6784233003453911,above,ff49,vw
rolling120,1943-04,1953-03,120,4.061061815095638,0.08867149676917085,2.7202661310275817,0.78295,15659,0,20000,0.7771827460227644,0.7886085807730862,above,ff49,vw
rolling120,1943-05,1953-04,120,3.969190987471875,0.09008634526042347,2.5907725360265226,0.8078,16156,0,20000,0.8022802273680577,0.8132015552358042,above,ff49,vw
rolling120,1943-06,1953-05,120,2.9336944254077006,0.0917211478178026,2.4179727609638864,0.6616,13232,0,20000,0.6550119066590163,0.6681260272876506,above,ff49,vw
rolling120,1943-07,1953-06,120,3.2515812489825766,0.0933582384123508,2.298503119048997,0.7663,15326,0,20000,0.7603842841024889,0.7721134374940296,above,ff49,vw
rolling120,1943-08,1953-07,120,3.628492824059906,0.0946698748075272,2.551301783291073,0.77645,15529,0,20000,0.7706232167020499,0.7821706065625298,above,ff49,vw
rolling120,1943-09,1953-08,120,2.9799193118224663,0.09620195300879719,2.3508335488054817,0.6925,13850,0,20000,0.6860681722728464,0.6988578938455533,above,ff49,vw
rolling120,1943-10,1953-09,120,3.1035656790996855,0.0976265881571643,2.2834439450708404,0.7425,14850,0,20000,0.7363938716725854,0.7485129908402038,above,ff49,vw
rolling120,1943-11,1953-10,120,3.396647435144157,0.09872388555610168,2.477701095947301,0.76585,15317,0,20000,0.7599304518891229,0.7716674425398463,above,ff49,vw
rolling120,1943-12,1953-11,120,3.504155879814009,0.09927308273972457,2.803666278372967,0.69845,13969,0,20000,0.6920520457053395,0.7047717351839925,above,ff49,vw
rolling120,1944-01,1953-12,120,2.976775608324406,0.10037202613944429,2.580236633261773,0.65815,13163,0,20000,0.6515464383808419,0.6646928206146122,above,ff49,vw
rolling120,1944-02,1954-01,120,3.267203236998359,0.10125205975027263,2.702310143308136,0.69835,13967,0,20000,0.6919514659816921,0.7046723533148513,above,ff49,vw
rolling120,1944-03,1954-02,120,3.04407638211449,0.10169242846355875,2.751723446017627,0.6285,12570,0,20000,0.6217791546416933,0.6351714920918876,above,ff49,vw
rolling120,1944-04,1954-03,120,3.868218695462458,0.10235331174398077,2.7978511933047288,0.7987,15974,0,20000,0.7930857941441262,0.8041994835159568,above,ff49,vw
rolling120,1944-05,1954-04,120,4.044786212914464,0.10301452536694033,3.030341168733795,0.78315,15663,0,20000,0.7773846104758967,0.7888066395055312,above,ff49,vw
rolling120,1944-06,1954-05,120,3.4327822065607165,0.10323506211099054,2.955186866662458,0.6905,13810,0,20000,0.6840570674805838,0.6968697667820404,above,ff49,vw
rolling120,1944-07,1954-06,120,3.3972183378547864,0.1035659333682466,2.790293724599594,0.72745,14549,0,20000,0.7212357279058846,0.7335769148921935,above,ff49,vw
rolling120,1944-08,1954-07,120,3.4807759309731665,0.10378658036082244,3.040697744765448,0.6794,13588,0,20000,0.6728979646885244,0.6858331327745454,above,ff49,vw
rolling120,1944-09,1954-08,120,2.962147983334515,0.1040072714695619,2.885974698922967,0.60145,12029,0,20000,0.5946457601127078,0.6082152757715087,above,ff49,vw
rolling120,1944-10,1954-09,120,3.4116760878657386,0.10477992202947872,3.1365198489434905,0.66305,13261,0,20000,0.6564685238061445,0.6695688532359598,above,ff49,vw
rolling120,1944-11,1954-10,120,3.2924886250304786,0.10522170146446008,3.0626165598965907,0.6467,12934,0,20000,0.6400478551198945,0.6532958015012444,above,ff49,vw
rolling120,1944-12,1954-11,120,3.3378479328470885,0.10555316853477814,3.3712859722024744,0.5873,11746,0,20000,0.5804607919503103,0.5941056785542939,above,ff49,vw
rolling120,1945-01,1954-12,120,3.0640684147875774,0.10621636779604682,3.4347170871171953,0.506,10120,0,20000,0.4990704928522428,0.5129272027150839,not resolved,ff49,vw
rolling120,1945-02,1955-01,120,2.7657915054129907,0.10676931009725443,3.3756107049290396,0.4513,9026,0,20000,0.444413436589811,0.45820526772205356,below,ff49,vw
rolling120,1945-03,1955-02,120,2.8133093792983273,0.10754389369760253,3.246298539155137,0.48735,9747,0,20000,0.48042579299904714,0.4942790655131723,below,ff49,vw
rolling120,1945-04,1955-03,120,2.8281873610534745,0.1084297516409718,3.415956081454124,0.44205,8841,0,20000,0.43517896008801465,0.4489432968908879,below,ff49,vw
rolling120,1945-05,1955-04,120,2.017500716683156,0.10920541976668297,3.226753474607068,0.25725,5145,0,20000,0.25123897938732404,0.26335425411791474,below,ff49,vw
rolling120,1945-06,1955-05,120,1.9841112107144259,0.1104251798004161,3.1980961109686774,0.2595,5190,0,20000,0.2534713403478967,0.2656210289950896,below,ff49,vw
rolling120,1945-07,1955-06,120,1.7292674404645751,0.11131334231175427,3.458987652970916,0.1648,3296,0,20000,0.15972275880518833,0.17000598216682417,below,ff49,vw
rolling120,1945-08,1955-07,120,1.7132015202832145,0.11209102834556228,3.647170965936068,0.1443,2886,0,20000,0.13949831750083175,0.1492382969494811,below,ff49,vw
rolling120,1945-09,1955-08,120,1.2844778654231312,0.11353631309698597,3.3904284382180006,0.08325,1665,0,20000,0.07950086809607854,0.08715919395668467,below,ff49,vw
rolling120,1945-10,1955-09,120,1.038054989138688,0.11498347615509474,3.180542498566549,0.0721,1442,0,20000,0.06859688705622768,0.07576745740058666,below,ff49,vw
rolling120,1945-11,1955-10,120,0.8392990676010386,0.11665544977724074,2.922678012271211,0.05905,1181,0,20000,0.05586706624681809,0.06240229035106058,below,ff49,vw
rolling120,1945-12,1955-11,120,0.8928194380498156,0.11833009802225769,2.9892839090836327,0.0708,1416,0,20000,0.06732709650037279,0.07443774725018744,below,ff49,vw
rolling120,1946-01,1955-12,120,0.7142784682906809,0.12000709007167609,3.007019314725677,0.04025,805,0,20000,0.03761319486870616,0.04306338228488205,below,ff49,vw
rolling120,1946-02,1956-01,120,0.5889183375381537,0.12213446533023475,2.6646486044809308,0.04595,919,0,20000,0.04313440321793284,0.04893998472461576,below,ff49,vw
rolling120,1946-03,1956-02,120,0.974478945106164,0.12392934201175865,3.0451588853156633,0.0839,1678,0,20000,0.08013719518311098,0.0878226172227793,below,ff49,vw
rolling120,1946-04,1956-03,120,1.0941037357896994,0.12527765272895763,3.0787698740710017,0.1172,2344,0,20000,0.11281545653935258,0.12173156626520111,below,ff49,vw
rolling120,1946-05,1956-04,120,0.7674827638713391,0.12707755700204193,2.9305007600989206,0.06605,1321,0,20000,0.06269049378150784,0.06957617431158536,below,ff49,vw
rolling120,1946-06,1956-05,120,0.6843722890811506,0.129331036072325,2.591775293036439,0.0762,1524,0,20000,0.07260378714069982,0.07995898262045448,below,ff49,vw
rolling120,1946-07,1956-06,120,0.9955414669836926,0.13125032304755546,2.8730949098095233,0.1202,2404,0,20000,0.11576588427588601,0.12477998631233107,below,ff49,vw
rolling120,1946-08,1956-07,120,1.0760612280247757,0.13339905404204733,3.18026865856368,0.10365,2073,0,20000,0.09950151585362099,0.10795071112805316,below,ff49,vw
rolling120,1946-09,1956-08,120,1.3139848581768563,0.13498533683286906,3.332611462087269,0.1399,2798,0,20000,0.13516164818868048,0.14477665617892604,below,ff49,vw
rolling120,1946-10,1956-09,120,1.289494238292169,0.13668730424789377,3.582875830348071,0.0916,1832,0,20000,0.08768025749828812,0.09567659755233815,below,ff49,vw
rolling120,1946-11,1956-10,120,1.6792912029145275,0.1391872663286149,3.684211354337914,0.1679,3358,0,20000,0.16278368386843062,0.17314386648003405,below,ff49,vw
rolling120,1946-12,1956-11,120,1.9001236156423205,0.14112330387011118,3.7095035664301284,0.2267,4534,0,20000,0.22095006667106293,0.23255490023720382,below,ff49,vw
rolling120,1947-01,1956-12,120,1.7266026040590856,0.1435189441161644,3.637739702560717,0.19045,3809,0,20000,0.1850678069666715,0.19595108255566288,below,ff49,vw
rolling120,1947-02,1957-01,120,1.5596732190031881,0.14626256649532943,3.4280156915246973,0.1592,3184,0,20000,0.15419500817633078,0.1643358835995101,below,ff49,vw
rolling120,1947-03,1957-02,120,1.6735204047556484,0.14866899595613137,3.3935546840204127,0.19425,3885,0,20000,0.18882598369340872,0.19979144635489923,below,ff49,vw
rolling120,1947-04,1957-03,120,1.6798453347401554,0.15096564495334452,3.5726919924385294,0.1603,3206,0,20000,0.15528064424469665,0.1654498250518208,below,ff49,vw
rolling120,1947-05,1957-04,120,1.969558343901253,0.15349700996273907,4.018292976265365,0.16455,3291,0,20000,0.1594759382124758,0.16975289877756478,below,ff49,vw
rolling120,1947-06,1957-05,120,2.1630414602298464,0.15614925741141872,4.253834132413886,0.17035,3407,0,20000,0.1652032536492771,0.17562335572251267,below,ff49,vw
rolling120,1947-07,1957-06,120,2.045293630156307,0.15857644269639715,3.9625363888147485,0.18665,3733,0,20000,0.18131045635816934,0.1921098926381914,below,ff49,vw
rolling120,1947-08,1957-07,120,1.9231059227734928,0.16170366092620858,3.8100775135823444,0.1854,3708,0,20000,0.18007466959602358,0.19084615949047745,below,ff49,vw
rolling120,1947-09,1957-08,120,1.7011529668507412,0.16425864248577837,3.655434671554466,0.1488,2976,0,20000,0.14393514553527798,0.15379974059052987,below,ff49,vw
rolling120,1947-10,1957-09,120,1.33866475914015,0.16658576349814247,3.4098455233866503,0.0941,1882,0,20000,0.09013119245220942,0.09822470241813631,below,ff49,vw
rolling120,1947-11,1957-10,120,1.30151777456211,0.16926730183118832,3.127697989655874,0.1247,2494,0,20000,0.120193216199821,0.12935092606389112,below,ff49,vw
rolling120,1947-12,1957-11,120,1.2887401320882321,0.17183814738788294,3.3179416412643645,0.09405,1881,0,20000,0.09008216512864721,0.09817374894530413,below,ff49,vw
rolling120,1948-01,1957-12,120,1.261344506644296,0.17371158966987799,3.035216778731293,0.1117,2234,0,20000,0.10740879446792123,0.11614034073324961,below,ff49,vw
rolling120,1948-02,1958-01,120,1.503744983235372,0.17617465985905212,3.404153282632355,0.11345,2269,0,20000,0.10912874253947799,0.11791972053549649,below,ff49,vw
rolling120,1948-03,1958-02,120,1.6305064843002133,0.1767623358158119,3.537626420051456,0.11455,2291,0,20000,0.11021002332979339,0.11903801726585765,below,ff49,vw
rolling120,1948-04,1958-03,120,1.598247746878696,0.1767623358158119,3.3346494156794684,0.12895,2579,0,20000,0.12437637268925163,0.1336661372679836,below,ff49,vw
rolling120,1948-05,1958-04,120,1.6935594703861683,0.1767623358158119,3.3112482427036607,0.1555,3110,0,20000,0.15054395535498985,0.16058835748766623,below,ff49,vw
rolling120,1948-06,1958-05,120,1.6362719571284652,0.1771150823193539,3.1117426210440966,0.17115,3423,0,20000,0.16599340231105958,0.1764328998030404,below,ff49,vw
rolling120,1948-07,1958-06,120,1.652888778869245,0.17640944834054317,3.2342970620394107,0.1458,2916,0,20000,0.14097708365319883,0.15075895468894568,below,ff49,vw
rolling120,1948-08,1958-07,120,2.1911095614746725,0.17629190143323492,3.6559439063224923,0.21485,4297,0,20000,0.20921288236783128,0.22059663579496516,below,ff49,vw
rolling120,1948-09,1958-08,120,2.184369506717333,0.1757042843379042,3.730658046551529,0.19515,3903,0,20000,0.1897161971485042,0.20070088723490273,below,ff49,vw
rolling120,1948-10,1958-09,120,2.632377354558945,0.1774671356238966,4.1108654938787,0.24305,4861,0,20000,0.23715522100434974,0.24904346632488236,below,ff49,vw
rolling120,1948-11,1958-10,120,3.060046336468349,0.17911493049582128,3.9522358007196337,0.36735,7347,0,20000,0.360694860424939,0.3740560867407456,below,ff49,vw
rolling120,1948-12,1958-11,120,3.5724099791055153,0.17993998092699592,4.630369964390392,0.35035,7007,0,20000,0.34376744717896934,0.3569900292126228,below,ff49,vw
rolling120,1949-01,1958-12,120,3.0453773395157393,0.18206302367556515,4.743740434147719,0.21825,4365,0,20000,0.21257981307943336,0.22402839923818157,below,ff49,vw
rolling120,1949-02,1959-01,120,2.8467439908840295,0.18336199403125253,4.777517039910174,0.1753,3506,0,20000,0.17009295913431896,0.18063174908051535,below,ff49,vw
rolling120,1949-03,1959-02,120,2.7925214728469507,0.1845442919571505,5.014183546897027,0.1295,2590,0,20000,0.12491784528244312,0.13422445343513037,below,ff49,vw
rolling120,1949-04,1959-03,120,2.6350326247115774,0.18596432507438188,4.803412832099387,0.1256,2512,0,20000,0.12107891886398807,0.13026487773482298,below,ff49,vw
rolling120,1949-05,1959-04,120,3.7459605003216065,0.18726771278302579,5.1366570631423585,0.29415,5883,0,20000,0.2878750078272862,0.3005040534170121,below,ff49,vw
rolling120,1949-06,1959-05,120,3.6403026061634662,0.18869101074040806,5.441847071533809,0.24135,4827,0,20000,0.23546972045660017,0.24732961979522275,below,ff49,vw
rolling120,1949-07,1959-06,120,4.195956068613917,0.1903535156505345,5.4289890933471145,0.3357,6714,0,20000,0.3291873866324013,0.3422757164156347,below,ff49,vw
rolling120,1949-08,1959-07,120,3.7996463284714563,0.1922563687078238,5.295089860123941,0.28315,5663,0,20000,0.2769482097046595,0.28943507633287313,below,ff49,vw
rolling120,1949-09,1959-08,120,3.9407849059980746,0.1934475530106592,5.057828487328074,0.35005,7001,0,20000,0.3434688100257634,0.35668878158746237,below,ff49,vw
rolling120,1949-10,1959-09,120,3.5362009568089965,0.19607077672593887,4.606925959874307,0.34965,6993,0,20000,0.3430706316234824,0.35628711361858834,below,ff49,vw
rolling120,1949-11,1959-10,120,3.6502480396881793,0.1985802668159824,4.517306393529324,0.3813,7626,0,20000,0.3745919845410836,0.38805360481863554,below,ff49,vw
rolling120,1949-12,1959-11,120,3.6844377751084014,0.20073598672032755,4.515681904454774,0.37985,7597,0,20000,0.373147204447068,0.38659894181721394,below,ff49,vw
rolling120,1950-01,1959-12,120,3.5813837599863723,0.2037351274604624,4.388312266254401,0.40065,8013,0,20000,0.3938783570961454,0.4074598004682026,below,ff49,vw
rolling120,1950-02,1960-01,120,3.042956826051036,0.20662149403644903,3.9415360060403613,0.35735,7147,0,20000,0.35073645888666566,0.364018329000141,below,ff49,vw
rolling120,1950-03,1960-02,120,3.2970420976803307,0.2090325670588018,3.935697822317561,0.41365,8273,0,20000,0.4068418181246004,0.4204913465022889,below,ff49,vw
rolling120,1950-04,1960-03,120,3.529575987449788,0.21205212891459313,3.807143735390585,0.481,9620,0,20000,0.47407979843229436,0.48792749893783754,below,ff49,vw
rolling120,1950-05,1960-04,120,3.4643595792535207,0.2132630911774711,3.5506826402121012,0.5021,10042,0,20000,0.495170804094265,0.5090283893542994,not resolved,ff49,vw
rolling120,1950-06,1960-05,120,3.657897155357973,0.21532357794570456,3.505794657838817,0.54595,10919,0,20000,0.5390416378078694,0.5528407140785746,above,ff49,vw
rolling120,1950-07,1960-06,120,3.734280677841335,0.2170233312015728,3.897311550776161,0.4714,9428,0,20000,0.46448798065706837,0.4783230038053408,below,ff49,vw
rolling120,1950-08,1960-07,120,3.488232116829158,0.21738807345867617,3.718253446377034,0.4362,8724,0,20000,0.42934002570423246,0.4430844780965264,below,ff49,vw
rolling120,1950-09,1960-08,120,3.4351979275317666,0.2182393937897662,3.637787805475596,0.44635,8927,0,20000,0.4394714437235581,0.4532491617452619,below,ff49,vw
rolling120,1950-10,1960-09,120,3.106457842795617,0.21896960721261705,3.162162597822933,0.50095,10019,0,20000,0.49402097633889663,0.5078786587925969,not resolved,ff49,vw
rolling120,1950-11,1960-10,120,3.362979610844495,0.22018711580951345,3.144669269582308,0.56595,11319,0,20000,0.5590690070179265,0.5728056634262733,above,ff49,vw
rolling120,1950-12,1960-11,120,4.321319313979972,0.22043088508647068,3.2240567120818424,0.7405,14810,0,20000,0.7343789710049105,0.7465286596521032,above,ff49,vw
rolling120,1951-01,1960-12,120,4.349064941577561,0.22104043002957652,3.192480209408256,0.74935,14987,0,20000,0.7432961700888492,0.7553080615299714,above,ff49,vw
rolling120,1951-02,1961-01,120,4.069855507813898,0.22177210311258633,3.214664740422794,0.6885,13770,0,20000,0.6820461029225369,0.6948814994843118,above,ff49,vw
rolling120,1951-03,1961-02,120,4.561223143255486,0.2222603237332108,3.306432317529537,0.73685,14737,0,20000,0.7307022003879047,0.7429068321323185,above,ff49,vw
rolling120,1951-04,1961-03,120,5.132791630150112,0.2233591493164293,3.5324155958562535,0.76595,15319,0,20000,0.7600313026933001,0.7717665533284579,above,ff49,vw
rolling120,1951-05,1961-04,120,5.160083523282703,0.22384785765531534,3.3368556125318527,0.79895,15979,0,20000,0.7933383279728934,0.8044468536691618,above,ff49,vw
rolling120,1951-06,1961-05,120,5.3906328182110625,0.22458128625558826,3.550681758730744,0.78945,15789,0,20000,0.7837443644741604,0.7950444658529605,above,ff49,vw
rolling120,1951-07,1961-06,120,5.097757869097531,0.2255597770955846,3.5334107334898954,0.75205,15041,0,20000,0.746017329658387,0.7579858649657307,above,ff49,vw
rolling120,1951-08,1961-07,120,4.157199745452575,0.22617176140453088,3.3611004824130957,0.63025,12605,0,20000,0.6235353134725505,0.6369146611348342,above,ff49,vw
rolling120,1951-09,1961-08,120,4.326962403194931,0.22629421938529637,3.2896823458020394,0.669,13380,0,20000,0.6624464014137214,0.6754886903993153,above,ff49,vw
rolling120,1951-10,1961-09,120,4.3785396488537005,0.22690663160033098,3.1705481406022207,0.7232,14464,0,20000,0.716956818779512,0.7293574563250428,above,ff49,vw
rolling120,1951-11,1961-10,120,5.091479843112447,0.22727411561538702,3.3901181236268583,0.7862,15724,0,20000,0.7804632898269722,0.7918267887345135,above,ff49,vw
rolling120,1951-12,1961-11,120,5.15447406237355,0.22776448585437037,3.5605954487175433,0.7661,15322,0,20000,0.7601825797551616,0.7719152186557796,above,ff49,vw
rolling120,1952-01,1961-12,120,4.630179665929009,0.2286228909084036,3.4093838258166143,0.71465,14293,0,20000,0.7083507666475614,0.7208667922735529,above,ff49,vw
rolling120,1952-02,1962-01,120,4.591848446737662,0.22972699535355323,3.18240471746011,0.7438,14876,0,20000,0.7377036458926892,0.7498027173263543,above,ff49,vw
rolling120,1952-03,1962-02,120,4.686759594348485,0.23070959782686828,3.376765543989597,0.7288,14576,0,20000,0.7225950586149072,0.7349170656858193,above,ff49,vw
rolling120,1952-04,1962-03,120,4.6521445359481035,0.23181601940118068,3.1661951883103256,0.75785,15157,0,20000,0.7518638483329889,0.7637371186728779,above,ff49,vw
rolling120,1952-05,1962-04,120,4.908587260426961,0.2330463590130476,3.0996411506200285,0.8198,16396,0,20000,0.814411968205658,0.8250652055328574,above,ff49,vw
rolling120,1952-06,1962-05,120,3.933406093587595,0.2344009490409258,2.633457239657237,0.7801,15602,0,20000,0.7743063914895277,0.7857860299118425,above,ff49,vw
rolling120,1952-07,1962-06,120,3.46954948714826,0.2350172251013556,2.2040391275754274,0.8036,16072,0,20000,0.7980360751412141,0.8090473205655191,above,ff49,vw
rolling120,1952-08,1962-07,120,3.64877509437485,0.23649702607002432,2.3777788309112022,0.7978,15956,0,20000,0.7921767001272967,0.8033089231976872,above,ff49,vw
rolling120,1952-09,1962-08,120,3.877057005441374,0.23748474211681003,2.4790646119145756,0.8183,16366,0,20000,0.8128950337579555,0.8235827160887284,above,ff49,vw
rolling120,1952-10,1962-09,120,3.38277971701695,0.23810249608152478,2.3680834435972846,0.76925,15385,0,20000,0.7633596364325206,0.775036952151267,above,ff49,vw
rolling120,1952-11,1962-10,120,3.3517153307330094,0.23958614197257533,2.392798973490992,0.7639,15278,0,20000,0.7579639521182399,0.7697346912513482,above,ff49,vw
rolling120,1952-12,1962-11,120,3.6382360828565448,0.24082448976675375,2.5537058077042643,0.7633,15266,0,20000,0.7573589099253343,0.769139963887521,above,ff49,vw
rolling120,1953-01,1962-12,120,3.0179262781088516,0.24169167940616743,2.489932835114751,0.6558,13116,0,20000,0.6491861233788276,0.6623540381860902,above,ff49,vw
rolling120,1953-02,1963-01,120,3.308718784596575,0.24280741673790196,2.677680173569633,0.67255,13451,0,20000,0.6660135937695402,0.679020134587498,above,ff49,vw
rolling120,1953-03,1963-02,120,2.722010165263402,0.24392437966486846,2.6025578389938637,0.5471,10942,0,20000,0.5401929060203783,0.5539890041831368,above,ff49,vw
rolling120,1953-04,1963-03,120,3.179957958189319,0.24454522433429582,2.769295628382176,0.63745,12749,0,20000,0.6307616477941138,0.644085561494063,above,ff49,vw
rolling120,1953-05,1963-04,120,3.737657772043873,0.24566352575392525,3.057036987869277,0.6945,13890,0,20000,0.6880794180565267,0.7008458799176486,above,ff49,vw
rolling120,1953-06,1963-05,120,3.781702286496989,0.246534010398058,3.1102281760296604,0.6875,13750,0,20000,0.6810406729987069,0.6938873134802539,above,ff49,vw
rolling120,1953-07,1963-06,120,3.2461144368086527,0.24715615753840448,3.1077191345141273,0.56635,11327,0,20000,0.5594696699136186,0.5732048469017363,above,ff49,vw
rolling120,1953-08,1963-07,120,3.4149306919148694,0.24865050340864503,3.00077023067061,0.6384,12768,0,20000,0.6317152427104323,0.6450316017092378,above,ff49,vw
rolling120,1953-09,1963-08,120,3.4269217520377637,0.249647728528668,3.407500558482745,0.5498,10996,0,20000,0.5428960295679662,0.5566848436408457,above,ff49,vw
rolling120,1953-10,1963-09,120,3.602834820647556,0.25102014516343374,3.334166634674175,0.60965,12193,0,20000,0.6028687225114377,0.6163891639814585,above,ff49,vw
rolling120,1953-11,1963-10,120,3.5605139564791664,0.25301917865216006,3.255536666127618,0.6127,12254,0,20000,0.6059277740962592,0.6194289409766949,above,ff49,vw
rolling120,1953-12,1963-11,120,3.2679697991515617,0.25539801202490087,3.1104051688665626,0.5851,11702,0,20000,0.5782558796115324,0.5919114358517185,above,ff49,vw
rolling120,1954-01,1963-12,120,3.2937555395552565,0.25740404100646463,3.191258870141322,0.5786,11572,0,20000,0.5717421834973491,0.5854276284346314,above,ff49,vw
rolling120,1954-02,1964-01,120,3.1324134636537515,0.25979048359752666,3.0837294236439687,0.57985,11597,0,20000,0.5729947227233779,0.5866746091184621,above,ff49,vw
rolling120,1954-03,1964-02,120,3.270813914570816,0.2621824111670634,3.0865391450874036,0.6049,12098,0,20000,0.5981051780712563,0.6116545327641729,above,ff49,vw
rolling120,1954-04,1964-03,120,2.792482756138884,0.26508311015355845,3.006967050687205,0.49085,9817,0,20000,0.48392406347509903,0.4977794507847277,below,ff49,vw
rolling120,1954-05,1964-04,120,2.5880679355829983,0.2676110012718589,2.854536433676586,0.47255,9451,0,20000,0.4656368653474973,0.4794736774319828,below,ff49,vw
rolling120,1954-06,1964-05,120,2.7649628436448843,0.2702716540481418,2.7992314029267913,0.55265,11053,0,20000,0.5457495491080094,0.5595302294952827,above,ff49,vw
rolling120,1954-07,1964-06,120,2.58951108008585,0.27331847792353203,2.8153839588221694,0.514,10280,0,20000,0.5070711738856072,0.5209234491048219,above,ff49,vw
rolling120,1954-08,1964-07,120,2.713927091983018,0.2765001832656697,2.7060616768987544,0.58155,11631,0,20000,0.5746982483096272,0.588370430609622,above,ff49,vw
rolling120,1954-09,1964-08,120,2.579932445369608,0.2794346664455909,2.749305385308833,0.53515,10703,0,20000,0.5282315356212984,0.5420549642439575,above,ff49,vw
rolling120,1954-10,1964-09,120,2.501929706012475,0.2818634064458374,2.625373044654433,0.52645,10529,0,20000,0.5195257667297558,0.5333640745628762,above,ff49,vw
rolling120,1954-11,1964-10,120,2.4785078008040413,0.28468153325125445,2.7171126674307486,0.4913,9826,0,20000,0.4843738657504726,0.4982294756769037,below,ff49,vw
rolling120,1954-12,1964-11,120,2.4691641497658106,0.28763452898029485,2.40506127971093,0.5792,11584,0,20000,0.5723433967123884,0.5860261847763247,above,ff49,vw
rolling120,1955-01,1964-12,120,2.334819753486054,0.29059372104329917,2.2366950783270982,0.6046,12092,0,20000,0.5978043451337369,0.6113554809233259,above,ff49,vw
rolling120,1955-02,1965-01,120,2.042619879534567,0.29317284518607156,2.337640872386962,0.4517,9034,0,20000,0.4448128196530282,0.45860573102999147,below,ff49,vw
rolling120,1955-03,1965-02,120,2.0165538213765606,0.295886066261994,2.260924657979464,0.451,9020,0,20000,0.44411390224379194,0.45790491728970634,below,ff49,vw
rolling120,1955-04,1965-03,120,2.2080396949563315,0.2992520040964406,2.230582887775153,0.5136,10272,0,20000,0.506671097682025,0.5205236789372489,above,ff49,vw
rolling120,1955-05,1965-04,120,2.5614409767091657,0.3019777076015382,2.237156111362333,0.60895,12179,0,20000,0.6021666843009701,0.6156914710424046,above,ff49,vw
rolling120,1955-06,1965-05,120,2.5737580343033186,0.30418797532964126,2.1875163015818457,0.6376,12752,0,20000,0.6309122135407091,0.6442349381366507,above,ff49,vw
rolling120,1955-07,1965-06,120,2.339178539293578,0.3074451880552398,1.8345433290391209,0.68035,13607,0,20000,0.6738528570915439,0.6867778755030192,above,ff49,vw
rolling120,1955-08,1965-07,120,2.759516174714608,0.3101880800581529,1.8278731613857286,0.76475,15295,0,20000,0.7588211231000358,0.770577193808257,above,ff49,vw
rolling120,1955-09,1965-08,120,2.978101741669874,0.31241184177550396,1.90337326172956,0.78175,15635,0,20000,0.7759716007618184,0.7874201869205665,above,ff49,vw
rolling120,1955-10,1965-09,120,3.3044350355823378,0.3143773147813578,2.0017137930918802,0.80105,16021,0,20000,0.795459745333993,0.8065246297566265,above,ff49,vw
rolling120,1955-11,1965-10,120,4.055678677358551,0.316082935173867,2.1679455076103515,0.8653,17306,0,20000,0.8604982682664051,0.8699614301910048,above,ff49,vw
rolling120,1955-12,1965-11,120,4.352905027371231,0.3184478640780428,1.9643530764244987,0.9076,18152,0,20000,0.9035079123773396,0.9115355398297237,above,ff49,vw
rolling120,1956-01,1965-12,120,4.038784826615227,0.32042198246107034,1.9547313933791552,0.86865,17373,0,20000,0.8638977762349173,0.8732606355809168,above,ff49,vw
rolling120,1956-02,1966-01,120,4.805744560850992,0.3225300199505312,2.073601644928826,0.90795,18159,0,20000,0.9038646779946352,0.9118786397871891,above,ff49,vw
rolling120,1956-03,1966-02,120,4.029918927295704,0.3246420551156384,1.930815303243664,0.85435,17087,0,20000,0.8493931030703064,0.8591708009767325,above,ff49,vw
rolling120,1956-04,1966-03,120,3.386295264174053,0.32768416867206973,1.6860089308779602,0.81955,16391,0,20000,0.8141591363037279,0.8248181334528155,above,ff49,vw
rolling120,1956-05,1966-04,120,4.056118904689646,0.32967191820097286,1.7394778057834643,0.8808,17616,0,20000,0.8762360515527258,0.885217693786945,above,ff49,vw
rolling120,1956-06,1966-05,120,3.3197762292758135,0.3320598354440756,1.7316927409738483,0.8054,16108,0,20000,0.7998548768217696,0.8108278275551618,above,ff49,vw
rolling120,1956-07,1966-06,120,2.7332731587175805,0.3344527573041547,1.6070577774857968,0.71795,14359,0,20000,0.711672070839783,0.7241442206433608,above,ff49,vw
rolling120,1956-08,1966-07,120,2.864515470755034,0.3361837377317094,1.4497310469579086,0.79015,15803,0,20000,0.7844511278176405,0.795737433659002,above,ff49,vw
rolling120,1956-09,1966-08,120,2.0905745247607403,0.3393851363246574,1.3358076914023282,0.6564,13128,0,20000,0.6497887400057512,0.6629511911158992,above,ff49,vw
rolling120,1956-10,1966-09,120,2.4549133168835047,0.3423264891894151,1.4414892262616505,0.7435,14870,0,20000,0.7374013840709566,0.7495050943697206,above,ff49,vw
rolling120,1956-11,1966-10,120,2.1797203895045127,0.34500444727258617,1.5272575289406856,0.6647,13294,0,20000,0.6581261375602139,0.6712106057629053,above,ff49,vw
rolling120,1956-12,1966-11,120,1.9630075642071536,0.34768908688790057,1.558172762760647,0.55725,11145,0,20000,0.550355712776299,0.564122299095277,above,ff49,vw
rolling120,1957-01,1966-12,120,1.9817156696937288,0.3498402266913929,1.4871673872372133,0.56625,11325,0,20000,0.5593695037628782,0.5731050514596879,above,ff49,vw
rolling120,1957-02,1967-01,120,2.5014012752668533,0.3519941554464605,1.7927263175410193,0.60945,12189,0,20000,0.6026681386744108,0.6161898246329081,above,ff49,vw
rolling120,1957-03,1967-02,120,2.238884509623739,0.35361266401243796,1.876931980166276,0.49625,9925,0,20000,0.48932206124349753,0.5031793790269233,not resolved,ff49,vw
rolling120,1957-04,1967-03,120,2.701202452454587,0.3557734744109413,1.933706136085931,0.6052,12104,0,20000,0.5984060136768556,0.6119535819369399,above,ff49,vw
rolling120,1957-05,1967-04,120,2.587136277421482,0.3567201491561658,1.9252848190748715,0.55485,11097,0,20000,0.5479524224505775,0.5617265111940678,above,ff49,vw
rolling120,1957-06,1967-05,120,2.031556338662529,0.3576673904332546,1.7078345109851365,0.4344,8688,0,20000,0.4275436258487563,0.4412815692818047,below,ff49,vw
rolling120,1957-07,1967-06,120,2.3031131642933733,0.35807371547029554,1.794929399266898,0.4731,9462,0,20000,0.4661863449526907,0.4800239865871278,below,ff49,vw
rolling120,1957-08,1967-07,120,2.80561651344331,0.3583445178063813,1.9040025156804443,0.56955,11391,0,20000,0.5626751371247513,0.5763981506598447,above,ff49,vw
rolling120,1957-09,1967-08,120,2.847310700808639,0.3591574920813776,2.034656681213004,0.5412,10824,0,20000,0.5342867925421748,0.5480973836868022,above,ff49,vw
rolling120,1957-10,1967-09,120,3.316901907784663,0.35997087178938547,2.329205409685466,0.56685,11337,0,20000,0.5599705049365314,0.5737038198427672,above,ff49,vw
rolling120,1957-11,1967-10,120,4.228670574910585,0.36132691014992946,2.375690094993151,0.71725,14345,0,20000,0.7109675173279921,0.7234490430056304,above,ff49,vw
rolling120,1957-12,1967-11,120,4.712331410649259,0.3624129308201727,2.3144874087987146,0.80195,16039,0,20000,0.7963689975240829,0.8074150319016355,above,ff49,vw
rolling120,1958-01,1967-12,120,5.05225886617733,0.36363616669181886,2.556692010811823,0.7846,15692,0,20000,0.778848187082621,0.7902425059942441,above,ff49,vw
rolling120,1958-02,1968-01,120,3.208673174037733,0.36526796106759685,2.2665434964446334,0.5553,11106,0,20000,0.5484030269981522,0.5621757338140426,above,ff49,vw
rolling120,1958-03,1968-02,120,4.2358732774014385,0.36894976639608523,2.2022662433449023,0.7833,15666,0,20000,0.7775360101146456,0.7889551822559655,above,ff49,vw
rolling120,1958-04,1968-03,120,3.639374802115439,0.3729161509725152,2.1164469951438063,0.7174,14348,0,20000,0.7111184915147452,0.7235980112080606,above,ff49,vw
rolling120,1958-05,1968-04,120,3.624686400656092,0.37771751640857,2.306146395449158,0.6369,12738,0,20000,0.6302095793898346,0.6435378411380039,above,ff49,vw
rolling120,1958-06,1968-05,120,3.866979952903206,0.3823966089625499,2.315829534359972,0.66775,13355,0,20000,0.6611904476617466,0.6742451242414301,above,ff49,vw
rolling120,1958-07,1968-06,120,3.8602054729528534,0.38792453701998286,2.256894335759751,0.68095,13619,0,20000,0.6744559629064777,0.6873745392448181,above,ff49,vw
rolling120,1958-08,1968-07,120,3.240405981704182,0.3936110470647334,2.0489344925708037,0.6313,12626,0,20000,0.6245890540145675,0.6379605173170992,above,ff49,vw
rolling120,1958-09,1968-08,120,3.33301442482972,0.3989046516017647,2.0438499441723628,0.65825,13165,0,20000,0.6516468812866925,0.6647923393015505,above,ff49,vw
rolling120,1958-10,1968-09,120,3.9468346247195587,0.402255655857523,2.0331086520470047,0.7497,14994,0,20000,0.7436488954268426,0.7556552017667387,above,ff49,vw
rolling120,1958-11,1968-10,120,3.3667163378459346,0.4058949697976604,1.9787719767498917,0.67135,13427,0,20000,0.6648077351883872,0.6778264540551857,above,ff49,vw
rolling120,1958-12,1968-11,120,3.2980331285460913,0.41024845536990373,2.0576320184152066,0.6402,12804,0,20000,0.6335221314618386,0.6468240216280298,above,ff49,vw
rolling120,1959-01,1968-12,120,3.547897873367466,0.4132034760806169,1.799976179323092,0.7405,14810,0,20000,0.7343789710049105,0.7465286596521032,above,ff49,vw
rolling120,1959-02,1969-01,120,3.7462380868522356,0.41771625037805027,1.754475179183479,0.7904,15808,0,20000,0.7847035493836962,0.7959849160749182,above,ff49,vw
rolling120,1959-03,1969-02,120,2.975906250766271,0.42153682516198154,1.5763629815182623,0.73695,14739,0,20000,0.7308029265961145,0.7430060675168975,above,ff49,vw
rolling120,1959-04,1969-03,120,3.069828443059201,0.4249410243042573,1.6435278672056044,0.74805,14961,0,20000,0.7419860929801588,0.7540186379324075,above,ff49,vw
rolling120,1959-05,1969-04,120,2.4699812611215064,0.4296339438453789,1.5959311301396069,0.63295,12659,0,20000,0.6262450007383712,0.6396039368743106,above,ff49,vw
rolling120,1959-06,1969-05,120,2.4750091784942763,0.43334283254423944,1.5562091824886228,0.63985,12797,0,20000,0.6331707840425497,0.6464755034725579,above,ff49,vw
rolling120,1959-07,1969-06,120,1.7480451691507426,0.4372035923685307,1.3854544090983825,0.5347,10694,0,20000,0.5277811854726346,0.5416054872250715,above,ff49,vw
rolling120,1959-08,1969-07,120,1.5711706941360215,0.4412177270903579,1.1571260841435924,0.575,11500,0,20000,0.5681351214985605,0.5818360730930238,above,ff49,vw
rolling120,1959-09,1969-08,120,1.619325423367854,0.4456770293700065,1.2964081853159048,0.5186,10372,0,20000,0.5116723693492443,0.5255204869094684,above,ff49,vw
rolling120,1959-10,1969-09,120,1.807540423849376,0.4501447781398671,1.3481074271842735,0.5466,10932,0,20000,0.5396923500615703,0.5534897521780006,above,ff49,vw
rolling120,1959-11,1969-10,120,2.210945324215265,0.45448220020808217,1.4424200704497965,0.6235,12470,0,20000,0.6167620751380646,0.6301904919560776,above,ff49,vw
rolling120,1959-12,1969-11,120,1.9415911429896244,0.45825404712663476,1.3191720912419442,0.60605,12121,0,20000,0.5992583957244619,0.6128008734280381,above,ff49,vw
rolling120,1960-01,1969-12,120,2.0945329871446687,0.46261398547762145,1.2111095006091732,0.6917,13834,0,20000,0.6852637134797039,0.6980626598963855,above,ff49,vw
rolling120,1960-02,1970-01,120,2.3035387433328673,0.4665500542115888,1.1909762057455655,0.75805,15161,0,20000,0.7520654786538786,0.7639354115375657,above,ff49,vw
rolling120,1960-03,1970-02,120,2.59362506747505,0.4713756750899398,1.2840575999965593,0.79525,15905,0,20000,0.7896011681604267,0.8007854345484435,above,ff49,vw
rolling120,1960-04,1970-03,120,2.533347733314901,0.4746014114977106,1.302335613610794,0.78895,15779,0,20000,0.7832395488514627,0.7945494735117145,above,ff49,vw
rolling120,1960-05,1970-04,120,1.668389213384338,0.47916400694200934,1.0926285618836529,0.6856,13712,0,20000,0.6791304518906874,0.6919982643252865,above,ff49,vw
rolling120,1960-06,1970-05,120,1.5676200312527455,0.4829994775893107,0.895084749484151,0.763,15260,0,20000,0.7570563949198132,0.7688425941146757,above,ff49,vw
rolling120,1960-07,1970-06,120,1.8879294794202028,0.48802960351090263,0.7554352282653223,0.879,17580,0,20000,0.8744072559386504,0.8834471807308222,above,ff49,vw
rolling120,1960-08,1970-07,120,2.187934098976013,0.4938253844493752,0.9292549194438029,0.8869,17738,0,20000,0.8824361286153338,0.8912152738844524,above,ff49,vw
rolling120,1960-09,1970-08,120,2.09509358808973,0.49919402913742306,0.9640364853075762,0.86715,17343,0,20000,0.8623754857481173,0.871783502175885,above,ff49,vw
rolling120,1960-10,1970-09,120,2.422870347313967,0.5048818659093102,1.1843022593607628,0.8323,16646,0,20000,0.827058558285363,0.8374138145517499,above,ff49,vw
rolling120,1960-11,1970-10,120,2.0958424096729074,0.5084856540535752,1.1553274931829294,0.79425,15885,0,20000,0.7885912494494338,0.7997957373315485,above,ff49,vw
rolling120,1960-12,1970-11,120,1.8921091511384476,0.513457193710398,1.1606736594510805,0.76505,15301,0,20000,0.759123661857621,0.7708745398290379,above,ff49,vw
rolling120,1961-01,1970-12,120,1.7789408068860562,0.5173858964895983,1.1868349288523854,0.72235,14447,0,20000,0.7161011210938814,0.728513480471969,above,ff49,vw
rolling120,1961-02,1971-01,120,2.041875785922687,0.520263462317855,1.1625801566365204,0.7781,15562,0,20000,0.772288133827425,0.7838050557181697,above,ff49,vw
rolling120,1961-03,1971-02,120,1.8596697535880757,0.5231479246489952,1.1215013512313146,0.7487,14974,0,20000,0.7426411225694329,0.7546633586962608,above,ff49,vw
rolling120,1961-04,1971-03,120,2.1743903664143605,0.5246680323582258,1.1488715791597035,0.80475,16095,0,20000,0.7991980665645149,0.8101848874592892,above,ff49,vw
rolling120,1961-05,1971-04,120,2.0834434729786437,0.5263423209032931,1.2124008305045595,0.7626,15252,0,20000,0.7566530478836951,0.7684460947796387,above,ff49,vw
rolling120,1961-06,1971-05,120,1.726954079880744,0.5280182807286011,1.0769565215206574,0.7208,14416,0,20000,0.7145408028648641,0.72697439401276,above,ff49,vw
rolling120,1961-07,1971-06,120,1.8349662957487718,0.5306107269134699,1.1445345961500362,0.7259,14518,0,20000,0.7196751030240216,0.7320381350858303,above,ff49,vw
rolling120,1961-08,1971-07,120,1.2135361004451384,0.5339720201847913,0.9967218048417625,0.5879,11758,0,20000,0.581062156047823,0.5947040840135137,above,ff49,vw
rolling120,1961-09,1971-08,120,1.1808938915213134,0.5390270508085278,1.0268543995015302,0.563,11260,0,20000,0.5561142586414517,0.569861544815479,above,ff49,vw
rolling120,1961-10,1971-09,120,1.1597624653423537,0.5420998810986515,1.0576645714588584,0.537,10740,0,20000,0.5300830345261586,0.5439027548056897,above,ff49,vw
rolling120,1961-11,1971-10,120,1.0664458972991793,0.5448703969045976,0.9211142904687897,0.5649,11298,0,20000,0.5580172885698791,0.5717577851500384,above,ff49,vw
rolling120,1961-12,1971-11,120,1.044678704104932,0.548264021341133,0.8349763743856287,0.60825,12165,0,20000,0.6014646606960292,0.614993763497824,above,ff49,vw
rolling120,1962-01,1971-12,120,1.3100717834832802,0.5510456115581346,1.0011919907816873,0.61715,12343,0,20000,0.6103914808721558,0.623863525079899,above,ff49,vw
rolling120,1962-02,1972-01,120,1.395302254527119,0.551819277565496,1.133884912034099,0.5785,11570,0,20000,0.5716419823019447,0.5853278680372469,above,ff49,vw
rolling120,1962-03,1972-02,120,1.5404576663353389,0.5525936384824448,1.157104324369731,0.6093,12186,0,20000,0.6025177015796354,0.6160403193385001,above,ff49,vw
rolling120,1962-04,1972-03,120,1.392776740461077,0.5536782847368735,1.1867991889636471,0.5452,10904,0,20000,0.5382908307104355,0.5520918092300926,above,ff49,vw
rolling120,1962-05,1972-04,120,1.160538103024571,0.5547634721239376,1.3491216749542194,0.3799,7598,0,20000,0.37319702339077804,0.3866491036698983,below,ff49,vw
rolling120,1962-06,1972-05,120,1.6148259593939946,0.5556940967082098,1.6058885232430562,0.4515,9030,0,20000,0.44461312755930454,0.4584054999381377,below,ff49,vw
rolling120,1962-07,1972-06,120,1.705740601469563,0.5570914267351932,1.780940576712819,0.4232,8464,0,20000,0.41636810270915325,0.4300613940290645,below,ff49,vw
rolling120,1962-08,1972-07,120,1.5322261741208134,0.5577125861753987,1.597441306445397,0.44395,8879,0,20000,0.43707557452203505,0.4508459527198543,below,ff49,vw
rolling120,1962-09,1972-08,120,1.4048755641207649,0.5586450690165692,1.6278919665444067,0.3988,7976,0,20000,0.39203395941831726,0.40560490867943827,below,ff49,vw
rolling120,1962-10,1972-09,120,1.6057755255660044,0.5606670614222389,1.7443613336267512,0.43735,8747,0,20000,0.4304877737949254,0.4442362883229045,below,ff49,vw
rolling120,1962-11,1972-10,120,1.7136081564605217,0.5628463292119767,1.7638054664166418,0.46555,9311,0,20000,0.458644224672186,0.4724690066120796,below,ff49,vw
rolling120,1962-12,1972-11,120,1.5746042700264185,0.5654978649002604,1.6115461320528839,0.4847,9694,0,20000,0.4777773285078424,0.4916285477954745,below,ff49,vw
rolling120,1963-01,1972-12,120,2.002570447110933,0.5676845325754676,1.6050972330701394,0.6153,12306,0,20000,0.6085357102415024,0.6220200062439597,above,ff49,vw
rolling120,1963-02,1973-01,120,1.5437058605092622,0.5706557052556607,1.4064768337049651,0.56865,11373,0,20000,0.5617735699727453,0.5755000634767515,above,ff49,vw
rolling120,1963-03,1973-02,120,1.8172226197038066,0.573633103080649,1.3508840948296381,0.6748,13496,0,20000,0.6682747087934833,0.6812581554013024,above,ff49,vw
rolling120,1963-04,1973-03,120,1.6458690716220867,0.5772441538010773,1.2564482319553476,0.6533,13066,0,20000,0.6466753457542099,0.6598657759909884,above,ff49,vw
rolling120,1963-05,1973-04,120,1.1692050286329878,0.581492093167923,1.0427792126636612,0.58515,11703,0,20000,0.5783059896978112,0.591961306561834,above,ff49,vw
rolling120,1963-06,1973-05,120,1.26107264248078,0.5857518982871903,0.9534576902275833,0.6754,13508,0,20000,0.6688777015699188,0.6818549321815996,above,ff49,vw
rolling120,1963-07,1973-06,120,1.5160715280337422,0.5901818147944278,0.9675771543430434,0.75805,15161,0,20000,0.7520654786538786,0.7639354115375657,above,ff49,vw
rolling120,1963-08,1973-07,120,1.4821299575371691,0.5960496443693151,1.0818337371943616,0.6733,13466,0,20000,0.6667672798813115,0.6797661604216426,above,ff49,vw
rolling120,1963-09,1973-08,120,1.4417903655306463,0.6032139569874317,0.9148205872912725,0.7199,14398,0,20000,0.7136348539616456,0.7260806885808796,above,ff49,vw
rolling120,1963-10,1973-09,120,1.6804366085879545,0.6097694344220068,1.0451913506813169,0.71905,14381,0,20000,0.7127792640036632,0.7252366050001573,above,ff49,vw
rolling120,1963-11,1973-10,120,1.36666099399153,0.6155478469894804,0.985325300252933,0.65285,13057,0,20000,0.6462234271390478,0.6594178674386012,above,ff49,vw
rolling120,1963-12,1973-11,120,1.211985488008024,0.6202203200684366,0.7530616120732567,0.71305,14261,0,20000,0.7067405850435813,0.7192775883929123,above,ff49,vw
rolling120,1964-01,1973-12,120,1.443346196142183,0.6258746935057082,0.7377832646903233,0.77975,15595,0,20000,0.7739531823772934,0.7854393734493161,above,ff49,vw
rolling120,1964-02,1974-01,120,1.598831863169413,0.6312240319788576,0.7027022099028353,0.8015,16030,0,20000,0.7959143659034814,0.8069698363546874,above,ff49,vw
rolling120,1964-03,1974-02,120,1.4294221997090863,0.6364304122923747,0.6744381225368026,0.773,15460,0,20000,0.7671424464862715,0.7787527018270954,above,ff49,vw
rolling120,1964-04,1974-03,120,1.4630759219369658,0.6405088451811505,0.608922356436759,0.8014,16028,0,20000,0.795813338156222,0.806870902509158,above,ff49,vw
rolling120,1964-05,1974-04,120,1.2764122039337096,0.648033364762199,0.5300708971911283,0.77965,15593,0,20000,0.7738522665834098,0.7853403276504107,above,ff49,vw
rolling120,1964-06,1974-05,120,1.062050616474154,0.6560877867523596,0.445493357678842,0.7548,15096,0,20000,0.7487892034230567,0.7607129350027525,above,ff49,vw
rolling120,1964-07,1974-06,120,1.0468486678776472,0.6610411899031641,0.3912713463294635,0.77825,15565,0,20000,0.772439496430901,0.7839536355038766,above,ff49,vw
rolling120,1964-08,1974-07,120,0.8706139750512731,0.6676654817871248,0.2631064045860594,0.78115,15623,0,20000,0.7753660546946802,0.7868259634309721,above,ff49,vw
rolling120,1964-09,1974-08,120,0.7428490778448857,0.6729871107676977,0.16560031528019503,0.7851,15702,0,20000,0.7793528929333398,0.7907376081074695,above,ff49,vw
rolling120,1964-10,1974-09,120,0.2045802938590997,0.6818291846479019,0.007689036284771911,0.6474,12948,0,20000,0.6407507049894059,0.6539926827812543,above,ff49,vw
rolling120,1964-11,1974-10,120,0.3889172088548811,0.6855185098111538,0.16480023205005612,0.6567,13134,0,20000,0.650090052683823,0.6632497632161937,above,ff49,vw
rolling120,1964-12,1974-11,120,0.38971881555487453,0.6897201214120392,0.11520213680819591,0.68765,13753,0,20000,0.6811914852677552,0.6940364436003887,above,ff49,vw
rolling120,1965-01,1974-12,120,0.46538646822723906,0.6962896643025853,0.0808625792323383,0.7522,15044,0,20000,0.7461685143523795,0.7581346226609214,above,ff49,vw
rolling120,1965-02,1975-01,120,0.8370919821627683,0.7013643242476468,0.18944856171541713,0.81475,16295,0,20000,0.8093054946685854,0.8200736186340967,above,ff49,vw
rolling120,1965-03,1975-02,120,1.1964289056180153,0.7035694823947274,0.2514359048661614,0.87605,17521,0,20000,0.8714107597096095,0.8805448099725943,above,ff49,vw
rolling120,1965-04,1975-03,120,1.5986578920899368,0.7044182117103883,0.30262066970869794,0.9127,18254,0,20000,0.9087082709936696,0.9165332224456215,above,ff49,vw
rolling120,1965-05,1975-04,120,1.7266920832582704,0.70662710780771,0.31823901848493863,0.9228,18456,0,20000,0.9190191758710583,0.9264184384398996,above,ff49,vw
rolling120,1965-06,1975-05,120,1.8201154916861761,0.7088388665956173,0.3991637688410423,0.9126,18252,0,20000,0.9086062656999107,0.9164352661465917,above,ff49,vw
rolling120,1965-07,1975-06,120,2.0042787065126486,0.7098605938701139,0.5531839053520131,0.89115,17823,0,20000,0.8867582357211161,0.8953915344721932,above,ff49,vw
rolling120,1965-08,1975-07,120,1.6362354953684162,0.7127583737620282,0.43305066372920886,0.874,17480,0,20000,0.8693289462999432,0.8785274107300904,above,ff49,vw
rolling120,1965-09,1975-08,120,1.0810486301920799,0.7153190610546059,0.35768549200970234,0.80355,16071,0,20000,0.7979855554355079,0.8089978594748309,above,ff49,vw
rolling120,1965-10,1975-09,120,0.8900021698390301,0.7190811006661302,0.2668836126371432,0.7972,15944,0,20000,0.7915706615163537,0.8027151922518977,above,ff49,vw
rolling120,1965-11,1975-10,120,0.8190855682115019,0.7233655217125516,0.3034460879022516,0.7698,15396,0,20000,0.7639144075515161,0.7755819697926098,above,ff49,vw
rolling120,1965-12,1975-11,120,0.6401591188792233,0.7243959345805411,0.3390465891069181,0.7099,14198,0,20000,0.7035708195302077,0.7161485637334395,above,ff49,vw
rolling120,1966-01,1975-12,120,0.5941071349798066,0.7269740207978947,0.3065416097384257,0.72195,14439,0,20000,0.7156984494751465,0.7281163057195487,above,ff49,vw
rolling120,1966-02,1976-01,120,0.6585605071226457,0.7285224135242525,0.45541756764333874,0.6742,13484,0,20000,0.6676717281466054,0.6806613664914478,above,ff49,vw
rolling120,1966-03,1976-02,120,0.7905690812583339,0.72835016415569,0.47758501294434175,0.7075,14150,0,20000,0.7011560071038476,0.7137642979328689,above,ff49,vw
rolling120,1966-04,1976-03,120,0.8121512471051746,0.7286945256149757,0.5508075255915277,0.6939,13878,0,20000,0.6874760294716767,0.7002494989457658,above,ff49,vw
rolling120,1966-05,1976-04,120,0.6627060508445668,0.7300727951191535,0.4972322485290308,0.6664,13328,0,20000,0.659834075774307,0.6729020146262213,above,ff49,vw
rolling120,1966-06,1976-05,120,0.7750274606496075,0.7293835917349811,0.5650296556030179,0.6724,13448,0,20000,0.6658628588104487,0.6788709271574065,above,ff49,vw
rolling120,1966-07,1976-06,120,0.9269161647039557,0.7302450101409059,0.6528193724879661,0.69435,13887,0,20000,0.6879285697150165,0.7006967858699756,above,ff49,vw
rolling120,1966-08,1976-07,120,0.6578663163099832,0.7323140624699234,0.6643716958977777,0.5855,11710,0,20000,0.5786567623292151,0.592310399505191,above,ff49,vw
rolling120,1966-09,1976-08,120,0.9875307864997112,0.7324865865275341,0.7972046483766964,0.6618,13236,0,20000,0.6552128152770811,0.6683250418551636,above,ff49,vw
rolling120,1966-10,1976-09,120,0.9969420006411718,0.7331768202273456,0.8543736305477281,0.63265,12653,0,20000,0.6259439132592544,0.6393051395750611,above,ff49,vw
rolling120,1966-11,1976-10,120,1.02895466664171,0.7324866552416902,0.7420196726811599,0.66875,13375,0,20000,0.6621952065131658,0.6752399813178989,above,ff49,vw
rolling120,1966-12,1976-11,120,1.0483542331931388,0.7324866552416902,0.7245618217660996,0.69665,13933,0,20000,0.6902416654064092,0.7029828068127248,above,ff49,vw
rolling120,1967-01,1976-12,120,1.0707941261969478,0.7324866552416902,0.8192557564736382,0.67965,13593,0,20000,0.6731492491787617,0.6860817522662798,above,ff49,vw
rolling120,1967-02,1977-01,120,0.7791329816621664,0.7312791070402871,0.6140072483063694,0.67325,13465,0,20000,0.6667170335533632,0.6797164259531965,above,ff49,vw
rolling120,1967-03,1977-02,120,0.760113124325754,0.7311066001543722,0.5705967893387702,0.6878,13756,0,20000,0.6813422983196861,0.694185572937641,above,ff49,vw
rolling120,1967-04,1977-03,120,0.46533843171911515,0.7309341620031466,0.4900958042557808,0.5975,11950,0,20000,0.5906854084871477,0.604277144481912,above,ff49,vw
rolling120,1967-05,1977-04,120,0.36757297256032895,0.7319694097076941,0.43747558969229106,0.57855,11571,0,20000,0.5716920828636864,0.5853777482718996,above,ff49,vw
rolling120,1967-06,1977-05,120,0.4736617973287285,0.7326599187916005,0.4807450871843302,0.6271,12542,0,20000,0.6203742952845166,0.6337768891500215,above,ff49,vw
rolling120,1967-07,1977-06,120,0.35224771473465366,0.7349063114259171,0.5157846291247132,0.5554,11108,0,20000,0.5485031621182208,0.5622755602867628,above,ff49,vw
rolling120,1967-08,1977-07,120,0.17180649691291805,0.7366356837459189,0.42662932729726366,0.4924,9848,0,20000,0.48547340605667894,0.4993295128913739,below,ff49,vw
rolling120,1967-09,1977-08,120,0.24351926170486893,0.7388863331217235,0.4161531236062166,0.54185,10837,0,20000,0.5349374182412046,0.5487465083408996,above,ff49,vw
rolling120,1967-10,1977-09,120,0.2848325741911064,0.7407930067326025,0.37151321659639036,0.59835,11967,0,20000,0.5915375972824104,0.6051246292253538,above,ff49,vw
rolling120,1967-11,1977-10,120,0.009001120640922844,0.7425270370212096,0.3544591523472729,0.4226,8452,0,20000,0.4157695153140646,0.42946021186742034,below,ff49,vw
rolling120,1967-12,1977-11,120,-0.07785298463363066,0.7449578240397723,0.40515220312012357,0.32055,6411,0,20000,0.31411714315670636,0.3270517785838296,below,ff49,vw
rolling120,1968-01,1977-12,120,-0.05212531909331386,0.7477405734850664,0.3695408781813079,0.36915,7383,0,20000,0.3624877026005416,0.37586255323534096,below,ff49,vw
rolling120,1968-02,1978-01,120,0.26121397904849997,0.7493072732023338,0.34282367520340085,0.6085,12170,0,20000,0.6017153817363057,0.6152429464395197,above,ff49,vw
rolling120,1968-03,1978-02,120,0.09038611724982837,0.7505270312372392,0.3764463683642101,0.4578,9156,0,20000,0.4509039678996205,0.46471223994351474,below,ff49,vw
rolling120,1968-04,1978-03,120,0.3448625095953215,0.7531428815528955,0.41462397416733343,0.5875,11750,0,20000,0.5806612454880655,0.5943051482021162,above,ff49,vw
rolling120,1968-05,1978-04,120,0.4366975861496585,0.7550630818612778,0.4011821383232579,0.6604,13208,0,20000,0.6538064823955084,0.6669319124376932,above,ff49,vw
rolling120,1968-06,1978-05,120,0.44807629605316324,0.7561114022685618,0.3949079848760797,0.66945,13389,0,20000,0.6628985574706974,0.6759363615098888,above,ff49,vw
rolling120,1968-07,1978-06,120,0.49248166235985136,0.7580348539687463,0.3634594512508702,0.70125,14025,0,20000,0.6948684238218307,0.7075542816655872,above,ff49,vw
rolling120,1968-08,1978-07,120,0.8171245721522915,0.7594345632473838,0.47346758163607694,0.76405,15281,0,20000,0.7581152152082465,0.7698833705505247,above,ff49,vw
rolling120,1968-09,1978-08,120,0.7880396293723375,0.7618874694299633,0.5106770901828463,0.7332,14664,0,20000,0.7270259702041706,0.7392844641792622,above,ff49,vw
rolling120,1968-10,1978-09,120,0.34183094558812166,0.7652207226331067,0.4340443511134642,0.58065,11613,0,20000,0.5737963714445118,0.5874726531396386,above,ff49,vw
rolling120,1968-11,1978-10,120,-0.05005678330363805,0.7694386932965072,0.26216375029100214,0.4352,8704,0,20000,0.4283420144158972,0.4420828734569739,below,ff49,vw
rolling120,1968-12,1978-11,120,-0.02865359618799801,0.7743724000692915,0.23306899780436918,0.47145,9429,0,20000,0.46453793139967026,0.4783730338591333,below,ff49,vw
rolling120,1969-01,1978-12,120,-0.012432495175722535,0.7805561135017745,0.2988752707441873,0.4545,9090,0,20000,0.4476086269365591,0.46140884834454643,below,ff49,vw
rolling120,1969-02,1979-01,120,0.03293385585030406,0.7848069189055387,0.37357891494190354,0.44,8800,0,20000,0.43313272742995346,0.44689031689677916,below,ff49,vw
rolling120,1969-03,1979-02,120,0.11176955278118661,0.7896038317873273,0.41089495945988075,0.4686,9372,0,20000,0.4616908502153097,0.47552120964901373,below,ff49,vw
rolling120,1969-04,1979-03,120,0.12541692527432713,0.7958387645080678,0.45686671143607516,0.4355,8710,0,20000,0.42864141481899687,0.4423833578322406,below,ff49,vw
rolling120,1969-05,1979-04,120,-0.012556654033658687,0.800661966203255,0.4388683581033028,0.33795,6759,0,20000,0.3314261917754591,0.3445360471103243,below,ff49,vw
rolling120,1969-06,1979-05,120,0.01571141198873449,0.806754970467876,0.41349932738467765,0.3641,7282,0,20000,0.35745803818598626,0.3707941572140629,below,ff49,vw
rolling120,1969-07,1979-06,120,0.2413726589471139,0.8121477322939665,0.5851125654822815,0.4041,8082,0,20000,0.3973181784631468,0.41091865405241407,below,ff49,vw
rolling120,1969-08,1979-07,120,0.35810634539906716,0.8164739578559934,0.7218800027050127,0.39225,7845,0,20000,0.38550460796843333,0.3990367758016572,below,ff49,vw
rolling120,1969-09,1979-08,120,0.35571042891229077,0.8213540371457557,0.7402135477475982,0.38355,7671,0,20000,0.37683401046416254,0.39031071473330425,below,ff49,vw
rolling120,1969-10,1979-09,120,0.30043496694742644,0.8251553127152311,0.7820927268280575,0.34735,6947,0,20000,0.340781205116143,0.3539774234917857,below,ff49,vw
rolling120,1969-11,1979-10,120,-0.05367758298170178,0.8300538408905103,0.5646861846284199,0.24415,4883,0,20000,0.23824590665258832,0.2501523581973204,below,ff49,vw
rolling120,1969-12,1979-11,120,0.14449692007520842,0.8386105988015584,0.718210501130939,0.2968,5936,0,20000,0.29050804061178975,0.3031700028414112,below,ff49,vw
rolling120,1970-01,1979-12,120,0.11047220623634124,0.8442740455983437,0.8009566858604356,0.2274,4548,0,20000,0.22164361343752437,0.2332610846202638,below,ff49,vw
rolling120,1970-02,1980-01,120,0.3722738060068853,0.84794059439675,1.0696399535888035,0.26605,5321,0,20000,0.25997116987392965,0.27221868379672176,below,ff49,vw
rolling120,1970-03,1980-02,120,0.27994310822213864,0.8528992900883334,0.9502677550554093,0.2711,5422,0,20000,0.26498366673853213,0.27730424736795256,below,ff49,vw
rolling120,1970-04,1980-03,120,-0.03369059385462603,0.8646906348795886,0.7307621892165928,0.17365,3473,0,20000,0.16846288319736566,0.1789624587364538,below,ff49,vw
rolling120,1970-05,1980-04,120,0.21122862491281813,0.8787917779891261,1.0343368330630964,0.1835,3670,0,20000,0.1781964505309069,0.18892510829260725,below,ff49,vw
rolling120,1970-06,1980-05,120,0.2977718320361322,0.8840246606891853,1.3046257383638,0.1351,2702,0,20000,0.13043257065631597,0.13990757725742914,below,ff49,vw
rolling120,1970-07,1980-06,120,0.28572613436394256,0.8845866087884167,1.5188455395347762,0.08885,1777,0,20000,0.08498527168467038,0.09287263956426445,below,ff49,vw
rolling120,1970-08,1980-07,120,0.3238631317793752,0.8847740925338194,1.5094678569601863,0.0857,1714,0,20000,0.08189968773166499,0.08965943334442329,below,ff49,vw
rolling120,1970-09,1980-08,120,0.44194309724797654,0.8868364137332496,1.446390687176553,0.12515,2503,0,20000,0.12063605785498112,0.12980791157628052,below,ff49,vw
rolling120,1970-10,1980-09,120,0.5023879110330687,0.890777488398895,1.4048076521958959,0.16775,3355,0,20000,0.16263555980440805,0.17299204815487343,below,ff49,vw
rolling120,1970-11,1980-10,120,0.7886335282105446,0.8999998751131644,1.4978748594302824,0.2311,4622,0,20000,0.2253098845530439,0.2369933924379291,below,ff49,vw
rolling120,1970-12,1980-11,120,0.8610791000273017,0.9094563745911315,1.6281408875010652,0.23755,4751,0,20000,0.2317025943263066,0.24349820539954267,below,ff49,vw
rolling120,1971-01,1980-12,120,0.5757218632677408,0.9263794593689254,1.3976586751552196,0.1848,3696,0,20000,0.17948152465361122,0.19023953487615708,below,ff49,vw
rolling120,1971-02,1981-01,120,0.34101768938399846,0.9390454331005802,1.1873137500370508,0.1532,3064,0,20000,0.14827488228930025,0.1582583139192139,below,ff49,vw
rolling120,1971-03,1981-02,120,0.4005090457907716,0.9533471735620018,1.186023806799363,0.18865,3773,0,20000,0.18328790516678065,0.1941316756853557,below,ff49,vw
rolling120,1971-04,1981-03,120,0.2872516708508628,0.9710694659642094,1.1956538676222688,0.13315,2663,0,20000,0.12851194850732012,0.13792894834704378,below,ff49,vw
rolling120,1971-05,1981-04,120,0.2837288860228704,0.9867939930161773,1.0999137637551466,0.1454,2908,0,20000,0.14058272858549536,0.150353463385494,below,ff49,vw
rolling120,1971-06,1981-05,120,0.4177369870798615,1.0038310139952773,1.2085074350272191,0.16645,3329,0,20000,0.16135188065676712,0.17167622659626022,below,ff49,vw
rolling120,1971-07,1981-06,120,0.2867380894736822,1.0233961668668061,1.1805377058440873,0.1321,2642,0,20000,0.12747790603523243,0.1368633940948493,below,ff49,vw
rolling120,1971-08,1981-07,120,0.6961547543062172,1.0403249794182816,1.2664769460493912,0.264,5280,0,20000,0.2579366849992507,0.27015395601923076,below,ff49,vw
rolling120,1971-09,1981-08,120,0.4930591774972761,1.0567742999450935,1.0490899379878722,0.255,5100,0,20000,0.249006828361674,0.2610872693058172,below,ff49,vw
rolling120,1971-10,1981-09,120,0.331012407778992,1.0746022728548499,0.936658714378046,0.21115,4223,0,20000,0.20554952648676236,0.21686141274284923,below,ff49,vw
rolling120,1971-11,1981-10,120,0.4384702902418829,1.0919646909996947,1.1421322496815223,0.1874,3748,0,20000,0.1820519723718029,0.1928680885704737,below,ff49,vw
rolling120,1971-12,1981-11,120,0.4547952016406307,1.1065544616851564,1.2399014725675968,0.16915,3383,0,20000,0.164018108943037,0.17440896131528735,below,ff49,vw
rolling120,1972-01,1981-12,120,0.35350159520347724,1.117048406398144,0.9967731865829947,0.1989,3978,0,20000,0.19342590229873263,0.2044897418142535,below,ff49,vw
rolling120,1972-02,1982-01,120,0.22770463574260558,1.1278141326646023,0.8959240931773338,0.18615,3723,0,20000,0.1808161306358139,0.19160441039660295,below,ff49,vw
rolling120,1972-03,1982-02,120,0.10189825961836352,1.1420349353467496,0.7477360773607198,0.17205,3441,0,20000,0.16688236912760898,0.17734358732159003,below,ff49,vw
rolling120,1972-04,1982-03,120,0.16137733793195652,1.1572024311490456,0.7177669682930821,0.21135,4227,0,20000,0.2057475280118205,0.21706333440336867,below,ff49,vw
rolling120,1972-05,1982-04,120,0.3602916852455291,1.1752705340722205,0.7824949143045239,0.2878,5756,0,20000,0.28156671516530385,0.294114784936907,below,ff49,vw
rolling120,1972-06,1982-05,120,0.289365970917552,1.1917531423064665,0.704239895918874,0.28435,5687,0,20000,0.27814000416449147,0.2906428209865064,below,ff49,vw
rolling120,1972-07,1982-06,120,0.35533292344444734,1.2063954257379685,0.7045881975530284,0.3089,6178,0,20000,0.3025337803401445,0.3153396158404987,below,ff49,vw
rolling120,1972-08,1982-07,120,0.3603081437201687,1.222672293598063,0.6761526995333518,0.3058,6116,0,20000,0.2994523089747812,0.31222227782940987,below,ff49,vw
rolling120,1972-09,1982-08,120,0.4045545807630302,1.2330886459561352,0.8125950253064897,0.26015,5203,0,20000,0.25411628345583953,0.2662758362402739,below,ff49,vw
rolling120,1972-10,1982-09,120,0.43037717165182343,1.236872033137843,0.8604679987571249,0.24145,4829,0,20000,0.2355688640202106,0.24743043782440105,below,ff49,vw
rolling120,1972-11,1982-10,120,0.6783414240393093,1.241105157503343,1.0627007964817157,0.2579,5158,0,20000,0.25188386218043135,0.26400912167793456,below,ff49,vw
rolling120,1972-12,1982-11,120,0.7729092344204935,1.2469105509570726,1.0693819270028535,0.28455,5691,0,20000,0.27833864186229834,0.2908441064742772,below,ff49,vw
rolling120,1973-01,1982-12,120,0.6117833286407306,1.253626433843265,1.074299757109602,0.2182,4364,0,20000,0.21253029525314107,0.22397793626807946,below,ff49,vw
rolling120,1973-02,1983-01,120,1.2216424099650722,1.2592358186347905,1.2260777881176224,0.37465,7493,0,20000,0.36796644893522673,0.38138169450403864,below,ff49,vw
rolling120,1973-03,1983-02,120,0.6566145485176447,1.263735392063659,1.4040335723722914,0.13655,2731,0,20000,0.13186093962371645,0.141378651385466,below,ff49,vw
rolling120,1973-04,1983-03,120,0.6854353768456369,1.267566120877623,1.5077978290257144,0.1209,2418,0,20000,0.11645444889006917,0.12549115284766935,below,ff49,vw
rolling120,1973-05,1983-04,120,0.9762461012024448,1.2718522088498352,1.8391211820169882,0.12875,2575,0,20000,0.12417948045508057,0.13346310631657707,below,ff49,vw
rolling120,1973-06,1983-05,120,0.9008864141236463,1.2759207930463625,1.9456537176555164,0.0834,1668,0,20000,0.07964770667860079,0.08731229776334558,below,ff49,vw
rolling120,1973-07,1983-06,120,0.7622898547547967,1.2795437890356909,2.0885599016533583,0.04685,937,0,20000,0.04400735261717353,0.049866689660474105,below,ff49,vw
rolling120,1973-08,1983-07,120,0.6967565969980518,1.2818088365208218,1.8255296299379875,0.06765,1353,0,20000,0.06425175183396292,0.07121430174375076,below,ff49,vw
rolling120,1973-09,1983-08,120,0.7502236364098811,1.283168404844469,1.924108182262414,0.0703,1406,0,20000,0.06683880734159021,0.0739262284450261,below,ff49,vw
rolling120,1973-10,1983-09,120,0.47795284392797543,1.2849826030207456,1.8203691896456276,0.04225,845,0,20000,0.039548916478539885,0.04512689253082391,below,ff49,vw
rolling120,1973-11,1983-10,120,0.6611193229433538,1.2874798517672161,1.7500153599299635,0.0791,1582,0,20000,0.0754398318408405,0.0829218241111884,below,ff49,vw
rolling120,1973-12,1983-11,120,0.9036295231320142,1.2906644895878947,2.22276236131232,0.0568,1136,0,20000,0.053676475567892235,0.06009374519223891,below,ff49,vw
rolling120,1974-01,1983-12,120,0.722167194540597,1.2927129773071204,2.1504945497922265,0.03735,747,0,20000,0.03480967344514692,0.040068017517566695,below,ff49,vw
rolling120,1974-02,1984-01,120,0.46295120565472914,1.2956748444148407,2.0993817189356396,0.02205,441,0,20000,0.020104763539391127,0.024178803726639282,below,ff49,vw
rolling120,1974-03,1984-02,120,0.6685939810813981,1.298642012139776,1.9699828417367695,0.0546,1092,0,20000,0.051535930610797774,0.05783513510798024,below,ff49,vw
rolling120,1974-04,1984-03,120,0.5982853678904085,1.302527942351229,2.0805899375411663,0.03845,769,0,20000,0.03587260052086774,0.04120466796252244,below,ff49,vw
rolling120,1974-05,1984-04,120,0.9009798520196992,1.3038991748727282,2.236442555099811,0.06935,1387,0,20000,0.065911201029536,0.0729541996255869,below,ff49,vw
rolling120,1974-06,1984-05,120,0.9651951461382682,1.304585199440928,2.194323313102155,0.08125,1625,0,20000,0.07754337692599828,0.08511745327098935,below,ff49,vw
rolling120,1974-07,1984-06,120,0.9879881308426899,1.3080214596786637,2.3511640649729646,0.06575,1315,0,20000,0.06239782169233534,0.06926896162239153,below,ff49,vw
rolling120,1974-08,1984-07,120,1.1407627814122727,1.3107718328183005,2.548674382273832,0.07335,1467,0,20000,0.06981815840955494,0.07704570595711913,below,ff49,vw
rolling120,1974-09,1984-08,120,1.6370673959226867,1.316054909573253,3.3225273968931317,0.0768,1536,0,20000,0.0731904297655396,0.08057210955234734,below,ff49,vw
rolling120,1974-10,1984-09,120,2.415868207094979,1.3172036323733591,3.858594600461995,0.13575,2715,0,20000,0.13107285159353638,0.1405670466733358,below,ff49,vw
rolling120,1974-11,1984-10,120,2.0504652109546653,1.3285003170799845,3.1728420097948327,0.14535,2907,0,20000,0.14053343509051708,0.15030277608407794,below,ff49,vw
rolling120,1974-12,1984-11,120,1.9519306684742994,1.3329007055845121,3.3010566116997877,0.1173,2346,0,20000,0.11291378921551885,0.12183319518182363,below,ff49,vw
rolling120,1975-01,1984-12,120,2.0147814458152107,1.3315106952336175,3.531896787651596,0.09635,1927,0,20000,0.09233777819924728,0.10051725250884598,below,ff49,vw
rolling120,1975-02,1985-01,120,1.650264876311892,1.3331333413726747,3.3085744339143677,0.0746,1492,0,20000,0.07103973497036001,0.0783236493061738,below,ff49,vw
rolling120,1975-03,1985-02,120,1.273490196540548,1.3366180571070756,3.13824773443233,0.04475,895,0,20000,0.041970947075657385,0.04770390175342588,below,ff49,vw
rolling120,1975-04,1985-03,120,0.8195724198481538,1.3415049188936758,3.006556140671411,0.01885,377,0,20000,0.017055553601577556,0.020829242695211917,below,ff49,vw
rolling120,1975-05,1985-04,120,0.7464607774961107,1.348032411698238,2.8189761187978224,0.0215,430,0,20000,0.01957981316728078,0.023603965338411338,below,ff49,vw
rolling120,1975-06,1985-05,120,0.7661454770366432,1.3531754536195209,2.8222296955745323,0.0232,464,0,20000,0.021203439529004595,0.025379686054096767,below,ff49,vw
rolling120,1975-07,1985-06,120,0.8829771850635255,1.3564564471809866,2.696613104135627,0.03995,799,0,20000,0.03732299069253998,0.042753701682681895,below,ff49,vw
rolling120,1975-08,1985-07,120,0.9170291647458773,1.3597397264664695,2.9336562537617072,0.0308,616,0,20000,0.02849413669597293,0.03328606993907565,below,ff49,vw
rolling120,1975-09,1985-08,120,1.3396588295028335,1.3613836534255928,3.0102022070815275,0.0654,1308,0,20000,0.062056396787893965,0.06891052095207217,below,ff49,vw
rolling120,1975-10,1985-09,120,1.3207199742604754,1.3630279074367313,3.002704166183274,0.06565,1313,0,20000,0.06230026886915168,0.0691665528527864,below,ff49,vw
rolling120,1975-11,1985-10,120,1.1626576077126516,1.3651427892154633,2.9562050528058132,0.0497,994,0,20000,0.04677361416941829,0.052799333502709545,below,ff49,vw
rolling120,1975-12,1985-11,120,1.2886540822186863,1.369853759814439,3.110138511584693,0.05315,1063,0,20000,0.050125892826007074,0.05634572979733364,below,ff49,vw
rolling120,1976-01,1985-12,120,1.3593942993054458,1.3738632655784562,3.3449916931224495,0.04825,965,0,20000,0.04536586122239952,0.05130764335429101,below,ff49,vw
rolling120,1976-02,1986-01,120,1.1720032943373284,1.3759897480498613,2.9047825365026037,0.0581,1162,0,20000,0.05494198278723639,0.06142773867914887,below,ff49,vw
rolling120,1976-03,1986-02,120,1.3252968029505499,1.3804888316867912,3.177128024890565,0.06405,1281,0,20000,0.06073973683994803,0.06752769939736959,below,ff49,vw
rolling120,1976-04,1986-03,120,1.4760461607226136,1.3852308413116652,3.2905838970619463,0.06905,1381,0,20000,0.06561831212738652,0.07264720374937007,below,ff49,vw
rolling120,1976-05,1986-04,120,1.527481920128822,1.387606096082938,3.304028565090749,0.0722,1444,0,20000,0.06869457736211046,0.07586972868749267,below,ff49,vw
rolling120,1976-06,1986-05,120,2.0434749503802587,1.3904606615061712,3.5682767088426637,0.12275,2455,0,20000,0.1182744615460692,0.12737042965826176,below,ff49,vw
rolling120,1976-07,1986-06,120,2.168779186713305,1.3926028646281026,3.4410522354697815,0.1608,3216,0,20000,0.15577414327636763,0.1659561339840937,below,ff49,vw
rolling120,1976-08,1986-07,120,2.3071137495141545,1.3937935697463613,3.203386025906367,0.2318,4636,0,20000,0.22600357494489925,0.23769943319559522,below,ff49,vw
rolling120,1976-09,1986-08,120,2.4566551075354024,1.3947470824210266,3.484594024434702,0.2081,4162,0,20000,0.20253025698825586,0.213781853661298,below,ff49,vw
rolling120,1976-10,1986-09,120,2.0846871156003224,1.3949855080564735,3.019071288629968,0.19795,3959,0,20000,0.1924860372582148,0.20352997172327794,below,ff49,vw
rolling120,1976-11,1986-10,120,2.0699013175626932,1.3961781111378686,3.3106887685989355,0.15205,3041,0,20000,0.14714049232522816,0.15709314556621498,below,ff49,vw
rolling120,1976-12,1986-11,120,2.109466536652546,1.3959394479793885,3.344914165729536,0.1582,3164,0,20000,0.15320814052427068,0.16332313532368242,below,ff49,vw
rolling120,1977-01,1986-12,120,1.9593691469412122,1.398087202464629,2.983554967787672,0.18855,3771,0,20000,0.1831890272086521,0.19403059205069545,below,ff49,vw
rolling120,1977-02,1987-01,120,2.8989488927017546,1.3995208934983863,3.6675371038533617,0.26855,5371,0,20000,0.2624524771615625,0.2747364163288084,below,ff49,vw
rolling120,1977-03,1987-02,120,3.780715810656468,1.4014338149879717,3.9710859044291302,0.37795,7559,0,20000,0.37125414076157603,0.38469273523971914,below,ff49,vw
rolling120,1977-04,1987-03,120,4.461907223220073,1.4035869236087022,4.125193081310858,0.4747,9494,0,20000,0.4677848789405628,0.4816248380838761,below,ff49,vw
rolling120,1977-05,1987-04,120,4.9516978166066545,1.4050236163305247,4.014052915019625,0.578,11560,0,20000,0.571140980639407,0.5848290617358407,above,ff49,vw
rolling120,1977-06,1987-05,120,4.795156251902864,1.4052632321137595,4.094663068051792,0.53565,10713,0,20000,0.5287319313056451,0.5425543765235545,above,ff49,vw
rolling120,1977-07,1987-06,120,4.341894440706681,1.4071797765218186,4.059283463412545,0.4727,9454,0,20000,0.4657867225866304,0.47962376258203293,below,ff49,vw
rolling120,1977-08,1987-07,120,4.615548252131772,1.4081386212844254,4.344710475376568,0.46125,9225,0,20000,0.45434942321103317,0.46816545958331496,below,ff49,vw
rolling120,1977-09,1987-08,120,4.3788496323733135,1.4088578980530286,4.632310927588256,0.38395,7679,0,20000,0.37723260883262744,0.3907119627359945,below,ff49,vw
rolling120,1977-10,1987-09,120,3.808242176048684,1.4093376068846637,4.5035370455577315,0.3058,6116,0,20000,0.2994523089747812,0.31222227782940987,below,ff49,vw
rolling120,1977-11,1987-10,120,2.460272554968202,1.4119749552452698,3.4331821300377072,0.25865,5173,0,20000,0.2526279794251534,0.2647647163791283,below,ff49,vw
rolling120,1977-12,1987-11,120,2.0389552661486854,1.4083749926255011,2.9279266355999156,0.2547,5094,0,20000,0.2487092241840258,0.2607849887050991,below,ff49,vw
rolling120,1978-01,1987-12,120,1.719563420520707,1.4059783611272172,3.179366957152313,0.13665,2733,0,20000,0.13195945448463617,0.141480098117335,below,ff49,vw
rolling120,1978-02,1988-01,120,2.1520058776323316,1.401189868021182,3.622117123742374,0.1768,3536,0,20000,0.1715749952401225,0.18214913686654352,below,ff49,vw
rolling120,1978-03,1988-02,120,2.141940443728532,1.4011898680211825,3.909512313832746,0.1397,2794,0,20000,0.1349645645471357,0.14457381663489324,below,ff49,vw
rolling120,1978-04,1988-03,120,2.1068174159562325,1.3990401904311907,3.6625645093064287,0.1612,3224,0,20000,0.1561689550792692,0.16636116855234728,below,ff49,vw
rolling120,1978-05,1988-04,120,1.7188727438693583,1.3971312664682465,3.3451608926780594,0.13135,2627,0,20000,0.12673936441908312,0.1361022237650828,below,ff49,vw
rolling120,1978-06,1988-05,120,1.6051836777786566,1.3971312664682456,3.2589119769438613,0.132,2640,0,20000,0.12737943091296955,0.13676190762432344,below,ff49,vw
rolling120,1978-07,1988-06,120,1.5817793035482262,1.3959391383269746,3.535515061334144,0.10175,2035,0,20000,0.09763632843875743,0.1060166282799299,below,ff49,vw
rolling120,1978-08,1988-07,120,1.1725161815916145,1.3947478400282831,3.2599850964044963,0.06835,1367,0,20000,0.06493497921223973,0.0719308055149954,below,ff49,vw
rolling120,1978-09,1988-08,120,0.9976921352115027,1.3954622636082439,2.9717399863736764,0.0678,1356,0,20000,0.06439814874065382,0.07136784722624302,below,ff49,vw
rolling120,1978-10,1988-09,120,1.2479729650925222,1.3954622636082434,3.161957418671264,0.0904,1808,0,20000,0.08650412690547081,0.09445318903169007,below,ff49,vw
rolling120,1978-11,1988-10,120,2.1230833928264365,1.393796765411456,3.770921451883021,0.16345,3269,0,20000,0.1583899781541811,0.1686392813151829,below,ff49,vw
rolling120,1978-12,1988-11,120,2.0097041277403287,1.390706461742107,3.5351666059385085,0.1782,3564,0,20000,0.1729583555804861,0.1835652388252228,below,ff49,vw
rolling120,1979-01,1988-12,120,1.9936157103017322,1.3871481568278248,3.5556897406038512,0.1689,3378,0,20000,0.163771215682818,0.17415595059353445,below,ff49,vw
rolling120,1979-02,1989-01,120,2.0428480476095867,1.3819365601770142,3.626418136424257,0.1761,3522,0,20000,0.1708833608412915,0.18144104011585308,below,ff49,vw
rolling120,1979-03,1989-02,120,2.2739074191756976,1.3790989508528684,3.6840281595288538,0.2007,4014,0,20000,0.19520683376589307,0.2063081190172911,below,ff49,vw
rolling120,1979-04,1989-03,120,2.3590264712070406,1.375794974529891,3.4975116362718834,0.2527,5054,0,20000,0.24672529286119343,0.2587696881721559,below,ff49,vw
rolling120,1979-05,1989-04,120,2.799744661645944,1.3727309532333747,3.6890566071803166,0.31485,6297,0,20000,0.3084491603763623,0.3213219505752133,below,ff49,vw
rolling120,1979-06,1989-05,120,2.911221145238893,1.3720249233921038,3.948186180381822,0.30055,6011,0,20000,0.2942344658494692,0.3069421373333109,below,ff49,vw
rolling120,1979-07,1989-06,120,2.660849500078762,1.3696719574924985,3.699003751613432,0.2935,5870,0,20000,0.2872292087841286,0.29985010210704255,below,ff49,vw
rolling120,1979-08,1989-07,120,2.87907146816345,1.3680258620571064,3.9894539835044975,0.30345,6069,0,20000,0.2971165814891356,0.30985890788451914,below,ff49,vw
rolling120,1979-09,1989-08,120,2.547847618496065,1.3673208826400005,3.7951511005046994,0.26975,5395,0,20000,0.2636435931147222,0.27594483948911397,below,ff49,vw
rolling120,1979-10,1989-09,120,2.479333957527866,1.3630947816891403,3.789876434294146,0.2571,5142,0,20000,0.25109016276772084,0.26320312834833476,below,ff49,vw
rolling120,1979-11,1989-10,120,2.7861383465394334,1.3586436266527482,4.009827642767715,0.28845,5769,0,20000,0.28221237726172205,0.29476887319361583,below,ff49,vw
rolling120,1979-12,1989-11,120,2.7220049396941244,1.3516370607749795,3.798510178879198,0.3219,6438,0,20000,0.31545972288029583,0.32840868036288867,below,ff49,vw
rolling120,1980-01,1989-12,120,2.636023963414703,1.343716737836262,3.754602853189076,0.3317,6634,0,20000,0.32520770026003826,0.33825693907644655,below,ff49,vw
rolling120,1980-02,1990-01,120,2.3310153307220793,1.3383689714701674,3.149430919006119,0.37835,7567,0,20000,0.3716526713803428,0.38509405099210753,below,ff49,vw
rolling120,1980-03,1990-02,120,1.991065895354701,1.3309522000273049,3.2339517374446354,0.2487,4974,0,20000,0.2427579380150099,0.2547385793067883,below,ff49,vw
rolling120,1980-04,1990-03,120,3.1396483071014254,1.317824616250844,3.912841518921436,0.37925,7585,0,20000,0.3725493830318144,0.3859969936757348,below,ff49,vw
rolling120,1980-05,1990-04,120,2.7342787057606865,1.3047774107278038,3.544880382441055,0.3516,7032,0,20000,0.3450117995326065,0.35824519676884536,below,ff49,vw
rolling120,1980-06,1990-05,120,3.0291376699634966,1.3018052743981285,3.675138102461995,0.4007,8014,0,20000,0.3939282070812753,0.4075099312794671,below,ff49,vw
rolling120,1980-07,1990-06,120,2.851835785177557,1.3022628442767479,3.4923568560581817,0.4003,8006,0,20000,0.39352940926099106,0.4071088827285962,below,ff49,vw
rolling120,1980-08,1990-07,120,2.614733009999132,1.3056980320479759,3.1456932944826894,0.44705,8941,0,20000,0.4401702695109243,0.45395006710741714,below,ff49,vw
rolling120,1980-09,1990-08,120,2.082379023937798,1.3061562391290669,2.6658957992231933,0.4321,8642,0,20000,0.4252483601519425,0.43897771834447646,below,ff49,vw
rolling120,1980-10,1990-09,120,1.825397465135246,1.3027227558946315,2.3649746849485096,0.4521,9042,0,20000,0.4452122072126395,0.45900618984153535,below,ff49,vw
rolling120,1980-11,1990-10,120,1.437428652904282,1.296563913456875,2.2584067054173413,0.36225,7245,0,20000,0.35561568592240345,0.36893722001105345,below,ff49,vw
rolling120,1980-12,1990-11,120,1.3229691204349479,1.287692479956002,2.151129205347524,0.32475,6495,0,20000,0.31829426087537666,0.331273047762288,below,ff49,vw
rolling120,1981-01,1990-12,120,1.7376736748213206,1.2716598902731593,2.3531788941984093,0.4171,8342,0,20000,0.41028294701334755,0.42394889256475465,below,ff49,vw
rolling120,1981-02,1991-01,120,2.647899214888594,1.2599688457072244,2.6756402527465575,0.59735,11947,0,20000,0.5905350244324526,0.6041275861474239,above,ff49,vw
rolling120,1981-03,1991-02,120,3.013625117360082,1.246776190923736,2.892173347887706,0.6254,12508,0,20000,0.6186684753334303,0.6320833620236986,above,ff49,vw
rolling120,1981-04,1991-03,120,3.033286521738658,1.2296828437543725,2.826116248734002,0.6699,13398,0,20000,0.6633507202655644,0.6763840258825713,above,ff49,vw
rolling120,1981-05,1991-04,120,3.160774285562292,1.2175506161716174,2.877559178483461,0.70155,14031,0,20000,0.6951701953759651,0.7078523948898191,above,ff49,vw
rolling120,1981-06,1991-05,120,3.205951863844694,1.2026427128696233,2.9866729586836773,0.69305,13861,0,20000,0.6866212507758406,0.6994046041028975,above,ff49,vw
rolling120,1981-07,1991-06,120,3.4302445811321363,1.1824309938467445,2.844536249824434,0.74715,14943,0,20000,0.7410791584484168,0.7531259181290507,above,ff49,vw
rolling120,1981-08,1991-07,120,3.245246327245913,1.1662632415217242,3.0389034150277148,0.6645,13290,0,20000,0.6579252099142052,0.6710116102233363,above,ff49,vw
rolling120,1981-09,1991-08,120,3.864859479425249,1.1487243803640648,3.4039729789576567,0.7052,14104,0,20000,0.6988420107407887,0.7114791776617861,above,ff49,vw
rolling120,1981-10,1991-09,120,4.737319569365169,1.132169609357704,3.6296736675124253,0.79915,15983,0,20000,0.7935403574564628,0.8046447473711698,above,ff49,vw
rolling120,1981-11,1991-10,120,4.991121010417071,1.115526846869881,3.436861478589358,0.85545,17109,0,20000,0.8505082476866087,0.8602552338811066,above,ff49,vw
rolling120,1981-12,1991-11,120,4.797168135601187,1.1012935604755847,3.085208247587924,0.8765,17530,0,20000,0.8718677972735395,0.8809875995762136,above,ff49,vw
rolling120,1982-01,1991-12,120,5.575752205592932,1.0910860275655718,3.6729505695105376,0.8748,17496,0,20000,0.8701413134519931,0.8793147363203508,above,ff49,vw
rolling120,1982-02,1992-01,120,6.113512005471541,1.0815433730746973,3.777357992299641,0.89125,17825,0,20000,0.8868599568771334,0.8954897749089648,above,ff49,vw
rolling120,1982-03,1992-02,120,6.619817076201198,1.0683429394761257,4.093972292231132,0.88975,17795,0,20000,0.8853342592406287,0.8940160486536378,above,ff49,vw
rolling120,1982-04,1992-03,120,6.381044899900336,1.0552340121512627,4.018456567447149,0.8832,17664,0,20000,0.8786749598165122,0.8875778637500891,above,ff49,vw
rolling120,1982-05,1992-04,120,7.0367361559443715,1.038772630268117,3.8761299272282805,0.93115,18623,0,20000,0.9275574707785235,0.9345769365302976,above,ff49,vw
rolling120,1982-06,1992-05,120,7.091172176705079,1.0230370014178387,4.049327170602495,0.919,18380,0,20000,0.9151378115862275,0.9227012621987568,above,ff49,vw
rolling120,1982-07,1992-06,120,7.168528627259768,1.0102126781124965,4.055001731174277,0.92385,18477,0,20000,0.92009211429212,0.9274450967431199,above,ff49,vw
rolling120,1982-08,1992-07,120,7.43326098854148,0.9954916748289411,4.377364641777523,0.9182,18364,0,20000,0.9143210013182471,0.9219183797244269,above,ff49,vw
rolling120,1982-09,1992-08,120,6.620065249730908,0.9855894731872732,3.6998522291024525,0.9339,18678,0,20000,0.9303726255534538,0.9372607255570585,above,ff49,vw
rolling120,1982-10,1992-09,120,6.60601291160173,0.9806506873122676,3.6827736067810255,0.93335,18667,0,20000,0.9298094611692221,0.9367241011809521,above,ff49,vw
rolling120,1982-11,1992-10,120,5.441058432126029,0.9735621671071542,3.2374727650958866,0.9187,18374,0,20000,0.9148314950318682,0.9224076939747498,above,ff49,vw
rolling120,1982-12,1992-11,120,5.104383716112663,0.9657173408441826,3.199648964894668,0.90755,18151,0,20000,0.9034569472881107,0.9114865241225585,above,ff49,vw
rolling120,1983-01,1992-12,120,5.55577585472145,0.9581020655592989,3.2237109662740906,0.9285,18570,0,20000,0.9248462124578278,0.9319892126420906,above,ff49,vw
rolling120,1983-02,1993-01,120,4.284268686019989,0.9491565203198784,3.097339867168076,0.85105,17021,0,20000,0.8460482384083107,0.8559169330766981,above,ff49,vw
rolling120,1983-03,1993-02,120,6.089431612989233,0.9414079354647007,2.9834035681779345,0.96655,19331,0,20000,0.9639670617160825,0.9689537494399663,above,ff49,vw
rolling120,1983-04,1993-03,120,6.331889193111232,0.9340767716420177,2.949900463921217,0.9739,19478,0,20000,0.9715977487050986,0.9760202395209254,above,ff49,vw
rolling120,1983-05,1993-04,120,5.774118210942986,0.9250506959526943,2.575401192963613,0.9749,19498,0,20000,0.9726391390999737,0.976978465053938,above,ff49,vw
rolling120,1983-06,1993-05,120,6.415406813297085,0.9160649592648622,2.642881590973106,0.9847,19694,0,20000,0.9829034349310033,0.9863104053162088,above,ff49,vw
rolling120,1983-07,1993-06,120,7.104059006211006,0.9080710456571217,2.530863157628166,0.9927,19854,0,20000,0.9914219220373862,0.9937888456329284,above,ff49,vw
rolling120,1983-08,1993-07,120,8.016562636010182,0.8986007704652557,2.6484612065272426,0.99575,19915,0,20000,0.9947482949623955,0.9965613012879767,above,ff49,vw
rolling120,1983-09,1993-08,120,6.927265597828821,0.8889909412380101,2.783468099368017,0.986,19720,0,20000,0.9842758497881283,0.9875374911653378,above,ff49,vw
rolling120,1983-10,1993-09,120,6.597933120201858,0.8796172267618392,2.726165376383885,0.98445,19689,0,20000,0.982639883160256,0.9860740531049844,above,ff49,vw
rolling120,1983-11,1993-10,120,6.347037023596713,0.8695438513901499,2.8911686926503433,0.97285,19457,0,20000,0.9705052059023723,0.9750131855993694,above,ff49,vw
rolling120,1983-12,1993-11,120,6.088990480650662,0.8611893853213757,2.7213296003007756,0.97435,19487,0,20000,0.9720662659557207,0.976451549437853,above,ff49,vw
rolling120,1984-01,1993-12,120,6.943872746145795,0.8519508794873576,2.8311343944891174,0.98205,19641,0,20000,0.9801152178216517,0.9837996402166578,above,ff49,vw
rolling120,1984-02,1994-01,120,8.177267942698403,0.8425771701926121,2.9970313512719318,0.99,19800,0,20000,0.9885238707386358,0.9912879339263817,above,ff49,vw
rolling120,1984-03,1994-02,120,7.232454342132476,0.833429234683762,3.0686896160643817,0.9761,19522,0,20000,0.9738900041999119,0.9781271390674653,above,ff49,vw
rolling120,1984-04,1994-03,120,6.839103157106893,0.8250565805791805,2.8319045624563732,0.97795,19559,0,20000,0.9758211962733607,0.9798952364606088,above,ff49,vw
rolling120,1984-05,1994-04,120,6.499157433659274,0.8152804616077218,2.8567374434693003,0.9714,19428,0,20000,0.9689979058368616,0.9736210425694429,above,ff49,vw
rolling120,1984-06,1994-05,120,6.487300433395241,0.8069947996476157,3.104903038460469,0.95985,19197,0,20000,0.9570398400058627,0.9624835444333378,above,ff49,vw
rolling120,1984-07,1994-06,120,6.382630337826304,0.7991032094556059,2.8931739328300483,0.96785,19357,0,20000,0.9653140287120415,0.9702062831502613,above,ff49,vw
rolling120,1984-08,1994-07,120,6.304005728873641,0.7894670684805409,3.091602777520672,0.9574,19148,0,20000,0.9545121712746013,0.9601121541412742,above,ff49,vw
rolling120,1984-09,1994-08,120,5.7698168429363275,0.7813032794147763,2.844486174125862,0.9556,19112,0,20000,0.9526567276606155,0.958368289085062,above,ff49,vw
rolling120,1984-10,1994-09,120,5.878094281465415,0.7726493174188094,2.768795211073414,0.95875,19175,0,20000,0.9559046426875738,0.9614191642309501,above,ff49,vw
rolling120,1984-11,1994-10,120,6.479152356988302,0.7617677077475256,2.8278707749850067,0.973,19460,0,20000,0.9706612279174368,0.9751571059734881,above,ff49,vw
rolling120,1984-12,1994-11,120,6.314203834908883,0.755471307719837,2.7265265810636166,0.97355,19471,0,20000,0.9712334659847122,0.9756846566665511,above,ff49,vw
rolling120,1985-01,1994-12,120,6.2579133231740744,0.7519826922434465,2.683617707472135,0.9729,19458,0,20000,0.9705572112211454,0.9750611610769908,above,ff49,vw
rolling120,1985-02,1995-01,120,5.784616676726828,0.7479791550430888,2.4665752352955397,0.9753,19506,0,20000,0.9730559451097972,0.9773615054152697,above,ff49,vw
rolling120,1985-03,1995-02,120,5.752788412757501,0.744850936233109,2.5425129835736255,0.97135,19427,0,20000,0.9689459586433671,0.9735730089665431,above,ff49,vw
rolling120,1985-04,1995-03,120,6.567205968970214,0.7420763770023671,2.644042065976878,0.9817,19634,0,20000,0.9797477903897065,0.9834672020738424,above,ff49,vw
rolling120,1985-05,1995-04,120,6.675520877937825,0.7372334323482703,2.7459554316953554,0.9795,19590,0,20000,0.9774420817490553,0.9813737556731404,above,ff49,vw
rolling120,1985-06,1995-05,120,6.801983230065123,0.7351624209049783,2.6648219980570103,0.9842,19684,0,20000,0.9823764451944251,0.9858375870888431,above,ff49,vw
rolling120,1985-07,1995-06,120,7.48090907691717,0.7337818839216623,2.7141326063592914,0.9898,19796,0,20000,0.9883103636241743,0.9911015178552656,above,ff49,vw
rolling120,1985-08,1995-07,120,8.432988394727808,0.7308526161790003,2.8725130358196584,0.99405,19881,0,20000,0.9928851632220217,0.9950250859509413,above,ff49,vw
rolling120,1985-09,1995-08,120,8.487553072878763,0.729475508180051,2.930091087788848,0.99365,19873,0,20000,0.9924503609794934,0.9946600418223145,above,ff49,vw
rolling120,1985-10,1995-09,120,8.835000951402016,0.7265529352537035,3.245021896155735,0.9922,19844,0,20000,0.9908827240222376,0.993328235684133,above,ff49,vw
rolling120,1985-11,1995-10,120,8.476558671209837,0.7234652101832051,3.014212774424955,0.99315,19863,0,20000,0.9919083864584232,0.9942022083794407,above,ff49,vw
rolling120,1985-12,1995-11,120,8.30148830965045,0.7202104801371376,2.9133606929529905,0.99345,19869,0,20000,0.9922333766994632,0.9944771029167673,above,ff49,vw
rolling120,1986-01,1995-12,120,8.042657947124411,0.7174759180226622,2.80104765287972,0.9931,19862,0,20000,0.9918542758696303,0.9941563381718392,above,ff49,vw
rolling120,1986-02,1996-01,120,8.325873184841955,0.7152556329257755,2.856630604428597,0.9939,19878,0,20000,0.9927219774321951,0.9948883293515847,above,ff49,vw
rolling120,1986-03,1996-02,120,7.3837315196650515,0.7128669351379546,2.6435076166293014,0.9914,19828,0,20000,0.9900225854955916,0.9925886814684687,above,ff49,vw
rolling120,1986-04,1996-03,120,7.136671545879942,0.70929136797713,2.4922559498599304,0.99165,19833,0,20000,0.9902910594995947,0.9928201114464376,above,ff49,vw
rolling120,1986-05,1996-04,120,7.276026186500493,0.7082710985573268,2.6076791614232153,0.9915,19830,0,20000,0.9901299416965005,0.9926812868603488,above,ff49,vw
rolling120,1986-06,1996-05,120,7.066458995900232,0.7070811395872898,2.5277068234333364,0.99015,19803,0,20000,0.9886840925215175,0.991427654532683,above,ff49,vw
rolling120,1986-07,1996-06,120,6.382099141362213,0.7050432393012722,2.4474843115005656,0.98575,19715,0,20000,0.9840116592409935,0.9873017777305009,above,ff49,vw
rolling120,1986-08,1996-07,120,5.9663344620748004,0.7038558832850459,2.4621404250577994,0.9775,19550,0,20000,0.9753511199064298,0.9794654856599905,above,ff49,vw
rolling120,1986-09,1996-08,120,5.697629179894847,0.7030078562676834,2.353268084647178,0.97585,19517,0,20000,0.9736292954832814,0.9778879438021238,above,ff49,vw
rolling120,1986-10,1996-09,120,7.033617924877724,0.70283831840245,2.849359019443119,0.9843,19686,0,20000,0.9824818068954797,0.9859321869805773,above,ff49,vw
rolling120,1986-11,1996-10,120,6.861918083617546,0.7021603019507663,2.7098151767782466,0.987,19740,0,20000,0.9853339769564371,0.988478979924917,above,ff49,vw
rolling120,1986-12,1996-11,120,7.281008183891359,0.7024994114839773,2.896109558440015,0.9878,19756,0,20000,0.9861821751214264,0.989230474502238,above,ff49,vw
rolling120,1987-01,1996-12,120,7.110433644134149,0.7019911521313602,2.9574182864500242,0.982,19640,0,20000,0.9800627172499653,0.9837521599919498,above,ff49,vw
rolling120,1987-02,1997-01,120,5.680345368089389,0.7024996139374147,2.695857726363935,0.9646,19292,0,20000,0.9619484793864654,0.9670730807102021,above,ff49,vw
rolling120,1987-03,1997-02,120,4.4379933697792415,0.7018215298534007,2.5230717053813647,0.9267,18534,0,20000,0.9230054180773517,0.9302306983523685,above,ff49,vw
rolling120,1987-04,1997-03,120,3.43531200165435,0.7011439856989854,2.2922259687603908,0.8726,17452,0,20000,0.8679074494008504,0.8771494453301404,above,ff49,vw
rolling120,1987-05,1997-04,120,3.326832761253253,0.7009746165247821,2.497090462190117,0.8275,16550,0,20000,0.8222010885045786,0.8326731278786729,above,ff49,vw
rolling120,1987-06,1997-05,120,4.011340311731328,0.7028386054450622,2.7312970380736825,0.8795,17590,0,20000,0.874915222010443,0.8839390226229735,above,ff49,vw
rolling120,1987-07,1997-06,120,4.409290436925309,0.7009744310163302,2.7341565434194597,0.91075,18215,0,20000,0.9067194424749204,0.9146227999049895,above,ff49,vw
rolling120,1987-08,1997-07,120,4.629908696966494,0.7004664752833969,2.8573156854075985,0.92055,18411,0,20000,0.9167206932142951,0.9242177852589153,above,ff49,vw
rolling120,1987-09,1997-08,120,4.342146038576549,0.6994509682811378,2.5724403660121733,0.92465,18493,0,20000,0.920909728246714,0.9282271755308362,above,ff49,vw
rolling120,1987-10,1997-09,120,4.382600711646678,0.699281784511274,2.8611703475709396,0.90345,18069,0,20000,0.8992789985933988,0.9074660475129303,above,ff49,vw
rolling120,1987-11,1997-10,120,6.087000097990461,0.6962413200857072,3.819355108930428,0.91495,18299,0,20000,0.9110038016052283,0.9187368276718105,above,ff49,vw
rolling120,1987-12,1997-11,120,7.284244132107618,0.6969174501584867,4.380979923979133,0.9421,18842,0,20000,0.9387774609911652,0.9452527407280271,above,ff49,vw
rolling120,1988-01,1997-12,120,7.580816117743931,0.6984387428222412,4.109948382243405,0.9664,19328,0,20000,0.9638117082161854,0.9688091605506801,above,ff49,vw
rolling120,1988-02,1998-01,120,6.137781904994064,0.7008096813404898,3.9182641941247978,0.9267,18534,0,20000,0.9230054180773517,0.9302306983523685,above,ff49,vw
rolling120,1988-03,1998-02,120,6.096206629360666,0.6996245660936864,4.020620923053174,0.9225,18450,0,20000,0.9187126590633863,0.9261250704692052,above,ff49,vw
rolling120,1988-04,1998-03,120,5.967718329178308,0.6987784766043923,4.377045121807305,0.89545,17909,0,20000,0.8911332990735975,0.8996148196096293,above,ff49,vw
rolling120,1988-05,1998-04,120,6.009491220840048,0.6982711766412415,4.384496238476148,0.8965,17930,0,20000,0.8922019634352892,0.9006457519722196,above,ff49,vw
rolling120,1988-06,1998-05,120,5.455876225461778,0.6964125573055484,4.228182550786945,0.8689,17378,0,20000,0.8641515108905491,0.873506804907257,above,ff49,vw
rolling120,1988-07,1998-06,120,5.4332218201477485,0.6950620447711231,4.14524282570084,0.8891,17782,0,20000,0.8846732026089027,0.8933773549322367,above,ff49,vw
rolling120,1988-08,1998-07,120,4.663445840440971,0.6932069375686081,4.078892726800004,0.8325,16650,0,20000,0.8272609857071374,0.8376113103155531,above,ff49,vw
rolling120,1988-09,1998-08,120,4.589779791527848,0.6905136965902705,3.4053964667699868,0.9037,18074,0,20000,0.8995336855572097,0.9077112645310913,above,ff49,vw
rolling120,1988-10,1998-09,120,5.068672647762941,0.6878255412389052,3.520692131059553,0.92695,18539,0,20000,0.9232610455902023,0.9304749748214901,above,ff49,vw
rolling120,1988-11,1998-10,120,5.697362711880228,0.6829605237758372,3.7663384657825496,0.93235,18647,0,20000,0.9287856982562492,0.9357482481660371,above,ff49,vw
rolling120,1988-12,1998-11,120,5.20356038461428,0.6786096265283306,4.15811888087434,0.87575,17515,0,20000,0.8711060788921589,0.8802496060116786,above,ff49,vw
rolling120,1989-01,1998-12,120,4.738626750160583,0.6744393750463467,4.381396576040966,0.8282,16564,0,20000,0.8229093761862053,0.8333645713465677,above,ff49,vw
rolling120,1989-02,1999-01,120,5.087084337159958,0.6711088143799195,4.240577813640344,0.8859,17718,0,20000,0.8814194519917721,0.8902323345801263,above,ff49,vw
rolling120,1989-03,1999-02,120,4.643583226139066,0.6667902745554608,4.128180789989385,0.8617,17234,0,20000,0.8568461535912838,0.8664149275257301,above,ff49,vw
rolling120,1989-04,1999-03,120,5.927477065217226,0.6628166015059591,4.211945088886903,0.9394,18788,0,20000,0.9360081611845944,0.9426230775293009,above,ff49,vw
rolling120,1989-05,1999-04,120,7.121482316728821,0.6578613518739753,4.196560371903898,0.9615,19230,0,20000,0.9587436802795816,0.9640790704406338,above,ff49,vw
rolling120,1989-06,1999-05,120,5.9585526379937095,0.6504594508089561,3.8874731354084124,0.9408,18816,0,20000,0.9374438550052522,0.9439868460076859,above,ff49,vw
rolling120,1989-07,1999-06,120,4.435508696831619,0.6453790970233264,4.1722232808502975,0.8177,16354,0,20000,0.8122882981068087,0.8229896821831424,above,ff49,vw
rolling120,1989-08,1999-07,120,3.595596591695581,0.6401504842025967,3.645316218776281,0.77735,15547,0,20000,0.7715313370864242,0.7830621405132546,above,ff49,vw
rolling120,1989-09,1999-08,120,4.078851638559534,0.6344521253632986,3.502096623110771,0.8686,17372,0,20000,0.8638470299780528,0.8732114010413868,above,ff49,vw
rolling120,1989-10,1999-09,120,4.095784671736642,0.6302299936932101,3.3997864886182114,0.8846,17692,0,20000,0.8800979332657071,0.8889543525999373,above,ff49,vw
rolling120,1989-11,1999-10,120,3.5843627682476216,0.6255342577161436,3.828292953808793,0.79525,15905,0,20000,0.7896011681604267,0.8007854345484435,above,ff49,vw
rolling120,1989-12,1999-11,120,2.932075488978206,0.6202067544382974,3.9251151068194083,0.69165,13833,0,20000,0.6852134355530293,0.6980129570266658,above,ff49,vw
rolling120,1990-01,1999-12,120,3.907021682248157,0.6174691026317722,4.23042482608486,0.8151,16302,0,20000,0.8096593595429563,0.8204196193344867,above,ff49,vw
rolling120,1990-02,2000-01,120,5.4009573843969205,0.6148958197798176,4.393928458677789,0.91265,18253,0,20000,0.9086572681545517,0.916484244488345,above,ff49,vw
rolling120,1990-03,2000-02,120,5.316562095906816,0.612647779461938,4.457579890976083,0.92065,18413,0,20000,0.9168228289281491,0.92431561113785,above,ff49,vw
rolling120,1990-04,2000-03,120,4.798411494530726,0.609923712266901,4.628545358430297,0.87455,17491,0,20000,0.8698874421731083,0.8790687036172639,above,ff49,vw
rolling120,1990-05,2000-04,120,4.755126307635317,0.6062462621346005,4.440021184296086,0.8589,17178,0,20000,0.8540063760350649,0.8636557804838632,above,ff49,vw
rolling120,1990-06,2000-05,120,4.148373919236289,0.6033745465288767,3.791865420426146,0.85295,17059,0,20000,0.8479739660401872,0.8577904757078086,above,ff49,vw
rolling120,1990-07,2000-06,120,3.932286952125202,0.5997098725181285,4.058561566991956,0.82715,16543,0,20000,0.8218469564722863,0.8323273943362044,above,ff49,vw
rolling120,1990-08,2000-07,120,3.715288026124292,0.5965320618853946,4.018617468771126,0.78895,15779,0,20000,0.7832395488514627,0.7945494735117145,above,ff49,vw
rolling120,1990-09,2000-08,120,3.490390318964476,0.593994359422632,4.9603704044285335,0.64255,12851,0,20000,0.6358812779387342,0.6491639725816702,above,ff49,vw
rolling120,1990-10,2000-09,120,2.8381647955718354,0.5925683207312995,4.996956443528637,0.4894,9788,0,20000,0.4824747387790768,0.49632933238531257,below,ff49,vw
rolling120,1990-11,2000-10,120,3.242518613302285,0.5906701463323343,4.937448370273695,0.53605,10721,0,20000,0.5291322528791388,0.542953901321216,above,ff49,vw
rolling120,1990-12,2000-11,120,3.0892739843138726,0.589721153503658,3.9873011422959275,0.58715,11743,0,20000,0.5803104525589667,0.593956075556454,above,ff49,vw
rolling120,1991-01,2000-12,120,3.5437671350002375,0.5881409137884455,3.9205198927678016,0.6529,13058,0,20000,0.6462736399973765,0.6594676353766666,above,ff49,vw
rolling120,1991-02,2001-01,120,2.695339596407499,0.588456898848889,3.854108541682063,0.53415,10683,0,20000,0.5272307651887028,0.5410561187486652,above,ff49,vw
rolling120,1991-03,2001-02,120,2.928333024061451,0.5868760301199389,3.0732674537101756,0.66225,13245,0,20000,0.6556648644524546,0.6687728198473394,above,ff49,vw
rolling120,1991-04,2001-03,120,3.4652777979486498,0.5865600452473538,2.6809537212626293,0.78775,15755,0,20000,0.7820280432857466,0.7933614399639651,above,ff49,vw
rolling120,1991-05,2001-04,120,3.7705884178280957,0.5843505713954229,2.977265906106414,0.78775,15755,0,20000,0.7820280432857466,0.7933614399639651,above,ff49,vw
rolling120,1991-06,2001-05,120,2.948877782130459,0.581985162957986,2.8577149382190314,0.69195,13839,0,20000,0.6855151044322416,0.6983111729258198,above,ff49,vw
rolling120,1991-07,2001-06,120,3.1851495490110704,0.5797796468972998,2.973268611483657,0.7094,14188,0,20000,0.703067716056314,0.7156518592433895,above,ff49,vw
rolling120,1991-08,2001-07,120,2.8556479152511756,0.5767927016001513,2.7243939615138975,0.68945,13789,0,20000,0.683001293649563,0.6958259438887789,above,ff49,vw
rolling120,1991-09,2001-08,120,2.719728839170821,0.574438342599155,2.4029756462908147,0.6986,13972,0,20000,0.6922029159627102,0.704920807315805,above,ff49,vw
rolling120,1991-10,2001-09,120,2.523446496127174,0.5716173302393313,2.13347732212315,0.72235,14447,0,20000,0.7161011210938814,0.728513480471969,above,ff49,vw
rolling120,1991-11,2001-10,120,2.014231936123246,0.5684872419496692,2.1639771997055113,0.6048,12096,0,20000,0.5980049001290152,0.6115548491136252,above,ff49,vw
rolling120,1991-12,2001-11,120,1.9505074103800832,0.5650499753570908,2.5425755734305393,0.51925,10385,0,20000,0.5123225856390401,0.5261700209727997,above,ff49,vw
rolling120,1992-01,2001-12,120,1.6458811995009688,0.5614639871688849,2.2409645810688814,0.492,9840,0,20000,0.48507356933711687,0.4989295032397808,below,ff49,vw
rolling120,1992-02,2002-01,120,1.769616057933987,0.5583516411709399,2.206849164426051,0.5315,10630,0,20000,0.5245788584684993,0.5384090432599661,above,ff49,vw
rolling120,1992-03,2002-02,120,1.763679624450496,0.5560206405110313,2.0951662762016636,0.53785,10757,0,20000,0.5309337552677533,0.5447517076027997,above,ff49,vw
rolling120,1992-04,2002-03,120,2.217122005211027,0.5527640695073701,2.306812409122402,0.5847,11694,0,20000,0.5778550015272949,0.591512467564801,above,ff49,vw
rolling120,1992-05,2002-04,120,2.0125249684489326,0.5501327906814506,2.0958364078698435,0.55425,11085,0,20000,0.5473516252754658,0.5611275388124468,above,ff49,vw
rolling120,1992-06,2002-05,120,2.4114311798673973,0.5479686643282855,2.040432694068236,0.6406,12812,0,20000,0.6339236760693674,0.6472223233916559,above,ff49,vw
rolling120,1992-07,2002-06,120,1.79336626168595,0.54503690549433,1.8825002273593139,0.52485,10497,0,20000,0.5179249352647021,0.5317655205433095,above,ff49,vw
rolling120,1992-08,2002-07,120,1.541572963545395,0.5425724861455208,1.5465916121429775,0.5579,11158,0,20000,0.5510066319116197,0.5647711303130832,above,ff49,vw
rolling120,1992-09,2002-08,120,1.6985302224548215,0.5407261995074051,1.6183998758282518,0.57435,11487,0,20000,0.5674838860551737,0.5811875581832836,above,ff49,vw
rolling120,1992-10,2002-09,120,1.675438948672634,0.5388821226677791,1.3177162035424042,0.63905,12781,0,20000,0.6323677186261057,0.6456788761466915,above,ff49,vw
rolling120,1992-11,2002-10,120,1.4100884750590312,0.5375003069335667,1.4717727966272478,0.5586,11172,0,20000,0.5517076351106308,0.5654698582635936,above,ff49,vw
rolling120,1992-12,2002-11,120,1.2029909900963105,0.535812937545532,1.512270367598147,0.49315,9863,0,20000,0.4862231118598548,0.5000795190341139,not resolved,ff49,vw
rolling120,1993-01,2002-12,120,1.0126063068532565,0.5332093456091269,1.328186908779935,0.4686,9372,0,20000,0.4616908502153097,0.47552120964901373,below,ff49,vw
rolling120,1993-02,2003-01,120,0.7406324816028158,0.5312207472360928,1.244642835244239,0.40765,8153,0,20000,0.4008580689936185,0.4144774000659441,below,ff49,vw
rolling120,1993-03,2003-02,120,0.6391028431061236,0.5292345299427312,1.1969939490665409,0.38145,7629,0,20000,0.37474144818064076,0.3882040835682617,below,ff49,vw
rolling120,1993-04,2003-03,120,0.4954483169541293,0.5269463984764828,1.1674350951159527,0.3396,6792,0,20000,0.3330680875623068,0.34619351760449163,below,ff49,vw
rolling120,1993-05,2003-04,120,0.5917270525931511,0.5248137917747004,1.414753288395465,0.31415,6283,0,20000,0.30775316942384895,0.3206182103782051,below,ff49,vw
rolling120,1993-06,2003-05,120,0.443183285506598,0.5228358852397701,1.4857134519473827,0.23835,4767,0,20000,0.23249561994927373,0.2443048725188858,below,ff49,vw
rolling120,1993-07,2003-06,120,0.42636460101006546,0.5205573278054962,1.5096929849994853,0.2226,4452,0,20000,0.2168883309636091,0.2284182106403177,below,ff49,vw
rolling120,1993-08,2003-07,120,0.16254806079202222,0.5179785693684757,1.5724981147542287,0.12205,2441,0,20000,0.11758576831333598,0.12665939174147353,below,ff49,vw
rolling120,1993-09,2003-08,120,0.44099485821550144,0.5152530218125024,1.5336520818585462,0.2141,4282,0,20000,0.20847025451117526,0.21983955170570538,below,ff49,vw
rolling120,1993-10,2003-09,120,0.5555047385859544,0.5125326393675969,1.500760652795074,0.26195,5239,0,20000,0.2559023700674437,0.2680890582988677,below,ff49,vw
rolling120,1993-11,2003-10,120,0.7552900253490333,0.5102688208093737,1.6117251406355493,0.3078,6156,0,20000,0.3014403162444413,0.31423350241552533,below,ff49,vw
rolling120,1993-12,2003-11,120,0.9124990343031736,0.5075571161934567,1.6924289872256293,0.33995,6799,0,20000,0.3334163799114898,0.3465450908300693,below,ff49,vw
rolling120,1994-01,2003-12,120,0.7087361768765219,0.5053009696562023,1.7582333470429803,0.2569,5138,0,20000,0.25089174206055015,0.263001625869928,below,ff49,vw
rolling120,1994-02,2004-01,120,0.45089058216266453,0.5025981848727796,1.7341603252010613,0.18915,3783,0,20000,0.1837823036252389,0.19463708519084133,below,ff49,vw
rolling120,1994-03,2004-02,120,0.4552949699463551,0.5003490108608952,1.840547886492931,0.1743,3486,0,20000,0.16910501372636222,0.17962007856058432,below,ff49,vw
rolling120,1994-04,2004-03,120,0.6306133457517504,0.4976556547029716,1.9384260028163678,0.2038,4076,0,20000,0.1982744019136009,0.20943936024603543,below,ff49,vw
rolling120,1994-05,2004-04,120,0.7164954839740765,0.4948177712443744,1.8604172689129719,0.2401,4802,0,20000,0.23423046327002808,0.24606935707193509,below,ff49,vw
rolling120,1994-06,2004-05,120,0.9326883801291728,0.49094364225191445,1.8700559395911736,0.3051,6102,0,20000,0.2987565398545786,0.31151831580009093,below,ff49,vw
rolling120,1994-07,2004-06,120,1.243566549801113,0.48752506945042007,2.007554250257306,0.358,7160,0,20000,0.3513836599656166,0.3646708782743171,below,ff49,vw
rolling120,1994-08,2004-07,120,1.223252566955832,0.4848550005184191,1.8021887611999703,0.395,7900,0,20000,0.38824578388173264,0.40179454369004935,below,ff49,vw
rolling120,1994-09,2004-08,120,1.002698490226336,0.4810086091650789,1.6891777957372622,0.358,7160,0,20000,0.3513836599656166,0.3646708782743171,below,ff49,vw
rolling120,1994-10,2004-09,120,1.1044921988560108,0.47717218156337604,1.788421588382473,0.3634,7268,0,20000,0.35676091939145277,0.370091544859075,below,ff49,vw
rolling120,1994-11,2004-10,120,0.987139194236432,0.4731989150857703,1.7829395838835396,0.3217,6434,0,20000,0.3152608182697897,0.32820766178781724,below,ff49,vw
rolling120,1994-12,2004-11,120,1.005912451557033,0.46996982510550844,2.0238542208940107,0.266,5320,0,20000,0.25992154627958725,0.2721683265946698,below,ff49,vw
rolling120,1995-01,2004-12,120,0.9098114034164648,0.4658719402884084,2.0919133287285447,0.23305,4661,0,20000,0.22724236391462743,0.2389601641357268,below,ff49,vw
rolling120,1995-02,2005-01,120,1.0516864762909046,0.4620766136156844,1.9464222006598288,0.291,5820,0,20000,0.2847455110099357,0.29733476006151593,below,ff49,vw
rolling120,1995-03,2005-02,120,1.0358982002132522,0.45858160975843587,1.8900598034733131,0.29185,5837,0,20000,0.28558994242345803,0.29819000218669833,below,ff49,vw
rolling120,1995-04,2005-03,120,0.8631399773500394,0.45495185261689075,1.7667430773241333,0.2692,5384,0,20000,0.2630976578737269,0.275390985969771,below,ff49,vw
rolling120,1995-05,2005-04,120,0.7003448353121087,0.45162012296633414,1.6331947766634367,0.25055,5011,0,20000,0.24459275501307143,0.25660305177531917,below,ff49,vw
rolling120,1995-06,2005-05,120,0.6530049524067758,0.4472886525377491,1.6446500903670191,0.22645,4529,0,20000,0.22070237699651465,0.23230268592978018,below,ff49,vw
rolling120,1995-07,2005-06,120,0.5234729525743662,0.4438314088171458,1.5836532184310421,0.1974,3948,0,20000,0.1919419274313661,0.20297429278978837,below,ff49,vw
rolling120,1995-08,2005-07,120,0.5454394361029977,0.4408129459415695,1.5836532184310421,0.20265,4053,0,20000,0.19713637321112668,0.2082778306314387,below,ff49,vw
rolling120,1995-09,2005-08,120,0.6960694931381601,0.4383750221751712,1.5345479503713735,0.25935,5187,0,20000,0.25332250978843945,0.2654699171653638,below,ff49,vw
rolling120,1995-10,2005-09,120,0.8274222476254405,0.43636991908740286,1.460799662384849,0.3119,6238,0,20000,0.3055161707377342,0.31835607322657244,below,ff49,vw
rolling120,1995-11,2005-10,120,0.6771035289341363,0.43351061796450585,1.4426470375511689,0.267,5340,0,20000,0.2609140372120346,0.2731754515901102,below,ff49,vw
rolling120,1995-12,2005-11,120,0.7143514522193288,0.43194035140429765,1.431882354304633,0.2824,5648,0,20000,0.27620336585006877,0.28868020824154794,below,ff49,vw
rolling120,1996-01,2005-12,120,0.9819920891360547,0.42951792270752476,1.3971514431085166,0.37495,7499,0,20000,0.36826531629208925,0.3816827119255425,below,ff49,vw
rolling120,1996-02,2006-01,120,0.961430066142094,0.42837920485611947,1.4132585080198519,0.35945,7189,0,20000,0.3528274640545272,0.36612651728084383,below,ff49,vw
rolling120,1996-03,2006-02,120,0.6937767908395798,0.4276677897725176,1.3734013089098105,0.28395,5679,0,20000,0.27774273329745686,0.290240245482386,below,ff49,vw
rolling120,1996-04,2006-03,120,0.7528442648562319,0.4273833654693455,1.3900641678965204,0.298,5960,0,20000,0.2917004413753108,0.3043771411913554,below,ff49,vw
rolling120,1996-05,2006-04,120,0.8689945038804805,0.4259625180022244,1.3567263629795092,0.3422,6844,0,20000,0.33565549734512323,0.3488051092341834,below,ff49,vw
rolling120,1996-06,2006-05,120,0.6598007806600377,0.426104517854645,1.2212111576359694,0.30795,6159,0,20000,0.301589422478238,0.3143843385709118,below,ff49,vw
rolling120,1996-07,2006-06,120,0.5559493596966756,0.426104517854645,1.2386640104913744,0.2664,5328,0,20000,0.2603185378430593,0.27257118140235287,below,ff49,vw
rolling120,1996-08,2006-07,120,0.4812190539216563,0.42539465995626013,1.3604412674913293,0.21775,4355,0,20000,0.21208464035006053,0.22352376400361051,below,ff49,vw
rolling120,1996-09,2006-08,120,0.5366633908330105,0.4255366173967494,1.3437411112084376,0.24355,4871,0,20000,0.23765098063935386,0.24954751465382213,below,ff49,vw
rolling120,1996-10,2006-09,120,0.319596648778081,0.42511082987661886,1.2726176256146302,0.1854,3708,0,20000,0.18007466959602358,0.19084615949047745,below,ff49,vw
rolling120,1996-11,2006-10,120,0.3643814832644485,0.424968914836799,1.3251196025515264,0.183,3660,0,20000,0.17770221807908523,0.18841953278048504,below,ff49,vw
rolling120,1996-12,2006-11,120,0.2606200654377109,0.42511082987661886,1.2261505138998854,0.1602,3204,0,20000,0.1551819465399037,0.16534856116382501,below,ff49,vw
rolling120,1997-01,2006-12,120,0.33442935694611253,0.42425967867422365,1.2822776380352723,0.1795,3590,0,20000,0.17424301294241334,0.18488008216954965,below,ff49,vw
rolling120,1997-02,2007-01,120,0.3608398050661865,0.42411789075200623,1.2045489906531763,0.19595,3919,0,20000,0.1905075358368471,0.2015092412888701,below,ff49,vw
rolling120,1997-03,2007-02,120,0.4675782343190573,0.42397603221124003,1.1716716210598106,0.238,4760,0,20000,0.23214866770726117,0.2439519591861376,below,ff49,vw
rolling120,1997-04,2007-03,120,0.7859300818840433,0.42397603221124003,1.30209483024829,0.31595,6319,0,20000,0.30954289465679813,0.322427793815454,below,ff49,vw
rolling120,1997-05,2007-04,120,0.8886504729864089,0.42411782012642596,1.2901954217258997,0.34505,6901,0,20000,0.338491948364036,0.3516675636097509,below,ff49,vw
rolling120,1997-06,2007-05,120,0.9195371560607091,0.4229840811911081,1.213727415665662,0.3709,7418,0,20000,0.36423083934515366,0.3776187443645326,below,ff49,vw
rolling120,1997-07,2007-06,120,0.7012937632082126,0.4234094027257871,1.085951247230092,0.3278,6556,0,20000,0.32132801725524784,0.33433811996247453,below,ff49,vw
rolling120,1997-08,2007-07,120,0.5432304110933841,0.4229842082412525,0.8718188841860515,0.3281,6562,0,20000,0.3216264363855222,0.33463958561056656,below,ff49,vw
rolling120,1997-09,2007-08,120,0.6158190193261299,0.4231259256208202,0.9699674187633487,0.337,6740,0,20000,0.33048089823622145,0.3435817055180687,below,ff49,vw
rolling120,1997-10,2007-09,120,0.926774696898188,0.4214256556977367,0.9282513380483743,0.4585,9170,0,20000,0.45160301884904624,0.4654129201436105,below,ff49,vw
rolling120,1997-11,2007-10,120,1.404975536306341,0.4200101750607148,1.0378156088606865,0.54945,10989,0,20000,0.5425456131032025,0.5563353945308487,above,ff49,vw
rolling120,1997-12,2007-11,120,1.2789565345917264,0.41930292823580184,0.8832743593591592,0.55815,11163,0,20000,0.5512569886060524,0.5650206776006227,above,ff49,vw
rolling120,1998-01,2007-12,120,1.490092580663252,0.416336630316519,0.8386943455485742,0.6283,12566,0,20000,0.6215784567670031,0.6349722667810005,above,ff49,vw
rolling120,1998-02,2008-01,120,1.640081729646361,0.41323403090728217,0.7162122207208221,0.6951,13902,0,20000,0.6886828193999859,0.7014422481309222,above,ff49,vw
rolling120,1998-03,2008-02,120,1.8022349771756594,0.409573896949359,0.5503745475586359,0.775,15500,0,20000,0.7691602153852649,0.7807341647838776,above,ff49,vw
rolling120,1998-04,2008-03,120,1.422413181149229,0.4064848815361817,0.4630876495886209,0.7256,14512,0,20000,0.7193730574399964,0.7317402958914894,above,ff49,vw
rolling120,1998-05,2008-04,120,1.5593175415061924,0.40298372430842044,0.5154389127250332,0.7383,14766,0,20000,0.7321627701841502,0.7443457054315101,above,ff49,vw
rolling120,1998-06,2008-05,120,1.8650575106897302,0.39990945718344184,0.5889298370860949,0.7662,15324,0,20000,0.7602834317004292,0.7720143283033007,above,ff49,vw
rolling120,1998-07,2008-06,120,2.3950216848767862,0.3965633933479267,0.4070311124930346,0.87845,17569,0,20000,0.8738485220777243,0.8829061258314099,above,ff49,vw
rolling120,1998-08,2008-07,120,2.0392701096259898,0.39308589485851475,0.4274228677465557,0.82135,16427,0,20000,0.8159796113210852,0.8265969671056564,above,ff49,vw
rolling120,1998-09,2008-08,120,2.037667964075317,0.38892453103836555,0.7197417484607116,0.7213,14426,0,20000,0.7150441212325819,0.7274708836089864,above,ff49,vw
rolling120,1998-10,2008-09,120,0.9392701194274473,0.3846385803652428,0.46415893821127563,0.54425,10885,0,20000,0.5373398310391756,0.5511431737698592,above,ff49,vw
rolling120,1998-11,2008-10,120,0.48346549888506374,0.38132604787633073,0.13093655917008862,0.5813,11626,0,20000,0.5744477246147591,0.5881210503225184,above,ff49,vw
rolling120,1998-12,2008-11,120,0.5736413594632221,0.37747028779851877,-0.018855658527848762,0.7057,14114,0,20000,0.6993450369399203,0.7119759594265982,above,ff49,vw
rolling120,1999-01,2008-12,120,0.6344792951940283,0.37225571607742447,-0.0626953944276647,0.7219,14438,0,20000,0.7156481159562087,0.7280666584420921,above,ff49,vw
rolling120,1999-02,2009-01,120,0.42960109192924123,0.3674695725734174,-0.17030081577431055,0.7011,14022,0,20000,0.6947175392640029,0.7074052238342318,above,ff49,vw
rolling120,1999-03,2009-02,120,0.6662942537968497,0.36283639215812147,-0.2254589624352058,0.8189,16378,0,20000,0.8135017911543915,0.8241757282490249,above,ff49,vw
rolling120,1999-04,2009-03,120,0.3939266365917258,0.3572726868829563,-0.18729468457617637,0.69995,13999,0,20000,0.6935607846165143,0.7062624201646494,above,ff49,vw
rolling120,1999-05,2009-04,120,0.16937413960599512,0.3524045174371271,-0.1448393500773857,0.55535,11107,0,20000,0.5484530945229025,0.5622256470856868,above,ff49,vw
rolling120,1999-06,2009-05,120,0.2884696603177479,0.3478219228992694,-0.08079840643279246,0.57415,11483,0,20000,0.567283508354761,0.5809880126981187,above,ff49,vw
rolling120,1999-07,2009-06,120,0.543552508112531,0.3425863596529477,-0.12222671824707976,0.69865,13973,0,20000,0.6922532062277243,0.7049704978471852,above,ff49,vw
rolling120,1999-08,2009-07,120,0.8183704530533653,0.3376375954262929,-0.023840735794435353,0.7146,14292,0,20000,0.7083004470175382,0.7208171311071816,above,ff49,vw
rolling120,1999-09,2009-08,120,0.6947138997445919,0.33257431934040804,0.018746701302797986,0.63715,12743,0,20000,0.6304605184050976,0.6437868061047128,above,ff49,vw
rolling120,1999-10,2009-09,120,0.8765040823444015,0.32753020895740814,0.0862665861361227,0.6462,12924,0,20000,0.6395458290145807,0.6527980196426143,above,ff49,vw
rolling120,1999-11,2009-10,120,0.8756417183359722,0.32237295443511105,-0.005649848321864548,0.67865,13573,0,20000,0.6721441239895121,0.6850872615276418,above,ff49,vw
rolling120,1999-12,2009-11,120,1.1043877964041378,0.31762948827731297,0.01217313791810204,0.7122,14244,0,20000,0.7058852150630931,0.7184332848346963,above,ff49,vw
rolling120,2000-01,2009-12,120,0.4732216159715006,0.31198850181814075,-0.037358739043847344,0.49865,9973,0,20000,0.4917214307685029,0.5055790877288485,not resolved,ff49,vw
rolling120,2000-02,2010-01,120,0.0853168693434101,0.30663131343306493,-0.027497879466789943,0.30455,6091,0,20000,0.29820987631172113,0.3109651905826102,below,ff49,vw
rolling120,2000-03,2010-02,120,0.08823952481756048,0.3010368549567508,-0.02277194827555129,0.2632,5264,0,20000,0.25714278571209437,0.2693481625640768,below,ff49,vw
rolling120,2000-04,2010-03,120,0.26736443097218165,0.29508008225564497,-0.016946307921781645,0.35345,7069,0,20000,0.3468535322241694,0.36010275354387483,below,ff49,vw
rolling120,2000-05,2010-04,120,0.5404839150519494,0.2892789072903348,0.06592406284658492,0.45795,9159,0,20000,0.4510537633764445,0.46486238685587394,below,ff49,vw
rolling120,2000-06,2010-05,120,0.36772513014575225,0.28299287082692914,0.021561392454467976,0.419,8380,0,20000,0.41217820840178393,0.42585290143930504,below,ff49,vw
rolling120,2000-07,2010-06,120,0.17142732008453598,0.27800913357969326,-0.08178080017772626,0.36505,7301,0,20000,0.358404152341977,0.37174767818956567,below,ff49,vw
rolling120,2000-08,2010-07,120,0.11604763713524147,0.2720311848059822,0.0018895820101600957,0.2921,5842,0,20000,0.2858383096756803,0.29844153891644803,below,ff49,vw
rolling120,2000-09,2010-08,120,0.24826889004682862,0.2658292417158834,-0.1127132437940338,0.438,8760,0,20000,0.4311365175784691,0.44488729489248785,below,ff49,vw
rolling120,2000-10,2010-09,120,0.5142151309076224,0.25953221036718266,0.022521689385985644,0.4843,9686,0,20000,0.4773775772074473,0.49122845272471444,below,ff49,vw
rolling120,2000-11,2010-10,120,0.6137557375542144,0.25264336076791927,0.08631164955426729,0.5021,10042,0,20000,0.495170804094265,0.5090283893542994,not resolved,ff49,vw
rolling120,2000-12,2010-11,120,0.6598098793869809,0.24641192429011682,0.2168238720093454,0.48115,9623,0,20000,0.47422969090846356,0.48807754885085164,below,ff49,vw
rolling120,2001-01,2010-12,120,0.400212041413327,0.2403348910274088,0.2784549001451455,0.3483,6966,0,20000,0.34172681727126764,0.35493144646815455,below,ff49,vw
rolling120,2001-02,2011-01,120,0.46109082582260164,0.23379642382784094,0.25628302597363395,0.3852,7704,0,20000,0.3784782597717052,0.3919658317067764,below,ff49,vw
rolling120,2001-03,2011-02,120,0.18864985691921632,0.22924865856766652,0.43898982133936104,0.20445,4089,0,20000,0.19891766655186122,0.2100958459609022,below,ff49,vw
rolling120,2001-04,2011-03,120,0.09369380544988815,0.22422981819709564,0.5515822416201808,0.13255,2651,0,20000,0.12792105511095958,0.1373200721866717,below,ff49,vw
rolling120,2001-05,2011-04,120,0.02551444243954748,0.21947387010369113,0.47394583329686624,0.12265,2453,0,20000,0.11817607385068213,0.12726885576086003,below,ff49,vw
rolling120,2001-06,2011-05,120,0.11379589658536915,0.21558400129953248,0.4408185358554424,0.17135,3427,0,20000,0.1661909459670136,0.17663527933266396,below,ff49,vw
rolling120,2001-07,2011-06,120,0.03750549466765807,0.21218986966447217,0.4396464239694515,0.1381,2762,0,20000,0.13338801559619534,0.14295098010121315,below,ff49,vw
rolling120,2001-08,2011-07,120,0.1018078785661174,0.20856417713307263,0.43202071203643677,0.17185,3437,0,20000,0.16668481642587474,0.1771412168377467,below,ff49,vw
rolling120,2001-09,2011-08,120,0.07121474073227274,0.20494968951329495,0.43415555283811,0.17515,3503,0,20000,0.1699447632964735,0.18048000252917762,below,ff49,vw
rolling120,2001-10,2011-09,120,0.0292254664829672,0.20158525081102407,0.4558947297154885,0.1609,3218,0,20000,0.15587284518054245,0.16605739367270766,below,ff49,vw
rolling120,2001-11,2011-10,120,0.17343222332204444,0.19894756616546028,0.578235250820111,0.17715,3543,0,20000,0.17192082390899055,0.1825031737724362,below,ff49,vw
rolling120,2001-12,2011-11,120,0.2609044723031697,0.1969128143810126,0.46144291146044214,0.2465,4930,0,20000,0.2405761846075186,0.2525211776729264,below,ff49,vw
rolling120,2002-01,2011-12,120,0.15183836662572348,0.19512013417974283,0.44693763099095496,0.2153,4306,0,20000,0.2096584725851438,0.22105087274520213,below,ff49,vw
rolling120,2002-02,2012-01,120,0.1416991363279294,0.19344930515252945,0.5400283499047611,0.1823,3646,0,20000,0.17701031781685755,0.18771170189319125,below,ff49,vw
rolling120,2002-03,2012-02,120,0.049400084884898554,0.19189983536655286,0.6437673545646039,0.1335,2670,0,20000,0.1288566510139229,0.13828411141520175,below,ff49,vw
rolling120,2002-04,2012-03,120,-0.02423563101497106,0.190352377276094,0.624080574903727,0.12045,2409,0,20000,0.11601179456549061,0.12503398000469843,below,ff49,vw
rolling120,2002-05,2012-04,120,-0.09444192423012798,0.18856952299160645,0.6960984727375659,0.0911,1822,0,20000,0.08719017763296602,0.09516686945371633,below,ff49,vw
rolling120,2002-06,2012-05,120,-0.21427002499362702,0.1870265427840081,0.6112763786362949,0.0709,1418,0,20000,0.06742476050151042,0.07454004484183857,below,ff49,vw
rolling120,2002-07,2012-06,120,-0.062172528663538285,0.18548541174873479,0.8018891601348197,0.09545,1909,0,20000,0.09145506082408533,0.09960031554890891,below,ff49,vw
rolling120,2002-08,2012-07,120,0.056501291525046904,0.1837098469782672,0.9749065729663806,0.0971,1942,0,20000,0.09307345944950716,0.10128128320450196,below,ff49,vw
rolling120,2002-09,2012-08,120,0.08029874778624735,0.18217317551724088,1.0123874111456908,0.09585,1917,0,20000,0.09184736609424543,0.10000785664990394,below,ff49,vw
rolling120,2002-10,2012-09,120,0.1474730716482009,0.18063849893628192,1.3023684033531002,0.07595,1519,0,20000,0.07235937236305715,0.0797034934161252,below,ff49,vw
rolling120,2002-11,2012-10,120,0.23713134494901467,0.17910581464567144,1.0949036453921295,0.11045,2209,0,20000,0.10618046743742109,0.11486914785389003,below,ff49,vw
rolling120,2002-12,2012-11,120,0.09318999200498812,0.17781035280377155,0.9904349398479693,0.08265,1653,0,20000,0.07891355079682369,0.08654674169920684,below,ff49,vw
rolling120,2003-01,2012-12,120,0.25072339343879424,0.17663383661877097,1.1347335618782832,0.1068,2136,0,20000,0.10259476763758284,0.11115624951693785,below,ff49,vw
rolling120,2003-02,2013-01,120,0.47779619236419046,0.17545837824053034,1.3107128281297071,0.13595,2719,0,20000,0.13126986844708388,0.14076995300536582,below,ff49,vw
rolling120,2003-03,2013-02,120,0.5453113180246885,0.1744014169652619,1.3829446617755492,0.13935,2787,0,20000,0.1346196761771931,0.14421883943007516,below,ff49,vw
rolling120,2003-04,2013-03,120,0.72321799501077,0.17322818877648527,1.4500599131448575,0.16885,3377,0,20000,0.16372183752438255,0.1741053479555755,below,ff49,vw
rolling120,2003-05,2013-04,120,0.6683763180223132,0.17205613264384145,1.2980059547376412,0.18895,3779,0,20000,0.1835845425097004,0.19443492312080224,below,ff49,vw
rolling120,2003-06,2013-05,120,0.9188258065512696,0.17100223063626907,1.2256925960715037,0.3022,6044,0,20000,0.2958742533660486,0.3086017160977464,below,ff49,vw
rolling120,2003-07,2013-06,120,0.8556631215562156,0.16983239823803076,1.1660601703296343,0.30685,6137,0,20000,0.3004959951789213,0.31327818834955196,below,ff49,vw
rolling120,2003-08,2013-07,120,1.2939132514471265,0.1690140883761675,1.2348071972199803,0.4484,8968,0,20000,0.4415180439505198,0.4553017741704703,below,ff49,vw
rolling120,2003-09,2013-08,120,1.0121425408910705,0.16819635093051621,1.1232850802493353,0.39375,7875,0,20000,0.3869997669847807,0.4005410406771415,below,ff49,vw
rolling120,2003-10,2013-09,120,1.1412934462230573,0.16726254089779768,1.229191549751858,0.3964,7928,0,20000,0.38964137780215363,0.4031984120686712,below,ff49,vw
rolling120,2003-11,2013-10,120,0.9751816800413184,0.1664460286777234,1.187610774730579,0.35195,7039,0,20000,0.3453602271064189,0.35859663476979364,below,ff49,vw
rolling120,2003-12,2013-11,120,0.924292231319982,0.16563008761639186,1.2240637643706354,0.33865,6773,0,20000,0.33212274276082426,0.3452392272744807,below,ff49,vw
rolling120,2004-01,2013-12,120,1.065206788475467,0.1646983289532291,1.1908210751647497,0.4055,8110,0,20000,0.3987141476009733,0.41232214721363053,below,ff49,vw
rolling120,2004-02,2014-01,120,1.2975481265872606,0.16388361042593091,1.0720855169920576,0.5227,10454,0,20000,0.5157739300992175,0.5296173514638356,above,ff49,vw
rolling120,2004-03,2014-02,120,1.5440584644882072,0.16318569900652724,1.1374381057400837,0.5839,11678,0,20000,0.5770532592513915,0.5907145170983941,above,ff49,vw
rolling120,2004-04,2014-03,120,1.3732811666663554,0.16213977321063777,1.1733614352483204,0.52395,10479,0,20000,0.5170244988575456,0.530866302615367,above,ff49,vw
rolling120,2004-05,2014-04,120,1.2867163422925811,0.161210804566984,1.2076415840692731,0.48105,9621,0,20000,0.47412976252159295,0.48797751564493336,below,ff49,vw
rolling120,2004-06,2014-05,120,1.1649296678976269,0.16051449586946243,1.2253044612235193,0.4331,8662,0,20000,0.426246283254543,0.43997941116976375,below,ff49,vw
rolling120,2004-07,2014-06,120,0.879594943194487,0.15958682640833555,1.2399316954923303,0.3289,6578,0,20000,0.32242223545091614,0.3354434792874829,below,ff49,vw
rolling120,2004-08,2014-07,120,0.9013486308619143,0.15842839801032516,1.2844691672640391,0.33155,6631,0,20000,0.32505847232036417,0.33810622462693757,below,ff49,vw
rolling120,2004-09,2014-08,120,1.0963279492931113,0.15715552693070123,1.3770519664164844,0.3742,7484,0,20000,0.3675181530545332,0.3809301632171827,below,ff49,vw
rolling120,2004-10,2014-09,120,0.6975063292523289,0.15588405447078313,1.2912808454180724,0.2619,5238,0,20000,0.2558527547638617,0.2680386928060554,below,ff49,vw
rolling120,2004-11,2014-10,120,0.6914455616963766,0.15461397909377972,1.3133970202285687,0.2598,5196,0,20000,0.25376900424165844,0.26592324987969423,below,ff49,vw
rolling120,2004-12,2014-11,120,0.7190207031872509,0.1528846521156062,1.2665456476370083,0.2943,5886,0,20000,0.2880240405734018,0.30065496306007966,below,ff49,vw
rolling120,2005-01,2014-12,120,0.7604984145242082,0.15104298334225819,1.1871137042027318,0.33935,6787,0,20000,0.33281930975858254,0.34594239142624383,below,ff49,vw
rolling120,2005-02,2015-01,120,0.6858024277763655,0.14920425653180724,1.1756628471126653,0.3161,6322,0,20000,0.30969204347488427,0.32257858738655104,below,ff49,vw
rolling120,2005-03,2015-02,120,0.6836780160313971,0.14736846698463157,1.2628684629955633,0.28865,5773,0,20000,0.28241104568973696,0.2949701279511785,below,ff49,vw
rolling120,2005-04,2015-03,120,0.4583897178377754,0.1449640424953913,1.2771452356327617,0.1983,3966,0,20000,0.19283229759176393,0.20388357696448958,below,ff49,vw
rolling120,2005-05,2015-04,120,0.45252032477721205,0.14256465671628704,1.3469061398801188,0.1759,3518,0,20000,0.170685756646391,0.181238721125176,below,ff49,vw
rolling120,2005-06,2015-05,120,0.3271556831722733,0.13982906695559372,1.2899785869635902,0.1495,2990,0,20000,0.14462546009917288,0.15450915717615643,below,ff49,vw
rolling120,2005-07,2015-06,120,0.3476720995304914,0.1372134759608834,1.2370508009540164,0.17135,3427,0,20000,0.1661909459670136,0.17663527933266396,below,ff49,vw
rolling120,2005-08,2015-07,120,0.2346790807501371,0.1344906982849996,1.1814252098012625,0.1581,3162,0,20000,0.15310945766907438,0.16322185658608993,below,ff49,vw
rolling120,2005-09,2015-08,120,0.061117959626025176,0.13109740606679887,1.0687219093554265,0.11465,2293,0,20000,0.11030832803901565,0.11913967414942418,below,ff49,vw
rolling120,2005-10,2015-09,120,-0.017092122885455585,0.12782670861182477,0.9900952852328573,0.1121,2242,0,20000,0.10780189579568444,0.11654708577664152,below,ff49,vw
rolling120,2005-11,2015-10,120,0.15866827082857804,0.12478977621604148,1.182966171066277,0.1401,2802,0,20000,0.13535873514858462,0.14497949240459948,below,ff49,vw
rolling120,2005-12,2015-11,120,0.007834452475456333,0.1213137037344647,1.1125953408788996,0.10165,2033,0,20000,0.09753817311247404,0.10591482201342453,below,ff49,vw
rolling120,2006-01,2015-12,120,-0.12588745813980395,0.11784871920338724,1.0657332140128797,0.0707,1414,0,20000,0.0672294345503234,0.07433544760744804,below,ff49,vw
rolling120,2006-02,2016-01,120,-0.24434624347528477,0.11406128956184114,0.883697717982145,0.0605,1210,0,20000,0.057279493682469845,0.06388930601084612,below,ff49,vw
rolling120,2006-03,2016-02,120,-0.12458977827438622,0.11050837335036223,0.8821913623500128,0.0917,1834,0,20000,0.08777827780660061,0.09577853883681445,below,ff49,vw
rolling120,2006-04,2016-03,120,-0.11229826262122367,0.1066359221132136,0.9770032406773443,0.0811,1622,0,20000,0.07739659217541336,0.0849642956323911,below,ff49,vw
rolling120,2006-05,2016-04,120,0.10432899832573894,0.10277658998149164,0.9738741426606428,0.16055,3211,0,20000,0.15552739157335674,0.16570298170513267,below,ff49,vw
rolling120,2006-06,2016-05,120,0.07063289488516156,0.09816475917603262,1.0741266540871965,0.1302,2604,0,20000,0.12560703222334355,0.13493499764375141,below,ff49,vw
rolling120,2006-07,2016-06,120,0.1996467800256776,0.09400835869309576,1.0728828000217754,0.1795,3590,0,20000,0.17424301294241334,0.18488008216954965,below,ff49,vw
rolling120,2006-08,2016-07,120,0.5947712600272701,0.08986768960640878,1.1629719551366424,0.30515,6103,0,20000,0.2988062370727319,0.31156859937833203,below,ff49,vw
rolling120,2006-09,2016-08,120,0.3188502753013154,0.08552645204573817,1.1220137746294205,0.2051,4102,0,20000,0.19956095349637684,0.21075230936951364,below,ff49,vw
rolling120,2006-10,2016-09,120,0.44507222004282143,0.08131018557528868,1.0813375203675757,0.26245,5249,0,20000,0.2563985287023535,0.2685927076279018,below,ff49,vw
rolling120,2006-11,2016-10,120,0.3089339208519566,0.07711029540125858,0.9684636724039966,0.2454,4908,0,20000,0.23948538631612945,0.25141239844363905,below,ff49,vw
rolling120,2006-12,2016-11,120,0.33434507858640394,0.07271261345429059,1.0214726334215345,0.2428,4856,0,20000,0.2369073453000382,0.24879143804722192,below,ff49,vw
rolling120,2007-01,2016-12,120,0.29611055007658904,0.06875938967960882,1.033252078890361,0.2241,4482,0,20000,0.2183742388482208,0.22993172664753767,below,ff49,vw
year,1927-01,1927-12,12,0.28874428476469793,0.031340782429983394,0.32583722609273513,0.3642,7284,0,20000,0.3575576278292527,0.37089452916358534,below,ff12,ew
year,1928-01,1928-12,12,0.15976997238794488,0.035355979534331006,0.3907859670535341,0.01745,349,0,20000,0.01572576279321689,0.01935957120452968,below,ff12,ew
year,1929-01,1929-12,12,0.02072085855079564,0.04739767766948333,-0.1485230019924365,0.97475,19495,0,20000,0.9724828742567322,0.9768347875079963,above,ff12,ew
year,1930-01,1930-12,12,-0.2604725119769571,0.024261799957746355,-0.2872601404747539,0.8218,16436,0,20000,0.8164347611747771,0.8270416444195139,above,ff12,ew
year,1931-01,1931-12,12,-0.5806934619510247,0.010852440211584602,-0.4376338865587708,0.03165,633,0,20000,0.0293122532131782,0.034167626960574994,below,ff12,ew
year,1932-01,1932-12,12,0.20909742525683916,0.009436727769233544,-0.08658574309335187,0.80255,16051,0,20000,0.7969751902578542,0.8080086087245969,above,ff12,ew
year,1933-01,1933-12,12,0.7555966082647452,0.003003642310775989,0.5679565173050356,0.31195,6239,0,20000,0.305565879907514,0.31840634485318703,below,ff12,ew
year,1934-01,1934-12,12,0.25690354434263774,0.0018014106441925914,0.03263777211935448,0.7689,15378,0,20000,0.763006607562071,0.7746901154469561,above,ff12,ew
year,1935-01,1935-12,12,0.5601556347990095,0.0014008903400870576,0.4500465652631145,0.43675,8735,0,20000,0.42988894402005995,0.44363534854103737,below,ff12,ew
year,1936-01,1936-12,12,0.7215171609515669,0.0018014506902155336,0.3215330595896724,0.94495,18899,0,20000,0.9417027628877542,0.9480263442259181,above,ff12,ew
year,1937-01,1937-12,12,-0.4597911725637618,0.0029037227913610852,-0.34728916228237705,0.45685,9137,0,20000,0.44995527784965655,0.4637612948619852,below,ff12,ew
year,1938-01,1938-12,12,-0.01486319855430518,-0.0004001399919975057,0.28167847492774056,0.0149,298,0,20000,0.013311674761033288,0.01667463862059942,below,ff12,ew
year,1939-01,1939-12,12,-0.2655076411343943,9.99699970003487e-05,0.025054688210840448,0.01425,285,0,20000,0.012698222269499166,0.015988340759006476,below,ff12,ew
year,1940-01,1940-12,12,-0.18470719195801255,-0.00020000999799996144,-0.07206559093168252,0.11635,2327,0,20000,0.11197967091373243,0.12086767835211665,below,ff12,ew
year,1941-01,1941-12,12,0.1340977697436665,0.00039999998799933323,-0.10550183945566882,0.99115,19823,0,20000,0.9897543843175848,0.9923569786645036,above,ff12,ew
year,1942-01,1942-12,12,0.1709720872957421,0.0028035526933587462,0.1649378017045231,0.08995,1799,0,20000,0.08606313223600487,0.09399435653360655,below,ff12,ew
year,1943-01,1943-12,12,0.6185950683091377,0.0035056154485657576,0.28319964874993064,0.47615,9523,0,20000,0.46923361187813134,0.48307554824174487,below,ff12,ew
year,1944-01,1944-12,12,0.5033079765386623,0.003304984546793177,0.21344771087952652,0.9096,18192,0,20000,0.9055468109683099,0.9134958730945292,above,ff12,ew
year,1945-01,1945-12,12,0.5286272032439223,0.003204684138460978,0.38735699571189386,0.26235,5247,0,20000,0.2562992961614089,0.26849197857605767,below,ff12,ew
year,1946-01,1946-12,12,0.07025874207764615,0.003605945944011646,-0.06396093599835928,0.9749,19498,0,20000,0.9726391390999737,0.976978465053938,above,ff12,ew
year,1947-01,1947-12,12,0.19452374318181387,0.005011295205622046,0.03433766682547601,0.99345,19869,0,20000,0.9922333766994632,0.9944771029167673,above,ff12,ew
year,1948-01,1948-12,12,0.055357557333456375,0.008129886047645751,0.018551882838878653,0.8273,16546,0,20000,0.8219987263812971,0.8324755668163768,above,ff12,ew
year,1949-01,1949-12,12,0.3562672944654348,0.011156624285102223,0.20198664134954614,0.87855,17571,0,20000,0.8739501078144566,0.8830045016874667,above,ff12,ew
year,1950-01,1950-12,12,0.45679430073482696,0.012167285608503553,0.30066784084275433,0.8483,16966,0,20000,0.8432614904816204,0.8532047372016972,above,ff12,ew
year,1951-01,1951-12,12,0.19446795534811967,0.014900682357238404,0.20694463164474208,0.59225,11845,0,20000,0.5854223589018916,0.5990422104457571,above,ff12,ew
year,1952-01,1952-12,12,0.1561422435488624,0.016523610223636576,0.13474905746088828,0.8387,16774,0,20000,0.8335375745480917,0.843732340227503,above,ff12,ew
year,1953-01,1953-12,12,0.1855414822097572,0.01825047080823472,0.007186150650095424,0.99775,19955,0,20000,0.99699090398009,0.9983179241260579,above,ff12,ew
year,1954-01,1954-12,12,0.6175267714404771,0.00863377969622614,0.5030563197321551,0.75875,15175,0,20000,0.7527711986760033,0.7646294226649626,above,ff12,ew
year,1955-01,1955-12,12,0.2808369957832022,0.015711204189441386,0.25355601474255596,0.9061,18122,0,20000,0.9019791135620546,0.9100649147531773,above,ff12,ew
year,1956-01,1956-12,12,0.1323643228048894,0.02467423803643598,0.0833752446150553,0.9011,18022,0,20000,0.8968853477345116,0.9051606009412814,above,ff12,ew
year,1957-01,1957-12,12,0.17550831506430198,0.031546885166551686,-0.10004075784085131,0.99995,19999,0,20000,0.9997168094297738,0.9999911737177268,above,ff12,ew
year,1958-01,1958-12,12,0.7330175599770588,0.015303139073847838,0.44980999895087215,0.8279,16558,0,20000,0.8226058204601618,0.8330682422942446,above,ff12,ew
year,1959-01,1959-12,12,0.24840381365472575,0.02969530696561873,0.12760655494675488,0.75775,15155,0,20000,0.7517630338334711,0.7636379715796071,above,ff12,ew
year,1960-01,1960-12,12,-0.07166603069718214,0.026718544210524664,0.012009681750979384,0.15405,3081,0,20000,0.14911340748077836,0.1591194622664404,below,ff12,ew
year,1961-01,1961-12,12,0.2477384481193805,0.021203049199982615,0.26938753950174754,0.2583,5166,0,20000,0.2522807218195613,0.26441210840995966,below,ff12,ew
year,1962-01,1962-12,12,-0.11045073582850673,0.027336311308160388,-0.1018704309519155,0.5979,11958,0,20000,0.5910864358639055,0.6046759634763091,above,ff12,ew
year,1963-01,1963-12,12,0.19964787046380872,0.0311354082386468,0.20958714314537952,0.66015,13203,0,20000,0.6535553582554832,0.6666831325957465,above,ff12,ew
year,1964-01,1964-12,12,0.2130618731179308,0.03525706968952491,0.16073359896318462,0.73525,14705,0,20000,0.7290906361226133,0.7413190109129895,above,ff12,ew
year,1965-01,1965-12,12,0.5259963433152792,0.03918636823954258,0.1443528724471268,0.966,19320,0,20000,0.9633974969773603,0.9684235254183501,above,ff12,ew
year,1966-01,1966-12,12,0.007844149242580256,0.04750339219432975,-0.08806073452750662,0.7553,15106,0,20000,0.7492932157052042,0.7612087306845486,above,ff12,ew
year,1967-01,1967-12,12,0.8822755879704878,0.042089732130200286,0.28695714774520886,0.88925,17785,0,20000,0.8848257499326414,0.8935247499976812,above,ff12,ew
year,1968-01,1968-12,12,0.6980920568564457,0.052208763937099834,0.14135085333978759,0.98425,19685,0,20000,0.982429123811428,0.9858848892682346,above,ff12,ew
year,1969-01,1969-12,12,-0.15533870574674746,0.06569703672500249,-0.10954186503304186,0.8277,16554,0,20000,0.8224034531963537,0.8328706863724754,above,ff12,ew
year,1970-01,1970-12,12,0.1794894818788788,0.06516705987919003,0.00089937643527227,0.99475,19895,0,20000,0.993649046241228,0.9956609340812566,above,ff12,ew
year,1971-01,1971-12,12,0.023777924659012628,0.04385608936775598,0.1616277679367737,0.0199,398,0,20000,0.018054680184292606,0.021929712836779053,below,ff12,ew
year,1972-01,1972-12,12,0.12314664311351375,0.03835711405871445,0.16916061329614052,0.7463,14926,0,20000,0.7402226405415743,0.7522827624971885,above,ff12,ew
year,1973-01,1973-12,12,-0.08659800846656396,0.06940964906929548,-0.19312021529983903,0.997,19940,0,20000,0.9961406935607934,0.9976684225994387,above,ff12,ew
year,1974-01,1974-12,12,-0.1615499971166272,0.08009299500444977,-0.27804949151668024,0.8468,16936,0,20000,0.841741686080786,0.8517251177106997,above,ff12,ew
year,1975-01,1975-12,12,0.8070265243539645,0.05798431629002354,0.3832883780080145,0.8641,17282,0,20000,0.8592807732548684,0.8687793860890762,above,ff12,ew
year,1976-01,1976-12,12,0.4769864100234338,0.05084710391799252,0.2698032315995835,0.44615,8923,0,20000,0.4392717817502054,0.45304890053303704,below,ff12,ew
year,1977-01,1977-12,12,0.3149315842285678,0.05126495522821517,-0.031175019766812806,0.9256,18512,0,20000,0.9218808014130501,0.9291557374959937,above,ff12,ew
year,1978-01,1978-12,12,0.29077322221355195,0.07196501341871309,0.08245940100341231,0.70685,14137,0,20000,0.7005020319386753,0.713118522744914,above,ff12,ew
year,1979-01,1979-12,12,1.1917647108631466,0.1038334430458423,0.23466553545879343,0.99995,19999,0,20000,0.9997168094297738,0.9999911737177268,above,ff12,ew
year,1980-01,1980-12,12,0.748534645452051,0.11258733475368765,0.33252237086475556,0.9563,19126,0,20000,0.9533781324898459,0.9590466154053531,above,ff12,ew
year,1981-01,1981-12,12,0.05647931131689865,0.1471747478188743,-0.03259492110308704,0.637,12740,0,20000,0.6303099547623021,0.6436374273583252,above,ff12,ew
year,1982-01,1982-12,12,0.48282377719422365,0.10534507994232367,0.21455435824057512,0.97565,19513,0,20000,0.9734207715188936,0.977696544580934,above,ff12,ew
year,1983-01,1983-12,12,0.5705823514978046,0.087957322322191,0.22550771908568645,0.95145,19029,0,20000,0.9483836714820381,0.9543429391629051,above,ff12,ew
year,1984-01,1984-12,12,0.054989602940316296,0.09837053073148505,0.03850526910283558,0.97595,19519,0,20000,0.9737335717583239,0.9779836291198701,above,ff12,ew
year,1985-01,1985-12,12,0.3208851696890076,0.0772029093125699,0.3262386133802917,0.7533,15066,0,20000,0.7472772317351749,0.7592254827988024,above,ff12,ew
year,1986-01,1986-12,12,0.15053000926833549,0.06157040643142686,0.16417506145248417,0.8029,16058,0,20000,0.7973288118088725,0.8083548527483392,above,ff12,ew
year,1987-01,1987-12,12,0.12995852725090273,0.05472425335115183,0.016447656023945934,0.9277,18554,0,20000,0.9240280020218709,0.9312077303357372,above,ff12,ew
year,1988-01,1988-12,12,0.24932322074385338,0.06357536181976098,0.17992730438092464,0.67875,13575,0,20000,0.6722446349766514,0.6851867121332912,above,ff12,ew
year,1989-01,1989-12,12,0.36745996575748285,0.08375046134037079,0.2885742032222962,0.9958,19916,0,20000,0.9948035509604237,0.9966060260863429,above,ff12,ew
year,1990-01,1990-12,12,-0.07536884409436662,0.07838118061963528,-0.06023993422837459,0.92345,18469,0,20000,0.9196833519407921,0.9270540127232929,above,ff12,ew
year,1991-01,1991-12,12,1.1488520166616616,0.05598602000744668,0.34816431124513314,0.99965,19993,0,20000,0.9992776515467302,0.9998304468224045,above,ff12,ew
year,1992-01,1992-12,12,0.2569331410763318,0.03504994804571826,0.0977917454354833,0.5293,10586,0,20000,0.5223774242580406,0.5362113224290717,above,ff12,ew
year,1993-01,1993-12,12,0.6132615304047537,0.028977781780637812,0.11160181432651584,0.99345,19869,0,20000,0.9922333766994632,0.9944771029167673,above,ff12,ew
year,1994-01,1994-12,12,0.10869088808464356,0.03908056138318705,-0.0014820664936643357,0.9934,19868,0,20000,0.9921791719019251,0.9944313269179108,above,ff12,ew
year,1995-01,1995-12,12,0.6122337697035336,0.05598649105331033,0.36851773687640366,0.99955,19991,0,20000,0.9991449078924859,0.99976322888386,above,ff12,ew
year,1996-01,1996-12,12,0.4457962919488483,0.05199928578383717,0.21206785537948347,0.9779,19558,0,20000,0.9757689547797215,0.9798474971578537,above,ff12,ew
year,1997-01,1997-12,12,0.20718746478860517,0.05252282460020541,0.31247057540483114,0.54765,10953,0,20000,0.540743525684109,0.5545381732797442,above,ff12,ew
year,1998-01,1998-12,12,0.08435419730986471,0.04854677372757088,0.24260682903123243,0.8698,17396,0,20000,0.8650650023562485,0.8743929677766564,above,ff12,ew
year,1999-01,1999-12,12,0.9044806589214371,0.046877487656105554,0.2524240515544398,0.98935,19787,0,20000,0.98783046281739,0.9906815914945004,above,ff12,ew
year,2000-01,2000-12,12,0.5389606782134224,0.058827813659585004,-0.11592112460980486,0.97335,19467,0,20000,0.9710253505468551,0.9754928489188306,above,ff12,ew
year,2001-01,2001-12,12,0.10923893648351823,0.03824800864936062,-0.11201399904333464,0.37605,7521,0,20000,0.36936118676430524,0.38278641897400306,below,ff12,ew
year,2002-01,2002-12,12,-0.18042466196848095,0.01632075190748239,-0.21138775004858779,0.3592,7184,0,20000,0.3525785276075277,0.36587554974587133,below,ff12,ew
year,2003-01,2003-12,12,0.8123254549177574,0.010247724555652926,0.3169291440246156,0.81205,16241,0,20000,0.8065759219218739,0.8174042283755113,above,ff12,ew
year,2004-01,2004-12,12,0.3573109729347703,0.011863454109524163,0.11931461886375816,0.88345,17669,0,20000,0.8789290471035152,0.8878236804450581,above,ff12,ew
year,2005-01,2005-12,12,0.20198475551275363,0.02979774263278001,0.061007835307562264,0.93015,18603,0,20000,0.9265341827401457,0.9336006086407875,above,ff12,ew
year,2006-01,2006-12,12,0.09184104469463983,0.04812968129714923,0.15398439680005582,0.1861,3722,0,20000,0.1807666988703563,0.19155386136566616,below,ff12,ew
year,2007-01,2007-12,12,0.02926645570032793,0.046667720112056,0.057378903196549036,0.85365,17073,0,20000,0.8486835153428057,0.8584806575547116,above,ff12,ew
year,2008-01,2008-12,12,-0.3246183005295038,0.015912653124452003,-0.36656078451194607,0.9361,18722,0,20000,0.932625973738219,0.9394065324136467,above,ff12,ew
year,2009-01,2009-12,12,0.6833203106607804,0.0009003500770106143,0.28627882661901216,0.41785,8357,0,20000,0.41103106405983864,0.4247004874641794,below,ff12,ew
year,2010-01,2010-12,12,0.3795786735655633,0.0010004501200209237,0.17411855921775898,0.8036,16072,0,20000,0.7980360751412141,0.8090473205655191,above,ff12,ew
year,2011-01,2011-12,12,0.19103029149529416,0.00040006000400016895,0.005010313959058266,0.996,19920,0,20000,0.9950248954759672,0.996784604756377,above,ff12,ew
year,2012-01,2012-12,12,0.1564543397234639,0.0006001500200014664,0.16347588259673151,0.46135,9227,0,20000,0.45444929644676174,0.46826554794037506,below,ff12,ew
year,2013-01,2013-12,12,0.5303099695623494,0.0,0.35152984651126506,0.86315,17263,0,20000,0.8583170109816455,0.8678435132308057,above,ff12,ew
year,2014-01,2014-12,12,-0.1295149708980986,0.0,0.11742048220313417,0.1087,2174,0,20000,0.10446110530283022,0.11308918211467726,below,ff12,ew
year,2015-01,2015-12,12,-0.0638831683322455,9.999999999998899e-05,0.002123996347826118,0.62935,12587,0,20000,0.6226321343140596,0.636018185958226,above,ff12,ew
year,2016-01,2016-12,12,-0.054992040248832974,0.002102001142436638,0.135839399727115,0.02985,597,0,20000,0.02758034521335366,0.03230022629020152,below,ff12,ew
decade,1926-10,1936-12,123,2.6540337157206606,0.18905294730176037,0.8318867372457466,0.71785,14357,0,20000,0.711571419198804,0.7240449106915513,above,ff12,ew
decade,1937-01,1946-12,120,0.6847392538033785,0.019382264221265322,0.6766558202743984,0.0898,1796,0,20000,0.08591614065415656,0.09384140572627167,below,ff12,ew
decade,1947-01,1956-12,120,8.566916419157614,0.1435189441161644,3.637739702560717,1.0,20000,0,20000,0.9998079639438954,1.0,above,ff12,ew
decade,1957-01,1966-12,120,4.8649615942536375,0.3498402266913929,1.4871673872372133,0.9884,19768,0,20000,0.9868194094960113,0.9897930096843855,above,ff12,ew
decade,1967-01,1976-12,120,6.484167208857289,0.7324866552416902,0.8192557564736382,0.9999,19998,0,20000,0.9996354263863794,0.9999725759647273,above,ff12,ew
decade,1977-01,1986-12,120,24.659236053958804,1.398087202464629,2.983554967787672,1.0,20000,0,20000,0.9998079639438954,1.0,above,ff12,ew
decade,1987-01,1996-12,120,19.099697510605992,0.7019911521313602,2.9574182864500242,1.0,20000,0,20000,0.9998079639438954,1.0,above,ff12,ew
decade,1997-01,2006-12,120,10.259986909591905,0.42425967867422365,1.2822776380352723,0.9943,19886,0,20000,0.993157519073328,0.9952526340816069,above,ff12,ew
decade,2007-01,2016-12,120,1.6202810452433805,0.06875938967960882,1.033252078890361,0.82085,16417,0,20000,0.8154739038926244,0.8261028665701731,above,ff12,ew
full,1926-10,2016-12,1083,39337329.42894656,19.13841505312512,4714.09179101641,1.0,20000,0,20000,0.9998079639438954,1.0,above,ff12,ew
rolling120,1926-10,1936-09,120,2.107163043784126,0.18869631463344416,0.6526700463661657,0.7026,14052,0,20000,0.6962264214564812,0.7088957655335851,above,ff12,ew
rolling120,1926-11,1936-10,120,2.384582774248823,0.1851416007738944,0.8241526570504241,0.69625,13925,0,20000,0.689839374380838,0.7025852514671411,above,ff12,ew
rolling120,1926-12,1936-11,120,2.6440611402656606,0.18159716372641976,0.8316017977014809,0.7185,14370,0,20000,0.712225661662599,0.7246904185808833,above,ff12,ew
rolling120,1927-01,1936-12,120,2.389993132478214,0.17829792952375323,0.7835422753128123,0.6746,13492,0,20000,0.6680737138976536,0.6810592271115545,above,ff12,ew
rolling120,1927-02,1937-01,120,2.5108070658261434,0.17547706665008045,0.8397897163306614,0.6542,13084,0,20000,0.6475792025105761,0.6607615735697213,above,ff12,ew
rolling120,1927-03,1937-02,120,2.5502081405377672,0.17266323764553215,0.7811236265539583,0.69675,13935,0,20000,0.6903422390538602,0.7030821947580627,above,ff12,ew
rolling120,1927-04,1937-03,120,2.634236735580081,0.16927268591156208,0.7688877115567239,0.71165,14233,0,20000,0.7053317547438328,0.717886956393618,above,ff12,ew
rolling120,1927-05,1937-04,120,2.1567745803084306,0.16670670096492324,0.6275101690822238,0.68975,13795,0,20000,0.6833029393778217,0.6961241829388866,above,ff12,ew
rolling120,1927-06,1937-05,120,1.7509860821077585,0.1639149800453661,0.5271662796976744,0.64335,12867,0,20000,0.6366844312433875,0.6499605120193273,above,ff12,ew
rolling120,1927-07,1937-06,120,1.6778654467678384,0.16124491775322136,0.4947132161323786,0.6731,13462,0,20000,0.6665662950730191,0.6795672220443576,above,ff12,ew
rolling120,1927-08,1937-07,120,1.619173856719883,0.15811893442527136,0.5138904589574314,0.62145,12429,0,20000,0.6147052929538176,0.6281480614881544,above,ff12,ew
rolling120,1927-09,1937-08,120,1.3280673555685714,0.1551162327604274,0.40834593004018815,0.57865,11573,0,20000,0.5717922842029358,0.585477508525439,above,ff12,ew
rolling120,1927-10,1937-09,120,0.8409761948619316,0.1531566502879269,0.1593565943424753,0.57345,11469,0,20000,0.5665821954266507,0.5802895944767076,above,ff12,ew
rolling120,1927-11,1937-10,120,0.8008038230059431,0.15051100410771512,0.09254498568559866,0.6083,12166,0,20000,0.6015148047551708,0.6150436002350768,above,ff12,ew
rolling120,1927-12,1937-11,120,0.6004097564572568,0.148329614118887,-0.06141244507155874,0.6665,13330,0,20000,0.6599345456984791,0.673001506294838,above,ff12,ew
rolling120,1928-01,1937-12,120,0.42099890316667454,0.14580883468258543,-0.1219605621913682,0.68175,13635,0,20000,0.6752601231501214,0.6881700717434844,above,ff12,ew
rolling120,1928-02,1938-01,120,0.2532373562406003,0.14295145604247916,-0.11491369671938889,0.57475,11495,0,20000,0.5678846448948155,0.5815866457147968,above,ff12,ew
rolling120,1928-03,1938-02,120,0.32358002254217766,0.13919212203974807,-0.05021912811990381,0.55695,11139,0,20000,0.5500552925879431,0.5638228345052666,above,ff12,ew
rolling120,1928-04,1938-03,120,-0.1312914759700088,0.13578442798638357,-0.3375565756083817,0.53,10600,0,20000,0.5230778659696013,0.5369106118670325,above,ff12,ew
rolling120,1928-05,1938-04,120,-0.060160434299458165,0.13340451649289786,-0.2740198367129666,0.5158,10316,0,20000,0.5088715717367405,0.5227223599238866,above,ff12,ew
rolling120,1928-06,1938-05,120,-0.04915163665001676,0.12978919108143727,-0.31465305480739014,0.6053,12106,0,20000,0.5985062928051444,0.6120532644014397,above,ff12,ew
rolling120,1928-07,1938-06,120,0.15350947537034743,0.12629766830967726,-0.11007616560200773,0.50895,10179,0,20000,0.5020205374589989,0.5158760250955968,above,ff12,ew
rolling120,1928-08,1938-07,120,0.2528775843706841,0.12259274176918478,-0.05392148679947961,0.4939,9878,0,20000,0.4869728332543549,0.5008295095855295,not resolved,ff12,ew
rolling120,1928-09,1938-08,120,0.16093196251787067,0.1190119036774171,-0.13959105780137704,0.5311,10622,0,20000,0.5241785876708933,0.5380094676864171,above,ff12,ew
rolling120,1928-10,1938-09,120,0.1489683815134344,0.11622190690949696,-0.15869457222482908,0.5671,11342,0,20000,0.5602209251168606,0.5739533036444102,above,ff12,ew
rolling120,1928-11,1938-10,120,0.3478502618290924,0.11177525057283932,-0.10832542107313037,0.60715,12143,0,20000,0.6003615102209611,0.6138973364522157,above,ff12,ew
rolling120,1928-12,1938-11,120,0.0813180259911419,0.10690195798216329,-0.2195860637199768,0.54905,10981,0,20000,0.5421451413616707,0.5559360199012255,above,ff12,ew
rolling120,1929-01,1938-12,120,0.20703100412328745,0.10623821505313136,-0.19084296632562991,0.6148,12296,0,20000,0.6080341682932237,0.6215217402282948,above,ff12,ew
rolling120,1929-02,1939-01,120,-0.0012361795285774635,0.10237950092846937,-0.27545767327557835,0.56035,11207,0,20000,0.5534602037720038,0.5672166174760245,above,ff12,ew
rolling120,1929-03,1939-02,120,0.045821742150823574,0.09853501283236565,-0.25010376262235423,0.5706,11412,0,20000,0.5637269946817831,0.5774458898270949,above,ff12,ew
rolling120,1929-04,1939-03,120,-0.1976935566402006,0.09470316855798533,-0.3370100207082348,0.4824,9648,0,20000,0.475478819172661,0.48932794049651385,below,ff12,ew
rolling120,1929-05,1939-04,120,-0.20885475156450084,0.09077637361297852,-0.35009663426393,0.4804,9608,0,20000,0.4734802347761307,0.48732729303726857,below,ff12,ew
rolling120,1929-06,1939-05,120,-0.058633110916355036,0.0861065822882714,-0.26193198460634715,0.48705,9741,0,20000,0.480125957051502,0.49397901668235106,below,ff12,ew
rolling120,1929-07,1939-06,120,-0.23828770041549185,0.08059609326154016,-0.3659927445339226,0.4533,9066,0,20000,0.44641039685940803,0.46020753930823205,below,ff12,ew
rolling120,1929-08,1939-07,120,-0.2238279336394179,0.07704185513957973,-0.33326705755680697,0.3968,7936,0,20000,0.39004012958110057,0.4035995066608794,below,ff12,ew
rolling120,1929-09,1939-08,120,-0.34637025933087273,0.07264357664747578,-0.42682097973673905,0.3694,7388,0,20000,0.36273671636303,0.3761134434548245,below,ff12,ew
rolling120,1929-10,1939-09,120,-0.29860771779505446,0.06900930842565067,-0.293944916029766,0.21895,4379,0,20000,0.21327307553359767,0.22473486793353872,below,ff12,ew
rolling120,1929-11,1939-10,120,-0.052476939865337524,0.06411438226722144,-0.12636771734644647,0.2529,5058,0,20000,0.24692367841845964,0.2589712258004673,below,ff12,ew
rolling120,1929-12,1939-11,120,-0.10237940517855204,0.06019167307683726,-0.03800605218662989,0.184,3680,0,20000,0.17869069791124892,0.18943066887620919,below,ff12,ew
rolling120,1930-01,1939-12,120,-0.13144221359289965,0.05628342440653311,-0.025892404835905714,0.1548,3096,0,20000,0.14985332682640345,0.15987925486673116,below,ff12,ew
rolling120,1930-02,1940-01,120,-0.17434637052878343,0.05480669503348623,-0.10105758664714926,0.18025,3605,0,20000,0.17498420857839256,0.1856385984794863,below,ff12,ew
rolling120,1930-03,1940-02,120,-0.1674248186147349,0.05165173981404414,-0.11295021001446326,0.1948,3896,0,20000,0.18936999765917192,0.2003472211494743,below,ff12,ew
rolling120,1930-04,1940-03,120,-0.22561474765730372,0.04798379652620244,-0.15745131172725224,0.18675,3735,0,20000,0.18140932326051984,0.19221098732862968,below,ff12,ew
rolling120,1930-05,1940-04,120,-0.12903470322925448,0.045787642477000734,-0.13976946272723334,0.23185,4637,0,20000,0.22605312512365644,0.23774986381323243,below,ff12,ew
rolling120,1930-06,1940-05,120,-0.33033966671475323,0.042867030668766404,-0.3196675730575015,0.23475,4695,0,20000,0.2289272317624361,0.24067464336532732,below,ff12,ew
rolling120,1930-07,1940-06,120,-0.15854241446501172,0.04005887171513556,-0.13784693395302106,0.20435,4087,0,20000,0.1988187013074945,0.20999484961248013,below,ff12,ew
rolling120,1930-08,1940-07,120,-0.2173457713338406,0.03808670419391924,-0.1472684686088258,0.17475,3495,0,20000,0.16954958133645626,0.18007533811803972,below,ff12,ew
rolling120,1930-09,1940-08,120,-0.24117510134858722,0.03704955092766493,-0.131893988363602,0.14585,2917,0,20000,0.1410263789238822,0.1508096402146567,below,ff12,ew
rolling120,1930-10,1940-09,120,-0.21095748034462847,0.03477305021718724,0.016878784251810997,0.08535,1707,0,20000,0.08155694033853063,0.08930231516279692,below,ff12,ew
rolling120,1930-11,1940-10,120,-0.09962887663217257,0.033842591884491124,0.14739920207495438,0.079,1580,0,20000,0.07534201211070234,0.08281968224853777,below,ff12,ew
rolling120,1930-12,1940-11,120,-0.05848908347347459,0.03250034144061842,0.1622897468747735,0.0896,1792,0,20000,0.08572015706454598,0.0936374661303047,below,ff12,ew
rolling120,1931-01,1940-12,120,-0.04245761233352141,0.031056861834050764,0.268215806380808,0.0595,1190,0,20000,0.056305347232307235,0.06286383653312093,below,ff12,ew
rolling120,1931-02,1941-01,120,-0.12801469408920274,0.029409641685339327,0.14199019181715422,0.0679,1358,0,20000,0.064495749401958,0.07147020815772763,below,ff12,ew
rolling120,1931-03,1941-02,120,-0.3006246676242451,0.02889514266410509,0.014736326230605057,0.0545,1090,0,20000,0.051438666441059815,0.05773243768492941,below,ff12,ew
rolling120,1931-04,1941-03,120,-0.23090822247909615,0.02766207148544053,0.09123649499207209,0.0577,1154,0,20000,0.05455254662091652,0.06101732847431364,below,ff12,ew
rolling120,1931-05,1941-04,120,-0.08013013095029131,0.026737914946334707,0.1451441593206102,0.08335,1667,0,20000,0.07959876007454497,0.087261263571007,below,ff12,ew
rolling120,1931-06,1941-05,120,0.16819642858258055,0.025814681732775346,0.3373647860637128,0.1161,2322,0,20000,0.11173386602106944,0.12061357926280769,below,ff12,ew
rolling120,1931-07,1941-06,120,0.13558528968728578,0.02499468598398802,0.24141141399107724,0.14335,2867,0,20000,0.1385618583339818,0.1482751209848376,below,ff12,ew
rolling120,1931-08,1941-07,120,0.3252125556279999,0.024687371966603422,0.4071012388061124,0.13115,2623,0,20000,0.12654242850813968,0.13589923649044866,below,ff12,ew
rolling120,1931-09,1941-08,120,0.32548392095115486,0.024482495955013395,0.3988348868107363,0.128,2560,0,20000,0.12344116747018598,0.13270170735555586,below,ff12,ew
rolling120,1931-10,1941-09,120,0.9882258814267326,0.024277660906337095,0.9451045354123759,0.14665,2933,0,20000,0.141815129973599,0.1516205819072501,below,ff12,ew
rolling120,1931-11,1941-10,120,0.9193337857432007,0.023254406499837232,0.7048681995093764,0.2181,4362,0,20000,0.21243125996924642,0.22387700995918533,below,ff12,ew
rolling120,1931-12,1941-11,120,1.2277901901588808,0.02151782619530529,0.8363432600449783,0.27765,5553,0,20000,0.27148651952803116,0.28389887890611865,below,ff12,ew
rolling120,1932-01,1941-12,120,1.5898634715796858,0.020395503373876078,1.017220950670656,0.31395,6279,0,20000,0.30755431798153415,0.3204171386349424,below,ff12,ew
rolling120,1932-02,1942-01,120,1.4548977478973266,0.018257590017510594,1.0611802557987922,0.2441,4882,0,20000,0.23819632888356265,0.2501019551699517,below,ff12,ew
rolling120,1932-03,1942-02,120,1.3350470506856285,0.016022563879589224,0.9026129253706676,0.2477,4954,0,20000,0.24176620608022512,0.2537306953136852,below,ff12,ew
rolling120,1932-04,1942-03,120,1.2825059660315166,0.014500964592629062,1.000034586527955,0.1904,3808,0,20000,0.18501836273794445,0.19590054598799553,below,ff12,ew
rolling120,1932-05,1942-04,120,1.577630169120861,0.013487578352900265,1.3278971383173128,0.1677,3354,0,20000,0.16258618544825015,0.17294144171463693,below,ff12,ew
rolling120,1932-06,1942-05,120,1.8392108500245143,0.013183714397767332,2.1016193298586043,0.0865,1730,0,20000,0.08268318277171821,0.0904756310466803,below,ff12,ew
rolling120,1932-07,1942-06,120,1.798903111391338,0.013183714397767332,2.2094338053045712,0.0789,1578,0,20000,0.07524419414421835,0.08271753862223297,below,ff12,ew
rolling120,1932-08,1942-07,120,0.9782106902136705,0.013285012509584693,1.4867527965369698,0.06255,1251,0,20000,0.059277285928694655,0.06599072641679128,below,ff12,ew
rolling120,1932-09,1942-08,120,0.4213130171759474,0.013285012509584693,0.8463436913697386,0.09385,1877,0,20000,0.0898860593166654,0.09796993157170839,below,ff12,ew
rolling120,1932-10,1942-09,120,0.7079018284952219,0.013285012509584693,0.9520772470810968,0.12765,2553,0,20000,0.12309663926137304,0.13234636998960808,below,ff12,ew
rolling120,1932-11,1942-10,120,1.3505724205323828,0.013386320749187774,1.4010527667850257,0.1488,2976,0,20000,0.14393514553527798,0.15379974059052987,below,ff12,ew
rolling120,1932-12,1942-11,120,1.4199535720952912,0.0134876391175891,1.5545936384234986,0.1326,2652,0,20000,0.12797029500870555,0.13737081308532006,below,ff12,ew
rolling120,1933-01,1942-12,120,1.5081997296309329,0.013690316377686695,1.5726957095949374,0.11835,2367,0,20000,0.11394634483873409,0.12290023628289057,below,ff12,ew
rolling120,1933-02,1943-01,120,1.7758722213970182,0.013893034169182972,1.7228649110142573,0.10775,2155,0,20000,0.10352788405968985,0.11212276822632422,below,ff12,ew
rolling120,1933-03,1943-02,120,3.0502813883775444,0.01450155254519725,2.414513756502172,0.1452,2904,0,20000,0.14038555579225664,0.15015071299315513,below,ff12,ew
rolling120,1933-04,1943-03,120,2.644577075685303,0.014400142953779449,2.512544413332884,0.08,1600,0,20000,0.07632028827562622,0.08384102201150166,below,ff12,ew
rolling120,1933-05,1943-04,120,1.4936456895948598,0.013690772224441039,1.5498882631955082,0.05955,1191,0,20000,0.05635404839737552,0.06291511616444705,below,ff12,ew
rolling120,1933-06,1943-05,120,0.9165951498755676,0.013488115132832768,1.2203151526976939,0.07585,1517,0,20000,0.0722616097069042,0.07960129447948935,below,ff12,ew
rolling120,1933-07,1943-06,120,0.6263678843229816,0.013589443678637014,0.9991080118658076,0.07735,1547,0,20000,0.07372824350304213,0.08113408457518312,below,ff12,ew
rolling120,1933-08,1943-07,120,0.7629760405243244,0.013690782355269437,1.1068271534655691,0.0877,1754,0,20000,0.08385861196127496,0.0916997409705889,below,ff12,ew
rolling120,1933-09,1943-08,120,0.6664484474216863,0.013690782355269437,0.9049236678920867,0.1021,2042,0,20000,0.09797988193700699,0.10637294035644107,below,ff12,ew
rolling120,1933-10,1943-09,120,1.0086096859151619,0.013792131163743448,1.1832978773882337,0.09575,1915,0,20000,0.09174928773652642,0.09990597341483416,below,ff12,ew
rolling120,1933-11,1943-10,120,1.1400323899740639,0.013994869316160896,1.355531850694474,0.0799,1598,0,20000,0.07622245280892591,0.08373889588541318,below,ff12,ew
rolling120,1933-12,1943-11,120,0.909207324264178,0.014096248527250221,1.0152336316969723,0.09365,1873,0,20000,0.08968995908828431,0.0977661086145119,below,ff12,ew
rolling120,1934-01,1943-12,120,1.3124672795578372,0.01419763787423367,1.105467973414747,0.13895,2779,0,20000,0.13422553054758277,0.14381313868853032,below,ff12,ew
rolling120,1934-02,1944-01,120,0.7284757932575932,0.013994899715737974,0.9021169609801938,0.1052,2104,0,20000,0.1010234435054517,0.10952818816444851,below,ff12,ew
rolling120,1934-03,1944-02,120,0.6838054448879658,0.014096278929866868,0.9584918765502148,0.08855,1771,0,20000,0.08469134114891107,0.09256668532165745,below,ff12,ew
rolling120,1934-04,1944-03,120,0.797712446035288,0.014096278929866868,1.0048571322431927,0.09965,1993,0,20000,0.09557533225981617,0.10387843101030682,below,ff12,ew
rolling120,1934-05,1944-04,120,0.7092036275762201,0.014299077905755242,1.0073065606271183,0.0867,1734,0,20000,0.08287907216534815,0.09067966483862794,below,ff12,ew
rolling120,1934-06,1944-05,120,1.0535191825223378,0.014501917437383272,1.2748031545823872,0.0928,1856,0,20000,0.08885659578396245,0.09689979838012915,below,ff12,ew
rolling120,1934-07,1944-06,120,1.4516809241650597,0.014704797532861136,1.3372539421205718,0.13585,2717,0,20000,0.13117135958987908,0.1406685002697819,below,ff12,ew
rolling120,1934-08,1944-07,120,1.7575062546362825,0.014907718200301012,1.5857528175206146,0.10465,2093,0,20000,0.10048337140253663,0.1089684715070253,below,ff12,ew
rolling120,1934-09,1944-08,120,1.9734787724819212,0.015110679447816189,1.4877983590483876,0.1698,3396,0,20000,0.16466005062736536,0.17506676998408613,below,ff12,ew
rolling120,1934-10,1944-09,120,2.00070076124408,0.015212180365669292,1.494530899460767,0.17325,3465,0,20000,0.16806773931995417,0.17855775624271014,below,ff12,ew
rolling120,1934-11,1944-10,120,1.9166895410512645,0.015415202499529101,1.5412003133398495,0.14555,2911,0,20000,0.14073061025592032,0.15050552410425222,below,ff12,ew
rolling120,1934-12,1944-11,120,1.6989163599712414,0.015618265233755535,1.3863920978327147,0.1452,2904,0,20000,0.14038555579225664,0.15015071299315513,below,ff12,ew
rolling120,1935-01,1944-12,120,1.7658053177518034,0.015719816905111816,1.4741253531978908,0.12845,2569,0,20000,0.12388414901838564,0.1331585529749057,below,ff12,ew
rolling120,1935-02,1945-01,120,2.0191390956608517,0.01592294055612764,1.6148084002103862,0.13165,2633,0,20000,0.12703477502159147,0.13640669794094076,below,ff12,ew
rolling120,1935-03,1945-02,120,2.695687540764233,0.01592294055612764,1.8331979657592647,0.1685,3370,0,20000,0.1633761950294153,0.17375112487578204,below,ff12,ew
rolling120,1935-04,1945-03,120,2.7019607213978234,0.016024522691969745,1.8276080632307674,0.1694,3388,0,20000,0.16426500631133586,0.17466196792896047,below,ff12,ew
rolling120,1935-05,1945-04,120,3.016609464223311,0.016227707278049452,1.7954614234727573,0.2303,4606,0,20000,0.22451712328041953,0.23618646096824328,below,ff12,ew
rolling120,1935-06,1945-05,120,2.9078358327805485,0.016430932496983353,1.7495323191922543,0.21235,4247,0,20000,0.20673756613058242,0.21807291221249459,below,ff12,ew
rolling120,1935-07,1945-06,120,2.6549491842866244,0.016532565426939927,1.6060084969803117,0.17685,3537,0,20000,0.17162439886831382,0.18219971403474655,below,ff12,ew
rolling120,1935-08,1945-07,120,1.9616490313920463,0.016735851611406893,1.37121331022309,0.12735,2547,0,20000,0.12280133845169763,0.13204178602091707,below,ff12,ew
rolling120,1935-09,1945-08,120,1.4893096549450462,0.016939178449045356,1.4541341731073771,0.05875,1175,0,20000,0.055574908610549915,0.062094563208962415,below,ff12,ew
rolling120,1935-10,1945-09,120,1.9271862692299244,0.017142545947985477,1.5060241775470433,0.10645,2129,0,20000,0.10225101457042036,0.11080013700933959,below,ff12,ew
rolling120,1935-11,1945-10,120,1.7726085750266196,0.017345954116358087,1.4329786297710085,0.0988,1976,0,20000,0.09474128014622049,0.10301280958519785,below,ff12,ew
rolling120,1935-12,1945-11,120,1.7160550989927974,0.017345954116358087,1.4452722580842758,0.0897,1794,0,20000,0.08581814811753766,0.09373943667010179,below,ff12,ew
rolling120,1936-01,1945-12,120,1.7099124941703483,0.0175494029622969,1.3671619927629148,0.10565,2113,0,20000,0.10146534766389717,0.10998611117355253,below,ff12,ew
rolling120,1936-02,1946-01,120,1.2832796575617658,0.01775289249393608,1.3532114590356872,0.0542,1084,0,20000,0.051146891709854564,0.05742432763776832,below,ff12,ew
rolling120,1936-03,1946-02,120,1.0672676029774135,0.017956422719412446,1.1624291446494768,0.0523,1046,0,20000,0.049299616971929236,0.05547233211270684,below,ff12,ew
rolling120,1936-04,1946-03,120,1.2932790343189726,0.018058198006627002,1.2680022847081216,0.07135,1427,0,20000,0.06786427378180244,0.07500035872909604,below,ff12,ew
rolling120,1936-05,1946-04,120,1.9841523287357998,0.018159983469335117,1.5735951045240397,0.1091,2182,0,20000,0.1048540716304278,0.11349606215823481,below,ff12,ew
rolling120,1936-06,1946-05,120,2.0334061623930832,0.0182617791085542,1.5432628363973424,0.1189,2378,0,20000,0.11448725259043231,0.12345911729153065,below,ff12,ew
rolling120,1936-07,1946-06,120,1.7650972423577267,0.0182617791085542,1.3870866844795522,0.1009,2018,0,20000,0.09680204826920877,0.10515123491077394,below,ff12,ew
rolling120,1936-08,1946-07,120,1.4106490518967387,0.01846541110117661,1.1778893792036707,0.08965,1793,0,20000,0.08576915240544866,0.09368845158579639,below,ff12,ew
rolling120,1936-09,1946-08,120,1.2640307618675406,0.018567237277051563,1.017474598674264,0.1008,2016,0,20000,0.09670390365957608,0.10504941792761786,below,ff12,ew
rolling120,1936-10,1946-09,120,0.8990236237886777,0.018770930355199056,0.7951088600800418,0.09655,1931,0,20000,0.09253395248706964,0.10072100140660117,below,ff12,ew
rolling120,1936-11,1946-10,120,0.6996670592669914,0.01887278707689033,0.6521637650792693,0.0818,1636,0,20000,0.07808162027557303,0.08567899868175288,below,ff12,ew
rolling120,1936-12,1946-11,120,0.4829388964775758,0.01907654125888758,0.6000086970618546,0.05815,1163,0,20000,0.05499066535741531,0.06147903690536435,below,ff12,ew
rolling120,1937-01,1946-12,120,0.6847392538033785,0.019382264221265322,0.6766558202743984,0.0898,1796,0,20000,0.08591614065415656,0.09384140572627167,below,ff12,ew
rolling120,1937-02,1947-01,120,0.583086143926405,0.019586120288502817,0.6429150684732108,0.08055,1611,0,20000,0.07685841425016621,0.08440268479729995,below,ff12,ew
rolling120,1937-03,1947-02,120,0.5063915633192777,0.019688058512886686,0.6078142124108752,0.06785,1357,0,20000,0.06444694879932694,0.07141902796396427,below,ff12,ew
rolling120,1937-04,1947-03,120,0.4188741539876102,0.019891975732867273,0.5852483989033541,0.05225,1045,0,20000,0.04925101951400144,0.055420948774240246,below,ff12,ew
rolling120,1937-05,1947-04,120,0.4570870147256856,0.019891975732867273,0.629040736242219,0.05445,1089,0,20000,0.05139003546491438,0.05768108786468045,below,ff12,ew
rolling120,1937-06,1947-05,120,0.5003789438771151,0.019586191610620807,0.6264140455458695,0.06755,1351,0,20000,0.06415415662620833,0.07111193535871657,below,ff12,ew
rolling120,1937-07,1947-06,120,0.7517705285025094,0.019586191610620807,0.7882065909952654,0.0742,1484,0,20000,0.0706487976986529,0.07791474020672581,below,ff12,ew
rolling120,1937-08,1947-07,120,0.7667795783183202,0.019586191610620807,0.7097448000556896,0.09705,1941,0,20000,0.09302441169039302,0.10123035016722168,below,ff12,ew
rolling120,1937-09,1947-08,120,0.9716235873987051,0.019688129842135638,0.7663529156766211,0.1369,2738,0,20000,0.13220574537365906,0.14173371121028408,below,ff12,ew
rolling120,1937-10,1947-09,120,1.3872097592862764,0.01989198592567054,1.034106019071249,0.1343,2686,0,20000,0.12964458288440142,0.1390958722870335,below,ff12,ew
rolling120,1937-11,1947-10,120,1.7185106417955471,0.020299861144996934,1.306279886490934,0.13895,2779,0,20000,0.13422553054758277,0.14381313868853032,below,ff12,ew
rolling120,1937-12,1947-11,120,1.900210581864144,0.02070789948178775,1.4667561180953852,0.13205,2641,0,20000,0.12742866836255332,0.13681265097113407,below,ff12,ew
rolling120,1938-01,1947-12,120,2.725339049510593,0.021524465801373127,1.6569625766842884,0.222,4440,0,20000,0.21629399807576077,0.22781277397143335,below,ff12,ew
rolling120,1938-02,1948-01,120,2.8837348268440683,0.02223953292743408,1.542201255199318,0.30655,6131,0,20000,0.30019779514335404,0.31297650360675283,below,ff12,ew
rolling120,1938-03,1948-02,120,2.6177619747907572,0.022955100600483336,1.2981883619274708,0.35215,7043,0,20000,0.3455593303262372,0.358797454735553,below,ff12,ew
rolling120,1938-04,1948-03,120,4.8310116193827755,0.023978158006824346,2.2684540057906455,0.4277,8554,0,20000,0.42085783733991905,0.43456993107379377,below,ff12,ew
rolling120,1938-05,1948-04,120,4.330169646266733,0.024694871046125222,1.9612781380091153,0.4806,9612,0,20000,0.4736800882172915,0.48752736278168535,below,ff12,ew
rolling120,1938-06,1948-05,120,4.882300948764239,0.025514626942962026,2.308105596236519,0.428,8560,0,20000,0.4211571736016065,0.4348704795904726,below,ff12,ew
rolling120,1938-07,1948-06,120,4.217783887585294,0.026437590107210696,1.6696617766706532,0.58025,11605,0,20000,0.5733955447786527,0.5870736334343425,above,ff12,ew
rolling120,1938-08,1948-07,120,3.356577909580042,0.0273614763269292,1.363192962949236,0.5605,11210,0,20000,0.5536104279779683,0.5673663356592431,above,ff12,ew
rolling120,1938-09,1948-08,120,3.4214952778999743,0.028286101655623508,1.4362839084740737,0.51005,10201,0,20000,0.5031206158422514,0.516975524233021,above,ff12,ew
rolling120,1938-10,1948-09,120,3.383949220141827,0.02849171775273529,1.3444854072127796,0.53675,10735,0,20000,0.5298328263853254,0.5436530589645507,above,ff12,ew
rolling120,1938-11,1948-10,120,2.8994446194922006,0.028800234416394677,1.3051243220902946,0.4836,9672,0,20000,0.47667802311614127,0.4905282756664989,below,ff12,ew
rolling120,1938-12,1948-11,120,2.982041551231722,0.02982965230154222,1.129071038834926,0.59205,11841,0,20000,0.5852218777131506,0.5988427684489204,above,ff12,ew
rolling120,1939-01,1948-12,120,2.9908819909690125,0.03024158416246281,1.1114923032992308,0.59805,11961,0,20000,0.5912368223421234,0.6048255193872745,above,ff12,ew
rolling120,1939-02,1949-01,120,3.473906294755392,0.031374963242949416,1.2532016888961048,0.63135,12627,0,20000,0.624639232983358,0.6380103191447032,above,ff12,ew
rolling120,1939-03,1949-02,120,3.232249408973898,0.03219998071179697,1.1147708277931372,0.66375,13275,0,20000,0.6571717429590529,0.6702653652325727,above,ff12,ew
rolling120,1939-04,1949-03,120,4.453727060977362,0.033335514243933106,1.504017527451742,0.6978,13956,0,20000,0.6913982839022536,0.7041257466339513,above,ff12,ew
rolling120,1939-05,1949-04,120,4.309334248656578,0.034265516206752666,1.4638810012653787,0.70495,14099,0,20000,0.6985905010676503,0.7112307833529523,above,ff12,ew
rolling120,1939-06,1949-05,120,3.638435949046019,0.03519626209674964,1.2401434454492937,0.6939,13878,0,20000,0.6874760294716767,0.7002494989457658,above,ff12,ew
rolling120,1939-07,1949-06,120,3.9884970832176965,0.03612784557428905,1.3707474993031186,0.68635,13727,0,20000,0.6798844715789282,0.6927439565829617,above,ff12,ew
rolling120,1939-08,1949-07,120,3.708336123800345,0.03706036063530593,1.2720201265776487,0.69255,13851,0,20000,0.6861184516959214,0.6989075952188727,above,ff12,ew
rolling120,1939-09,1949-08,120,4.202637602469404,0.03809752471234895,1.5001717564783301,0.66305,13261,0,20000,0.6564685238061445,0.6695688532359598,above,ff12,ew
rolling120,1939-10,1949-09,120,3.955684471179209,0.03892791969262066,1.2067384245802746,0.8371,16742,0,20000,0.8319175584516936,0.8421529708392805,above,ff12,ew
rolling120,1939-11,1949-10,120,4.58776561871289,0.03986295482034419,1.2901538913182038,0.8939,17878,0,20000,0.8895559899554824,0.8980927240395185,above,ff12,ew
rolling120,1939-12,1949-11,120,5.4032143886431925,0.04069484518420041,1.421834768930065,0.9247,18494,0,20000,0.9209608331001026,0.9282760514738421,above,ff12,ew
rolling120,1940-01,1949-12,120,6.369311137262308,0.041631470544866156,1.4759513527106844,0.95485,19097,0,20000,0.9518840090188435,0.9576412957809181,above,ff12,ew
rolling120,1940-02,1950-01,120,6.835268798737431,0.042568938868356554,1.5825093574384725,0.95775,19155,0,20000,0.9548731074691761,0.9604510835214601,above,ff12,ew
rolling120,1940-03,1950-02,120,6.791843515380837,0.04350725091333807,1.5858189613074298,0.9588,19176,0,20000,0.9559562308663099,0.9614675568486084,above,ff12,ew
rolling120,1940-04,1950-03,120,6.844864711655421,0.04455075816425147,1.5683352270271542,0.96725,19345,0,20000,0.9646922230513448,0.9696283192542254,above,ff12,ew
rolling120,1940-05,1950-04,120,7.572536225528296,0.04549085384659923,1.6659739938897906,0.9752,19504,0,20000,0.9729517298839193,0.9772657590483588,above,ff12,ew
rolling120,1940-06,1950-05,120,10.522378848286722,0.046745693839213676,2.5699025960755573,0.96705,19341,0,20000,0.9644850038420146,0.9694356152779778,above,ff12,ew
rolling120,1940-07,1950-06,120,8.949983624993662,0.0477924395330529,2.1499731033325795,0.9722,19444,0,20000,0.9698293179487929,0.9743893231998217,above,ff12,ew
rolling120,1940-08,1950-07,120,10.293170221356588,0.04873535843674226,2.0977686644229196,0.99005,19801,0,20000,0.98857726918284,0.9913345162785719,above,ff12,ew
rolling120,1940-09,1950-08,120,11.174009864437522,0.04988908270344927,2.181426604871131,0.9927,19854,0,20000,0.9914219220373862,0.9937888456329284,above,ff12,ew
rolling120,1940-10,1950-09,120,11.732233968719838,0.05093897178615259,2.2600378883004115,0.99465,19893,0,20000,0.9935396672703248,0.9955703514593709,above,ff12,ew
rolling120,1940-11,1950-10,120,10.716057337349705,0.052200098552296126,2.161948812752209,0.99255,19851,0,20000,0.9912600227856061,0.9936508024955253,above,ff12,ew
rolling120,1940-12,1950-11,120,11.258988180943943,0.053357518660703596,2.3066236440423458,0.9933,19866,0,20000,0.9920708105433745,0.9943397266836725,above,ff12,ew
rolling120,1941-01,1950-12,120,12.16774827302602,0.05451621193123035,2.470493462135218,0.9922,19844,0,20000,0.9908827240222376,0.993328235684133,above,ff12,ew
rolling120,1941-02,1951-01,120,13.880704905030774,0.05599268227496834,2.833444557956061,0.99545,19909,0,20000,0.994417390611427,0.9962923208605788,above,ff12,ew
rolling120,1941-03,1951-02,120,14.073843236793492,0.057154390396283006,2.94779446664509,0.9946,19892,0,20000,0.9934850109626305,0.9955250269706708,above,ff12,ew
rolling120,1941-04,1951-03,120,12.804208491187751,0.0582114390818107,2.8342733565482066,0.99135,19827,0,20000,0.9899689238078735,0.9925423623597924,above,ff12,ew
rolling120,1941-05,1951-04,120,13.94624226535026,0.05969308326094325,3.258546066899357,0.9894,19788,0,20000,0.9878837525564804,0.9907282825518043,above,ff12,ew
rolling120,1941-06,1951-05,120,12.970269728442904,0.060964714960856314,3.106890238730207,0.98555,19711,0,20000,0.983800400144212,0.9871131136417048,above,ff12,ew
rolling120,1941-07,1951-06,120,11.792664278285127,0.06223787261880931,2.783244159253595,0.9862,19724,0,20000,0.984487297700665,0.9877259664383787,above,ff12,ew
rolling120,1941-08,1951-07,120,11.262541759961861,0.06329979191563906,2.825399287751415,0.98735,19747,0,20000,0.9857048684867288,0.9888079539693858,above,ff12,ew
rolling120,1941-09,1951-08,120,11.473423837520835,0.0645756240827211,3.0008833496294347,0.98385,19677,0,20000,0.9820078182271494,0.985506348481358,above,ff12,ew
rolling120,1941-10,1951-09,120,11.932451904534226,0.06574654017760273,3.0690916908064114,0.9843,19686,0,20000,0.9824818068954797,0.9859321869805773,above,ff12,ew
rolling120,1941-11,1951-10,120,11.961629829044504,0.0674517346418868,3.1932174559154527,0.97915,19583,0,20000,0.977075831548898,0.9810401402985368,above,ff12,ew
rolling120,1941-12,1951-11,120,11.927939698528144,0.06862593154999286,3.306119996288902,0.9698,19396,0,20000,0.9673364960345695,0.9720830668871147,above,ff12,ew
rolling120,1942-01,1951-12,120,12.868692608200027,0.0698013025375992,3.682730091622906,0.96055,19211,0,20000,0.9577625249596479,0.9631605906290742,above,ff12,ew
rolling120,1942-02,1952-01,120,12.90506509002823,0.07119176613817779,3.7194264190942086,0.98545,19709,0,20000,0.9836948011270393,0.9870187510660887,above,ff12,ew
rolling120,1942-03,1952-02,120,13.163943590470026,0.0723699592616176,3.7160398496494453,0.9864,19728,0,20000,0.9846988324493173,0.9879143548753042,above,ff12,ew
rolling120,1942-04,1952-03,120,15.190723035188682,0.07344222199460582,4.278470894774109,0.99275,19855,0,20000,0.9914759160750153,0.9938348323916937,above,ff12,ew
rolling120,1942-05,1952-04,120,14.391263405840824,0.07462289037196213,4.2514272860493145,0.9887,19774,0,20000,0.9871384007058506,0.9900739032529129,above,ff12,ew
rolling120,1942-06,1952-05,120,14.825100810607058,0.075697190972154,4.119633752877401,0.99315,19863,0,20000,0.9919083864584232,0.9942022083794407,above,ff12,ew
rolling120,1942-07,1952-06,120,14.962466057335547,0.07709531769507327,4.183940739646746,0.9936,19872,0,20000,0.9923960897666738,0.9946143322387399,above,ff12,ew
rolling120,1942-08,1952-07,120,14.616022445604266,0.07838744443828438,4.059774494385746,0.9946,19892,0,20000,0.9934850109626305,0.9955250269706708,above,ff12,ew
rolling120,1942-09,1952-08,120,14.180503667152639,0.07968112126856108,3.9380378007665264,0.99405,19881,0,20000,0.9928851632220217,0.9950250859509413,above,ff12,ew
rolling120,1942-10,1952-09,120,13.037796181447607,0.08108428577685789,3.720119522759002,0.9932,19864,0,20000,0.9919625123221778,0.9942480633120805,above,ff12,ew
rolling120,1942-11,1952-10,120,11.59773248230438,0.08227312184039337,3.394548339953819,0.9947,19894,0,20000,0.9935943455939249,0.9956156539321652,above,ff12,ew
rolling120,1942-12,1952-11,120,12.95382109754929,0.08303048581648875,3.6534125093400753,0.99645,19929,0,20000,0.9955249668427258,0.9971843605571676,above,ff12,ew
rolling120,1943-01,1952-12,120,12.693051748281588,0.08443800319283734,3.561379629056465,0.99675,19935,0,20000,0.9958601321753175,0.9974490800029425,above,ff12,ew
rolling120,1943-02,1953-01,120,11.672575293351938,0.0858473497930079,3.2489447048564424,0.99915,19983,0,20000,0.9986390788900333,0.9994692115151574,above,ff12,ew
rolling120,1943-03,1953-02,120,9.890054447953098,0.0870414236556214,2.996064673453365,0.9989,19978,0,20000,0.9983349531464094,0.9992734332768094,above,ff12,ew
rolling120,1943-04,1953-03,120,9.511491867787944,0.08867149676917085,2.7202661310275817,0.99955,19991,0,20000,0.9991449078924859,0.99976322888386,above,ff12,ew
rolling120,1943-05,1953-04,120,9.338962222612283,0.09008634526042347,2.5907725360265226,0.9999,19998,0,20000,0.9996354263863794,0.9999725759647273,above,ff12,ew
rolling120,1943-06,1953-05,120,8.41497568884369,0.0917211478178026,2.4179727609638864,0.99995,19999,0,20000,0.9997168094297738,0.9999911737177268,above,ff12,ew
rolling120,1943-07,1953-06,120,8.433622897575798,0.0933582384123508,2.298503119048997,1.0,20000,0,20000,0.9998079639438954,1.0,above,ff12,ew
rolling120,1943-08,1953-07,120,9.318025044223532,0.0946698748075272,2.551301783291073,1.0,20000,0,20000,0.9998079639438954,1.0,above,ff12,ew
rolling120,1943-09,1953-08,120,8.872053364864268,0.09620195300879719,2.3508335488054817,1.0,20000,0,20000,0.9998079639438954,1.0,above,ff12,ew
rolling120,1943-10,1953-09,120,8.6214321535441,0.0976265881571643,2.2834439450708404,1.0,20000,0,20000,0.9998079639438954,1.0,above,ff12,ew
rolling120,1943-11,1953-10,120,9.258353520262064,0.09872388555610168,2.477701095947301,1.0,20000,0,20000,0.9998079639438954,1.0,above,ff12,ew
rolling120,1943-12,1953-11,120,10.061181187065184,0.09927308273972457,2.803666278372967,1.0,20000,0,20000,0.9998079639438954,1.0,above,ff12,ew
rolling120,1944-01,1953-12,120,9.02948864943172,0.10037202613944429,2.580236633261773,1.0,20000,0,20000,0.9998079639438954,1.0,above,ff12,ew
rolling120,1944-02,1954-01,120,9.170640859241821,0.10125205975027263,2.702310143308136,1.0,20000,0,20000,0.9998079639438954,1.0,above,ff12,ew
rolling120,1944-03,1954-02,120,9.203865086954647,0.10169242846355875,2.751723446017627,1.0,20000,0,20000,0.9998079639438954,1.0,above,ff12,ew
rolling120,1944-04,1954-03,120,9.090283865836419,0.10235331174398077,2.7978511933047288,0.99995,19999,0,20000,0.9997168094297738,0.9999911737177268,above,ff12,ew
rolling120,1944-05,1954-04,120,9.907302352305445,0.10301452536694033,3.030341168733795,1.0,20000,0,20000,0.9998079639438954,1.0,above,ff12,ew
rolling120,1944-06,1954-05,120,9.700736511487033,0.10323506211099054,2.955186866662458,1.0,20000,0,20000,0.9998079639438954,1.0,above,ff12,ew
rolling120,1944-07,1954-06,120,7.829954074683817,0.1035659333682466,2.790293724599594,0.9998,19996,0,20000,0.9994858195143681,0.9999222212439498,above,ff12,ew
rolling120,1944-08,1954-07,120,8.651156065054963,0.10378658036082244,3.040697744765448,0.99985,19997,0,20000,0.9995590363727073,0.999948985182005,above,ff12,ew
rolling120,1944-09,1954-08,120,7.947481817954884,0.1040072714695619,2.885974698922967,0.9998,19996,0,20000,0.9994858195143681,0.9999222212439498,above,ff12,ew
rolling120,1944-10,1954-09,120,8.300707099572882,0.10477992202947872,3.1365198489434905,0.99975,19995,0,20000,0.9994148495964674,0.9998932103654561,above,ff12,ew
rolling120,1944-11,1954-10,120,8.791527256149454,0.10522170146446008,3.0626165598965907,0.9999,19998,0,20000,0.9996354263863794,0.9999725759647273,above,ff12,ew
rolling120,1944-12,1954-11,120,9.423392408069551,0.10555316853477814,3.3712859722024744,0.99985,19997,0,20000,0.9995590363727073,0.999948985182005,above,ff12,ew
rolling120,1945-01,1954-12,120,9.791512216723067,0.10621636779604682,3.4347170871171953,0.9998,19996,0,20000,0.9994858195143681,0.9999222212439498,above,ff12,ew
rolling120,1945-02,1955-01,120,9.746341864798689,0.10676931009725443,3.3756107049290396,0.9999,19998,0,20000,0.9996354263863794,0.9999725759647273,above,ff12,ew
rolling120,1945-03,1955-02,120,9.139685718404605,0.10754389369760253,3.246298539155137,0.9999,19998,0,20000,0.9996354263863794,0.9999725759647273,above,ff12,ew
rolling120,1945-04,1955-03,120,9.860267069500722,0.1084297516409718,3.415956081454124,0.9999,19998,0,20000,0.9996354263863794,0.9999725759647273,above,ff12,ew
rolling120,1945-05,1955-04,120,9.132567161471185,0.10920541976668297,3.226753474607068,0.9999,19998,0,20000,0.9996354263863794,0.9999725759647273,above,ff12,ew
rolling120,1945-06,1955-05,120,9.000949676123426,0.1104251798004161,3.1980961109686774,0.99995,19999,0,20000,0.9997168094297738,0.9999911737177268,above,ff12,ew
rolling120,1945-07,1955-06,120,9.495360054154975,0.11131334231175427,3.458987652970916,1.0,20000,0,20000,0.9998079639438954,1.0,above,ff12,ew
rolling120,1945-08,1955-07,120,10.24847593441783,0.11209102834556228,3.647170965936068,1.0,20000,0,20000,0.9998079639438954,1.0,above,ff12,ew
rolling120,1945-09,1955-08,120,10.108481073914405,0.11353631309698597,3.3904284382180006,1.0,20000,0,20000,0.9998079639438954,1.0,above,ff12,ew
rolling120,1945-10,1955-09,120,9.101413205643828,0.11498347615509474,3.180542498566549,1.0,20000,0,20000,0.9998079639438954,1.0,above,ff12,ew
rolling120,1945-11,1955-10,120,8.087705134458611,0.11665544977724074,2.922678012271211,0.99995,19999,0,20000,0.9997168094297738,0.9999911737177268,above,ff12,ew
rolling120,1945-12,1955-11,120,7.924209434779309,0.11833009802225769,2.9892839090836327,1.0,20000,0,20000,0.9998079639438954,1.0,above,ff12,ew
rolling120,1946-01,1955-12,120,8.042209937317006,0.12000709007167609,3.007019314725677,1.0,20000,0,20000,0.9998079639438954,1.0,above,ff12,ew
rolling120,1946-02,1956-01,120,7.009197822816397,0.12213446533023475,2.6646486044809308,1.0,20000,0,20000,0.9998079639438954,1.0,above,ff12,ew
rolling120,1946-03,1956-02,120,7.78363678884044,0.12392934201175865,3.0451588853156633,1.0,20000,0,20000,0.9998079639438954,1.0,above,ff12,ew
rolling120,1946-04,1956-03,120,7.528799977880505,0.12527765272895763,3.0787698740710017,1.0,20000,0,20000,0.9998079639438954,1.0,above,ff12,ew
rolling120,1946-05,1956-04,120,6.600091740852497,0.12707755700204193,2.9305007600989206,1.0,20000,0,20000,0.9998079639438954,1.0,above,ff12,ew
rolling120,1946-06,1956-05,120,5.96513646938507,0.129331036072325,2.591775293036439,1.0,20000,0,20000,0.9998079639438954,1.0,above,ff12,ew
rolling120,1946-07,1956-06,120,6.758500391322334,0.13125032304755546,2.8730949098095233,1.0,20000,0,20000,0.9998079639438954,1.0,above,ff12,ew
rolling120,1946-08,1956-07,120,7.510130345986344,0.13339905404204733,3.18026865856368,1.0,20000,0,20000,0.9998079639438954,1.0,above,ff12,ew
rolling120,1946-09,1956-08,120,8.030015265125932,0.13498533683286906,3.332611462087269,1.0,20000,0,20000,0.9998079639438954,1.0,above,ff12,ew
rolling120,1946-10,1956-09,120,8.807075867274543,0.13668730424789377,3.582875830348071,1.0,20000,0,20000,0.9998079639438954,1.0,above,ff12,ew
rolling120,1946-11,1956-10,120,9.169742778572036,0.1391872663286149,3.684211354337914,1.0,20000,0,20000,0.9998079639438954,1.0,above,ff12,ew
rolling120,1946-12,1956-11,120,9.167723369759765,0.14112330387011118,3.7095035664301284,1.0,20000,0,20000,0.9998079639438954,1.0,above,ff12,ew
rolling120,1947-01,1956-12,120,8.566916419157614,0.1435189441161644,3.637739702560717,1.0,20000,0,20000,0.9998079639438954,1.0,above,ff12,ew
rolling120,1947-02,1957-01,120,8.20991358334943,0.14626256649532943,3.4280156915246973,1.0,20000,0,20000,0.9998079639438954,1.0,above,ff12,ew
rolling120,1947-03,1957-02,120,8.019363647142203,0.14866899595613137,3.3935546840204127,0.99995,19999,0,20000,0.9997168094297738,0.9999911737177268,above,ff12,ew
rolling120,1947-04,1957-03,120,9.027873728344396,0.15096564495334452,3.5726919924385294,1.0,20000,0,20000,0.9998079639438954,1.0,above,ff12,ew
rolling120,1947-05,1957-04,120,10.606900431391207,0.15349700996273907,4.018292976265365,1.0,20000,0,20000,0.9998079639438954,1.0,above,ff12,ew
rolling120,1947-06,1957-05,120,11.369017466241935,0.15614925741141872,4.253834132413886,1.0,20000,0,20000,0.9998079639438954,1.0,above,ff12,ew
rolling120,1947-07,1957-06,120,10.719556816681322,0.15857644269639715,3.9625363888147485,1.0,20000,0,20000,0.9998079639438954,1.0,above,ff12,ew
rolling120,1947-08,1957-07,120,10.17143340693923,0.16170366092620858,3.8100775135823444,1.0,20000,0,20000,0.9998079639438954,1.0,above,ff12,ew
rolling120,1947-09,1957-08,120,9.979113351307838,0.16425864248577837,3.655434671554466,1.0,20000,0,20000,0.9998079639438954,1.0,above,ff12,ew
rolling120,1947-10,1957-09,120,9.649199107746371,0.16658576349814247,3.4098455233866503,1.0,20000,0,20000,0.9998079639438954,1.0,above,ff12,ew
rolling120,1947-11,1957-10,120,8.868913092882302,0.16926730183118832,3.127697989655874,1.0,20000,0,20000,0.9998079639438954,1.0,above,ff12,ew
rolling120,1947-12,1957-11,120,9.646734054520117,0.17183814738788294,3.3179416412643645,1.0,20000,0,20000,0.9998079639438954,1.0,above,ff12,ew
rolling120,1948-01,1957-12,120,8.414622241236833,0.17371158966987799,3.035216778731293,1.0,20000,0,20000,0.9998079639438954,1.0,above,ff12,ew
rolling120,1948-02,1958-01,120,9.475203447092241,0.17617465985905212,3.404153282632355,1.0,20000,0,20000,0.9998079639438954,1.0,above,ff12,ew
rolling120,1948-03,1958-02,120,10.125577903377362,0.1767623358158119,3.537626420051456,1.0,20000,0,20000,0.9998079639438954,1.0,above,ff12,ew
rolling120,1948-04,1958-03,120,9.122630741590628,0.1767623358158119,3.3346494156794684,1.0,20000,0,20000,0.9998079639438954,1.0,above,ff12,ew
rolling120,1948-05,1958-04,120,9.56994830300298,0.1767623358158119,3.3112482427036607,1.0,20000,0,20000,0.9998079639438954,1.0,above,ff12,ew
rolling120,1948-06,1958-05,120,9.051803961346168,0.1771150823193539,3.1117426210440966,1.0,20000,0,20000,0.9998079639438954,1.0,above,ff12,ew
rolling120,1948-07,1958-06,120,9.085182351294966,0.17640944834054317,3.2342970620394107,1.0,20000,0,20000,0.9998079639438954,1.0,above,ff12,ew
rolling120,1948-08,1958-07,120,10.158004286517302,0.17629190143323492,3.6559439063224923,1.0,20000,0,20000,0.9998079639438954,1.0,above,ff12,ew
rolling120,1948-09,1958-08,120,10.951317744941244,0.1757042843379042,3.730658046551529,1.0,20000,0,20000,0.9998079639438954,1.0,above,ff12,ew
rolling120,1948-10,1958-09,120,12.135726477412987,0.1774671356238966,4.1108654938787,1.0,20000,0,20000,0.9998079639438954,1.0,above,ff12,ew
rolling120,1948-11,1958-10,120,12.133223242257696,0.17911493049582128,3.9522358007196337,1.0,20000,0,20000,0.9998079639438954,1.0,above,ff12,ew
rolling120,1948-12,1958-11,120,14.18062966037385,0.17993998092699592,4.630369964390392,1.0,20000,0,20000,0.9998079639438954,1.0,above,ff12,ew
rolling120,1949-01,1958-12,120,14.459884236616881,0.18206302367556515,4.743740434147719,1.0,20000,0,20000,0.9998079639438954,1.0,above,ff12,ew
rolling120,1949-02,1959-01,120,14.84661338001834,0.18336199403125253,4.777517039910174,1.0,20000,0,20000,0.9998079639438954,1.0,above,ff12,ew
rolling120,1949-03,1959-02,120,16.6416423687339,0.1845442919571505,5.014183546897027,1.0,20000,0,20000,0.9998079639438954,1.0,above,ff12,ew
rolling120,1949-04,1959-03,120,16.138121189804544,0.18596432507438188,4.803412832099387,1.0,20000,0,20000,0.9998079639438954,1.0,above,ff12,ew
rolling120,1949-05,1959-04,120,16.917204019078053,0.18726771278302579,5.1366570631423585,1.0,20000,0,20000,0.9998079639438954,1.0,above,ff12,ew
rolling120,1949-06,1959-05,120,17.2397929870337,0.18869101074040806,5.441847071533809,1.0,20000,0,20000,0.9998079639438954,1.0,above,ff12,ew
rolling120,1949-07,1959-06,120,17.497625278853636,0.1903535156505345,5.4289890933471145,1.0,20000,0,20000,0.9998079639438954,1.0,above,ff12,ew
rolling120,1949-08,1959-07,120,17.485158171502196,0.1922563687078238,5.295089860123941,1.0,20000,0,20000,0.9998079639438954,1.0,above,ff12,ew
rolling120,1949-09,1959-08,120,17.090856363147253,0.1934475530106592,5.057828487328074,1.0,20000,0,20000,0.9998079639438954,1.0,above,ff12,ew
rolling120,1949-10,1959-09,120,15.279170220407547,0.19607077672593887,4.606925959874307,1.0,20000,0,20000,0.9998079639438954,1.0,above,ff12,ew
rolling120,1949-11,1959-10,120,14.530015859615222,0.1985802668159824,4.517306393529324,1.0,20000,0,20000,0.9998079639438954,1.0,above,ff12,ew
rolling120,1949-12,1959-11,120,14.71837263171486,0.20073598672032755,4.515681904454774,1.0,20000,0,20000,0.9998079639438954,1.0,above,ff12,ew
rolling120,1950-01,1959-12,120,13.23036485389862,0.2037351274604624,4.388312266254401,1.0,20000,0,20000,0.9998079639438954,1.0,above,ff12,ew
rolling120,1950-02,1960-01,120,11.471265723906384,0.20662149403644903,3.9415360060403613,1.0,20000,0,20000,0.9998079639438954,1.0,above,ff12,ew
rolling120,1950-03,1960-02,120,11.118949770910467,0.2090325670588018,3.935697822317561,1.0,20000,0,20000,0.9998079639438954,1.0,above,ff12,ew
rolling120,1950-04,1960-03,120,10.55144077806586,0.21205212891459313,3.807143735390585,1.0,20000,0,20000,0.9998079639438954,1.0,above,ff12,ew
rolling120,1950-05,1960-04,120,9.759390388296566,0.2132630911774711,3.5506826402121012,1.0,20000,0,20000,0.9998079639438954,1.0,above,ff12,ew
rolling120,1950-06,1960-05,120,10.245740477761379,0.21532357794570456,3.505794657838817,1.0,20000,0,20000,0.9998079639438954,1.0,above,ff12,ew
rolling120,1950-07,1960-06,120,11.976434064801275,0.2170233312015728,3.897311550776161,1.0,20000,0,20000,0.9998079639438954,1.0,above,ff12,ew
rolling120,1950-08,1960-07,120,10.232648831492842,0.21738807345867617,3.718253446377034,1.0,20000,0,20000,0.9998079639438954,1.0,above,ff12,ew
rolling120,1950-09,1960-08,120,9.827878264501564,0.2182393937897662,3.637787805475596,0.9999,19998,0,20000,0.9996354263863794,0.9999725759647273,above,ff12,ew
rolling120,1950-10,1960-09,120,8.873130283557819,0.21896960721261705,3.162162597822933,0.99995,19999,0,20000,0.9997168094297738,0.9999911737177268,above,ff12,ew
rolling120,1950-11,1960-10,120,8.42065315699477,0.22018711580951345,3.144669269582308,0.9999,19998,0,20000,0.9996354263863794,0.9999725759647273,above,ff12,ew
rolling120,1950-12,1960-11,120,8.148971399283687,0.22043088508647068,3.2240567120818424,0.99955,19991,0,20000,0.9991449078924859,0.99976322888386,above,ff12,ew
rolling120,1951-01,1960-12,120,8.06821991463273,0.22104043002957652,3.192480209408256,0.99975,19995,0,20000,0.9994148495964674,0.9998932103654561,above,ff12,ew
rolling120,1951-02,1961-01,120,8.352603881804813,0.22177210311258633,3.214664740422794,0.9998,19996,0,20000,0.9994858195143681,0.9999222212439498,above,ff12,ew
rolling120,1951-03,1961-02,120,8.666229737701165,0.2222603237332108,3.306432317529537,0.99985,19997,0,20000,0.9995590363727073,0.999948985182005,above,ff12,ew
rolling120,1951-04,1961-03,120,9.771721953177504,0.2233591493164293,3.5324155958562535,0.99985,19997,0,20000,0.9995590363727073,0.999948985182005,above,ff12,ew
rolling120,1951-05,1961-04,120,9.534359769529313,0.22384785765531534,3.3368556125318527,0.99995,19999,0,20000,0.9997168094297738,0.9999911737177268,above,ff12,ew
rolling120,1951-06,1961-05,120,9.68640425252142,0.22458128625558826,3.550681758730744,0.99975,19995,0,20000,0.9994148495964674,0.9998932103654561,above,ff12,ew
rolling120,1951-07,1961-06,120,9.263416567706305,0.2255597770955846,3.5334107334898954,0.99945,19989,0,20000,0.9990153237654903,0.9996928514180666,above,ff12,ew
rolling120,1951-08,1961-07,120,8.200949166699164,0.22617176140453088,3.3611004824130957,0.99885,19977,0,20000,0.9982748651476752,0.9992335404791493,above,ff12,ew
rolling120,1951-09,1961-08,120,8.359282899969319,0.22629421938529637,3.2896823458020394,0.99945,19989,0,20000,0.9990153237654903,0.9996928514180666,above,ff12,ew
rolling120,1951-10,1961-09,120,8.001457573491562,0.22690663160033098,3.1705481406022207,0.99955,19991,0,20000,0.9991449078924859,0.99976322888386,above,ff12,ew
rolling120,1951-11,1961-10,120,8.693168884009532,0.22727411561538702,3.3901181236268583,0.9997,19994,0,20000,0.9993455788792479,0.9998625002862812,above,ff12,ew
rolling120,1951-12,1961-11,120,9.07790326088312,0.22776448585437037,3.5605954487175433,0.99955,19991,0,20000,0.9991449078924859,0.99976322888386,above,ff12,ew
rolling120,1952-01,1961-12,120,8.472641432386933,0.2286228909084036,3.4093838258166143,0.9991,19982,0,20000,0.9985777005831638,0.9994306090256326,above,ff12,ew
rolling120,1952-02,1962-01,120,8.241377564826236,0.22972699535355323,3.18240471746011,0.9992,19984,0,20000,0.9987007797717246,0.9995074914298606,above,ff12,ew
rolling120,1952-03,1962-02,120,8.562394820435669,0.23070959782686828,3.376765543989597,0.9992,19984,0,20000,0.9987007797717246,0.9995074914298606,above,ff12,ew
rolling120,1952-04,1962-03,120,8.035625273255116,0.23181601940118068,3.1661951883103256,0.99865,19973,0,20000,0.998036487964857,0.9990719944763898,above,ff12,ew
rolling120,1952-05,1962-04,120,8.081580731305431,0.2330463590130476,3.0996411506200285,0.99925,19985,0,20000,0.9987628321888334,0.9995454198091459,above,ff12,ew
rolling120,1952-06,1962-05,120,6.891289272479872,0.2344009490409258,2.633457239657237,0.99895,19979,0,20000,0.9983952643143006,0.9993131029053126,above,ff12,ew
rolling120,1952-07,1962-06,120,6.33104323181682,0.2350172251013556,2.2040391275754274,0.9997,19994,0,20000,0.9993455788792479,0.9998625002862812,above,ff12,ew
rolling120,1952-08,1962-07,120,6.571405304991144,0.23649702607002432,2.3777788309112022,0.9994,19988,0,20000,0.9989514644540893,0.9996567299330732,above,ff12,ew
rolling120,1952-09,1962-08,120,6.829781225908394,0.23748474211681003,2.4790646119145756,0.9993,19986,0,20000,0.9988252697172566,0.9995829630771171,above,ff12,ew
rolling120,1952-10,1962-09,120,6.5176355878763,0.23810249608152478,2.3680834435972846,0.9995,19990,0,20000,0.9990797771249671,0.9997283788549844,above,ff12,ew
rolling120,1952-11,1962-10,120,6.375284505387111,0.23958614197257533,2.392798973490992,0.99935,19987,0,20000,0.9988881316487883,0.9996200819419798,above,ff12,ew
rolling120,1952-12,1962-11,120,6.520734318331127,0.24082448976675375,2.5537058077042643,0.99815,19963,0,20000,0.9974512113609938,0.9986574631163091,above,ff12,ew
rolling120,1953-01,1962-12,120,6.288360288674177,0.24169167940616743,2.489932835114751,0.998,19960,0,20000,0.9972779078878247,0.998530824200295,above,ff12,ew
rolling120,1953-02,1963-01,120,6.658396846588795,0.24280741673790196,2.677680173569633,0.99775,19955,0,20000,0.99699090398009,0.9983179241260579,above,ff12,ew
rolling120,1953-03,1963-02,120,6.6104176300678015,0.24392437966486846,2.6025578389938637,0.9985,19970,0,20000,0.9978594891242497,0.9989490509278142,above,ff12,ew
rolling120,1953-04,1963-03,120,6.898358570244369,0.24454522433429582,2.769295628382176,0.99835,19967,0,20000,0.9976837768002499,0.9988248208626306,above,ff12,ew
rolling120,1953-05,1963-04,120,6.956351667403595,0.24566352575392525,3.057036987869277,0.9971,19942,0,20000,0.9962532717032827,0.9977558060497381,above,ff12,ew
rolling120,1953-06,1963-05,120,7.049233493358646,0.246534010398058,3.1102281760296604,0.99635,19927,0,20000,0.9954135773493563,0.9970957884577486,above,ff12,ew
rolling120,1953-07,1963-06,120,6.843189663077967,0.24715615753840448,3.1077191345141273,0.99435,19887,0,20000,0.9932120493703004,0.9952980845810288,above,ff12,ew
rolling120,1953-08,1963-07,120,6.520010613792731,0.24865050340864503,3.00077023067061,0.993,19860,0,20000,0.9917460998660389,0.9940645525826418,above,ff12,ew
rolling120,1953-09,1963-08,120,7.269546603059311,0.249647728528668,3.407500558482745,0.9938,19876,0,20000,0.9926132779492511,0.9947970672417399,above,ff12,ew
rolling120,1953-10,1963-09,120,7.050936530178978,0.25102014516343374,3.334166634674175,0.992,19840,0,20000,0.9906674048001818,0.9931436317206113,above,ff12,ew
rolling120,1953-11,1963-10,120,6.631817186502644,0.25301917865216006,3.255536666127618,0.9882,19764,0,20000,0.9866068895347423,0.989605606460077,above,ff12,ew
rolling120,1953-12,1963-11,120,6.303319808576036,0.25539801202490087,3.1104051688665626,0.9879,19758,0,20000,0.9862883138694672,0.9893242973469859,above,ff12,ew
rolling120,1954-01,1963-12,120,6.375082214064603,0.25740404100646463,3.191258870141322,0.9879,19758,0,20000,0.9862883138694672,0.9893242973469859,above,ff12,ew
rolling120,1954-02,1964-01,120,6.134166575274349,0.25979048359752666,3.0837294236439687,0.98825,19765,0,20000,0.9866600091619359,0.9896524676292778,above,ff12,ew
rolling120,1954-03,1964-02,120,6.134166575274349,0.2621824111670634,3.0865391450874036,0.98715,19743,0,20000,0.9854928942259493,0.9886200050445879,above,ff12,ew
rolling120,1954-04,1964-03,120,6.103279765972118,0.26508311015355845,3.006967050687205,0.98685,19737,0,20000,0.9851751130264493,0.9883379014657215,above,ff12,ew
rolling120,1954-05,1964-04,120,5.922484006904017,0.2676110012718589,2.854536433676586,0.9859,19718,0,20000,0.9841701578234792,0.9874432215371984,above,ff12,ew
rolling120,1954-06,1964-05,120,5.882664707264029,0.2702716540481418,2.7992314029267913,0.989,19780,0,20000,0.987457654338057,0.9903545343990726,above,ff12,ew
rolling120,1954-07,1964-06,120,5.840672460476942,0.27331847792353203,2.8153839588221694,0.9885,19770,0,20000,0.9869257113693992,0.9898866694037867,above,ff12,ew
rolling120,1954-08,1964-07,120,5.660739018429391,0.2765001832656697,2.7060616768987544,0.99005,19801,0,20000,0.98857726918284,0.9913345162785719,above,ff12,ew
rolling120,1954-09,1964-08,120,5.6993442810524435,0.2794346664455909,2.749305385308833,0.99105,19821,0,20000,0.9896471776750044,0.9922642237142951,above,ff12,ew
rolling120,1954-10,1964-09,120,5.548999353291218,0.2818634064458374,2.625373044654433,0.98985,19797,0,20000,0.9883637275300762,0.9911481347457581,above,ff12,ew
rolling120,1954-11,1964-10,120,5.639868799076579,0.28468153325125445,2.7171126674307486,0.98825,19765,0,20000,0.9866600091619359,0.9896524676292778,above,ff12,ew
rolling120,1954-12,1964-11,120,5.059479791860964,0.28763452898029485,2.40506127971093,0.9874,19748,0,20000,0.9857578773874327,0.9888549258650765,above,ff12,ew
rolling120,1955-01,1964-12,120,4.530932286842314,0.29059372104329917,2.2366950783270982,0.98685,19737,0,20000,0.9851751130264493,0.9883379014657215,above,ff12,ew
rolling120,1955-02,1965-01,120,4.821265682544594,0.29317284518607156,2.337640872386962,0.9857,19714,0,20000,0.9839588367686715,0.9872546194064286,above,ff12,ew
rolling120,1955-03,1965-02,120,4.676610318169024,0.295886066261994,2.260924657979464,0.9824,19648,0,20000,0.9804828258837344,0.9841318977293361,above,ff12,ew
rolling120,1955-04,1965-03,120,4.65191232014673,0.2992520040964406,2.230582887775153,0.98115,19623,0,20000,0.979170757304788,0.9829444463984224,above,ff12,ew
rolling120,1955-05,1965-04,120,4.74811968296457,0.3019777076015382,2.237156111362333,0.9821,19642,0,20000,0.9801677220792498,0.983847116755454,above,ff12,ew
rolling120,1955-06,1965-05,120,4.800447706993139,0.30418797532964126,2.1875163015818457,0.9856,19712,0,20000,0.9838532072465787,0.9871602873357326,above,ff12,ew
rolling120,1955-07,1965-06,120,4.227662785104192,0.3074451880552398,1.8345433290391209,0.98735,19747,0,20000,0.9857048684867288,0.9888079539693858,above,ff12,ew
rolling120,1955-08,1965-07,120,4.357545845719931,0.3101880800581529,1.8278731613857286,0.9883,19766,0,20000,0.9867131356688398,0.9896993219187683,above,ff12,ew
rolling120,1955-09,1965-08,120,4.454536823723063,0.31241184177550396,1.90337326172956,0.98445,19689,0,20000,0.982639883160256,0.9860740531049844,above,ff12,ew
rolling120,1955-10,1965-09,120,4.7156464972319165,0.3143773147813578,2.0017137930918802,0.9855,19710,0,20000,0.9837475981129445,0.9870659348765779,above,ff12,ew
rolling120,1955-11,1965-10,120,5.474230028417933,0.316082935173867,2.1679455076103515,0.9914,19828,0,20000,0.9900225854955916,0.9925886814684687,above,ff12,ew
rolling120,1955-12,1965-11,120,5.87341300143394,0.3184478640780428,1.9643530764244987,0.9964,19928,0,20000,0.9954692523335612,0.9971400942699381,above,ff12,ew
rolling120,1956-01,1965-12,120,5.58958358685198,0.32042198246107034,1.9547313933791552,0.9929,19858,0,20000,0.9916379830382978,0.9939727078175944,above,ff12,ew
rolling120,1956-02,1966-01,120,6.334637007475945,0.3225300199505312,2.073601644928826,0.99535,19907,0,20000,0.994307318008138,0.996202431871079,above,ff12,ew
rolling120,1956-03,1966-02,120,6.276922286996185,0.3246420551156384,1.930815303243664,0.9946,19892,0,20000,0.9934850109626305,0.9955250269706708,above,ff12,ew
rolling120,1956-04,1966-03,120,5.725650432212251,0.32768416867206973,1.6860089308779602,0.99395,19879,0,20000,0.9927763542646242,0.99493393331555,above,ff12,ew
rolling120,1956-05,1966-04,120,6.035921967512376,0.32967191820097286,1.7394778057834643,0.99355,19871,0,20000,0.9923418354439922,0.994568605765027,above,ff12,ew
rolling120,1956-06,1966-05,120,5.213324992530244,0.3320598354440756,1.7316927409738483,0.9827,19654,0,20000,0.9807980662866777,0.9844165421047589,above,ff12,ew
rolling120,1956-07,1966-06,120,4.96217863213374,0.3344527573041547,1.6070577774857968,0.97855,19571,0,20000,0.9764483094811665,0.9804678928095358,above,ff12,ew
rolling120,1956-08,1966-07,120,4.574730348003996,0.3361837377317094,1.4497310469579086,0.97635,19527,0,20000,0.9741507735049671,0.978366273744382,above,ff12,ew
rolling120,1956-09,1966-08,120,4.231661294953196,0.3393851363246574,1.3358076914023282,0.98145,19629,0,20000,0.9794854500067403,0.9832296384748367,above,ff12,ew
rolling120,1956-10,1966-09,120,4.2235012742165505,0.3423264891894151,1.4414892262616505,0.9751,19502,0,20000,0.972847523842743,0.9771700034967463,above,ff12,ew
rolling120,1956-11,1966-10,120,4.6084397263123265,0.34500444727258617,1.5272575289406856,0.98895,19779,0,20000,0.987404426732895,0.9903077812078402,above,ff12,ew
rolling120,1956-12,1966-11,120,4.465861715395154,0.34768908688790057,1.558172762760647,0.97435,19487,0,20000,0.9720662659557207,0.976451549437853,above,ff12,ew
rolling120,1957-01,1966-12,120,4.8649615942536375,0.3498402266913929,1.4871673872372133,0.9884,19768,0,20000,0.9868194094960113,0.9897930096843855,above,ff12,ew
rolling120,1957-02,1967-01,120,5.883771933049246,0.3519941554464605,1.7927263175410193,0.99,19800,0,20000,0.9885238707386358,0.9912879339263817,above,ff12,ew
rolling120,1957-03,1967-02,120,6.5082731978950505,0.35361266401243796,1.876931980166276,0.992,19840,0,20000,0.9906674048001818,0.9931436317206113,above,ff12,ew
rolling120,1957-04,1967-03,120,6.549716561977355,0.3557734744109413,1.933706136085931,0.98965,19793,0,20000,0.9881503225322883,0.9909616165579684,above,ff12,ew
rolling120,1957-05,1967-04,120,6.693348836913641,0.3567201491561658,1.9252848190748715,0.99085,19817,0,20000,0.9894328871481004,0.9920785910556216,above,ff12,ew
rolling120,1957-06,1967-05,120,6.225211651659427,0.3576673904332546,1.7078345109851365,0.98835,19767,0,20000,0.9867662690988964,0.9897461692851061,above,ff12,ew
rolling120,1957-07,1967-06,120,6.954533342582786,0.35807371547029554,1.794929399266898,0.99015,19803,0,20000,0.9886840925215175,0.991427654532683,above,ff12,ew
rolling120,1957-08,1967-07,120,7.216282750388853,0.3583445178063813,1.9040025156804443,0.9845,19690,0,20000,0.9826925843236706,0.9861213327379642,above,ff12,ew
rolling120,1957-09,1967-08,120,7.441005911047924,0.3591574920813776,2.034656681213004,0.9796,19592,0,20000,0.9775467518026658,0.9814690472123188,above,ff12,ew
rolling120,1957-10,1967-09,120,8.280390856392351,0.35997087178938547,2.329205409685466,0.97665,19533,0,20000,0.9744637779697656,0.97865315405795,above,ff12,ew
rolling120,1957-11,1967-10,120,8.231348140484586,0.36132691014992946,2.375690094993151,0.9647,19294,0,20000,0.9620519442826871,0.9671695774067692,above,ff12,ew
rolling120,1957-12,1967-11,120,7.652294753170798,0.3624129308201727,2.3144874087987146,0.9521,19042,0,20000,0.9490525293433478,0.9549738316547223,above,ff12,ew
rolling120,1958-01,1967-12,120,8.391234321166175,0.36363616669181886,2.556692010811823,0.9369,18738,0,20000,0.9334456541112852,0.9401865447828905,above,ff12,ew
rolling120,1958-02,1968-01,120,7.963359578493748,0.36526796106759685,2.2665434964446334,0.9497,18994,0,20000,0.9465836244009376,0.9526436583702018,above,ff12,ew
rolling120,1958-03,1968-02,120,7.279180951637251,0.36894976639608523,2.2022662433449023,0.9333,18666,0,20000,0.9297582677644833,0.9366753137892965,above,ff12,ew
rolling120,1958-04,1968-03,120,7.051410259703628,0.3729161509725152,2.1164469951438063,0.94585,18917,0,20000,0.9426270266395077,0.9489017348092638,above,ff12,ew
rolling120,1958-05,1968-04,120,7.544323445435072,0.37771751640857,2.306146395449158,0.93055,18611,0,20000,0.9269434726428459,0.9339911651092424,above,ff12,ew
rolling120,1958-06,1968-05,120,8.395168892505628,0.3823966089625499,2.315829534359972,0.9528,19056,0,20000,0.9497730057294828,0.9556530864181089,above,ff12,ew
rolling120,1958-07,1968-06,120,8.359501454872248,0.38792453701998286,2.256894335759751,0.9552,19104,0,20000,0.9522445836850075,0.9579805866895148,above,ff12,ew
rolling120,1958-08,1968-07,120,8.557644384819561,0.3936110470647334,2.0489344925708037,0.9801,19602,0,20000,0.978070287163221,0.9819453198157073,above,ff12,ew
rolling120,1958-09,1968-08,120,8.625842767435866,0.3989046516017647,2.0438499441723628,0.98,19600,0,20000,0.9779655551122345,0.981850090273905,above,ff12,ew
rolling120,1958-10,1968-09,120,8.880329334107413,0.402255655857523,2.0331086520470047,0.98315,19663,0,20000,0.9812711907000046,0.9848432448589813,above,ff12,ew
rolling120,1958-11,1968-10,120,8.596904276491257,0.4058949697976604,1.9787719767498917,0.98145,19629,0,20000,0.9794854500067403,0.9832296384748367,above,ff12,ew
rolling120,1958-12,1968-11,120,8.969432389226231,0.41024845536990373,2.0576320184152066,0.9847,19694,0,20000,0.9829034349310033,0.9863104053162088,above,ff12,ew
rolling120,1959-01,1968-12,120,8.201972774621524,0.4132034760806169,1.799976179323092,0.9767,19534,0,20000,0.9745159541106864,0.9787009587134236,above,ff12,ew
rolling120,1959-02,1969-01,120,8.054654975418288,0.41771625037805027,1.754475179183479,0.98155,19631,0,20000,0.9795903755251485,0.9833246745492172,above,ff12,ew
rolling120,1959-03,1969-02,120,6.43548923303686,0.42153682516198154,1.5763629815182623,0.9657,19314,0,20000,0.9630868996222047,0.9681342379951393,above,ff12,ew
rolling120,1959-04,1969-03,120,6.140101813042135,0.4249410243042573,1.6435278672056044,0.9494,18988,0,20000,0.9462751482126229,0.9523522497801503,above,ff12,ew
rolling120,1959-05,1969-04,120,6.047910239266976,0.4296339438453789,1.5959311301396069,0.95605,19121,0,20000,0.9531204653676734,0.9588043785455534,above,ff12,ew
rolling120,1959-06,1969-05,120,5.8327334519995615,0.43334283254423944,1.5562091824886228,0.936,18720,0,20000,0.9325235243908698,0.939309020168207,above,ff12,ew
rolling120,1959-07,1969-06,120,4.977621350330564,0.4372035923685307,1.3854544090983825,0.92875,18575,0,20000,0.925101929682013,0.9322333993998771,above,ff12,ew
rolling120,1959-08,1969-07,120,4.520329573457798,0.4412177270903579,1.1571260841435924,0.95155,19031,0,20000,0.9484865630384871,0.9544400091992449,above,ff12,ew
rolling120,1959-09,1969-08,120,4.460170013019197,0.4456770293700065,1.2964081853159048,0.90805,18161,0,20000,0.9039666142479139,0.9119766651266992,above,ff12,ew
rolling120,1959-10,1969-09,120,4.928849142997202,0.4501447781398671,1.3481074271842735,0.9418,18836,0,20000,0.938469665543329,0.944960651397497,above,ff12,ew
rolling120,1959-11,1969-10,120,5.502023865315168,0.45448220020808217,1.4424200704497965,0.95365,19073,0,20000,0.950648109229413,0.9564776564568833,above,ff12,ew
rolling120,1959-12,1969-11,120,5.3935918715556666,0.45825404712663476,1.3191720912419442,0.97025,19405,0,20000,0.9678035830476664,0.972515807041567,above,ff12,ew
rolling120,1960-01,1969-12,120,5.2259904595618965,0.46261398547762145,1.2111095006091732,0.9825,19650,0,20000,0.9805878906709233,0.9842267945349357,above,ff12,ew
rolling120,1960-02,1970-01,120,5.50945239313088,0.4665500542115888,1.1909762057455655,0.98905,19781,0,20000,0.9875108895266084,0.9904012800069156,above,ff12,ew
rolling120,1960-03,1970-02,120,5.703841261194317,0.4713756750899398,1.2840575999965593,0.98885,19777,0,20000,0.9872979940708255,0.9902142522771209,above,ff12,ew
rolling120,1960-04,1970-03,120,6.009425597452163,0.4746014114977106,1.302335613610794,0.9925,19850,0,20000,0.9912060835308831,0.9936047609538539,above,ff12,ew
rolling120,1960-05,1970-04,120,5.4478989331153755,0.47916400694200934,1.0926285618836529,0.99675,19935,0,20000,0.9958601321753175,0.9974490800029425,above,ff12,ew
rolling120,1960-06,1970-05,120,4.991589985617528,0.4829994775893107,0.895084749484151,0.9981,19962,0,20000,0.9973933437444168,0.9986153499364917,above,ff12,ew
rolling120,1960-07,1970-06,120,4.567678615167816,0.48802960351090263,0.7554352282653223,0.9986,19972,0,20000,0.9979773333783398,0.9990311682665126,above,ff12,ew
rolling120,1960-08,1970-07,120,5.227551636224741,0.4938253844493752,0.9292549194438029,0.99915,19983,0,20000,0.9986390788900333,0.9994692115151574,above,ff12,ew
rolling120,1960-09,1970-08,120,5.63815943641538,0.49919402913742306,0.9640364853075762,0.9996,19992,0,20000,0.9992108209764861,0.9997972965962543,above,ff12,ew
rolling120,1960-10,1970-09,120,6.921290490466544,0.5048818659093102,1.1843022593607628,0.99965,19993,0,20000,0.9992776515467302,0.9998304468224045,above,ff12,ew
rolling120,1960-11,1970-10,120,7.27421927469525,0.5084856540535752,1.1553274931829294,0.9999,19998,0,20000,0.9996354263863794,0.9999725759647273,above,ff12,ew
rolling120,1960-12,1970-11,120,7.183276255285756,0.513457193710398,1.1606736594510805,0.9999,19998,0,20000,0.9996354263863794,0.9999725759647273,above,ff12,ew
rolling120,1961-01,1970-12,120,6.910397016761641,0.5173858964895983,1.1868349288523854,0.99985,19997,0,20000,0.9995590363727073,0.999948985182005,above,ff12,ew
rolling120,1961-02,1971-01,120,6.480724635268318,0.520263462317855,1.1625801566365204,0.9991,19982,0,20000,0.9985777005831638,0.9994306090256326,above,ff12,ew
rolling120,1961-03,1971-02,120,6.66402955853446,0.5231479246489952,1.1215013512313146,0.99945,19989,0,20000,0.9990153237654903,0.9996928514180666,above,ff12,ew
rolling120,1961-04,1971-03,120,6.491319033271711,0.5246680323582258,1.1488715791597035,0.99925,19985,0,20000,0.9987628321888334,0.9995454198091459,above,ff12,ew
rolling120,1961-05,1971-04,120,6.527124206177517,0.5263423209032931,1.2124008305045595,0.9992,19984,0,20000,0.9987007797717246,0.9995074914298606,above,ff12,ew
rolling120,1961-06,1971-05,120,5.945540259015096,0.5280182807286011,1.0769565215206574,0.9994,19988,0,20000,0.9989514644540893,0.9996567299330732,above,ff12,ew
rolling120,1961-07,1971-06,120,6.31325828392966,0.5306107269134699,1.1445345961500362,0.99955,19991,0,20000,0.9991449078924859,0.99976322888386,above,ff12,ew
rolling120,1961-08,1971-07,120,5.91641481115828,0.5339720201847913,0.9967218048417625,0.99965,19993,0,20000,0.9992776515467302,0.9998304468224045,above,ff12,ew
rolling120,1961-09,1971-08,120,5.7617739576440545,0.5390270508085278,1.0268543995015302,0.99915,19983,0,20000,0.9986390788900333,0.9994692115151574,above,ff12,ew
rolling120,1961-10,1971-09,120,5.769335925266471,0.5420998810986515,1.0576645714588584,0.9987,19974,0,20000,0.998095808650383,0.9991126545872582,above,ff12,ew
rolling120,1961-11,1971-10,120,5.2470344456659035,0.5448703969045976,0.9211142904687897,0.9989,19978,0,20000,0.9983349531464094,0.9992734332768094,above,ff12,ew
rolling120,1961-12,1971-11,120,4.854374033193697,0.548264021341133,0.8349763743856287,0.9991,19982,0,20000,0.9985777005831638,0.9994306090256326,above,ff12,ew
rolling120,1962-01,1971-12,120,5.490534817818032,0.5510456115581346,1.0011919907816873,0.99905,19981,0,20000,0.9985166196635774,0.9993917091488246,above,ff12,ew
rolling120,1962-02,1972-01,120,5.509871068516596,0.551819277565496,1.133884912034099,0.9951,19902,0,20000,0.9940326032815869,0.9959772426156581,above,ff12,ew
rolling120,1962-03,1972-02,120,5.705542024806543,0.5525936384824448,1.157104324369731,0.99565,19913,0,20000,0.9946378752462796,0.9964717594113041,above,ff12,ew
rolling120,1962-04,1972-03,120,5.859439710621775,0.5536782847368735,1.1867991889636471,0.9961,19922,0,20000,0.9951357683417873,0.9968736934833456,above,ff12,ew
rolling120,1962-05,1972-04,120,6.437706430412562,0.5547634721239376,1.3491216749542194,0.9971,19942,0,20000,0.9962532717032827,0.9977558060497381,above,ff12,ew
rolling120,1962-06,1972-05,120,7.159089328345553,0.5556940967082098,1.6058885232430562,0.9971,19942,0,20000,0.9962532717032827,0.9977558060497381,above,ff12,ew
rolling120,1962-07,1972-06,120,7.349754363176361,0.5570914267351932,1.780940576712819,0.995,19900,0,20000,0.9939228956291228,0.9958869886753337,above,ff12,ew
rolling120,1962-08,1972-07,120,6.645806818253115,0.5577125861753987,1.597441306445397,0.99525,19905,0,20000,0.9941973537644435,0.9961124345219847,above,ff12,ew
rolling120,1962-09,1972-08,120,6.785728134502665,0.5586450690165692,1.6278919665444067,0.9964,19928,0,20000,0.9954692523335612,0.9971400942699381,above,ff12,ew
rolling120,1962-10,1972-09,120,6.72999066575495,0.5606670614222389,1.7443613336267512,0.99465,19893,0,20000,0.9935396672703248,0.9955703514593709,above,ff12,ew
rolling120,1962-11,1972-10,120,7.311074888901908,0.5628463292119767,1.7638054664166418,0.9975,19950,0,20000,0.9967058796313818,0.9981030444927942,above,ff12,ew
rolling120,1962-12,1972-11,120,7.245389964163959,0.5654978649002604,1.6115461320528839,0.9991,19982,0,20000,0.9985777005831638,0.9994306090256326,above,ff12,ew
rolling120,1963-01,1972-12,120,7.194961972604503,0.5676845325754676,1.6050972330701394,0.9992,19984,0,20000,0.9987007797717246,0.9995074914298606,above,ff12,ew
rolling120,1963-02,1973-01,120,6.433672981878441,0.5706557052556607,1.4064768337049651,0.9994,19988,0,20000,0.9989514644540893,0.9996567299330732,above,ff12,ew
rolling120,1963-03,1973-02,120,5.692760514155947,0.573633103080649,1.3508840948296381,0.9986,19972,0,20000,0.9979773333783398,0.9990311682665126,above,ff12,ew
rolling120,1963-04,1973-03,120,5.454642024277113,0.5772441538010773,1.2564482319553476,0.9989,19978,0,20000,0.9983349531464094,0.9992734332768094,above,ff12,ew
rolling120,1963-05,1973-04,120,5.069709756642263,0.581492093167923,1.0427792126636612,0.9993,19986,0,20000,0.9988252697172566,0.9995829630771171,above,ff12,ew
rolling120,1963-06,1973-05,120,4.894610560650724,0.5857518982871903,0.9534576902275833,0.9998,19996,0,20000,0.9994858195143681,0.9999222212439498,above,ff12,ew
rolling120,1963-07,1973-06,120,4.871292799025269,0.5901818147944278,0.9675771543430434,0.99985,19997,0,20000,0.9995590363727073,0.999948985182005,above,ff12,ew
rolling120,1963-08,1973-07,120,4.876648732046885,0.5960496443693151,1.0818337371943616,0.9991,19982,0,20000,0.9985777005831638,0.9994306090256326,above,ff12,ew
rolling120,1963-09,1973-08,120,4.301848436876949,0.6032139569874317,0.9148205872912725,0.99915,19983,0,20000,0.9986390788900333,0.9994692115151574,above,ff12,ew
rolling120,1963-10,1973-09,120,4.905649556851501,0.6097694344220068,1.0451913506813169,0.99925,19985,0,20000,0.9987628321888334,0.9995454198091459,above,ff12,ew
rolling120,1963-11,1973-10,120,5.080605317604655,0.6155478469894804,0.985325300252933,0.9994,19988,0,20000,0.9989514644540893,0.9996567299330732,above,ff12,ew
rolling120,1963-12,1973-11,120,4.791670066448296,0.6202203200684366,0.7530616120732567,0.99995,19999,0,20000,0.9997168094297738,0.9999911737177268,above,ff12,ew
rolling120,1964-01,1973-12,120,5.239576437895694,0.6258746935057082,0.7377832646903233,0.99995,19999,0,20000,0.9997168094297738,0.9999911737177268,above,ff12,ew
rolling120,1964-02,1974-01,120,5.348583287630555,0.6312240319788576,0.7027022099028353,0.99995,19999,0,20000,0.9997168094297738,0.9999911737177268,above,ff12,ew
rolling120,1964-03,1974-02,120,5.129342621555499,0.6364304122923747,0.6744381225368026,0.9999,19998,0,20000,0.9996354263863794,0.9999725759647273,above,ff12,ew
rolling120,1964-04,1974-03,120,5.092622238664746,0.6405088451811505,0.608922356436759,0.99995,19999,0,20000,0.9997168094297738,0.9999911737177268,above,ff12,ew
rolling120,1964-05,1974-04,120,4.71266526092081,0.648033364762199,0.5300708971911283,0.99985,19997,0,20000,0.9995590363727073,0.999948985182005,above,ff12,ew
rolling120,1964-06,1974-05,120,4.432017555907932,0.6560877867523596,0.445493357678842,0.99995,19999,0,20000,0.9997168094297738,0.9999911737177268,above,ff12,ew
rolling120,1964-07,1974-06,120,4.399748144684718,0.6610411899031641,0.3912713463294635,0.99995,19999,0,20000,0.9997168094297738,0.9999911737177268,above,ff12,ew
rolling120,1964-08,1974-07,120,3.9756379510481654,0.6676654817871248,0.2631064045860594,0.99995,19999,0,20000,0.9997168094297738,0.9999911737177268,above,ff12,ew
rolling120,1964-09,1974-08,120,3.6375021975939257,0.6729871107676977,0.16560031528019503,0.99995,19999,0,20000,0.9997168094297738,0.9999911737177268,above,ff12,ew
rolling120,1964-10,1974-09,120,3.138400862289253,0.6818291846479019,0.007689036284771911,0.99985,19997,0,20000,0.9995590363727073,0.999948985182005,above,ff12,ew
rolling120,1964-11,1974-10,120,3.382493125947792,0.6855185098111538,0.16480023205005612,0.9999,19998,0,20000,0.9996354263863794,0.9999725759647273,above,ff12,ew
rolling120,1964-12,1974-11,120,3.4057645552309532,0.6897201214120392,0.11520213680819591,0.9999,19998,0,20000,0.9996354263863794,0.9999725759647273,above,ff12,ew
rolling120,1965-01,1974-12,120,3.3127007766701695,0.6962896643025853,0.0808625792323383,0.99995,19999,0,20000,0.9997168094297738,0.9999911737177268,above,ff12,ew
rolling120,1965-02,1975-01,120,3.6551693532516687,0.7013643242476468,0.18944856171541713,0.9998,19996,0,20000,0.9994858195143681,0.9999222212439498,above,ff12,ew
rolling120,1965-03,1975-02,120,3.9859541989938503,0.7035694823947274,0.2514359048661614,0.99985,19997,0,20000,0.9995590363727073,0.999948985182005,above,ff12,ew
rolling120,1965-04,1975-03,120,4.310791417639197,0.7044182117103883,0.30262066970869794,0.99985,19997,0,20000,0.9995590363727073,0.999948985182005,above,ff12,ew
rolling120,1965-05,1975-04,120,4.3407535695017545,0.70662710780771,0.31823901848493863,0.9999,19998,0,20000,0.9996354263863794,0.9999725759647273,above,ff12,ew
rolling120,1965-06,1975-05,120,4.8466535448046315,0.7088388665956173,0.3991637688410423,0.9999,19998,0,20000,0.9996354263863794,0.9999725759647273,above,ff12,ew
rolling120,1965-07,1975-06,120,5.9629200389794725,0.7098605938701139,0.5531839053520131,0.9999,19998,0,20000,0.9996354263863794,0.9999725759647273,above,ff12,ew
rolling120,1965-08,1975-07,120,5.596843043453338,0.7127583737620282,0.43305066372920886,0.9999,19998,0,20000,0.9996354263863794,0.9999725759647273,above,ff12,ew
rolling120,1965-09,1975-08,120,5.283818660902206,0.7153190610546059,0.35768549200970234,1.0,20000,0,20000,0.9998079639438954,1.0,above,ff12,ew
rolling120,1965-10,1975-09,120,5.026554308060387,0.7190811006661302,0.2668836126371432,1.0,20000,0,20000,0.9998079639438954,1.0,above,ff12,ew
rolling120,1965-11,1975-10,120,4.768281259388154,0.7233655217125516,0.3034460879022516,1.0,20000,0,20000,0.9998079639438954,1.0,above,ff12,ew
rolling120,1965-12,1975-11,120,4.21752560305204,0.7243959345805411,0.3390465891069181,0.99995,19999,0,20000,0.9997168094297738,0.9999911737177268,above,ff12,ew
rolling120,1966-01,1975-12,120,4.106935366643161,0.7269740207978947,0.3065416097384257,1.0,20000,0,20000,0.9998079639438954,1.0,above,ff12,ew
rolling120,1966-02,1976-01,120,4.272651384465952,0.7285224135242525,0.45541756764333874,0.99985,19997,0,20000,0.9995590363727073,0.999948985182005,above,ff12,ew
rolling120,1966-03,1976-02,120,4.788076359746285,0.72835016415569,0.47758501294434175,0.99995,19999,0,20000,0.9997168094297738,0.9999911737177268,above,ff12,ew
rolling120,1966-04,1976-03,120,4.903803341573504,0.7286945256149757,0.5508075255915277,0.99995,19999,0,20000,0.9997168094297738,0.9999911737177268,above,ff12,ew
rolling120,1966-05,1976-04,120,4.507429009575505,0.7300727951191535,0.4972322485290308,0.9998,19996,0,20000,0.9994858195143681,0.9999222212439498,above,ff12,ew
rolling120,1966-06,1976-05,120,5.1864623075017,0.7293835917349811,0.5650296556030179,0.99995,19999,0,20000,0.9997168094297738,0.9999911737177268,above,ff12,ew
rolling120,1966-07,1976-06,120,5.440214858166289,0.7302450101409059,0.6528193724879661,0.99995,19999,0,20000,0.9997168094297738,0.9999911737177268,above,ff12,ew
rolling120,1966-08,1976-07,120,5.5728613289665905,0.7323140624699234,0.6643716958977777,0.99995,19999,0,20000,0.9997168094297738,0.9999911737177268,above,ff12,ew
rolling120,1966-09,1976-08,120,5.910552231842172,0.7324865865275341,0.7972046483766964,0.99985,19997,0,20000,0.9995590363727073,0.999948985182005,above,ff12,ew
rolling120,1966-10,1976-09,120,6.480554040592327,0.7331768202273456,0.8543736305477281,0.9999,19998,0,20000,0.9996354263863794,0.9999725759647273,above,ff12,ew
rolling120,1966-11,1976-10,120,5.870079163970251,0.7324866552416902,0.7420196726811599,0.9998,19996,0,20000,0.9994858195143681,0.9999222212439498,above,ff12,ew
rolling120,1966-12,1976-11,120,6.2095929600295054,0.7324866552416902,0.7245618217660996,0.99995,19999,0,20000,0.9997168094297738,0.9999911737177268,above,ff12,ew
rolling120,1967-01,1976-12,120,6.484167208857289,0.7324866552416902,0.8192557564736382,0.9999,19998,0,20000,0.9996354263863794,0.9999725759647273,above,ff12,ew
rolling120,1967-02,1977-01,120,6.338888249423172,0.7312791070402871,0.6140072483063694,1.0,20000,0,20000,0.9998079639438954,1.0,above,ff12,ew
rolling120,1967-03,1977-02,120,5.84414739705986,0.7311066001543722,0.5705967893387702,0.99995,19999,0,20000,0.9997168094297738,0.9999911737177268,above,ff12,ew
rolling120,1967-04,1977-03,120,5.342998904178758,0.7309341620031466,0.4900958042557808,1.0,20000,0,20000,0.9998079639438954,1.0,above,ff12,ew
rolling120,1967-05,1977-04,120,5.14602614526299,0.7319694097076941,0.43747558969229106,0.99995,19999,0,20000,0.9997168094297738,0.9999911737177268,above,ff12,ew
rolling120,1967-06,1977-05,120,5.3238451576157475,0.7326599187916005,0.4807450871843302,0.99995,19999,0,20000,0.9997168094297738,0.9999911737177268,above,ff12,ew
rolling120,1967-07,1977-06,120,4.8405782677901055,0.7349063114259171,0.5157846291247132,0.99995,19999,0,20000,0.9997168094297738,0.9999911737177268,above,ff12,ew
rolling120,1967-08,1977-07,120,4.494474027971317,0.7366356837459189,0.42662932729726366,0.99995,19999,0,20000,0.9997168094297738,0.9999911737177268,above,ff12,ew
rolling120,1967-09,1977-08,120,4.303819230709972,0.7388863331217235,0.4161531236062166,0.99995,19999,0,20000,0.9997168094297738,0.9999911737177268,above,ff12,ew
rolling120,1967-10,1977-09,120,3.9671854713328667,0.7407930067326025,0.37151321659639036,0.9999,19998,0,20000,0.9996354263863794,0.9999725759647273,above,ff12,ew
rolling120,1967-11,1977-10,120,4.058531342280955,0.7425270370212096,0.3544591523472729,0.99985,19997,0,20000,0.9995590363727073,0.999948985182005,above,ff12,ew
rolling120,1967-12,1977-11,120,4.432232793840586,0.7449578240397723,0.40515220312012357,0.99985,19997,0,20000,0.9995590363727073,0.999948985182005,above,ff12,ew
rolling120,1968-01,1977-12,120,4.22833527006807,0.7477405734850664,0.3695408781813079,0.9998,19996,0,20000,0.9994858195143681,0.9999222212439498,above,ff12,ew
rolling120,1968-02,1978-01,120,4.045002032526145,0.7493072732023338,0.34282367520340085,0.9999,19998,0,20000,0.9996354263863794,0.9999725759647273,above,ff12,ew
rolling120,1968-03,1978-02,120,4.508296531771383,0.7505270312372392,0.3764463683642101,0.9999,19998,0,20000,0.9996354263863794,0.9999725759647273,above,ff12,ew
rolling120,1968-04,1978-03,120,4.99463258919245,0.7531428815528955,0.41462397416733343,0.9999,19998,0,20000,0.9996354263863794,0.9999725759647273,above,ff12,ew
rolling120,1968-05,1978-04,120,4.632142208473254,0.7550630818612778,0.4011821383232579,0.99985,19997,0,20000,0.9995590363727073,0.999948985182005,above,ff12,ew
rolling120,1968-06,1978-05,120,4.616140383855384,0.7561114022685618,0.3949079848760797,0.9999,19998,0,20000,0.9996354263863794,0.9999725759647273,above,ff12,ew
rolling120,1968-07,1978-06,120,4.531629379447161,0.7580348539687463,0.3634594512508702,0.9999,19998,0,20000,0.9996354263863794,0.9999725759647273,above,ff12,ew
rolling120,1968-08,1978-07,120,4.712141327715905,0.7594345632473838,0.47346758163607694,0.99975,19995,0,20000,0.9994148495964674,0.9998932103654561,above,ff12,ew
rolling120,1968-09,1978-08,120,5.280320203139876,0.7618874694299633,0.5106770901828463,0.9999,19998,0,20000,0.9996354263863794,0.9999725759647273,above,ff12,ew
rolling120,1968-10,1978-09,120,4.717276584385717,0.7652207226331067,0.4340443511134642,0.99985,19997,0,20000,0.9995590363727073,0.999948985182005,above,ff12,ew
rolling120,1968-11,1978-10,120,3.2026919319287463,0.7694386932965072,0.26216375029100214,0.99945,19989,0,20000,0.9990153237654903,0.9996928514180666,above,ff12,ew
rolling120,1968-12,1978-11,120,2.9061841640246895,0.7743724000692915,0.23306899780436918,0.99915,19983,0,20000,0.9986390788900333,0.9994692115151574,above,ff12,ew
rolling120,1969-01,1978-12,120,2.974222207865283,0.7805561135017745,0.2988752707441873,0.99915,19983,0,20000,0.9986390788900333,0.9994692115151574,above,ff12,ew
rolling120,1969-02,1979-01,120,3.3156583618346644,0.7848069189055387,0.37357891494190354,0.999,19980,0,20000,0.9984558140624349,0.9993525339535727,above,ff12,ew
rolling120,1969-03,1979-02,120,3.6481160086815354,0.7896038317873273,0.41089495945988075,0.99915,19983,0,20000,0.9986390788900333,0.9994692115151574,above,ff12,ew
rolling120,1969-04,1979-03,120,4.15790632921085,0.7958387645080678,0.45686671143607516,0.9997,19994,0,20000,0.9993455788792479,0.9998625002862812,above,ff12,ew
rolling120,1969-05,1979-04,120,4.191144736833929,0.800661966203255,0.4388683581033028,0.99955,19991,0,20000,0.9991449078924859,0.99976322888386,above,ff12,ew
rolling120,1969-06,1979-05,120,4.294840656974514,0.806754970467876,0.41349932738467765,0.99985,19997,0,20000,0.9995590363727073,0.999948985182005,above,ff12,ew
rolling120,1969-07,1979-06,120,6.201995622187254,0.8121477322939665,0.5851125654822815,0.9999,19998,0,20000,0.9996354263863794,0.9999725759647273,above,ff12,ew
rolling120,1969-08,1979-07,120,6.554393738703246,0.8164739578559934,0.7218800027050127,0.99975,19995,0,20000,0.9994148495964674,0.9998932103654561,above,ff12,ew
rolling120,1969-09,1979-08,120,7.576867529881209,0.8213540371457557,0.7402135477475982,0.99995,19999,0,20000,0.9997168094297738,0.9999911737177268,above,ff12,ew
rolling120,1969-10,1979-09,120,7.960454386847262,0.8251553127152311,0.7820927268280575,1.0,20000,0,20000,0.9998079639438954,1.0,above,ff12,ew
rolling120,1969-11,1979-10,120,6.5039876173021565,0.8300538408905103,0.5646861846284199,1.0,20000,0,20000,0.9998079639438954,1.0,above,ff12,ew
rolling120,1969-12,1979-11,120,7.947325948486306,0.8386105988015584,0.718210501130939,1.0,20000,0,20000,0.9998079639438954,1.0,above,ff12,ew
rolling120,1970-01,1979-12,120,9.31248862424621,0.8442740455983437,0.8009566858604356,1.0,20000,0,20000,0.9998079639438954,1.0,above,ff12,ew
rolling120,1970-02,1980-01,120,11.77807476787003,0.84794059439675,1.0696399535888035,1.0,20000,0,20000,0.9998079639438954,1.0,above,ff12,ew
rolling120,1970-03,1980-02,120,12.314226344784023,0.8528992900883334,0.9502677550554093,1.0,20000,0,20000,0.9998079639438954,1.0,above,ff12,ew
rolling120,1970-04,1980-03,120,8.669002197297129,0.8646906348795886,0.7307621892165928,1.0,20000,0,20000,0.9998079639438954,1.0,above,ff12,ew
rolling120,1970-05,1980-04,120,10.102749607744737,0.8787917779891261,1.0343368330630964,0.99995,19999,0,20000,0.9997168094297738,0.9999911737177268,above,ff12,ew
rolling120,1970-06,1980-05,120,11.327645719536347,0.8840246606891853,1.3046257383638,0.9999,19998,0,20000,0.9996354263863794,0.9999725759647273,above,ff12,ew
rolling120,1970-07,1980-06,120,12.47297016301374,0.8845866087884167,1.5188455395347762,0.9999,19998,0,20000,0.9996354263863794,0.9999725759647273,above,ff12,ew
rolling120,1970-08,1980-07,120,11.646068347207104,0.8847740925338194,1.5094678569601863,0.9997,19994,0,20000,0.9993455788792479,0.9998625002862812,above,ff12,ew
rolling120,1970-09,1980-08,120,12.219937244038203,0.8868364137332496,1.446390687176553,0.9999,19998,0,20000,0.9996354263863794,0.9999725759647273,above,ff12,ew
rolling120,1970-10,1980-09,120,11.671825334611144,0.890777488398895,1.4048076521958959,0.99985,19997,0,20000,0.9995590363727073,0.999948985182005,above,ff12,ew
rolling120,1970-11,1980-10,120,12.6825557812863,0.8999998751131644,1.4978748594302824,0.9998,19996,0,20000,0.9994858195143681,0.9999222212439498,above,ff12,ew
rolling120,1970-12,1980-11,120,15.811750152791241,0.9094563745911315,1.6281408875010652,0.99995,19999,0,20000,0.9997168094297738,0.9999911737177268,above,ff12,ew
rolling120,1971-01,1980-12,120,14.287752809461958,0.9263794593689254,1.3976586751552196,0.99995,19999,0,20000,0.9997168094297738,0.9999911737177268,above,ff12,ew
rolling120,1971-02,1981-01,120,12.642434121448112,0.9390454331005802,1.1873137500370508,0.99995,19999,0,20000,0.9997168094297738,0.9999911737177268,above,ff12,ew
rolling120,1971-03,1981-02,120,11.5887501852387,0.9533471735620018,1.186023806799363,0.99995,19999,0,20000,0.9997168094297738,0.9999911737177268,above,ff12,ew
rolling120,1971-04,1981-03,120,12.084560711266368,0.9710694659642094,1.1956538676222688,0.99995,19999,0,20000,0.9997168094297738,0.9999911737177268,above,ff12,ew
rolling120,1971-05,1981-04,120,12.113775825950288,0.9867939930161773,1.0999137637551466,0.99995,19999,0,20000,0.9997168094297738,0.9999911737177268,above,ff12,ew
rolling120,1971-06,1981-05,120,13.564309119472785,1.0038310139952773,1.2085074350272191,0.99995,19999,0,20000,0.9997168094297738,0.9999911737177268,above,ff12,ew
rolling120,1971-07,1981-06,120,13.292434220213256,1.0233961668668061,1.1805377058440873,0.99995,19999,0,20000,0.9997168094297738,0.9999911737177268,above,ff12,ew
rolling120,1971-08,1981-07,120,13.739738420845878,1.0403249794182816,1.2664769460493912,0.99995,19999,0,20000,0.9997168094297738,0.9999911737177268,above,ff12,ew
rolling120,1971-09,1981-08,120,13.856081225624877,1.0567742999450935,1.0490899379878722,0.99995,19999,0,20000,0.9997168094297738,0.9999911737177268,above,ff12,ew
rolling120,1971-10,1981-09,120,13.457786776192059,1.0746022728548499,0.936658714378046,1.0,20000,0,20000,0.9998079639438954,1.0,above,ff12,ew
rolling120,1971-11,1981-10,120,14.587673531044809,1.0919646909996947,1.1421322496815223,1.0,20000,0,20000,0.9998079639438954,1.0,above,ff12,ew
rolling120,1971-12,1981-11,120,16.18476465715537,1.1065544616851564,1.2399014725675968,1.0,20000,0,20000,0.9998079639438954,1.0,above,ff12,ew
rolling120,1972-01,1981-12,120,14.7760723011319,1.117048406398144,0.9967731865829947,1.0,20000,0,20000,0.9998079639438954,1.0,above,ff12,ew
rolling120,1972-02,1982-01,120,14.134095497590792,1.1278141326646023,0.8959240931773338,1.0,20000,0,20000,0.9998079639438954,1.0,above,ff12,ew
rolling120,1972-03,1982-02,120,13.37273076909996,1.1420349353467496,0.7477360773607198,1.0,20000,0,20000,0.9998079639438954,1.0,above,ff12,ew
rolling120,1972-04,1982-03,120,13.63617325014415,1.1572024311490456,0.7177669682930821,1.0,20000,0,20000,0.9998079639438954,1.0,above,ff12,ew
rolling120,1972-05,1982-04,120,14.125934980389273,1.1752705340722205,0.7824949143045239,1.0,20000,0,20000,0.9998079639438954,1.0,above,ff12,ew
rolling120,1972-06,1982-05,120,13.790827884279025,1.1917531423064665,0.704239895918874,1.0,20000,0,20000,0.9998079639438954,1.0,above,ff12,ew
rolling120,1972-07,1982-06,120,14.108795692118404,1.2063954257379685,0.7045881975530284,1.0,20000,0,20000,0.9998079639438954,1.0,above,ff12,ew
rolling120,1972-08,1982-07,120,14.905481202975393,1.222672293598063,0.6761526995333518,1.0,20000,0,20000,0.9998079639438954,1.0,above,ff12,ew
rolling120,1972-09,1982-08,120,15.04080171029447,1.2330886459561352,0.8125950253064897,1.0,20000,0,20000,0.9998079639438954,1.0,above,ff12,ew
rolling120,1972-10,1982-09,120,16.357707248315148,1.236872033137843,0.8604679987571249,1.0,20000,0,20000,0.9998079639438954,1.0,above,ff12,ew
rolling120,1972-11,1982-10,120,17.558183599955992,1.241105157503343,1.0627007964817157,1.0,20000,0,20000,0.9998079639438954,1.0,above,ff12,ew
rolling120,1972-12,1982-11,120,18.74089820613876,1.2469105509570726,1.0693819270028535,1.0,20000,0,20000,0.9998079639438954,1.0,above,ff12,ew
rolling120,1973-01,1982-12,120,19.82821086835522,1.253626433843265,1.074299757109602,1.0,20000,0,20000,0.9998079639438954,1.0,above,ff12,ew
rolling120,1973-02,1983-01,120,23.90544151433451,1.2592358186347905,1.2260777881176224,1.0,20000,0,20000,0.9998079639438954,1.0,above,ff12,ew
rolling120,1973-03,1983-02,120,29.242519566978352,1.263735392063659,1.4040335723722914,1.0,20000,0,20000,0.9998079639438954,1.0,above,ff12,ew
rolling120,1973-04,1983-03,120,30.36125437206368,1.267566120877623,1.5077978290257144,1.0,20000,0,20000,0.9998079639438954,1.0,above,ff12,ew
rolling120,1973-05,1983-04,120,32.76370198401663,1.2718522088498352,1.8391211820169882,1.0,20000,0,20000,0.9998079639438954,1.0,above,ff12,ew
rolling120,1973-06,1983-05,120,36.03093767092026,1.2759207930463625,1.9456537176555164,1.0,20000,0,20000,0.9998079639438954,1.0,above,ff12,ew
rolling120,1973-07,1983-06,120,39.458750536792635,1.2795437890356909,2.0885599016533583,1.0,20000,0,20000,0.9998079639438954,1.0,above,ff12,ew
rolling120,1973-08,1983-07,120,40.42976054967567,1.2818088365208218,1.8255296299379875,1.0,20000,0,20000,0.9998079639438954,1.0,above,ff12,ew
rolling120,1973-09,1983-08,120,41.11419644930895,1.283168404844469,1.924108182262414,1.0,20000,0,20000,0.9998079639438954,1.0,above,ff12,ew
rolling120,1973-10,1983-09,120,35.462117043709206,1.2849826030207456,1.8203691896456276,1.0,20000,0,20000,0.9998079639438954,1.0,above,ff12,ew
rolling120,1973-11,1983-10,120,35.36933811993386,1.2874798517672161,1.7500153599299635,1.0,20000,0,20000,0.9998079639438954,1.0,above,ff12,ew
rolling120,1973-12,1983-11,120,37.97462489283605,1.2906644895878947,2.22276236131232,1.0,20000,0,20000,0.9998079639438954,1.0,above,ff12,ew
rolling120,1974-01,1983-12,120,34.81382644917959,1.2927129773071204,2.1504945497922265,1.0,20000,0,20000,0.9998079639438954,1.0,above,ff12,ew
rolling120,1974-02,1984-01,120,33.8794033514168,1.2956748444148407,2.0993817189356396,1.0,20000,0,20000,0.9998079639438954,1.0,above,ff12,ew
rolling120,1974-03,1984-02,120,32.4286197884095,1.298642012139776,1.9699828417367695,1.0,20000,0,20000,0.9998079639438954,1.0,above,ff12,ew
rolling120,1974-04,1984-03,120,32.07766315021094,1.302527942351229,2.0805899375411663,1.0,20000,0,20000,0.9998079639438954,1.0,above,ff12,ew
rolling120,1974-05,1984-04,120,33.14265039842783,1.3038991748727282,2.236442555099811,1.0,20000,0,20000,0.9998079639438954,1.0,above,ff12,ew
rolling120,1974-06,1984-05,120,32.81168111540708,1.304585199440928,2.194323313102155,1.0,20000,0,20000,0.9998079639438954,1.0,above,ff12,ew
rolling120,1974-07,1984-06,120,32.986801376164166,1.3080214596786637,2.3511640649729646,1.0,20000,0,20000,0.9998079639438954,1.0,above,ff12,ew
rolling120,1974-08,1984-07,120,34.281030119231424,1.3107718328183005,2.548674382273832,1.0,20000,0,20000,0.9998079639438954,1.0,above,ff12,ew
rolling120,1974-09,1984-08,120,39.22661743474033,1.316054909573253,3.3225273968931317,1.0,20000,0,20000,0.9998079639438954,1.0,above,ff12,ew
rolling120,1974-10,1984-09,120,43.12721952109048,1.3172036323733591,3.858594600461995,1.0,20000,0,20000,0.9998079639438954,1.0,above,ff12,ew
rolling120,1974-11,1984-10,120,40.4887427077162,1.3285003170799845,3.1728420097948327,1.0,20000,0,20000,0.9998079639438954,1.0,above,ff12,ew
rolling120,1974-12,1984-11,120,41.55966002496743,1.3329007055845121,3.3010566116997877,1.0,20000,0,20000,0.9998079639438954,1.0,above,ff12,ew
rolling120,1975-01,1984-12,120,44.063169438200795,1.3315106952336175,3.531896787651596,1.0,20000,0,20000,0.9998079639438954,1.0,above,ff12,ew
rolling120,1975-02,1985-01,120,39.49171213587431,1.3331333413726747,3.3085744339143677,1.0,20000,0,20000,0.9998079639438954,1.0,above,ff12,ew
rolling120,1975-03,1985-02,120,38.706184777455036,1.3366180571070756,3.13824773443233,1.0,20000,0,20000,0.9998079639438954,1.0,above,ff12,ew
rolling120,1975-04,1985-03,120,37.61773551642271,1.3415049188936758,3.006556140671411,1.0,20000,0,20000,0.9998079639438954,1.0,above,ff12,ew
rolling120,1975-05,1985-04,120,34.6857484907719,1.348032411698238,2.8189761187978224,1.0,20000,0,20000,0.9998079639438954,1.0,above,ff12,ew
rolling120,1975-06,1985-05,120,32.38746354228879,1.3531754536195209,2.8222296955745323,1.0,20000,0,20000,0.9998079639438954,1.0,above,ff12,ew
rolling120,1975-07,1985-06,120,30.799482079162768,1.3564564471809866,2.696613104135627,1.0,20000,0,20000,0.9998079639438954,1.0,above,ff12,ew
rolling120,1975-08,1985-07,120,30.786410665298135,1.3597397264664695,2.9336562537617072,1.0,20000,0,20000,0.9998079639438954,1.0,above,ff12,ew
rolling120,1975-09,1985-08,120,32.02560860583885,1.3613836534255928,3.0102022070815275,1.0,20000,0,20000,0.9998079639438954,1.0,above,ff12,ew
rolling120,1975-10,1985-09,120,31.012409996879818,1.3630279074367313,3.002704166183274,1.0,20000,0,20000,0.9998079639438954,1.0,above,ff12,ew
rolling120,1975-11,1985-10,120,30.588505548983655,1.3651427892154633,2.9562050528058132,1.0,20000,0,20000,0.9998079639438954,1.0,above,ff12,ew
rolling120,1975-12,1985-11,120,30.90359523245693,1.369853759814439,3.110138511584693,1.0,20000,0,20000,0.9998079639438954,1.0,above,ff12,ew
rolling120,1976-01,1985-12,120,31.939899557579928,1.3738632655784562,3.3449916931224495,1.0,20000,0,20000,0.9998079639438954,1.0,above,ff12,ew
rolling120,1976-02,1986-01,120,30.007377437229984,1.3759897480498613,2.9047825365026037,1.0,20000,0,20000,0.9998079639438954,1.0,above,ff12,ew
rolling120,1976-03,1986-02,120,28.055920796638286,1.3804888316867912,3.177128024890565,1.0,20000,0,20000,0.9998079639438954,1.0,above,ff12,ew
rolling120,1976-04,1986-03,120,28.87483645006413,1.3852308413116652,3.2905838970619463,1.0,20000,0,20000,0.9998079639438954,1.0,above,ff12,ew
rolling120,1976-05,1986-04,120,29.857660809439665,1.387606096082938,3.304028565090749,1.0,20000,0,20000,0.9998079639438954,1.0,above,ff12,ew
rolling120,1976-06,1986-05,120,31.65208345256388,1.3904606615061712,3.5682767088426637,1.0,20000,0,20000,0.9998079639438954,1.0,above,ff12,ew
rolling120,1976-07,1986-06,120,31.248465231228494,1.3926028646281026,3.4410522354697815,1.0,20000,0,20000,0.9998079639438954,1.0,above,ff12,ew
rolling120,1976-08,1986-07,120,28.19321248588989,1.3937935697463613,3.203386025906367,1.0,20000,0,20000,0.9998079639438954,1.0,above,ff12,ew
rolling120,1976-09,1986-08,120,31.12758178215205,1.3947470824210266,3.484594024434702,1.0,20000,0,20000,0.9998079639438954,1.0,above,ff12,ew
rolling120,1976-10,1986-09,120,27.690418905323767,1.3949855080564735,3.019071288629968,1.0,20000,0,20000,0.9998079639438954,1.0,above,ff12,ew
rolling120,1976-11,1986-10,120,29.17926252313159,1.3961781111378686,3.3106887685989355,1.0,20000,0,20000,0.9998079639438954,1.0,above,ff12,ew
rolling120,1976-12,1986-11,120,28.393939447473826,1.3959394479793885,3.344914165729536,1.0,20000,0,20000,0.9998079639438954,1.0,above,ff12,ew
rolling120,1977-01,1986-12,120,24.659236053958804,1.398087202464629,2.983554967787672,1.0,20000,0,20000,0.9998079639438954,1.0,above,ff12,ew
rolling120,1977-02,1987-01,120,23.831815328463893,1.3995208934983863,3.6675371038533617,1.0,20000,0,20000,0.9998079639438954,1.0,above,ff12,ew
rolling120,1977-03,1987-02,120,25.87205916577505,1.4014338149879717,3.9710859044291302,1.0,20000,0,20000,0.9998079639438954,1.0,above,ff12,ew
rolling120,1977-04,1987-03,120,29.816136115916912,1.4035869236087022,4.125193081310858,1.0,20000,0,20000,0.9998079639438954,1.0,above,ff12,ew
rolling120,1977-05,1987-04,120,29.669932526675993,1.4050236163305247,4.014052915019625,1.0,20000,0,20000,0.9998079639438954,1.0,above,ff12,ew
rolling120,1977-06,1987-05,120,31.55264125603629,1.4052632321137595,4.094663068051792,1.0,20000,0,20000,0.9998079639438954,1.0,above,ff12,ew
rolling120,1977-07,1987-06,120,30.839293492609375,1.4071797765218186,4.059283463412545,1.0,20000,0,20000,0.9998079639438954,1.0,above,ff12,ew
rolling120,1977-08,1987-07,120,36.44213631039772,1.4081386212844254,4.344710475376568,1.0,20000,0,20000,0.9998079639438954,1.0,above,ff12,ew
rolling120,1977-09,1987-08,120,36.27196236166748,1.4088578980530286,4.632310927588256,1.0,20000,0,20000,0.9998079639438954,1.0,above,ff12,ew
rolling120,1977-10,1987-09,120,34.18352647122389,1.4093376068846637,4.5035370455577315,1.0,20000,0,20000,0.9998079639438954,1.0,above,ff12,ew
rolling120,1977-11,1987-10,120,23.884015010245633,1.4119749552452698,3.4331821300377072,1.0,20000,0,20000,0.9998079639438954,1.0,above,ff12,ew
rolling120,1977-12,1987-11,120,21.63605544806255,1.4083749926255011,2.9279266355999156,1.0,20000,0,20000,0.9998079639438954,1.0,above,ff12,ew
rolling120,1978-01,1987-12,120,21.049719490861886,1.4059783611272172,3.179366957152313,1.0,20000,0,20000,0.9998079639438954,1.0,above,ff12,ew
rolling120,1978-02,1988-01,120,23.280727346513032,1.401189868021182,3.622117123742374,1.0,20000,0,20000,0.9998079639438954,1.0,above,ff12,ew
rolling120,1978-03,1988-02,120,25.225467870301134,1.4011898680211825,3.909512313832746,1.0,20000,0,20000,0.9998079639438954,1.0,above,ff12,ew
rolling120,1978-04,1988-03,120,23.837774288264857,1.3990401904311907,3.6625645093064287,1.0,20000,0,20000,0.9998079639438954,1.0,above,ff12,ew
rolling120,1978-05,1988-04,120,22.296610375982095,1.3971312664682465,3.3451608926780594,1.0,20000,0,20000,0.9998079639438954,1.0,above,ff12,ew
rolling120,1978-06,1988-05,120,19.53569964582162,1.3971312664682456,3.2589119769438613,1.0,20000,0,20000,0.9998079639438954,1.0,above,ff12,ew
rolling120,1978-07,1988-06,120,19.356419728278727,1.3959391383269746,3.535515061334144,1.0,20000,0,20000,0.9998079639438954,1.0,above,ff12,ew
rolling120,1978-08,1988-07,120,18.319583775950747,1.3947478400282831,3.2599850964044963,1.0,20000,0,20000,0.9998079639438954,1.0,above,ff12,ew
rolling120,1978-09,1988-08,120,14.743642502175899,1.3954622636082439,2.9717399863736764,0.99995,19999,0,20000,0.9997168094297738,0.9999911737177268,above,ff12,ew
rolling120,1978-10,1988-09,120,15.26098050160211,1.3954622636082434,3.161957418671264,0.99995,19999,0,20000,0.9997168094297738,0.9999911737177268,above,ff12,ew
rolling120,1978-11,1988-10,120,20.483073278811766,1.393796765411456,3.770921451883021,1.0,20000,0,20000,0.9998079639438954,1.0,above,ff12,ew
rolling120,1978-12,1988-11,120,19.945103332673085,1.390706461742107,3.5351666059385085,1.0,20000,0,20000,0.9998079639438954,1.0,above,ff12,ew
rolling120,1979-01,1988-12,120,20.34164708156964,1.3871481568278248,3.5556897406038512,1.0,20000,0,20000,0.9998079639438954,1.0,above,ff12,ew
rolling120,1979-02,1989-01,120,19.041183112685378,1.3819365601770142,3.626418136424257,1.0,20000,0,20000,0.9998079639438954,1.0,above,ff12,ew
rolling120,1979-03,1989-02,120,20.042720634193884,1.3790989508528684,3.6840281595288538,1.0,20000,0,20000,0.9998079639438954,1.0,above,ff12,ew
rolling120,1979-04,1989-03,120,19.221597707550426,1.375794974529891,3.4975116362718834,1.0,20000,0,20000,0.9998079639438954,1.0,above,ff12,ew
rolling120,1979-05,1989-04,120,19.965607179779674,1.3727309532333747,3.6890566071803166,1.0,20000,0,20000,0.9998079639438954,1.0,above,ff12,ew
rolling120,1979-06,1989-05,120,21.310523227883046,1.3720249233921038,3.948186180381822,1.0,20000,0,20000,0.9998079639438954,1.0,above,ff12,ew
rolling120,1979-07,1989-06,120,17.726503432239188,1.3696719574924985,3.699003751613432,1.0,20000,0,20000,0.9998079639438954,1.0,above,ff12,ew
rolling120,1979-08,1989-07,120,18.462227408341672,1.3680258620571064,3.9894539835044975,1.0,20000,0,20000,0.9998079639438954,1.0,above,ff12,ew
rolling120,1979-09,1989-08,120,16.40025708997216,1.3673208826400005,3.7951511005046994,1.0,20000,0,20000,0.9998079639438954,1.0,above,ff12,ew
rolling120,1979-10,1989-09,120,15.539391948551259,1.3630947816891403,3.789876434294146,1.0,20000,0,20000,0.9998079639438954,1.0,above,ff12,ew
rolling120,1979-11,1989-10,120,15.85383581266441,1.3586436266527482,4.009827642767715,1.0,20000,0,20000,0.9998079639438954,1.0,above,ff12,ew
rolling120,1979-12,1989-11,120,13.824083335097981,1.3516370607749795,3.798510178879198,1.0,20000,0,20000,0.9998079639438954,1.0,above,ff12,ew
rolling120,1980-01,1989-12,120,12.31522852007162,1.343716737836262,3.754602853189076,1.0,20000,0,20000,0.9998079639438954,1.0,above,ff12,ew
rolling120,1980-02,1990-01,120,9.639644514440953,1.3383689714701674,3.149430919006119,1.0,20000,0,20000,0.9998079639438954,1.0,above,ff12,ew
rolling120,1980-03,1990-02,120,9.284728248846806,1.3309522000273049,3.2339517374446354,0.99985,19997,0,20000,0.9995590363727073,0.999948985182005,above,ff12,ew
rolling120,1980-04,1990-03,120,13.43648754460595,1.317824616250844,3.912841518921436,1.0,20000,0,20000,0.9998079639438954,1.0,above,ff12,ew
rolling120,1980-05,1990-04,120,11.790138829931797,1.3047774107278038,3.544880382441055,1.0,20000,0,20000,0.9998079639438954,1.0,above,ff12,ew
rolling120,1980-06,1990-05,120,11.851061659454176,1.3018052743981285,3.675138102461995,1.0,20000,0,20000,0.9998079639438954,1.0,above,ff12,ew
rolling120,1980-07,1990-06,120,11.822892935717634,1.3022628442767479,3.4923568560581817,1.0,20000,0,20000,0.9998079639438954,1.0,above,ff12,ew
rolling120,1980-08,1990-07,120,11.68017565371421,1.3056980320479759,3.1456932944826894,1.0,20000,0,20000,0.9998079639438954,1.0,above,ff12,ew
rolling120,1980-09,1990-08,120,8.984926553770038,1.3061562391290669,2.6658957992231933,0.99995,19999,0,20000,0.9997168094297738,0.9999911737177268,above,ff12,ew
rolling120,1980-10,1990-09,120,8.410940512761254,1.3027227558946315,2.3649746849485096,1.0,20000,0,20000,0.9998079639438954,1.0,above,ff12,ew
rolling120,1980-11,1990-10,120,6.887858713301474,1.296563913456875,2.2584067054173413,1.0,20000,0,20000,0.9998079639438954,1.0,above,ff12,ew
rolling120,1980-12,1990-11,120,5.482262817548135,1.287692479956002,2.151129205347524,0.99995,19999,0,20000,0.9997168094297738,0.9999911737177268,above,ff12,ew
rolling120,1981-01,1990-12,120,6.041138801386761,1.2716598902731593,2.3531788941984093,1.0,20000,0,20000,0.9998079639438954,1.0,above,ff12,ew
rolling120,1981-02,1991-01,120,6.4996070500817815,1.2599688457072244,2.6756402527465575,1.0,20000,0,20000,0.9998079639438954,1.0,above,ff12,ew
rolling120,1981-03,1991-02,120,8.314387487771898,1.246776190923736,2.892173347887706,1.0,20000,0,20000,0.9998079639438954,1.0,above,ff12,ew
rolling120,1981-04,1991-03,120,8.97035451787191,1.2296828437543725,2.826116248734002,1.0,20000,0,20000,0.9998079639438954,1.0,above,ff12,ew
rolling120,1981-05,1991-04,120,9.044716906275251,1.2175506161716174,2.877559178483461,1.0,20000,0,20000,0.9998079639438954,1.0,above,ff12,ew
rolling120,1981-06,1991-05,120,9.381735946323824,1.2026427128696233,2.9866729586836773,1.0,20000,0,20000,0.9998079639438954,1.0,above,ff12,ew
rolling120,1981-07,1991-06,120,9.150275684890149,1.1824309938467445,2.844536249824434,1.0,20000,0,20000,0.9998079639438954,1.0,above,ff12,ew
rolling120,1981-08,1991-07,120,9.854341050316046,1.1662632415217242,3.0389034150277148,1.0,20000,0,20000,0.9998079639438954,1.0,above,ff12,ew
rolling120,1981-09,1991-08,120,10.567065854222342,1.1487243803640648,3.4039729789576567,1.0,20000,0,20000,0.9998079639438954,1.0,above,ff12,ew
rolling120,1981-10,1991-09,120,11.985338042337881,1.132169609357704,3.6296736675124253,1.0,20000,0,20000,0.9998079639438954,1.0,above,ff12,ew
rolling120,1981-11,1991-10,120,12.663685851444809,1.115526846869881,3.436861478589358,1.0,20000,0,20000,0.9998079639438954,1.0,above,ff12,ew
rolling120,1981-12,1991-11,120,11.734244124683286,1.1012935604755847,3.085208247587924,1.0,20000,0,20000,0.9998079639438954,1.0,above,ff12,ew
rolling120,1982-01,1991-12,120,13.321497024011435,1.0910860275655718,3.6729505695105376,1.0,20000,0,20000,0.9998079639438954,1.0,above,ff12,ew
rolling120,1982-02,1992-01,120,17.401106043133275,1.0815433730746973,3.777357992299641,1.0,20000,0,20000,0.9998079639438954,1.0,above,ff12,ew
rolling120,1982-03,1992-02,120,17.199178502755714,1.0683429394761257,4.093972292231132,1.0,20000,0,20000,0.9998079639438954,1.0,above,ff12,ew
rolling120,1982-04,1992-03,120,15.63827718925095,1.0552340121512627,4.018456567447149,1.0,20000,0,20000,0.9998079639438954,1.0,above,ff12,ew
rolling120,1982-05,1992-04,120,14.138786028267333,1.038772630268117,3.8761299272282805,1.0,20000,0,20000,0.9998079639438954,1.0,above,ff12,ew
rolling120,1982-06,1992-05,120,15.230691817460585,1.0230370014178387,4.049327170602495,1.0,20000,0,20000,0.9998079639438954,1.0,above,ff12,ew
rolling120,1982-07,1992-06,120,15.176758393839979,1.0102126781124965,4.055001731174277,1.0,20000,0,20000,0.9998079639438954,1.0,above,ff12,ew
rolling120,1982-08,1992-07,120,16.030097551866426,0.9954916748289411,4.377364641777523,1.0,20000,0,20000,0.9998079639438954,1.0,above,ff12,ew
rolling120,1982-09,1992-08,120,15.342436740767361,0.9855894731872732,3.6998522291024525,1.0,20000,0,20000,0.9998079639438954,1.0,above,ff12,ew
rolling120,1982-10,1992-09,120,14.698384497961285,0.9806506873122676,3.6827736067810255,1.0,20000,0,20000,0.9998079639438954,1.0,above,ff12,ew
rolling120,1982-11,1992-10,120,12.869958307760418,0.9735621671071542,3.2374727650958866,1.0,20000,0,20000,0.9998079639438954,1.0,above,ff12,ew
rolling120,1982-12,1992-11,120,11.121243740500049,0.9657173408441826,3.199648964894668,1.0,20000,0,20000,0.9998079639438954,1.0,above,ff12,ew
rolling120,1983-01,1992-12,120,11.13978661265303,0.9581020655592989,3.2237109662740906,1.0,20000,0,20000,0.9998079639438954,1.0,above,ff12,ew
rolling120,1983-02,1993-01,120,10.250693159201784,0.9491565203198784,3.097339867168076,1.0,20000,0,20000,0.9998079639438954,1.0,above,ff12,ew
rolling120,1983-03,1993-02,120,9.128198372608663,0.9414079354647007,2.9834035681779345,1.0,20000,0,20000,0.9998079639438954,1.0,above,ff12,ew
rolling120,1983-04,1993-03,120,9.29996314033127,0.9340767716420177,2.949900463921217,1.0,20000,0,20000,0.9998079639438954,1.0,above,ff12,ew
rolling120,1983-05,1993-04,120,8.921479221289648,0.9250506959526943,2.575401192963613,1.0,20000,0,20000,0.9998079639438954,1.0,above,ff12,ew
rolling120,1983-06,1993-05,120,8.664606549566944,0.9160649592648622,2.642881590973106,1.0,20000,0,20000,0.9998079639438954,1.0,above,ff12,ew
rolling120,1983-07,1993-06,120,8.060174543344608,0.9080710456571217,2.530863157628166,1.0,20000,0,20000,0.9998079639438954,1.0,above,ff12,ew
rolling120,1983-08,1993-07,120,8.544005066822267,0.8986007704652557,2.6484612065272426,1.0,20000,0,20000,0.9998079639438954,1.0,above,ff12,ew
rolling120,1983-09,1993-08,120,10.060188299377872,0.8889909412380101,2.783468099368017,1.0,20000,0,20000,0.9998079639438954,1.0,above,ff12,ew
rolling120,1983-10,1993-09,120,11.24194934291702,0.8796172267618392,2.726165376383885,1.0,20000,0,20000,0.9998079639438954,1.0,above,ff12,ew
rolling120,1983-11,1993-10,120,12.522357309905804,0.8695438513901499,2.8911686926503433,1.0,20000,0,20000,0.9998079639438954,1.0,above,ff12,ew
rolling120,1983-12,1993-11,120,11.197427244228166,0.8611893853213757,2.7213296003007756,1.0,20000,0,20000,0.9998079639438954,1.0,above,ff12,ew
rolling120,1984-01,1993-12,120,11.469674519670129,0.8519508794873576,2.8311343944891174,1.0,20000,0,20000,0.9998079639438954,1.0,above,ff12,ew
rolling120,1984-02,1994-01,120,11.874972716409136,0.8425771701926121,2.9970313512719318,1.0,20000,0,20000,0.9998079639438954,1.0,above,ff12,ew
rolling120,1984-03,1994-02,120,12.852471178136923,0.833429234683762,3.0686896160643817,1.0,20000,0,20000,0.9998079639438954,1.0,above,ff12,ew
rolling120,1984-04,1994-03,120,12.091735213054054,0.8250565805791805,2.8319045624563732,1.0,20000,0,20000,0.9998079639438954,1.0,above,ff12,ew
rolling120,1984-05,1994-04,120,12.332184690084294,0.8152804616077218,2.8567374434693003,1.0,20000,0,20000,0.9998079639438954,1.0,above,ff12,ew
rolling120,1984-06,1994-05,120,13.052730754246932,0.8069947996476157,3.104903038460469,1.0,20000,0,20000,0.9998079639438954,1.0,above,ff12,ew
rolling120,1984-07,1994-06,120,13.097289551723742,0.7991032094556059,2.8931739328300483,1.0,20000,0,20000,0.9998079639438954,1.0,above,ff12,ew
rolling120,1984-08,1994-07,120,13.36648402557577,0.7894670684805409,3.091602777520672,1.0,20000,0,20000,0.9998079639438954,1.0,above,ff12,ew
rolling120,1984-09,1994-08,120,12.75265799718309,0.7813032794147763,2.844486174125862,1.0,20000,0,20000,0.9998079639438954,1.0,above,ff12,ew
rolling120,1984-10,1994-09,120,12.634124364415237,0.7726493174188094,2.768795211073414,1.0,20000,0,20000,0.9998079639438954,1.0,above,ff12,ew
rolling120,1984-11,1994-10,120,12.872995384641664,0.7617677077475256,2.8278707749850067,1.0,20000,0,20000,0.9998079639438954,1.0,above,ff12,ew
rolling120,1984-12,1994-11,120,12.191004161030596,0.755471307719837,2.7265265810636166,1.0,20000,0,20000,0.9998079639438954,1.0,above,ff12,ew
rolling120,1985-01,1994-12,120,12.104408307729686,0.7519826922434465,2.683617707472135,1.0,20000,0,20000,0.9998079639438954,1.0,above,ff12,ew
rolling120,1985-02,1995-01,120,12.0655079287639,0.7479791550430888,2.4665752352955397,1.0,20000,0,20000,0.9998079639438954,1.0,above,ff12,ew
rolling120,1985-03,1995-02,120,11.758256342533185,0.744850936233109,2.5425129835736255,1.0,20000,0,20000,0.9998079639438954,1.0,above,ff12,ew
rolling120,1985-04,1995-03,120,11.725232383061567,0.7420763770023671,2.644042065976878,1.0,20000,0,20000,0.9998079639438954,1.0,above,ff12,ew
rolling120,1985-05,1995-04,120,12.161724721203624,0.7372334323482703,2.7459554316953554,1.0,20000,0,20000,0.9998079639438954,1.0,above,ff12,ew
rolling120,1985-06,1995-05,120,11.980270593884027,0.7351624209049783,2.6648219980570103,1.0,20000,0,20000,0.9998079639438954,1.0,above,ff12,ew
rolling120,1985-07,1995-06,120,12.928795139354401,0.7337818839216623,2.7141326063592914,1.0,20000,0,20000,0.9998079639438954,1.0,above,ff12,ew
rolling120,1985-08,1995-07,120,14.761719759316758,0.7308526161790003,2.8725130358196584,1.0,20000,0,20000,0.9998079639438954,1.0,above,ff12,ew
rolling120,1985-09,1995-08,120,15.285858742776252,0.729475508180051,2.930091087788848,1.0,20000,0,20000,0.9998079639438954,1.0,above,ff12,ew
rolling120,1985-10,1995-09,120,16.92885688142804,0.7265529352537035,3.245021896155735,1.0,20000,0,20000,0.9998079639438954,1.0,above,ff12,ew
rolling120,1985-11,1995-10,120,15.216978192903959,0.7234652101832051,3.014212774424955,1.0,20000,0,20000,0.9998079639438954,1.0,above,ff12,ew
rolling120,1985-12,1995-11,120,15.02260459293148,0.7202104801371376,2.9133606929529905,1.0,20000,0,20000,0.9998079639438954,1.0,above,ff12,ew
rolling120,1986-01,1995-12,120,14.994857153767285,0.7174759180226622,2.80104765287972,1.0,20000,0,20000,0.9998079639438954,1.0,above,ff12,ew
rolling120,1986-02,1996-01,120,14.722419830718499,0.7152556329257755,2.856630604428597,1.0,20000,0,20000,0.9998079639438954,1.0,above,ff12,ew
rolling120,1986-03,1996-02,120,14.336844462830928,0.7128669351379546,2.6435076166293014,1.0,20000,0,20000,0.9998079639438954,1.0,above,ff12,ew
rolling120,1986-04,1996-03,120,14.00226472021011,0.70929136797713,2.4922559498599304,1.0,20000,0,20000,0.9998079639438954,1.0,above,ff12,ew
rolling120,1986-05,1996-04,120,14.769726713933126,0.7082710985573268,2.6076791614232153,1.0,20000,0,20000,0.9998079639438954,1.0,above,ff12,ew
rolling120,1986-06,1996-05,120,16.547883337515987,0.7070811395872898,2.5277068234333364,1.0,20000,0,20000,0.9998079639438954,1.0,above,ff12,ew
rolling120,1986-07,1996-06,120,14.759979315056638,0.7050432393012722,2.4474843115005656,1.0,20000,0,20000,0.9998079639438954,1.0,above,ff12,ew
rolling120,1986-08,1996-07,120,15.604572979206406,0.7038558832850459,2.4621404250577994,1.0,20000,0,20000,0.9998079639438954,1.0,above,ff12,ew
rolling120,1986-09,1996-08,120,15.277925641910532,0.7030078562676834,2.353268084647178,1.0,20000,0,20000,0.9998079639438954,1.0,above,ff12,ew
rolling120,1986-10,1996-09,120,16.747533666896658,0.70283831840245,2.849359019443119,1.0,20000,0,20000,0.9998079639438954,1.0,above,ff12,ew
rolling120,1986-11,1996-10,120,17.335737639856646,0.7021603019507663,2.7098151767782466,1.0,20000,0,20000,0.9998079639438954,1.0,above,ff12,ew
rolling120,1986-12,1996-11,120,18.51473781707802,0.7024994114839773,2.896109558440015,1.0,20000,0,20000,0.9998079639438954,1.0,above,ff12,ew
rolling120,1987-01,1996-12,120,19.099697510605992,0.7019911521313602,2.9574182864500242,1.0,20000,0,20000,0.9998079639438954,1.0,above,ff12,ew
rolling120,1987-02,1997-01,120,18.857846281766783,0.7024996139374147,2.695857726363935,1.0,20000,0,20000,0.9998079639438954,1.0,above,ff12,ew
rolling120,1987-03,1997-02,120,16.03488967891143,0.7018215298534007,2.5230717053813647,1.0,20000,0,20000,0.9998079639438954,1.0,above,ff12,ew
rolling120,1987-04,1997-03,120,13.562347694525966,0.7011439856989854,2.2922259687603908,1.0,20000,0,20000,0.9998079639438954,1.0,above,ff12,ew
rolling120,1987-05,1997-04,120,13.117501194274869,0.7009746165247821,2.497090462190117,1.0,20000,0,20000,0.9998079639438954,1.0,above,ff12,ew
rolling120,1987-06,1997-05,120,12.927863118530885,0.7028386054450622,2.7312970380736825,1.0,20000,0,20000,0.9998079639438954,1.0,above,ff12,ew
rolling120,1987-07,1997-06,120,13.136343928127436,0.7009744310163302,2.7341565434194597,1.0,20000,0,20000,0.9998079639438954,1.0,above,ff12,ew
rolling120,1987-08,1997-07,120,11.690966973528866,0.7004664752833969,2.8573156854075985,1.0,20000,0,20000,0.9998079639438954,1.0,above,ff12,ew
rolling120,1987-09,1997-08,120,12.748437812975135,0.6994509682811378,2.5724403660121733,1.0,20000,0,20000,0.9998079639438954,1.0,above,ff12,ew
rolling120,1987-10,1997-09,120,14.701006209655372,0.699281784511274,2.8611703475709396,1.0,20000,0,20000,0.9998079639438954,1.0,above,ff12,ew
rolling120,1987-11,1997-10,120,21.38673963396537,0.6962413200857072,3.819355108930428,1.0,20000,0,20000,0.9998079639438954,1.0,above,ff12,ew
rolling120,1987-12,1997-11,120,19.696015142398366,0.6969174501584867,4.380979923979133,1.0,20000,0,20000,0.9998079639438954,1.0,above,ff12,ew
rolling120,1988-01,1997-12,120,20.473445525367094,0.6984387428222412,4.109948382243405,1.0,20000,0,20000,0.9998079639438954,1.0,above,ff12,ew
rolling120,1988-02,1998-01,120,18.04979263329157,0.7008096813404898,3.9182641941247978,1.0,20000,0,20000,0.9998079639438954,1.0,above,ff12,ew
rolling120,1988-03,1998-02,120,16.60607704617962,0.6996245660936864,4.020620923053174,1.0,20000,0,20000,0.9998079639438954,1.0,above,ff12,ew
rolling120,1988-04,1998-03,120,17.44356088301197,0.6987784766043923,4.377045121807305,1.0,20000,0,20000,0.9998079639438954,1.0,above,ff12,ew
rolling120,1988-05,1998-04,120,17.547207040000206,0.6982711766412415,4.384496238476148,1.0,20000,0,20000,0.9998079639438954,1.0,above,ff12,ew
rolling120,1988-06,1998-05,120,16.74911510070323,0.6964125573055484,4.228182550786945,1.0,20000,0,20000,0.9998079639438954,1.0,above,ff12,ew
rolling120,1988-07,1998-06,120,16.223320658168397,0.6950620447711231,4.14524282570084,1.0,20000,0,20000,0.9998079639438954,1.0,above,ff12,ew
rolling120,1988-08,1998-07,120,15.118504770292539,0.6932069375686081,4.078892726800004,1.0,20000,0,20000,0.9998079639438954,1.0,above,ff12,ew
rolling120,1988-09,1998-08,120,15.542808350240918,0.6905136965902705,3.4053964667699868,1.0,20000,0,20000,0.9998079639438954,1.0,above,ff12,ew
rolling120,1988-10,1998-09,120,16.204266277355522,0.6878255412389052,3.520692131059553,1.0,20000,0,20000,0.9998079639438954,1.0,above,ff12,ew
rolling120,1988-11,1998-10,120,16.52930141514755,0.6829605237758372,3.7663384657825496,1.0,20000,0,20000,0.9998079639438954,1.0,above,ff12,ew
rolling120,1988-12,1998-11,120,16.895118079575255,0.6786096265283306,4.15811888087434,1.0,20000,0,20000,0.9998079639438954,1.0,above,ff12,ew
rolling120,1989-01,1998-12,120,17.63794764998656,0.6744393750463467,4.381396576040966,1.0,20000,0,20000,0.9998079639438954,1.0,above,ff12,ew
rolling120,1989-02,1999-01,120,19.857312172175863,0.6711088143799195,4.240577813640344,1.0,20000,0,20000,0.9998079639438954,1.0,above,ff12,ew
rolling120,1989-03,1999-02,120,18.22140399883018,0.6667902745554608,4.128180789989385,1.0,20000,0,20000,0.9998079639438954,1.0,above,ff12,ew
rolling120,1989-04,1999-03,120,18.269040687798768,0.6628166015059591,4.211945088886903,1.0,20000,0,20000,0.9998079639438954,1.0,above,ff12,ew
rolling120,1989-05,1999-04,120,20.748493245653602,0.6578613518739753,4.196560371903898,1.0,20000,0,20000,0.9998079639438954,1.0,above,ff12,ew
rolling120,1989-06,1999-05,120,19.472173219500217,0.6504594508089561,3.8874731354084124,1.0,20000,0,20000,0.9998079639438954,1.0,above,ff12,ew
rolling120,1989-07,1999-06,120,20.200698522466855,0.6453790970233264,4.1722232808502975,1.0,20000,0,20000,0.9998079639438954,1.0,above,ff12,ew
rolling120,1989-08,1999-07,120,19.71374592935824,0.6401504842025967,3.645316218776281,1.0,20000,0,20000,0.9998079639438954,1.0,above,ff12,ew
rolling120,1989-09,1999-08,120,19.445593472594982,0.6344521253632986,3.502096623110771,1.0,20000,0,20000,0.9998079639438954,1.0,above,ff12,ew
rolling120,1989-10,1999-09,120,19.116444659159622,0.6302299936932101,3.3997864886182114,1.0,20000,0,20000,0.9998079639438954,1.0,above,ff12,ew
rolling120,1989-11,1999-10,120,18.69236023501797,0.6255342577161436,3.828292953808793,1.0,20000,0,20000,0.9998079639438954,1.0,above,ff12,ew
rolling120,1989-12,1999-11,120,20.69077153803906,0.6202067544382974,3.9251151068194083,1.0,20000,0,20000,0.9998079639438954,1.0,above,ff12,ew
rolling120,1990-01,1999-12,120,24.957330898332682,0.6174691026317722,4.23042482608486,1.0,20000,0,20000,0.9998079639438954,1.0,above,ff12,ew
rolling120,1990-02,2000-01,120,29.469274358354326,0.6148958197798176,4.393928458677789,1.0,20000,0,20000,0.9998079639438954,1.0,above,ff12,ew
rolling120,1990-03,2000-02,120,37.37560084104646,0.612647779461938,4.457579890976083,1.0,20000,0,20000,0.9998079639438954,1.0,above,ff12,ew
rolling120,1990-04,2000-03,120,32.240375029965534,0.609923712266901,4.628545358430297,1.0,20000,0,20000,0.9998079639438954,1.0,above,ff12,ew
rolling120,1990-05,2000-04,120,29.23059872322453,0.6062462621346005,4.440021184296086,1.0,20000,0,20000,0.9998079639438954,1.0,above,ff12,ew
rolling120,1990-06,2000-05,120,32.30037887232604,0.6033745465288767,3.791865420426146,1.0,20000,0,20000,0.9998079639438954,1.0,above,ff12,ew
rolling120,1990-07,2000-06,120,31.855101599916715,0.5997098725181285,4.058561566991956,1.0,20000,0,20000,0.9998079639438954,1.0,above,ff12,ew
rolling120,1990-08,2000-07,120,29.8608817861945,0.5965320618853946,4.018617468771126,1.0,20000,0,20000,0.9998079639438954,1.0,above,ff12,ew
rolling120,1990-09,2000-08,120,39.21611498784642,0.593994359422632,4.9603704044285335,1.0,20000,0,20000,0.9998079639438954,1.0,above,ff12,ew
rolling120,1990-10,2000-09,120,38.98441391808437,0.5925683207312995,4.996956443528637,1.0,20000,0,20000,0.9998079639438954,1.0,above,ff12,ew
rolling120,1990-11,2000-10,120,42.95389723853152,0.5906701463323343,4.937448370273695,1.0,20000,0,20000,0.9998079639438954,1.0,above,ff12,ew
rolling120,1990-12,2000-11,120,39.33421444798629,0.589721153503658,3.9873011422959275,1.0,20000,0,20000,0.9998079639438954,1.0,above,ff12,ew
rolling120,1991-01,2000-12,120,42.20351018756419,0.5881409137884455,3.9205198927678016,1.0,20000,0,20000,0.9998079639438954,1.0,above,ff12,ew
rolling120,1991-02,2001-01,120,39.54503279898991,0.588456898848889,3.854108541682063,1.0,20000,0,20000,0.9998079639438954,1.0,above,ff12,ew
rolling120,1991-03,2001-02,120,32.89956714101806,0.5868760301199389,3.0732674537101756,1.0,20000,0,20000,0.9998079639438954,1.0,above,ff12,ew
rolling120,1991-04,2001-03,120,28.42138222254476,0.5865600452473538,2.6809537212626293,1.0,20000,0,20000,0.9998079639438954,1.0,above,ff12,ew
rolling120,1991-05,2001-04,120,28.851345697001726,0.5843505713954229,2.977265906106414,1.0,20000,0,20000,0.9998079639438954,1.0,above,ff12,ew
rolling120,1991-06,2001-05,120,28.029876762242843,0.581985162957986,2.8577149382190314,1.0,20000,0,20000,0.9998079639438954,1.0,above,ff12,ew
rolling120,1991-07,2001-06,120,31.567513417892712,0.5797796468972998,2.973268611483657,1.0,20000,0,20000,0.9998079639438954,1.0,above,ff12,ew
rolling120,1991-08,2001-07,120,29.539902785215013,0.5767927016001513,2.7243939615138975,1.0,20000,0,20000,0.9998079639438954,1.0,above,ff12,ew
rolling120,1991-09,2001-08,120,26.935925771778095,0.574438342599155,2.4029756462908147,1.0,20000,0,20000,0.9998079639438954,1.0,above,ff12,ew
rolling120,1991-10,2001-09,120,23.68738114075985,0.5716173302393313,2.13347732212315,1.0,20000,0,20000,0.9998079639438954,1.0,above,ff12,ew
rolling120,1991-11,2001-10,120,21.48483116241836,0.5684872419496692,2.1639771997055113,1.0,20000,0,20000,0.9998079639438954,1.0,above,ff12,ew
rolling120,1991-12,2001-11,120,21.68068421719712,0.5650499753570908,2.5425755734305393,1.0,20000,0,20000,0.9998079639438954,1.0,above,ff12,ew
rolling120,1992-01,2001-12,120,21.301682629248297,0.5614639871688849,2.2409645810688814,1.0,20000,0,20000,0.9998079639438954,1.0,above,ff12,ew
rolling120,1992-02,2002-01,120,17.593394168926668,0.5583516411709399,2.206849164426051,1.0,20000,0,20000,0.9998079639438954,1.0,above,ff12,ew
rolling120,1992-03,2002-02,120,15.524752473513509,0.5560206405110313,2.0951662762016636,0.99995,19999,0,20000,0.9997168094297738,0.9999911737177268,above,ff12,ew
rolling120,1992-04,2002-03,120,18.15413481975627,0.5527640695073701,2.306812409122402,0.99995,19999,0,20000,0.9997168094297738,0.9999911737177268,above,ff12,ew
rolling120,1992-05,2002-04,120,20.083706585125594,0.5501327906814506,2.0958364078698435,0.99995,19999,0,20000,0.9997168094297738,0.9999911737177268,above,ff12,ew
rolling120,1992-06,2002-05,120,18.328093561024883,0.5479686643282855,2.040432694068236,0.9999,19998,0,20000,0.9996354263863794,0.9999725759647273,above,ff12,ew
rolling120,1992-07,2002-06,120,17.574340872142695,0.54503690549433,1.8825002273593139,0.9999,19998,0,20000,0.9996354263863794,0.9999725759647273,above,ff12,ew
rolling120,1992-08,2002-07,120,15.276251119206446,0.5425724861455208,1.5465916121429775,0.9999,19998,0,20000,0.9996354263863794,0.9999725759647273,above,ff12,ew
rolling120,1992-09,2002-08,120,15.469173890275655,0.5407261995074051,1.6183998758282518,0.9999,19998,0,20000,0.9996354263863794,0.9999725759647273,above,ff12,ew
rolling120,1992-10,2002-09,120,14.721687849075945,0.5388821226677791,1.3177162035424042,0.9999,19998,0,20000,0.9996354263863794,0.9999725759647273,above,ff12,ew
rolling120,1992-11,2002-10,120,15.004734839757443,0.5375003069335667,1.4717727966272478,0.9999,19998,0,20000,0.9996354263863794,0.9999725759647273,above,ff12,ew
rolling120,1992-12,2002-11,120,15.583996842728784,0.535812937545532,1.512270367598147,0.99995,19999,0,20000,0.9997168094297738,0.9999911737177268,above,ff12,ew
rolling120,1993-01,2002-12,120,13.541671694555022,0.5332093456091269,1.328186908779935,0.99995,19999,0,20000,0.9997168094297738,0.9999911737177268,above,ff12,ew
rolling120,1993-02,2003-01,120,12.414137835010692,0.5312207472360928,1.244642835244239,0.99995,19999,0,20000,0.9997168094297738,0.9999911737177268,above,ff12,ew
rolling120,1993-03,2003-02,120,12.058155122764862,0.5292345299427312,1.1969939490665409,0.99995,19999,0,20000,0.9997168094297738,0.9999911737177268,above,ff12,ew
rolling120,1993-04,2003-03,120,11.402368915717824,0.5269463984764828,1.1674350951159527,0.99995,19999,0,20000,0.9997168094297738,0.9999911737177268,above,ff12,ew
rolling120,1993-05,2003-04,120,11.209748159892266,0.5248137917747004,1.414753288395465,0.99975,19995,0,20000,0.9994148495964674,0.9998932103654561,above,ff12,ew
rolling120,1993-06,2003-05,120,13.2155531592035,0.5228358852397701,1.4857134519473827,0.9999,19998,0,20000,0.9996354263863794,0.9999725759647273,above,ff12,ew
rolling120,1993-07,2003-06,120,14.414080607901505,0.5205573278054962,1.5096929849994853,0.99995,19999,0,20000,0.9997168094297738,0.9999911737177268,above,ff12,ew
rolling120,1993-08,2003-07,120,14.416974727429821,0.5179785693684757,1.5724981147542287,0.99985,19997,0,20000,0.9995590363727073,0.999948985182005,above,ff12,ew
rolling120,1993-09,2003-08,120,13.537278825286183,0.5152530218125024,1.5336520818585462,0.99985,19997,0,20000,0.9995590363727073,0.999948985182005,above,ff12,ew
rolling120,1993-10,2003-09,120,13.069951095625003,0.5125326393675969,1.500760652795074,0.99985,19997,0,20000,0.9995590363727073,0.999948985182005,above,ff12,ew
rolling120,1993-11,2003-10,120,13.074950189991894,0.5102688208093737,1.6117251406355493,0.9998,19996,0,20000,0.9994858195143681,0.9999222212439498,above,ff12,ew
rolling120,1993-12,2003-11,120,15.280563800487979,0.5075571161934567,1.6924289872256293,0.99985,19997,0,20000,0.9995590363727073,0.999948985182005,above,ff12,ew
rolling120,1994-01,2003-12,120,15.336000873018431,0.5053009696562023,1.7582333470429803,0.9998,19996,0,20000,0.9994858195143681,0.9999222212439498,above,ff12,ew
rolling120,1994-02,2004-01,120,15.432617495562262,0.5025981848727796,1.7341603252010613,0.99975,19995,0,20000,0.9994148495964674,0.9998932103654561,above,ff12,ew
rolling120,1994-03,2004-02,120,16.066144572447694,0.5003490108608952,1.840547886492931,0.99985,19997,0,20000,0.9995590363727073,0.999948985182005,above,ff12,ew
rolling120,1994-04,2004-03,120,17.299093686569446,0.4976556547029716,1.9384260028163678,0.99985,19997,0,20000,0.9995590363727073,0.999948985182005,above,ff12,ew
rolling120,1994-05,2004-04,120,17.99418268604923,0.4948177712443744,1.8604172689129719,0.99985,19997,0,20000,0.9995590363727073,0.999948985182005,above,ff12,ew
rolling120,1994-06,2004-05,120,17.658284770538163,0.49094364225191445,1.8700559395911736,0.99985,19997,0,20000,0.9995590363727073,0.999948985182005,above,ff12,ew
rolling120,1994-07,2004-06,120,18.821202361432018,0.48752506945042007,2.007554250257306,0.99985,19997,0,20000,0.9995590363727073,0.999948985182005,above,ff12,ew
rolling120,1994-08,2004-07,120,18.676550588774624,0.4848550005184191,1.8021887611999703,0.99985,19997,0,20000,0.9995590363727073,0.999948985182005,above,ff12,ew
rolling120,1994-09,2004-08,120,17.235256229796118,0.4810086091650789,1.6891777957372622,0.99985,19997,0,20000,0.9995590363727073,0.999948985182005,above,ff12,ew
rolling120,1994-10,2004-09,120,17.720079560612536,0.47717218156337604,1.788421588382473,0.9999,19998,0,20000,0.9996354263863794,0.9999725759647273,above,ff12,ew
rolling120,1994-11,2004-10,120,17.207200668540978,0.4731989150857703,1.7829395838835396,0.9999,19998,0,20000,0.9996354263863794,0.9999725759647273,above,ff12,ew
rolling120,1994-12,2004-11,120,19.428453105267057,0.46996982510550844,2.0238542208940107,0.99985,19997,0,20000,0.9995590363727073,0.999948985182005,above,ff12,ew
rolling120,1995-01,2004-12,120,18.999292388093565,0.4658719402884084,2.0919133287285447,0.9998,19996,0,20000,0.9994858195143681,0.9999222212439498,above,ff12,ew
rolling120,1995-02,2005-01,120,17.187984981065885,0.4620766136156844,1.9464222006598288,0.99975,19995,0,20000,0.9994148495964674,0.9998932103654561,above,ff12,ew
rolling120,1995-03,2005-02,120,16.716946761468307,0.45858160975843587,1.8900598034733131,0.99945,19989,0,20000,0.9990153237654903,0.9996928514180666,above,ff12,ew
rolling120,1995-04,2005-03,120,15.948939938186687,0.45495185261689075,1.7667430773241333,0.9995,19990,0,20000,0.9990797771249671,0.9997283788549844,above,ff12,ew
rolling120,1995-05,2005-04,120,14.355520716840847,0.45162012296633414,1.6331947766634367,0.9994,19988,0,20000,0.9989514644540893,0.9996567299330732,above,ff12,ew
rolling120,1995-06,2005-05,120,14.73117271379685,0.4472886525377491,1.6446500903670191,0.99935,19987,0,20000,0.9988881316487883,0.9996200819419798,above,ff12,ew
rolling120,1995-07,2005-06,120,13.754599149406069,0.4438314088171458,1.5836532184310421,0.99905,19981,0,20000,0.9985166196635774,0.9993917091488246,above,ff12,ew
rolling120,1995-08,2005-07,120,13.853794237718608,0.4408129459415695,1.5836532184310421,0.9989,19978,0,20000,0.9983349531464094,0.9992734332768094,above,ff12,ew
rolling120,1995-09,2005-08,120,14.287606654691109,0.4383750221751712,1.5345479503713735,0.99945,19989,0,20000,0.9990153237654903,0.9996928514180666,above,ff12,ew
rolling120,1995-10,2005-09,120,15.144950209280815,0.43636991908740286,1.460799662384849,0.99975,19995,0,20000,0.9994148495964674,0.9998932103654561,above,ff12,ew
rolling120,1995-11,2005-10,120,14.505631549056337,0.43351061796450585,1.4426470375511689,0.99945,19989,0,20000,0.9990153237654903,0.9996928514180666,above,ff12,ew
rolling120,1995-12,2005-11,120,14.2829186735458,0.43194035140429765,1.431882354304633,0.99945,19989,0,20000,0.9990153237654903,0.9996928514180666,above,ff12,ew
rolling120,1996-01,2005-12,120,13.910272333491136,0.42951792270752476,1.3971514431085166,0.99925,19985,0,20000,0.9987628321888334,0.9995454198091459,above,ff12,ew
rolling120,1996-02,2006-01,120,15.020065174302317,0.42837920485611947,1.4132585080198519,0.99935,19987,0,20000,0.9988881316487883,0.9996200819419798,above,ff12,ew
rolling120,1996-03,2006-02,120,12.478456891244745,0.4276677897725176,1.3734013089098105,0.9977,19954,0,20000,0.9969337509358469,0.9982750963739067,above,ff12,ew
rolling120,1996-04,2006-03,120,12.884914768989065,0.4273833654693455,1.3900641678965204,0.9979,19958,0,20000,0.9971628472365731,0.9984459232587578,above,ff12,ew
rolling120,1996-05,2006-04,120,12.36063819977029,0.4259625180022244,1.3567263629795092,0.99825,19965,0,20000,0.9975672660559343,0.9987413700141574,above,ff12,ew
rolling120,1996-06,2006-05,120,10.250319563577607,0.426104517854645,1.2212111576359694,0.99735,19947,0,20000,0.996535693976946,0.9979732877580466,above,ff12,ew
rolling120,1996-07,2006-06,120,10.654522661670237,0.426104517854645,1.2386640104913744,0.9977,19954,0,20000,0.9969337509358469,0.9982750963739067,above,ff12,ew
rolling120,1996-08,2006-07,120,11.827992423101673,0.42539465995626013,1.3604412674913293,0.99815,19963,0,20000,0.9974512113609938,0.9986574631163091,above,ff12,ew
rolling120,1996-09,2006-08,120,11.501929739437564,0.4255366173967494,1.3437411112084376,0.9982,19964,0,20000,0.9975091840363307,0.9986994712373666,above,ff12,ew
rolling120,1996-10,2006-09,120,11.101670328807336,0.42511082987661886,1.2726176256146302,0.998,19960,0,20000,0.9972779078878247,0.998530824200295,above,ff12,ew
rolling120,1996-11,2006-10,120,10.74134220231353,0.424968914836799,1.3251196025515264,0.99645,19929,0,20000,0.9955249668427258,0.9971843605571676,above,ff12,ew
rolling120,1996-12,2006-11,120,10.093566766086239,0.42511082987661886,1.2261505138998854,0.9944,19888,0,20000,0.9932665999766979,0.9953435147710257,above,ff12,ew
rolling120,1997-01,2006-12,120,10.259986909591905,0.42425967867422365,1.2822776380352723,0.9943,19886,0,20000,0.993157519073328,0.9952526340816069,above,ff12,ew
rolling120,1997-02,2007-01,120,9.889717525549656,0.42411789075200623,1.2045489906531763,0.9943,19886,0,20000,0.993157519073328,0.9952526340816069,above,ff12,ew
rolling120,1997-03,2007-02,120,11.000425717999876,0.42397603221124003,1.1716716210598106,0.9965,19930,0,20000,0.9955807217006262,0.9972285864956619,above,ff12,ew
rolling120,1997-04,2007-03,120,11.118402253476367,0.42397603221124003,1.30209483024829,0.99525,19905,0,20000,0.9941973537644435,0.9961124345219847,above,ff12,ew
rolling120,1997-05,2007-04,120,11.446748325572562,0.42411782012642596,1.2901954217258997,0.99465,19893,0,20000,0.9935396672703248,0.9955703514593709,above,ff12,ew
rolling120,1997-06,2007-05,120,10.848890142006875,0.4229840811911081,1.213727415665662,0.99495,19899,0,20000,0.9938680784831044,0.9958418250249577,above,ff12,ew
rolling120,1997-07,2007-06,120,10.275047603255071,0.4234094027257871,1.085951247230092,0.9947,19894,0,20000,0.9935943455939249,0.9956156539321652,above,ff12,ew
rolling120,1997-08,2007-07,120,9.005999285905407,0.4229842082412525,0.8718188841860515,0.9939,19878,0,20000,0.9927219774321951,0.9948883293515847,above,ff12,ew
rolling120,1997-09,2007-08,120,8.35426753165103,0.4231259256208202,0.9699674187633487,0.99315,19863,0,20000,0.9919083864584232,0.9942022083794407,above,ff12,ew
rolling120,1997-10,2007-09,120,7.811569360433349,0.4214256556977367,0.9282513380483743,0.99315,19863,0,20000,0.9919083864584232,0.9942022083794407,above,ff12,ew
rolling120,1997-11,2007-10,120,8.225323910585027,0.4200101750607148,1.0378156088606865,0.9941,19882,0,20000,0.9929395958051063,0.9950706341642511,above,ff12,ew
rolling120,1997-12,2007-11,120,9.017515001752368,0.41930292823580184,0.8832743593591592,0.99765,19953,0,20000,0.9968766742912981,0.998232192222061,above,ff12,ew
rolling120,1998-01,2007-12,120,8.600436680890512,0.416336630316519,0.8386943455485742,0.99665,19933,0,20000,0.9957482370499539,0.9973610135355174,above,ff12,ew
rolling120,1998-02,2008-01,120,8.402365777189745,0.41323403090728217,0.7162122207208221,0.9973,19946,0,20000,0.9964790919161391,0.997929909022459,above,ff12,ew
rolling120,1998-03,2008-02,120,7.884982039965278,0.409573896949359,0.5503745475586359,0.99765,19953,0,20000,0.9968766742912981,0.998232192222061,above,ff12,ew
rolling120,1998-04,2008-03,120,7.089682948276062,0.4064848815361817,0.4630876495886209,0.9971,19942,0,20000,0.9962532717032827,0.9977558060497381,above,ff12,ew
rolling120,1998-05,2008-04,120,7.71623682368174,0.40298372430842044,0.5154389127250332,0.9983,19966,0,20000,0.9976254620053158,0.9987831548611703,above,ff12,ew
rolling120,1998-06,2008-05,120,9.908636269621525,0.39990945718344184,0.5889298370860949,0.9994,19988,0,20000,0.9989514644540893,0.9996567299330732,above,ff12,ew
rolling120,1998-07,2008-06,120,11.59735976804374,0.3965633933479267,0.4070311124930346,0.99975,19995,0,20000,0.9994148495964674,0.9998932103654561,above,ff12,ew
rolling120,1998-08,2008-07,120,9.799243534932419,0.39308589485851475,0.4274228677465557,0.99925,19985,0,20000,0.9987628321888334,0.9995454198091459,above,ff12,ew
rolling120,1998-09,2008-08,120,9.788295396717789,0.38892453103836555,0.7197417484607116,0.99715,19943,0,20000,0.9963096416278638,0.9977994169215512,above,ff12,ew
rolling120,1998-10,2008-09,120,7.688466366635749,0.3846385803652428,0.46415893821127563,0.996,19920,0,20000,0.9950248954759672,0.996784604756377,above,ff12,ew
rolling120,1998-11,2008-10,120,6.313474564835967,0.38132604787633073,0.13093655917008862,0.99785,19957,0,20000,0.9971054494135773,0.9984033402853593,above,ff12,ew
rolling120,1998-12,2008-11,120,5.305041659237445,0.37747028779851877,-0.018855658527848762,0.99885,19977,0,20000,0.9982748651476752,0.9992335404791493,above,ff12,ew
rolling120,1999-01,2008-12,120,4.97955839271388,0.37225571607742447,-0.0626953944276647,0.9981,19962,0,20000,0.9973933437444168,0.9986153499364917,above,ff12,ew
rolling120,1999-02,2009-01,120,4.132761850791688,0.3674695725734174,-0.17030081577431055,0.9974,19948,0,20000,0.9965923580946505,0.9980166044367365,above,ff12,ew
rolling120,1999-03,2009-02,120,3.819626928325701,0.36283639215812147,-0.2254589624352058,0.9978,19956,0,20000,0.9970481359255476,0.9983606729769947,above,ff12,ew
rolling120,1999-04,2009-03,120,4.272856084179466,0.3572726868829563,-0.18729468457617637,0.9977,19954,0,20000,0.9969337509358469,0.9982750963739067,above,ff12,ew
rolling120,1999-05,2009-04,120,3.9176003659721905,0.3524045174371271,-0.1448393500773857,0.9925,19850,0,20000,0.9912060835308831,0.9936047609538539,above,ff12,ew
rolling120,1999-06,2009-05,120,4.268331963146268,0.3478219228992694,-0.08079840643279246,0.99285,19857,0,20000,0.991583946429702,0.9939267636297957,above,ff12,ew
rolling120,1999-07,2009-06,120,3.6628465108412662,0.3425863596529477,-0.12222671824707976,0.98535,19707,0,20000,0.9835892221894629,0.9869243684108762,above,ff12,ew
rolling120,1999-08,2009-07,120,4.397739256060551,0.3376375954262929,-0.023840735794435353,0.9895,19790,0,20000,0.9879903561203053,0.9908216405807683,above,ff12,ew
rolling120,1999-09,2009-08,120,4.748984395301769,0.33257431934040804,0.018746701302797986,0.98675,19735,0,20000,0.9850692329299242,0.9882438199694579,above,ff12,ew
rolling120,1999-10,2009-09,120,5.232009886053378,0.32753020895740814,0.0862665861361227,0.98475,19695,0,20000,0.9829561591815866,0.9863576618620199,above,ff12,ew
rolling120,1999-11,2009-10,120,5.503783763931223,0.32237295443511105,-0.005649848321864548,0.99095,19819,0,20000,0.9895400121752992,0.9921714276212116,above,ff12,ew
rolling120,1999-12,2009-11,120,4.967471748936276,0.31762948827731297,0.01217313791810204,0.9887,19774,0,20000,0.9871384007058506,0.9900739032529129,above,ff12,ew
rolling120,2000-01,2009-12,120,4.285174225364828,0.31198850181814075,-0.037358739043847344,0.9773,19546,0,20000,0.9751422662760973,0.9792744161047451,above,ff12,ew
rolling120,2000-02,2010-01,120,3.590180447253486,0.30663131343306493,-0.027497879466789943,0.96715,19343,0,20000,0.9645886103944539,0.9695319703183274,above,ff12,ew
rolling120,2000-03,2010-02,120,2.6587337488666742,0.3010368549567508,-0.02277194827555129,0.93555,18711,0,20000,0.9320625314625186,0.9388701859290085,above,ff12,ew
rolling120,2000-04,2010-03,120,3.296222139606231,0.29508008225564497,-0.016946307921781645,0.9636,19272,0,20000,0.9609141281693518,0.9661078159994279,above,ff12,ew
rolling120,2000-05,2010-04,120,4.242603172902929,0.2892789072903348,0.06592406284658492,0.97395,19479,0,20000,0.9716497975718664,0.976068171450552,above,ff12,ew
rolling120,2000-06,2010-05,120,3.1749496088567692,0.28299287082692914,0.021561392454467976,0.9378,18756,0,20000,0.9343679788479399,0.9410638743813348,above,ff12,ew
rolling120,2000-07,2010-06,120,2.767962749600351,0.27800913357969326,-0.08178080017772626,0.94595,18919,0,20000,0.942729737433719,0.9489989856078412,above,ff12,ew
rolling120,2000-08,2010-07,120,3.2694440441871464,0.2720311848059822,0.0018895820101600957,0.9577,19154,0,20000,0.9548215419832763,0.9604026682109655,above,ff12,ew
rolling120,2000-09,2010-08,120,2.6173408694271374,0.2658292417158834,-0.1127132437940338,0.9491,18982,0,20000,0.9459667015955553,0.9520608116188516,above,ff12,ew
rolling120,2000-10,2010-09,120,2.7933469642828697,0.25953221036718266,0.022521689385985644,0.9218,18436,0,20000,0.9179975164028309,0.9254404819802391,above,ff12,ew
rolling120,2000-11,2010-10,120,3.2851056068247084,0.25264336076791927,0.08631164955426729,0.9281,18562,0,20000,0.9244370911773611,0.9315984875514022,above,ff12,ew
rolling120,2000-12,2010-11,120,3.6047415747614444,0.24641192429011682,0.2168238720093454,0.90875,18175,0,20000,0.9046802083149557,0.9126628022091787,above,ff12,ew
rolling120,2001-01,2010-12,120,3.737816729571148,0.2403348910274088,0.2784549001451455,0.8994,17988,0,20000,0.8951542198464192,0.9034923817519643,above,ff12,ew
rolling120,2001-02,2011-01,120,4.503043305852292,0.23379642382784094,0.25628302597363395,0.9849,19698,0,20000,0.9831143601298947,0.986499403302895,above,ff12,ew
rolling120,2001-03,2011-02,120,5.023704171115936,0.22924865856766652,0.43898982133936104,0.98605,19721,0,20000,0.984328703726133,0.9875846180237275,above,ff12,ew
rolling120,2001-04,2011-03,120,5.296964129535041,0.22422981819709564,0.5515822416201808,0.98435,19687,0,20000,0.9825344944675297,0.9859794802049217,above,ff12,ew
rolling120,2001-05,2011-04,120,4.92522067718024,0.21947387010369113,0.47394583329686624,0.98305,19661,0,20000,0.9811660240730098,0.9847484498931875,above,ff12,ew
rolling120,2001-06,2011-05,120,4.277851243001994,0.21558400129953248,0.4408185358554424,0.97775,19555,0,20000,0.975612246566793,0.979704262981599,above,ff12,ew
rolling120,2001-07,2011-06,120,3.710943585012412,0.21218986966447217,0.4396464239694515,0.9619,19238,0,20000,0.9591569285213326,0.9644656685700379,above,ff12,ew
rolling120,2001-08,2011-07,120,3.7991980093533524,0.20856417713307263,0.43202071203643677,0.96475,19295,0,20000,0.9621036787925705,0.9672178236932802,above,ff12,ew
rolling120,2001-09,2011-08,120,3.973193034514776,0.20494968951329495,0.43415555283811,0.98145,19629,0,20000,0.9794854500067403,0.9832296384748367,above,ff12,ew
rolling120,2001-10,2011-09,120,4.05532107768495,0.20158525081102407,0.4558947297154885,0.9807,19614,0,20000,0.9786989489382789,0.9825164275973821,above,ff12,ew
rolling120,2001-11,2011-10,120,4.390327407197691,0.19894756616546028,0.578235250820111,0.982,19640,0,20000,0.9800627172499653,0.9837521599919498,above,ff12,ew
rolling120,2001-12,2011-11,120,4.418148451880009,0.1969128143810126,0.46144291146044214,0.9913,19826,0,20000,0.9899152729373634,0.9924960324339082,above,ff12,ew
rolling120,2002-01,2011-12,120,4.087166574193053,0.19512013417974283,0.44693763099095496,0.99095,19819,0,20000,0.9895400121752992,0.9921714276212116,above,ff12,ew
rolling120,2002-02,2012-01,120,4.128828502972941,0.19344930515252945,0.5400283499047611,0.98495,19699,0,20000,0.9831671032544762,0.9865466409747079,above,ff12,ew
rolling120,2002-03,2012-02,120,5.014775271957706,0.19189983536655286,0.6437673545646039,0.9927,19854,0,20000,0.9914219220373862,0.9937888456329284,above,ff12,ew
rolling120,2002-04,2012-03,120,4.718335168986709,0.190352377276094,0.624080574903727,0.99345,19869,0,20000,0.9922333766994632,0.9944771029167673,above,ff12,ew
rolling120,2002-05,2012-04,120,4.2789274108940125,0.18856952299160645,0.6960984727375659,0.989,19780,0,20000,0.987457654338057,0.9903545343990726,above,ff12,ew
rolling120,2002-06,2012-05,120,4.354843042477133,0.1870265427840081,0.6112763786362949,0.9937,19874,0,20000,0.9925046492795454,0.9947057343186568,above,ff12,ew
rolling120,2002-07,2012-06,120,4.817030399276303,0.18548541174873479,0.8018891601348197,0.99275,19855,0,20000,0.9914759160750153,0.9938348323916937,above,ff12,ew
rolling120,2002-08,2012-07,120,5.40706479954491,0.1837098469782672,0.9749065729663806,0.99285,19857,0,20000,0.991583946429702,0.9939267636297957,above,ff12,ew
rolling120,2002-09,2012-08,120,5.153759328653105,0.18217317551724088,1.0123874111456908,0.98795,19759,0,20000,0.986341393105563,0.9893711989072845,above,ff12,ew
rolling120,2002-10,2012-09,120,5.779803566385898,0.18063849893628192,1.3023684033531002,0.9847,19694,0,20000,0.9829034349310033,0.9863104053162088,above,ff12,ew
rolling120,2002-11,2012-10,120,5.691209159397364,0.17910581464567144,1.0949036453921295,0.98875,19775,0,20000,0.9871915911421785,0.9901206936129792,above,ff12,ew
rolling120,2002-12,2012-11,120,5.2524200006666995,0.17781035280377155,0.9904349398479693,0.99245,19849,0,20000,0.9911521576341931,0.9935587060541495,above,ff12,ew
rolling120,2003-01,2012-12,120,6.1782002076244185,0.17663383661877097,1.1347335618782832,0.99645,19929,0,20000,0.9955249668427258,0.9971843605571676,above,ff12,ew
rolling120,2003-02,2013-01,120,6.757694096589042,0.17545837824053034,1.3107128281297071,0.99655,19931,0,20000,0.9956365177601437,0.9972727712325388,above,ff12,ew
rolling120,2003-03,2013-02,120,7.163648216329076,0.1744014169652619,1.3829446617755492,0.99735,19947,0,20000,0.996535693976946,0.9979732877580466,above,ff12,ew
rolling120,2003-04,2013-03,120,7.793015243299346,0.17322818877648527,1.4500599131448575,0.9981,19962,0,20000,0.9973933437444168,0.9986153499364917,above,ff12,ew
rolling120,2003-05,2013-04,120,7.69071039231242,0.17205613264384145,1.2980059547376412,0.9991,19982,0,20000,0.9985777005831638,0.9994306090256326,above,ff12,ew
rolling120,2003-06,2013-05,120,6.396918081824075,0.17100223063626907,1.2256925960715037,0.99795,19959,0,20000,0.9972203323503435,0.9984884189413819,above,ff12,ew
rolling120,2003-07,2013-06,120,6.045588211442174,0.16983239823803076,1.1660601703296343,0.99815,19963,0,20000,0.9974512113609938,0.9986574631163091,above,ff12,ew
rolling120,2003-08,2013-07,120,6.167930413349139,0.1690140883761675,1.2348071972199803,0.99815,19963,0,20000,0.9974512113609938,0.9986574631163091,above,ff12,ew
rolling120,2003-09,2013-08,120,5.468327612269321,0.16819635093051621,1.1232850802493353,0.9974,19948,0,20000,0.9965923580946505,0.9980166044367365,above,ff12,ew
rolling120,2003-10,2013-09,120,5.688775092267721,0.16726254089779768,1.229191549751858,0.9973,19946,0,20000,0.9964790919161391,0.997929909022459,above,ff12,ew
rolling120,2003-11,2013-10,120,4.823427435596243,0.1664460286777234,1.187610774730579,0.99315,19863,0,20000,0.9919083864584232,0.9942022083794407,above,ff12,ew
rolling120,2003-12,2013-11,120,4.810657978925565,0.16563008761639186,1.2240637643706354,0.9934,19868,0,20000,0.9921791719019251,0.9944313269179108,above,ff12,ew
rolling120,2004-01,2013-12,120,5.061202369273494,0.1646983289532291,1.1908210751647497,0.9958,19916,0,20000,0.9948035509604237,0.9966060260863429,above,ff12,ew
rolling120,2004-02,2014-01,120,4.654248241492981,0.16388361042593091,1.0720855169920576,0.99575,19915,0,20000,0.9947482949623955,0.9965613012879767,above,ff12,ew
rolling120,2004-03,2014-02,120,4.718458141362971,0.16318569900652724,1.1374381057400837,0.99485,19897,0,20000,0.9937585157747342,0.9957514261405391,above,ff12,ew
rolling120,2004-04,2014-03,120,4.327618297479212,0.16213977321063777,1.1733614352483204,0.98995,19799,0,20000,0.9884704810243778,0.9912413428442453,above,ff12,ew
rolling120,2004-05,2014-04,120,3.7680684044611024,0.161210804566984,1.2076415840692731,0.97805,19561,0,20000,0.97592568744867,0.9799907068780883,above,ff12,ew
rolling120,2004-06,2014-05,120,3.7263484053473377,0.16051449586946243,1.2253044612235193,0.97495,19499,0,20000,0.9726912318848319,0.9770263530654743,above,ff12,ew
rolling120,2004-07,2014-06,120,3.621757896702742,0.15958682640833555,1.2399316954923303,0.96825,19365,0,20000,0.9657286914060249,0.9705914668274332,above,ff12,ew
rolling120,2004-08,2014-07,120,3.2466360805288677,0.15842839801032516,1.2844691672640391,0.94295,18859,0,20000,0.939649681437625,0.9460801938202719,above,ff12,ew
rolling120,2004-09,2014-08,120,3.450710909564714,0.15715552693070123,1.3770519664164844,0.9388,18776,0,20000,0.9353930176528,0.9420384515043625,above,ff12,ew
rolling120,2004-10,2014-09,120,3.0698475141524435,0.15588405447078313,1.2912808454180724,0.9422,18844,0,20000,0.9388800648970973,0.9453500984148838,above,ff12,ew
rolling120,2004-11,2014-10,120,3.209967459866615,0.15461397909377972,1.3133970202285687,0.95015,19003,0,20000,0.9470463946786226,0.9530807152600665,above,ff12,ew
rolling120,2004-12,2014-11,120,2.809328538496913,0.1528846521156062,1.2665456476370083,0.94625,18925,0,20000,0.9430378878040793,0.9492907200158474,above,ff12,ew
rolling120,2005-01,2014-12,120,2.8872344112870545,0.15104298334225819,1.1871137042027318,0.96635,19327,0,20000,0.9637599266746452,0.968760961295826,above,ff12,ew
rolling120,2005-02,2015-01,120,3.136421367422991,0.14920425653180724,1.1756628471126653,0.9799,19598,0,20000,0.9778608356417587,0.981754848151592,above,ff12,ew
rolling120,2005-03,2015-02,120,3.432662670103138,0.14736846698463157,1.2628684629955633,0.9835,19670,0,20000,0.9816394022457927,0.9851748988879542,above,ff12,ew
rolling120,2005-04,2015-03,120,3.502584104766669,0.1449640424953913,1.2771452356327617,0.9824,19648,0,20000,0.9804828258837344,0.9841318977293361,above,ff12,ew
rolling120,2005-05,2015-04,120,3.6567055993364797,0.14256465671628704,1.3469061398801188,0.9749,19498,0,20000,0.9726391390999737,0.976978465053938,above,ff12,ew
rolling120,2005-06,2015-05,120,3.447985638331451,0.13982906695559372,1.2899785869635902,0.97345,19469,0,20000,0.9711294041079368,0.9755887569505377,above,ff12,ew
rolling120,2005-07,2015-06,120,3.173607980181501,0.1372134759608834,1.2370508009540164,0.9724,19448,0,20000,0.9700372479491329,0.9745813163850595,above,ff12,ew
rolling120,2005-08,2015-07,120,2.7058143594446125,0.1344906982849996,1.1814252098012625,0.968,19360,0,20000,0.9654695153156789,0.970350738935807,above,ff12,ew
rolling120,2005-09,2015-08,120,2.210806392641168,0.13109740606679887,1.0687219093554265,0.93395,18679,0,20000,0.9304238256884146,0.9373095062184921,above,ff12,ew
rolling120,2005-10,2015-09,120,1.8508234425572803,0.12782670861182477,0.9900952852328573,0.91225,18245,0,20000,0.9082492592577834,0.9160924070139583,above,ff12,ew
rolling120,2005-11,2015-10,120,2.276957864677697,0.12478977621604148,1.182966171066277,0.92695,18539,0,20000,0.9232610455902023,0.9304749748214901,above,ff12,ew
rolling120,2005-12,2015-11,120,2.165962048859551,0.1213137037344647,1.1125953408788996,0.9207,18414,0,20000,0.9168738974422637,0.9243645234201299,above,ff12,ew
rolling120,2006-01,2015-12,120,2.0274140702321874,0.11784871920338724,1.0657332140128797,0.9256,18512,0,20000,0.9218808014130501,0.9291557374959937,above,ff12,ew
rolling120,2006-02,2016-01,120,1.2556495743661649,0.11406128956184114,0.883697717982145,0.85465,17093,0,20000,0.8496972239159221,0.8594665649094829,above,ff12,ew
rolling120,2006-03,2016-02,120,1.5793806055259068,0.11050837335036223,0.8821913623500128,0.9211,18422,0,20000,0.917282461377767,0.9247558058557817,above,ff12,ew
rolling120,2006-04,2016-03,120,1.6230824606647078,0.1066359221132136,0.9770032406773443,0.90765,18153,0,20000,0.90355887782293,0.9115845551805277,above,ff12,ew
rolling120,2006-05,2016-04,120,1.6116457093101952,0.10277658998149164,0.9738741426606428,0.8898,17796,0,20000,0.8853851117181503,0.8940651769725106,above,ff12,ew
rolling120,2006-06,2016-05,120,1.539160779171198,0.09816475917603262,1.0741266540871965,0.8517,17034,0,20000,0.8467070085753917,0.8565579132627442,above,ff12,ew
rolling120,2006-07,2016-06,120,1.6920708292463504,0.09400835869309576,1.0728828000217754,0.8762,17524,0,20000,0.8715631033824889,0.8806924086888979,above,ff12,ew
rolling120,2006-08,2016-07,120,1.5373277427546403,0.08986768960640878,1.1629719551366424,0.7803,15606,0,20000,0.7745082279482511,0.7859841166386965,above,ff12,ew
rolling120,2006-09,2016-08,120,1.5574790857454333,0.08552645204573817,1.1220137746294205,0.78215,15643,0,20000,0.7763753079651636,0.7878163260883766,above,ff12,ew
rolling120,2006-10,2016-09,120,1.6083884795511048,0.08131018557528868,1.0813375203675757,0.7877,15754,0,20000,0.7819775654733222,0.7933119369799951,above,ff12,ew
rolling120,2006-11,2016-10,120,1.3729519897103892,0.07711029540125858,0.9684636724039966,0.79245,15849,0,20000,0.7867735276914813,0.798014150419303,above,ff12,ew
rolling120,2006-12,2016-11,120,1.5990258334807574,0.07271261345429059,1.0214726334215345,0.82025,16405,0,20000,0.8148670752394183,0.8255099256666467,above,ff12,ew
rolling120,2007-01,2016-12,120,1.6202810452433805,0.06875938967960882,1.033252078890361,0.82085,16417,0,20000,0.8154739038926244,0.8261028665701731,above,ff12,ew
year,1927-01,1927-12,12,0.6397351853152025,0.031340782429983394,0.32583722609273513,0.9454,18908,0,20000,0.9421648648920198,0.9484640693892021,above,ff12,vw
year,1928-01,1928-12,12,0.47077402356337505,0.035355979534331006,0.3907859670535341,0.6397,12794,0,20000,0.6330202077514401,0.6463261373744843,above,ff12,vw
year,1929-01,1929-12,12,0.15061725127819958,0.04739767766948333,-0.1485230019924365,0.96115,19223,0,20000,0.9583821518349946,0.96374073331046,above,ff12,vw
year,1930-01,1930-12,12,-0.15435620665173055,0.024261799957746355,-0.2872601404747539,0.88335,17667,0,20000,0.8788274114037966,0.8877253545519879,above,ff12,vw
year,1931-01,1931-12,12,-0.3981036148103879,0.010852440211584602,-0.4376338865587708,0.5654,11308,0,20000,0.5585181029683888,0.5722567787154729,above,ff12,vw
year,1932-01,1932-12,12,-0.10722176771659997,0.009436727769233544,-0.08658574309335187,0.5094,10188,0,20000,0.502470565470093,0.5163258242520523,above,ff12,vw
year,1933-01,1933-12,12,0.9739029229441802,0.003003642310775989,0.5679565173050356,0.8887,17774,0,20000,0.8842664220340773,0.8929842891359069,above,ff12,vw
year,1934-01,1934-12,12,0.23884257840307233,0.0018014106441925914,0.03263777211935448,0.90865,18173,0,20000,0.9045782619733174,0.9125647869580282,above,ff12,vw
year,1935-01,1935-12,12,0.7744869305746527,0.0014008903400870576,0.4500465652631145,0.92645,18529,0,20000,0.9227498027833277,0.9299864096644205,above,ff12,vw
year,1936-01,1936-12,12,0.37308433420103615,0.0018014506902155336,0.3215330595896724,0.7005,14010,0,20000,0.6941140091527718,0.7068089843887302,above,ff12,vw
year,1937-01,1937-12,12,-0.3113881627703109,0.0029037227913610852,-0.34728916228237705,0.67065,13413,0,20000,0.664104339915737,0.6771301181783144,above,ff12,vw
year,1938-01,1938-12,12,0.4931154291415065,-0.0004001399919975057,0.28167847492774056,0.8474,16948,0,20000,0.8423495877185581,0.8523169856296604,above,ff12,vw
year,1939-01,1939-12,12,-0.07923556991254954,9.99699970003487e-05,0.025054688210840448,0.1997,3994,0,20000,0.1942174057216979,0.20529793113359848,below,ff12,vw
year,1940-01,1940-12,12,-0.012718052654548728,-0.00020000999799996144,-0.07206559093168252,0.81585,16317,0,20000,0.8104176658527179,0.8211610249706408,above,ff12,vw
year,1941-01,1941-12,12,-0.047136475568947844,0.00039999998799933323,-0.10550183945566882,0.8244,16488,0,20000,0.8190647620678729,0.8296106449389263,above,ff12,vw
year,1942-01,1942-12,12,0.034708459151703286,0.0028035526933587462,0.1649378017045231,0.05775,1155,0,20000,0.054601223762269877,0.061068632129354664,below,ff12,vw
year,1943-01,1943-12,12,0.2525696121777845,0.0035056154485657576,0.28319964874993064,0.283,5660,0,20000,0.2767992392277283,0.289284104420621,below,ff12,vw
year,1944-01,1944-12,12,0.33707901178220046,0.003304984546793177,0.21344771087952652,0.97785,19557,0,20000,0.975716716003384,0.9797997551377967,above,ff12,vw
year,1945-01,1945-12,12,0.28834583483866894,0.003204684138460978,0.38735699571189386,0.1445,2890,0,20000,0.13969547599676516,0.14944106163912516,below,ff12,vw
year,1946-01,1946-12,12,0.09055168869011032,0.003605945944011646,-0.06396093599835928,0.95195,19039,0,20000,0.9488981643141882,0.9548282542946988,above,ff12,vw
year,1947-01,1947-12,12,0.03292959223756098,0.005011295205622046,0.03433766682547601,0.66905,13381,0,20000,0.6624966406430886,0.6755384319663424,above,ff12,vw
year,1948-01,1948-12,12,-0.0508138824485187,0.008129886047645751,0.018551882838878653,0.1651,3302,0,20000,0.16001894911048548,0.17030967663989338,below,ff12,vw
year,1949-01,1949-12,12,0.3094265283669,0.011156624285102223,0.20198664134954614,0.82205,16441,0,20000,0.8166876276092427,0.8272886819670202,above,ff12,vw
year,1950-01,1950-12,12,0.22172460709282693,0.012167285608503553,0.30066784084275433,0.42785,8557,0,20000,0.4210075051490297,0.4347202056538662,below,ff12,vw
year,1951-01,1951-12,12,0.24799231419746404,0.014900682357238404,0.20694463164474208,0.7021,14042,0,20000,0.6957234516777029,0.7083989273484195,above,ff12,vw
year,1952-01,1952-12,12,0.1994907833623225,0.016523610223636576,0.13474905746088828,0.81,16200,0,20000,0.8045037517069593,0.8153771859382559,above,ff12,vw
year,1953-01,1953-12,12,-0.014667508452752998,0.01825047080823472,0.007186150650095424,0.3311,6622,0,20000,0.3246107929840238,0.3376540767957284,below,ff12,vw
year,1954-01,1954-12,12,0.6443002214274556,0.00863377969622614,0.5030563197321551,0.9071,18142,0,20000,0.9029982774786074,0.9110453667645122,above,ff12,vw
year,1955-01,1955-12,12,0.2935538674767084,0.015711204189441386,0.25355601474255596,0.7646,15292,0,20000,0.7586698552533718,0.7704285192657375,above,ff12,vw
year,1956-01,1956-12,12,0.06486720263430867,0.02467423803643598,0.0833752446150553,0.57775,11555,0,20000,0.5708904825039559,0.5845796558893198,above,ff12,vw
year,1957-01,1957-12,12,0.04654194929961841,0.031546885166551686,-0.10004075784085131,0.8615,17230,0,20000,0.8566432906504735,0.8662178672809628,above,ff12,vw
year,1958-01,1958-12,12,0.45756347988302015,0.015303139073847838,0.44980999895087215,0.3987,7974,0,20000,0.39193426512107393,0.4055046413838929,below,ff12,vw
year,1959-01,1959-12,12,0.07469257208136115,0.02969530696561873,0.12760655494675488,0.2372,4744,0,20000,0.2313556546528433,0.24314527949824521,below,ff12,vw
year,1960-01,1960-12,12,0.06323070895854599,0.026718544210524664,0.012009681750979384,0.6338,12676,0,20000,0.6270980970515871,0.6404505140997994,above,ff12,vw
year,1961-01,1961-12,12,0.4346438736957572,0.021203049199982615,0.26938753950174754,0.90075,18015,0,20000,0.8965289085895194,0.9048171745115128,above,ff12,vw
year,1962-01,1962-12,12,-0.028844229869281923,0.027336311308160388,-0.1018704309519155,0.84575,16915,0,20000,0.8406779223352295,0.8506892847319741,above,ff12,vw
year,1963-01,1963-12,12,0.10184277808458853,0.0311354082386468,0.20958714314537952,0.061,1220,0,20000,0.057766663041392934,0.06440194461586693,below,ff12,vw
year,1964-01,1964-12,12,0.3010635786124287,0.03525706968952491,0.16073359896318462,0.98085,19617,0,20000,0.9788561881093119,0.9826591308155324,above,ff12,vw
year,1965-01,1965-12,12,0.16294574271451245,0.03918636823954258,0.1443528724471268,0.5484,10968,0,20000,0.541494384375415,0.5552870265343541,above,ff12,vw
year,1966-01,1966-12,12,0.10507557204403772,0.04750339219432975,-0.08806073452750662,0.98345,19669,0,20000,0.9815867882283895,0.985127532108963,above,ff12,vw
year,1967-01,1967-12,12,0.3056307269571443,0.042089732130200286,0.28695714774520886,0.5898,11796,0,20000,0.5829665447067315,0.5965989656175922,above,ff12,vw
year,1968-01,1968-12,12,0.20322776499973516,0.052208763937099834,0.14135085333978759,0.62605,12521,0,20000,0.6193206901719258,0.6327308975383302,above,ff12,vw
year,1969-01,1969-12,12,-0.017644829629507197,0.06569703672500249,-0.10954186503304186,0.82755,16551,0,20000,0.822251679436588,0.8327225177430579,above,ff12,vw
year,1970-01,1970-12,12,0.13752260151475526,0.06516705987919003,0.00089937643527227,0.89195,17839,0,20000,0.8875720371739816,0.8961774257616381,above,ff12,vw
year,1971-01,1971-12,12,0.043593924120550076,0.04385608936775598,0.1616277679367737,0.0738,1476,0,20000,0.07025789118506955,0.07750580034915404,below,ff12,vw
year,1972-01,1972-12,12,0.15120580263349503,0.03835711405871445,0.16916061329614052,0.4587,9174,0,20000,0.4518027502118487,0.46561311196638555,below,ff12,vw
year,1973-01,1973-12,12,-0.07034397532579895,0.06940964906929548,-0.19312021529983903,0.92735,18547,0,20000,0.9236700751702992,0.9308657916125481,above,ff12,vw
year,1974-01,1974-12,12,-0.21961591830028826,0.08009299500444977,-0.27804949151668024,0.7052,14104,0,20000,0.6988420107407887,0.7114791776617861,above,ff12,vw
year,1975-01,1975-12,12,0.13085706626628602,0.05798431629002354,0.3832883780080145,0.03815,763,0,20000,0.03558265190773935,0.040894731797284506,below,ff12,vw
year,1976-01,1976-12,12,0.3446238043204277,0.05084710391799252,0.2698032315995835,0.78125,15625,0,20000,0.7754669778128682,0.7869250019055729,above,ff12,vw
year,1977-01,1977-12,12,-0.0141478043906067,0.05126495522821517,-0.031175019766812806,0.58345,11669,0,20000,0.5766022873567163,0.59026566182552,above,ff12,vw
year,1978-01,1978-12,12,-0.08780530010311471,0.07196501341871309,0.08245940100341231,0.0168,336,0,20000,0.015109363716562199,0.018676219928057305,below,ff12,vw
year,1979-01,1979-12,12,0.4815018313909243,0.1038334430458423,0.23466553545879343,0.9983,19966,0,20000,0.9976254620053158,0.9987831548611703,above,ff12,vw
year,1980-01,1980-12,12,0.40744696477702047,0.11258733475368765,0.33252237086475556,0.7975,15950,0,20000,0.791873678420458,0.8030120601261598,above,ff12,vw
year,1981-01,1981-12,12,-0.14635671063016265,0.1471747478188743,-0.03259492110308704,0.05375,1075,0,20000,0.0507092799841526,0.056962112195920775,below,ff12,vw
year,1982-01,1982-12,12,0.5586338141068938,0.10534507994232367,0.21455435824057512,0.98785,19757,0,20000,0.9862352412214113,0.9892773891986475,above,ff12,vw
year,1983-01,1983-12,12,0.3121201682681478,0.087957322322191,0.22550771908568645,0.79755,15951,0,20000,0.7919241817045262,0.803061537638486,above,ff12,vw
year,1984-01,1984-12,12,0.19875609662361216,0.09837053073148505,0.03850526910283558,0.92665,18533,0,20000,0.9229542940428808,0.930181841590445,above,ff12,vw
year,1985-01,1985-12,12,0.09061849751565454,0.0772029093125699,0.3262386133802917,0.01045,209,0,20000,0.00913169256051624,0.011956329942015799,below,ff12,vw
year,1986-01,1986-12,12,0.38320096697194383,0.06157040643142686,0.16417506145248417,0.9415,18830,0,20000,0.9381618943630472,0.9446685377994124,above,ff12,vw
year,1987-01,1987-12,12,0.19006965256294595,0.05472425335115183,0.016447656023945934,0.87125,17425,0,20000,0.8665368936834228,0.8758205195449194,above,ff12,vw
year,1988-01,1988-12,12,0.17414478781759968,0.06357536181976098,0.17992730438092464,0.48185,9637,0,20000,0.4749291973916023,0.48877777351723434,below,ff12,vw
year,1989-01,1989-12,12,0.3945900945336114,0.08375046134037079,0.2885742032222962,0.87355,17471,0,20000,0.8688720164564268,0.8780845134060575,above,ff12,vw
year,1990-01,1990-12,12,0.054317182199715264,0.07838118061963528,-0.06023993422837459,0.8689,17378,0,20000,0.8641515108905491,0.873506804907257,above,ff12,vw
year,1991-01,1991-12,12,0.15325839692238907,0.05598602000744668,0.34816431124513314,0.08575,1715,0,20000,0.0819486532257061,0.0897104486467766,below,ff12,vw
year,1992-01,1992-12,12,0.09783544069887284,0.03504994804571826,0.0977917454354833,0.4484,8968,0,20000,0.4415180439505198,0.4553017741704703,below,ff12,vw
year,1993-01,1993-12,12,0.2438828309663048,0.028977781780637812,0.11160181432651584,0.844,16880,0,20000,0.8389051624821477,0.8489627167112521,above,ff12,vw
year,1994-01,1994-12,12,0.03411031713191415,0.03908056138318705,-0.0014820664936643357,0.7107,14214,0,20000,0.704375804365484,0.7169432716404736,above,ff12,vw
year,1995-01,1995-12,12,0.40362301836532755,0.05598649105331033,0.36851773687640366,0.72365,14473,0,20000,0.7174098465074196,0.7298042557646848,above,ff12,vw
year,1996-01,1996-12,12,0.20287846139326415,0.05199928578383717,0.21206785537948347,0.5567,11134,0,20000,0.5498049443737466,0.5635732787374911,above,ff12,vw
year,1997-01,1997-12,12,0.1420398519512449,0.05252282460020541,0.31247057540483114,0.09745,1949,0,20000,0.09341680308572566,0.10163780514304417,below,ff12,vw
year,1998-01,1998-12,12,0.24197893606790477,0.04854677372757088,0.24260682903123243,0.6075,12150,0,20000,0.6007125087396682,0.6142462035082693,above,ff12,vw
year,1999-01,1999-12,12,0.24212491497945887,0.046877487656105554,0.2524240515544398,0.75545,15109,0,20000,0.7494444215137711,0.761357467265165,above,ff12,vw
year,2000-01,2000-12,12,-0.1984707069481073,0.058827813659585004,-0.11592112460980486,0.1544,3088,0,20000,0.14945869803784956,0.15947403728412995,below,ff12,vw
year,2001-01,2001-12,12,-0.2633858998619698,0.03824800864936062,-0.11201399904333464,0.1065,2130,0,20000,0.10230012126777116,0.11085101110838316,below,ff12,vw
year,2002-01,2002-12,12,-0.06708654798212155,0.01632075190748239,-0.21138775004858779,0.82295,16459,0,20000,0.8175979788506572,0.8281779850607046,above,ff12,vw
year,2003-01,2003-12,12,0.27017277438269516,0.010247724555652926,0.3169291440246156,0.40255,8051,0,20000,0.3957727082228345,0.4093647196045004,below,ff12,vw
year,2004-01,2004-12,12,0.223946531171757,0.011863454109524163,0.11931461886375816,0.8254,16508,0,20000,0.8200764136430808,0.8305986092916063,above,ff12,vw
year,2005-01,2005-12,12,-0.11829737976125154,0.02979774263278001,0.061007835307562264,0.0398,796,0,20000,0.03717790411546997,0.04259884587056873,below,ff12,vw
year,2006-01,2006-12,12,0.22593190515913553,0.04812968129714923,0.15398439680005582,0.6821,13642,0,20000,0.6756119501513497,0.6885181103170172,above,ff12,vw
year,2007-01,2007-12,12,0.08458816982147388,0.046667720112056,0.057378903196549036,0.52275,10455,0,20000,0.5158239520155714,0.5296673103438758,above,ff12,vw
year,2008-01,2008-12,12,-0.44019834111823264,0.015912653124452003,-0.36656078451194607,0.2033,4066,0,20000,0.19777959818971605,0.2089343560059764,below,ff12,vw
year,2009-01,2009-12,12,0.3882463823593547,0.0009003500770106143,0.28627882661901216,0.6946,13892,0,20000,0.6881799840605202,0.7009452755064439,above,ff12,vw
year,2010-01,2010-12,12,0.32910829294195354,0.0010004501200209237,0.17411855921775898,0.87835,17567,0,20000,0.8737469373333591,0.8828077489829864,above,ff12,vw
year,2011-01,2011-12,12,0.15169826708099188,0.00040006000400016895,0.005010313959058266,0.91035,18207,0,20000,0.9063115484142037,0.9142308475945513,above,ff12,vw
year,2012-01,2012-12,12,0.1684021008221972,0.0006001500200014664,0.16347588259673151,0.5176,10352,0,20000,0.510672059503486,0.524521180827339,above,ff12,vw
year,2013-01,2013-12,12,0.26463676287841076,0.0,0.35152984651126506,0.18745,3749,0,20000,0.18210140793993285,0.19291863379873814,below,ff12,vw
year,2014-01,2014-12,12,0.15547537140559053,0.0,0.11742048220313417,0.70195,14039,0,20000,0.6955725625098672,0.708249874127072,above,ff12,vw
year,2015-01,2015-12,12,0.02661175141026284,9.999999999998899e-05,0.002123996347826118,0.7264,14528,0,20000,0.7201785201374032,0.7325345259363926,above,ff12,vw
year,2016-01,2016-12,12,0.2317518513936827,0.002102001142436638,0.135839399727115,0.76705,15341,0,20000,0.761140691698782,0.7728567418436525,above,ff12,vw
decade,1926-10,1936-12,123,6.614921376616415,0.18905294730176037,0.8318867372457466,0.9969,19938,0,20000,0.9960283222984191,0.9975808322690242,above,ff12,vw
decade,1937-01,1946-12,120,1.1684227470345756,0.019382264221265322,0.6766558202743984,0.7581,15162,0,20000,0.7521158865096228,0.763984984478216,above,ff12,vw
decade,1947-01,1956-12,120,4.239975653379725,0.1435189441161644,3.637739702560717,0.8546,17092,0,20000,0.849646536614506,0.8594172714145046,above,ff12,vw
decade,1957-01,1966-12,120,3.4740255754801295,0.3498402266913929,1.4871673872372133,0.96495,19299,0,20000,0.962310630643086,0.9674107950283422,above,ff12,vw
decade,1967-01,1976-12,120,1.3265933935623409,0.7324866552416902,0.8192557564736382,0.7484,14968,0,20000,0.7423387989953262,0.754365797492001,above,ff12,vw
decade,1977-01,1986-12,120,4.919931637777625,1.398087202464629,2.983554967787672,0.89925,17985,0,20000,0.8950014910396114,0.903345168169589,above,ff12,vw
decade,1987-01,1996-12,120,4.649296153208738,0.7019911521313602,2.9574182864500242,0.91025,18205,0,20000,0.9062095786164995,0.9141328557994667,above,ff12,vw
decade,1997-01,2006-12,120,0.630704498023106,0.42425967867422365,1.2822776380352723,0.1859,3718,0,20000,0.18056897327767377,0.19135166377277116,below,ff12,vw
decade,2007-01,2016-12,120,1.7855628093874438,0.06875938967960882,1.033252078890361,0.82035,16407,0,20000,0.8149682118167073,0.8256087506821465,above,ff12,vw
full,1926-10,2016-12,1083,136821.29118170185,19.13841505312512,4714.09179101641,0.9994,19988,0,20000,0.9989514644540893,0.9996567299330732,above,ff12,vw
rolling120,1926-10,1936-09,120,6.024524953580435,0.18869631463344416,0.6526700463661657,0.9972,19944,0,20000,0.9963660673133883,0.9978429720324211,above,ff12,vw
rolling120,1926-11,1936-10,120,7.156300833013326,0.1851416007738944,0.8241526570504241,0.9983,19966,0,20000,0.9976254620053158,0.9987831548611703,above,ff12,vw
rolling120,1926-12,1936-11,120,7.613438637813484,0.18159716372641976,0.8316017977014809,0.99865,19973,0,20000,0.998036487964857,0.9990719944763898,above,ff12,vw
rolling120,1927-01,1936-12,120,6.513032580835985,0.17829792952375323,0.7835422753128123,0.99715,19943,0,20000,0.9963096416278638,0.9977994169215512,above,ff12,vw
rolling120,1927-02,1937-01,120,6.671083415786769,0.17547706665008045,0.8397897163306614,0.9968,19936,0,20000,0.9959161481627361,0.9974930448119184,above,ff12,vw
rolling120,1927-03,1937-02,120,5.892492254929256,0.17266323764553215,0.7811236265539583,0.99555,19911,0,20000,0.994527575112284,0.9963820979525109,above,ff12,vw
rolling120,1927-04,1937-03,120,5.968457530716709,0.16927268591156208,0.7688877115567239,0.99645,19929,0,20000,0.9955249668427258,0.9971843605571676,above,ff12,vw
rolling120,1927-05,1937-04,120,5.3162240081880565,0.16670670096492324,0.6275101690822238,0.9961,19922,0,20000,0.9951357683417873,0.9968736934833456,above,ff12,vw
rolling120,1927-06,1937-05,120,4.861989559591528,0.1639149800453661,0.5271662796976744,0.9961,19922,0,20000,0.9951357683417873,0.9968736934833456,above,ff12,vw
rolling120,1927-07,1937-06,120,4.819533040288152,0.16124491775322136,0.4947132161323786,0.99625,19925,0,20000,0.9953023427981026,0.9970070614162135,above,ff12,vw
rolling120,1927-08,1937-07,120,4.29174233574498,0.15811893442527136,0.5138904589574314,0.99365,19873,0,20000,0.9924503609794934,0.9946600418223145,above,ff12,vw
rolling120,1927-09,1937-08,120,3.732755469293047,0.1551162327604274,0.40834593004018815,0.993,19860,0,20000,0.9917460998660389,0.9940645525826418,above,ff12,vw
rolling120,1927-10,1937-09,120,3.0288953459597554,0.1531566502879269,0.1593565943424753,0.9934,19868,0,20000,0.9921791719019251,0.9944313269179108,above,ff12,vw
rolling120,1927-11,1937-10,120,2.988855063726658,0.15051100410771512,0.09254498568559866,0.99495,19899,0,20000,0.9938680784831044,0.9958418250249577,above,ff12,vw
rolling120,1927-12,1937-11,120,2.562771138538884,0.148329614118887,-0.06141244507155874,0.99565,19913,0,20000,0.9946378752462796,0.9964717594113041,above,ff12,vw
rolling120,1928-01,1937-12,120,2.15512115309124,0.14580883468258543,-0.1219605621913682,0.99425,19885,0,20000,0.9931030088228643,0.9952071635356763,above,ff12,vw
rolling120,1928-02,1938-01,120,2.0332561918131082,0.14295145604247916,-0.11491369671938889,0.99275,19855,0,20000,0.9914759160750153,0.9938348323916937,above,ff12,vw
rolling120,1928-03,1938-02,120,2.392774045461227,0.13919212203974807,-0.05021912811990381,0.99355,19871,0,20000,0.9923418354439922,0.994568605765027,above,ff12,vw
rolling120,1928-04,1938-03,120,1.6462213190208677,0.13578442798638357,-0.3375565756083817,0.9968,19936,0,20000,0.9959161481627361,0.9974930448119184,above,ff12,vw
rolling120,1928-05,1938-04,120,1.9164248757432825,0.13340451649289786,-0.2740198367129666,0.9967,19934,0,20000,0.9958041621451786,0.997405069236687,above,ff12,vw
rolling120,1928-06,1938-05,120,1.807386747402667,0.12978919108143727,-0.31465305480739014,0.9966,19932,0,20000,0.9956923559047284,0.9973169138843485,above,ff12,vw
rolling120,1928-07,1938-06,120,2.2237947952598276,0.12629766830967726,-0.11007616560200773,0.9939,19878,0,20000,0.9927219774321951,0.9948883293515847,above,ff12,vw
rolling120,1928-08,1938-07,120,2.913139192099835,0.12259274176918478,-0.05392148679947961,0.99685,19937,0,20000,0.995972211169275,0.9975369626017738,above,ff12,vw
rolling120,1928-09,1938-08,120,2.615014745281909,0.1190119036774171,-0.13959105780137704,0.99695,19939,0,20000,0.9960844826976206,0.997624652666217,above,ff12,vw
rolling120,1928-10,1938-09,120,2.63414371707703,0.11622190690949696,-0.15869457222482908,0.99735,19947,0,20000,0.996535693976946,0.9979732877580466,above,ff12,vw
rolling120,1928-11,1938-10,120,2.65473571094091,0.11177525057283932,-0.10832542107313037,0.9967,19934,0,20000,0.9958041621451786,0.997405069236687,above,ff12,vw
rolling120,1928-12,1938-11,120,1.9469892151876316,0.10690195798216329,-0.2195860637199768,0.9952,19904,0,20000,0.9941424112223024,0.9960673962677314,above,ff12,vw
rolling120,1929-01,1938-12,120,2.2030481902839227,0.10623821505313136,-0.19084296632562991,0.9962,19924,0,20000,0.995246781717087,0.9969626417008347,above,ff12,vw
rolling120,1929-02,1939-01,120,1.598276853656888,0.10237950092846937,-0.27545767327557835,0.99385,19877,0,20000,0.992667618732949,0.9948427072544365,above,ff12,vw
rolling120,1929-03,1939-02,120,1.7279140316306423,0.09853501283236565,-0.25010376262235423,0.99415,19883,0,20000,0.9929940474378789,0.9951161633278729,above,ff12,vw
rolling120,1929-04,1939-03,120,1.4424774187596148,0.09470316855798533,-0.3370100207082348,0.9939,19878,0,20000,0.9927219774321951,0.9948883293515847,above,ff12,vw
rolling120,1929-05,1939-04,120,1.4273581079171138,0.09077637361297852,-0.35009663426393,0.9942,19884,0,20000,0.993048518361643,0.9951616732005032,above,ff12,vw
rolling120,1929-06,1939-05,120,1.714033702698131,0.0861065822882714,-0.26193198460634715,0.99435,19887,0,20000,0.9932120493703004,0.9952980845810288,above,ff12,vw
rolling120,1929-07,1939-06,120,1.2075916160670976,0.08059609326154016,-0.3659927445339226,0.9923,19846,0,20000,0.9909904587964876,0.9934204625026716,above,ff12,vw
rolling120,1929-08,1939-07,120,1.1984918979464583,0.07704185513957973,-0.33326705755680697,0.98965,19793,0,20000,0.9881503225322883,0.9909616165579684,above,ff12,vw
rolling120,1929-09,1939-08,120,0.8764121290242961,0.07264357664747578,-0.42682097973673905,0.98945,19789,0,20000,0.9879370503054056,0.9907749655992736,above,ff12,vw
rolling120,1929-10,1939-09,120,1.1510317004243045,0.06900930842565067,-0.293944916029766,0.9854,19708,0,20000,0.9836420091609789,0.9869715622357548,above,ff12,vw
rolling120,1929-11,1939-10,120,1.4835632527414049,0.06411438226722144,-0.12636771734644647,0.9795,19590,0,20000,0.9774420817490553,0.9813737556731404,above,ff12,vw
rolling120,1929-12,1939-11,120,1.4480117650940008,0.06019167307683726,-0.03800605218662989,0.96475,19295,0,20000,0.9621036787925705,0.9672178236932802,above,ff12,vw
rolling120,1930-01,1939-12,120,1.563191919983074,0.05628342440653311,-0.025892404835905714,0.97165,19433,0,20000,0.9692576698851925,0.9738611825030841,above,ff12,vw
rolling120,1930-02,1940-01,120,1.5794620550922867,0.05480669503348623,-0.10105758664714926,0.9797,19594,0,20000,0.9776514340769292,0.9815643265308439,above,ff12,vw
rolling120,1930-03,1940-02,120,1.427927077965455,0.05165173981404414,-0.11295021001446326,0.97595,19519,0,20000,0.9737335717583239,0.9779836291198701,above,ff12,vw
rolling120,1930-04,1940-03,120,1.2847641094692972,0.04798379652620244,-0.15745131172725224,0.9751,19502,0,20000,0.972847523842743,0.9771700034967463,above,ff12,vw
rolling120,1930-05,1940-04,120,1.20868639640595,0.045787642477000734,-0.13976946272723334,0.9684,19368,0,20000,0.9658842162701679,0.9707358843524735,above,ff12,vw
rolling120,1930-06,1940-05,120,0.7992560777853173,0.042867030668766404,-0.3196675730575015,0.97235,19447,0,20000,0.9699852625147383,0.9745333210230598,above,ff12,vw
rolling120,1930-07,1940-06,120,1.3160976567632985,0.04005887171513556,-0.13784693395302106,0.9743,19486,0,20000,0.9720141998211705,0.9764036347760087,above,ff12,vw
rolling120,1930-08,1940-07,120,1.2900463304581944,0.03808670419391924,-0.1472684686088258,0.9747,19494,0,20000,0.9724307904577394,0.976786890510595,above,ff12,vw
rolling120,1930-09,1940-08,120,1.2427778294363523,0.03704955092766493,-0.131893988363602,0.971,19420,0,20000,0.9685823801338036,0.9732367219013458,above,ff12,vw
rolling120,1930-10,1940-09,120,1.5357522045254623,0.03477305021718724,0.016878784251810997,0.9671,19342,0,20000,0.9645368063568567,0.9694837935595302,above,ff12,vw
rolling120,1930-11,1940-10,120,1.7561025215766666,0.033842591884491124,0.14739920207495438,0.9593,19186,0,20000,0.9564721735407343,0.9619514221381281,above,ff12,vw
rolling120,1930-12,1940-11,120,1.8647650422952426,0.03250034144061842,0.1622897468747735,0.96685,19337,0,20000,0.964277808943549,0.9692428869908661,above,ff12,vw
rolling120,1931-01,1940-12,120,1.9925047994041356,0.031056861834050764,0.268215806380808,0.9602,19204,0,20000,0.9574011541294313,0.96282209588453,above,ff12,vw
rolling120,1931-02,1941-01,120,1.711039804385194,0.029409641685339327,0.14199019181715422,0.96215,19243,0,20000,0.9594152486440009,0.9647072524293414,above,ff12,vw
rolling120,1931-03,1941-02,120,1.2929088994506355,0.02889514266410509,0.014736326230605057,0.9555,19110,0,20000,0.9525536857617514,0.9582713693911373,above,ff12,vw
rolling120,1931-04,1941-03,120,1.4733759442504,0.02766207148544053,0.09123649499207209,0.95725,19145,0,20000,0.954357500116059,0.9599668829106333,above,ff12,vw
rolling120,1931-05,1941-04,120,1.9778588923950262,0.026737914946334707,0.1451441593206102,0.97885,19577,0,20000,0.976762018351966,0.9807540687171027,above,ff12,vw
rolling120,1931-06,1941-05,120,2.5030702833897305,0.025814681732775346,0.3373647860637128,0.98225,19645,0,20000,0.9803252571193489,0.9839895241045381,above,ff12,vw
rolling120,1931-07,1941-06,120,2.4166949871919505,0.02499468598398802,0.24141141399107724,0.98655,19731,0,20000,0.9848575416307004,0.9880555880831043,above,ff12,vw
rolling120,1931-08,1941-07,120,2.854323466506226,0.024687371966603422,0.4071012388061124,0.9868,19736,0,20000,0.9851221700809543,0.9882908636148222,above,ff12,vw
rolling120,1931-09,1941-08,120,2.6108570802559297,0.024482495955013395,0.3988348868107363,0.9827,19654,0,20000,0.9807980662866777,0.9844165421047589,above,ff12,vw
rolling120,1931-10,1941-09,120,4.1868062190692275,0.024277660906337095,0.9451045354123759,0.9839,19678,0,20000,0.9820604661477883,0.9855536813571135,above,ff12,vw
rolling120,1931-11,1941-10,120,3.5743713655237723,0.023254406499837232,0.7048681995093764,0.98555,19711,0,20000,0.983800400144212,0.9871131136417048,above,ff12,vw
rolling120,1931-12,1941-11,120,3.809931192607828,0.02151782619530529,0.8363432600449783,0.98455,19691,0,20000,0.9827452900605639,0.9861686077974651,above,ff12,vw
rolling120,1932-01,1941-12,120,3.7374410948468944,0.020395503373876078,1.017220950670656,0.97545,19509,0,20000,0.9732122852888709,0.9775051076253791,above,ff12,vw
rolling120,1932-02,1942-01,120,3.4916626119110328,0.018257590017510594,1.0611802557987922,0.9636,19272,0,20000,0.9609141281693518,0.9661078159994279,above,ff12,vw
rolling120,1932-03,1942-02,120,3.3014274895242117,0.016022563879589224,0.9026129253706676,0.96885,19377,0,20000,0.9663508784375417,0.9711690493526489,above,ff12,vw
rolling120,1932-04,1942-03,120,3.3258375042082813,0.014500964592629062,1.000034586527955,0.96105,19221,0,20000,0.9582788688102796,0.9636440547423862,above,ff12,vw
rolling120,1932-05,1942-04,120,3.8248173609451586,0.013487578352900265,1.3278971383173128,0.9496,18992,0,20000,0.9464807957037477,0.952546525474603,above,ff12,vw
rolling120,1932-06,1942-05,120,4.6067933559880085,0.013183714397767332,2.1016193298586043,0.89925,17985,0,20000,0.8950014910396114,0.903345168169589,above,ff12,vw
rolling120,1932-07,1942-06,120,4.384553528740466,0.013183714397767332,2.2094338053045712,0.8745,17490,0,20000,0.8698366686324251,0.8790194963615526,above,ff12,vw
rolling120,1932-08,1942-07,120,3.084750530277244,0.013285012509584693,1.4867527965369698,0.8779,17558,0,20000,0.8732898182360554,0.8823650409127407,above,ff12,vw
rolling120,1932-09,1942-08,120,2.4758308845558084,0.013285012509584693,0.8463436913697386,0.93885,18777,0,20000,0.9354442761415661,0.9420871738119908,above,ff12,vw
rolling120,1932-10,1942-09,120,2.8252075645235224,0.013285012509584693,0.9520772470810968,0.95,19000,0,20000,0.9468921304110626,0.9529350371384432,above,ff12,vw
rolling120,1932-11,1942-10,120,4.091076669280847,0.013386320749187774,1.4010527667850257,0.9636,19272,0,20000,0.9609141281693518,0.9661078159994279,above,ff12,vw
rolling120,1932-12,1942-11,120,4.4548039709515095,0.0134876391175891,1.5545936384234986,0.96575,19315,0,20000,0.9631386622460488,0.9681824561676896,above,ff12,vw
rolling120,1933-01,1942-12,120,4.490580077242472,0.013690316377686695,1.5726957095949374,0.967,19340,0,20000,0.964433202846586,0.9693874354770123,above,ff12,vw
rolling120,1933-02,1943-01,120,4.823923040759635,0.013893034169182972,1.7228649110142573,0.9676,19352,0,20000,0.9650549158145283,0.9699654920658027,above,ff12,vw
rolling120,1933-03,1943-02,120,5.846903233453713,0.01450155254519725,2.414513756502172,0.95365,19073,0,20000,0.950648109229413,0.9564776564568833,above,ff12,vw
rolling120,1933-04,1943-03,120,5.497514443420681,0.014400142953779449,2.512544413332884,0.93345,18669,0,20000,0.9299118496521623,0.9368216742908004,above,ff12,vw
rolling120,1933-05,1943-04,120,4.035283280311781,0.013690772224441039,1.5498882631955082,0.96035,19207,0,20000,0.957556020356856,0.9629671720462885,above,ff12,vw
rolling120,1933-06,1943-05,120,3.2002060881723002,0.013488115132832768,1.2203151526976939,0.95185,19037,0,20000,0.9487952587171029,0.9547311982989952,above,ff12,vw
rolling120,1933-07,1943-06,120,2.4807569287693294,0.013589443678637014,0.9991080118658076,0.92785,18557,0,20000,0.9241814067061875,0.9313542680406035,above,ff12,vw
rolling120,1933-08,1943-07,120,2.6271929045761735,0.013690782355269437,1.1068271534655691,0.919,18380,0,20000,0.9151378115862275,0.9227012621987568,above,ff12,vw
rolling120,1933-09,1943-08,120,2.2483819763406165,0.013690782355269437,0.9049236678920867,0.91455,18291,0,20000,0.910595649091964,0.9183451338139195,above,ff12,vw
rolling120,1933-10,1943-09,120,2.9230961426050044,0.013792131163743448,1.1832978773882337,0.93345,18669,0,20000,0.9299118496521623,0.9368216742908004,above,ff12,vw
rolling120,1933-11,1943-10,120,3.146566253933635,0.013994869316160896,1.355531850694474,0.92545,18509,0,20000,0.9217274626569639,0.9290091338628966,above,ff12,vw
rolling120,1933-12,1943-11,120,2.3111800964198492,0.014096248527250221,1.0152336316969723,0.9001,18002,0,20000,0.895866992213663,0.9041793405342421,above,ff12,vw
rolling120,1934-01,1943-12,120,2.4841296793485506,0.01419763787423367,1.105467973414747,0.90305,18061,0,20000,0.8988715169084643,0.9070736828267097,above,ff12,vw
rolling120,1934-02,1944-01,120,2.103774240055597,0.013994899715737974,0.9021169609801938,0.9052,18104,0,20000,0.901061985361381,0.9091823886187518,above,ff12,vw
rolling120,1934-03,1944-02,120,2.152582698441033,0.014096278929866868,0.9584918765502148,0.90205,18041,0,20000,0.8978529059858024,0.9060926778214838,above,ff12,vw
rolling120,1934-04,1944-03,120,2.1538141760576117,0.014096278929866868,1.0048571322431927,0.8909,17818,0,20000,0.8865039378417652,0.8951459283695722,above,ff12,vw
rolling120,1934-05,1944-04,120,2.1190059799063077,0.014299077905755242,1.0073065606271183,0.88875,17775,0,20000,0.8843172686303612,0.8930334233360174,above,ff12,vw
rolling120,1934-06,1944-05,120,2.658214772042669,0.014501917437383272,1.2748031545823872,0.90815,18163,0,20000,0.9040685519360424,0.9120746890313595,above,ff12,vw
rolling120,1934-07,1944-06,120,2.9195926578428364,0.014704797532861136,1.3372539421205718,0.92505,18501,0,20000,0.9213185802844678,0.9286181698642376,above,ff12,vw
rolling120,1934-08,1944-07,120,2.798528786759617,0.014907718200301012,1.5857528175206146,0.86155,17231,0,20000,0.8566940060703835,0.8662671326574473,above,ff12,vw
rolling120,1934-09,1944-08,120,3.0324833607506934,0.015110679447816189,1.4877983590483876,0.9117,18234,0,20000,0.907688286924061,0.9155535905873424,above,ff12,vw
rolling120,1934-10,1944-09,120,3.0927776693743567,0.015212180365669292,1.494530899460767,0.9184,18368,0,20000,0.9145251937391841,0.9221141104890676,above,ff12,vw
rolling120,1934-11,1944-10,120,3.0612387780276675,0.015415202499529101,1.5412003133398495,0.9076,18152,0,20000,0.9035079123773396,0.9115355398297237,above,ff12,vw
rolling120,1934-12,1944-11,120,2.547673442623131,0.015618265233755535,1.3863920978327147,0.86965,17393,0,20000,0.8649127486854474,0.8742452790582745,above,ff12,vw
rolling120,1935-01,1944-12,120,2.7604105233366276,0.015719816905111816,1.4741253531978908,0.88205,17641,0,20000,0.8775062421396442,0.8864470231098862,above,ff12,vw
rolling120,1935-02,1945-01,120,3.1238288725094625,0.01592294055612764,1.6148084002103862,0.9041,18082,0,20000,0.8999412022415355,0.9081035942179206,above,ff12,vw
rolling120,1935-03,1945-02,120,3.5073729200589208,0.01592294055612764,1.8331979657592647,0.91105,18221,0,20000,0.9070253786969601,0.9149167484613164,above,ff12,vw
rolling120,1935-04,1945-03,120,3.5751921885320295,0.016024522691969745,1.8276080632307674,0.92205,18441,0,20000,0.9182529143796924,0.9256849879853498,above,ff12,vw
rolling120,1935-05,1945-04,120,3.8829246346302293,0.016227707278049452,1.7954614234727573,0.94825,18965,0,20000,0.94509292795619,0.9512349117195121,above,ff12,vw
rolling120,1935-06,1945-05,120,3.44514814457812,0.016430932496983353,1.7495323191922543,0.91905,18381,0,20000,0.915188865834479,0.9227501887468997,above,ff12,vw
rolling120,1935-07,1945-06,120,2.9453591980558667,0.016532565426939927,1.6060084969803117,0.88985,17797,0,20000,0.8854359644775641,0.8941143050094912,above,ff12,vw
rolling120,1935-08,1945-07,120,2.398506334753058,0.016735851611406893,1.37121331022309,0.85745,17149,0,20000,0.8525360308671224,0.8622266825563685,above,ff12,vw
rolling120,1935-09,1945-08,120,2.2245083884899395,0.016939178449045356,1.4541341731073771,0.7953,15906,0,20000,0.7896516654772276,0.800834918028037,above,ff12,vw
rolling120,1935-10,1945-09,120,1.95517051409582,0.017142545947985477,1.5060241775470433,0.69025,13805,0,20000,0.683805689257138,0.6966212410235142,above,ff12,vw
rolling120,1935-11,1945-10,120,1.7720976487382472,0.017345954116358087,1.4329786297710085,0.6507,13014,0,20000,0.6440643500464499,0.6572777702862401,above,ff12,vw
rolling120,1935-12,1945-11,120,1.9106757269047203,0.017345954116358087,1.4452722580842758,0.70325,14065,0,20000,0.696880295723735,0.7095416416194587,above,ff12,vw
rolling120,1936-01,1945-12,120,1.730202827391535,0.0175494029622969,1.3671619927629148,0.65925,13185,0,20000,0.6526513282110271,0.6657875083051035,above,ff12,vw
rolling120,1936-02,1946-01,120,1.5785116002803066,0.01775289249393608,1.3532114590356872,0.59375,11875,0,20000,0.5869260050499173,0.600537988189563,above,ff12,vw
rolling120,1936-03,1946-02,120,1.3739662089119165,0.017956422719412446,1.1624291446494768,0.58745,11749,0,20000,0.5806111319947617,0.5942552808990257,above,ff12,vw
rolling120,1936-04,1946-03,120,1.601881910259352,0.018058198006627002,1.2680022847081216,0.6334,12668,0,20000,0.6266966371771324,0.6400521276030987,above,ff12,vw
rolling120,1936-05,1946-04,120,2.1043042935982474,0.018159983469335117,1.5735951045240397,0.68775,13755,0,20000,0.6812920272153699,0.6941358632455629,above,ff12,vw
rolling120,1936-06,1946-05,120,2.1514431766725894,0.0182617791085542,1.5432628363973424,0.72465,14493,0,20000,0.7184166028874043,0.730797115312588,above,ff12,vw
rolling120,1936-07,1946-06,120,1.7860798290635942,0.0182617791085542,1.3870866844795522,0.6641,13282,0,20000,0.657523358570112,0.6706136151962744,above,ff12,vw
rolling120,1936-08,1946-07,120,1.516182408385292,0.01846541110117661,1.1778893792036707,0.6565,13130,0,20000,0.6498891772416471,0.663050715472792,above,ff12,vw
rolling120,1936-09,1946-08,120,1.36416411375866,0.018567237277051563,1.017474598674264,0.66795,13359,0,20000,0.661391396778045,0.6744440983107095,above,ff12,vw
rolling120,1936-10,1946-09,120,1.272775856232462,0.018770930355199056,0.7951088600800418,0.74585,14917,0,20000,0.7397692021879703,0.7518363736832432,above,ff12,vw
rolling120,1936-11,1946-10,120,1.0270588086939334,0.01887278707689033,0.6521637650792693,0.7126,14252,0,20000,0.7062877387492708,0.7188306075196735,above,ff12,vw
rolling120,1936-12,1946-11,120,0.8568282437540575,0.01907654125888758,0.6000086970618546,0.6565,13130,0,20000,0.6498891772416471,0.663050715472792,above,ff12,vw
rolling120,1937-01,1946-12,120,1.1684227470345756,0.019382264221265322,0.6766558202743984,0.7581,15162,0,20000,0.7521158865096228,0.763984984478216,above,ff12,vw
rolling120,1937-02,1947-01,120,1.0047482246776065,0.019586120288502817,0.6429150684732108,0.69355,13871,0,20000,0.6871240586808267,0.6999016041618551,above,ff12,vw
rolling120,1937-03,1947-02,120,1.0666583689585898,0.019688058512886686,0.6078142124108752,0.74185,14837,0,20000,0.735739010839582,0.7478681013200801,above,ff12,vw
rolling120,1937-04,1947-03,120,0.9572304779021881,0.019891975732867273,0.5852483989033541,0.6835,13670,0,20000,0.6770193002135428,0.6899102225538668,above,ff12,vw
rolling120,1937-05,1947-04,120,1.0152162670714673,0.019891975732867273,0.629040736242219,0.699,13980,0,20000,0.6926052405932601,0.7053183290564102,above,ff12,vw
rolling120,1937-06,1947-05,120,1.138222432762774,0.019586191610620807,0.6264140455458695,0.7611,15222,0,20000,0.7551405604656625,0.7669591583058397,above,ff12,vw
rolling120,1937-07,1947-06,120,1.3678198888085098,0.019586191610620807,0.7882065909952654,0.771,15420,0,20000,0.7651248660626243,0.7767710503949671,above,ff12,vw
rolling120,1937-08,1947-07,120,1.3818062365588073,0.019586191610620807,0.7097448000556896,0.824,16480,0,20000,0.8186601190659637,0.8292154415696804,above,ff12,vw
rolling120,1937-09,1947-08,120,1.4430705439558573,0.019688129842135638,0.7663529156766211,0.8187,16374,0,20000,0.8132995362675917,0.8239780599502471,above,ff12,vw
rolling120,1937-10,1947-09,120,1.765455697263799,0.01989198592567054,1.034106019071249,0.81845,16369,0,20000,0.8130467210651698,0.8237309711706972,above,ff12,vw
rolling120,1937-11,1947-10,120,2.034871393890725,0.020299861144996934,1.306279886490934,0.8064,16128,0,20000,0.8008654002186556,0.8118169200861635,above,ff12,vw
rolling120,1937-12,1947-11,120,2.1123092491855195,0.02070789948178775,1.4667561180953852,0.7793,15586,0,20000,0.7734990651334704,0.7849936635255895,above,ff12,vw
rolling120,1938-01,1947-12,120,2.2526713930797175,0.021524465801373127,1.6569625766842884,0.74465,14893,0,20000,0.7385600747509387,0.7506459620068093,above,ff12,vw
rolling120,1938-02,1948-01,120,2.0859874024535148,0.02223953292743408,1.542201255199318,0.73695,14739,0,20000,0.7308029265961145,0.7430060675168975,above,ff12,vw
rolling120,1938-03,1948-02,120,1.731988111028632,0.022955100600483336,1.2981883619274708,0.7097,14194,0,20000,0.7033695770296461,0.7159498830484236,above,ff12,vw
rolling120,1938-04,1948-03,120,2.5299102178771533,0.023978158006824346,2.2684540057906455,0.611,12220,0,20000,0.6042226946438107,0.6177346733517339,above,ff12,vw
rolling120,1938-05,1948-04,120,2.2517979926983154,0.024694871046125222,1.9612781380091153,0.6367,12734,0,20000,0.6300088295792013,0.6433386677630598,above,ff12,vw
rolling120,1938-06,1948-05,120,2.3924854181444566,0.025514626942962026,2.308105596236519,0.55295,11059,0,20000,0.5460499328925829,0.5598297304890757,above,ff12,vw
rolling120,1938-07,1948-06,120,2.1891026971002803,0.026437590107210696,1.6696617766706532,0.7444,14888,0,20000,0.7383081807818623,0.7503979519939137,above,ff12,vw
rolling120,1938-08,1948-07,120,1.469034217573176,0.0273614763269292,1.363192962949236,0.5757,11514,0,20000,0.5688364655238501,0.5825344602172556,above,ff12,vw
rolling120,1938-09,1948-08,120,1.355809964908469,0.028286101655623508,1.4362839084740737,0.47055,9411,0,20000,0.46363882868515366,0.47747248223855093,below,ff12,vw
rolling120,1938-10,1948-09,120,1.334285035245983,0.02849171775273529,1.3444854072127796,0.505,10100,0,20000,0.49807053247349403,0.5119275471659449,not resolved,ff12,vw
rolling120,1938-11,1948-10,120,1.2163542108528627,0.028800234416394677,1.3051243220902946,0.46515,9303,0,20000,0.4582446864739059,0.4720686984392046,below,ff12,vw
rolling120,1938-12,1948-11,120,1.1262507593899262,0.02982965230154222,1.129071038834926,0.5106,10212,0,20000,0.5036706676146875,0.5175252612209232,above,ff12,vw
rolling120,1939-01,1948-12,120,1.0677507384966582,0.03024158416246281,1.1114923032992308,0.4658,9316,0,20000,0.45889393831372816,0.4727191969525094,below,ff12,vw
rolling120,1939-02,1949-01,120,1.2809703935604717,0.031374963242949416,1.2532016888961048,0.5235,10470,0,20000,0.5165742891003235,0.5304166852050394,above,ff12,vw
rolling120,1939-03,1949-02,120,1.182707784120892,0.03219998071179697,1.1147708277931372,0.5529,11058,0,20000,0.5459998687523581,0.5597798138329059,above,ff12,vw
rolling120,1939-04,1949-03,120,1.6670798149728299,0.033335514243933106,1.504017527451742,0.6101,12202,0,20000,0.6033200405087562,0.6168376731516896,above,ff12,vw
rolling120,1939-05,1949-04,120,1.627365633786373,0.034265516206752666,1.4638810012653787,0.6092,12184,0,20000,0.602417410555896,0.6159406487694506,above,ff12,vw
rolling120,1939-06,1949-05,120,1.4394477621011976,0.03519626209674964,1.2401434454492937,0.63235,12647,0,20000,0.6256428285625132,0.6390063394934359,above,ff12,vw
rolling120,1939-07,1949-06,120,1.520120015465194,0.03612784557428905,1.3707474993031186,0.60565,12113,0,20000,0.5988572720902152,0.6124021506911299,above,ff12,vw
rolling120,1939-08,1949-07,120,1.4375995293075765,0.03706036063530593,1.2720201265776487,0.6184,12368,0,20000,0.6116454383621052,0.6251090874998092,above,ff12,vw
rolling120,1939-09,1949-08,120,1.6592471219337819,0.03809752471234895,1.5001717564783301,0.60875,12175,0,20000,0.6019661046383833,0.6154921275194141,above,ff12,vw
rolling120,1939-10,1949-09,120,1.359280184936324,0.03892791969262066,1.2067384245802746,0.5819,11638,0,20000,0.5750489845121629,0.5887195599818471,above,ff12,vw
rolling120,1939-11,1949-10,120,1.5172256492569667,0.03986295482034419,1.2901538913182038,0.63385,12677,0,20000,0.6271482798843094,0.6405003120634715,above,ff12,vw
rolling120,1939-12,1949-11,120,1.8099516839001581,0.04069484518420041,1.421834768930065,0.7214,14428,0,20000,0.7151447860584331,0.7275701803759239,above,ff12,vw
rolling120,1940-01,1949-12,120,1.9405650159407433,0.041631470544866156,1.4759513527106844,0.7415,14830,0,20000,0.7353864007028295,0.7475208458820721,above,ff12,vw
rolling120,1940-02,1950-01,120,1.9991525648166153,0.042568938868356554,1.5825093574384725,0.71455,14291,0,20000,0.7082501274815274,0.7207674698467981,above,ff12,vw
rolling120,1940-03,1950-02,120,2.075512997663641,0.04350725091333807,1.5858189613074298,0.7406,14812,0,20000,0.7344797121219041,0.7466278801278984,above,ff12,vw
rolling120,1940-04,1950-03,120,2.132691037852352,0.04455075816425147,1.5683352270271542,0.77785,15557,0,20000,0.7720358652348853,0.7835574203287374,above,ff12,vw
rolling120,1940-05,1950-04,120,2.2920388947892687,0.04549085384659923,1.6659739938897906,0.789,15780,0,20000,0.7832900298397478,0.7945989733198238,above,ff12,vw
rolling120,1940-06,1950-05,120,3.361685454362057,0.046745693839213676,2.5699025960755573,0.78395,15679,0,20000,0.7781920881026745,0.7895988546210637,above,ff12,vw
rolling120,1940-07,1950-06,120,2.7380719124778152,0.0477924395330529,2.1499731033325795,0.75655,15131,0,20000,0.7505532941352803,0.7624481721643322,above,ff12,vw
rolling120,1940-08,1950-07,120,2.566143332802216,0.04873535843674226,2.0977686644229196,0.73575,14715,0,20000,0.7295942388370724,0.7418152161624743,above,ff12,vw
rolling120,1940-09,1950-08,120,2.7343576409532644,0.04988908270344927,2.181426604871131,0.75815,15163,0,20000,0.7521662944756221,0.764034557308611,above,ff12,vw
rolling120,1940-10,1950-09,120,2.747388257903377,0.05093897178615259,2.2600378883004115,0.72445,14489,0,20000,0.7182152485068422,0.7305985465075725,above,ff12,vw
rolling120,1940-11,1950-10,120,2.54584986689241,0.052200098552296126,2.161948812752209,0.6881,13762,0,20000,0.6816439267734276,0.6944838292622659,above,ff12,vw
rolling120,1940-12,1950-11,120,2.418747116227316,0.053357518660703596,2.3066236440423458,0.56985,11397,0,20000,0.5629756646440146,0.5766975079189475,above,ff12,vw
rolling120,1941-01,1950-12,120,2.6388395922670256,0.05451621193123035,2.470493462135218,0.59475,11895,0,20000,0.5879284723557683,0.6015351368116,above,ff12,vw
rolling120,1941-02,1951-01,120,2.9991538743952435,0.05599268227496834,2.833444557956061,0.60525,12105,0,20000,0.5984561532039263,0.6120034232062637,above,ff12,vw
rolling120,1941-03,1951-02,120,2.981435339456829,0.057154390396283006,2.94779446664509,0.54575,10915,0,20000,0.538841421038593,0.5526410076622734,above,ff12,vw
rolling120,1941-04,1951-03,120,2.6920857253893162,0.0582114390818107,2.8342733565482066,0.4602,9204,0,20000,0.4533007711202058,0.46711451494986017,below,ff12,vw
rolling120,1941-05,1951-04,120,2.765264823190643,0.05969308326094325,3.258546066899357,0.3341,6682,0,20000,0.3275954486719601,0.3406682688914554,below,ff12,vw
rolling120,1941-06,1951-05,120,2.626723073413691,0.060964714960856314,3.106890238730207,0.31065,6213,0,20000,0.30427346982725406,0.3170992542271927,below,ff12,vw
rolling120,1941-07,1951-06,120,2.4754085486818322,0.06223787261880931,2.783244159253595,0.36455,7291,0,20000,0.3579061940282506,0.3712458285393481,below,ff12,vw
rolling120,1941-08,1951-07,120,2.5824308540707377,0.06329979191563906,2.825399287751415,0.40025,8005,0,20000,0.3934795598647032,0.4070587513284897,below,ff12,vw
rolling120,1941-09,1951-08,120,2.6573817637053607,0.0645756240827211,3.0008833496294347,0.37895,7579,0,20000,0.3722504764172078,0.38569601551197513,below,ff12,vw
rolling120,1941-10,1951-09,120,2.637223832349133,0.06574654017760273,3.0690916908064114,0.3467,6934,0,20000,0.3401342240090116,0.35332465424579007,below,ff12,vw
rolling120,1941-11,1951-10,120,2.858176681977817,0.0674517346418868,3.1932174559154527,0.3883,7766,0,20000,0.38156767656399293,0.3950752242909408,below,ff12,vw
rolling120,1941-12,1951-11,120,3.1013981983471597,0.06862593154999286,3.306119996288902,0.42785,8557,0,20000,0.4210075051490297,0.4347202056538662,below,ff12,vw
rolling120,1942-01,1951-12,120,3.765891155775141,0.0698013025375992,3.682730091622906,0.5244,10488,0,20000,0.5174747142454261,0.5313159143950359,above,ff12,vw
rolling120,1942-02,1952-01,120,4.307082393314673,0.07119176613817779,3.7194264190942086,0.69355,13871,0,20000,0.6871240586808267,0.6999016041618551,above,ff12,vw
rolling120,1942-03,1952-02,120,4.419548205703713,0.0723699592616176,3.7160398496494453,0.72365,14473,0,20000,0.7174098465074196,0.7298042557646848,above,ff12,vw
rolling120,1942-04,1952-03,120,5.2314610482045785,0.07344222199460582,4.278470894774109,0.767,15340,0,20000,0.7610902637242241,0.772807189021816,above,ff12,vw
rolling120,1942-05,1952-04,120,5.017077414945215,0.07462289037196213,4.2514272860493145,0.7202,14404,0,20000,0.7139368334823016,0.7263785938385897,above,ff12,vw
rolling120,1942-06,1952-05,120,4.686318571038085,0.075697190972154,4.119633752877401,0.70305,14061,0,20000,0.696679102007977,0.7093429121496388,above,ff12,vw
rolling120,1942-07,1952-06,120,4.88133873429401,0.07709531769507327,4.183940739646746,0.73765,14753,0,20000,0.7315080214239423,0.7437007038385911,above,ff12,vw
rolling120,1942-08,1952-07,120,4.850079650470007,0.07838744443828438,4.059774494385746,0.76155,15231,0,20000,0.7555942961081513,0.7674052498309002,above,ff12,vw
rolling120,1942-09,1952-08,120,4.867333129580712,0.07968112126856108,3.9380378007665264,0.7909,15818,0,20000,0.7852084021500803,0.7964798712724781,above,ff12,vw
rolling120,1942-10,1952-09,120,4.686790984829523,0.08108428577685789,3.720119522759002,0.80265,16053,0,20000,0.7970762242998612,0.8081075362753785,above,ff12,vw
rolling120,1942-11,1952-10,120,4.243155448109846,0.08227312184039337,3.394548339953819,0.7959,15918,0,20000,0.7902576435702792,0.8014287094917182,above,ff12,vw
rolling120,1942-12,1952-11,120,4.583737394019698,0.08303048581648875,3.6534125093400753,0.80495,16099,0,20000,0.7994001595220304,0.8103827176873515,above,ff12,vw
rolling120,1943-01,1952-12,120,4.5248823620781335,0.08443800319283734,3.561379629056465,0.8228,16456,0,20000,0.8174462501493871,0.8280297713727918,above,ff12,vw
rolling120,1943-02,1953-01,120,4.173865399976178,0.0858473497930079,3.2489447048564424,0.8306,16612,0,20000,0.8253380320710395,0.835734993688664,above,ff12,vw
rolling120,1943-03,1953-02,120,3.883737487310337,0.0870414236556214,2.996064673453365,0.8355,16710,0,20000,0.83029771840958,0.8405734253967737,above,ff12,vw
rolling120,1943-04,1953-03,120,3.58287686846457,0.08867149676917085,2.7202661310275817,0.8425,16850,0,20000,0.837385830833808,0.8474826244677602,above,ff12,vw
rolling120,1943-05,1953-04,120,3.399614657825211,0.09008634526042347,2.5907725360265226,0.84085,16817,0,20000,0.8357147521303939,0.8458543368901595,above,ff12,vw
rolling120,1943-06,1953-05,120,3.2029486957093125,0.0917211478178026,2.4179727609638864,0.8475,16950,0,20000,0.8424509072610582,0.852415627679949,above,ff12,vw
rolling120,1943-07,1953-06,120,3.1067973219513263,0.0933582384123508,2.298503119048997,0.86135,17227,0,20000,0.856491145650577,0.8660700698916761,above,ff12,vw
rolling120,1943-08,1953-07,120,3.2802284117477214,0.0946698748075272,2.551301783291073,0.8372,16744,0,20000,0.8320188042782013,0.8422516866055618,above,ff12,vw
rolling120,1943-09,1953-08,120,2.859465788387787,0.09620195300879719,2.3508335488054817,0.7756,15512,0,20000,0.7697655830725877,0.7813285666532873,above,ff12,vw
rolling120,1943-10,1953-09,120,2.845109905463088,0.0976265881571643,2.2834439450708404,0.7963,15926,0,20000,0.7906616395411439,0.8018245598920086,above,ff12,vw
rolling120,1943-11,1953-10,120,2.994219268407365,0.09872388555610168,2.477701095947301,0.77935,15587,0,20000,0.7735495221190654,0.785043187336389,above,ff12,vw
rolling120,1943-12,1953-11,120,3.491316426265925,0.09927308273972457,2.803666278372967,0.81005,16201,0,20000,0.8045542895636786,0.815426628877931,above,ff12,vw
rolling120,1944-01,1953-12,120,3.3461425619825826,0.10037202613944429,2.580236633261773,0.8436,16872,0,20000,0.8384999915083402,0.8485680413139047,above,ff12,vw
rolling120,1944-02,1954-01,120,3.603394902801897,0.10125205975027263,2.702310143308136,0.86735,17347,0,20000,0.8625784462379517,0.8719804648716282,above,ff12,vw
rolling120,1944-03,1954-02,120,3.8662609231890963,0.10169242846355875,2.751723446017627,0.90085,18017,0,20000,0.8966307467230185,0.9049152979708025,above,ff12,vw
rolling120,1944-04,1954-03,120,4.193560198479732,0.10235331174398077,2.7978511933047288,0.9355,18710,0,20000,0.9320113129561673,0.9388214236389656,above,ff12,vw
rolling120,1944-05,1954-04,120,4.839099471639802,0.10301452536694033,3.030341168733795,0.96275,19255,0,20000,0.9600353443880916,0.9652869262419836,above,ff12,vw
rolling120,1944-06,1954-05,120,4.341418212244895,0.10323506211099054,2.955186866662458,0.9321,18642,0,20000,0.9285297918422724,0.935504250598042,above,ff12,vw
rolling120,1944-07,1954-06,120,4.423015069310838,0.1035659333682466,2.790293724599594,0.95635,19127,0,20000,0.9534296689441788,0.9590950597474146,above,ff12,vw
rolling120,1944-08,1954-07,120,4.6774238965868085,0.10378658036082244,3.040697744765448,0.94675,18935,0,20000,0.9435515321886151,0.9497768835952553,above,ff12,vw
rolling120,1944-09,1954-08,120,4.331481740788952,0.1040072714695619,2.885974698922967,0.9345,18690,0,20000,0.9309870645743198,0.9378460560929253,above,ff12,vw
rolling120,1944-10,1954-09,120,4.401122977434497,0.10477992202947872,3.1365198489434905,0.9086,18172,0,20000,0.9045272893454694,0.9125157787894818,above,ff12,vw
rolling120,1944-11,1954-10,120,4.336593431706487,0.10522170146446008,3.0626165598965907,0.9121,18242,0,20000,0.9080962622343426,0.915945461648216,above,ff12,vw
rolling120,1944-12,1954-11,120,4.423814727214483,0.10555316853477814,3.3712859722024744,0.869,17380,0,20000,0.8642530063281163,0.8736052710624785,above,ff12,vw
rolling120,1945-01,1954-12,120,4.3447575753192185,0.10621636779604682,3.4347170871171953,0.8417,16834,0,20000,0.8365755866512748,0.8466931759079833,above,ff12,vw
rolling120,1945-02,1955-01,120,4.408379276976012,0.10676931009725443,3.3756107049290396,0.8659,17318,0,20000,0.8611070626736718,0.8705524053404708,above,ff12,vw
rolling120,1945-03,1955-02,120,4.206065829948394,0.10754389369760253,3.246298539155137,0.85785,17157,0,20000,0.8529416262180098,0.8626209335766362,above,ff12,vw
rolling120,1945-04,1955-03,120,4.444593983450744,0.1084297516409718,3.415956081454124,0.8634,17268,0,20000,0.8585706251417373,0.8680898030526858,above,ff12,vw
rolling120,1945-05,1955-04,120,4.179582870562116,0.10920541976668297,3.226753474607068,0.85845,17169,0,20000,0.8535500436537259,0.8632122856976528,above,ff12,vw
rolling120,1945-06,1955-05,120,4.249097403632324,0.1104251798004161,3.1980961109686774,0.8779,17558,0,20000,0.8732898182360554,0.8823650409127407,above,ff12,vw
rolling120,1945-07,1955-06,120,5.054941698408421,0.11131334231175427,3.458987652970916,0.939,18780,0,20000,0.9355980553841331,0.942233336958607,above,ff12,vw
rolling120,1945-08,1955-07,120,5.321361707244756,0.11209102834556228,3.647170965936068,0.9371,18742,0,20000,0.9336505981734533,0.9403815239063,above,ff12,vw
rolling120,1945-09,1955-08,120,4.945460013428843,0.11353631309698597,3.3904284382180006,0.9375,18750,0,20000,0.9340605153591477,0.9407714530917608,above,ff12,vw
rolling120,1945-10,1955-09,120,5.376975918940913,0.11498347615509474,3.180542498566549,0.9774,19548,0,20000,0.9752466878315762,0.9793699561420552,above,ff12,vw
rolling120,1945-11,1955-10,120,4.686635373869826,0.11665544977724074,2.922678012271211,0.96475,19295,0,20000,0.9621036787925705,0.9672178236932802,above,ff12,vw
rolling120,1945-12,1955-11,120,4.551526070392673,0.11833009802225769,2.9892839090836327,0.95335,19067,0,20000,0.9503392188195184,0.9561866620884115,above,ff12,vw
rolling120,1946-01,1955-12,120,4.366363320563978,0.12000709007167609,3.007019314725677,0.93745,18749,0,20000,0.9340092735832087,0.9407227140713054,above,ff12,vw
rolling120,1946-02,1956-01,120,3.655794474090486,0.12213446533023475,2.6646486044809308,0.91525,18305,0,20000,0.9113099327250987,0.9190305813303062,above,ff12,vw
rolling120,1946-03,1956-02,120,4.070561334288834,0.12392934201175865,3.0451588853156633,0.9071,18142,0,20000,0.9029982774786074,0.9110453667645122,above,ff12,vw
rolling120,1946-04,1956-03,120,4.071471505054279,0.12527765272895763,3.0787698740710017,0.91435,18287,0,20000,0.910391582352487,0.9181492773678191,above,ff12,vw
rolling120,1946-05,1956-04,120,3.9021070648668346,0.12707755700204193,2.9305007600989206,0.92035,18407,0,20000,0.9165164270335234,0.9240221282541093,above,ff12,vw
rolling120,1946-06,1956-05,120,3.343351322549343,0.129331036072325,2.591775293036439,0.89345,17869,0,20000,0.8890981150874349,0.8976507717400164,above,ff12,vw
rolling120,1946-07,1956-06,120,3.7626079277742583,0.13125032304755546,2.8730949098095233,0.90735,18147,0,20000,0.903253090489623,0.9112904577354686,above,ff12,vw
rolling120,1946-08,1956-07,120,4.074143612209628,0.13339905404204733,3.18026865856368,0.9034,18068,0,20000,0.8992280622094091,0.9074170031005255,above,ff12,vw
rolling120,1946-09,1956-08,120,4.2536482625770455,0.13498533683286906,3.332611462087269,0.90085,18017,0,20000,0.8966307467230185,0.9049152979708025,above,ff12,vw
rolling120,1946-10,1956-09,120,4.448901961784631,0.13668730424789377,3.582875830348071,0.8851,17702,0,20000,0.8806061883229183,0.88944590550667,above,ff12,vw
rolling120,1946-11,1956-10,120,4.685536051407826,0.1391872663286149,3.684211354337914,0.9007,18014,0,20000,0.8964779900085611,0.9047681122960765,above,ff12,vw
rolling120,1946-12,1956-11,120,4.397512141662103,0.14112330387011118,3.7095035664301284,0.8595,17190,0,20000,0.8546148450753708,0.86424708100029,above,ff12,vw
rolling120,1947-01,1956-12,120,4.239975653379725,0.1435189441161644,3.637739702560717,0.8546,17092,0,20000,0.849646536614506,0.8594172714145046,above,ff12,vw
rolling120,1947-02,1957-01,120,4.3063885260461365,0.14626256649532943,3.4280156915246973,0.89485,17897,0,20000,0.890522693665827,0.8990256554606673,above,ff12,vw
rolling120,1947-03,1957-02,120,4.246255033683572,0.14866899595613137,3.3935546840204127,0.88555,17711,0,20000,0.8810636406895395,0.8898882803075981,above,ff12,vw
rolling120,1947-04,1957-03,120,4.47379045241065,0.15096564495334452,3.5726919924385294,0.8794,17588,0,20000,0.874813626793262,0.8838406562473657,above,ff12,vw
rolling120,1947-05,1957-04,120,5.016490068782888,0.15349700996273907,4.018292976265365,0.88285,17657,0,20000,0.8783192485831751,0.8872337094086656,above,ff12,vw
rolling120,1947-06,1957-05,120,5.147895468101079,0.15614925741141872,4.253834132413886,0.86585,17317,0,20000,0.8610563286055901,0.8705031586121581,above,ff12,vw
rolling120,1947-07,1957-06,120,4.983601704083903,0.15857644269639715,3.9625363888147485,0.88535,17707,0,20000,0.8808603258505757,0.8896916719609843,above,ff12,vw
rolling120,1947-08,1957-07,120,4.8344148691438065,0.16170366092620858,3.8100775135823444,0.887,17740,0,20000,0.8825378022510257,0.8913135618415493,above,ff12,vw
rolling120,1947-09,1957-08,120,4.794404040460834,0.16425864248577837,3.655434671554466,0.89785,17957,0,20000,0.8935761591672137,0.9019710377429438,above,ff12,vw
rolling120,1947-10,1957-09,120,4.780691591347695,0.16658576349814247,3.4098455233866503,0.9213,18426,0,20000,0.9174867539336058,0.9249514364855205,above,ff12,vw
rolling120,1947-11,1957-10,120,4.347111892747671,0.16926730183118832,3.127697989655874,0.9086,18172,0,20000,0.9045272893454694,0.9125157787894818,above,ff12,vw
rolling120,1947-12,1957-11,120,4.488807383381828,0.17183814738788294,3.3179416412643645,0.89065,17813,0,20000,0.8862496471032892,0.8949003151260764,above,ff12,vw
rolling120,1948-01,1957-12,120,4.309030136982793,0.17371158966987799,3.035216778731293,0.9014,18028,0,20000,0.8971908796862396,0.9054549537679195,above,ff12,vw
rolling120,1948-02,1958-01,120,4.711637802118571,0.17617465985905212,3.404153282632355,0.8901,17802,0,20000,0.8856902325089078,0.8943599409601193,above,ff12,vw
rolling120,1948-03,1958-02,120,5.016345600838085,0.1767623358158119,3.537626420051456,0.8974,17948,0,20000,0.8931180688782249,0.9015293008643831,above,ff12,vw
rolling120,1948-04,1958-03,120,4.561387388856576,0.1767623358158119,3.3346494156794684,0.8702,17404,0,20000,0.8654710221473344,0.8747867943567257,above,ff12,vw
rolling120,1948-05,1958-04,120,4.590001458520625,0.1767623358158119,3.3112482427036607,0.87275,17455,0,20000,0.8680597438366272,0.8772970932835468,above,ff12,vw
rolling120,1948-06,1958-05,120,4.344483958080417,0.1771150823193539,3.1117426210440966,0.87745,17549,0,20000,0.8728327191174353,0.8819223128638113,above,ff12,vw
rolling120,1948-07,1958-06,120,4.3475825090272195,0.17640944834054317,3.2342970620394107,0.8535,17070,0,20000,0.8485314658367008,0.8583327646716333,above,ff12,vw
rolling120,1948-08,1958-07,120,5.155308287701657,0.17629190143323492,3.6559439063224923,0.8915,17830,0,20000,0.8871142647900069,0.895735370978063,above,ff12,vw
rolling120,1948-09,1958-08,120,5.086523691527775,0.1757042843379042,3.730658046551529,0.86775,17355,0,20000,0.8629843778715044,0.8723743796092306,above,ff12,vw
rolling120,1948-10,1958-09,120,5.429984936223591,0.1774671356238966,4.1108654938787,0.8483,16966,0,20000,0.8432614904816204,0.8532047372016972,above,ff12,vw
rolling120,1948-11,1958-10,120,5.504389865265046,0.17911493049582128,3.9522358007196337,0.8823,17646,0,20000,0.8777602995323195,0.8866928696991829,above,ff12,vw
rolling120,1948-12,1958-11,120,6.878187007211164,0.17993998092699592,4.630369964390392,0.92635,18527,0,20000,0.9226475600741418,0.9298886907808178,above,ff12,vw
rolling120,1949-01,1958-12,120,7.152509079279454,0.18206302367556515,4.743740434147719,0.9328,18656,0,20000,0.9292463642591186,0.9361874093307171,above,ff12,vw
rolling120,1949-02,1959-01,120,6.9662780332844925,0.18336199403125253,4.777517039910174,0.9201,18402,0,20000,0.9162611041145868,0.9237775471910742,above,ff12,vw
rolling120,1949-03,1959-02,120,7.431855400930775,0.1845442919571505,5.014183546897027,0.9259,18518,0,20000,0.9221874918651548,0.9294489318222551,above,ff12,vw
rolling120,1949-04,1959-03,120,6.950720144877661,0.18596432507438188,4.803412832099387,0.91365,18273,0,20000,0.9096773983871231,0.9174637301836615,above,ff12,vw
rolling120,1949-05,1959-04,120,7.217000932183881,0.18726771278302579,5.1366570631423585,0.89525,17905,0,20000,0.8909297591194465,0.8994184363782027,above,ff12,vw
rolling120,1949-06,1959-05,120,7.294132254065412,0.18869101074040806,5.441847071533809,0.87025,17405,0,20000,0.8655217756461893,0.8748360216542652,above,ff12,vw
rolling120,1949-07,1959-06,120,7.209804958146286,0.1903535156505345,5.4289890933471145,0.86,17200,0,20000,0.8551219252938144,0.8647398087457902,above,ff12,vw
rolling120,1949-08,1959-07,120,7.177015702893133,0.1922563687078238,5.295089860123941,0.87685,17537,0,20000,0.8722232845404899,0.881331977884024,above,ff12,vw
rolling120,1949-09,1959-08,120,7.254354964713595,0.1934475530106592,5.057828487328074,0.9049,18098,0,20000,0.900756300820422,0.9088881883813444,above,ff12,vw
rolling120,1949-10,1959-09,120,6.684173975822141,0.19607077672593887,4.606925959874307,0.90755,18151,0,20000,0.9034569472881107,0.9114865241225585,above,ff12,vw
rolling120,1949-11,1959-10,120,6.279433352899144,0.1985802668159824,4.517306393529324,0.8803,17606,0,20000,0.8757280199669771,0.8847259174087495,above,ff12,vw
rolling120,1949-12,1959-11,120,5.98048186665872,0.20073598672032755,4.515681904454774,0.85065,17013,0,20000,0.8456428575057313,0.8555224676081226,above,ff12,vw
rolling120,1950-01,1959-12,120,5.691051969333967,0.2037351274604624,4.388312266254401,0.8432,16864,0,20000,0.8380948320955692,0.8481733543555203,above,ff12,vw
rolling120,1950-02,1960-01,120,4.936362785789769,0.20662149403644903,3.9415360060403613,0.80335,16067,0,20000,0.7977834779927251,0.8088000137320361,above,ff12,vw
rolling120,1950-03,1960-02,120,5.215086804135227,0.2090325670588018,3.935697822317561,0.8481,16962,0,20000,0.8430588401879284,0.8530074643098113,above,ff12,vw
rolling120,1950-04,1960-03,120,5.0122186882687165,0.21205212891459313,3.807143735390585,0.83785,16757,0,20000,0.8326769189483885,0.8428933222885016,above,ff12,vw
rolling120,1950-05,1960-04,120,4.668499658925102,0.2132630911774711,3.5506826402121012,0.8276,16552,0,20000,0.8223022705291835,0.8327719074468568,above,ff12,vw
rolling120,1950-06,1960-05,120,4.49666245668833,0.21532357794570456,3.505794657838817,0.79735,15947,0,20000,0.7917221693685612,0.8028636267888734,above,ff12,vw
rolling120,1950-07,1960-06,120,4.887638447331433,0.2170233312015728,3.897311550776161,0.78195,15639,0,20000,0.7761734533796676,0.7876182574882951,above,ff12,vw
rolling120,1950-08,1960-07,120,4.81803745828506,0.21738807345867617,3.718253446377034,0.78775,15755,0,20000,0.7820280432857466,0.7933614399639651,above,ff12,vw
rolling120,1950-09,1960-08,120,4.828074325665653,0.2182393937897662,3.637787805475596,0.80425,16085,0,20000,0.7986928438955536,0.8096903021643067,above,ff12,vw
rolling120,1950-10,1960-09,120,4.376599814974659,0.21896960721261705,3.162162597822933,0.8367,16734,0,20000,0.8315125820175274,0.8417581009022918,above,ff12,vw
rolling120,1950-11,1960-10,120,4.599098658359985,0.22018711580951345,3.144669269582308,0.87385,17477,0,20000,0.8691766342246253,0.8783797804162253,above,ff12,vw
rolling120,1950-12,1960-11,120,4.961800311924187,0.22043088508647068,3.2240567120818424,0.9016,18032,0,20000,0.8973945741839252,0.9056511824558114,above,ff12,vw
rolling120,1951-01,1960-12,120,4.823024180516399,0.22104043002957652,3.192480209408256,0.8863,17726,0,20000,0.88182610964347,0.8906255232995836,above,ff12,vw
rolling120,1951-02,1961-01,120,4.841432625159595,0.22177210311258633,3.214664740422794,0.8803,17606,0,20000,0.8757280199669771,0.8847259174087495,above,ff12,vw
rolling120,1951-03,1961-02,120,4.952506695507527,0.2222603237332108,3.306432317529537,0.8785,17570,0,20000,0.8738993148219786,0.8829553138835501,above,ff12,vw
rolling120,1951-04,1961-03,120,5.649780892143735,0.2233591493164293,3.5324155958562535,0.92,18400,0,20000,0.9161589779884984,0.9236797117243738,above,ff12,vw
rolling120,1951-05,1961-04,120,5.530185142198005,0.22384785765531534,3.3368556125318527,0.9315,18630,0,20000,0.9279156717442408,0.9349186011393408,above,ff12,vw
rolling120,1951-06,1961-05,120,5.685129970323408,0.22458128625558826,3.550681758730744,0.9187,18374,0,20000,0.9148314950318682,0.9224076939747498,above,ff12,vw
rolling120,1951-07,1961-06,120,5.668554719975484,0.2255597770955846,3.5334107334898954,0.91945,18389,0,20000,0.9155973152026999,0.9231415857498337,above,ff12,vw
rolling120,1951-08,1961-07,120,4.968379774709014,0.22617176140453088,3.3611004824130957,0.8667,17334,0,20000,0.8619188375870183,0.8713403231694347,above,ff12,vw
rolling120,1951-09,1961-08,120,5.289898457915924,0.22629421938529637,3.2896823458020394,0.9077,18154,0,20000,0.9036098436251415,0.9116335701747106,above,ff12,vw
rolling120,1951-10,1961-09,120,5.331729705217661,0.22690663160033098,3.1705481406022207,0.9251,18502,0,20000,0.9213696889175232,0.9286670420275766,above,ff12,vw
rolling120,1951-11,1961-10,120,5.5217918713511285,0.22727411561538702,3.3901181236268583,0.9064,18128,0,20000,0.9022848479991018,0.9103590650944963,above,ff12,vw
rolling120,1951-12,1961-11,120,5.72060360159914,0.22776448585437037,3.5605954487175433,0.90175,18035,0,20000,0.8975473484954483,0.9057983505334718,above,ff12,vw
rolling120,1952-01,1961-12,120,5.693924210849185,0.2286228909084036,3.4093838258166143,0.9232,18464,0,20000,0.9194278904476526,0.9268095702344604,above,ff12,vw
rolling120,1952-02,1962-01,120,5.522619154173762,0.22972699535355323,3.18240471746011,0.93395,18679,0,20000,0.9304238256884146,0.9373095062184921,above,ff12,vw
rolling120,1952-03,1962-02,120,5.442843762012436,0.23070959782686828,3.376765543989597,0.9047,18094,0,20000,0.9005525179862763,0.9086920480299125,above,ff12,vw
rolling120,1952-04,1962-03,120,5.095654336807763,0.23181601940118068,3.1661951883103256,0.89795,17959,0,20000,0.8936779604317151,0.9020691980712312,above,ff12,vw
rolling120,1952-05,1962-04,120,5.365648123222575,0.2330463590130476,3.0996411506200285,0.939,18780,0,20000,0.9355980553841331,0.942233336958607,above,ff12,vw
rolling120,1952-06,1962-05,120,4.479439250765474,0.2344009490409258,2.633457239657237,0.9241,18482,0,20000,0.9203476058192784,0.9276895091979337,above,ff12,vw
rolling120,1952-07,1962-06,120,3.8901066871677035,0.2350172251013556,2.2040391275754274,0.9297,18594,0,20000,0.9260737715549738,0.9331611926584098,above,ff12,vw
rolling120,1952-08,1962-07,120,4.075917192597389,0.23649702607002432,2.3777788309112022,0.9185,18370,0,20000,0.9146272924790798,0.9222119733419606,above,ff12,vw
rolling120,1952-09,1962-08,120,4.166967265744352,0.23748474211681003,2.4790646119145756,0.91515,18303,0,20000,0.9112078874195707,0.9189326650430457,above,ff12,vw
rolling120,1952-10,1962-09,120,4.093019538296689,0.23810249608152478,2.3680834435972846,0.92765,18553,0,20000,0.923976868123961,0.9311588834372527,above,ff12,vw
rolling120,1952-11,1962-10,120,4.200625691587389,0.23958614197257533,2.392798973490992,0.931,18620,0,20000,0.927403964084956,0.9344305008346819,above,ff12,vw
rolling120,1952-12,1962-11,120,4.547532020429597,0.24082448976675375,2.5537058077042643,0.93705,18741,0,20000,0.9335993612527719,0.9403327800305871,above,ff12,vw
rolling120,1953-01,1962-12,120,4.419669089879311,0.24169167940616743,2.489932835114751,0.93155,18631,0,20000,0.9279668454536351,0.934967408226341,above,ff12,vw
rolling120,1953-02,1963-01,120,4.747111963434845,0.24280741673790196,2.677680173569633,0.93495,18699,0,20000,0.9314479477723189,0.9382850000624755,above,ff12,vw
rolling120,1953-03,1963-02,120,4.666265028618788,0.24392437966486846,2.6025578389938637,0.93815,18763,0,20000,0.9347267142029487,0.9414050046010869,above,ff12,vw
rolling120,1953-04,1963-03,120,5.176084701422759,0.24454522433429582,2.769295628382176,0.9567,19134,0,20000,0.9537904526050448,0.9594341416613091,above,ff12,vw
rolling120,1953-05,1963-04,120,5.533527072247065,0.24566352575392525,3.057036987869277,0.94995,18999,0,20000,0.9468407106610043,0.9528864760921071,above,ff12,vw
rolling120,1953-06,1963-05,120,5.512015908585069,0.246534010398058,3.1102281760296604,0.9393,18786,0,20000,0.935905630927683,0.9425256461934235,above,ff12,vw
rolling120,1953-07,1963-06,120,5.442108775326564,0.24715615753840448,3.1077191345141273,0.93385,18677,0,20000,0.9303214259825902,0.9372119443315278,above,ff12,vw
rolling120,1953-08,1963-07,120,5.237242823584954,0.24865050340864503,3.00077023067061,0.92985,18597,0,20000,0.9262272372711087,0.9333076693314581,above,ff12,vw
rolling120,1953-09,1963-08,120,6.104563571071489,0.249647728528668,3.407500558482745,0.94955,18991,0,20000,0.9464293825948006,0.9524979577871556,above,ff12,vw
rolling120,1953-10,1963-09,120,5.696215203113459,0.25102014516343374,3.334166634674175,0.9296,18592,0,20000,0.9259714636675552,0.9330635389530396,above,ff12,vw
rolling120,1953-11,1963-10,120,5.6295543070549,0.25301917865216006,3.255536666127618,0.92955,18591,0,20000,0.9259203104993177,0.9330147113248828,above,ff12,vw
rolling120,1953-12,1963-11,120,5.101764546687421,0.25539801202490087,3.1104051688665626,0.9038,18076,0,20000,0.8996355627009005,0.9078093489801895,above,ff12,vw
rolling120,1954-01,1963-12,120,5.06051591469868,0.25740404100646463,3.191258870141322,0.88555,17711,0,20000,0.8810636406895395,0.8898882803075981,above,ff12,vw
rolling120,1954-02,1964-01,120,4.84267091692237,0.25979048359752666,3.0837294236439687,0.8777,17554,0,20000,0.873086660611364,0.8821682753518546,above,ff12,vw
rolling120,1954-03,1964-02,120,4.666529530268599,0.2621824111670634,3.0865391450874036,0.84955,16991,0,20000,0.8445281229904535,0.8544376246027237,above,ff12,vw
rolling120,1954-04,1964-03,120,4.35814344497547,0.26508311015355845,3.006967050687205,0.8147,16294,0,20000,0.8092549431346431,0.8200241893716446,above,ff12,vw
rolling120,1954-05,1964-04,120,3.9336297579589257,0.2676110012718589,2.854536433676586,0.7639,15278,0,20000,0.7579639521182399,0.7697346912513482,above,ff12,vw
rolling120,1954-06,1964-05,120,4.188455682261036,0.2702716540481418,2.7992314029267913,0.8263,16526,0,20000,0.8209869541691193,0.831487723100667,above,ff12,vw
rolling120,1954-07,1964-06,120,3.8537467653767328,0.27331847792353203,2.8153839588221694,0.7601,15202,0,20000,0.7541322913980593,0.765967811445555,above,ff12,vw
rolling120,1954-08,1964-07,120,3.9346994392491856,0.2765001832656697,2.7060616768987544,0.8165,16330,0,20000,0.8110748917073928,0.8218035494690931,above,ff12,vw
rolling120,1954-09,1964-08,120,4.123650985613898,0.2794346664455909,2.749305385308833,0.8436,16872,0,20000,0.8384999915083402,0.8485680413139047,above,ff12,vw
rolling120,1954-10,1964-09,120,4.197662037175356,0.2818634064458374,2.625373044654433,0.8787,17574,0,20000,0.8741024882825529,0.8831520636085536,above,ff12,vw
rolling120,1954-11,1964-10,120,4.241133011488691,0.28468153325125445,2.7171126674307486,0.86505,17301,0,20000,0.8602446131857576,0.8697151812896803,above,ff12,vw
rolling120,1954-12,1964-11,120,4.178923717583783,0.28763452898029485,2.40506127971093,0.91765,18353,0,20000,0.913759506776316,0.9213800855060197,above,ff12,vw
rolling120,1955-01,1964-12,120,3.795423865703908,0.29059372104329917,2.2366950783270982,0.8994,17988,0,20000,0.8951542198464192,0.9034923817519643,above,ff12,vw
rolling120,1955-02,1965-01,120,4.1035521291190475,0.29317284518607156,2.337640872386962,0.9156,18312,0,20000,0.9116671039296874,0.9193732757004783,above,ff12,vw
rolling120,1955-03,1965-02,120,4.027951222242906,0.295886066261994,2.260924657979464,0.9154,18308,0,20000,0.9114630036885575,0.9191774527560307,above,ff12,vw
rolling120,1955-04,1965-03,120,3.9377481127944005,0.2992520040964406,2.230582887775153,0.9128,18256,0,20000,0.9088102778265303,0.9166311772055495,above,ff12,vw
rolling120,1955-05,1965-04,120,3.9594297100823486,0.3019777076015382,2.237156111362333,0.9124,18248,0,20000,0.9084022597201581,0.9162393489407669,above,ff12,vw
rolling120,1955-06,1965-05,120,3.6872658845290482,0.30418797532964126,2.1875163015818457,0.8879,17758,0,20000,0.8834529142233586,0.8921981042043156,above,ff12,vw
rolling120,1955-07,1965-06,120,2.934232476963518,0.3074451880552398,1.8345433290391209,0.8295,16590,0,20000,0.824224851592013,0.8346485966470141,above,ff12,vw
rolling120,1955-08,1965-07,120,2.990304201159273,0.3101880800581529,1.8278731613857286,0.8498,16996,0,20000,0.8447814636624047,0.8546841879127445,above,ff12,vw
rolling120,1955-09,1965-08,120,3.234251108639487,0.31241184177550396,1.90337326172956,0.8717,17434,0,20000,0.8669937268141892,0.8762635135817027,above,ff12,vw
rolling120,1955-10,1965-09,120,2.964012758422318,0.3143773147813578,2.0017137930918802,0.7705,15410,0,20000,0.7646205002013222,0.776275608292325,above,ff12,vw
rolling120,1955-11,1965-10,120,3.3826818947000348,0.316082935173867,2.1679455076103515,0.82805,16561,0,20000,0.82275759759805,0.8332164075455396,above,ff12,vw
rolling120,1955-12,1965-11,120,2.9767019286029277,0.3184478640780428,1.9643530764244987,0.78275,15655,0,20000,0.7769808835470949,0.7884105200631778,above,ff12,vw
rolling120,1956-01,1965-12,120,3.311237366566294,0.32042198246107034,1.9547313933791552,0.86805,17361,0,20000,0.86328883594569,0.8726698063134114,above,ff12,vw
rolling120,1956-02,1966-01,120,3.9553869495709053,0.3225300199505312,2.073601644928826,0.9352,18704,0,20000,0.931704014153723,0.9385288376630436,above,ff12,vw
rolling120,1956-03,1966-02,120,3.9420813459472033,0.3246420551156384,1.930815303243664,0.95115,19023,0,20000,0.9480750176787126,0.9540517081878642,above,ff12,vw
rolling120,1956-04,1966-03,120,3.3500427066041025,0.32768416867206973,1.6860089308779602,0.9312,18624,0,20000,0.9276086407416954,0.9346257473635201,above,ff12,vw
rolling120,1956-05,1966-04,120,3.3563398153281945,0.32967191820097286,1.7394778057834643,0.9196,18392,0,20000,0.915750490789891,0.9232883525518258,above,ff12,vw
rolling120,1956-06,1966-05,120,3.3744931706864385,0.3320598354440756,1.7316927409738483,0.92705,18541,0,20000,0.9233633000295379,0.9305726819749432,above,ff12,vw
rolling120,1956-07,1966-06,120,3.221217010362193,0.3344527573041547,1.6070577774857968,0.9302,18604,0,20000,0.926585342143911,0.9336494300334166,above,ff12,vw
rolling120,1956-08,1966-07,120,3.023053185627443,0.3361837377317094,1.4497310469579086,0.9336,18672,0,20000,0.9300654365689871,0.9369680297631588,above,ff12,vw
rolling120,1956-09,1966-08,120,2.987121876668675,0.3393851363246574,1.3358076914023282,0.95395,19079,0,20000,0.9509570331401349,0.9567686173245276,above,ff12,vw
rolling120,1956-10,1966-09,120,3.013355596881598,0.3423264891894151,1.4414892262616505,0.9407,18814,0,20000,0.937341288534837,0.9438894508853123,above,ff12,vw
rolling120,1956-11,1966-10,120,3.3972981921181757,0.34500444727258617,1.5272575289406856,0.96105,19221,0,20000,0.9582788688102796,0.9636440547423862,above,ff12,vw
rolling120,1956-12,1966-11,120,3.5030046661179073,0.34768908688790057,1.558172762760647,0.9582,19164,0,20000,0.955337244860521,0.9608867732976648,above,ff12,vw
rolling120,1957-01,1966-12,120,3.4740255754801295,0.3498402266913929,1.4871673872372133,0.96495,19299,0,20000,0.962310630643086,0.9674107950283422,above,ff12,vw
rolling120,1957-02,1967-01,120,4.085307751520903,0.3519941554464605,1.7927263175410193,0.97035,19407,0,20000,0.9679073994330467,0.9726119522489758,above,ff12,vw
rolling120,1957-03,1967-02,120,4.03918366048249,0.35361266401243796,1.876931980166276,0.96195,19239,0,20000,0.9592085900721407,0.9645139878156243,above,ff12,vw
rolling120,1957-04,1967-03,120,4.23227294770941,0.3557734744109413,1.933706136085931,0.96845,19369,0,20000,0.9659360611151918,0.9707840203038437,above,ff12,vw
rolling120,1957-05,1967-04,120,4.3484023102972875,0.3567201491561658,1.9252848190748715,0.97335,19467,0,20000,0.9710253505468551,0.9754928489188306,above,ff12,vw
rolling120,1957-06,1967-05,120,3.8834791705376652,0.3576673904332546,1.7078345109851365,0.9684,19368,0,20000,0.9658842162701679,0.9707358843524735,above,ff12,vw
rolling120,1957-07,1967-06,120,3.9528507404118285,0.35807371547029554,1.794929399266898,0.9637,19274,0,20000,0.9610175392548329,0.9662043665067356,above,ff12,vw
rolling120,1957-08,1967-07,120,4.087808466184723,0.3583445178063813,1.9040025156804443,0.95915,19183,0,20000,0.956317379060206,0.9618062742294731,above,ff12,vw
rolling120,1957-09,1967-08,120,4.175899965959953,0.3591574920813776,2.034656681213004,0.95225,19045,0,20000,0.9492069023643002,0.9551194010229533,above,ff12,vw
rolling120,1957-10,1967-09,120,4.500461349964041,0.35997087178938547,2.329205409685466,0.9449,18898,0,20000,0.9416514218784348,0.9479777044388432,above,ff12,vw
rolling120,1957-11,1967-10,120,4.444351720288128,0.36132691014992946,2.375690094993151,0.9369,18738,0,20000,0.9334456541112852,0.9401865447828905,above,ff12,vw
rolling120,1957-12,1967-11,120,4.441133067187158,0.3624129308201727,2.3144874087987146,0.9466,18932,0,20000,0.9433974308958982,0.9496310424987892,above,ff12,vw
rolling120,1958-01,1967-12,120,4.581644642575731,0.36363616669181886,2.556692010811823,0.93385,18677,0,20000,0.9303214259825902,0.9372119443315278,above,ff12,vw
rolling120,1958-02,1968-01,120,4.108614410792028,0.36526796106759685,2.2665434964446334,0.9301,18602,0,20000,0.92648302385884,0.9335517867256988,above,ff12,vw
rolling120,1958-03,1968-02,120,3.8942634260367113,0.36894976639608523,2.2022662433449023,0.9227,18454,0,20000,0.9189170017858254,0.9263206509323437,above,ff12,vw
rolling120,1958-04,1968-03,120,3.8405593500382675,0.3729161509725152,2.1164469951438063,0.93235,18647,0,20000,0.9287856982562492,0.9357482481660371,above,ff12,vw
rolling120,1958-05,1968-04,120,4.246354744652254,0.37771751640857,2.306146395449158,0.9419,18838,0,20000,0.938572261320851,0.9450580172127635,above,ff12,vw
rolling120,1958-06,1968-05,120,4.349275150230508,0.3823966089625499,2.315829534359972,0.9489,18978,0,20000,0.9457610868239016,0.9518665032049275,above,ff12,vw
rolling120,1958-07,1968-06,120,4.060502112183301,0.38792453701998286,2.256894335759751,0.92605,18521,0,20000,0.9223408435852463,0.929595522491347,above,ff12,vw
rolling120,1958-08,1968-07,120,3.7346292693171375,0.3936110470647334,2.0489344925708037,0.9251,18502,0,20000,0.9213696889175232,0.9286670420275766,above,ff12,vw
rolling120,1958-09,1968-08,120,3.9647552644054604,0.3989046516017647,2.0438499441723628,0.95055,19011,0,20000,0.9474578030633716,0.9534691532464725,above,ff12,vw
rolling120,1958-10,1968-09,120,4.1781361121071345,0.402255655857523,2.0331086520470047,0.96395,19279,0,20000,0.9612760901345323,0.9664457196090082,above,ff12,vw
rolling120,1958-11,1968-10,120,4.206993538621614,0.4058949697976604,1.9787719767498917,0.96935,19387,0,20000,0.9668695486667368,0.9716501870873978,above,ff12,vw
rolling120,1958-12,1968-11,120,4.129399503105314,0.41024845536990373,2.0576320184152066,0.9589,19178,0,20000,0.9560594105294369,0.9615643387782702,above,ff12,vw
rolling120,1959-01,1968-12,120,3.6076825476226597,0.4132034760806169,1.799976179323092,0.95635,19127,0,20000,0.9534296689441788,0.9590950597474146,above,ff12,vw
rolling120,1959-02,1969-01,120,3.713508538668231,0.41771625037805027,1.754475179183479,0.9673,19346,0,20000,0.9647440316773855,0.9696764914245791,above,ff12,vw
rolling120,1959-03,1969-02,120,3.2604075843503244,0.42153682516198154,1.5763629815182623,0.9607,19214,0,20000,0.9579174157106337,0.9633056422672716,above,ff12,vw
rolling120,1959-04,1969-03,120,3.227430967543434,0.4249410243042573,1.6435278672056044,0.95,19000,0,20000,0.9468921304110626,0.9529350371384432,above,ff12,vw
rolling120,1959-05,1969-04,120,3.026586574954856,0.4296339438453789,1.5959311301396069,0.9366,18732,0,20000,0.9331382560607918,0.9398940580550176,above,ff12,vw
rolling120,1959-06,1969-05,120,3.0017587390029465,0.43334283254423944,1.5562091824886228,0.94055,18811,0,20000,0.9371874437516979,0.9437433532792682,above,ff12,vw
rolling120,1959-07,1969-06,120,2.66437869276747,0.4372035923685307,1.3854544090983825,0.9332,18664,0,20000,0.9296558826255599,0.9365777373354311,above,ff12,vw
rolling120,1959-08,1969-07,120,2.3411129001269204,0.4412177270903579,1.1571260841435924,0.93415,18683,0,20000,0.9306286318811426,0.9375046232113416,above,ff12,vw
rolling120,1959-09,1969-08,120,2.564484199813329,0.4456770293700065,1.2964081853159048,0.9321,18642,0,20000,0.9285297918422724,0.935504250598042,above,ff12,vw
rolling120,1959-10,1969-09,120,2.739071181028675,0.4501447781398671,1.3481074271842735,0.9436,18872,0,20000,0.940316808520121,0.9467128170909029,above,ff12,vw
rolling120,1959-11,1969-10,120,3.1268379310158503,0.45448220020808217,1.4424200704497965,0.9622,19244,0,20000,0.9594669163908699,0.964755565478867,above,ff12,vw
rolling120,1959-12,1969-11,120,3.1916004985269835,0.45825404712663476,1.3191720912419442,0.97885,19577,0,20000,0.976762018351966,0.9807540687171027,above,ff12,vw
rolling120,1960-01,1969-12,120,3.2117912523734535,0.46261398547762145,1.2111095006091732,0.98715,19743,0,20000,0.9854928942259493,0.9886200050445879,above,ff12,vw
rolling120,1960-02,1970-01,120,3.328293555216269,0.4665500542115888,1.1909762057455655,0.9931,19862,0,20000,0.9918542758696303,0.9941563381718392,above,ff12,vw
rolling120,1960-03,1970-02,120,3.217659863715401,0.4713756750899398,1.2840575999965593,0.9839,19678,0,20000,0.9820604661477883,0.9855536813571135,above,ff12,vw
rolling120,1960-04,1970-03,120,3.333027618797562,0.4746014114977106,1.302335613610794,0.98665,19733,0,20000,0.9849633758827118,0.9881497154238815,above,ff12,vw
rolling120,1960-05,1970-04,120,2.994092461955794,0.47916400694200934,1.0926285618836529,0.9887,19774,0,20000,0.9871384007058506,0.9900739032529129,above,ff12,vw
rolling120,1960-06,1970-05,120,2.6589319737138584,0.4829994775893107,0.895084749484151,0.9904,19808,0,20000,0.9889513082872186,0.9916603427489539,above,ff12,vw
rolling120,1960-07,1970-06,120,2.57537463296799,0.48802960351090263,0.7554352282653223,0.9947,19894,0,20000,0.9935943455939249,0.9956156539321652,above,ff12,vw
rolling120,1960-08,1970-07,120,3.193896219842615,0.4938253844493752,0.9292549194438029,0.9974,19948,0,20000,0.9965923580946505,0.9980166044367365,above,ff12,vw
rolling120,1960-09,1970-08,120,3.276955588146045,0.49919402913742306,0.9640364853075762,0.99765,19953,0,20000,0.9968766742912981,0.998232192222061,above,ff12,vw
rolling120,1960-10,1970-09,120,3.621315220360926,0.5048818659093102,1.1843022593607628,0.9966,19932,0,20000,0.9956923559047284,0.9973169138843485,above,ff12,vw
rolling120,1960-11,1970-10,120,3.435867011459509,0.5084856540535752,1.1553274931829294,0.9951,19902,0,20000,0.9940326032815869,0.9959772426156581,above,ff12,vw
rolling120,1960-12,1970-11,120,3.4663290056382134,0.513457193710398,1.1606736594510805,0.99535,19907,0,20000,0.994307318008138,0.996202431871079,above,ff12,vw
rolling120,1961-01,1970-12,120,3.506084805554403,0.5173858964895983,1.1868349288523854,0.99525,19905,0,20000,0.9941973537644435,0.9961124345219847,above,ff12,vw
rolling120,1961-02,1971-01,120,3.298927695205438,0.520263462317855,1.1625801566365204,0.9935,19870,0,20000,0.9922875978181341,0.9945228625944907,above,ff12,vw
rolling120,1961-03,1971-02,120,3.041205379780715,0.5231479246489952,1.1215013512313146,0.9886,19772,0,20000,0.9870320416497904,0.9899803007161843,above,ff12,vw
rolling120,1961-04,1971-03,120,2.9430704147525466,0.5246680323582258,1.1488715791597035,0.9849,19698,0,20000,0.9831143601298947,0.986499403302895,above,ff12,vw
rolling120,1961-05,1971-04,120,3.0754637794069986,0.5263423209032931,1.2124008305045595,0.98525,19705,0,20000,0.9834836631299319,0.9868299658776184,above,ff12,vw
rolling120,1961-06,1971-05,120,2.8493104229232675,0.5280182807286011,1.0769565215206574,0.9861,19722,0,20000,0.98438156300529,0.987631739540965,above,ff12,vw
rolling120,1961-07,1971-06,120,2.838594506056908,0.5306107269134699,1.1445345961500362,0.97995,19599,0,20000,0.9779131938101865,0.9818024707795586,above,ff12,vw
rolling120,1961-08,1971-07,120,2.5838371115499097,0.5339720201847913,0.9967218048417625,0.9807,19614,0,20000,0.9786989489382789,0.9825164275973821,above,ff12,vw
rolling120,1961-09,1971-08,120,2.3695934798332656,0.5390270508085278,1.0268543995015302,0.9617,19234,0,20000,0.9589502946168204,0.9642723792889726,above,ff12,vw
rolling120,1961-10,1971-09,120,2.3635221402299633,0.5420998810986515,1.0576645714588584,0.95905,19181,0,20000,0.956214188317138,0.9617095033797523,above,ff12,vw
rolling120,1961-11,1971-10,120,2.268176625015569,0.5448703969045976,0.9211142904687897,0.9702,19404,0,20000,0.9677516774999403,0.9724677317928988,above,ff12,vw
rolling120,1961-12,1971-11,120,2.118959010632664,0.548264021341133,0.8349763743856287,0.9713,19426,0,20000,0.9688940133108447,0.9735249735026711,above,ff12,vw
rolling120,1962-01,1971-12,120,2.277832785452485,0.5510456115581346,1.0011919907816873,0.9609,19218,0,20000,0.9581239532205353,0.9634990279429473,above,ff12,vw
rolling120,1962-02,1972-01,120,2.2634304844179427,0.551819277565496,1.133884912034099,0.931,18620,0,20000,0.927403964084956,0.9344305008346819,above,ff12,vw
rolling120,1962-03,1972-02,120,2.3690870686592223,0.5525936384824448,1.157104324369731,0.9415,18830,0,20000,0.9381618943630472,0.9446685377994124,above,ff12,vw
rolling120,1962-04,1972-03,120,2.4060949412604415,0.5536782847368735,1.1867991889636471,0.9399,18798,0,20000,0.9365208508023622,0.9431101958754767,above,ff12,vw
rolling120,1962-05,1972-04,120,2.5590389534522653,0.5547634721239376,1.3491216749542194,0.9247,18494,0,20000,0.9209608331001026,0.9282760514738421,above,ff12,vw
rolling120,1962-06,1972-05,120,3.0404414076721595,0.5556940967082098,1.6058885232430562,0.9381,18762,0,20000,0.9346754644438214,0.9413562735638198,above,ff12,vw
rolling120,1962-07,1972-06,120,3.154002200989039,0.5570914267351932,1.780940576712819,0.91555,18311,0,20000,0.9116160782659508,0.9193243205678205,above,ff12,vw
rolling120,1962-08,1972-07,120,3.0839108387797847,0.5577125861753987,1.597441306445397,0.94395,18879,0,20000,0.9406760799935158,0.9470534111922687,above,ff12,vw
rolling120,1962-09,1972-08,120,2.9734073293241177,0.5586450690165692,1.6278919665444067,0.9207,18414,0,20000,0.9168738974422637,0.9243645234201299,above,ff12,vw
rolling120,1962-10,1972-09,120,3.053037987457814,0.5606670614222389,1.7443613336267512,0.90585,18117,0,20000,0.901724344456761,0.909819779876499,above,ff12,vw
rolling120,1962-11,1972-10,120,3.0783546409027975,0.5628463292119767,1.7638054664166418,0.9061,18122,0,20000,0.9019791135620546,0.9100649147531773,above,ff12,vw
rolling120,1962-12,1972-11,120,2.8637043966447555,0.5654978649002604,1.6115461320528839,0.9122,18244,0,20000,0.9081982598682593,0.9160434256070881,above,ff12,vw
rolling120,1963-01,1972-12,120,2.8855353988859096,0.5676845325754676,1.6050972330701394,0.9185,18370,0,20000,0.9146272924790798,0.9222119733419606,above,ff12,vw
rolling120,1963-02,1973-01,120,2.5203700902455806,0.5706557052556607,1.4064768337049651,0.90675,18135,0,20000,0.9026415541149005,0.9107022245534583,above,ff12,vw
rolling120,1963-03,1973-02,120,2.3469172424404205,0.573633103080649,1.3508840948296381,0.887,17740,0,20000,0.8825378022510257,0.8913135618415493,above,ff12,vw
rolling120,1963-04,1973-03,120,2.149708840163839,0.5772441538010773,1.2564482319553476,0.87,17400,0,20000,0.8652680104311143,0.8745898828873682,above,ff12,vw
rolling120,1963-05,1973-04,120,1.9520508220825699,0.581492093167923,1.0427792126636612,0.89435,17887,0,20000,0.8900138888264474,0.8985346523361027,above,ff12,vw
rolling120,1963-06,1973-05,120,1.9301837789560334,0.5857518982871903,0.9534576902275833,0.9199,18398,0,20000,0.9160568535959412,0.9235818745241422,above,ff12,vw
rolling120,1963-07,1973-06,120,2.0186101600489623,0.5901818147944278,0.9675771543430434,0.93255,18651,0,20000,0.9289904332155939,0.93594343639227,above,ff12,vw
rolling120,1963-08,1973-07,120,2.07884028193677,0.5960496443693151,1.0818337371943616,0.9096,18192,0,20000,0.9055468109683099,0.9134958730945292,above,ff12,vw
rolling120,1963-09,1973-08,120,1.8220054306050844,0.6032139569874317,0.9148205872912725,0.91005,18201,0,20000,0.9060056434663935,0.9139368677639952,above,ff12,vw
rolling120,1963-10,1973-09,120,2.1588339741308658,0.6097694344220068,1.0451913506813169,0.9334,18668,0,20000,0.9298606551315876,0.936772888014981,above,ff12,vw
rolling120,1963-11,1973-10,120,2.047970904169585,0.6155478469894804,0.985325300252933,0.9336,18672,0,20000,0.9300654365689871,0.9369680297631588,above,ff12,vw
rolling120,1963-12,1973-11,120,2.015176280517127,0.6202203200684366,0.7530616120732567,0.9731,19462,0,20000,0.970765252728389,0.9752530427553248,above,ff12,vw
rolling120,1964-01,1973-12,120,2.2783364963724897,0.6258746935057082,0.7377832646903233,0.9896,19792,0,20000,0.9880969921759227,0.9909149661179396,above,ff12,vw
rolling120,1964-02,1974-01,120,1.9456962751171014,0.6312240319788576,0.7027022099028353,0.9718,19436,0,20000,0.9694135509517784,0.9740052438256813,above,ff12,vw
rolling120,1964-03,1974-02,120,2.0245524315308066,0.6364304122923747,0.6744381225368026,0.98185,19637,0,20000,0.9799052375006304,0.9836096973521015,above,ff12,vw
rolling120,1964-04,1974-03,120,1.7916695010318189,0.6405088451811505,0.608922356436759,0.9716,19432,0,20000,0.9692057133154725,0.9738131582764097,above,ff12,vw
rolling120,1964-05,1974-04,120,1.6486485533971162,0.648033364762199,0.5300708971911283,0.97095,19419,0,20000,0.9685304476973469,0.9731886735414081,above,ff12,vw
rolling120,1964-06,1974-05,120,1.5828404518200299,0.6560877867523596,0.445493357678842,0.9753,19506,0,20000,0.9730559451097972,0.9773615054152697,above,ff12,vw
rolling120,1964-07,1974-06,120,1.5104522623295522,0.6610411899031641,0.3912713463294635,0.97685,19537,0,20000,0.9746724976560563,0.9788443575572365,above,ff12,vw
rolling120,1964-08,1974-07,120,1.3132183905485477,0.6676654817871248,0.2631064045860594,0.9794,19588,0,20000,0.9773374238288528,0.9812784520005542,above,ff12,vw
rolling120,1964-09,1974-08,120,1.0372368881577758,0.6729871107676977,0.16560031528019503,0.9667,19334,0,20000,0.9641224285961225,0.9690983249491094,above,ff12,vw
rolling120,1964-10,1974-09,120,0.8727237793568094,0.6818291846479019,0.007689036284771911,0.97865,19573,0,20000,0.9765528676459448,0.9805632962375462,above,ff12,vw
rolling120,1964-11,1974-10,120,1.115071865123479,0.6855185098111538,0.16480023205005612,0.97255,19451,0,20000,0.9701932160618907,0.9747252906614849,above,ff12,vw
rolling120,1964-12,1974-11,120,0.9859916292397439,0.6897201214120392,0.11520213680819591,0.96695,19339,0,20000,0.9643814033672413,0.9693392541599626,above,ff12,vw
rolling120,1965-01,1974-12,120,0.9663617199651096,0.6962896643025853,0.0808625792323383,0.97285,19457,0,20000,0.9705052059023723,0.9750131855993694,above,ff12,vw
rolling120,1965-02,1975-01,120,0.8127568336107849,0.7013643242476468,0.18944856171541713,0.89785,17957,0,20000,0.8935761591672137,0.9019710377429438,above,ff12,vw
rolling120,1965-03,1975-02,120,0.7854999938943175,0.7035694823947274,0.2514359048661614,0.85175,17035,0,20000,0.8467576845513433,0.8566072180831871,above,ff12,vw
rolling120,1965-04,1975-03,120,0.9959828353223119,0.7044182117103883,0.30262066970869794,0.89955,17991,0,20000,0.8953069515153215,0.9036395924722452,above,ff12,vw
rolling120,1965-05,1975-04,120,0.9460927492464928,0.70662710780771,0.31823901848493863,0.88125,17625,0,20000,0.8766933017306445,0.8856602707765756,above,ff12,vw
rolling120,1965-06,1975-05,120,1.0029845735692233,0.7088388665956173,0.3991637688410423,0.85885,17177,0,20000,0.8539556716176012,0.8636065041049324,above,ff12,vw
rolling120,1965-07,1975-06,120,1.2093060811473721,0.7098605938701139,0.5531839053520131,0.8491,16982,0,20000,0.8440721217098441,0.8539937987157835,above,ff12,vw
rolling120,1965-08,1975-07,120,1.1232666593381597,0.7127583737620282,0.43305066372920886,0.88005,17601,0,20000,0.8754740136725657,0.8844800197211892,above,ff12,vw
rolling120,1965-09,1975-08,120,1.065344179070613,0.7153190610546059,0.35768549200970234,0.9011,18022,0,20000,0.8968853477345116,0.9051606009412814,above,ff12,vw
rolling120,1965-10,1975-09,120,0.9706017671003351,0.7190811006661302,0.2668836126371432,0.9115,18230,0,20000,0.907484308371458,0.9153576459543679,above,ff12,vw
rolling120,1965-11,1975-10,120,0.8498531906957099,0.7233655217125516,0.3034460879022516,0.83955,16791,0,20000,0.8343982804308072,0.8445713078834922,above,ff12,vw
rolling120,1965-12,1975-11,120,1.0127418124359382,0.7243959345805411,0.3390465891069181,0.8838,17676,0,20000,0.8792847803125928,0.8881678128107412,above,ff12,vw
rolling120,1966-01,1975-12,120,0.9121047218141405,0.7269740207978947,0.3065416097384257,0.8668,17336,0,20000,0.8620203134103601,0.8714388089388816,above,ff12,vw
rolling120,1966-02,1976-01,120,0.9738429127948347,0.7285224135242525,0.45541756764333874,0.8053,16106,0,20000,0.7997538275572414,0.8107289152269012,above,ff12,vw
rolling120,1966-03,1976-02,120,0.9182336845785959,0.72835016415569,0.47758501294434175,0.7624,15248,0,20000,0.756451377064068,0.7682478424136883,above,ff12,vw
rolling120,1966-04,1976-03,120,1.0248130869738774,0.7286945256149757,0.5508075255915277,0.7669,15338,0,20000,0.7609894081189037,0.7727080830343478,above,ff12,vw
rolling120,1966-05,1976-04,120,0.9873490691749971,0.7300727951191535,0.4972322485290308,0.7804,15608,0,20000,0.774609146909381,0.7860831592703554,above,ff12,vw
rolling120,1966-06,1976-05,120,1.0484624849008495,0.7293835917349811,0.5650296556030179,0.77355,15471,0,20000,0.7676973140702198,0.7792976230034853,above,ff12,vw
rolling120,1966-07,1976-06,120,1.1533752379536883,0.7302450101409059,0.6528193724879661,0.77125,15425,0,20000,0.7653770533681553,0.7770187670714078,above,ff12,vw
rolling120,1966-08,1976-07,120,1.1779201215941129,0.7323140624699234,0.6643716958977777,0.77355,15471,0,20000,0.7676973140702198,0.7792976230034853,above,ff12,vw
rolling120,1966-09,1976-08,120,1.2619057241034537,0.7324865865275341,0.7972046483766964,0.72735,14547,0,20000,0.721135039590671,0.7334776416146183,above,ff12,vw
rolling120,1966-10,1976-09,120,1.3674491931283939,0.7331768202273456,0.8543736305477281,0.74125,14825,0,20000,0.7351345394152031,0.7472728031877263,above,ff12,vw
rolling120,1966-11,1976-10,120,1.1651049738742896,0.7324866552416902,0.7420196726811599,0.7092,14184,0,20000,0.7028664772577822,0.7154531748563437,above,ff12,vw
rolling120,1966-12,1976-11,120,1.2597447946487197,0.7324866552416902,0.7245618217660996,0.7764,15528,0,20000,0.770572766708557,0.7821210757596283,above,ff12,vw
rolling120,1967-01,1976-12,120,1.3265933935623409,0.7324866552416902,0.8192557564736382,0.7484,14968,0,20000,0.7423387989953262,0.754365797492001,above,ff12,vw
rolling120,1967-02,1977-01,120,1.0371035200377925,0.7312791070402871,0.6140072483063694,0.7424,14848,0,20000,0.7362931227139218,0.7484137782060787,above,ff12,vw
rolling120,1967-03,1977-02,120,0.9789122708232758,0.7311066001543722,0.5705967893387702,0.7391,14782,0,20000,0.7329686384694106,0.74513952988856,above,ff12,vw
rolling120,1967-04,1977-03,120,0.8578233404863989,0.7309341620031466,0.4900958042557808,0.72675,14535,0,20000,0.7205309179305807,0.7328819937179759,above,ff12,vw
rolling120,1967-05,1977-04,120,0.7352556133744168,0.7319694097076941,0.43747558969229106,0.6978,13956,0,20000,0.6913982839022536,0.7041257466339513,above,ff12,vw
rolling120,1967-06,1977-05,120,0.8393455623844408,0.7326599187916005,0.4807450871843302,0.72735,14547,0,20000,0.721135039590671,0.7334776416146183,above,ff12,vw
rolling120,1967-07,1977-06,120,0.8277610396659074,0.7349063114259171,0.5157846291247132,0.69475,13895,0,20000,0.6883308337312339,0.7010943682249133,above,ff12,vw
rolling120,1967-08,1977-07,120,0.771900586939934,0.7366356837459189,0.42662932729726366,0.7286,14572,0,20000,0.7223936717629572,0.7347185293521917,above,ff12,vw
rolling120,1967-09,1977-08,120,0.7367174732695634,0.7388863331217235,0.4161531236062166,0.7086,14172,0,20000,0.7022627697339938,0.7148571128233994,above,ff12,vw
rolling120,1967-10,1977-09,120,0.6736805618756563,0.7407930067326025,0.37151321659639036,0.6989,13978,0,20000,0.692504658897545,0.7052189491593366,above,ff12,vw
rolling120,1967-11,1977-10,120,0.7041303186539183,0.7425270370212096,0.3544591523472729,0.72775,14555,0,20000,0.7215377952059907,0.7338747323704535,above,ff12,vw
rolling120,1967-12,1977-11,120,0.7824232032534184,0.7449578240397723,0.40515220312012357,0.7337,14674,0,20000,0.7275295316978767,0.7397807106495,above,ff12,vw
rolling120,1968-01,1977-12,120,0.7567579852224402,0.7477405734850664,0.3695408781813079,0.74885,14977,0,20000,0.7427922857884899,0.7548121378663868,above,ff12,vw
rolling120,1968-02,1978-01,120,0.8908999004955962,0.7493072732023338,0.34282367520340085,0.8508,17016,0,20000,0.845794873908201,0.8556703935948361,above,ff12,vw
rolling120,1968-03,1978-02,120,0.8897307538135084,0.7505270312372392,0.3764463683642101,0.83135,16627,0,20000,0.8260970642435626,0.8364756734620569,above,ff12,vw
rolling120,1968-04,1978-03,120,0.9209922729702062,0.7531428815528955,0.41462397416733343,0.8182,16364,0,20000,0.8127939096416029,0.8234838786122921,above,ff12,vw
rolling120,1968-05,1978-04,120,0.7619651992231635,0.7550630818612778,0.4011821383232579,0.7387,14774,0,20000,0.732565701059473,0.7447426209273427,above,ff12,vw
rolling120,1968-06,1978-05,120,0.706600344756612,0.7561114022685618,0.3949079848760797,0.70695,14139,0,20000,0.7006026424920054,0.7132178737843727,above,ff12,vw
rolling120,1968-07,1978-06,120,0.7182726827617862,0.7580348539687463,0.3634594512508702,0.7515,15030,0,20000,0.7454629940557461,0.7574404118080332,above,ff12,vw
rolling120,1968-08,1978-07,120,0.8714320425397728,0.7594345632473838,0.47346758163607694,0.7594,15188,0,20000,0.7534265295268466,0.7652738421672461,above,ff12,vw
rolling120,1968-09,1978-08,120,0.8021792402025829,0.7618874694299633,0.5106770901828463,0.68825,13765,0,20000,0.6817947421758555,0.6946329562490212,above,ff12,vw
rolling120,1968-10,1978-09,120,0.6046329849088403,0.7652207226331067,0.4340443511134642,0.6142,12284,0,20000,0.6074323278728274,0.6209238110919583,above,ff12,vw
rolling120,1968-11,1978-10,120,0.29166324570348023,0.7694386932965072,0.26216375029100214,0.495,9900,0,20000,0.48807245283405504,0.5019294675265059,not resolved,ff12,vw
rolling120,1968-12,1978-11,120,0.2502785640549894,0.7743724000692915,0.23306899780436918,0.48645,9729,0,20000,0.4795262926457884,0.49337891153133207,below,ff12,vw
rolling120,1969-01,1978-12,120,0.33183871727045244,0.7805561135017745,0.2988752707441873,0.50195,10039,0,20000,0.49502082448266366,0.5088784265767174,not resolved,ff12,vw
rolling120,1969-02,1979-01,120,0.39164264082835265,0.7848069189055387,0.37357891494190354,0.49105,9821,0,20000,0.4841239749044032,0.4979794625410011,below,ff12,vw
rolling120,1969-03,1979-02,120,0.4193932695597886,0.7896038317873273,0.41089495945988075,0.48595,9719,0,20000,0.4790265799363308,0.4928788162768457,below,ff12,vw
rolling120,1969-04,1979-03,120,0.5462198184151967,0.7958387645080678,0.45686671143607516,0.55885,11177,0,20000,0.5519579967551753,0.5657194006010211,above,ff12,vw
rolling120,1969-05,1979-04,120,0.6189995348781361,0.800661966203255,0.4388683581033028,0.64695,12939,0,20000,0.6402988711453684,0.6535446894577425,above,ff12,vw
rolling120,1969-06,1979-05,120,0.606155559723488,0.806754970467876,0.41349932738467765,0.659,13180,0,20000,0.6524002134328051,0.6655387191013538,above,ff12,vw
rolling120,1969-07,1979-06,120,0.9491850067857124,0.8121477322939665,0.5851125654822815,0.761,15220,0,20000,0.7550397315519254,0.766860025626788,above,ff12,vw
rolling120,1969-08,1979-07,120,1.073279717165367,0.8164739578559934,0.7218800027050127,0.7414,14828,0,20000,0.7352856558783775,0.7474216291137351,above,ff12,vw
rolling120,1969-09,1979-08,120,0.9922907464189021,0.8213540371457557,0.7402135477475982,0.6881,13762,0,20000,0.6816439267734276,0.6944838292622659,above,ff12,vw
rolling120,1969-10,1979-09,120,1.1053919571055588,0.8251553127152311,0.7820927268280575,0.73525,14705,0,20000,0.7290906361226133,0.7413190109129895,above,ff12,vw
rolling120,1969-11,1979-10,120,0.8826431108454467,0.8300538408905103,0.5646861846284199,0.764,15280,0,20000,0.7580647940651606,0.7698338108972163,above,ff12,vw
rolling120,1969-12,1979-11,120,1.044033967636424,0.8386105988015584,0.718210501130939,0.7554,15108,0,20000,0.7493940194685729,0.7613078885139688,above,ff12,vw
rolling120,1970-01,1979-12,120,1.0085622372296945,0.8442740455983437,0.8009566858604356,0.6798,13596,0,20000,0.673300020895608,0.6862309229386166,above,ff12,vw
rolling120,1970-02,1980-01,120,1.466370835013422,0.84794059439675,1.0696399535888035,0.7812,15624,0,20000,0.775416516192513,0.7868754827295338,above,ff12,vw
rolling120,1970-03,1980-02,120,1.63920363973974,0.8528992900883334,0.9502677550554093,0.90255,18051,0,20000,0.8983621948569558,0.9065831969142744,above,ff12,vw
rolling120,1970-04,1980-03,120,1.1052592244314,0.8646906348795886,0.7307621892165928,0.79955,15991,0,20000,0.7939444228886446,0.805040528310143,above,ff12,vw
rolling120,1970-05,1980-04,120,1.4664839460885801,0.8787917779891261,1.0343368330630964,0.79785,15957,0,20000,0.7922272042125953,0.803358399908783,above,ff12,vw
rolling120,1970-06,1980-05,120,1.7361945519207707,0.8840246606891853,1.3046257383638,0.7752,15504,0,20000,0.7693620027094564,0.7809323006452636,above,ff12,vw
rolling120,1970-07,1980-06,120,1.7886410854600476,0.8845866087884167,1.5188455395347762,0.7091,14182,0,20000,0.7027658584132851,0.7153538321080518,above,ff12,vw
rolling120,1970-08,1980-07,120,1.4701088295117897,0.8847740925338194,1.5094678569601863,0.55225,11045,0,20000,0.5453490413399906,0.5591308908921464,above,ff12,vw
rolling120,1970-09,1980-08,120,1.4010505284334025,0.8868364137332496,1.446390687176553,0.54695,10939,0,20000,0.5400427384956482,0.5538392293186837,above,ff12,vw
rolling120,1970-10,1980-09,120,1.3703394170232075,0.890777488398895,1.4048076521958959,0.5645,11290,0,20000,0.5576166421677594,0.5713585851810031,above,ff12,vw
rolling120,1970-11,1980-10,120,1.453763019738092,0.8999998751131644,1.4978748594302824,0.57715,11543,0,20000,0.5702892943083394,0.5839810745282038,above,ff12,vw
rolling120,1970-12,1980-11,120,1.9299014731358768,0.9094563745911315,1.6281408875010652,0.76505,15301,0,20000,0.759123661857621,0.7708745398290379,above,ff12,vw
rolling120,1971-01,1980-12,120,1.4851768400823335,0.9263794593689254,1.3976586751552196,0.656,13120,0,20000,0.649386994295211,0.6625530904552844,above,ff12,vw
rolling120,1971-02,1981-01,120,1.1691274391625073,0.9390454331005802,1.1873137500370508,0.5804,11608,0,20000,0.5735458542379491,0.5872232663642293,above,ff12,vw
rolling120,1971-03,1981-02,120,1.3315085345448558,0.9533471735620018,1.186023806799363,0.6647,13294,0,20000,0.6581261375602139,0.6712106057629053,above,ff12,vw
rolling120,1971-04,1981-03,120,1.2492487693325351,0.9710694659642094,1.1956538676222688,0.60415,12083,0,20000,0.5973531007278082,0.6109068981617051,above,ff12,vw
rolling120,1971-05,1981-04,120,1.204679488202578,0.9867939930161773,1.0999137637551466,0.61905,12381,0,20000,0.612297514909107,0.6257567613059345,above,ff12,vw
rolling120,1971-06,1981-05,120,1.3090655957287156,1.0038310139952773,1.2085074350272191,0.60175,12035,0,20000,0.5949465650981893,0.6085143555643935,above,ff12,vw
rolling120,1971-07,1981-06,120,1.2692382429808537,1.0233961668668061,1.1805377058440873,0.60245,12049,0,20000,0.5956484537330335,0.6092121980790708,above,ff12,vw
rolling120,1971-08,1981-07,120,1.380256798042013,1.0403249794182816,1.2664769460493912,0.62915,12583,0,20000,0.6224314312175061,0.635818965869202,above,ff12,vw
rolling120,1971-09,1981-08,120,1.2825315010199132,1.0567742999450935,1.0490899379878722,0.69765,13953,0,20000,0.6912474179408975,0.7039766702061244,above,ff12,vw
rolling120,1971-10,1981-09,120,1.0074008487710229,1.0746022728548499,0.936658714378046,0.59395,11879,0,20000,0.5871264961709518,0.6007374202541061,above,ff12,vw
rolling120,1971-11,1981-10,120,1.178571378715362,1.0919646909996947,1.1421322496815223,0.5792,11584,0,20000,0.5723433967123884,0.5860261847763247,above,ff12,vw
rolling120,1971-12,1981-11,120,1.2300336947480082,1.1065544616851564,1.2399014725675968,0.56025,11205,0,20000,0.5533600546554492,0.5671168049997902,above,ff12,vw
rolling120,1972-01,1981-12,120,1.0328352660939437,1.117048406398144,0.9967731865829947,0.57625,11525,0,20000,0.5693875314056953,0.5830831830957488,above,ff12,vw
rolling120,1972-02,1982-01,120,1.0683130330247708,1.1278141326646023,0.8959240931773338,0.6489,12978,0,20000,0.6422568642806036,0.6554859473818885,above,ff12,vw
rolling120,1972-03,1982-02,120,0.9916561304048017,1.1420349353467496,0.7477360773607198,0.6865,13730,0,20000,0.68003527785606,0.6928930926950129,above,ff12,vw
rolling120,1972-04,1982-03,120,1.0740073044084615,1.1572024311490456,0.7177669682930821,0.7391,14782,0,20000,0.7329686384694106,0.74513952988856,above,ff12,vw
rolling120,1972-05,1982-04,120,1.167662854577761,1.1752705340722205,0.7824949143045239,0.74465,14893,0,20000,0.7385600747509387,0.7506459620068093,above,ff12,vw
rolling120,1972-06,1982-05,120,1.0744644418022316,1.1917531423064665,0.704239895918874,0.74335,14867,0,20000,0.7372502545639171,0.7493562814875766,above,ff12,vw
rolling120,1972-07,1982-06,120,1.205071709133263,1.2063954257379685,0.7045881975530284,0.7928,15856,0,20000,0.7871269603633272,0.7983605833222179,above,ff12,vw
rolling120,1972-08,1982-07,120,1.1428516114548208,1.222672293598063,0.6761526995333518,0.77485,15497,0,20000,0.7690088761407433,0.780585561639216,above,ff12,vw
rolling120,1972-09,1982-08,120,1.414737574032519,1.2330886459561352,0.8125950253064897,0.81705,16341,0,20000,0.8116310255936199,0.8223472043432043,above,ff12,vw
rolling120,1972-10,1982-09,120,1.4023927849110605,1.236872033137843,0.8604679987571249,0.7899,15798,0,20000,0.7841987094573881,0.7954899480372826,above,ff12,vw
rolling120,1972-11,1982-10,120,1.7232555264069425,1.241105157503343,1.0627007964817157,0.8101,16202,0,20000,0.8046048275638422,0.8154760716741618,above,ff12,vw
rolling120,1972-12,1982-11,120,1.8512126363577015,1.2469105509570726,1.0693819270028535,0.84305,16861,0,20000,0.8379429002890048,0.8480253437729018,above,ff12,vw
rolling120,1973-01,1982-12,120,1.7522844108280888,1.253626433843265,1.074299757109602,0.81135,16227,0,20000,0.8058683243146443,0.8167120948332194,above,ff12,vw
rolling120,1973-02,1983-01,120,2.1156906048411166,1.2592358186347905,1.2260777881176224,0.8524,17048,0,20000,0.8474164898249759,0.8572481631626816,above,ff12,vw
rolling120,1973-03,1983-02,120,2.488079883566999,1.263735392063659,1.4040335723722914,0.879,17580,0,20000,0.8744072559386504,0.8834471807308222,above,ff12,vw
rolling120,1973-04,1983-03,120,2.483580475104371,1.267566120877623,1.5077978290257144,0.8491,16982,0,20000,0.8440721217098441,0.8539937987157835,above,ff12,vw
rolling120,1973-05,1983-04,120,2.819906766176858,1.2718522088498352,1.8391211820169882,0.82785,16557,0,20000,0.8225552284028876,0.8330188535551244,above,ff12,vw
rolling120,1973-06,1983-05,120,2.870371448142285,1.2759207930463625,1.9456537176555164,0.81315,16263,0,20000,0.8076879185660456,0.818491809252016,above,ff12,vw
rolling120,1973-07,1983-06,120,3.1200352564443996,1.2795437890356909,2.0885599016533583,0.821,16420,0,20000,0.8156256145068589,0.8262510983451218,above,ff12,vw
rolling120,1973-08,1983-07,120,2.9720644878040408,1.2818088365208218,1.8255296299379875,0.8645,17290,0,20000,0.8596865910893147,0.8691734146257851,above,ff12,vw
rolling120,1973-09,1983-08,120,3.3457671151885533,1.283168404844469,1.924108182262414,0.89885,17977,0,20000,0.8945942281708505,0.9029525846671949,above,ff12,vw
rolling120,1973-10,1983-09,120,2.8609255242036493,1.2849826030207456,1.8203691896456276,0.84075,16815,0,20000,0.8356134808473629,0.8457556465804018,above,ff12,vw
rolling120,1973-11,1983-10,120,2.986657066825514,1.2874798517672161,1.7500153599299635,0.87765,17553,0,20000,0.8730358718208387,0.8821190833459854,above,ff12,vw
rolling120,1973-12,1983-11,120,3.1813562496583225,1.2906644895878947,2.22276236131232,0.7934,15868,0,20000,0.7877328597753556,0.7989544534669223,above,ff12,vw
rolling120,1974-01,1983-12,120,2.884585038345926,1.2927129773071204,2.1504945497922265,0.73735,14747,0,20000,0.7312058354883048,0.7434030049958623,above,ff12,vw
rolling120,1974-02,1984-01,120,2.971897950381364,1.2956748444148407,2.0993817189356396,0.7877,15754,0,20000,0.7819775654733222,0.7933119369799951,above,ff12,vw
rolling120,1974-03,1984-02,120,2.9434486765509216,1.298642012139776,1.9699828417367695,0.8215,16430,0,20000,0.8161313265508956,0.826745194265029,above,ff12,vw
rolling120,1974-04,1984-03,120,3.143885965182988,1.302527942351229,2.0805899375411663,0.8366,16732,0,20000,0.8314113396244104,0.84165938170262,above,ff12,vw
rolling120,1974-05,1984-04,120,3.4916216268083726,1.3038991748727282,2.236442555099811,0.86125,17225,0,20000,0.8563897166995549,0.8659715372499095,above,ff12,vw
rolling120,1974-06,1984-05,120,3.2086219627846972,1.304585199440928,2.194323313102155,0.8262,16524,0,20000,0.8208857804578615,0.8313889352191359,above,ff12,vw
rolling120,1974-07,1984-06,120,3.2474053399685037,1.3080214596786637,2.3511640649729646,0.77945,15589,0,20000,0.773650436454533,0.7851422345937101,above,ff12,vw
rolling120,1974-08,1984-07,120,3.6833520270502085,1.3107718328183005,2.548674382273832,0.8102,16204,0,20000,0.8047059039946756,0.8155749568361172,above,ff12,vw
rolling120,1974-09,1984-08,120,4.656488550552267,1.316054909573253,3.3225273968931317,0.80855,16171,0,20000,0.80303821606649,0.8139432784832878,above,ff12,vw
rolling120,1974-10,1984-09,120,5.052248691369576,1.3172036323733591,3.858594600461995,0.76925,15385,0,20000,0.7633596364325206,0.775036952151267,above,ff12,vw
rolling120,1974-11,1984-10,120,4.421962307566535,1.3285003170799845,3.1728420097948327,0.8074,16148,0,20000,0.801875979758041,0.8128059564746659,above,ff12,vw
rolling120,1974-12,1984-11,120,4.764855415431824,1.3329007055845121,3.3010566116997877,0.83565,16713,0,20000,0.8304495709907187,0.8407215152048182,above,ff12,vw
rolling120,1975-01,1984-12,120,4.967151440900242,1.3315106952336175,3.531896787651596,0.8211,16422,0,20000,0.8157267556846448,0.8263499187601249,above,ff12,vw
rolling120,1975-02,1985-01,120,5.156537103760046,1.3331333413726747,3.3085744339143677,0.89325,17865,0,20000,0.8888946228156723,0.8974543408262013,above,ff12,vw
rolling120,1975-03,1985-02,120,5.235263638889413,1.3366180571070756,3.13824773443233,0.92505,18501,0,20000,0.9213185802844678,0.9286181698642376,above,ff12,vw
rolling120,1975-04,1985-03,120,4.581675603068665,1.3415049188936758,3.006556140671411,0.87525,17505,0,20000,0.8705982968095345,0.879757580130359,above,ff12,vw
rolling120,1975-05,1985-04,120,4.344458470508185,1.348032411698238,2.8189761187978224,0.8756,17512,0,20000,0.8709537417408251,0.8801020007738292,above,ff12,vw
rolling120,1975-06,1985-05,120,4.266987378085544,1.3531754536195209,2.8222296955745323,0.85955,17191,0,20000,0.8546655521674031,0.864296354704652,above,ff12,vw
rolling120,1975-07,1985-06,120,4.276152669346713,1.3564564471809866,2.696613104135627,0.8859,17718,0,20000,0.8814194519917721,0.8902323345801263,above,ff12,vw
rolling120,1975-08,1985-07,120,4.43485052509312,1.3597397264664695,2.9336562537617072,0.86115,17223,0,20000,0.8562882885867721,0.8658730037699035,above,ff12,vw
rolling120,1975-09,1985-08,120,4.454659639085562,1.3613836534255928,3.0102022070815275,0.84775,16955,0,20000,0.8427042093792048,0.8526622295437745,above,ff12,vw
rolling120,1975-10,1985-09,120,4.236585086625961,1.3630279074367313,3.002704166183274,0.8165,16330,0,20000,0.8110748917073928,0.8218035494690931,above,ff12,vw
rolling120,1975-11,1985-10,120,4.623517027448013,1.3651427892154633,2.9562050528058132,0.8882,17764,0,20000,0.8837579713475314,0.8924929318585089,above,ff12,vw
rolling120,1975-12,1985-11,120,4.391397845730301,1.369853759814439,3.110138511584693,0.83085,16617,0,20000,0.8255910386847126,0.8359818910569629,above,ff12,vw
rolling120,1976-01,1985-12,120,4.7548260810801395,1.3738632655784562,3.3449916931224495,0.83535,16707,0,20000,0.8301458673576249,0.8404253340595459,above,ff12,vw
rolling120,1976-02,1986-01,120,4.368888582943883,1.3759897480498613,2.9047825365026037,0.86835,17367,0,20000,0.8635933020590593,0.8729652249784084,above,ff12,vw
rolling120,1976-03,1986-02,120,4.882563784260465,1.3804888316867912,3.177128024890565,0.8853,17706,0,20000,0.8808094978103476,0.8896425192048181,above,ff12,vw
rolling120,1976-04,1986-03,120,5.126865737827394,1.3852308413116652,3.2905838970619463,0.89235,17847,0,20000,0.8879789656278712,0.8965703436789034,above,ff12,vw
rolling120,1976-05,1986-04,120,5.041444536573444,1.387606096082938,3.304028565090749,0.87885,17577,0,20000,0.8742548709894231,0.8832996232908665,above,ff12,vw
rolling120,1976-06,1986-05,120,5.7898427448823275,1.3904606615061712,3.5682767088426637,0.909,18180,0,20000,0.9049350805162135,0.9129078339898928,above,ff12,vw
rolling120,1976-07,1986-06,120,5.827962520498284,1.3926028646281026,3.4410522354697815,0.92295,18459,0,20000,0.9191724404130155,0.9265651162871256,above,ff12,vw
rolling120,1976-08,1986-07,120,5.476876904884014,1.3937935697463613,3.203386025906367,0.924,18480,0,20000,0.9202454078138781,0.9275917456105452,above,ff12,vw
rolling120,1976-09,1986-08,120,6.052613818737593,1.3947470824210266,3.484594024434702,0.9351,18702,0,20000,0.9316015858657201,0.9384313043582577,above,ff12,vw
rolling120,1976-10,1986-09,120,5.158840026758835,1.3949855080564735,3.019071288629968,0.9181,18362,0,20000,0.9142189076315748,0.9218205118183105,above,ff12,vw
rolling120,1976-11,1986-10,120,5.327728471892258,1.3961781111378686,3.3106887685989355,0.89375,17875,0,20000,0.8894033623391124,0.8979454092667052,above,ff12,vw
rolling120,1976-12,1986-11,120,5.333862963866952,1.3959394479793885,3.344914165729536,0.8857,17714,0,20000,0.881216129634993,0.890035733751328,above,ff12,vw
rolling120,1977-01,1986-12,120,4.919931637777625,1.398087202464629,2.983554967787672,0.89925,17985,0,20000,0.8950014910396114,0.903345168169589,above,ff12,vw
rolling120,1977-02,1987-01,120,6.122902445328536,1.3995208934983863,3.6675371038533617,0.9122,18244,0,20000,0.9081982598682593,0.9160434256070881,above,ff12,vw
rolling120,1977-03,1987-02,120,6.639899195605543,1.4014338149879717,3.9710859044291302,0.9158,18316,0,20000,0.9118712106163197,0.9195690921994236,above,ff12,vw
rolling120,1977-04,1987-03,120,6.731769446644044,1.4035869236087022,4.125193081310858,0.9025,18050,0,20000,0.8983112644804798,0.9065341464943559,above,ff12,vw
rolling120,1977-05,1987-04,120,7.021345949861301,1.4050236163305247,4.014052915019625,0.92895,18579,0,20000,0.9253065126077192,0.9324287396597487,above,ff12,vw
rolling120,1977-06,1987-05,120,6.928819332870886,1.4052632321137595,4.094663068051792,0.91315,18263,0,20000,0.9091673138965872,0.9169740067102534,above,ff12,vw
rolling120,1977-07,1987-06,120,6.937819979166824,1.4071797765218186,4.059283463412545,0.9165,18330,0,20000,0.9125856350799487,0.9202543988853161,above,ff12,vw
rolling120,1977-08,1987-07,120,7.120389051751999,1.4081386212844254,4.344710475376568,0.89765,17953,0,20000,0.8933725603758911,0.9017747133486889,above,ff12,vw
rolling120,1977-09,1987-08,120,7.819539861065627,1.4088578980530286,4.632310927588256,0.91865,18373,0,20000,0.9147804437586596,0.922358764451564,above,ff12,vw
rolling120,1977-10,1987-09,120,8.17836101956216,1.4093376068846637,4.5035370455577315,0.9448,18896,0,20000,0.941548742043242,0.9478804226812472,above,ff12,vw
rolling120,1977-11,1987-10,120,7.327073248898364,1.4119749552452698,3.4331821300377072,0.972,19440,0,20000,0.9696214190572253,0.9741972989058117,above,ff12,vw
rolling120,1977-12,1987-11,120,6.150498378496002,1.4083749926255011,2.9279266355999156,0.96575,19315,0,20000,0.9631386622460488,0.9681824561676896,above,ff12,vw
rolling120,1978-01,1987-12,120,6.146234515419973,1.4059783611272172,3.179366957152313,0.9467,18934,0,20000,0.9435001643282751,0.9497282706592011,above,ff12,vw
rolling120,1978-02,1988-01,120,6.9955372822102735,1.401189868021182,3.622117123742374,0.94905,18981,0,20000,0.9459152966836365,0.9520122357343758,above,ff12,vw
rolling120,1978-03,1988-02,120,7.1282740838637935,1.4011898680211825,3.909512313832746,0.9335,18670,0,20000,0.9299630447315305,0.9368704600078267,above,ff12,vw
rolling120,1978-04,1988-03,120,6.829661792924728,1.3990401904311907,3.6625645093064287,0.9387,18774,0,20000,0.9352905025590812,0.9419410050052925,above,ff12,vw
rolling120,1978-05,1988-04,120,6.958216426462498,1.3971312664682465,3.3451608926780594,0.9652,19304,0,20000,0.9625693517447984,0.9676519779086017,above,ff12,vw
rolling120,1978-06,1988-05,120,6.9113473139489034,1.3971312664682456,3.2589119769438613,0.96755,19351,0,20000,0.9650030979196434,0.9699173291642932,above,ff12,vw
rolling120,1978-07,1988-06,120,6.854396522172527,1.3959391383269746,3.535515061334144,0.95045,19009,0,20000,0.9473549458994485,0.9533720488176068,above,ff12,vw
rolling120,1978-08,1988-07,120,6.22168725883595,1.3947478400282831,3.2599850964044963,0.94135,18827,0,20000,0.938008017818536,0.9445224719547404,above,ff12,vw
rolling120,1978-09,1988-08,120,5.6959924846213825,1.3954622636082439,2.9717399863736764,0.93915,18783,0,20000,0.9357518403062948,0.9423794944256285,above,ff12,vw
rolling120,1978-10,1988-09,120,6.106453813878927,1.3954622636082434,3.161957418671264,0.94245,18849,0,20000,0.9391365865880861,0.945593480705867,above,ff12,vw
rolling120,1978-11,1988-10,120,8.298733441931443,1.393796765411456,3.770921451883021,0.9769,19538,0,20000,0.9747246839052148,0.9788921521044724,above,ff12,vw
rolling120,1978-12,1988-11,120,7.916024940729844,1.390706461742107,3.5351666059385085,0.97745,19549,0,20000,0.9752989025498218,0.9794177222202041,above,ff12,vw
rolling120,1979-01,1988-12,120,8.198380575715996,1.3871481568278248,3.5556897406038512,0.98095,19619,0,20000,0.978961030961746,0.982754249555887,above,ff12,vw
rolling120,1979-02,1989-01,120,8.317496295401526,1.3819365601770142,3.626418136424257,0.98015,19603,0,20000,0.9781226579353539,0.9819929298399688,above,ff12,vw
rolling120,1979-03,1989-02,120,8.419663938653057,1.3790989508528684,3.6840281595288538,0.98,19600,0,20000,0.9779655551122345,0.981850090273905,above,ff12,vw
rolling120,1979-04,1989-03,120,8.007066364477883,1.375794974529891,3.4975116362718834,0.97975,19595,0,20000,0.9777037798243616,0.9816119615798059,above,ff12,vw
rolling120,1979-05,1989-04,120,8.456858521661148,1.3727309532333747,3.6890566071803166,0.981,19620,0,20000,0.9790134574481286,0.9828018038658988,above,ff12,vw
rolling120,1979-06,1989-05,120,9.269330065761215,1.3720249233921038,3.948186180381822,0.98475,19695,0,20000,0.9829561591815866,0.9863576618620199,above,ff12,vw
rolling120,1979-07,1989-06,120,8.415040596576898,1.3696719574924985,3.699003751613432,0.97945,19589,0,20000,0.9773897512776896,0.9813261053481118,above,ff12,vw
rolling120,1979-08,1989-07,120,9.114819652534322,1.3680258620571064,3.9894539835044975,0.9811,19622,0,20000,0.9791183206064715,0.9828969023003444,above,ff12,vw
rolling120,1979-09,1989-08,120,8.438829230211491,1.3673208826400005,3.7951511005046994,0.9754,19508,0,20000,0.9731601695746815,0.9774572425431743,above,ff12,vw
rolling120,1979-10,1989-09,120,7.9317773200915465,1.3630947816891403,3.789876434294146,0.96425,19285,0,20000,0.96158639525428,0.9667352992676268,above,ff12,vw
rolling120,1979-11,1989-10,120,8.19940984728157,1.3586436266527482,4.009827642767715,0.95835,19167,0,20000,0.9554919766741123,0.9610319838732566,above,ff12,vw
rolling120,1979-12,1989-11,120,7.783020841156915,1.3516370607749795,3.798510178879198,0.9577,19154,0,20000,0.9548215419832763,0.9604026682109655,above,ff12,vw
rolling120,1980-01,1989-12,120,7.658761106356666,1.343716737836262,3.754602853189076,0.95565,19113,0,20000,0.952708250093407,0.9584167474486649,above,ff12,vw
rolling120,1980-02,1990-01,120,6.267133828149586,1.3383689714701674,3.149430919006119,0.93515,18703,0,20000,0.9316527997200668,0.9384800713003054,above,ff12,vw
rolling120,1980-03,1990-02,120,5.63109884088941,1.3309522000273049,3.2339517374446354,0.86615,17323,0,20000,0.8613607362977846,0.8707986356983299,above,ff12,vw
rolling120,1980-04,1990-03,120,7.030180725701253,1.317824616250844,3.912841518921436,0.9067,18134,0,20000,0.9025905950443935,0.9106532028275709,above,ff12,vw
rolling120,1980-05,1990-04,120,6.367386471530513,1.3047774107278038,3.544880382441055,0.90225,18045,0,20000,0.8980566175671643,0.9062888894256995,above,ff12,vw
rolling120,1980-06,1990-05,120,6.888015115518662,1.3018052743981285,3.675138102461995,0.9254,18508,0,20000,0.9216763506938261,0.92896026502964,above,ff12,vw
rolling120,1980-07,1990-06,120,7.283883519686803,1.3022628442767479,3.4923568560581817,0.9557,19114,0,20000,0.9527597735172286,0.9584652048212376,above,ff12,vw
rolling120,1980-08,1990-07,120,7.515281547519464,1.3056980320479759,3.1456932944826894,0.9812,19624,0,20000,0.9792231974335831,0.9829919870660216,above,ff12,vw
rolling120,1980-09,1990-08,120,6.672054169104741,1.3061562391290669,2.6658957992231933,0.98265,19653,0,20000,0.9807455165870568,0.9843691110079854,above,ff12,vw
rolling120,1980-10,1990-09,120,6.408487329765646,1.3027227558946315,2.3649746849485096,0.98805,19761,0,20000,0.9864475715038155,0.9894649821018207,above,ff12,vw
rolling120,1980-11,1990-10,120,5.990636123389945,1.296563913456875,2.2584067054173413,0.9832,19664,0,20000,0.9813237800719425,0.9848906362834378,above,ff12,vw
rolling120,1980-12,1990-11,120,4.753917793918148,1.287692479956002,2.151129205347524,0.93715,18743,0,20000,0.9337018356986786,0.9404302671774691,above,ff12,vw
rolling120,1981-01,1990-12,120,5.486269706397608,1.2716598902731593,2.3531788941984093,0.96425,19285,0,20000,0.96158639525428,0.9667352992676268,above,ff12,vw
rolling120,1981-02,1991-01,120,6.406072422999401,1.2599688457072244,2.6756402527465575,0.97535,19507,0,20000,0.9731080561839482,0.9774093751375132,above,ff12,vw
rolling120,1981-03,1991-02,120,6.7101724497984,1.246776190923736,2.892173347887706,0.9724,19448,0,20000,0.9700372479491329,0.9745813163850595,above,ff12,vw
rolling120,1981-04,1991-03,120,6.63853498708405,1.2296828437543725,2.826116248734002,0.97645,19529,0,20000,0.974255098400962,0.9784619104411759,above,ff12,vw
rolling120,1981-05,1991-04,120,6.57394634446802,1.2175506161716174,2.877559178483461,0.9756,19512,0,20000,0.97336864644144,0.9776486888619932,above,ff12,vw
rolling120,1981-06,1991-05,120,6.931805368715681,1.2026427128696233,2.9866729586836773,0.97745,19549,0,20000,0.9752989025498218,0.9794177222202041,above,ff12,vw
rolling120,1981-07,1991-06,120,6.70005534881205,1.1824309938467445,2.844536249824434,0.9787,19574,0,20000,0.9766051510106295,0.980610993669256,above,ff12,vw
rolling120,1981-08,1991-07,120,6.641733223387516,1.1662632415217242,3.0389034150277148,0.96705,19341,0,20000,0.9644850038420146,0.9694356152779778,above,ff12,vw
rolling120,1981-09,1991-08,120,6.983595941794455,1.1487243803640648,3.4039729789576567,0.95795,19159,0,20000,0.9550793800532252,0.9606447341229883,above,ff12,vw
rolling120,1981-10,1991-09,120,8.07326120317734,1.132169609357704,3.6296736675124253,0.98035,19607,0,20000,0.9783321729421596,0.9821833380187407,above,ff12,vw
rolling120,1981-11,1991-10,120,7.665041471625221,1.115526846869881,3.436861478589358,0.9798,19596,0,20000,0.9777561286601596,0.9816595935404023,above,ff12,vw
rolling120,1981-12,1991-11,120,7.22377402375181,1.1012935604755847,3.085208247587924,0.98305,19661,0,20000,0.9811660240730098,0.9847484498931875,above,ff12,vw
rolling120,1982-01,1991-12,120,7.762846374776025,1.0910860275655718,3.6729505695105376,0.9719,19438,0,20000,0.9695174811761793,0.9741012751940692,above,ff12,vw
rolling120,1982-02,1992-01,120,7.168520832007301,1.0815433730746973,3.777357992299641,0.9488,18976,0,20000,0.9456582843028243,0.9517693441332162,above,ff12,vw
rolling120,1982-03,1992-02,120,7.559642452243272,1.0683429394761257,4.093972292231132,0.9422,18844,0,20000,0.9388800648970973,0.9453500984148838,above,ff12,vw
rolling120,1982-04,1992-03,120,7.335542065366841,1.0552340121512627,4.018456567447149,0.9399,18798,0,20000,0.9365208508023622,0.9431101958754767,above,ff12,vw
rolling120,1982-05,1992-04,120,7.544504472095239,1.038772630268117,3.8761299272282805,0.95485,19097,0,20000,0.9518840090188435,0.9576412957809181,above,ff12,vw
rolling120,1982-06,1992-05,120,7.614779002553515,1.0230370014178387,4.049327170602495,0.946,18920,0,20000,0.9427810939526057,0.949047609885349,above,ff12,vw
rolling120,1982-07,1992-06,120,7.09864757668206,1.0102126781124965,4.055001731174277,0.9248,18496,0,20000,0.921063044220146,0.9283738019465875,above,ff12,vw
rolling120,1982-08,1992-07,120,7.507539581651246,0.9954916748289411,4.377364641777523,0.9228,18456,0,20000,0.9190191758710583,0.9264184384398996,above,ff12,vw
rolling120,1982-09,1992-08,120,6.436812002123206,0.9855894731872732,3.6998522291024525,0.9238,18476,0,20000,0.9200410173795455,0.9273962128593001,above,ff12,vw
rolling120,1982-10,1992-09,120,6.5552015533912655,0.9806506873122676,3.6827736067810255,0.93285,18657,0,20000,0.9292975521194072,0.9362362022668228,above,ff12,vw
rolling120,1982-11,1992-10,120,5.238358431609965,0.9735621671071542,3.2374727650958866,0.88875,17775,0,20000,0.8843172686303612,0.8930334233360174,above,ff12,vw
rolling120,1982-12,1992-11,120,5.007765274366359,0.9657173408441826,3.199648964894668,0.8736,17472,0,20000,0.8689227854942936,0.8781337251645851,above,ff12,vw
rolling120,1983-01,1992-12,120,5.172176700234858,0.9581020655592989,3.2237109662740906,0.88645,17729,0,20000,0.8819786107231128,0.8907729646091239,above,ff12,vw
rolling120,1983-02,1993-01,120,4.90733752282328,0.9491565203198784,3.097339867168076,0.8759,17518,0,20000,0.8712584182139615,0.880397209079059,above,ff12,vw
rolling120,1983-03,1993-02,120,4.680022673599007,0.9414079354647007,2.9834035681779345,0.8643,17286,0,20000,0.8594836804479609,0.8689764020815611,above,ff12,vw
rolling120,1983-04,1993-03,120,4.83239287944816,0.9340767716420177,2.949900463921217,0.8861,17722,0,20000,0.8816227786579683,0.8904289310995076,above,ff12,vw
rolling120,1983-05,1993-04,120,4.502581751433683,0.9250506959526943,2.575401192963613,0.9052,18104,0,20000,0.901061985361381,0.9091823886187518,above,ff12,vw
rolling120,1983-06,1993-05,120,4.576519099541926,0.9160649592648622,2.642881590973106,0.9001,18002,0,20000,0.895866992213663,0.9041793405342421,above,ff12,vw
rolling120,1983-07,1993-06,120,4.436725104585921,0.9080710456571217,2.530863157628166,0.90565,18113,0,20000,0.9015205354286882,0.909623665718994,above,ff12,vw
rolling120,1983-08,1993-07,120,4.741656928870184,0.8986007704652557,2.6484612065272426,0.917,18340,0,20000,0.9130959872677303,0.9207438546614785,above,ff12,vw
rolling120,1983-09,1993-08,120,4.654621425690906,0.8889909412380101,2.783468099368017,0.8915,17830,0,20000,0.8871142647900069,0.895735370978063,above,ff12,vw
rolling120,1983-10,1993-09,120,4.898825202146324,0.8796172267618392,2.726165376383885,0.9235,18470,0,20000,0.9197344456189622,0.9271028998415172,above,ff12,vw
rolling120,1983-11,1993-10,120,4.507287459471106,0.8695438513901499,2.8911686926503433,0.85585,17117,0,20000,0.8509137786623706,0.8606495492764996,above,ff12,vw
rolling120,1983-12,1993-11,120,4.653984217744944,0.8611893853213757,2.7213296003007756,0.89755,17951,0,20000,0.8932707628458353,0.9016765492859559,above,ff12,vw
rolling120,1984-01,1993-12,120,4.851190167472082,0.8519508794873576,2.8311343944891174,0.89855,17971,0,20000,0.8942887942849947,0.9026581337746841,above,ff12,vw
rolling120,1984-02,1994-01,120,5.627267493637534,0.8425771701926121,2.9970313512719318,0.9362,18724,0,20000,0.9327284254510304,0.939504042293624,above,ff12,vw
rolling120,1984-03,1994-02,120,5.092419722652354,0.833429234683762,3.0686896160643817,0.8869,17738,0,20000,0.8824361286153338,0.8912152738844524,above,ff12,vw
rolling120,1984-04,1994-03,120,4.845125933172,0.8250565805791805,2.8319045624563732,0.8971,17942,0,20000,0.8928126893020505,0.9012347956621911,above,ff12,vw
rolling120,1984-05,1994-04,120,4.5370735181519715,0.8152804616077218,2.8567374434693003,0.85675,17135,0,20000,0.8518262701729347,0.8615367121010347,above,ff12,vw
rolling120,1984-06,1994-05,120,4.968344315992859,0.8069947996476157,3.104903038460469,0.8699,17398,0,20000,0.8651665059389585,0.8744914257867352,above,ff12,vw
rolling120,1984-07,1994-06,120,4.708749172940842,0.7991032094556059,2.8931739328300483,0.8829,17658,0,20000,0.8783700636917872,0.887282875096448,above,ff12,vw
rolling120,1984-08,1994-07,120,4.708749172940842,0.7894670684805409,3.091602777520672,0.8502,17004,0,20000,0.8451868186132849,0.8550786793330192,above,ff12,vw
rolling120,1984-09,1994-08,120,4.403840343426569,0.7813032794147763,2.844486174125862,0.85525,17105,0,20000,0.8503054869795488,0.8600580714025887,above,ff12,vw
rolling120,1984-10,1994-09,120,4.340308990768713,0.7726493174188094,2.768795211073414,0.8611,17222,0,20000,0.8562375748444833,0.8658237367157979,above,ff12,vw
rolling120,1984-11,1994-10,120,4.322376101318228,0.7617677077475256,2.8278707749850067,0.84905,16981,0,20000,0.8440214558456893,0.8539444837835439,above,ff12,vw
rolling120,1984-12,1994-11,120,4.05641222666474,0.755471307719837,2.7265265810636166,0.82895,16579,0,20000,0.8236682909337665,0.8341053685449222,above,ff12,vw
rolling120,1985-01,1994-12,120,4.047545648965761,0.7519826922434465,2.683617707472135,0.83825,16765,0,20000,0.8330819271049651,0.8432881605030803,above,ff12,vw
rolling120,1985-02,1995-01,120,3.8898098474355827,0.7479791550430888,2.4665752352955397,0.8624,17248,0,20000,0.8575562004371701,0.8671046118293654,above,ff12,vw
rolling120,1985-03,1995-02,120,3.8969887793834648,0.744850936233109,2.5425129835736255,0.84945,16989,0,20000,0.8444267880483742,0.8543389979520144,above,ff12,vw
rolling120,1985-04,1995-03,120,3.9972498708826967,0.7420763770023671,2.644042065976878,0.8471,16942,0,20000,0.8420456335567109,0.8520210550131412,above,ff12,vw
rolling120,1985-05,1995-04,120,4.1783575726066315,0.7372334323482703,2.7459554316953554,0.8522,17044,0,20000,0.8472137770265542,0.8570509527755257,above,ff12,vw
rolling120,1985-06,1995-05,120,4.2972405580242565,0.7351624209049783,2.6648219980570103,0.88745,17749,0,20000,0.8829953471320834,0.891755844128041,above,ff12,vw
rolling120,1985-07,1995-06,120,4.609083516950601,0.7337818839216623,2.7141326063592914,0.91565,18313,0,20000,0.9117181299962674,0.9194222304302927,above,ff12,vw
rolling120,1985-08,1995-07,120,5.125462695029393,0.7308526161790003,2.8725130358196584,0.93905,18781,0,20000,0.9356493163928206,0.9422820567463139,above,ff12,vw
rolling120,1985-09,1995-08,120,5.179221925783714,0.729475508180051,2.930091087788848,0.937,18740,0,20000,0.9335481249359632,0.9402840355510014,above,ff12,vw
rolling120,1985-10,1995-09,120,5.681345565454989,0.7265529352537035,3.245021896155735,0.93905,18781,0,20000,0.9356493163928206,0.9422820567463139,above,ff12,vw
rolling120,1985-11,1995-10,120,5.315589979993546,0.7234652101832051,3.014212774424955,0.93765,18753,0,20000,0.9342142443494692,0.9409176664906223,above,ff12,vw
rolling120,1985-12,1995-11,120,5.469797628498473,0.7202104801371376,2.9133606929529905,0.9569,19138,0,20000,0.9539966372224433,0.9596278802294882,above,ff12,vw
rolling120,1986-01,1995-12,120,5.496177421597787,0.7174759180226622,2.80104765287972,0.9644,19288,0,20000,0.9617415660099625,0.9668800709011275,above,ff12,vw
rolling120,1986-02,1996-01,120,5.656228169666143,0.7152556329257755,2.856630604428597,0.96545,19309,0,20000,0.9628281079487119,0.9678931256866604,above,ff12,vw
rolling120,1986-03,1996-02,120,4.943361399824715,0.7128669351379546,2.6435076166293014,0.94955,18991,0,20000,0.9464293825948006,0.9524979577871556,above,ff12,vw
rolling120,1986-04,1996-03,120,4.522850944699876,0.70929136797713,2.4922559498599304,0.9371,18742,0,20000,0.9336505981734533,0.9403815239063,above,ff12,vw
rolling120,1986-05,1996-04,120,4.481056991518834,0.7082710985573268,2.6076791614232153,0.92205,18441,0,20000,0.9182529143796924,0.9256849879853498,above,ff12,vw
rolling120,1986-06,1996-05,120,4.2555115214903205,0.7070811395872898,2.5277068234333364,0.9168,18336,0,20000,0.9128918414659699,0.9205480772776611,above,ff12,vw
rolling120,1986-07,1996-06,120,3.888003666230918,0.7050432393012722,2.4474843115005656,0.88975,17795,0,20000,0.8853342592406287,0.8940160486536378,above,ff12,vw
rolling120,1986-08,1996-07,120,3.9751135225931478,0.7038558832850459,2.4621404250577994,0.89825,17965,0,20000,0.8939833717200701,0.9023636715612425,above,ff12,vw
rolling120,1986-09,1996-08,120,3.5726603994256347,0.7030078562676834,2.353268084647178,0.8661,17322,0,20000,0.8613100011347896,0.8707493900649306,above,ff12,vw
rolling120,1986-10,1996-09,120,4.324289251526183,0.70283831840245,2.849359019443119,0.8849,17698,0,20000,0.8804028831057789,0.8892492875382318,above,ff12,vw
rolling120,1986-11,1996-10,120,4.509759046864399,0.7021603019507663,2.7098151767782466,0.92615,18523,0,20000,0.9224430804787275,0.9296932471906546,above,ff12,vw
rolling120,1986-12,1996-11,120,4.7835126924858375,0.7024994114839773,2.896109558440015,0.931,18620,0,20000,0.927403964084956,0.9344305008346819,above,ff12,vw
rolling120,1987-01,1996-12,120,4.649296153208738,0.7019911521313602,2.9574182864500242,0.91025,18205,0,20000,0.9062095786164995,0.9141328557994667,above,ff12,vw
rolling120,1987-02,1997-01,120,4.1346054663124505,0.7024996139374147,2.695857726363935,0.89965,17993,0,20000,0.8954087742207859,0.9037377313595696,above,ff12,vw
rolling120,1987-03,1997-02,120,3.5898683867220074,0.7018215298534007,2.5230717053813647,0.8553,17106,0,20000,0.8503561768579845,0.8601073623205474,above,ff12,vw
rolling120,1987-04,1997-03,120,3.3428450157341736,0.7011439856989854,2.2922259687603908,0.8639,17278,0,20000,0.859077869503625,0.8685823666547421,above,ff12,vw
rolling120,1987-05,1997-04,120,3.3794408561425406,0.7009746165247821,2.497090462190117,0.82755,16551,0,20000,0.822251679436588,0.8327225177430579,above,ff12,vw
rolling120,1987-06,1997-05,120,3.6393418445132566,0.7028386054450622,2.7312970380736825,0.8298,16596,0,20000,0.8245284384294507,0.8349448945879427,above,ff12,vw
rolling120,1987-07,1997-06,120,3.4398803931994992,0.7009744310163302,2.7341565434194597,0.7917,15834,0,20000,0.7860161933682311,0.7972717727966373,above,ff12,vw
rolling120,1987-08,1997-07,120,3.392981763210284,0.7004664752833969,2.8573156854075985,0.7622,15244,0,20000,0.7562497080413102,0.7680495882508684,above,ff12,vw
rolling120,1987-09,1997-08,120,3.122078434074364,0.6994509682811378,2.5724403660121733,0.7683,15366,0,20000,0.7624014283853876,0.7740955250669067,above,ff12,vw
rolling120,1987-10,1997-09,120,3.124870629646117,0.699281784511274,2.8611703475709396,0.68575,13715,0,20000,0.6792812542696897,0.6921474043354675,above,ff12,vw
rolling120,1987-11,1997-10,120,3.3080103775470757,0.6962413200857072,3.819355108930428,0.44245,8849,0,20000,0.4355782388584713,0.4493438644915864,below,ff12,vw
rolling120,1987-12,1997-11,120,4.2339252314699305,0.6969174501584867,4.380979923979133,0.55865,11173,0,20000,0.5517577072980753,0.5655197668725436,above,ff12,vw
rolling120,1988-01,1997-12,120,4.42129725646289,0.6984387428222412,4.109948382243405,0.67475,13495,0,20000,0.6682244599432015,0.6812084234551898,above,ff12,vw
rolling120,1988-02,1998-01,120,4.1901624185267865,0.7008096813404898,3.9182641941247978,0.6716,13432,0,20000,0.6650589517530122,0.6780751414725327,above,ff12,vw
rolling120,1988-03,1998-02,120,4.39126212882978,0.6996245660936864,4.020620923053174,0.6967,13934,0,20000,0.6902919521855632,0.7030325008299653,above,ff12,vw
rolling120,1988-04,1998-03,120,4.791039077786003,0.6987784766043923,4.377045121807305,0.69875,13975,0,20000,0.6923537870266646,0.7050698786410338,above,ff12,vw
rolling120,1988-05,1998-04,120,4.6349433962781035,0.6982711766412415,4.384496238476148,0.66625,13325,0,20000,0.659683371507598,0.6727527765037471,above,ff12,vw
rolling120,1988-06,1998-05,120,5.006117496886439,0.6964125573055484,4.228182550786945,0.7597,15194,0,20000,0.7537289962356902,0.7655712602367691,above,ff12,vw
rolling120,1988-07,1998-06,120,5.2023958464578985,0.6950620447711231,4.14524282570084,0.81115,16223,0,20000,0.8056661587799432,0.8165143371823429,above,ff12,vw
rolling120,1988-08,1998-07,120,5.131759170484257,0.6932069375686081,4.078892726800004,0.82105,16421,0,20000,0.8156761850188886,0.8263005086294865,above,ff12,vw
rolling120,1988-09,1998-08,120,4.307816312497806,0.6905136965902705,3.4053964667699868,0.7951,15902,0,20000,0.7894496770005242,0.8006369833191629,above,ff12,vw
rolling120,1988-10,1998-09,120,4.527016658864913,0.6878255412389052,3.520692131059553,0.8156,16312,0,20000,0.8101648933737642,0.8209138934676226,above,ff12,vw
rolling120,1988-11,1998-10,120,4.011712788703963,0.6829605237758372,3.7663384657825496,0.66105,13221,0,20000,0.654459414701188,0.6675787304851408,above,ff12,vw
rolling120,1988-12,1998-11,120,4.141089865148533,0.6786096265283306,4.15811888087434,0.61035,12207,0,20000,0.6035707753415187,0.6170868423008988,above,ff12,vw
rolling120,1989-01,1998-12,120,4.734503162258731,0.6744393750463467,4.381396576040966,0.70575,14115,0,20000,0.6993953400627737,0.7120256371001392,above,ff12,vw
rolling120,1989-02,1999-01,120,5.251477310977511,0.6711088143799195,4.240577813640344,0.8323,16646,0,20000,0.827058558285363,0.8374138145517499,above,ff12,vw
rolling120,1989-03,1999-02,120,4.656585885702874,0.6667902745554608,4.128180789989385,0.7554,15108,0,20000,0.7493940194685729,0.7613078885139688,above,ff12,vw
rolling120,1989-04,1999-03,120,4.464035306049504,0.6628166015059591,4.211945088886903,0.70895,14179,0,20000,0.7026149308396843,0.7152048172924694,above,ff12,vw
rolling120,1989-05,1999-04,120,4.100896936248145,0.6578613518739753,4.196560371903898,0.6131,12262,0,20000,0.6063289818386473,0.6198275796054618,above,ff12,vw
rolling120,1989-06,1999-05,120,3.6665116420170483,0.6504594508089561,3.8874731354084124,0.5709,11418,0,20000,0.5640275311944736,0.5777452380927708,above,ff12,vw
rolling120,1989-07,1999-06,120,3.589186733594728,0.6453790970233264,4.1722232808502975,0.5034,10068,0,20000,0.4964706535125547,0.5103280406422637,not resolved,ff12,vw
rolling120,1989-08,1999-07,120,3.13291736623926,0.6401504842025967,3.645316218776281,0.5027,10054,0,20000,0.49577072877563144,0.5096282342296656,not resolved,ff12,vw
rolling120,1989-09,1999-08,120,3.4483042454421744,0.6344521253632986,3.502096623110771,0.6383,12766,0,20000,0.6316148629717965,0.6449320198550849,above,ff12,vw
rolling120,1989-10,1999-09,120,3.4367651942218345,0.6302299936932101,3.3997864886182114,0.66825,13365,0,20000,0.6616928229396604,0.6747425569274605,above,ff12,vw
rolling120,1989-11,1999-10,120,3.5534640097319015,0.6255342577161436,3.828292953808793,0.6038,12076,0,20000,0.5970021370029783,0.6105579963117744,above,ff12,vw
rolling120,1989-12,1999-11,120,3.9370426684995845,0.6202067544382974,3.9251151068194083,0.6981,13962,0,20000,0.6917000182396013,0.7044238970749702,above,ff12,vw
rolling120,1990-01,1999-12,120,4.107571953070682,0.6174691026317722,4.23042482608486,0.70925,14185,0,20000,0.7029167868187018,0.7155028460918185,above,ff12,vw
rolling120,1990-02,2000-01,120,4.054212446665845,0.6148958197798176,4.393928458677789,0.6607,13214,0,20000,0.6541078340540886,0.6672304455574792,above,ff12,vw
rolling120,1990-03,2000-02,120,4.781144563667642,0.612647779461938,4.457579890976083,0.83045,16609,0,20000,0.8251862300717021,0.8355868532988184,above,ff12,vw
rolling120,1990-04,2000-03,120,5.060867985368086,0.609923712266901,4.628545358430297,0.82875,16575,0,20000,0.8234659101082995,0.8339078261848116,above,ff12,vw
rolling120,1990-05,2000-04,120,4.5316857132878035,0.6062462621346005,4.440021184296086,0.7332,14664,0,20000,0.7270259702041706,0.7392844641792622,above,ff12,vw
rolling120,1990-06,2000-05,120,3.7881901508631586,0.6033745465288767,3.791865420426146,0.68655,13731,0,20000,0.6800855467885415,0.6929428045589258,above,ff12,vw
rolling120,1990-07,2000-06,120,3.3539422986444816,0.5997098725181285,4.058561566991956,0.5802,11604,0,20000,0.5733454417696394,0.5870237556469614,above,ff12,vw
rolling120,1990-08,2000-07,120,2.964644643033724,0.5965320618853946,4.018617468771126,0.4713,9426,0,20000,0.46438807938071547,0.47822294348890493,below,ff12,vw
rolling120,1990-09,2000-08,120,3.1587359769240715,0.593994359422632,4.9603704044285335,0.35405,7081,0,20000,0.3474508742576137,0.3607051810671632,below,ff12,vw
rolling120,1990-10,2000-09,120,2.6020115124385046,0.5925683207312995,4.996956443528637,0.18385,3677,0,20000,0.17854242213246194,0.18927900226581298,below,ff12,vw
rolling120,1990-11,2000-10,120,2.688282745163782,0.5906701463323343,4.937448370273695,0.18945,3789,0,20000,0.18407894962191607,0.19494032397253047,below,ff12,vw
rolling120,1990-12,2000-11,120,2.7117152911940448,0.589721153503658,3.9873011422959275,0.3085,6170,0,20000,0.30213615210994565,0.3149373976995424,below,ff12,vw
rolling120,1991-01,2000-12,120,2.88295724083242,0.5881409137884455,3.9205198927678016,0.3489,6978,0,20000,0.3423240608974667,0.3555339723986881,below,ff12,vw
rolling120,1991-02,2001-01,120,2.7027771232036213,0.588456898848889,3.854108541682063,0.33545,6709,0,20000,0.3289386407683579,0.34202455829770617,below,ff12,vw
rolling120,1991-03,2001-02,120,2.307623233191985,0.5868760301199389,3.0732674537101756,0.34565,6913,0,20000,0.33908912936755475,0.35227015216296476,below,ff12,vw
rolling120,1991-04,2001-03,120,2.190142052805241,0.5865600452473538,2.6809537212626293,0.38795,7759,0,20000,0.3812188570190205,0.3947241782611526,below,ff12,vw
rolling120,1991-05,2001-04,120,2.3990241240926276,0.5843505713954229,2.977265906106414,0.3866,7732,0,20000,0.37987344457081884,0.3933701092067057,below,ff12,vw
rolling120,1991-06,2001-05,120,2.1702557904529005,0.581985162957986,2.8577149382190314,0.3533,7066,0,20000,0.3467041984987556,0.35995214488010546,below,ff12,vw
rolling120,1991-07,2001-06,120,2.0658947732104838,0.5797796468972998,2.973268611483657,0.30075,6015,0,20000,0.29443322277126377,0.307143303597094,below,ff12,vw
rolling120,1991-08,2001-07,120,1.8466823732781812,0.5767927016001513,2.7243939615138975,0.2821,5642,0,20000,0.27590543428504016,0.2883782550282103,below,ff12,vw
rolling120,1991-09,2001-08,120,1.6168531372138202,0.574438342599155,2.4029756462908147,0.27155,5431,0,20000,0.2654303739320296,0.2777573673420046,below,ff12,vw
rolling120,1991-10,2001-09,120,1.4913534081490867,0.5716173302393313,2.13347732212315,0.30095,6019,0,20000,0.2946319811296296,0.30734446842430563,below,ff12,vw
rolling120,1991-11,2001-10,120,1.4915994677449547,0.5684872419496692,2.1639771997055113,0.3,6000,0,20000,0.2936878917285341,0.3063889226939078,below,ff12,vw
rolling120,1991-12,2001-11,120,1.6222250272009555,0.5650499753570908,2.5425755734305393,0.2559,5118,0,20000,0.24989966346414136,0.261994088538449,below,ff12,vw
rolling120,1992-01,2001-12,120,1.4801389363070103,0.5614639871688849,2.2409645810688814,0.27455,5491,0,20000,0.2684086250216378,0.28077796403605976,below,ff12,vw
rolling120,1992-02,2002-01,120,1.6104931084035181,0.5583516411709399,2.206849164426051,0.32965,6593,0,20000,0.3231683164896166,0.3361971101946983,below,ff12,vw
rolling120,1992-03,2002-02,120,1.539533679599486,0.5560206405110313,2.0951662762016636,0.321,6420,0,20000,0.3145646628410264,0.3275040860670591,below,ff12,vw
rolling120,1992-04,2002-03,120,1.6425762664006949,0.5527640695073701,2.306812409122402,0.29845,5969,0,20000,0.2921476051101809,0.30482980462403486,below,ff12,vw
rolling120,1992-05,2002-04,120,1.4952088822067893,0.5501327906814506,2.0958364078698435,0.30325,6065,0,20000,0.2969178052419374,0.3096577609461398,below,ff12,vw
rolling120,1992-06,2002-05,120,1.5333735943849267,0.5479686643282855,2.040432694068236,0.3297,6594,0,20000,0.32321805589274244,0.3362473515879668,below,ff12,vw
rolling120,1992-07,2002-06,120,1.41103658972344,0.54503690549433,1.8825002273593139,0.3299,6598,0,20000,0.32341701433861847,0.33644831632766836,below,ff12,vw
rolling120,1992-08,2002-07,120,1.1382834952742913,0.5425724861455208,1.5465916121429775,0.3399,6798,0,20000,0.3333666236171334,0.34649486632803134,below,ff12,vw
rolling120,1992-09,2002-08,120,1.185762712842425,0.5407261995074051,1.6183998758282518,0.32865,6573,0,20000,0.3221735459448143,0.3351922648116128,below,ff12,vw
rolling120,1992-10,2002-09,120,1.049193188981398,0.5388821226677791,1.3177162035424042,0.37445,7489,0,20000,0.36776720555773634,0.38118101469595156,below,ff12,vw
rolling120,1992-11,2002-10,120,1.2441319814668836,0.5375003069335667,1.4717727966272478,0.41625,8325,0,20000,0.4094351006752692,0.4230970653641283,below,ff12,vw
rolling120,1992-12,2002-11,120,1.3432610837487124,0.535812937545532,1.512270367598147,0.44445,8889,0,20000,0.4375747005334419,0.4513466346723914,below,ff12,vw
rolling120,1993-01,2002-12,120,1.1075608335992553,0.5332093456091269,1.328186908779935,0.4044,8088,0,20000,0.39761730987369676,0.4112194074202304,below,ff12,vw
rolling120,1993-02,2003-01,120,0.9484574656173623,0.5312207472360928,1.244642835244239,0.3711,7422,0,20000,0.36443006097078307,0.37781944592448063,below,ff12,vw
rolling120,1993-03,2003-02,120,0.8765384739075133,0.5292345299427312,1.1969939490665409,0.36275,7255,0,20000,0.35611360845383905,0.3694391054435617,below,ff12,vw
rolling120,1993-04,2003-03,120,0.8429477997253285,0.5269463984764828,1.1674350951159527,0.36,7200,0,20000,0.35337513113386293,0.3666786389618463,below,ff12,vw
rolling120,1993-05,2003-04,120,0.8758704322272546,0.5248137917747004,1.414753288395465,0.2871,5742,0,20000,0.2808714043900233,0.29341036456266617,below,ff12,vw
rolling120,1993-06,2003-05,120,0.9217446944178458,0.5228358852397701,1.4857134519473827,0.28395,5679,0,20000,0.27774273329745686,0.290240245482386,below,ff12,vw
rolling120,1993-07,2003-06,120,0.8773467261272825,0.5205573278054962,1.5096929849994853,0.25945,5189,0,20000,0.25342173005859386,0.26557065848799816,below,ff12,vw
rolling120,1993-08,2003-07,120,0.9731655855354937,0.5179785693684757,1.5724981147542287,0.2824,5648,0,20000,0.27620336585006877,0.28868020824154794,below,ff12,vw
rolling120,1993-09,2003-08,120,0.9889134153867951,0.5152530218125024,1.5336520818585462,0.29315,5863,0,20000,0.28688147725508584,0.29949796806132467,below,ff12,vw
rolling120,1993-10,2003-09,120,0.9143691324346963,0.5125326393675969,1.500760652795074,0.27765,5553,0,20000,0.27148651952803116,0.28389887890611865,below,ff12,vw
rolling120,1993-11,2003-10,120,1.1541378471819992,0.5102688208093737,1.6117251406355493,0.34815,6963,0,20000,0.3415775081657674,0.35478081318447163,below,ff12,vw
rolling120,1993-12,2003-11,120,1.172910290294694,0.5075571161934567,1.6924289872256293,0.3298,6596,0,20000,0.3233175349490252,0.33634783412447283,below,ff12,vw
rolling120,1994-01,2003-12,120,1.152104944734612,0.5053009696562023,1.7582333470429803,0.29405,5881,0,20000,0.28777565312081227,0.3004034465306972,below,ff12,vw
rolling120,1994-02,2004-01,120,0.9928608259350831,0.5025981848727796,1.7341603252010613,0.2484,4968,0,20000,0.24246041392410347,0.25443621861932836,below,ff12,vw
rolling120,1994-03,2004-02,120,1.179906568413243,0.5003490108608952,1.840547886492931,0.2851,5702,0,20000,0.2788849033052934,0.29139763379162037,below,ff12,vw
rolling120,1994-04,2004-03,120,1.2664683469094866,0.4976556547029716,1.9384260028163678,0.285,5700,0,20000,0.27878558219543736,0.29129699330868764,below,ff12,vw
rolling120,1994-05,2004-04,120,1.238396353171114,0.4948177712443744,1.8604172689129719,0.28835,5767,0,20000,0.2821130436063819,0.2946682452561672,below,ff12,vw
rolling120,1994-06,2004-05,120,1.2007504968353895,0.49094364225191445,1.8700559395911736,0.2742,5484,0,20000,0.2680611442555489,0.2804255792273879,below,ff12,vw
rolling120,1994-07,2004-06,120,1.3823767952808468,0.48752506945042007,2.007554250257306,0.29655,5931,0,20000,0.29025963036394575,0.30291850910728324,below,ff12,vw
rolling120,1994-08,2004-07,120,1.3941948301567653,0.4848550005184191,1.8021887611999703,0.3561,7122,0,20000,0.34949187881501015,0.3627633891619368,below,ff12,vw
rolling120,1994-09,2004-08,120,1.3373143352807388,0.4810086091650789,1.6891777957372622,0.3674,7348,0,20000,0.3607446602453612,0.37410626771671773,below,ff12,vw
rolling120,1994-10,2004-09,120,1.5007034309826954,0.47717218156337604,1.788421588382473,0.3956,7912,0,20000,0.3888438884523192,0.4023962086761954,below,ff12,vw
rolling120,1994-11,2004-10,120,1.4940124199197165,0.4731989150857703,1.7829395838835396,0.3971,7942,0,20000,0.39033919652130766,0.4039003244990387,below,ff12,vw
rolling120,1994-12,2004-11,120,1.6718104659930435,0.46996982510550844,2.0238542208940107,0.3827,7654,0,20000,0.3759870049398918,0.3894580467188703,below,ff12,vw
rolling120,1995-01,2004-12,120,1.5471763874583848,0.4658719402884084,2.0919133287285447,0.3211,6422,0,20000,0.3146641125960857,0.3276045979047885,below,ff12,vw
rolling120,1995-02,2005-01,120,1.404668031103605,0.4620766136156844,1.9464222006598288,0.3052,6104,0,20000,0.2988559343795721,0.31161888286788636,below,ff12,vw
rolling120,1995-03,2005-02,120,1.3673007307766443,0.45858160975843587,1.8900598034733131,0.30285,6057,0,20000,0.29652025702780543,0.3092554627891167,below,ff12,vw
rolling120,1995-04,2005-03,120,1.2592069437022384,0.45495185261689075,1.7667430773241333,0.3008,6016,0,20000,0.2944829122262085,0.3071935949385436,below,ff12,vw
rolling120,1995-05,2005-04,120,1.0949655508012017,0.45162012296633414,1.6331947766634367,0.2858,5716,0,20000,0.2795801616069836,0.2921021066394516,below,ff12,vw
rolling120,1995-06,2005-05,120,1.078072308722457,0.4472886525377491,1.6446500903670191,0.27665,5533,0,20000,0.2704936096577403,0.28289217284852164,below,ff12,vw
rolling120,1995-07,2005-06,120,0.8829926078489492,0.4438314088171458,1.5836532184310421,0.21685,4337,0,20000,0.21119336049446874,0.22261538952410326,below,ff12,vw
rolling120,1995-08,2005-07,120,0.8003024673315824,0.4408129459415695,1.5836532184310421,0.18495,3699,0,20000,0.1796298088934479,0.19039119302550359,below,ff12,vw
rolling120,1995-09,2005-08,120,0.7486337865191672,0.4383750221751712,1.5345479503713735,0.1765,3530,0,20000,0.17127857674722663,0.18184567058107298,below,ff12,vw
rolling120,1995-10,2005-09,120,0.8522462960897264,0.43636991908740286,1.460799662384849,0.2321,4642,0,20000,0.22630087774494356,0.23800201517391728,below,ff12,vw
rolling120,1995-11,2005-10,120,0.6615657238212795,0.43351061796450585,1.4426470375511689,0.1735,3470,0,20000,0.16831470304730717,0.1788106964973291,below,ff12,vw
rolling120,1995-12,2005-11,120,0.6890456511536676,0.43194035140429765,1.431882354304633,0.1901,3802,0,20000,0.18472170037125368,0.19559732357631993,below,ff12,vw
rolling120,1996-01,2005-12,120,0.6000393735690286,0.42951792270752476,1.3971514431085166,0.16875,3375,0,20000,0.16362308170158574,0.17400414218558358,below,ff12,vw
rolling120,1996-02,2006-01,120,0.5282224247883716,0.42837920485611947,1.4132585080198519,0.13825,2765,0,20000,0.1335358079388843,0.14310313014770737,below,ff12,vw
rolling120,1996-03,2006-02,120,0.5663970747603302,0.4276677897725176,1.3734013089098105,0.1591,3182,0,20000,0.15409631822019468,0.1642346119628574,below,ff12,vw
rolling120,1996-04,2006-03,120,0.631266327931227,0.4273833654693455,1.3900641678965204,0.18305,3661,0,20000,0.1777516406511342,0.18847009100483048,below,ff12,vw
rolling120,1996-05,2006-04,120,0.7144090283013556,0.4259625180022244,1.3567263629795092,0.2194,4388,0,20000,0.21371875693106007,0.22518901370362582,below,ff12,vw
rolling120,1996-06,2006-05,120,0.5858160338421183,0.426104517854645,1.2212111576359694,0.1965,3930,0,20000,0.19105160175390112,0.20206496413215436,below,ff12,vw
rolling120,1996-07,2006-06,120,0.6032408106917426,0.426104517854645,1.2386640104913744,0.1967,3934,0,20000,0.19124944804847427,0.2022670410231588,below,ff12,vw
rolling120,1996-08,2006-07,120,0.7516178653967218,0.42539465995626013,1.3604412674913293,0.2196,4392,0,20000,0.21391684072964454,0.22539085309061888,below,ff12,vw
rolling120,1996-09,2006-08,120,0.8061848500128721,0.4255366173967494,1.3437411112084376,0.2443,4886,0,20000,0.238394640614899,0.25030356662419284,below,ff12,vw
rolling120,1996-10,2006-09,120,0.6705033839106118,0.42511082987661886,1.2726176256146302,0.2098,4196,0,20000,0.2042130696012159,0.21549838812574715,below,ff12,vw
rolling120,1996-11,2006-10,120,0.6663849420386525,0.424968914836799,1.3251196025515264,0.1906,3812,0,20000,0.18521614051075402,0.19610269140076347,below,ff12,vw
rolling120,1996-12,2006-11,120,0.5847416126215559,0.42511082987661886,1.2261505138998854,0.1816,3632,0,20000,0.17631844703886967,0.18700384152165772,below,ff12,vw
rolling120,1997-01,2006-12,120,0.630704498023106,0.42425967867422365,1.2822776380352723,0.1859,3718,0,20000,0.18056897327767377,0.19135166377277116,below,ff12,vw
rolling120,1997-02,2007-01,120,0.5419416657397196,0.42411789075200623,1.2045489906531763,0.1675,3350,0,20000,0.16238868968444686,0.1727390142928627,below,ff12,vw
rolling120,1997-03,2007-02,120,0.6806498091048578,0.42397603221124003,1.1716716210598106,0.2277,4554,0,20000,0.22194085482493486,0.23356372801121972,below,ff12,vw
rolling120,1997-04,2007-03,120,0.8503819605731309,0.42397603221124003,1.30209483024829,0.2592,5184,0,20000,0.2531736801546259,0.26531880440999406,below,ff12,vw
rolling120,1997-05,2007-04,120,0.8259585352080505,0.42411782012642596,1.2901954217258997,0.24445,4889,0,20000,0.23854337555958383,0.2504547740686912,below,ff12,vw
rolling120,1997-06,2007-05,120,0.7396548740956848,0.4229840811911081,1.213727415665662,0.23275,4655,0,20000,0.22694504801558554,0.23865759525640237,below,ff12,vw
rolling120,1997-07,2007-06,120,0.7324406654945783,0.4234094027257871,1.085951247230092,0.26875,5375,0,20000,0.2626509925153145,0.2749378241606339,below,ff12,vw
rolling120,1997-08,2007-07,120,0.6781428189756489,0.4229842082412525,0.8718188841860515,0.32175,6435,0,20000,0.3153105442950181,0.32825791655898323,below,ff12,vw
rolling120,1997-09,2007-08,120,0.7058849365712896,0.4231259256208202,0.9699674187633487,0.2966,5932,0,20000,0.29030931223180845,0.30296880803581483,below,ff12,vw
rolling120,1997-10,2007-09,120,0.7187520698323433,0.4214256556977367,0.9282513380483743,0.3218,6436,0,20000,0.3153602704051855,0.3283081712452101,below,ff12,vw
rolling120,1997-11,2007-10,120,0.9141584802133254,0.4200101750607148,1.0378156088606865,0.3801,7602,0,20000,0.3733962999228879,0.386849750323366,below,ff12,vw
rolling120,1997-12,2007-11,120,0.5987062695240293,0.41930292823580184,0.8832743593591592,0.2823,5646,0,20000,0.27610405494856655,0.2885795575502614,below,ff12,vw
rolling120,1998-01,2007-12,120,0.5486699557889259,0.416336630316519,0.8386943455485742,0.2777,5554,0,20000,0.2715361660348423,0.28394921319570177,below,ff12,vw
rolling120,1998-02,2008-01,120,0.37153594809473134,0.41323403090728217,0.7162122207208221,0.2348,4696,0,20000,0.22897678869405497,0.2407250672301029,below,ff12,vw
rolling120,1998-03,2008-02,120,0.33751874949927574,0.409573896949359,0.5503745475586359,0.28645,5729,0,20000,0.2802257750806508,0.29275624351891144,below,ff12,vw
rolling120,1998-04,2008-03,120,0.22326658282044276,0.4064848815361817,0.4630876495886209,0.26075,5215,0,20000,0.25471163093767035,0.2668802583151757,below,ff12,vw
rolling120,1998-05,2008-04,120,0.2618391342040731,0.40298372430842044,0.5154389127250332,0.2581,5162,0,20000,0.2520822911733118,0.26421061587063155,below,ff12,vw
rolling120,1998-06,2008-05,120,0.23960984375695382,0.39990945718344184,0.5889298370860949,0.21645,4329,0,20000,0.21079724896988192,0.22221165467753498,below,ff12,vw
rolling120,1998-07,2008-06,120,0.11702184496769652,0.3965633933479267,0.4070311124930346,0.2274,4548,0,20000,0.22164361343752437,0.2332610846202638,below,ff12,vw
rolling120,1998-08,2008-07,120,-0.04800300722943118,0.39308589485851475,0.4274228677465557,0.1223,2446,0,20000,0.11783172464814538,0.12691333938863605,below,ff12,vw
rolling120,1998-09,2008-08,120,0.19551744760933754,0.38892453103836555,0.7197417484607116,0.14995,2999,0,20000,0.14506925352324201,0.15496519091963679,below,ff12,vw
rolling120,1998-10,2008-09,120,0.03946025651898277,0.3846385803652428,0.46415893821127563,0.156,3120,0,20000,0.15103728328874783,0.16109483751785214,below,ff12,vw
rolling120,1998-11,2008-10,120,-0.15535256362266892,0.38132604787633073,0.13093655917008862,0.19585,3917,0,20000,0.1904086165592231,0.20140819897370532,below,ff12,vw
rolling120,1998-12,2008-11,120,-0.20286554484590713,0.37747028779851877,-0.018855658527848762,0.2392,4784,0,20000,0.2333382410706415,0.24516192493622263,below,ff12,vw
rolling120,1999-01,2008-12,120,-0.30196238830286093,0.37225571607742447,-0.0626953944276647,0.17105,3421,0,20000,0.1658946314550777,0.17633170906623352,below,ff12,vw
rolling120,1999-02,2009-01,120,-0.39873688693634257,0.3674695725734174,-0.17030081577431055,0.14415,2883,0,20000,0.13935045072350027,0.14908622133762933,below,ff12,vw
rolling120,1999-03,2009-02,120,-0.4051962328303885,0.36283639215812147,-0.2254589624352058,0.18255,3651,0,20000,0.17725742167554193,0.18796450201647885,below,ff12,vw
rolling120,1999-04,2009-03,120,-0.3413560379247499,0.3572726868829563,-0.18729468457617637,0.21735,4347,0,20000,0.21168851103270833,0.22312004694980755,below,ff12,vw
rolling120,1999-05,2009-04,120,-0.27617437455489324,0.3524045174371271,-0.1448393500773857,0.25005,5001,0,20000,0.24409684411640706,0.25609915470803957,below,ff12,vw
rolling120,1999-06,2009-05,120,-0.277070753038417,0.3478219228992694,-0.08079840643279246,0.20695,4139,0,20000,0.20139196850491906,0.2126205838275638,below,ff12,vw
rolling120,1999-07,2009-06,120,-0.23392394049138,0.3425863596529477,-0.12222671824707976,0.26795,5359,0,20000,0.2618569406527695,0.2741321832808687,below,ff12,vw
rolling120,1999-08,2009-07,120,-0.06649095556825158,0.3376375954262929,-0.023840735794435353,0.33945,6789,0,20000,0.33291882063541556,0.3460428421421996,below,ff12,vw
rolling120,1999-09,2009-08,120,-0.09303623645256731,0.33257431934040804,0.018746701302797986,0.28075,5615,0,20000,0.27456478461625156,0.28701942319435036,below,ff12,vw
rolling120,1999-10,2009-09,120,-0.07371211105138675,0.32753020895740814,0.0862665861361227,0.23775,4755,0,20000,0.2319008480400554,0.2436998748713714,below,ff12,vw
rolling120,1999-11,2009-10,120,-0.10626392308899435,0.32237295443511105,-0.005649848321864548,0.26805,5361,0,20000,0.2619561957416981,0.2742328897847289,below,ff12,vw
rolling120,1999-12,2009-11,120,-0.181805429190653,0.31762948827731297,0.01217313791810204,0.17235,3447,0,20000,0.16717870300998552,0.1776471382175798,below,ff12,vw
rolling120,2000-01,2009-12,120,-0.219846428082201,0.31198850181814075,-0.037358739043847344,0.1474,2948,0,20000,0.14255462955393602,0.15238079427282894,below,ff12,vw
rolling120,2000-02,2010-01,120,-0.17965270520467846,0.30663131343306493,-0.027497879466789943,0.17485,3497,0,20000,0.16964837587901496,0.18017650516826986,below,ff12,vw
rolling120,2000-03,2010-02,120,-0.25303462787799247,0.3010368549567508,-0.02277194827555129,0.08895,1779,0,20000,0.08508325153868364,0.09297462130303998,below,ff12,vw
rolling120,2000-04,2010-03,120,-0.21605188636820893,0.29508008225564497,-0.016946307921781645,0.1131,2262,0,20000,0.10878472611554756,0.11756387138466622,below,ff12,vw
rolling120,2000-05,2010-04,120,-0.06019094602947794,0.2892789072903348,0.06592406284658492,0.1989,3978,0,20000,0.19342590229873263,0.2044897418142535,below,ff12,vw
rolling120,2000-06,2010-05,120,-0.12180826967896807,0.28299287082692914,0.021561392454467976,0.1961,3922,0,20000,0.19065591579150817,0.20166080372339215,below,ff12,vw
rolling120,2000-07,2010-06,120,-0.1738800910766236,0.27800913357969326,-0.08178080017772626,0.1883,3766,0,20000,0.18294183484581633,0.19377788043155925,below,ff12,vw
rolling120,2000-08,2010-07,120,-0.05617854880622686,0.2720311848059822,0.0018895820101600957,0.22225,4445,0,20000,0.21654163467099521,0.22806504135817088,below,ff12,vw
rolling120,2000-09,2010-08,120,-0.03266012212206715,0.2658292417158834,-0.1127132437940338,0.32135,6427,0,20000,0.31491273847235834,0.32785587601048793,below,ff12,vw
rolling120,2000-10,2010-09,120,0.17667853939734557,0.25953221036718266,0.022521689385985644,0.41125,8225,0,20000,0.40444819282043143,0.4180858935795272,below,ff12,vw
rolling120,2000-11,2010-10,120,0.29885781212435547,0.25264336076791927,0.08631164955426729,0.47065,9413,0,20000,0.46373872787270165,0.47757254464379173,below,ff12,vw
rolling120,2000-12,2010-11,120,0.252560141470739,0.24641192429011682,0.2168238720093454,0.36465,7293,0,20000,0.3580057850699006,0.3713461990904869,below,ff12,vw
rolling120,2001-01,2010-12,120,0.29366274095375045,0.2403348910274088,0.2784549001451455,0.36635,7327,0,20000,0.35969888025583774,0.37305245098195905,below,ff12,vw
rolling120,2001-02,2011-01,120,0.3193191069060124,0.23379642382784094,0.25628302597363395,0.38765,7753,0,20000,0.38091987175633135,0.39442327874547534,below,ff12,vw
rolling120,2001-03,2011-02,120,0.49992939132031267,0.22924865856766652,0.43898982133936104,0.43465,8693,0,20000,0.4277931203212057,0.44153197879132716,below,ff12,vw
rolling120,2001-04,2011-03,120,0.5843363002763757,0.22422981819709564,0.5515822416201808,0.42495,8499,0,20000,0.4181140416463586,0.4318147829656627,below,ff12,vw
rolling120,2001-05,2011-04,120,0.4805600863116295,0.21947387010369113,0.47394583329686624,0.3907,7814,0,20000,0.38395968066149977,0.39748229842036464,below,ff12,vw
rolling120,2001-06,2011-05,120,0.503696140213383,0.21558400129953248,0.4408185358554424,0.4277,8554,0,20000,0.42085783733991905,0.43456993107379377,below,ff12,vw
rolling120,2001-07,2011-06,120,0.5945288765846044,0.21218986966447217,0.4396464239694515,0.48595,9719,0,20000,0.4790265799363308,0.4928788162768457,below,ff12,vw
rolling120,2001-08,2011-07,120,0.6612693779082301,0.20856417713307263,0.43202071203643677,0.55325,11065,0,20000,0.5463503192136056,0.5601292289464194,above,ff12,vw
rolling120,2001-09,2011-08,120,0.8505746711106679,0.20494968951329495,0.43415555283811,0.682,13640,0,20000,0.6755114277223842,0.6884186711531939,above,ff12,vw
rolling120,2001-10,2011-09,120,0.9188327736387256,0.20158525081102407,0.4558947297154885,0.70965,14193,0,20000,0.7033192666360237,0.7159002126456515,above,ff12,vw
rolling120,2001-11,2011-10,120,1.0219183976619788,0.19894756616546028,0.578235250820111,0.6665,13330,0,20000,0.6599345456984791,0.673001506294838,above,ff12,vw
rolling120,2001-12,2011-11,120,0.990972678376258,0.1969128143810126,0.46144291146044214,0.72215,14443,0,20000,0.7158997845138046,0.7283148938664679,above,ff12,vw
rolling120,2002-01,2011-12,120,1.0226454213468008,0.19512013417974283,0.44693763099095496,0.74845,14969,0,20000,0.7423891859926314,0.7544153912910901,above,ff12,vw
rolling120,2002-02,2012-01,120,1.0527219331883892,0.19344930515252945,0.5400283499047611,0.70775,14155,0,20000,0.7014075401508786,0.7140126688678099,above,ff12,vw
rolling120,2002-03,2012-02,120,1.0815032121715022,0.19189983536655286,0.6437673545646039,0.68715,13743,0,20000,0.6806887807470773,0.6935393401571229,above,ff12,vw
rolling120,2002-04,2012-03,120,1.0118485618261701,0.190352377276094,0.624080574903727,0.67615,13523,0,20000,0.6696314596242291,0.6826008860732052,above,ff12,vw
rolling120,2002-05,2012-04,120,0.9273718440334111,0.18856952299160645,0.6960984727375659,0.5907,11814,0,20000,0.5838686602061315,0.597496504453291,above,ff12,vw
rolling120,2002-06,2012-05,120,0.7578049327776841,0.1870265427840081,0.6112763786362949,0.53535,10707,0,20000,0.5284316930574514,0.5422547299933819,above,ff12,vw
rolling120,2002-07,2012-06,120,1.0483480390447277,0.18548541174873479,0.8018891601348197,0.59785,11957,0,20000,0.5910363071847548,0.6046261113590655,above,ff12,vw
rolling120,2002-08,2012-07,120,1.28505870993787,0.1837098469782672,0.9749065729663806,0.60755,12151,0,20000,0.6007626516826412,0.6142960413616907,above,ff12,vw
rolling120,2002-09,2012-08,120,1.267764674095012,0.18217317551724088,1.0123874111456908,0.5828,11656,0,20000,0.5759508938432367,0.5896173049858724,above,ff12,vw
rolling120,2002-10,2012-09,120,1.5155802784894008,0.18063849893628192,1.3023684033531002,0.55,11000,0,20000,0.5430962690947982,0.5568845272995915,above,ff12,vw
rolling120,2002-11,2012-10,120,1.3225318676401492,0.17910581464567144,1.0949036453921295,0.5376,10752,0,20000,0.5306835411890337,0.5445020176995471,above,ff12,vw
rolling120,2002-12,2012-11,120,1.130389664119253,0.17781035280377155,0.9904349398479693,0.4903,9806,0,20000,0.48337431276266557,0.4972294127368229,below,ff12,vw
rolling120,2003-01,2012-12,120,1.5332072920679787,0.17663383661877097,1.1347335618782832,0.625,12500,0,20000,0.6182671187713681,0.6316848722146057,above,ff12,vw
rolling120,2003-02,2013-01,120,1.730548604736117,0.17545837824053034,1.3107128281297071,0.60905,12181,0,20000,0.6022669745793507,0.6157911423568128,above,ff12,vw
rolling120,2003-03,2013-02,120,1.822969797877048,0.1744014169652619,1.3829446617755492,0.60495,12099,0,20000,0.5981553171535443,0.6117043744782793,above,ff12,vw
rolling120,2003-04,2013-03,120,1.906963579055263,0.17322818877648527,1.4500599131448575,0.60975,12195,0,20000,0.6029690148774696,0.6164888332082155,above,ff12,vw
rolling120,2003-05,2013-04,120,1.8601265328021448,0.17205613264384145,1.2980059547376412,0.65565,13113,0,20000,0.6490354710393635,0.6622047481363711,above,ff12,vw
rolling120,2003-06,2013-05,120,1.5461734237945257,0.17100223063626907,1.2256925960715037,0.5608,11216,0,20000,0.5539108783022333,0.5676657701133443,above,ff12,vw
rolling120,2003-07,2013-06,120,1.5081294709949056,0.16983239823803076,1.1660601703296343,0.57015,11403,0,20000,0.5632761947320015,0.5769968626093271,above,ff12,vw
rolling120,2003-08,2013-07,120,1.5631498418782663,0.1690140883761675,1.2348071972199803,0.55025,11005,0,20000,0.5433465700857183,0.5571341302906432,above,ff12,vw
rolling120,2003-09,2013-08,120,1.3911296055301388,0.16819635093051621,1.1232850802493353,0.53585,10717,0,20000,0.5289320915338898,0.5427541394808877,above,ff12,vw
rolling120,2003-10,2013-09,120,1.6572267095592816,0.16726254089779768,1.229191549751858,0.6017,12034,0,20000,0.5948964307494408,0.6084645091167477,above,ff12,vw
rolling120,2003-11,2013-10,120,1.4731402480620135,0.1664460286777234,1.187610774730579,0.5331,10662,0,20000,0.5261799862671556,0.5400073009459304,above,ff12,vw
rolling120,2003-12,2013-11,120,1.5081031575182209,0.16563008761639186,1.2240637643706354,0.5402,10804,0,20000,0.5332858530225627,0.5470987072785266,above,ff12,vw
rolling120,2004-01,2013-12,120,1.5221663809459143,0.1646983289532291,1.1908210751647497,0.5878,11756,0,20000,0.5809619279722741,0.594604350496274,above,ff12,vw
rolling120,2004-02,2014-01,120,1.4337228198244727,0.16388361042593091,1.0720855169920576,0.59995,11999,0,20000,0.593141775008241,0.6067198369841437,above,ff12,vw
rolling120,2004-03,2014-02,120,1.4758601672884328,0.16318569900652724,1.1374381057400837,0.5878,11756,0,20000,0.5809619279722741,0.594604350496274,above,ff12,vw
rolling120,2004-04,2014-03,120,1.414223576441119,0.16213977321063777,1.1733614352483204,0.5361,10722,0,20000,0.5291822933899943,0.5430038416067549,above,ff12,vw
rolling120,2004-05,2014-04,120,1.5804992545060412,0.161210804566984,1.2076415840692731,0.6023,12046,0,20000,0.5954980478070269,0.6090626616158941,above,ff12,vw
rolling120,2004-06,2014-05,120,1.5889683221737423,0.16051449586946243,1.2253044612235193,0.5921,11842,0,20000,0.5852719979008978,0.5988926290575676,above,ff12,vw
rolling120,2004-07,2014-06,120,1.5560722710480759,0.15958682640833555,1.2399316954923303,0.577,11540,0,20000,0.5701389988757161,0.5838314275716437,above,ff12,vw
rolling120,2004-08,2014-07,120,1.3858653679817725,0.15842839801032516,1.2844691672640391,0.4829,9658,0,20000,0.4759784826247242,0.4898280850083946,below,ff12,vw
rolling120,2004-09,2014-08,120,1.4272345606328467,0.15715552693070123,1.3770519664164844,0.45775,9155,0,20000,0.450854036214054,0.46466219083268684,below,ff12,vw
rolling120,2004-10,2014-09,120,1.2255969900748531,0.15588405447078313,1.2912808454180724,0.4067,8134,0,20000,0.3999107382313046,0.4135250956967646,below,ff12,vw
rolling120,2004-11,2014-10,120,1.3423612200787796,0.15461397909377972,1.3133970202285687,0.45165,9033,0,20000,0.4447628965242079,0.45855567336241737,below,ff12,vw
rolling120,2004-12,2014-11,120,1.2894353349459111,0.1528846521156062,1.2665456476370083,0.45615,9123,0,20000,0.44925625925830365,0.4630605823038167,below,ff12,vw
rolling120,2005-01,2014-12,120,1.3810689940680168,0.15104298334225819,1.1871137042027318,0.5475,10950,0,20000,0.5405933558422673,0.5543884007324027,above,ff12,vw
rolling120,2005-02,2015-01,120,1.532348871427386,0.14920425653180724,1.1756628471126653,0.63575,12715,0,20000,0.6290552849782248,0.6423925772325428,above,ff12,vw
rolling120,2005-03,2015-02,120,1.6565403081875485,0.14736846698463157,1.2628684629955633,0.6593,13186,0,20000,0.6527015514106237,0.6658372659019013,above,ff12,vw
rolling120,2005-04,2015-03,120,1.7693387264100964,0.1449640424953913,1.2771452356327617,0.7014,14028,0,20000,0.6950193091923675,0.7077033386842335,above,ff12,vw
rolling120,2005-05,2015-04,120,1.8884563790133932,0.14256465671628704,1.3469061398801188,0.7066,14132,0,20000,0.7002505071615865,0.7128701435400311,above,ff12,vw
rolling120,2005-06,2015-05,120,1.8383822576534157,0.13982906695559372,1.2899785869635902,0.7172,14344,0,20000,0.7109171927887126,0.7233993867485156,above,ff12,vw
rolling120,2005-07,2015-06,120,1.8655041963455385,0.1372134759608834,1.2370508009540164,0.7544,15088,0,20000,0.7483860014281754,0.7603162906264784,above,ff12,vw
rolling120,2005-08,2015-07,120,1.8365653308940058,0.1344906982849996,1.1814252098012625,0.78085,15617,0,20000,0.7750632882789649,0.7865288450683213,above,ff12,vw
rolling120,2005-09,2015-08,120,1.6756523794554568,0.13109740606679887,1.0687219093554265,0.775,15500,0,20000,0.7691602153852649,0.7807341647838776,above,ff12,vw
rolling120,2005-10,2015-09,120,1.4805787116637203,0.12782670861182477,0.9900952852328573,0.73505,14701,0,20000,0.7288891978608096,0.7411205259892155,above,ff12,vw
rolling120,2005-11,2015-10,120,1.948862493384742,0.12478977621604148,1.182966171066277,0.80245,16049,0,20000,0.7968741567648591,0.8079096806248033,above,ff12,vw
rolling120,2005-12,2015-11,120,1.8534738894260836,0.1213137037344647,1.1125953408788996,0.799,15980,0,20000,0.7933888351419601,0.8044963272964895,above,ff12,vw
rolling120,2006-01,2015-12,120,1.7724012088871106,0.11784871920338724,1.0657332140128797,0.79775,15955,0,20000,0.7921261961756288,0.8032594463529606,above,ff12,vw
rolling120,2006-02,2016-01,120,1.6081756461136618,0.11406128956184114,0.883697717982145,0.8203,16406,0,20000,0.8149176434515754,0.825559338250884,above,ff12,vw
rolling120,2006-03,2016-02,120,1.5886175455606617,0.11050837335036223,0.8821913623500128,0.80705,16141,0,20000,0.8015222705123286,0.8124598001456176,above,ff12,vw
rolling120,2006-04,2016-03,120,1.6749378700005892,0.1066359221132136,0.9770032406773443,0.78725,15745,0,20000,0.7815232708549308,0.792866404430837,above,ff12,vw
rolling120,2006-05,2016-04,120,1.5332108515900562,0.10277658998149164,0.9738741426606428,0.73035,14607,0,20000,0.7241558602587406,0.7364556687302122,above,ff12,vw
rolling120,2006-06,2016-05,120,1.607979398887402,0.09816475917603262,1.0741266540871965,0.7314,14628,0,20000,0.7252132315640923,0.7374978941491425,above,ff12,vw
rolling120,2006-07,2016-06,120,1.6914389388739357,0.09400835869309576,1.0728828000217754,0.7598,15196,0,20000,0.75382981935977,0.7656703987054782,above,ff12,vw
rolling120,2006-08,2016-07,120,1.4973410816013315,0.08986768960640878,1.1629719551366424,0.6418,12836,0,20000,0.6351283400063261,0.6484171985681626,above,ff12,vw
rolling120,2006-09,2016-08,120,1.4853768937837226,0.08552645204573817,1.1220137746294205,0.66305,13261,0,20000,0.6564685238061445,0.6695688532359598,above,ff12,vw
rolling120,2006-10,2016-09,120,1.5953246047571943,0.08131018557528868,1.0813375203675757,0.73065,14613,0,20000,0.7244579618806223,0.7367534518866966,above,ff12,vw
rolling120,2006-11,2016-10,120,1.44064128468279,0.07711029540125858,0.9684636724039966,0.7339,14678,0,20000,0.7277309591015743,0.73997920643138,above,ff12,vw
rolling120,2006-12,2016-11,120,1.6831188897584832,0.07271261345429059,1.0214726334215345,0.7992,15984,0,20000,0.7935908651638565,0.8046942204601705,above,ff12,vw
rolling120,2007-01,2016-12,120,1.7855628093874438,0.06875938967960882,1.033252078890361,0.82035,16407,0,20000,0.8149682118167073,0.8256087506821465,above,ff12,vw
