kind,start,end,n_months,n_paths,tbill,market,mean,sd,median,skew,pct_positive,pct_above_tbill,pct_above_vw,basis,rule
decade,1927-01,1936-12,120,1,0.17829792952375323,0.7835422753128123,1.0537636387849063,,1.0537636387849063,,1.0,1.0,1.0,single realization,a
decade,1937-01,1946-12,120,1,0.019382264221265322,0.6766558202743986,1.1981629221093657,,1.1981629221093657,,1.0,1.0,1.0,single realization,a
decade,1947-01,1956-12,120,1,0.1435189441161644,3.637739702560718,2.953277145287803,,2.953277145287803,,1.0,1.0,0.0,single realization,a
decade,1957-01,1966-12,120,1,0.34984022669139314,1.4871673872372133,2.040423446664028,,2.040423446664028,,1.0,1.0,1.0,single realization,a
decade,1967-01,1976-12,120,1,0.7324866552416902,0.8192557564736382,0.8458462149047963,,0.8458462149047963,,1.0,1.0,1.0,single realization,a
decade,1977-01,1986-12,120,1,1.3980872024646285,2.9835549677876756,3.682792171234709,,3.682792171234709,,1.0,1.0,1.0,single realization,a
decade,1987-01,1996-12,120,1,0.7019911521313602,2.9574182864500242,2.778725359007227,,2.778725359007227,,1.0,1.0,0.0,single realization,a
decade,1997-01,2006-12,120,1,0.42425967867422365,1.2822776380352723,1.7755116965520337,,1.7755116965520337,,1.0,1.0,1.0,single realization,a
decade,2007-01,2016-12,120,1,0.06875938967960882,1.033252078890361,1.193504744725876,,1.193504744725876,,1.0,1.0,1.0,single realization,a
holdout decade,1996-01,2005-12,120,1,0.42951792270752476,1.3971514431085166,1.8879522950148475,,1.8879522950148475,,1.0,1.0,1.0,single realization,a
holdout decade,2006-01,2015-12,120,1,0.11784871920338724,1.0657332140128797,1.1556045609503727,,1.1556045609503727,,1.0,1.0,1.0,single realization,a
holdout decade,2016-01,2025-12,120,1,0.23203150547671503,2.9468319913325263,2.4772930797361514,,2.4772930797361514,,1.0,1.0,0.0,single realization,a
rolling120,1927-01,1936-12,120,1,0.17829792952375323,0.7835422753128123,1.0537636387849063,,1.0537636387849063,,1.0,1.0,1.0,single realization,a
rolling120,1927-02,1937-01,120,1,0.17547706665008045,0.8397897163306616,1.1362345131148883,,1.1362345131148883,,1.0,1.0,1.0,single realization,a
rolling120,1927-03,1937-02,120,1,0.17266323764553215,0.7811236265539583,1.064040730262969,,1.064040730262969,,1.0,1.0,1.0,single realization,a
rolling120,1927-04,1937-03,120,1,0.16927268591156208,0.7688877115567239,1.047414460005741,,1.047414460005741,,1.0,1.0,1.0,single realization,a
rolling120,1927-05,1937-04,120,1,0.16670670096492324,0.627510169082224,0.8643775340599993,,0.8643775340599993,,1.0,1.0,1.0,single realization,a
rolling120,1927-06,1937-05,120,1,0.1639149800453661,0.5271662796976748,0.7472243499530509,,0.7472243499530509,,1.0,1.0,1.0,single realization,a
rolling120,1927-07,1937-06,120,1,0.16124491775322136,0.49471321613237884,0.674163884240965,,0.674163884240965,,1.0,1.0,1.0,single realization,a
rolling120,1927-08,1937-07,120,1,0.15811893442527158,0.5138904589574316,0.7082965458791097,,0.7082965458791097,,1.0,1.0,1.0,single realization,a
rolling120,1927-09,1937-08,120,1,0.1551162327604274,0.40834593004018815,0.5937927555400122,,0.5937927555400122,,1.0,1.0,1.0,single realization,a
rolling120,1927-10,1937-09,120,1,0.1531566502879269,0.1593565943424755,0.285238575824071,,0.285238575824071,,1.0,1.0,1.0,single realization,a
rolling120,1927-11,1937-10,120,1,0.15051100410771512,0.09254498568559888,0.1967310946600218,,0.1967310946600218,,1.0,1.0,1.0,single realization,a
rolling120,1927-12,1937-11,120,1,0.148329614118887,-0.06141244507155863,0.02546834644564866,,0.02546834644564866,,1.0,0.0,1.0,single realization,a
rolling120,1928-01,1937-12,120,1,0.14580883468258543,-0.12196056219136808,-0.06761439129771551,,-0.06761439129771551,,0.0,0.0,1.0,single realization,a
rolling120,1928-02,1938-01,120,1,0.14295145604247916,-0.11491369671938878,-0.06283794190861935,,-0.06283794190861935,,0.0,0.0,1.0,single realization,a
rolling120,1928-03,1938-02,120,1,0.13919212203974807,-0.0502191281199037,0.012806192369691605,,0.012806192369691605,,1.0,0.0,1.0,single realization,a
rolling120,1928-04,1938-03,120,1,0.13578442798638357,-0.3375565756083816,-0.2993379514719535,,-0.2993379514719535,,0.0,0.0,1.0,single realization,a
rolling120,1928-05,1938-04,120,1,0.13340451649289786,-0.2740198367129665,-0.2248103285412042,,-0.2248103285412042,,0.0,0.0,1.0,single realization,a
rolling120,1928-06,1938-05,120,1,0.12978919108143727,-0.31465305480739003,-0.27909958033671134,,-0.27909958033671134,,0.0,0.0,1.0,single realization,a
rolling120,1928-07,1938-06,120,1,0.12629766830967726,-0.11007616560200761,-0.04013843774366821,,-0.04013843774366821,,0.0,0.0,1.0,single realization,a
rolling120,1928-08,1938-07,120,1,0.12259274176918478,-0.0539214867994795,0.03182781921518285,,0.03182781921518285,,1.0,0.0,1.0,single realization,a
rolling120,1928-09,1938-08,120,1,0.1190119036774171,-0.13959105780137693,-0.06496010162166477,,-0.06496010162166477,,0.0,0.0,1.0,single realization,a
rolling120,1928-10,1938-09,120,1,0.11622190690949696,-0.15869457222482897,-0.08734931486469866,,-0.08734931486469866,,0.0,0.0,1.0,single realization,a
rolling120,1928-11,1938-10,120,1,0.11177525057283932,-0.10832542107313037,-0.0004215643894078802,,-0.0004215643894078802,,0.0,0.0,1.0,single realization,a
rolling120,1928-12,1938-11,120,1,0.10690195798216329,-0.2195860637199768,-0.11244377089946855,,-0.11244377089946855,,0.0,0.0,1.0,single realization,a
rolling120,1929-01,1938-12,120,1,0.10623821505313136,-0.19084296632562991,-0.07530946456353305,,-0.07530946456353305,,0.0,0.0,1.0,single realization,a
rolling120,1929-02,1939-01,120,1,0.10237950092846937,-0.27545767327557835,-0.17951112977479267,,-0.17951112977479267,,0.0,0.0,1.0,single realization,a
rolling120,1929-03,1939-02,120,1,0.09853501283236565,-0.25010376262235423,-0.15292673348411145,,-0.15292673348411145,,0.0,0.0,1.0,single realization,a
rolling120,1929-04,1939-03,120,1,0.09470316855798533,-0.3370100207082348,-0.24678286699222118,,-0.24678286699222118,,0.0,0.0,1.0,single realization,a
rolling120,1929-05,1939-04,120,1,0.09077637361297852,-0.3500966342639301,-0.2650589771353108,,-0.2650589771353108,,0.0,0.0,1.0,single realization,a
rolling120,1929-06,1939-05,120,1,0.0861065822882714,-0.26193198460634715,-0.14976615862749498,,-0.14976615862749498,,0.0,0.0,1.0,single realization,a
rolling120,1929-07,1939-06,120,1,0.08059609326154038,-0.3659927445339226,-0.27009747591425004,,-0.27009747591425004,,0.0,0.0,1.0,single realization,a
rolling120,1929-08,1939-07,120,1,0.07704185513957973,-0.33326705755680697,-0.2200253873846092,,-0.2200253873846092,,0.0,0.0,1.0,single realization,a
rolling120,1929-09,1939-08,120,1,0.07264357664747578,-0.42682097973673905,-0.32115351675247406,,-0.32115351675247406,,0.0,0.0,1.0,single realization,a
rolling120,1929-10,1939-09,120,1,0.06900930842565067,-0.293944916029766,-0.1771733300126117,,-0.1771733300126117,,0.0,0.0,1.0,single realization,a
rolling120,1929-11,1939-10,120,1,0.06411438226722144,-0.12636771734644647,0.0292108705489198,,0.0292108705489198,,1.0,0.0,1.0,single realization,a
rolling120,1929-12,1939-11,120,1,0.06019167307683726,-0.03800605218662989,0.12625188263940923,,0.12625188263940923,,1.0,1.0,1.0,single realization,a
rolling120,1930-01,1939-12,120,1,0.05628342440653311,-0.025892404835905714,0.14424339316451062,,0.14424339316451062,,1.0,1.0,1.0,single realization,a
rolling120,1930-02,1940-01,120,1,0.05480669503348623,-0.10105758664714926,0.05182651495719104,,0.05182651495719104,,1.0,0.0,1.0,single realization,a
rolling120,1930-03,1940-02,120,1,0.05165173981404414,-0.11295021001446326,0.03019386393720347,,0.03019386393720347,,1.0,0.0,1.0,single realization,a
rolling120,1930-04,1940-03,120,1,0.04798379652620244,-0.15745131172725224,-0.0035700721542855085,,-0.0035700721542855085,,0.0,0.0,1.0,single realization,a
rolling120,1930-05,1940-04,120,1,0.045787642477000734,-0.13976946272723334,0.024511832085154284,,0.024511832085154284,,1.0,0.0,1.0,single realization,a
rolling120,1930-06,1940-05,120,1,0.042867030668766404,-0.3196675730575015,-0.2011077053588216,,-0.2011077053588216,,0.0,0.0,1.0,single realization,a
rolling120,1930-07,1940-06,120,1,0.04005887171513556,-0.13784693395302106,0.03423601871693971,,0.03423601871693971,,1.0,0.0,1.0,single realization,a
rolling120,1930-08,1940-07,120,1,0.03808670419391924,-0.1472684686088258,0.018928219822814896,,0.018928219822814896,,1.0,0.0,1.0,single realization,a
rolling120,1930-09,1940-08,120,1,0.03704955092766493,-0.131893988363602,0.03883728819579635,,0.03883728819579635,,1.0,1.0,1.0,single realization,a
rolling120,1930-10,1940-09,120,1,0.03477305021718724,0.016878784251810997,0.250079186521069,,0.250079186521069,,1.0,1.0,1.0,single realization,a
rolling120,1930-11,1940-10,120,1,0.033842591884491124,0.14739920207495438,0.42559919125093537,,0.42559919125093537,,1.0,1.0,1.0,single realization,a
rolling120,1930-12,1940-11,120,1,0.03250034144061842,0.1622897468747735,0.43908372062275913,,0.43908372062275913,,1.0,1.0,1.0,single realization,a
rolling120,1931-01,1940-12,120,1,0.031056861834050764,0.268215806380808,0.5885659890427282,,0.5885659890427282,,1.0,1.0,1.0,single realization,a
rolling120,1931-02,1941-01,120,1,0.029409641685339327,0.14199019181715422,0.423398839837267,,0.423398839837267,,1.0,1.0,1.0,single realization,a
rolling120,1931-03,1941-02,120,1,0.02889514266410509,0.014736326230605057,0.22817135466803373,,0.22817135466803373,,1.0,1.0,1.0,single realization,a
rolling120,1931-04,1941-03,120,1,0.02766207148544053,0.09123649499207209,0.2978432075436541,,0.2978432075436541,,1.0,1.0,1.0,single realization,a
rolling120,1931-05,1941-04,120,1,0.026737914946334707,0.14514415932061042,0.3792972719245886,,0.3792972719245886,,1.0,1.0,1.0,single realization,a
rolling120,1931-06,1941-05,120,1,0.025814681732775346,0.3373647860637128,0.6079491373266606,,0.6079491373266606,,1.0,1.0,1.0,single realization,a
rolling120,1931-07,1941-06,120,1,0.02499468598398802,0.24141141399107724,0.5062135999076547,,0.5062135999076547,,1.0,1.0,1.0,single realization,a
rolling120,1931-08,1941-07,120,1,0.024687371966603422,0.4071012388061124,0.7631760830210887,,0.7631760830210887,,1.0,1.0,1.0,single realization,a
rolling120,1931-09,1941-08,120,1,0.024482495955013395,0.3988348868107363,0.760106606000432,,0.760106606000432,,1.0,1.0,1.0,single realization,a
rolling120,1931-10,1941-09,120,1,0.024277660906337095,0.9451045354123762,1.4770806534472216,,1.4770806534472216,,1.0,1.0,1.0,single realization,a
rolling120,1931-11,1941-10,120,1,0.023254406499837232,0.7048681995093766,1.1461404909917077,,1.1461404909917077,,1.0,1.0,1.0,single realization,a
rolling120,1931-12,1941-11,120,1,0.02151782619530529,0.8363432600449785,1.3119149456016213,,1.3119149456016213,,1.0,1.0,1.0,single realization,a
rolling120,1932-01,1941-12,120,1,0.020395503373876078,1.017220950670656,1.5719725478493523,,1.5719725478493523,,1.0,1.0,1.0,single realization,a
rolling120,1932-02,1942-01,120,1,0.018257590017510594,1.0611802557987922,1.6527142219526212,,1.6527142219526212,,1.0,1.0,1.0,single realization,a
rolling120,1932-03,1942-02,120,1,0.016022563879589224,0.9026129253706676,1.4905355949064854,,1.4905355949064854,,1.0,1.0,1.0,single realization,a
rolling120,1932-04,1942-03,120,1,0.014500964592629062,1.000034586527955,1.6686954344051976,,1.6686954344051976,,1.0,1.0,1.0,single realization,a
rolling120,1932-05,1942-04,120,1,0.013487578352900265,1.3278971383173128,2.152121172790544,,2.152121172790544,,1.0,1.0,1.0,single realization,a
rolling120,1932-06,1942-05,120,1,0.013183714397767332,2.1016193298586043,3.3583176232452505,,3.3583176232452505,,1.0,1.0,1.0,single realization,a
rolling120,1932-07,1942-06,120,1,0.013183714397767332,2.2094338053045712,3.5254625429634743,,3.5254625429634743,,1.0,1.0,1.0,single realization,a
rolling120,1932-08,1942-07,120,1,0.013285012509584693,1.4867527965369698,2.4744125604686573,,2.4744125604686573,,1.0,1.0,1.0,single realization,a
rolling120,1932-09,1942-08,120,1,0.013285012509584693,0.8463436913697386,1.369025354840928,,1.369025354840928,,1.0,1.0,1.0,single realization,a
rolling120,1932-10,1942-09,120,1,0.013285012509584693,0.9520772470810968,1.5438075711605843,,1.5438075711605843,,1.0,1.0,1.0,single realization,a
rolling120,1932-11,1942-10,120,1,0.013386320749187774,1.4010527667850257,2.195634240227434,,2.195634240227434,,1.0,1.0,1.0,single realization,a
rolling120,1932-12,1942-11,120,1,0.0134876391175891,1.5545936384234986,2.395561436569704,,2.395561436569704,,1.0,1.0,1.0,single realization,a
rolling120,1933-01,1942-12,120,1,0.013690316377686695,1.5726957095949374,2.5762789019649284,,2.5762789019649284,,1.0,1.0,1.0,single realization,a
rolling120,1933-02,1943-01,120,1,0.013893034169182972,1.7228649110142573,2.813052679480732,,2.813052679480732,,1.0,1.0,1.0,single realization,a
rolling120,1933-03,1943-02,120,1,0.01450155254519725,2.414513756502172,3.9393572108285326,,3.9393572108285326,,1.0,1.0,1.0,single realization,a
rolling120,1933-04,1943-03,120,1,0.014400142953779449,2.512544413332884,3.9255792632137565,,3.9255792632137565,,1.0,1.0,1.0,single realization,a
rolling120,1933-05,1943-04,120,1,0.013690772224441039,1.5498882631955082,2.571422438791965,,2.571422438791965,,1.0,1.0,1.0,single realization,a
rolling120,1933-06,1943-05,120,1,0.013488115132832768,1.2203151526976939,1.8155378823809372,,1.8155378823809372,,1.0,1.0,1.0,single realization,a
rolling120,1933-07,1943-06,120,1,0.013589443678637014,0.9991080118658076,1.4813331201932618,,1.4813331201932618,,1.0,1.0,1.0,single realization,a
rolling120,1933-08,1943-07,120,1,0.013690782355269437,1.1068271534655691,1.6622648594727,,1.6622648594727,,1.0,1.0,1.0,single realization,a
rolling120,1933-09,1943-08,120,1,0.013690782355269437,0.9049236678920867,1.3863332988537347,,1.3863332988537347,,1.0,1.0,1.0,single realization,a
rolling120,1933-10,1943-09,120,1,0.013792131163743448,1.1832978773882337,1.7846510313685124,,1.7846510313685124,,1.0,1.0,1.0,single realization,a
rolling120,1933-11,1943-10,120,1,0.013994869316160896,1.355531850694474,2.0820198554577924,,2.0820198554577924,,1.0,1.0,1.0,single realization,a
rolling120,1933-12,1943-11,120,1,0.014096248527250221,1.0152336316969723,1.6704892280009536,,1.6704892280009536,,1.0,1.0,1.0,single realization,a
rolling120,1934-01,1943-12,120,1,0.01419763787423367,1.105467973414747,1.8573093427803062,,1.8573093427803062,,1.0,1.0,1.0,single realization,a
rolling120,1934-02,1944-01,120,1,0.013994899715737974,0.9021169609801938,1.4329509382175396,,1.4329509382175396,,1.0,1.0,1.0,single realization,a
rolling120,1934-03,1944-02,120,1,0.014096278929866868,0.9584918765502151,1.4759125354734723,,1.4759125354734723,,1.0,1.0,1.0,single realization,a
rolling120,1934-04,1944-03,120,1,0.014096278929866868,1.0048571322431927,1.5307430034604592,,1.5307430034604592,,1.0,1.0,1.0,single realization,a
rolling120,1934-05,1944-04,120,1,0.014299077905755242,1.0073065606271183,1.4711552713977878,,1.4711552713977878,,1.0,1.0,1.0,single realization,a
rolling120,1934-06,1944-05,120,1,0.014501917437383272,1.2748031545823872,1.851529613552195,,1.851529613552195,,1.0,1.0,1.0,single realization,a
rolling120,1934-07,1944-06,120,1,0.014704797532861136,1.3372539421205718,2.03512898911975,,2.03512898911975,,1.0,1.0,1.0,single realization,a
rolling120,1934-08,1944-07,120,1,0.014907718200301012,1.5857528175206146,2.4517794208293937,,2.4517794208293937,,1.0,1.0,1.0,single realization,a
rolling120,1934-09,1944-08,120,1,0.015110679447816189,1.4877983590483876,2.343010027371577,,2.343010027371577,,1.0,1.0,1.0,single realization,a
rolling120,1934-10,1944-09,120,1,0.015212180365669292,1.494530899460767,2.3712253107107193,,2.3712253107107193,,1.0,1.0,1.0,single realization,a
rolling120,1934-11,1944-10,120,1,0.015415202499529101,1.5412003133398495,2.3452801775627243,,2.3452801775627243,,1.0,1.0,1.0,single realization,a
rolling120,1934-12,1944-11,120,1,0.015618265233755535,1.3863920978327147,2.014408491978809,,2.014408491978809,,1.0,1.0,1.0,single realization,a
rolling120,1935-01,1944-12,120,1,0.015719816905111816,1.4741253531978904,2.1528949573595284,,2.1528949573595284,,1.0,1.0,1.0,single realization,a
rolling120,1935-02,1945-01,120,1,0.01592294055612764,1.6148084002103862,2.398375755264379,,2.398375755264379,,1.0,1.0,1.0,single realization,a
rolling120,1935-03,1945-02,120,1,0.01592294055612764,1.8331979657592647,2.703528617893627,,2.703528617893627,,1.0,1.0,1.0,single realization,a
rolling120,1935-04,1945-03,120,1,0.016024522691969745,1.8276080632307674,2.672330002017884,,2.672330002017884,,1.0,1.0,1.0,single realization,a
rolling120,1935-05,1945-04,120,1,0.016227707278049452,1.7954614234727573,2.677226802391165,,2.677226802391165,,1.0,1.0,1.0,single realization,a
rolling120,1935-06,1945-05,120,1,0.016430932496983353,1.7495323191922543,2.584573334205995,,2.584573334205995,,1.0,1.0,1.0,single realization,a
rolling120,1935-07,1945-06,120,1,0.016532565426939927,1.6060084969803117,2.4605879833112625,,2.4605879833112625,,1.0,1.0,1.0,single realization,a
rolling120,1935-08,1945-07,120,1,0.016735851611406893,1.37121331022309,2.0957065880551435,,2.0957065880551435,,1.0,1.0,1.0,single realization,a
rolling120,1935-09,1945-08,120,1,0.016939178449045356,1.4541341731073771,2.22237194243218,,2.22237194243218,,1.0,1.0,1.0,single realization,a
rolling120,1935-10,1945-09,120,1,0.017142545947985477,1.5060241775470433,2.3385522511261416,,2.3385522511261416,,1.0,1.0,1.0,single realization,a
rolling120,1935-11,1945-10,120,1,0.017345954116358087,1.4329786297710085,2.2566332171018058,,2.2566332171018058,,1.0,1.0,1.0,single realization,a
rolling120,1935-12,1945-11,120,1,0.017345954116358087,1.4452722580842758,2.2518911795482164,,2.2518911795482164,,1.0,1.0,1.0,single realization,a
rolling120,1936-01,1945-12,120,1,0.0175494029622969,1.3671619927629148,2.185806103747934,,2.185806103747934,,1.0,1.0,1.0,single realization,a
rolling120,1936-02,1946-01,120,1,0.01775289249393608,1.3532114590356872,2.19310666789031,,2.19310666789031,,1.0,1.0,1.0,single realization,a
rolling120,1936-03,1946-02,120,1,0.017956422719412446,1.1624291446494772,1.9390289561562764,,1.9390289561562764,,1.0,1.0,1.0,single realization,a
rolling120,1936-04,1946-03,120,1,0.018058198006627002,1.268002284708122,2.1158857972733442,,2.1158857972733442,,1.0,1.0,1.0,single realization,a
rolling120,1936-05,1946-04,120,1,0.018159983469335117,1.5735951045240402,2.629464112830025,,2.629464112830025,,1.0,1.0,1.0,single realization,a
rolling120,1936-06,1946-05,120,1,0.0182617791085542,1.5432628363973429,2.557958589884373,,2.557958589884373,,1.0,1.0,1.0,single realization,a
rolling120,1936-07,1946-06,120,1,0.0182617791085542,1.3870866844795522,2.371024239767473,,2.371024239767473,,1.0,1.0,1.0,single realization,a
rolling120,1936-08,1946-07,120,1,0.01846541110117661,1.1778893792036707,2.0548852691675386,,2.0548852691675386,,1.0,1.0,1.0,single realization,a
rolling120,1936-09,1946-08,120,1,0.018567237277051563,1.0174745986742644,1.8136145230880962,,1.8136145230880962,,1.0,1.0,1.0,single realization,a
rolling120,1936-10,1946-09,120,1,0.018770930355199056,0.795108860080042,1.4379466664134921,,1.4379466664134921,,1.0,1.0,1.0,single realization,a
rolling120,1936-11,1946-10,120,1,0.01887278707689033,0.6521637650792695,1.2683769964722922,,1.2683769964722922,,1.0,1.0,1.0,single realization,a
rolling120,1936-12,1946-11,120,1,0.01907654125888758,0.6000086970618548,1.1210126158754714,,1.1210126158754714,,1.0,1.0,1.0,single realization,a
rolling120,1937-01,1946-12,120,1,0.019382264221265322,0.6766558202743986,1.1981629221093657,,1.1981629221093657,,1.0,1.0,1.0,single realization,a
rolling120,1937-02,1947-01,120,1,0.019586120288502817,0.6429150684732108,1.1490711226611947,,1.1490711226611947,,1.0,1.0,1.0,single realization,a
rolling120,1937-03,1947-02,120,1,0.019688058512886686,0.6078142124108754,1.108862558001582,,1.108862558001582,,1.0,1.0,1.0,single realization,a
rolling120,1937-04,1947-03,120,1,0.019891975732867273,0.5852483989033543,1.1018340152237056,,1.1018340152237056,,1.0,1.0,1.0,single realization,a
rolling120,1937-05,1947-04,120,1,0.019891975732867273,0.629040736242219,1.1257663505894215,,1.1257663505894215,,1.0,1.0,1.0,single realization,a
rolling120,1937-06,1947-05,120,1,0.019586191610620807,0.6264140455458695,1.0876868296925664,,1.0876868296925664,,1.0,1.0,1.0,single realization,a
rolling120,1937-07,1947-06,120,1,0.019586191610620807,0.7882065909952654,1.336661861667337,,1.336661861667337,,1.0,1.0,1.0,single realization,a
rolling120,1937-08,1947-07,120,1,0.019586191610620807,0.7097448000556896,1.2534028642811101,,1.2534028642811101,,1.0,1.0,1.0,single realization,a
rolling120,1937-09,1947-08,120,1,0.019688129842135638,0.7663529156766211,1.307971576694599,,1.307971576694599,,1.0,1.0,1.0,single realization,a
rolling120,1937-10,1947-09,120,1,0.01989198592567054,1.034106019071249,1.7426876596987126,,1.7426876596987126,,1.0,1.0,1.0,single realization,a
rolling120,1937-11,1947-10,120,1,0.020299861144996934,1.306279886490934,2.099982972341184,,2.099982972341184,,1.0,1.0,1.0,single realization,a
rolling120,1937-12,1947-11,120,1,0.02070789948178775,1.4667561180953852,2.314721609160735,,2.314721609160735,,1.0,1.0,1.0,single realization,a
rolling120,1938-01,1947-12,120,1,0.021524465801373127,1.6569625766842884,2.5668569739277842,,2.5668569739277842,,1.0,1.0,1.0,single realization,a
rolling120,1938-02,1948-01,120,1,0.02223953292743408,1.542201255199318,2.4110982039751923,,2.4110982039751923,,1.0,1.0,1.0,single realization,a
rolling120,1938-03,1948-02,120,1,0.022955100600483336,1.2981883619274708,2.0655017053526645,,2.0655017053526645,,1.0,1.0,1.0,single realization,a
rolling120,1938-04,1948-03,120,1,0.023978158006824346,2.2684540057906455,3.399727883000219,,3.399727883000219,,1.0,1.0,1.0,single realization,a
rolling120,1938-05,1948-04,120,1,0.024694871046125222,1.9612781380091153,2.881827599342116,,2.881827599342116,,1.0,1.0,1.0,single realization,a
rolling120,1938-06,1948-05,120,1,0.025514626942962026,2.308105596236519,3.3493158904276106,,3.3493158904276106,,1.0,1.0,1.0,single realization,a
rolling120,1938-07,1948-06,120,1,0.026437590107210696,1.6696617766706532,2.4156677864941,,2.4156677864941,,1.0,1.0,1.0,single realization,a
rolling120,1938-08,1948-07,120,1,0.0273614763269292,1.363192962949236,1.9955095286295799,,1.9955095286295799,,1.0,1.0,1.0,single realization,a
rolling120,1938-09,1948-08,120,1,0.028286101655623508,1.4362839084740737,2.134634733266815,,2.134634733266815,,1.0,1.0,1.0,single realization,a
rolling120,1938-10,1948-09,120,1,0.02849171775273529,1.3444854072127796,2.029906346435905,,2.029906346435905,,1.0,1.0,1.0,single realization,a
rolling120,1938-11,1948-10,120,1,0.028800234416394677,1.3051243220902946,1.8692885366288619,,1.8692885366288619,,1.0,1.0,1.0,single realization,a
rolling120,1938-12,1948-11,120,1,0.02982965230154222,1.129071038834926,1.6856068977951417,,1.6856068977951417,,1.0,1.0,1.0,single realization,a
rolling120,1939-01,1948-12,120,1,0.03024158416246281,1.1114923032992308,1.6478227172482969,,1.6478227172482969,,1.0,1.0,1.0,single realization,a
rolling120,1939-02,1949-01,120,1,0.031374963242949416,1.2532016888961048,1.8745913747382872,,1.8745913747382872,,1.0,1.0,1.0,single realization,a
rolling120,1939-03,1949-02,120,1,0.03219998071179697,1.1147708277931372,1.7017894614014986,,1.7017894614014986,,1.0,1.0,1.0,single realization,a
rolling120,1939-04,1949-03,120,1,0.033335514243933106,1.504017527451742,2.2855269745025093,,2.2855269745025093,,1.0,1.0,1.0,single realization,a
rolling120,1939-05,1949-04,120,1,0.034265516206752666,1.4638810012653787,2.224641792324025,,2.224641792324025,,1.0,1.0,1.0,single realization,a
rolling120,1939-06,1949-05,120,1,0.03519626209674964,1.2401434454492937,1.898397650294208,,1.898397650294208,,1.0,1.0,1.0,single realization,a
rolling120,1939-07,1949-06,120,1,0.03612784557428905,1.3707474993031186,2.1122557984516273,,2.1122557984516273,,1.0,1.0,1.0,single realization,a
rolling120,1939-08,1949-07,120,1,0.03706036063530593,1.2720201265776487,1.9725528752221932,,1.9725528752221932,,1.0,1.0,1.0,single realization,a
rolling120,1939-09,1949-08,120,1,0.03809752471234895,1.5001717564783301,2.341611970874837,,2.341611970874837,,1.0,1.0,1.0,single realization,a
rolling120,1939-10,1949-09,120,1,0.03892791969262066,1.2067384245802746,1.9508386874704287,,1.9508386874704287,,1.0,1.0,1.0,single realization,a
rolling120,1939-11,1949-10,120,1,0.03986295482034419,1.2901538913182038,2.019042335220473,,2.019042335220473,,1.0,1.0,1.0,single realization,a
rolling120,1939-12,1949-11,120,1,0.04069484518420041,1.421834768930065,2.23747957830487,,2.23747957830487,,1.0,1.0,1.0,single realization,a
rolling120,1940-01,1949-12,120,1,0.041631470544866156,1.4759513527106844,2.384314258717218,,2.384314258717218,,1.0,1.0,1.0,single realization,a
rolling120,1940-02,1950-01,120,1,0.042568938868356554,1.5825093574384725,2.508330007842498,,2.508330007842498,,1.0,1.0,1.0,single realization,a
rolling120,1940-03,1950-02,120,1,0.04350725091333807,1.5858189613074298,2.5103497996039934,,2.5103497996039934,,1.0,1.0,1.0,single realization,a
rolling120,1940-04,1950-03,120,1,0.04455075816425147,1.5683352270271542,2.4150697552916807,,2.4150697552916807,,1.0,1.0,1.0,single realization,a
rolling120,1940-05,1950-04,120,1,0.04549085384659923,1.6659739938897906,2.5342365238356406,,2.5342365238356406,,1.0,1.0,1.0,single realization,a
rolling120,1940-06,1950-05,120,1,0.046745693839213676,2.5699025960755573,3.871883132679118,,3.871883132679118,,1.0,1.0,1.0,single realization,a
rolling120,1940-07,1950-06,120,1,0.0477924395330529,2.1499731033325795,3.2869476421988013,,3.2869476421988013,,1.0,1.0,1.0,single realization,a
rolling120,1940-08,1950-07,120,1,0.04873535843674226,2.0977686644229196,3.1740856733061484,,3.1740856733061484,,1.0,1.0,1.0,single realization,a
rolling120,1940-09,1950-08,120,1,0.04988908270344927,2.181426604871131,3.299539187275567,,3.299539187275567,,1.0,1.0,1.0,single realization,a
rolling120,1940-10,1950-09,120,1,0.05093897178615259,2.2600378883004115,3.3526081681153306,,3.3526081681153306,,1.0,1.0,1.0,single realization,a
rolling120,1940-11,1950-10,120,1,0.052200098552296126,2.161948812752209,3.1877026549981116,,3.1877026549981116,,1.0,1.0,1.0,single realization,a
rolling120,1940-12,1950-11,120,1,0.053357518660703596,2.3066236440423458,3.3536766044593023,,3.3536766044593023,,1.0,1.0,1.0,single realization,a
rolling120,1941-01,1950-12,120,1,0.05451621193123035,2.470493462135218,3.564836296980065,,3.564836296980065,,1.0,1.0,1.0,single realization,a
rolling120,1941-02,1951-01,120,1,0.05599268227496834,2.833444557956061,3.9360762500091244,,3.9360762500091244,,1.0,1.0,1.0,single realization,a
rolling120,1941-03,1951-02,120,1,0.057154390396283006,2.94779446664509,4.115310957556571,,4.115310957556571,,1.0,1.0,1.0,single realization,a
rolling120,1941-04,1951-03,120,1,0.0582114390818107,2.8342733565482066,3.8964245699320266,,3.8964245699320266,,1.0,1.0,1.0,single realization,a
rolling120,1941-05,1951-04,120,1,0.05969308326094325,3.258546066899357,4.404960362690126,,4.404960362690126,,1.0,1.0,1.0,single realization,a
rolling120,1941-06,1951-05,120,1,0.060964714960856314,3.106890238730207,4.289236099644939,,4.289236099644939,,1.0,1.0,1.0,single realization,a
rolling120,1941-07,1951-06,120,1,0.06223787261880931,2.783244159253595,3.8044277716485375,,3.8044277716485375,,1.0,1.0,1.0,single realization,a
rolling120,1941-08,1951-07,120,1,0.06329979191563906,2.825399287751415,3.685617212880328,,3.685617212880328,,1.0,1.0,1.0,single realization,a
rolling120,1941-09,1951-08,120,1,0.0645756240827211,3.0008833496294347,3.854480308456691,,3.854480308456691,,1.0,1.0,1.0,single realization,a
rolling120,1941-10,1951-09,120,1,0.06574654017760273,3.0690916908064114,4.03723956669234,,4.03723956669234,,1.0,1.0,1.0,single realization,a
rolling120,1941-11,1951-10,120,1,0.0674517346418868,3.193217455915452,4.201494257598339,,4.201494257598339,,1.0,1.0,1.0,single realization,a
rolling120,1941-12,1951-11,120,1,0.06862593154999286,3.306119996288902,4.387793271525116,,4.387793271525116,,1.0,1.0,1.0,single realization,a
rolling120,1942-01,1951-12,120,1,0.0698013025375992,3.682730091622904,4.870261145854076,,4.870261145854076,,1.0,1.0,1.0,single realization,a
rolling120,1942-02,1952-01,120,1,0.07119176613817779,3.7194264190942077,4.686807302740281,,4.686807302740281,,1.0,1.0,1.0,single realization,a
rolling120,1942-03,1952-02,120,1,0.0723699592616176,3.7160398496494453,4.637964433082206,,4.637964433082206,,1.0,1.0,1.0,single realization,a
rolling120,1942-04,1952-03,120,1,0.07344222199460582,4.278470894774109,5.094752437582565,,5.094752437582565,,1.0,1.0,1.0,single realization,a
rolling120,1942-05,1952-04,120,1,0.07462289037196213,4.2514272860493145,5.103134806669135,,5.103134806669135,,1.0,1.0,1.0,single realization,a
rolling120,1942-06,1952-05,120,1,0.075697190972154,4.119633752877401,4.946253829187401,,4.946253829187401,,1.0,1.0,1.0,single realization,a
rolling120,1942-07,1952-06,120,1,0.07709531769507327,4.183940739646746,4.971594701303143,,4.971594701303143,,1.0,1.0,1.0,single realization,a
rolling120,1942-08,1952-07,120,1,0.07838744443828438,4.059774494385746,4.77311336714197,,4.77311336714197,,1.0,1.0,1.0,single realization,a
rolling120,1942-09,1952-08,120,1,0.0796811212685613,3.9380378007665264,4.71148853222673,,4.71148853222673,,1.0,1.0,1.0,single realization,a
rolling120,1942-10,1952-09,120,1,0.08108428577685789,3.720119522759002,4.434932001431686,,4.434932001431686,,1.0,1.0,1.0,single realization,a
rolling120,1942-11,1952-10,120,1,0.08227312184039337,3.394548339953819,4.024372427991945,,4.024372427991945,,1.0,1.0,1.0,single realization,a
rolling120,1942-12,1952-11,120,1,0.08303048581648875,3.6534125093400753,4.292571798389027,,4.292571798389027,,1.0,1.0,1.0,single realization,a
rolling120,1943-01,1952-12,120,1,0.08443800319283712,3.561379629056465,4.164528829574854,,4.164528829574854,,1.0,1.0,1.0,single realization,a
rolling120,1943-02,1953-01,120,1,0.0858473497930079,3.2489447048564424,3.7659937266438765,,3.7659937266438765,,1.0,1.0,1.0,single realization,a
rolling120,1943-03,1953-02,120,1,0.0870414236556214,2.996064673453365,3.4234487721878475,,3.4234487721878475,,1.0,1.0,1.0,single realization,a
rolling120,1943-04,1953-03,120,1,0.08867149676917085,2.7202661310275817,3.0601387170481162,,3.0601387170481162,,1.0,1.0,1.0,single realization,a
rolling120,1943-05,1953-04,120,1,0.09008634526042325,2.5907725360265226,2.8755172487707124,,2.8755172487707124,,1.0,1.0,1.0,single realization,a
rolling120,1943-06,1953-05,120,1,0.09172114781780238,2.4179727609638864,2.630787733858295,,2.630787733858295,,1.0,1.0,1.0,single realization,a
rolling120,1943-07,1953-06,120,1,0.0933582384123508,2.298503119048997,2.491584541759595,,2.491584541759595,,1.0,1.0,1.0,single realization,a
rolling120,1943-08,1953-07,120,1,0.09466987480752698,2.551301783291073,2.7649369279061506,,2.7649369279061506,,1.0,1.0,1.0,single realization,a
rolling120,1943-09,1953-08,120,1,0.09620195300879719,2.3508335488054817,2.5637424001017783,,2.5637424001017783,,1.0,1.0,1.0,single realization,a
rolling120,1943-10,1953-09,120,1,0.09762658815716407,2.2834439450708404,2.4709702508992875,,2.4709702508992875,,1.0,1.0,1.0,single realization,a
rolling120,1943-11,1953-10,120,1,0.09872388555610168,2.477701095947301,2.6278423775178394,,2.6278423775178394,,1.0,1.0,1.0,single realization,a
rolling120,1943-12,1953-11,120,1,0.09927308273972457,2.803666278372967,2.998196228506974,,2.998196228506974,,1.0,1.0,1.0,single realization,a
rolling120,1944-01,1953-12,120,1,0.10037202613944429,2.580236633261773,2.691464727326978,,2.691464727326978,,1.0,1.0,1.0,single realization,a
rolling120,1944-02,1954-01,120,1,0.10125205975027263,2.702310143308136,2.795065544682993,,2.795065544682993,,1.0,1.0,1.0,single realization,a
rolling120,1944-03,1954-02,120,1,0.10169242846355875,2.751723446017627,2.852963654550999,,2.852963654550999,,1.0,1.0,1.0,single realization,a
rolling120,1944-04,1954-03,120,1,0.10235331174398077,2.7978511933047296,2.8508479597764187,,2.8508479597764187,,1.0,1.0,1.0,single realization,a
rolling120,1944-05,1954-04,120,1,0.10301452536694033,3.0303411687337967,3.063078631900149,,3.063078631900149,,1.0,1.0,1.0,single realization,a
rolling120,1944-06,1954-05,120,1,0.10323506211099032,2.95518686666246,2.9670917280654567,,2.9670917280654567,,1.0,1.0,1.0,single realization,a
rolling120,1944-07,1954-06,120,1,0.1035659333682466,2.790293724599594,2.7888148198223788,,2.7888148198223788,,1.0,1.0,0.0,single realization,a
rolling120,1944-08,1954-07,120,1,0.10378658036082244,3.040697744765449,3.0599947737551423,,3.0599947737551423,,1.0,1.0,1.0,single realization,a
rolling120,1944-09,1954-08,120,1,0.1040072714695619,2.885974698922968,2.878903749743599,,2.878903749743599,,1.0,1.0,0.0,single realization,a
rolling120,1944-10,1954-09,120,1,0.10477992202947872,3.1365198489434913,3.0637537171122595,,3.0637537171122595,,1.0,1.0,0.0,single realization,a
rolling120,1944-11,1954-10,120,1,0.10522170146445986,3.0626165598965915,3.016241239805586,,3.016241239805586,,1.0,1.0,0.0,single realization,a
rolling120,1944-12,1954-11,120,1,0.10555316853477814,3.3712859722024753,3.3018227263699282,,3.3018227263699282,,1.0,1.0,0.0,single realization,a
rolling120,1945-01,1954-12,120,1,0.10621636779604682,3.4347170871171953,3.3484729525795487,,3.3484729525795487,,1.0,1.0,0.0,single realization,a
rolling120,1945-02,1955-01,120,1,0.10676931009725443,3.3756107049290414,3.2494320067630182,,3.2494320067630182,,1.0,1.0,0.0,single realization,a
rolling120,1945-03,1955-02,120,1,0.10754389369760231,3.246298539155137,3.1524723357937443,,3.1524723357937443,,1.0,1.0,0.0,single realization,a
rolling120,1945-04,1955-03,120,1,0.1084297516409718,3.4159560814541248,3.3453224645448785,,3.3453224645448785,,1.0,1.0,0.0,single realization,a
rolling120,1945-05,1955-04,120,1,0.10920541976668274,3.226753474607068,3.1266388431013175,,3.1266388431013175,,1.0,1.0,0.0,single realization,a
rolling120,1945-06,1955-05,120,1,0.1104251798004161,3.198096110968679,3.078397163907419,,3.078397163907419,,1.0,1.0,0.0,single realization,a
rolling120,1945-07,1955-06,120,1,0.11131334231175405,3.458987652970916,3.1862002111566055,,3.1862002111566055,,1.0,1.0,0.0,single realization,a
rolling120,1945-08,1955-07,120,1,0.11209102834556228,3.647170965936069,3.298138163904624,,3.298138163904624,,1.0,1.0,0.0,single realization,a
rolling120,1945-09,1955-08,120,1,0.11353631309698597,3.3904284382180014,3.0543918534395926,,3.0543918534395926,,1.0,1.0,0.0,single realization,a
rolling120,1945-10,1955-09,120,1,0.11498347615509474,3.18054249856655,2.719798260660684,,2.719798260660684,,1.0,1.0,0.0,single realization,a
rolling120,1945-11,1955-10,120,1,0.11665544977724074,2.922678012271212,2.456703073271111,,2.456703073271111,,1.0,1.0,0.0,single realization,a
rolling120,1945-12,1955-11,120,1,0.11833009802225747,2.9892839090836336,2.428572944312728,,2.428572944312728,,1.0,1.0,0.0,single realization,a
rolling120,1946-01,1955-12,120,1,0.12000709007167609,3.007019314725678,2.4334670869835477,,2.4334670869835477,,1.0,1.0,0.0,single realization,a
rolling120,1946-02,1956-01,120,1,0.12213446533023475,2.6646486044809317,2.096884237068401,,2.096884237068401,,1.0,1.0,0.0,single realization,a
rolling120,1946-03,1956-02,120,1,0.12392934201175865,3.045158885315664,2.4248269327771075,,2.4248269327771075,,1.0,1.0,0.0,single realization,a
rolling120,1946-04,1956-03,120,1,0.12527765272895763,3.0787698740710026,2.421470422468026,,2.421470422468026,,1.0,1.0,0.0,single realization,a
rolling120,1946-05,1956-04,120,1,0.12707755700204193,2.9305007600989215,2.214742693974381,,2.214742693974381,,1.0,1.0,0.0,single realization,a
rolling120,1946-06,1956-05,120,1,0.129331036072325,2.5917752930364393,1.9776294287555665,,1.9776294287555665,,1.0,1.0,0.0,single realization,a
rolling120,1946-07,1956-06,120,1,0.13125032304755524,2.873094909809524,2.224255626141077,,2.224255626141077,,1.0,1.0,0.0,single realization,a
rolling120,1946-08,1956-07,120,1,0.13339905404204733,3.180268658563681,2.4520317643207687,,2.4520317643207687,,1.0,1.0,0.0,single realization,a
rolling120,1946-09,1956-08,120,1,0.13498533683286884,3.3326114620872698,2.6230091997465332,,2.6230091997465332,,1.0,1.0,0.0,single realization,a
rolling120,1946-10,1956-09,120,1,0.13668730424789377,3.5828758303480717,2.9091008543268257,,2.9091008543268257,,1.0,1.0,0.0,single realization,a
rolling120,1946-11,1956-10,120,1,0.1391872663286149,3.684211354337915,3.0092713043235086,,3.0092713043235086,,1.0,1.0,0.0,single realization,a
rolling120,1946-12,1956-11,120,1,0.14112330387011096,3.7095035664301292,3.0345481035306117,,3.0345481035306117,,1.0,1.0,0.0,single realization,a
rolling120,1947-01,1956-12,120,1,0.1435189441161644,3.637739702560718,2.953277145287803,,2.953277145287803,,1.0,1.0,0.0,single realization,a
rolling120,1947-02,1957-01,120,1,0.14626256649532943,3.428015691524699,2.8747915158948687,,2.8747915158948687,,1.0,1.0,0.0,single realization,a
rolling120,1947-03,1957-02,120,1,0.14866899595613137,3.3935546840204136,2.8583437595616124,,2.8583437595616124,,1.0,1.0,0.0,single realization,a
rolling120,1947-04,1957-03,120,1,0.15096564495334452,3.5726919924385303,3.0464865390900426,,3.0464865390900426,,1.0,1.0,0.0,single realization,a
rolling120,1947-05,1957-04,120,1,0.15349700996273907,4.018292976265366,3.473061141709014,,3.473061141709014,,1.0,1.0,0.0,single realization,a
rolling120,1947-06,1957-05,120,1,0.15614925741141872,4.253834132413887,3.7138272738474036,,3.7138272738474036,,1.0,1.0,0.0,single realization,a
rolling120,1947-07,1957-06,120,1,0.15857644269639715,3.9625363888147493,3.444016700636486,,3.444016700636486,,1.0,1.0,0.0,single realization,a
rolling120,1947-08,1957-07,120,1,0.16170366092620836,3.8100775135823453,3.26783806098433,,3.26783806098433,,1.0,1.0,0.0,single realization,a
rolling120,1947-09,1957-08,120,1,0.16425864248577815,3.6554346715544668,3.1484023132216334,,3.1484023132216334,,1.0,1.0,0.0,single realization,a
rolling120,1947-10,1957-09,120,1,0.16658576349814247,3.409845523386651,2.9481198372085173,,2.9481198372085173,,1.0,1.0,0.0,single realization,a
rolling120,1947-11,1957-10,120,1,0.16926730183118832,3.127697989655875,2.681079351628993,,2.681079351628993,,1.0,1.0,0.0,single realization,a
rolling120,1947-12,1957-11,120,1,0.17183814738788294,3.3179416412643654,2.8737138841410568,,2.8737138841410568,,1.0,1.0,0.0,single realization,a
rolling120,1948-01,1957-12,120,1,0.17371158966987776,3.035216778731294,2.704934067409094,,2.704934067409094,,1.0,1.0,0.0,single realization,a
rolling120,1948-02,1958-01,120,1,0.17617465985905212,3.4041532826323566,3.093922222321285,,3.093922222321285,,1.0,1.0,0.0,single realization,a
rolling120,1948-03,1958-02,120,1,0.1767623358158119,3.537626420051457,3.2967504424151004,,3.2967504424151004,,1.0,1.0,0.0,single realization,a
rolling120,1948-04,1958-03,120,1,0.1767623358158119,3.3346494156794693,3.1195186066570253,,3.1195186066570253,,1.0,1.0,0.0,single realization,a
rolling120,1948-05,1958-04,120,1,0.1767623358158119,3.3112482427036616,3.1088351207458587,,3.1088351207458587,,1.0,1.0,0.0,single realization,a
rolling120,1948-06,1958-05,120,1,0.1771150823193537,3.1117426210440975,2.91747867433453,,2.91747867433453,,1.0,1.0,0.0,single realization,a
rolling120,1948-07,1958-06,120,1,0.17640944834054317,3.2342970620394116,3.08944096535824,,3.08944096535824,,1.0,1.0,0.0,single realization,a
rolling120,1948-08,1958-07,120,1,0.17629190143323492,3.655943906322494,3.486778579042328,,3.486778579042328,,1.0,1.0,0.0,single realization,a
rolling120,1948-09,1958-08,120,1,0.1757042843379042,3.7306580465515298,3.586931825961038,,3.586931825961038,,1.0,1.0,0.0,single realization,a
rolling120,1948-10,1958-09,120,1,0.1774671356238966,4.110865493878701,3.9473195951154345,,3.9473195951154345,,1.0,1.0,0.0,single realization,a
rolling120,1948-11,1958-10,120,1,0.17911493049582128,3.9522358007196345,3.8787843407841125,,3.8787843407841125,,1.0,1.0,0.0,single realization,a
rolling120,1948-12,1958-11,120,1,0.17993998092699592,4.630369964390393,4.572577720679414,,4.572577720679414,,1.0,1.0,0.0,single realization,a
rolling120,1949-01,1958-12,120,1,0.18206302367556493,4.743740434147721,4.678575053251855,,4.678575053251855,,1.0,1.0,0.0,single realization,a
rolling120,1949-02,1959-01,120,1,0.18336199403125253,4.777517039910176,4.710147822821384,,4.710147822821384,,1.0,1.0,0.0,single realization,a
rolling120,1949-03,1959-02,120,1,0.1845442919571505,5.014183546897028,5.038955391266672,,5.038955391266672,,1.0,1.0,1.0,single realization,a
rolling120,1949-04,1959-03,120,1,0.18596432507438165,4.803412832099388,4.838196036029067,,4.838196036029067,,1.0,1.0,1.0,single realization,a
rolling120,1949-05,1959-04,120,1,0.18726771278302579,5.13665706314236,5.153250322307111,,5.153250322307111,,1.0,1.0,1.0,single realization,a
rolling120,1949-06,1959-05,120,1,0.18869101074040806,5.44184707153381,5.390630944529944,,5.390630944529944,,1.0,1.0,0.0,single realization,a
rolling120,1949-07,1959-06,120,1,0.1903535156505345,5.428989093347115,5.500480399771392,,5.500480399771392,,1.0,1.0,1.0,single realization,a
rolling120,1949-08,1959-07,120,1,0.1922563687078238,5.295089860123943,5.334847959751988,,5.334847959751988,,1.0,1.0,1.0,single realization,a
rolling120,1949-09,1959-08,120,1,0.19344755301065897,5.0578284873280746,5.078600467450326,,5.078600467450326,,1.0,1.0,1.0,single realization,a
rolling120,1949-10,1959-09,120,1,0.19607077672593887,4.6069259598743075,4.583654000841048,,4.583654000841048,,1.0,1.0,0.0,single realization,a
rolling120,1949-11,1959-10,120,1,0.19858026681598218,4.517306393529326,4.558516080193854,,4.558516080193854,,1.0,1.0,1.0,single realization,a
rolling120,1949-12,1959-11,120,1,0.20073598672032755,4.515681904454775,4.603217145568026,,4.603217145568026,,1.0,1.0,1.0,single realization,a
rolling120,1950-01,1959-12,120,1,0.20373512746046218,4.3883122662544025,4.362330487306137,,4.362330487306137,,1.0,1.0,0.0,single realization,a
rolling120,1950-02,1960-01,120,1,0.20662149403644903,3.941536006040362,3.9383217380427213,,3.9383217380427213,,1.0,1.0,0.0,single realization,a
rolling120,1950-03,1960-02,120,1,0.2090325670588018,3.9356978223175627,3.983965600133968,,3.983965600133968,,1.0,1.0,1.0,single realization,a
rolling120,1950-04,1960-03,120,1,0.2120521289145929,3.8071437353905857,3.9500479056505693,,3.9500479056505693,,1.0,1.0,1.0,single realization,a
rolling120,1950-05,1960-04,120,1,0.2132630911774711,3.550682640212103,3.7720955081811702,,3.7720955081811702,,1.0,1.0,1.0,single realization,a
rolling120,1950-06,1960-05,120,1,0.21532357794570456,3.505794657838818,3.7969327679968465,,3.7969327679968465,,1.0,1.0,1.0,single realization,a
rolling120,1950-07,1960-06,120,1,0.21702333120157258,3.8973115507761626,4.219232000888171,,4.219232000888171,,1.0,1.0,1.0,single realization,a
rolling120,1950-08,1960-07,120,1,0.21738807345867595,3.7182534463770347,4.078206760596941,,4.078206760596941,,1.0,1.0,1.0,single realization,a
rolling120,1950-09,1960-08,120,1,0.21823939378976598,3.6377878054755977,3.977246437374702,,3.977246437374702,,1.0,1.0,1.0,single realization,a
rolling120,1950-10,1960-09,120,1,0.21896960721261705,3.1621625978229337,3.384045449218295,,3.384045449218295,,1.0,1.0,1.0,single realization,a
rolling120,1950-11,1960-10,120,1,0.22018711580951345,3.144669269582309,3.393604427355137,,3.393604427355137,,1.0,1.0,1.0,single realization,a
rolling120,1950-12,1960-11,120,1,0.22043088508647068,3.2240567120818433,3.5470564459612914,,3.5470564459612914,,1.0,1.0,1.0,single realization,a
rolling120,1951-01,1960-12,120,1,0.22104043002957652,3.1924802094082567,3.519967102511452,,3.519967102511452,,1.0,1.0,1.0,single realization,a
rolling120,1951-02,1961-01,120,1,0.22177210311258633,3.214664740422795,3.5576107393827288,,3.5576107393827288,,1.0,1.0,1.0,single realization,a
rolling120,1951-03,1961-02,120,1,0.2222603237332108,3.306432317529538,3.75489579806455,,3.75489579806455,,1.0,1.0,1.0,single realization,a
rolling120,1951-04,1961-03,120,1,0.22335914931642908,3.5324155958562544,4.059362917377763,,4.059362917377763,,1.0,1.0,1.0,single realization,a
rolling120,1951-05,1961-04,120,1,0.22384785765531534,3.3368556125318545,3.892024809835956,,3.892024809835956,,1.0,1.0,1.0,single realization,a
rolling120,1951-06,1961-05,120,1,0.22458128625558804,3.5506817587307458,4.121238595616942,,4.121238595616942,,1.0,1.0,1.0,single realization,a
rolling120,1951-07,1961-06,120,1,0.2255597770955846,3.5334107334898963,4.10793260369662,,4.10793260369662,,1.0,1.0,1.0,single realization,a
rolling120,1951-08,1961-07,120,1,0.22617176140453088,3.3611004824130966,3.910807697804489,,3.910807697804489,,1.0,1.0,1.0,single realization,a
rolling120,1951-09,1961-08,120,1,0.22629421938529637,3.2896823458020403,3.8776772990277566,,3.8776772990277566,,1.0,1.0,1.0,single realization,a
rolling120,1951-10,1961-09,120,1,0.22690663160033098,3.1705481406022216,3.6589434829667207,,3.6589434829667207,,1.0,1.0,1.0,single realization,a
rolling120,1951-11,1961-10,120,1,0.22727411561538702,3.390118123626859,3.894146070344788,,3.894146070344788,,1.0,1.0,1.0,single realization,a
rolling120,1951-12,1961-11,120,1,0.22776448585437015,3.560595448717545,4.068916889896811,,4.068916889896811,,1.0,1.0,1.0,single realization,a
rolling120,1952-01,1961-12,120,1,0.22862289090840338,3.409383825816615,3.9146420054542688,,3.9146420054542688,,1.0,1.0,1.0,single realization,a
rolling120,1952-02,1962-01,120,1,0.22972699535355323,3.182404717460111,3.712900727367293,,3.712900727367293,,1.0,1.0,1.0,single realization,a
rolling120,1952-03,1962-02,120,1,0.23070959782686806,3.376765543989598,3.8907545172575713,,3.8907545172575713,,1.0,1.0,1.0,single realization,a
rolling120,1952-04,1962-03,120,1,0.23181601940118068,3.1661951883103265,3.6985232184160717,,3.6985232184160717,,1.0,1.0,1.0,single realization,a
rolling120,1952-05,1962-04,120,1,0.2330463590130476,3.0996411506200294,3.5363836923566323,,3.5363836923566323,,1.0,1.0,1.0,single realization,a
rolling120,1952-06,1962-05,120,1,0.23440094904092557,2.633457239657238,2.9935346419626585,,2.9935346419626585,,1.0,1.0,1.0,single realization,a
rolling120,1952-07,1962-06,120,1,0.2350172251013556,2.2040391275754283,2.5028060952700435,,2.5028060952700435,,1.0,1.0,1.0,single realization,a
rolling120,1952-08,1962-07,120,1,0.2364970260700241,2.3777788309112027,2.681734097756621,,2.681734097756621,,1.0,1.0,1.0,single realization,a
rolling120,1952-09,1962-08,120,1,0.23748474211681003,2.4790646119145765,2.7474277896091044,,2.7474277896091044,,1.0,1.0,1.0,single realization,a
rolling120,1952-10,1962-09,120,1,0.23810249608152478,2.368083443597285,2.595538035020302,,2.595538035020302,,1.0,1.0,1.0,single realization,a
rolling120,1952-11,1962-10,120,1,0.2395861419725751,2.3927989734909927,2.5890299517797204,,2.5890299517797204,,1.0,1.0,1.0,single realization,a
rolling120,1952-12,1962-11,120,1,0.24082448976675375,2.553705807704265,2.8267290842502875,,2.8267290842502875,,1.0,1.0,1.0,single realization,a
rolling120,1953-01,1962-12,120,1,0.24169167940616743,2.489932835114752,2.736427641039068,,2.736427641039068,,1.0,1.0,1.0,single realization,a
rolling120,1953-02,1963-01,120,1,0.24280741673790196,2.6776801735696334,2.939896857824017,,2.939896857824017,,1.0,1.0,1.0,single realization,a
rolling120,1953-03,1963-02,120,1,0.24392437966486846,2.6025578389938646,2.8429474089804496,,2.8429474089804496,,1.0,1.0,1.0,single realization,a
rolling120,1953-04,1963-03,120,1,0.24454522433429582,2.7692956283821766,2.955541202114273,,2.955541202114273,,1.0,1.0,1.0,single realization,a
rolling120,1953-05,1963-04,120,1,0.24566352575392525,3.057036987869278,3.2369375761010293,,3.2369375761010293,,1.0,1.0,1.0,single realization,a
rolling120,1953-06,1963-05,120,1,0.246534010398058,3.110228176029662,3.298855978230149,,3.298855978230149,,1.0,1.0,1.0,single realization,a
rolling120,1953-07,1963-06,120,1,0.24715615753840448,3.107719134514128,3.3106070470656883,,3.3106070470656883,,1.0,1.0,1.0,single realization,a
rolling120,1953-08,1963-07,120,1,0.24865050340864503,3.0007702306706108,3.184052830075954,,3.184052830075954,,1.0,1.0,1.0,single realization,a
rolling120,1953-09,1963-08,120,1,0.249647728528668,3.407500558482747,3.565514294521412,,3.565514294521412,,1.0,1.0,1.0,single realization,a
rolling120,1953-10,1963-09,120,1,0.25102014516343374,3.334166634674176,3.4833713007368914,,3.4833713007368914,,1.0,1.0,1.0,single realization,a
rolling120,1953-11,1963-10,120,1,0.25301917865216006,3.255536666127619,3.4231241611312795,,3.4231241611312795,,1.0,1.0,1.0,single realization,a
rolling120,1953-12,1963-11,120,1,0.25539801202490087,3.1104051688665635,3.2556468170119555,,3.2556468170119555,,1.0,1.0,1.0,single realization,a
rolling120,1954-01,1963-12,120,1,0.25740404100646486,3.191258870141323,3.299881649079132,,3.299881649079132,,1.0,1.0,1.0,single realization,a
rolling120,1954-02,1964-01,120,1,0.2597904835975269,3.0837294236439696,3.1312517508163804,,3.1312517508163804,,1.0,1.0,1.0,single realization,a
rolling120,1954-03,1964-02,120,1,0.26218241116706364,3.0865391450874045,3.16736125765396,,3.16736125765396,,1.0,1.0,1.0,single realization,a
rolling120,1954-04,1964-03,120,1,0.2650831101535587,3.006967050687205,3.1273192676556434,,3.1273192676556434,,1.0,1.0,1.0,single realization,a
rolling120,1954-05,1964-04,120,1,0.2676110012718591,2.854536433676586,2.9762259828557758,,2.9762259828557758,,1.0,1.0,1.0,single realization,a
rolling120,1954-06,1964-05,120,1,0.270271654048142,2.7992314029267913,2.870001128002787,,2.870001128002787,,1.0,1.0,1.0,single realization,a
rolling120,1954-07,1964-06,120,1,0.27331847792353225,2.8153839588221694,2.822598487471888,,2.822598487471888,,1.0,1.0,1.0,single realization,a
rolling120,1954-08,1964-07,120,1,0.27650018326566994,2.7060616768987544,2.707355106380036,,2.707355106380036,,1.0,1.0,1.0,single realization,a
rolling120,1954-09,1964-08,120,1,0.2794346664455911,2.749305385308833,2.73810162699295,,2.73810162699295,,1.0,1.0,0.0,single realization,a
rolling120,1954-10,1964-09,120,1,0.2818634064458376,2.625373044654433,2.6906454509906625,,2.6906454509906625,,1.0,1.0,1.0,single realization,a
rolling120,1954-11,1964-10,120,1,0.28468153325125467,2.7171126674307486,2.786972171816403,,2.786972171816403,,1.0,1.0,1.0,single realization,a
rolling120,1954-12,1964-11,120,1,0.28763452898029507,2.40506127971093,2.47367491145679,,2.47367491145679,,1.0,1.0,1.0,single realization,a
rolling120,1955-01,1964-12,120,1,0.29059372104329917,2.2366950783270982,2.260607008549394,,2.260607008549394,,1.0,1.0,1.0,single realization,a
rolling120,1955-02,1965-01,120,1,0.2931728451860718,2.337640872386962,2.4304011068147338,,2.4304011068147338,,1.0,1.0,1.0,single realization,a
rolling120,1955-03,1965-02,120,1,0.2958860662619942,2.260924657979464,2.399991514305984,,2.399991514305984,,1.0,1.0,1.0,single realization,a
rolling120,1955-04,1965-03,120,1,0.2992520040964408,2.230582887775153,2.409784296357715,,2.409784296357715,,1.0,1.0,1.0,single realization,a
rolling120,1955-05,1965-04,120,1,0.3019777076015384,2.237156111362333,2.46260118873764,,2.46260118873764,,1.0,1.0,1.0,single realization,a
rolling120,1955-06,1965-05,120,1,0.3041879753296415,2.1875163015818457,2.382939770329471,,2.382939770329471,,1.0,1.0,1.0,single realization,a
rolling120,1955-07,1965-06,120,1,0.30744518805524,1.8345433290391209,2.0329824222747304,,2.0329824222747304,,1.0,1.0,1.0,single realization,a
rolling120,1955-08,1965-07,120,1,0.3101880800581531,1.8278731613857286,2.1148466250302653,,2.1148466250302653,,1.0,1.0,1.0,single realization,a
rolling120,1955-09,1965-08,120,1,0.3124118417755042,1.90337326172956,2.2244199159569744,,2.2244199159569744,,1.0,1.0,1.0,single realization,a
rolling120,1955-10,1965-09,120,1,0.314377314781358,2.0017137930918802,2.404321859921131,,2.404321859921131,,1.0,1.0,1.0,single realization,a
rolling120,1955-11,1965-10,120,1,0.3160829351738672,2.1679455076103515,2.6205303813902807,,2.6205303813902807,,1.0,1.0,1.0,single realization,a
rolling120,1955-12,1965-11,120,1,0.31844786407804304,1.9643530764244987,2.525662590064821,,2.525662590064821,,1.0,1.0,1.0,single realization,a
rolling120,1956-01,1965-12,120,1,0.32042198246107056,1.9547313933791552,2.5672766763924852,,2.5672766763924852,,1.0,1.0,1.0,single realization,a
rolling120,1956-02,1966-01,120,1,0.32253001995053143,2.073601644928826,2.7861379217533546,,2.7861379217533546,,1.0,1.0,1.0,single realization,a
rolling120,1956-03,1966-02,120,1,0.3246420551156386,1.930815303243664,2.659142009746633,,2.659142009746633,,1.0,1.0,1.0,single realization,a
rolling120,1956-04,1966-03,120,1,0.32768416867206995,1.6860089308779602,2.3799140432143626,,2.3799140432143626,,1.0,1.0,1.0,single realization,a
rolling120,1956-05,1966-04,120,1,0.3296719182009731,1.7394778057834643,2.5121257003368007,,2.5121257003368007,,1.0,1.0,1.0,single realization,a
rolling120,1956-06,1966-05,120,1,0.3320598354440758,1.7316927409738483,2.388270961899384,,2.388270961899384,,1.0,1.0,1.0,single realization,a
rolling120,1956-07,1966-06,120,1,0.3344527573041549,1.6070577774857968,2.258362342840621,,2.258362342840621,,1.0,1.0,1.0,single realization,a
rolling120,1956-08,1966-07,120,1,0.3361837377317096,1.4497310469579086,2.0924678565779264,,2.0924678565779264,,1.0,1.0,1.0,single realization,a
rolling120,1956-09,1966-08,120,1,0.3393851363246576,1.3358076914023282,1.8731488338365558,,1.8731488338365558,,1.0,1.0,1.0,single realization,a
rolling120,1956-10,1966-09,120,1,0.34232648918941533,1.4414892262616505,1.9256994385579986,,1.9256994385579986,,1.0,1.0,1.0,single realization,a
rolling120,1956-11,1966-10,120,1,0.3450044472725864,1.5272575289406856,1.9298643691913324,,1.9298643691913324,,1.0,1.0,1.0,single realization,a
rolling120,1956-12,1966-11,120,1,0.3476890868879008,1.558172762760647,2.0371594768284114,,2.0371594768284114,,1.0,1.0,1.0,single realization,a
rolling120,1957-01,1966-12,120,1,0.34984022669139314,1.4871673872372133,2.040423446664028,,2.040423446664028,,1.0,1.0,1.0,single realization,a
rolling120,1957-02,1967-01,120,1,0.35199415544646073,1.7927263175410193,2.4275202245581604,,2.4275202245581604,,1.0,1.0,1.0,single realization,a
rolling120,1957-03,1967-02,120,1,0.3536126640124382,1.876931980166276,2.5384075654971316,,2.5384075654971316,,1.0,1.0,1.0,single realization,a
rolling120,1957-04,1967-03,120,1,0.35577347441094154,1.933706136085931,2.63387893010141,,2.63387893010141,,1.0,1.0,1.0,single realization,a
rolling120,1957-05,1967-04,120,1,0.35672014915616623,1.9252848190748715,2.7114719907398315,,2.7114719907398315,,1.0,1.0,1.0,single realization,a
rolling120,1957-06,1967-05,120,1,0.357667390433255,1.7078345109851365,2.5323433597193006,,2.5323433597193006,,1.0,1.0,1.0,single realization,a
rolling120,1957-07,1967-06,120,1,0.358073715470296,1.794929399266898,2.701033709971228,,2.701033709971228,,1.0,1.0,1.0,single realization,a
rolling120,1957-08,1967-07,120,1,0.35834451780638177,1.9040025156804443,2.884598305937879,,2.884598305937879,,1.0,1.0,1.0,single realization,a
rolling120,1957-09,1967-08,120,1,0.35915749208137804,2.034656681213004,3.0455215249381755,,3.0455215249381755,,1.0,1.0,1.0,single realization,a
rolling120,1957-10,1967-09,120,1,0.3599708717893859,2.329205409685466,3.4294705044232714,,3.4294705044232714,,1.0,1.0,1.0,single realization,a
rolling120,1957-11,1967-10,120,1,0.3613269101499297,2.375690094993151,3.5466572334457203,,3.5466572334457203,,1.0,1.0,1.0,single realization,a
rolling120,1957-12,1967-11,120,1,0.3624129308201731,2.3144874087987146,3.4254539530895025,,3.4254539530895025,,1.0,1.0,1.0,single realization,a
rolling120,1958-01,1967-12,120,1,0.3636361666918193,2.556692010811823,3.8059279178751204,,3.8059279178751204,,1.0,1.0,1.0,single realization,a
rolling120,1958-02,1968-01,120,1,0.3652679610675973,2.2665434964446334,3.3662500036972567,,3.3662500036972567,,1.0,1.0,1.0,single realization,a
rolling120,1958-03,1968-02,120,1,0.3689497663960857,2.2022662433449023,3.169084599616853,,3.169084599616853,,1.0,1.0,1.0,single realization,a
rolling120,1958-04,1968-03,120,1,0.3729161509725154,2.1164469951438063,3.024771507244937,,3.024771507244937,,1.0,1.0,1.0,single realization,a
rolling120,1958-05,1968-04,120,1,0.37771751640857043,2.306146395449158,3.4061386013787525,,3.4061386013787525,,1.0,1.0,1.0,single realization,a
rolling120,1958-06,1968-05,120,1,0.38239660896255034,2.315829534359972,3.486742640203426,,3.486742640203426,,1.0,1.0,1.0,single realization,a
rolling120,1958-07,1968-06,120,1,0.3879245370199833,2.256894335759751,3.4074987555628606,,3.4074987555628606,,1.0,1.0,1.0,single realization,a
rolling120,1958-08,1968-07,120,1,0.3936110470647338,2.0489344925708037,3.064129058608632,,3.064129058608632,,1.0,1.0,1.0,single realization,a
rolling120,1958-09,1968-08,120,1,0.39890465160176514,2.0438499441723628,3.038115559836603,,3.038115559836603,,1.0,1.0,1.0,single realization,a
rolling120,1958-10,1968-09,120,1,0.40225565585752343,2.0331086520470047,3.1254041168121,,3.1254041168121,,1.0,1.0,1.0,single realization,a
rolling120,1958-11,1968-10,120,1,0.4058949697976608,1.9787719767498917,2.994857370123921,,2.994857370123921,,1.0,1.0,1.0,single realization,a
rolling120,1958-12,1968-11,120,1,0.4102484553699042,2.0576320184152066,3.068890052681798,,3.068890052681798,,1.0,1.0,1.0,single realization,a
rolling120,1959-01,1968-12,120,1,0.41320347608061736,1.799976179323092,2.8285034562350386,,2.8285034562350386,,1.0,1.0,1.0,single realization,a
rolling120,1959-02,1969-01,120,1,0.4177162503780507,1.754475179183479,2.739840860724939,,2.739840860724939,,1.0,1.0,1.0,single realization,a
rolling120,1959-03,1969-02,120,1,0.42153682516198177,1.5763629815182623,2.3629817276618437,,2.3629817276618437,,1.0,1.0,1.0,single realization,a
rolling120,1959-04,1969-03,120,1,0.4249410243042575,1.6435278672056044,2.3843818508268604,,2.3843818508268604,,1.0,1.0,1.0,single realization,a
rolling120,1959-05,1969-04,120,1,0.42963394384537934,1.5959311301396069,2.3037527946451655,,2.3037527946451655,,1.0,1.0,1.0,single realization,a
rolling120,1959-06,1969-05,120,1,0.43334283254423966,1.5562091824886228,2.273157760022149,,2.273157760022149,,1.0,1.0,1.0,single realization,a
rolling120,1959-07,1969-06,120,1,0.4372035923685309,1.3854544090983825,1.9134528833291027,,1.9134528833291027,,1.0,1.0,1.0,single realization,a
rolling120,1959-08,1969-07,120,1,0.44121772709035834,1.1571260841435924,1.603965455073645,,1.603965455073645,,1.0,1.0,1.0,single realization,a
rolling120,1959-09,1969-08,120,1,0.44567702937000697,1.2964081853159048,1.8175417464155252,,1.8175417464155252,,1.0,1.0,1.0,single realization,a
rolling120,1959-10,1969-09,120,1,0.45014477813986753,1.3481074271842735,1.9318453571197067,,1.9318453571197067,,1.0,1.0,1.0,single realization,a
rolling120,1959-11,1969-10,120,1,0.4544822002080826,1.4424200704497965,2.082981429012173,,2.082981429012173,,1.0,1.0,1.0,single realization,a
rolling120,1959-12,1969-11,120,1,0.4582540471266352,1.3191720912419442,1.8779038363652556,,1.8779038363652556,,1.0,1.0,1.0,single realization,a
rolling120,1960-01,1969-12,120,1,0.46261398547762167,1.2111095006091732,1.7589862977275166,,1.7589862977275166,,1.0,1.0,1.0,single realization,a
rolling120,1960-02,1970-01,120,1,0.46655005421158924,1.1909762057455655,1.7026657516241697,,1.7026657516241697,,1.0,1.0,1.0,single realization,a
rolling120,1960-03,1970-02,120,1,0.47137567508994027,1.2840575999965593,1.7799959469137807,,1.7799959469137807,,1.0,1.0,1.0,single realization,a
rolling120,1960-04,1970-03,120,1,0.47460141149771107,1.302335613610794,1.7647552386802334,,1.7647552386802334,,1.0,1.0,1.0,single realization,a
rolling120,1960-05,1970-04,120,1,0.4791640069420098,1.0926285618836529,1.378510956395751,,1.378510956395751,,1.0,1.0,1.0,single realization,a
rolling120,1960-06,1970-05,120,1,0.48299947758931117,0.895084749484151,1.0726079735326395,,1.0726079735326395,,1.0,1.0,1.0,single realization,a
rolling120,1960-07,1970-06,120,1,0.4880296035109031,0.7554352282653223,0.9164274521431512,,0.9164274521431512,,1.0,1.0,1.0,single realization,a
rolling120,1960-08,1970-07,120,1,0.4938253844493754,0.9292549194438029,1.0714738022443164,,1.0714738022443164,,1.0,1.0,1.0,single realization,a
rolling120,1960-09,1970-08,120,1,0.4991940291374235,0.9640364853075762,1.1043225152803977,,1.1043225152803977,,1.0,1.0,1.0,single realization,a
rolling120,1960-10,1970-09,120,1,0.5048818659093106,1.1843022593607628,1.4671728645271132,,1.4671728645271132,,1.0,1.0,1.0,single realization,a
rolling120,1960-11,1970-10,120,1,0.5084856540535756,1.1553274931829294,1.3645753829426868,,1.3645753829426868,,1.0,1.0,1.0,single realization,a
rolling120,1960-12,1970-11,120,1,0.5134571937103984,1.1606736594510805,1.3094617840882812,,1.3094617840882812,,1.0,1.0,1.0,single realization,a
rolling120,1961-01,1970-12,120,1,0.5173858964895988,1.1868349288523854,1.359218469720581,,1.359218469720581,,1.0,1.0,1.0,single realization,a
rolling120,1961-02,1971-01,120,1,0.5202634623178555,1.1625801566365204,1.386712999044967,,1.386712999044967,,1.0,1.0,1.0,single realization,a
rolling120,1961-03,1971-02,120,1,0.5231479246489956,1.1215013512313146,1.3401165829859711,,1.3401165829859711,,1.0,1.0,1.0,single realization,a
rolling120,1961-04,1971-03,120,1,0.5246680323582262,1.1488715791597035,1.379052839061615,,1.379052839061615,,1.0,1.0,1.0,single realization,a
rolling120,1961-05,1971-04,120,1,0.5263423209032936,1.2124008305045595,1.470265717706921,,1.470265717706921,,1.0,1.0,1.0,single realization,a
rolling120,1961-06,1971-05,120,1,0.5280182807286016,1.0769565215206574,1.314242593902506,,1.314242593902506,,1.0,1.0,1.0,single realization,a
rolling120,1961-07,1971-06,120,1,0.5306107269134703,1.1445345961500362,1.3842711924414393,,1.3842711924414393,,1.0,1.0,1.0,single realization,a
rolling120,1961-08,1971-07,120,1,0.5339720201847917,0.9967218048417625,1.2106868697817772,,1.2106868697817772,,1.0,1.0,1.0,single realization,a
rolling120,1961-09,1971-08,120,1,0.5390270508085282,1.0268543995015302,1.2431901707967703,,1.2431901707967703,,1.0,1.0,1.0,single realization,a
rolling120,1961-10,1971-09,120,1,0.5420998810986519,1.0576645714588584,1.2882747768227447,,1.2882747768227447,,1.0,1.0,1.0,single realization,a
rolling120,1961-11,1971-10,120,1,0.544870396904598,0.9211142904687897,1.1211217113926462,,1.1211217113926462,,1.0,1.0,1.0,single realization,a
rolling120,1961-12,1971-11,120,1,0.5482640213411334,0.8349763743856287,0.9946096842387275,,0.9946096842387275,,1.0,1.0,1.0,single realization,a
rolling120,1962-01,1971-12,120,1,0.551045611558135,1.0011919907816873,1.22889744195871,,1.22889744195871,,1.0,1.0,1.0,single realization,a
rolling120,1962-02,1972-01,120,1,0.5518192775654964,1.133884912034099,1.4191193207676749,,1.4191193207676749,,1.0,1.0,1.0,single realization,a
rolling120,1962-03,1972-02,120,1,0.552593638482445,1.157104324369731,1.4728850384382892,,1.4728850384382892,,1.0,1.0,1.0,single realization,a
rolling120,1962-04,1972-03,120,1,0.553678284736874,1.1867991889636471,1.5147245039367299,,1.5147245039367299,,1.0,1.0,1.0,single realization,a
rolling120,1962-05,1972-04,120,1,0.5547634721239381,1.3491216749542194,1.7489603838615104,,1.7489603838615104,,1.0,1.0,1.0,single realization,a
rolling120,1962-06,1972-05,120,1,0.5556940967082102,1.6058885232430562,2.051769760313112,,2.051769760313112,,1.0,1.0,1.0,single realization,a
rolling120,1962-07,1972-06,120,1,0.5570914267351936,1.780940576712819,2.2580454781729347,,2.2580454781729347,,1.0,1.0,1.0,single realization,a
rolling120,1962-08,1972-07,120,1,0.5577125861753991,1.597441306445397,1.992271283752804,,1.992271283752804,,1.0,1.0,1.0,single realization,a
rolling120,1962-09,1972-08,120,1,0.5586450690165696,1.6278919665444067,1.9912951427251198,,1.9912951427251198,,1.0,1.0,1.0,single realization,a
rolling120,1962-10,1972-09,120,1,0.5606670614222393,1.7443613336267512,2.0971499023138125,,2.0971499023138125,,1.0,1.0,1.0,single realization,a
rolling120,1962-11,1972-10,120,1,0.5628463292119772,1.7638054664166418,2.122733265349043,,2.122733265349043,,1.0,1.0,1.0,single realization,a
rolling120,1962-12,1972-11,120,1,0.5654978649002609,1.6115461320528839,1.9004090710901136,,1.9004090710901136,,1.0,1.0,1.0,single realization,a
rolling120,1963-01,1972-12,120,1,0.567684532575468,1.6050972330701394,1.902994244277704,,1.902994244277704,,1.0,1.0,1.0,single realization,a
rolling120,1963-02,1973-01,120,1,0.5706557052556611,1.4064768337049651,1.6069286728589782,,1.6069286728589782,,1.0,1.0,1.0,single realization,a
rolling120,1963-03,1973-02,120,1,0.5736331030806494,1.3508840948296381,1.5355858446024602,,1.5355858446024602,,1.0,1.0,1.0,single realization,a
rolling120,1963-04,1973-03,120,1,0.5772441538010777,1.2564482319553476,1.446288313025876,,1.446288313025876,,1.0,1.0,1.0,single realization,a
rolling120,1963-05,1973-04,120,1,0.5814920931679235,1.0427792126636621,1.176721843729823,,1.176721843729823,,1.0,1.0,1.0,single realization,a
rolling120,1963-06,1973-05,120,1,0.5857518982871908,0.9534576902275842,1.0288734089680962,,1.0288734089680962,,1.0,1.0,1.0,single realization,a
rolling120,1963-07,1973-06,120,1,0.5901818147944282,0.9675771543430443,1.013506885922041,,1.013506885922041,,1.0,1.0,1.0,single realization,a
rolling120,1963-08,1973-07,120,1,0.5960496443693155,1.0818337371943616,1.2367117001738777,,1.2367117001738777,,1.0,1.0,1.0,single realization,a
rolling120,1963-09,1973-08,120,1,0.6032139569874322,0.9148205872912725,1.06283021920992,,1.06283021920992,,1.0,1.0,1.0,single realization,a
rolling120,1963-10,1973-09,120,1,0.6097694344220073,1.0451913506813169,1.2653419341411372,,1.2653419341411372,,1.0,1.0,1.0,single realization,a
rolling120,1963-11,1973-10,120,1,0.6155478469894808,0.985325300252933,1.1874311225806276,,1.1874311225806276,,1.0,1.0,1.0,single realization,a
rolling120,1963-12,1973-11,120,1,0.6202203200684371,0.7530616120732567,0.8817928724950308,,0.8817928724950308,,1.0,1.0,1.0,single realization,a
rolling120,1964-01,1973-12,120,1,0.6258746935057085,0.7377832646903233,0.8743553536350455,,0.8743553536350455,,1.0,1.0,1.0,single realization,a
rolling120,1964-02,1974-01,120,1,0.6312240319788578,0.7027022099028353,0.9181298610049329,,0.9181298610049329,,1.0,1.0,1.0,single realization,a
rolling120,1964-03,1974-02,120,1,0.6364304122923752,0.6744381225368026,0.8854836812620983,,0.8854836812620983,,1.0,1.0,1.0,single realization,a
rolling120,1964-04,1974-03,120,1,0.6405088451811507,0.608922356436759,0.8190137105904809,,0.8190137105904809,,1.0,1.0,1.0,single realization,a
rolling120,1964-05,1974-04,120,1,0.6480333647621992,0.5300708971911283,0.7403685310331658,,0.7403685310331658,,1.0,1.0,1.0,single realization,a
rolling120,1964-06,1974-05,120,1,0.6560877867523598,0.445493357678842,0.6437810394268799,,0.6437810394268799,,1.0,0.0,1.0,single realization,a
rolling120,1964-07,1974-06,120,1,0.6610411899031643,0.3912713463294635,0.571079853240773,,0.571079853240773,,1.0,0.0,1.0,single realization,a
rolling120,1964-08,1974-07,120,1,0.6676654817871248,0.2631064045860594,0.4270114978967148,,0.4270114978967148,,1.0,0.0,1.0,single realization,a
rolling120,1964-09,1974-08,120,1,0.6729871107676979,0.16560031528019503,0.31581847571658717,,0.31581847571658717,,1.0,0.0,1.0,single realization,a
rolling120,1964-10,1974-09,120,1,0.6818291846479021,0.007689036284771911,0.12274660042517493,,0.12274660042517493,,1.0,0.0,1.0,single realization,a
rolling120,1964-11,1974-10,120,1,0.685518509811154,0.16480023205005612,0.27825766148749187,,0.27825766148749187,,1.0,0.0,1.0,single realization,a
rolling120,1964-12,1974-11,120,1,0.6897201214120394,0.11520213680819591,0.221322383553743,,0.221322383553743,,1.0,0.0,1.0,single realization,a
rolling120,1965-01,1974-12,120,1,0.6962896643025855,0.0808625792323383,0.16773423749009364,,0.16773423749009364,,1.0,0.0,1.0,single realization,a
rolling120,1965-02,1975-01,120,1,0.701364324247647,0.18944856171541713,0.30970512958000396,,0.30970512958000396,,1.0,0.0,1.0,single realization,a
rolling120,1965-03,1975-02,120,1,0.7035694823947276,0.2514359048661614,0.3672467525346532,,0.3672467525346532,,1.0,0.0,1.0,single realization,a
rolling120,1965-04,1975-03,120,1,0.7044182117103885,0.30262066970869794,0.45847797948736657,,0.45847797948736657,,1.0,0.0,1.0,single realization,a
rolling120,1965-05,1975-04,120,1,0.7066271078077102,0.31823901848493863,0.479045553169416,,0.479045553169416,,1.0,0.0,1.0,single realization,a
rolling120,1965-06,1975-05,120,1,0.7088388665956176,0.3991637688410423,0.5853928103641235,,0.5853928103641235,,1.0,0.0,1.0,single realization,a
rolling120,1965-07,1975-06,120,1,0.7098605938701141,0.5531839053520131,0.7966785060565424,,0.7966785060565424,,1.0,1.0,1.0,single realization,a
rolling120,1965-08,1975-07,120,1,0.7127583737620284,0.43305066372920886,0.6500794402561245,,0.6500794402561245,,1.0,0.0,1.0,single realization,a
rolling120,1965-09,1975-08,120,1,0.7153190610546059,0.35768549200970234,0.5156093083951963,,0.5156093083951963,,1.0,0.0,1.0,single realization,a
rolling120,1965-10,1975-09,120,1,0.7190811006661302,0.2668836126371432,0.3969352892649427,,0.3969352892649427,,1.0,0.0,1.0,single realization,a
rolling120,1965-11,1975-10,120,1,0.7233655217125519,0.3034460879022516,0.40300645367866017,,0.40300645367866017,,1.0,0.0,1.0,single realization,a
rolling120,1965-12,1975-11,120,1,0.7243959345805413,0.3390465891069181,0.3989047601538027,,0.3989047601538027,,1.0,0.0,1.0,single realization,a
rolling120,1966-01,1975-12,120,1,0.726974020797895,0.3065416097384257,0.3315201495135127,,0.3315201495135127,,1.0,0.0,1.0,single realization,a
rolling120,1966-02,1976-01,120,1,0.7285224135242527,0.45541756764333874,0.49226934677873957,,0.49226934677873957,,1.0,0.0,1.0,single realization,a
rolling120,1966-03,1976-02,120,1,0.7283501641556902,0.47758501294434175,0.5291716283361474,,0.5291716283361474,,1.0,0.0,1.0,single realization,a
rolling120,1966-04,1976-03,120,1,0.7286945256149759,0.5508075255915277,0.584177802017303,,0.584177802017303,,1.0,0.0,1.0,single realization,a
rolling120,1966-05,1976-04,120,1,0.7300727951191537,0.4972322485290308,0.5140947951933772,,0.5140947951933772,,1.0,0.0,1.0,single realization,a
rolling120,1966-06,1976-05,120,1,0.7293835917349814,0.5650296556030179,0.5999530285167773,,0.5999530285167773,,1.0,0.0,1.0,single realization,a
rolling120,1966-07,1976-06,120,1,0.7302450101409061,0.6528193724879661,0.680784020561777,,0.680784020561777,,1.0,0.0,1.0,single realization,a
rolling120,1966-08,1976-07,120,1,0.7323140624699236,0.6643716958977777,0.6893369385018375,,0.6893369385018375,,1.0,0.0,1.0,single realization,a
rolling120,1966-09,1976-08,120,1,0.7324865865275343,0.7972046483766964,0.815497367893008,,0.815497367893008,,1.0,1.0,1.0,single realization,a
rolling120,1966-10,1976-09,120,1,0.7331768202273459,0.8543736305477281,0.9009799953684994,,0.9009799953684994,,1.0,1.0,1.0,single realization,a
rolling120,1966-11,1976-10,120,1,0.7324866552416902,0.7420196726811599,0.8344132791844281,,0.8344132791844281,,1.0,1.0,1.0,single realization,a
rolling120,1966-12,1976-11,120,1,0.7324866552416902,0.7245618217660996,0.7776147559375342,,0.7776147559375342,,1.0,1.0,1.0,single realization,a
rolling120,1967-01,1976-12,120,1,0.7324866552416902,0.8192557564736382,0.8458462149047963,,0.8458462149047963,,1.0,1.0,1.0,single realization,a
rolling120,1967-02,1977-01,120,1,0.7312791070402871,0.6140072483063694,0.5975036823918782,,0.5975036823918782,,1.0,0.0,0.0,single realization,a
rolling120,1967-03,1977-02,120,1,0.7311066001543722,0.5705967893387702,0.5476661504993041,,0.5476661504993041,,1.0,0.0,0.0,single realization,a
rolling120,1967-04,1977-03,120,1,0.7309341620031466,0.4900958042557808,0.46160517041055704,,0.46160517041055704,,1.0,0.0,0.0,single realization,a
rolling120,1967-05,1977-04,120,1,0.7319694097076941,0.43747558969229106,0.3998837731978766,,0.3998837731978766,,1.0,0.0,0.0,single realization,a
rolling120,1967-06,1977-05,120,1,0.7326599187916005,0.4807450871843302,0.4155178826969692,,0.4155178826969692,,1.0,0.0,0.0,single realization,a
rolling120,1967-07,1977-06,120,1,0.7349063114259171,0.5157846291247132,0.42521245851224054,,0.42521245851224054,,1.0,0.0,0.0,single realization,a
rolling120,1967-08,1977-07,120,1,0.7366356837459189,0.42662932729726366,0.3325655815411206,,0.3325655815411206,,1.0,0.0,0.0,single realization,a
rolling120,1967-09,1977-08,120,1,0.7388863331217235,0.4161531236062166,0.3324371986452206,,0.3324371986452206,,1.0,0.0,0.0,single realization,a
rolling120,1967-10,1977-09,120,1,0.7407930067326025,0.37151321659639036,0.2764042431366691,,0.2764042431366691,,1.0,0.0,0.0,single realization,a
rolling120,1967-11,1977-10,120,1,0.7425270370212096,0.3544591523472729,0.2525133216933402,,0.2525133216933402,,1.0,0.0,0.0,single realization,a
rolling120,1967-12,1977-11,120,1,0.7449578240397723,0.40515220312012357,0.3171250411687685,,0.3171250411687685,,1.0,0.0,0.0,single realization,a
rolling120,1968-01,1977-12,120,1,0.7477405734850664,0.3695408781813079,0.2613632737306768,,0.2613632737306768,,1.0,0.0,0.0,single realization,a
rolling120,1968-02,1978-01,120,1,0.7493072732023338,0.34282367520340085,0.23379510799896952,,0.23379510799896952,,1.0,0.0,0.0,single realization,a
rolling120,1968-03,1978-02,120,1,0.7505270312372392,0.3764463683642101,0.29155762175451394,,0.29155762175451394,,1.0,0.0,0.0,single realization,a
rolling120,1968-04,1978-03,120,1,0.7531428815528955,0.41462397416733343,0.35467353898254195,,0.35467353898254195,,1.0,0.0,0.0,single realization,a
rolling120,1968-05,1978-04,120,1,0.7550630818612778,0.4011821383232579,0.3151369975499019,,0.3151369975499019,,1.0,0.0,0.0,single realization,a
rolling120,1968-06,1978-05,120,1,0.7561114022685618,0.3949079848760797,0.30654315372369756,,0.30654315372369756,,1.0,0.0,0.0,single realization,a
rolling120,1968-07,1978-06,120,1,0.7580348539687463,0.3634594512508702,0.2876733338392521,,0.2876733338392521,,1.0,0.0,0.0,single realization,a
rolling120,1968-08,1978-07,120,1,0.7594345632473838,0.47346758163607694,0.4268911621713365,,0.4268911621713365,,1.0,0.0,0.0,single realization,a
rolling120,1968-09,1978-08,120,1,0.7618874694299633,0.5106770901828463,0.46633650767168144,,0.46633650767168144,,1.0,0.0,0.0,single realization,a
rolling120,1968-10,1978-09,120,1,0.7652207226331067,0.4340443511134642,0.3539212318896532,,0.3539212318896532,,1.0,0.0,0.0,single realization,a
rolling120,1968-11,1978-10,120,1,0.7694386932965072,0.26216375029100214,0.15432770064015222,,0.15432770064015222,,1.0,0.0,0.0,single realization,a
rolling120,1968-12,1978-11,120,1,0.7743724000692915,0.23306899780436918,0.1281891957401584,,0.1281891957401584,,1.0,0.0,0.0,single realization,a
rolling120,1969-01,1978-12,120,1,0.7805561135017745,0.2988752707441884,0.1723834415998926,,0.1723834415998926,,1.0,0.0,0.0,single realization,a
rolling120,1969-02,1979-01,120,1,0.7848069189055387,0.37357891494190465,0.2501910796060016,,0.2501910796060016,,1.0,0.0,0.0,single realization,a
rolling120,1969-03,1979-02,120,1,0.7896038317873273,0.41089495945988186,0.2981272943469053,,0.2981272943469053,,1.0,0.0,0.0,single realization,a
rolling120,1969-04,1979-03,120,1,0.7958387645080678,0.4568667114360765,0.3697782153149458,,0.3697782153149458,,1.0,0.0,0.0,single realization,a
rolling120,1969-05,1979-04,120,1,0.800661966203255,0.43886835810330416,0.37087597600900346,,0.37087597600900346,,1.0,0.0,0.0,single realization,a
rolling120,1969-06,1979-05,120,1,0.806754970467876,0.413499327384679,0.3582418148270745,,0.3582418148270745,,1.0,0.0,0.0,single realization,a
rolling120,1969-07,1979-06,120,1,0.8121477322939665,0.5851125654822831,0.5735399736071065,,0.5735399736071065,,1.0,0.0,0.0,single realization,a
rolling120,1969-08,1979-07,120,1,0.8164739578559934,0.7218800027050143,0.7449261012918147,,0.7449261012918147,,1.0,0.0,1.0,single realization,a
rolling120,1969-09,1979-08,120,1,0.8213540371457557,0.7402135477475997,0.7642251280715016,,0.7642251280715016,,1.0,0.0,1.0,single realization,a
rolling120,1969-10,1979-09,120,1,0.8251553127152311,0.7820927268280591,0.7732948542529494,,0.7732948542529494,,1.0,0.0,0.0,single realization,a
rolling120,1969-11,1979-10,120,1,0.8300538408905103,0.5646861846284212,0.4953655143043276,,0.4953655143043276,,1.0,0.0,0.0,single realization,a
rolling120,1969-12,1979-11,120,1,0.8386105988015584,0.7182105011309405,0.6705285998344919,,0.6705285998344919,,1.0,0.0,0.0,single realization,a
rolling120,1970-01,1979-12,120,1,0.8442740455983437,0.8009566858604371,0.8045475155534054,,0.8045475155534054,,1.0,0.0,1.0,single realization,a
rolling120,1970-02,1980-01,120,1,0.84794059439675,1.0696399535888053,1.0877493528644013,,1.0877493528644013,,1.0,1.0,1.0,single realization,a
rolling120,1970-03,1980-02,120,1,0.8528992900883334,0.9502677550554111,0.9242049210358732,,0.9242049210358732,,1.0,1.0,0.0,single realization,a
rolling120,1970-04,1980-03,120,1,0.8646906348795886,0.7307621892165943,0.7266233276808765,,0.7266233276808765,,1.0,0.0,0.0,single realization,a
rolling120,1970-05,1980-04,120,1,0.8787917779891261,1.0343368330630982,1.1016493719826816,,1.1016493719826816,,1.0,1.0,1.0,single realization,a
rolling120,1970-06,1980-05,120,1,0.8840246606891853,1.3046257383638022,1.4768882077413257,,1.4768882077413257,,1.0,1.0,1.0,single realization,a
rolling120,1970-07,1980-06,120,1,0.8845866087884167,1.5188455395347784,1.747897250536825,,1.747897250536825,,1.0,1.0,1.0,single realization,a
rolling120,1970-08,1980-07,120,1,0.8847740925338194,1.5094678569601885,1.8591913134683478,,1.8591913134683478,,1.0,1.0,1.0,single realization,a
rolling120,1970-09,1980-08,120,1,0.8868364137332496,1.4463906871765548,1.8065768945986713,,1.8065768945986713,,1.0,1.0,1.0,single realization,a
rolling120,1970-10,1980-09,120,1,0.890777488398895,1.404807652195898,1.6430068818596144,,1.6430068818596144,,1.0,1.0,1.0,single realization,a
rolling120,1970-11,1980-10,120,1,0.8999998751131644,1.4978748594302846,1.8105902963258975,,1.8105902963258975,,1.0,1.0,1.0,single realization,a
rolling120,1970-12,1980-11,120,1,0.9094563745911315,1.6281408875010674,1.9191456314799082,,1.9191456314799082,,1.0,1.0,1.0,single realization,a
rolling120,1971-01,1980-12,120,1,0.9263794593689254,1.3976586751552218,1.6879994444360937,,1.6879994444360937,,1.0,1.0,1.0,single realization,a
rolling120,1971-02,1981-01,120,1,0.9390454331005802,1.187313750037053,1.4276202313099722,,1.4276202313099722,,1.0,1.0,1.0,single realization,a
rolling120,1971-03,1981-02,120,1,0.9533471735620018,1.1860238067993647,1.3730849867526889,,1.3730849867526889,,1.0,1.0,1.0,single realization,a
rolling120,1971-04,1981-03,120,1,0.9710694659642094,1.1956538676222705,1.4327544053837773,,1.4327544053837773,,1.0,1.0,1.0,single realization,a
rolling120,1971-05,1981-04,120,1,0.9867939930161773,1.0999137637551484,1.3616069975049632,,1.3616069975049632,,1.0,1.0,1.0,single realization,a
rolling120,1971-06,1981-05,120,1,1.0038310139952773,1.2085074350272214,1.5115980961817739,,1.5115980961817739,,1.0,1.0,1.0,single realization,a
rolling120,1971-07,1981-06,120,1,1.0233961668668061,1.1805377058440891,1.4502402293085215,,1.4502402293085215,,1.0,1.0,1.0,single realization,a
rolling120,1971-08,1981-07,120,1,1.0403249794182816,1.266476946049393,1.5511658208813057,,1.5511658208813057,,1.0,1.0,1.0,single realization,a
rolling120,1971-09,1981-08,120,1,1.0567742999450935,1.049089937987874,1.2783887959553781,,1.2783887959553781,,1.0,1.0,1.0,single realization,a
rolling120,1971-10,1981-09,120,1,1.0746022728548499,0.9366587143780476,1.1761245916065577,,1.1761245916065577,,1.0,1.0,1.0,single realization,a
rolling120,1971-11,1981-10,120,1,1.0919646909996947,1.142132249681524,1.457253460111406,,1.457253460111406,,1.0,1.0,1.0,single realization,a
rolling120,1971-12,1981-11,120,1,1.1065544616851564,1.2399014725675985,1.5676579844822713,,1.5676579844822713,,1.0,1.0,1.0,single realization,a
rolling120,1972-01,1981-12,120,1,1.117048406398144,0.9967731865829965,1.2641342159293205,,1.2641342159293205,,1.0,1.0,1.0,single realization,a
rolling120,1972-02,1982-01,120,1,1.1278141326646023,0.8959240931773353,1.1024894495806694,,1.1024894495806694,,1.0,0.0,1.0,single realization,a
rolling120,1972-03,1982-02,120,1,1.1420349353467496,0.7477360773607213,0.9378420566104704,,0.9378420566104704,,1.0,0.0,1.0,single realization,a
rolling120,1972-04,1982-03,120,1,1.1572024311490456,0.7177669682930836,0.9074500245343307,,0.9074500245343307,,1.0,0.0,1.0,single realization,a
rolling120,1972-05,1982-04,120,1,1.1752705340722205,0.7824949143045254,0.9851405826842263,,0.9851405826842263,,1.0,0.0,1.0,single realization,a
rolling120,1972-06,1982-05,120,1,1.1917531423064665,0.7042398959188756,0.8914918178041435,,0.8914918178041435,,1.0,0.0,1.0,single realization,a
rolling120,1972-07,1982-06,120,1,1.2063954257379685,0.7045881975530299,0.9173975699616777,,0.9173975699616777,,1.0,0.0,1.0,single realization,a
rolling120,1972-08,1982-07,120,1,1.222672293598063,0.6761526995333533,0.9336698553604199,,0.9336698553604199,,1.0,0.0,1.0,single realization,a
rolling120,1972-09,1982-08,120,1,1.2330886459561352,0.8125950253064913,1.1289546581844587,,1.1289546581844587,,1.0,0.0,1.0,single realization,a
rolling120,1972-10,1982-09,120,1,1.236872033137843,0.8604679987571267,1.2267405819575332,,1.2267405819575332,,1.0,0.0,1.0,single realization,a
rolling120,1972-11,1982-10,120,1,1.241105157503343,1.0627007964817174,1.5548795427203395,,1.5548795427203395,,1.0,1.0,1.0,single realization,a
rolling120,1972-12,1982-11,120,1,1.2469105509570726,1.0693819270028553,1.592819104917889,,1.592819104917889,,1.0,1.0,1.0,single realization,a
rolling120,1973-01,1982-12,120,1,1.253626433843265,1.0742997571096038,1.6160334217124483,,1.6160334217124483,,1.0,1.0,1.0,single realization,a
rolling120,1973-02,1983-01,120,1,1.2592358186347905,1.2260777881176241,1.877650775396027,,1.877650775396027,,1.0,1.0,1.0,single realization,a
rolling120,1973-03,1983-02,120,1,1.263735392063659,1.4040335723722936,2.1312243264741744,,2.1312243264741744,,1.0,1.0,1.0,single realization,a
rolling120,1973-04,1983-03,120,1,1.267566120877623,1.5077978290257166,2.2968870247793465,,2.2968870247793465,,1.0,1.0,1.0,single realization,a
rolling120,1973-05,1983-04,120,1,1.2718522088498352,1.8391211820169895,2.7819234090831455,,2.7819234090831455,,1.0,1.0,1.0,single realization,a
rolling120,1973-06,1983-05,120,1,1.2759207930463625,1.9456537176555178,3.07619578509032,,3.07619578509032,,1.0,1.0,1.0,single realization,a
rolling120,1973-07,1983-06,120,1,1.2795437890356909,2.0885599016533596,3.331675288381093,,3.331675288381093,,1.0,1.0,1.0,single realization,a
rolling120,1973-08,1983-07,120,1,1.2818088365208218,1.8255296299379897,2.810762552710141,,2.810762552710141,,1.0,1.0,1.0,single realization,a
rolling120,1973-09,1983-08,120,1,1.283168404844469,1.9241081822624166,2.8933595307983895,,2.8933595307983895,,1.0,1.0,1.0,single realization,a
rolling120,1973-10,1983-09,120,1,1.2849826030207456,1.8203691896456302,2.6886472570057953,,2.6886472570057953,,1.0,1.0,1.0,single realization,a
rolling120,1973-11,1983-10,120,1,1.2874798517672161,1.7500153599299662,2.565557409763015,,2.565557409763015,,1.0,1.0,1.0,single realization,a
rolling120,1973-12,1983-11,120,1,1.2906644895878947,2.2227623613123226,3.370250746608603,,3.370250746608603,,1.0,1.0,1.0,single realization,a
rolling120,1974-01,1983-12,120,1,1.2927129773071204,2.150494549792229,3.28635918875123,,3.28635918875123,,1.0,1.0,1.0,single realization,a
rolling120,1974-02,1984-01,120,1,1.2956748444148407,2.0993817189356423,3.0263882233313417,,3.0263882233313417,,1.0,1.0,1.0,single realization,a
rolling120,1974-03,1984-02,120,1,1.2986420121397755,1.9699828417367722,2.7917771537038605,,2.7917771537038605,,1.0,1.0,1.0,single realization,a
rolling120,1974-04,1984-03,120,1,1.302527942351229,2.0805899375411694,2.914750231610981,,2.914750231610981,,1.0,1.0,1.0,single realization,a
rolling120,1974-05,1984-04,120,1,1.3038991748727282,2.2364425550998135,3.104409335400714,,3.104409335400714,,1.0,1.0,1.0,single realization,a
rolling120,1974-06,1984-05,120,1,1.304585199440928,2.194323313102158,3.0793937162494327,,3.0793937162494327,,1.0,1.0,1.0,single realization,a
rolling120,1974-07,1984-06,120,1,1.3080214596786637,2.3511640649729677,3.339821286564904,,3.339821286564904,,1.0,1.0,1.0,single realization,a
rolling120,1974-08,1984-07,120,1,1.3107718328183005,2.548674382273835,3.541350354727327,,3.541350354727327,,1.0,1.0,1.0,single realization,a
rolling120,1974-09,1984-08,120,1,1.316054909573253,3.3225273968931353,4.541695750392948,,4.541695750392948,,1.0,1.0,1.0,single realization,a
rolling120,1974-10,1984-09,120,1,1.3172036323733591,3.8585946004619993,5.191063137108522,,5.191063137108522,,1.0,1.0,1.0,single realization,a
rolling120,1974-11,1984-10,120,1,1.3285003170799845,3.172842009794836,4.365114432194656,,4.365114432194656,,1.0,1.0,1.0,single realization,a
rolling120,1974-12,1984-11,120,1,1.3329007055845121,3.3010566116997913,4.5032554966693725,,4.5032554966693725,,1.0,1.0,1.0,single realization,a
rolling120,1975-01,1984-12,120,1,1.3315106952336175,3.5318967876515996,4.886612817224114,,4.886612817224114,,1.0,1.0,1.0,single realization,a
rolling120,1975-02,1985-01,120,1,1.3331333413726747,3.3085744339143712,4.449027104862385,,4.449027104862385,,1.0,1.0,1.0,single realization,a
rolling120,1975-03,1985-02,120,1,1.3366180571070756,3.1382477344323334,4.1833793670864665,,4.1833793670864665,,1.0,1.0,1.0,single realization,a
rolling120,1975-04,1985-03,120,1,1.3415049188936758,3.0065561406714147,3.82305784375756,,3.82305784375756,,1.0,1.0,1.0,single realization,a
rolling120,1975-05,1985-04,120,1,1.348032411698238,2.8189761187978255,3.513703594457941,,3.513703594457941,,1.0,1.0,1.0,single realization,a
rolling120,1975-06,1985-05,120,1,1.3531754536195209,2.8222296955745354,3.5035303824959145,,3.5035303824959145,,1.0,1.0,1.0,single realization,a
rolling120,1975-07,1985-06,120,1,1.3564564471809866,2.69661310413563,3.343960309699467,,3.343960309699467,,1.0,1.0,1.0,single realization,a
rolling120,1975-08,1985-07,120,1,1.3597397264664695,2.933656253761711,3.672336264275833,,3.672336264275833,,1.0,1.0,1.0,single realization,a
rolling120,1975-09,1985-08,120,1,1.3613836534255928,3.010202207081531,3.8299794590810405,,3.8299794590810405,,1.0,1.0,1.0,single realization,a
rolling120,1975-10,1985-09,120,1,1.3630279074367313,3.0027041661832774,3.818061925905039,,3.818061925905039,,1.0,1.0,1.0,single realization,a
rolling120,1975-11,1985-10,120,1,1.3651427892154633,2.956205052805817,3.730622238646392,,3.730622238646392,,1.0,1.0,1.0,single realization,a
rolling120,1975-12,1985-11,120,1,1.369853759814439,3.1101385115846965,3.933405276804395,,3.933405276804395,,1.0,1.0,1.0,single realization,a
rolling120,1976-01,1985-12,120,1,1.3738632655784562,3.344991693122453,4.221214375492141,,4.221214375492141,,1.0,1.0,1.0,single realization,a
rolling120,1976-02,1986-01,120,1,1.3759897480498613,2.904782536502607,3.607649285635838,,3.607649285635838,,1.0,1.0,1.0,single realization,a
rolling120,1976-03,1986-02,120,1,1.3804888316867907,3.1771280248905684,3.8135122013938485,,3.8135122013938485,,1.0,1.0,1.0,single realization,a
rolling120,1976-04,1986-03,120,1,1.3852308413116647,3.2905838970619508,4.029958463124602,,4.029958463124602,,1.0,1.0,1.0,single realization,a
rolling120,1976-05,1986-04,120,1,1.3876060960829375,3.3040285650907535,4.07754310713737,,4.07754310713737,,1.0,1.0,1.0,single realization,a
rolling120,1976-06,1986-05,120,1,1.3904606615061708,3.5682767088426672,4.401649684452421,,4.401649684452421,,1.0,1.0,1.0,single realization,a
rolling120,1976-07,1986-06,120,1,1.3926028646281021,3.441052235469786,4.222217035274327,,4.222217035274327,,1.0,1.0,1.0,single realization,a
rolling120,1976-08,1986-07,120,1,1.3937935697463608,3.2033860259063704,3.896097166318585,,3.896097166318585,,1.0,1.0,1.0,single realization,a
rolling120,1976-09,1986-08,120,1,1.3947470824210262,3.4845940244347062,4.284710239100096,,4.284710239100096,,1.0,1.0,1.0,single realization,a
rolling120,1976-10,1986-09,120,1,1.394985508056473,3.0190712886299718,3.7988134601610364,,3.7988134601610364,,1.0,1.0,1.0,single realization,a
rolling120,1976-11,1986-10,120,1,1.3961781111378682,3.310688768598939,4.161278021833748,,4.161278021833748,,1.0,1.0,1.0,single realization,a
rolling120,1976-12,1986-11,120,1,1.395939447979388,3.3449141657295396,4.172777434428711,,4.172777434428711,,1.0,1.0,1.0,single realization,a
rolling120,1977-01,1986-12,120,1,1.3980872024646285,2.9835549677876756,3.682792171234709,,3.682792171234709,,1.0,1.0,1.0,single realization,a
rolling120,1977-02,1987-01,120,1,1.3995208934983858,3.6675371038533653,4.5086265690102945,,4.5086265690102945,,1.0,1.0,1.0,single realization,a
rolling120,1977-03,1987-02,120,1,1.4014338149879713,3.9710859044291347,4.930491407277307,,4.930491407277307,,1.0,1.0,1.0,single realization,a
rolling120,1977-04,1987-03,120,1,1.4035869236087013,4.125193081310862,5.108760986215505,,5.108760986215505,,1.0,1.0,1.0,single realization,a
rolling120,1977-05,1987-04,120,1,1.4050236163305239,4.014052915019629,4.957738475390864,,4.957738475390864,,1.0,1.0,1.0,single realization,a
rolling120,1977-06,1987-05,120,1,1.405263232113759,4.094663068051797,5.073346919304463,,5.073346919304463,,1.0,1.0,1.0,single realization,a
rolling120,1977-07,1987-06,120,1,1.4071797765218181,4.059283463412551,4.974531100702763,,4.974531100702763,,1.0,1.0,1.0,single realization,a
rolling120,1977-08,1987-07,120,1,1.4081386212844245,4.344710475376573,5.375361120005818,,5.375361120005818,,1.0,1.0,1.0,single realization,a
rolling120,1977-09,1987-08,120,1,1.4088578980530282,4.632310927588262,5.649793724831733,,5.649793724831733,,1.0,1.0,1.0,single realization,a
rolling120,1977-10,1987-09,120,1,1.4093376068846633,4.503537045557736,5.546976102209344,,5.546976102209344,,1.0,1.0,1.0,single realization,a
rolling120,1977-11,1987-10,120,1,1.4119749552452694,3.4331821300377117,4.039908902002941,,4.039908902002941,,1.0,1.0,1.0,single realization,a
rolling120,1977-12,1987-11,120,1,1.4083749926255003,2.9279266355999187,3.470819812347716,,3.470819812347716,,1.0,1.0,1.0,single realization,a
rolling120,1978-01,1987-12,120,1,1.4059783611272167,3.1793669571523164,3.8359422635200273,,3.8359422635200273,,1.0,1.0,1.0,single realization,a
rolling120,1978-02,1988-01,120,1,1.4011898680211816,3.6221171237423784,4.221774685816464,,4.221774685816464,,1.0,1.0,1.0,single realization,a
rolling120,1978-03,1988-02,120,1,1.401189868021182,3.9095123138327503,4.593270531844051,,4.593270531844051,,1.0,1.0,1.0,single realization,a
rolling120,1978-04,1988-03,120,1,1.3990401904311902,3.662564509306433,4.307441208873444,,4.307441208873444,,1.0,1.0,1.0,single realization,a
rolling120,1978-05,1988-04,120,1,1.3971312664682456,3.345160892678063,3.919627557255299,,3.919627557255299,,1.0,1.0,1.0,single realization,a
rolling120,1978-06,1988-05,120,1,1.3971312664682451,3.258911976943865,3.702943474390046,,3.702943474390046,,1.0,1.0,1.0,single realization,a
rolling120,1978-07,1988-06,120,1,1.3959391383269741,3.5355150613341486,4.007677867544346,,4.007677867544346,,1.0,1.0,1.0,single realization,a
rolling120,1978-08,1988-07,120,1,1.3947478400282827,3.2599850964045,3.616237592003695,,3.616237592003695,,1.0,1.0,1.0,single realization,a
rolling120,1978-09,1988-08,120,1,1.3954622636082434,2.97173998637368,3.2491386376447107,,3.2491386376447107,,1.0,1.0,1.0,single realization,a
rolling120,1978-10,1988-09,120,1,1.395462263608243,3.1619574186712684,3.4759691354811073,,3.4759691354811073,,1.0,1.0,1.0,single realization,a
rolling120,1978-11,1988-10,120,1,1.3937967654114556,3.7709214518830256,4.290771207034183,,4.290771207034183,,1.0,1.0,1.0,single realization,a
rolling120,1978-12,1988-11,120,1,1.3907064617421065,3.535166605938512,3.977185616315719,,3.977185616315719,,1.0,1.0,1.0,single realization,a
rolling120,1979-01,1988-12,120,1,1.3871481568278243,3.5556897406038512,4.0278860169478214,,4.0278860169478214,,1.0,1.0,1.0,single realization,a
rolling120,1979-02,1989-01,120,1,1.3819365601770137,3.626418136424257,4.055030282324185,,4.055030282324185,,1.0,1.0,1.0,single realization,a
rolling120,1979-03,1989-02,120,1,1.379098950852868,3.6840281595288538,4.219918244510826,,4.219918244510826,,1.0,1.0,1.0,single realization,a
rolling120,1979-04,1989-03,120,1,1.3757949745298905,3.4975116362718834,3.9555712883037515,,3.9555712883037515,,1.0,1.0,1.0,single realization,a
rolling120,1979-05,1989-04,120,1,1.3727309532333742,3.6890566071803166,4.150068375484101,,4.150068375484101,,1.0,1.0,1.0,single realization,a
rolling120,1979-06,1989-05,120,1,1.372024923392103,3.948186180381822,4.4145913781581125,,4.4145913781581125,,1.0,1.0,1.0,single realization,a
rolling120,1979-07,1989-06,120,1,1.369671957492498,3.699003751613432,4.100165397985174,,4.100165397985174,,1.0,1.0,1.0,single realization,a
rolling120,1979-08,1989-07,120,1,1.368025862057106,3.9894539835044975,4.353088043875798,,4.353088043875798,,1.0,1.0,1.0,single realization,a
rolling120,1979-09,1989-08,120,1,1.36732088264,3.7951511005046994,4.089024688351197,,4.089024688351197,,1.0,1.0,1.0,single realization,a
rolling120,1979-10,1989-09,120,1,1.3630947816891394,3.789876434294146,4.082241461612436,,4.082241461612436,,1.0,1.0,1.0,single realization,a
rolling120,1979-11,1989-10,120,1,1.3586436266527473,4.009827642767715,4.317656321506452,,4.317656321506452,,1.0,1.0,1.0,single realization,a
rolling120,1979-12,1989-11,120,1,1.3516370607749786,3.798510178879198,4.014681395443721,,4.014681395443721,,1.0,1.0,1.0,single realization,a
rolling120,1980-01,1989-12,120,1,1.3437167378362616,3.754602853189076,3.8297067103761275,,3.8297067103761275,,1.0,1.0,1.0,single realization,a
rolling120,1980-02,1990-01,120,1,1.338368971470167,3.149430919006119,3.194552103794429,,3.194552103794429,,1.0,1.0,1.0,single realization,a
rolling120,1980-03,1990-02,120,1,1.330952200027304,3.2339517374446354,3.40595267584065,,3.40595267584065,,1.0,1.0,1.0,single realization,a
rolling120,1980-04,1990-03,120,1,1.3178246162508436,3.912841518921436,4.1851594148945095,,4.1851594148945095,,1.0,1.0,1.0,single realization,a
rolling120,1980-05,1990-04,120,1,1.3047774107278034,3.544880382441055,3.8336011831857366,,3.8336011831857366,,1.0,1.0,1.0,single realization,a
rolling120,1980-06,1990-05,120,1,1.301805274398128,3.675138102461995,3.924382388261642,,3.924382388261642,,1.0,1.0,1.0,single realization,a
rolling120,1980-07,1990-06,120,1,1.3022628442767474,3.4923568560581817,3.7080763249783235,,3.7080763249783235,,1.0,1.0,1.0,single realization,a
rolling120,1980-08,1990-07,120,1,1.3056980320479754,3.1456932944826894,3.1905572006891862,,3.1905572006891862,,1.0,1.0,1.0,single realization,a
rolling120,1980-09,1990-08,120,1,1.3061562391290664,2.6658957992231933,2.638505561345968,,2.638505561345968,,1.0,1.0,0.0,single realization,a
rolling120,1980-10,1990-09,120,1,1.302722755894631,2.3649746849485096,2.266829798901701,,2.266829798901701,,1.0,1.0,0.0,single realization,a
rolling120,1980-11,1990-10,120,1,1.2965639134568745,2.2584067054173413,2.1185400327871924,,2.1185400327871924,,1.0,1.0,0.0,single realization,a
rolling120,1980-12,1990-11,120,1,1.287692479956001,2.151129205347524,2.1026294750361867,,2.1026294750361867,,1.0,1.0,0.0,single realization,a
rolling120,1981-01,1990-12,120,1,1.2716598902731588,2.3531788941984093,2.2831701088923873,,2.2831701088923873,,1.0,1.0,0.0,single realization,a
rolling120,1981-02,1991-01,120,1,1.259968845707224,2.6756402527465575,2.5947707231140194,,2.5947707231140194,,1.0,1.0,0.0,single realization,a
rolling120,1981-03,1991-02,120,1,1.2467761909237352,2.892173347887706,2.845486964227588,,2.845486964227588,,1.0,1.0,0.0,single realization,a
rolling120,1981-04,1991-03,120,1,1.229682843754372,2.826116248734002,2.6716623283029595,,2.6716623283029595,,1.0,1.0,0.0,single realization,a
rolling120,1981-05,1991-04,120,1,1.217550616171617,2.877559178483461,2.649664258227876,,2.649664258227876,,1.0,1.0,0.0,single realization,a
rolling120,1981-06,1991-05,120,1,1.2026427128696229,2.9866729586836773,2.7278160563308345,,2.7278160563308345,,1.0,1.0,0.0,single realization,a
rolling120,1981-07,1991-06,120,1,1.182430993846744,2.844536249824434,2.667177739585378,,2.667177739585378,,1.0,1.0,0.0,single realization,a
rolling120,1981-08,1991-07,120,1,1.1662632415217238,3.0389034150277148,2.8878155589150407,,2.8878155589150407,,1.0,1.0,0.0,single realization,a
rolling120,1981-09,1991-08,120,1,1.1487243803640639,3.4039729789576567,3.2398491066141135,,3.2398491066141135,,1.0,1.0,0.0,single realization,a
rolling120,1981-10,1991-09,120,1,1.1321696093577036,3.6296736675124253,3.4118317645116782,,3.4118317645116782,,1.0,1.0,0.0,single realization,a
rolling120,1981-11,1991-10,120,1,1.1155268468698805,3.436861478589358,3.199186282113337,,3.199186282113337,,1.0,1.0,0.0,single realization,a
rolling120,1981-12,1991-11,120,1,1.1012935604755842,3.085208247587924,2.9096898042752426,,2.9096898042752426,,1.0,1.0,0.0,single realization,a
rolling120,1982-01,1991-12,120,1,1.0910860275655714,3.6729505695105376,3.4434449755536374,,3.4434449755536374,,1.0,1.0,0.0,single realization,a
rolling120,1982-02,1992-01,120,1,1.0815433730746968,3.777357992299641,3.6404907529940296,,3.6404907529940296,,1.0,1.0,0.0,single realization,a
rolling120,1982-03,1992-02,120,1,1.0683429394761252,4.093972292231132,3.9722926780429786,,3.9722926780429786,,1.0,1.0,0.0,single realization,a
rolling120,1982-04,1992-03,120,1,1.0552340121512622,4.018456567447149,3.888197934025734,,3.888197934025734,,1.0,1.0,0.0,single realization,a
rolling120,1982-05,1992-04,120,1,1.0387726302681166,3.8761299272282805,3.684014440907026,,3.684014440907026,,1.0,1.0,0.0,single realization,a
rolling120,1982-06,1992-05,120,1,1.0230370014178383,4.049327170602495,3.905491672998079,,3.905491672998079,,1.0,1.0,0.0,single realization,a
rolling120,1982-07,1992-06,120,1,1.010212678112496,4.055001731174277,3.876445359169872,,3.876445359169872,,1.0,1.0,0.0,single realization,a
rolling120,1982-08,1992-07,120,1,0.9954916748289406,4.377364641777523,4.109096429921559,,4.109096429921559,,1.0,1.0,0.0,single realization,a
rolling120,1982-09,1992-08,120,1,0.9855894731872727,3.6998522291024525,3.4188744240199807,,3.4188744240199807,,1.0,1.0,0.0,single realization,a
rolling120,1982-10,1992-09,120,1,0.9806506873122671,3.6827736067810255,3.419024735494924,,3.419024735494924,,1.0,1.0,0.0,single realization,a
rolling120,1982-11,1992-10,120,1,0.9735621671071537,3.2374727650958866,2.936799504160613,,2.936799504160613,,1.0,1.0,0.0,single realization,a
rolling120,1982-12,1992-11,120,1,0.9657173408441821,3.199648964894668,2.8521701457828312,,2.8521701457828312,,1.0,1.0,0.0,single realization,a
rolling120,1983-01,1992-12,120,1,0.9581020655592984,3.2237109662740906,2.894923044267433,,2.894923044267433,,1.0,1.0,0.0,single realization,a
rolling120,1983-02,1993-01,120,1,0.949156520319878,3.097339867168076,2.757080072809235,,2.757080072809235,,1.0,1.0,0.0,single realization,a
rolling120,1983-03,1993-02,120,1,0.9414079354647003,2.9834035681779345,2.6096304105516905,,2.6096304105516905,,1.0,1.0,0.0,single realization,a
rolling120,1983-04,1993-03,120,1,0.9340767716420173,2.949900463921217,2.5658059002858002,,2.5658059002858002,,1.0,1.0,0.0,single realization,a
rolling120,1983-05,1993-04,120,1,0.9250506959526938,2.575401192963613,2.244515903890037,,2.244515903890037,,1.0,1.0,0.0,single realization,a
rolling120,1983-06,1993-05,120,1,0.916064959264862,2.642881590973106,2.2741022316899464,,2.2741022316899464,,1.0,1.0,0.0,single realization,a
rolling120,1983-07,1993-06,120,1,0.9080710456571213,2.530863157628166,2.15846575997945,,2.15846575997945,,1.0,1.0,0.0,single realization,a
rolling120,1983-08,1993-07,120,1,0.8986007704652554,2.6484612065272426,2.2750957198406834,,2.2750957198406834,,1.0,1.0,0.0,single realization,a
rolling120,1983-09,1993-08,120,1,0.8889909412380097,2.783468099368017,2.4450168004965698,,2.4450168004965698,,1.0,1.0,0.0,single realization,a
rolling120,1983-10,1993-09,120,1,0.8796172267618387,2.726165376383885,2.3690690958856133,,2.3690690958856133,,1.0,1.0,0.0,single realization,a
rolling120,1983-11,1993-10,120,1,0.8695438513901494,2.8911686926503433,2.598523575204796,,2.598523575204796,,1.0,1.0,0.0,single realization,a
rolling120,1983-12,1993-11,120,1,0.8611893853213752,2.7213296003007756,2.421001256660631,,2.421001256660631,,1.0,1.0,0.0,single realization,a
rolling120,1984-01,1993-12,120,1,0.8519508794873571,2.8311343944891174,2.575667701253854,,2.575667701253854,,1.0,1.0,0.0,single realization,a
rolling120,1984-02,1994-01,120,1,0.8425771701926119,2.9970313512719318,2.790446464635572,,2.790446464635572,,1.0,1.0,0.0,single realization,a
rolling120,1984-03,1994-02,120,1,0.8334292346837617,3.0686896160643817,2.949197599629024,,2.949197599629024,,1.0,1.0,0.0,single realization,a
rolling120,1984-04,1994-03,120,1,0.8250565805791801,2.8319045624563732,2.688745087951591,,2.688745087951591,,1.0,1.0,0.0,single realization,a
rolling120,1984-05,1994-04,120,1,0.8152804616077214,2.8567374434693003,2.6991659549190334,,2.6991659549190334,,1.0,1.0,0.0,single realization,a
rolling120,1984-06,1994-05,120,1,0.8069947996476152,3.104903038460469,2.935580526462157,,2.935580526462157,,1.0,1.0,0.0,single realization,a
rolling120,1984-07,1994-06,120,1,0.7991032094556054,2.8931739328300483,2.7124372006773156,,2.7124372006773156,,1.0,1.0,0.0,single realization,a
rolling120,1984-08,1994-07,120,1,0.7894670684805405,3.091602777520672,2.9086821814870945,,2.9086821814870945,,1.0,1.0,0.0,single realization,a
rolling120,1984-09,1994-08,120,1,0.7813032794147761,2.844486174125862,2.6677932627779604,,2.6677932627779604,,1.0,1.0,0.0,single realization,a
rolling120,1984-10,1994-09,120,1,0.7726493174188089,2.768795211073414,2.6548150491747067,,2.6548150491747067,,1.0,1.0,0.0,single realization,a
rolling120,1984-11,1994-10,120,1,0.7617677077475251,2.8278707749850067,2.6784462188695444,,2.6784462188695444,,1.0,1.0,0.0,single realization,a
rolling120,1984-12,1994-11,120,1,0.7554713077198365,2.7265265810636166,2.5770214430520353,,2.5770214430520353,,1.0,1.0,0.0,single realization,a
rolling120,1985-01,1994-12,120,1,0.751982692243446,2.683617707472135,2.575175201502204,,2.575175201502204,,1.0,1.0,0.0,single realization,a
rolling120,1985-02,1995-01,120,1,0.7479791550430883,2.4665752352955397,2.295656387013535,,2.295656387013535,,1.0,1.0,0.0,single realization,a
rolling120,1985-03,1995-02,120,1,0.7448509362331086,2.5425129835736255,2.364710941811169,,2.364710941811169,,1.0,1.0,0.0,single realization,a
rolling120,1985-04,1995-03,120,1,0.7420763770023666,2.644042065976878,2.4931006377692415,,2.4931006377692415,,1.0,1.0,0.0,single realization,a
rolling120,1985-05,1995-04,120,1,0.7372334323482699,2.7459554316953554,2.60444816658166,,2.60444816658166,,1.0,1.0,0.0,single realization,a
rolling120,1985-06,1995-05,120,1,0.7351624209049779,2.6648219980570103,2.49978314771356,,2.49978314771356,,1.0,1.0,0.0,single realization,a
rolling120,1985-07,1995-06,120,1,0.7337818839216619,2.7141326063592914,2.5441771482406437,,2.5441771482406437,,1.0,1.0,0.0,single realization,a
rolling120,1985-08,1995-07,120,1,0.7308526161789999,2.8725130358196584,2.6316378167405112,,2.6316378167405112,,1.0,1.0,0.0,single realization,a
rolling120,1985-09,1995-08,120,1,0.7294755081800508,2.930091087788848,2.697120422793471,,2.697120422793471,,1.0,1.0,0.0,single realization,a
rolling120,1985-10,1995-09,120,1,0.7265529352537032,3.245021896155735,2.96379181972826,,2.96379181972826,,1.0,1.0,0.0,single realization,a
rolling120,1985-11,1995-10,120,1,0.7234652101832046,3.014212774424955,2.767619475625362,,2.767619475625362,,1.0,1.0,0.0,single realization,a
rolling120,1985-12,1995-11,120,1,0.7202104801371374,2.9133606929529905,2.683609749490771,,2.683609749490771,,1.0,1.0,0.0,single realization,a
rolling120,1986-01,1995-12,120,1,0.717475918022662,2.80104765287972,2.5814324287734265,,2.5814324287734265,,1.0,1.0,0.0,single realization,a
rolling120,1986-02,1996-01,120,1,0.7152556329257751,2.856630604428597,2.607185073009625,,2.607185073009625,,1.0,1.0,0.0,single realization,a
rolling120,1986-03,1996-02,120,1,0.7128669351379546,2.6435076166293014,2.4213362269852063,,2.4213362269852063,,1.0,1.0,0.0,single realization,a
rolling120,1986-04,1996-03,120,1,0.70929136797713,2.4922559498599304,2.2917252812481474,,2.2917252812481474,,1.0,1.0,0.0,single realization,a
rolling120,1986-05,1996-04,120,1,0.7082710985573268,2.6076791614232153,2.3836993446388854,,2.3836993446388854,,1.0,1.0,0.0,single realization,a
rolling120,1986-06,1996-05,120,1,0.7070811395872898,2.5277068234333364,2.3410716643555167,,2.3410716643555167,,1.0,1.0,0.0,single realization,a
rolling120,1986-07,1996-06,120,1,0.7050432393012722,2.4474843115005656,2.2839095241339846,,2.2839095241339846,,1.0,1.0,0.0,single realization,a
rolling120,1986-08,1996-07,120,1,0.7038558832850459,2.4621404250577994,2.342461462419152,,2.342461462419152,,1.0,1.0,0.0,single realization,a
rolling120,1986-09,1996-08,120,1,0.7030078562676834,2.353268084647178,2.2604094283221094,,2.2604094283221094,,1.0,1.0,0.0,single realization,a
rolling120,1986-10,1996-09,120,1,0.70283831840245,2.849359019443119,2.682174289803612,,2.682174289803612,,1.0,1.0,0.0,single realization,a
rolling120,1986-11,1996-10,120,1,0.7021603019507663,2.7098151767782466,2.511036941000435,,2.511036941000435,,1.0,1.0,0.0,single realization,a
rolling120,1986-12,1996-11,120,1,0.7024994114839773,2.896109558440015,2.6629142527983216,,2.6629142527983216,,1.0,1.0,0.0,single realization,a
rolling120,1987-01,1996-12,120,1,0.7019911521313602,2.9574182864500242,2.778725359007227,,2.778725359007227,,1.0,1.0,0.0,single realization,a
rolling120,1987-02,1997-01,120,1,0.7024996139374147,2.695857726363935,2.4717560433532033,,2.4717560433532033,,1.0,1.0,0.0,single realization,a
rolling120,1987-03,1997-02,120,1,0.7018215298534007,2.5230717053813647,2.287348491964886,,2.287348491964886,,1.0,1.0,0.0,single realization,a
rolling120,1987-04,1997-03,120,1,0.7011439856989854,2.2922259687603908,2.0668848931992803,,2.0668848931992803,,1.0,1.0,0.0,single realization,a
rolling120,1987-05,1997-04,120,1,0.7009746165247821,2.497090462190117,2.2217837940560763,,2.2217837940560763,,1.0,1.0,0.0,single realization,a
rolling120,1987-06,1997-05,120,1,0.7028386054450622,2.7312970380736825,2.417272484089463,,2.417272484089463,,1.0,1.0,0.0,single realization,a
rolling120,1987-07,1997-06,120,1,0.7009744310163302,2.7341565434194597,2.4324865664417334,,2.4324865664417334,,1.0,1.0,0.0,single realization,a
rolling120,1987-08,1997-07,120,1,0.7004664752833969,2.8573156854075985,2.4725403065209286,,2.4725403065209286,,1.0,1.0,0.0,single realization,a
rolling120,1987-09,1997-08,120,1,0.6994509682811378,2.5724403660121733,2.264091441027113,,2.264091441027113,,1.0,1.0,0.0,single realization,a
rolling120,1987-10,1997-09,120,1,0.699281784511274,2.8611703475709396,2.475941533623701,,2.475941533623701,,1.0,1.0,0.0,single realization,a
rolling120,1987-11,1997-10,120,1,0.6962413200857072,3.819355108930428,3.4667243291865155,,3.4667243291865155,,1.0,1.0,0.0,single realization,a
rolling120,1987-12,1997-11,120,1,0.6969174501584867,4.380979923979133,3.8572995900968303,,3.8572995900968303,,1.0,1.0,0.0,single realization,a
rolling120,1988-01,1997-12,120,1,0.6984387428222412,4.109948382243405,3.5126126707586813,,3.5126126707586813,,1.0,1.0,0.0,single realization,a
rolling120,1988-02,1998-01,120,1,0.7008096813404898,3.9182641941247978,3.3733755091036324,,3.3733755091036324,,1.0,1.0,0.0,single realization,a
rolling120,1988-03,1998-02,120,1,0.6996245660936864,4.020620923053174,3.3974791621959968,,3.3974791621959968,,1.0,1.0,0.0,single realization,a
rolling120,1988-04,1998-03,120,1,0.6987784766043923,4.377045121807305,3.610520005892462,,3.610520005892462,,1.0,1.0,0.0,single realization,a
rolling120,1988-05,1998-04,120,1,0.6982711766412415,4.384496238476148,3.611833870890594,,3.611833870890594,,1.0,1.0,0.0,single realization,a
rolling120,1988-06,1998-05,120,1,0.6964125573055484,4.228182550786945,3.4947779336331743,,3.4947779336331743,,1.0,1.0,0.0,single realization,a
rolling120,1988-07,1998-06,120,1,0.6950620447711231,4.14524282570084,3.275186508380507,,3.275186508380507,,1.0,1.0,0.0,single realization,a
rolling120,1988-08,1998-07,120,1,0.6932069375686081,4.078892726800004,3.160711986648683,,3.160711986648683,,1.0,1.0,0.0,single realization,a
rolling120,1988-09,1998-08,120,1,0.6905136965902705,3.4053964667699868,2.583118806436078,,2.583118806436078,,1.0,1.0,0.0,single realization,a
rolling120,1988-10,1998-09,120,1,0.6878255412389052,3.520692131059553,2.631141382131058,,2.631141382131058,,1.0,1.0,0.0,single realization,a
rolling120,1988-11,1998-10,120,1,0.6829605237758372,3.7663384657825496,2.9019294787638272,,2.9019294787638272,,1.0,1.0,0.0,single realization,a
rolling120,1988-12,1998-11,120,1,0.6786096265283306,4.15811888087434,3.197083487410187,,3.197083487410187,,1.0,1.0,0.0,single realization,a
rolling120,1989-01,1998-12,120,1,0.6744393750463467,4.381396576040966,3.2040097793799873,,3.2040097793799873,,1.0,1.0,0.0,single realization,a
rolling120,1989-02,1999-01,120,1,0.6711088143799195,4.240577813640344,2.996588961646381,,2.996588961646381,,1.0,1.0,0.0,single realization,a
rolling120,1989-03,1999-02,120,1,0.6667902745554608,4.128180789989385,2.8813405672604575,,2.8813405672604575,,1.0,1.0,0.0,single realization,a
rolling120,1989-04,1999-03,120,1,0.6628166015059591,4.211945088886903,2.897785154059377,,2.897785154059377,,1.0,1.0,0.0,single realization,a
rolling120,1989-05,1999-04,120,1,0.6578613518739753,4.196560371903898,3.070901879081008,,3.070901879081008,,1.0,1.0,0.0,single realization,a
rolling120,1989-06,1999-05,120,1,0.6504594508089561,3.8874731354084124,2.8475887643040654,,2.8475887643040654,,1.0,1.0,0.0,single realization,a
rolling120,1989-07,1999-06,120,1,0.6453790970233264,4.1722232808502975,3.0015316086446457,,3.0015316086446457,,1.0,1.0,0.0,single realization,a
rolling120,1989-08,1999-07,120,1,0.6401504842025967,3.645316218776281,2.581412354046772,,2.581412354046772,,1.0,1.0,0.0,single realization,a
rolling120,1989-09,1999-08,120,1,0.6344521253632986,3.502096623110771,2.3995804692105955,,2.3995804692105955,,1.0,1.0,0.0,single realization,a
rolling120,1989-10,1999-09,120,1,0.6302299936932101,3.3997864886182114,2.2824028263291183,,2.2824028263291183,,1.0,1.0,0.0,single realization,a
rolling120,1989-11,1999-10,120,1,0.6255342577161436,3.828292953808793,2.4843534086447217,,2.4843534086447217,,1.0,1.0,0.0,single realization,a
rolling120,1989-12,1999-11,120,1,0.6202067544382974,3.9251151068194083,2.479485129110951,,2.479485129110951,,1.0,1.0,0.0,single realization,a
rolling120,1990-01,1999-12,120,1,0.6174691026317722,4.23042482608486,2.6002105598666714,,2.6002105598666714,,1.0,1.0,0.0,single realization,a
rolling120,1990-02,2000-01,120,1,0.6148958197798176,4.393928458677789,2.742655832407015,,2.742655832407015,,1.0,1.0,0.0,single realization,a
rolling120,1990-03,2000-02,120,1,0.612647779461938,4.457579890976083,2.5938476621118927,,2.5938476621118927,,1.0,1.0,0.0,single realization,a
rolling120,1990-04,2000-03,120,1,0.609923712266901,4.628545358430297,2.7343594353774408,,2.7343594353774408,,1.0,1.0,0.0,single realization,a
rolling120,1990-05,2000-04,120,1,0.6062462621346005,4.440021184296086,2.8363338746673903,,2.8363338746673903,,1.0,1.0,0.0,single realization,a
rolling120,1990-06,2000-05,120,1,0.6033745465288767,3.791865420426146,2.459958860807258,,2.459958860807258,,1.0,1.0,0.0,single realization,a
rolling120,1990-07,2000-06,120,1,0.5997098725181285,4.058561566991956,2.4961368007152385,,2.4961368007152385,,1.0,1.0,0.0,single realization,a
rolling120,1990-08,2000-07,120,1,0.5965320618853946,4.018617468771126,2.5805811152435587,,2.5805811152435587,,1.0,1.0,0.0,single realization,a
rolling120,1990-09,2000-08,120,1,0.593994359422632,4.9603704044285335,3.2582217884387026,,3.2582217884387026,,1.0,1.0,0.0,single realization,a
rolling120,1990-10,2000-09,120,1,0.5925683207312995,4.996956443528637,3.4650185292280424,,3.4650185292280424,,1.0,1.0,0.0,single realization,a
rolling120,1990-11,2000-10,120,1,0.5906701463323343,4.937448370273695,3.643840866887243,,3.643840866887243,,1.0,1.0,0.0,single realization,a
rolling120,1990-12,2000-11,120,1,0.589721153503658,3.9873011422959275,3.1677984915786013,,3.1677984915786013,,1.0,1.0,0.0,single realization,a
rolling120,1991-01,2000-12,120,1,0.5881409137884455,3.9205198927678016,3.2401842422549176,,3.2401842422549176,,1.0,1.0,0.0,single realization,a
rolling120,1991-02,2001-01,120,1,0.588456898848889,3.854108541682063,3.081071475448221,,3.081071475448221,,1.0,1.0,0.0,single realization,a
rolling120,1991-03,2001-02,120,1,0.5868760301199389,3.0732674537101756,2.6297470611376212,,2.6297470611376212,,1.0,1.0,0.0,single realization,a
rolling120,1991-04,2001-03,120,1,0.5865600452473538,2.6809537212626293,2.345988754193976,,2.345988754193976,,1.0,1.0,0.0,single realization,a
rolling120,1991-05,2001-04,120,1,0.5843505713954229,2.977265906106414,2.5755786027518717,,2.5755786027518717,,1.0,1.0,0.0,single realization,a
rolling120,1991-06,2001-05,120,1,0.581985162957986,2.8577149382190314,2.493611781660721,,2.493611781660721,,1.0,1.0,0.0,single realization,a
rolling120,1991-07,2001-06,120,1,0.5797796468972998,2.973268611483657,2.5901303386929264,,2.5901303386929264,,1.0,1.0,0.0,single realization,a
rolling120,1991-08,2001-07,120,1,0.5767927016001513,2.7243939615138975,2.41444798601266,,2.41444798601266,,1.0,1.0,0.0,single realization,a
rolling120,1991-09,2001-08,120,1,0.574438342599155,2.4029756462908147,2.250517471399034,,2.250517471399034,,1.0,1.0,0.0,single realization,a
rolling120,1991-10,2001-09,120,1,0.5716173302393313,2.13347732212315,1.9667844321099408,,1.9667844321099408,,1.0,1.0,0.0,single realization,a
rolling120,1991-11,2001-10,120,1,0.5684872419496692,2.1639771997055113,2.0360336635056835,,2.0360336635056835,,1.0,1.0,0.0,single realization,a
rolling120,1991-12,2001-11,120,1,0.5650499753570908,2.5425755734305393,2.371440360694952,,2.371440360694952,,1.0,1.0,0.0,single realization,a
rolling120,1992-01,2001-12,120,1,0.5614639871688849,2.2409645810688814,2.140566883058018,,2.140566883058018,,1.0,1.0,0.0,single realization,a
rolling120,1992-02,2002-01,120,1,0.5583516411709399,2.206849164426051,2.1088670335898985,,2.1088670335898985,,1.0,1.0,0.0,single realization,a
rolling120,1992-03,2002-02,120,1,0.5560206405110313,2.0951662762016636,2.0763553484621347,,2.0763553484621347,,1.0,1.0,0.0,single realization,a
rolling120,1992-04,2002-03,120,1,0.5527640695073701,2.306812409122402,2.341951958226853,,2.341951958226853,,1.0,1.0,1.0,single realization,a
rolling120,1992-05,2002-04,120,1,0.5501327906814506,2.0958364078698435,2.27491278193491,,2.27491278193491,,1.0,1.0,1.0,single realization,a
rolling120,1992-06,2002-05,120,1,0.5479686643282855,2.040432694068236,2.25699296789055,,2.25699296789055,,1.0,1.0,1.0,single realization,a
rolling120,1992-07,2002-06,120,1,0.54503690549433,1.8825002273593139,2.1744519020251736,,2.1744519020251736,,1.0,1.0,1.0,single realization,a
rolling120,1992-08,2002-07,120,1,0.5425724861455208,1.5465916121429775,1.7565626778628824,,1.7565626778628824,,1.0,1.0,1.0,single realization,a
rolling120,1992-09,2002-08,120,1,0.5407261995074051,1.6183998758282518,1.8555738474491035,,1.8555738474491035,,1.0,1.0,1.0,single realization,a
rolling120,1992-10,2002-09,120,1,0.5388821226677791,1.3177162035424042,1.55840356146678,,1.55840356146678,,1.0,1.0,1.0,single realization,a
rolling120,1992-11,2002-10,120,1,0.5375003069335667,1.4717727966272478,1.617390189940414,,1.617390189940414,,1.0,1.0,1.0,single realization,a
rolling120,1992-12,2002-11,120,1,0.535812937545532,1.512270367598147,1.6522532937453498,,1.6522532937453498,,1.0,1.0,1.0,single realization,a
rolling120,1993-01,2002-12,120,1,0.5332093456091269,1.328186908779935,1.517962726373519,,1.517962726373519,,1.0,1.0,1.0,single realization,a
rolling120,1993-02,2003-01,120,1,0.5312207472360928,1.244642835244239,1.3953419838791703,,1.3953419838791703,,1.0,1.0,1.0,single realization,a
rolling120,1993-03,2003-02,120,1,0.5292345299427312,1.1969939490665409,1.3501632325205182,,1.3501632325205182,,1.0,1.0,1.0,single realization,a
rolling120,1993-04,2003-03,120,1,0.5269463984764828,1.1674350951159527,1.2879680557467168,,1.2879680557467168,,1.0,1.0,1.0,single realization,a
rolling120,1993-05,2003-04,120,1,0.5248137917747004,1.414753288395465,1.5373787725315822,,1.5373787725315822,,1.0,1.0,1.0,single realization,a
rolling120,1993-06,2003-05,120,1,0.5228358852397701,1.4857134519473827,1.62803668959931,,1.62803668959931,,1.0,1.0,1.0,single realization,a
rolling120,1993-07,2003-06,120,1,0.5205573278054962,1.5096929849994853,1.6794633688435616,,1.6794633688435616,,1.0,1.0,1.0,single realization,a
rolling120,1993-08,2003-07,120,1,0.5179785693684757,1.5724981147542287,1.7615962144603867,,1.7615962144603867,,1.0,1.0,1.0,single realization,a
rolling120,1993-09,2003-08,120,1,0.5152530218125024,1.5336520818585462,1.7546090276534176,,1.7546090276534176,,1.0,1.0,1.0,single realization,a
rolling120,1993-10,2003-09,120,1,0.5125326393675969,1.500760652795074,1.7146828333859139,,1.7146828333859139,,1.0,1.0,1.0,single realization,a
rolling120,1993-11,2003-10,120,1,0.5102688208093737,1.6117251406355493,1.8415894411229434,,1.8415894411229434,,1.0,1.0,1.0,single realization,a
rolling120,1993-12,2003-11,120,1,0.5075571161934567,1.6924289872256293,1.9384103985359595,,1.9384103985359595,,1.0,1.0,1.0,single realization,a
rolling120,1994-01,2003-12,120,1,0.5053009696562023,1.7582333470429803,1.9995655749300392,,1.9995655749300392,,1.0,1.0,1.0,single realization,a
rolling120,1994-02,2004-01,120,1,0.5025981848727796,1.7341603252010613,1.9313840688948796,,1.9313840688948796,,1.0,1.0,1.0,single realization,a
rolling120,1994-03,2004-02,120,1,0.5003490108608952,1.840547886492931,2.034650180128837,,2.034650180128837,,1.0,1.0,1.0,single realization,a
rolling120,1994-04,2004-03,120,1,0.4976556547029716,1.9384260028163678,2.1820831840103767,,2.1820831840103767,,1.0,1.0,1.0,single realization,a
rolling120,1994-05,2004-04,120,1,0.4948177712443744,1.8604172689129719,2.1294160680055874,,2.1294160680055874,,1.0,1.0,1.0,single realization,a
rolling120,1994-06,2004-05,120,1,0.49094364225191445,1.8700559395911736,2.1443129434735115,,2.1443129434735115,,1.0,1.0,1.0,single realization,a
rolling120,1994-07,2004-06,120,1,0.48752506945042007,2.007554250257306,2.343872620450129,,2.343872620450129,,1.0,1.0,1.0,single realization,a
rolling120,1994-08,2004-07,120,1,0.4848550005184191,1.8021887611999703,2.126140198239223,,2.126140198239223,,1.0,1.0,1.0,single realization,a
rolling120,1994-09,2004-08,120,1,0.4810086091650789,1.6891777957372622,1.9912788306957157,,1.9912788306957157,,1.0,1.0,1.0,single realization,a
rolling120,1994-10,2004-09,120,1,0.47717218156337604,1.788421588382473,2.114070920072609,,2.114070920072609,,1.0,1.0,1.0,single realization,a
rolling120,1994-11,2004-10,120,1,0.4731989150857703,1.7829395838835396,2.1357556395989934,,2.1357556395989934,,1.0,1.0,1.0,single realization,a
rolling120,1994-12,2004-11,120,1,0.46996982510550844,2.0238542208940107,2.485536222302898,,2.485536222302898,,1.0,1.0,1.0,single realization,a
rolling120,1995-01,2004-12,120,1,0.4658719402884084,2.0919133287285447,2.5348674499036012,,2.5348674499036012,,1.0,1.0,1.0,single realization,a
rolling120,1995-02,2005-01,120,1,0.4620766136156844,1.9464222006598288,2.423870675531073,,2.423870675531073,,1.0,1.0,1.0,single realization,a
rolling120,1995-03,2005-02,120,1,0.45858160975843587,1.8900598034733131,2.394910393752195,,2.394910393752195,,1.0,1.0,1.0,single realization,a
rolling120,1995-04,2005-03,120,1,0.45495185261689075,1.7667430773241333,2.223970500531334,,2.223970500531334,,1.0,1.0,1.0,single realization,a
rolling120,1995-05,2005-04,120,1,0.45162012296633414,1.6331947766634367,2.0532574818575027,,2.0532574818575027,,1.0,1.0,1.0,single realization,a
rolling120,1995-06,2005-05,120,1,0.4472886525377491,1.6446500903670191,2.1029144182474684,,2.1029144182474684,,1.0,1.0,1.0,single realization,a
rolling120,1995-07,2005-06,120,1,0.4438314088171458,1.5836532184310421,2.0377004904856735,,2.0377004904856735,,1.0,1.0,1.0,single realization,a
rolling120,1995-08,2005-07,120,1,0.4408129459415695,1.5836532184310421,2.055882618427346,,2.055882618427346,,1.0,1.0,1.0,single realization,a
rolling120,1995-09,2005-08,120,1,0.4383750221751712,1.5345479503713735,2.0024805485350936,,2.0024805485350936,,1.0,1.0,1.0,single realization,a
rolling120,1995-10,2005-09,120,1,0.43636991908740286,1.460799662384849,1.9565358517196558,,1.9565358517196558,,1.0,1.0,1.0,single realization,a
rolling120,1995-11,2005-10,120,1,0.43351061796450585,1.4426470375511689,1.9407430898777602,,1.9407430898777602,,1.0,1.0,1.0,single realization,a
rolling120,1995-12,2005-11,120,1,0.43194035140429765,1.431882354304633,1.9173595058824375,,1.9173595058824375,,1.0,1.0,1.0,single realization,a
rolling120,1996-01,2005-12,120,1,0.42951792270752476,1.3971514431085166,1.8879522950148475,,1.8879522950148475,,1.0,1.0,1.0,single realization,a
rolling120,1996-02,2006-01,120,1,0.42837920485611947,1.4132585080198519,1.9405823774276323,,1.9405823774276323,,1.0,1.0,1.0,single realization,a
rolling120,1996-03,2006-02,120,1,0.4276677897725176,1.3734013089098105,1.8822295266746654,,1.8822295266746654,,1.0,1.0,1.0,single realization,a
rolling120,1996-04,2006-03,120,1,0.4273833654693455,1.3900641678965204,1.9071321910374333,,1.9071321910374333,,1.0,1.0,1.0,single realization,a
rolling120,1996-05,2006-04,120,1,0.4259625180022244,1.3567263629795092,1.8814030549904226,,1.8814030549904226,,1.0,1.0,1.0,single realization,a
rolling120,1996-06,2006-05,120,1,0.426104517854645,1.2212111576359694,1.7051918565284194,,1.7051918565284194,,1.0,1.0,1.0,single realization,a
rolling120,1996-07,2006-06,120,1,0.426104517854645,1.2386640104913744,1.7248937616526536,,1.7248937616526536,,1.0,1.0,1.0,single realization,a
rolling120,1996-08,2006-07,120,1,0.42539465995626013,1.3604412674913293,1.8408342777444733,,1.8408342777444733,,1.0,1.0,1.0,single realization,a
rolling120,1996-09,2006-08,120,1,0.4255366173967494,1.3437411112084376,1.8037470385390963,,1.8037470385390963,,1.0,1.0,1.0,single realization,a
rolling120,1996-10,2006-09,120,1,0.42511082987661886,1.2726176256146302,1.7090010043432748,,1.7090010043432748,,1.0,1.0,1.0,single realization,a
rolling120,1996-11,2006-10,120,1,0.424968914836799,1.3251196025515264,1.8236186340447884,,1.8236186340447884,,1.0,1.0,1.0,single realization,a
rolling120,1996-12,2006-11,120,1,0.42511082987661886,1.2261505138998854,1.7515531223847898,,1.7515531223847898,,1.0,1.0,1.0,single realization,a
rolling120,1997-01,2006-12,120,1,0.42425967867422365,1.2822776380352723,1.7755116965520337,,1.7755116965520337,,1.0,1.0,1.0,single realization,a
rolling120,1997-02,2007-01,120,1,0.42411789075200623,1.2045489906531763,1.7330285727052877,,1.7330285727052877,,1.0,1.0,1.0,single realization,a
rolling120,1997-03,2007-02,120,1,0.42397603221124003,1.1716716210598106,1.704146769590095,,1.704146769590095,,1.0,1.0,1.0,single realization,a
rolling120,1997-04,2007-03,120,1,0.42397603221124003,1.30209483024829,1.8558260329407785,,1.8558260329407785,,1.0,1.0,1.0,single realization,a
rolling120,1997-05,2007-04,120,1,0.42411782012642596,1.2901954217258997,1.8872254835354854,,1.8872254835354854,,1.0,1.0,1.0,single realization,a
rolling120,1997-06,2007-05,120,1,0.4229840811911081,1.213727415665662,1.8160075341412458,,1.8160075341412458,,1.0,1.0,1.0,single realization,a
rolling120,1997-07,2007-06,120,1,0.4234094027257871,1.085951247230092,1.6671547793648247,,1.6671547793648247,,1.0,1.0,1.0,single realization,a
rolling120,1997-08,2007-07,120,1,0.4229842082412525,0.8718188841860515,1.4261158528655788,,1.4261158528655788,,1.0,1.0,1.0,single realization,a
rolling120,1997-09,2007-08,120,1,0.4231259256208202,0.9699674187633487,1.499724335250595,,1.499724335250595,,1.0,1.0,1.0,single realization,a
rolling120,1997-10,2007-09,120,1,0.4214256556977367,0.9282513380483743,1.4757063106919488,,1.4757063106919488,,1.0,1.0,1.0,single realization,a
rolling120,1997-11,2007-10,120,1,0.4200101750607148,1.0378156088606865,1.6876519175882008,,1.6876519175882008,,1.0,1.0,1.0,single realization,a
rolling120,1997-12,2007-11,120,1,0.41930292823580184,0.8832743593591592,1.5155089006568656,,1.5155089006568656,,1.0,1.0,1.0,single realization,a
rolling120,1998-01,2007-12,120,1,0.416336630316519,0.8386943455485742,1.4647677468018285,,1.4647677468018285,,1.0,1.0,1.0,single realization,a
rolling120,1998-02,2008-01,120,1,0.41323403090728217,0.7162122207208221,1.3491544440767198,,1.3491544440767198,,1.0,1.0,1.0,single realization,a
rolling120,1998-03,2008-02,120,1,0.409573896949359,0.5503745475586359,1.1480584513983634,,1.1480584513983634,,1.0,1.0,1.0,single realization,a
rolling120,1998-04,2008-03,120,1,0.4064848815361817,0.4630876495886209,1.03166636935922,,1.03166636935922,,1.0,1.0,1.0,single realization,a
rolling120,1998-05,2008-04,120,1,0.40298372430842044,0.5154389127250332,1.1045953301737952,,1.1045953301737952,,1.0,1.0,1.0,single realization,a
rolling120,1998-06,2008-05,120,1,0.39990945718344184,0.5889298370860949,1.232368549997192,,1.232368549997192,,1.0,1.0,1.0,single realization,a
rolling120,1998-07,2008-06,120,1,0.3965633933479267,0.4070311124930346,1.0264145919971268,,1.0264145919971268,,1.0,1.0,1.0,single realization,a
rolling120,1998-08,2008-07,120,1,0.39308589485851475,0.4274228677465557,1.1079597387452824,,1.1079597387452824,,1.0,1.0,1.0,single realization,a
rolling120,1998-09,2008-08,120,1,0.38892453103836555,0.7197417484607116,1.5762377664231786,,1.5762377664231786,,1.0,1.0,1.0,single realization,a
rolling120,1998-10,2008-09,120,1,0.3846385803652428,0.46415893821127563,1.1768735330591684,,1.1768735330591684,,1.0,1.0,1.0,single realization,a
rolling120,1998-11,2008-10,120,1,0.38132604787633073,0.13093655917008862,0.5812730110518143,,0.5812730110518143,,1.0,1.0,1.0,single realization,a
rolling120,1998-12,2008-11,120,1,0.37747028779851877,-0.018855658527848762,0.3652108262850966,,0.3652108262850966,,1.0,0.0,1.0,single realization,a
rolling120,1999-01,2008-12,120,1,0.37225571607742447,-0.0626953944276647,0.3759818215680397,,0.3759818215680397,,1.0,1.0,1.0,single realization,a
rolling120,1999-02,2009-01,120,1,0.3674695725734174,-0.17030081577431055,0.2510914820588921,,0.2510914820588921,,1.0,0.0,1.0,single realization,a
rolling120,1999-03,2009-02,120,1,0.36283639215812147,-0.2254589624352058,0.14942461430391818,,0.14942461430391818,,1.0,0.0,1.0,single realization,a
rolling120,1999-04,2009-03,120,1,0.3572726868829563,-0.18729468457617637,0.21839803646202505,,0.21839803646202505,,1.0,0.0,1.0,single realization,a
rolling120,1999-05,2009-04,120,1,0.3524045174371271,-0.1448393500773857,0.30687336290355627,,0.30687336290355627,,1.0,0.0,1.0,single realization,a
rolling120,1999-06,2009-05,120,1,0.3478219228992694,-0.08079840643279246,0.3990350586111715,,0.3990350586111715,,1.0,1.0,1.0,single realization,a
rolling120,1999-07,2009-06,120,1,0.3425863596529477,-0.12222671824707976,0.35029811346018924,,0.35029811346018924,,1.0,1.0,1.0,single realization,a
rolling120,1999-08,2009-07,120,1,0.3376375954262929,-0.023840735794435353,0.5437226697754634,,0.5437226697754634,,1.0,1.0,1.0,single realization,a
rolling120,1999-09,2009-08,120,1,0.33257431934040804,0.018746701302797986,0.64953118433503,,0.64953118433503,,1.0,1.0,1.0,single realization,a
rolling120,1999-10,2009-09,120,1,0.32753020895740814,0.0862665861361227,0.8033420924906254,,0.8033420924906254,,1.0,1.0,1.0,single realization,a
rolling120,1999-11,2009-10,120,1,0.32237295443511105,-0.005649848321864548,0.7058707076043922,,0.7058707076043922,,1.0,1.0,1.0,single realization,a
rolling120,1999-12,2009-11,120,1,0.31762948827731297,0.01217313791810204,0.7942320584373095,,0.7942320584373095,,1.0,1.0,1.0,single realization,a
rolling120,2000-01,2009-12,120,1,0.31198850181814075,-0.037358739043847344,0.7777629567345494,,0.7777629567345494,,1.0,1.0,1.0,single realization,a
rolling120,2000-02,2010-01,120,1,0.30663131343306493,-0.027497879466789943,0.7685230635712113,,0.7685230635712113,,1.0,1.0,1.0,single realization,a
rolling120,2000-03,2010-02,120,1,0.3010368549567508,-0.02277194827555129,0.8979846452145279,,0.8979846452145279,,1.0,1.0,1.0,single realization,a
rolling120,2000-04,2010-03,120,1,0.29508008225564497,-0.016946307921781645,0.8846507340808758,,0.8846507340808758,,1.0,1.0,1.0,single realization,a
rolling120,2000-05,2010-04,120,1,0.2892789072903348,0.06592406284658492,0.9471980039295864,,0.9471980039295864,,1.0,1.0,1.0,single realization,a
rolling120,2000-06,2010-05,120,1,0.28299287082692914,0.021561392454467976,0.8244294531943877,,0.8244294531943877,,1.0,1.0,1.0,single realization,a
rolling120,2000-07,2010-06,120,1,0.27800913357969326,-0.08178080017772626,0.6977836574092868,,0.6977836574092868,,1.0,1.0,1.0,single realization,a
rolling120,2000-08,2010-07,120,1,0.2720311848059822,0.0018895820101600957,0.813027725338044,,0.813027725338044,,1.0,1.0,1.0,single realization,a
rolling120,2000-09,2010-08,120,1,0.2658292417158834,-0.1127132437940338,0.6172125063657181,,0.6172125063657181,,1.0,1.0,1.0,single realization,a
rolling120,2000-10,2010-09,120,1,0.25953221036718266,0.022521689385985644,0.8318389522054743,,0.8318389522054743,,1.0,1.0,1.0,single realization,a
rolling120,2000-11,2010-10,120,1,0.25264336076791927,0.08631164955426729,0.9019360819571196,,0.9019360819571196,,1.0,1.0,1.0,single realization,a
rolling120,2000-12,2010-11,120,1,0.24641192429011682,0.2168238720093454,1.0057108349428008,,1.0057108349428008,,1.0,1.0,1.0,single realization,a
rolling120,2001-01,2010-12,120,1,0.2403348910274088,0.2784549001451455,1.031646300747592,,1.031646300747592,,1.0,1.0,1.0,single realization,a
rolling120,2001-02,2011-01,120,1,0.23379642382784094,0.25628302597363395,1.007993093559056,,1.007993093559056,,1.0,1.0,1.0,single realization,a
rolling120,2001-03,2011-02,120,1,0.22924865856766652,0.43898982133936104,1.1605273216780203,,1.1605273216780203,,1.0,1.0,1.0,single realization,a
rolling120,2001-04,2011-03,120,1,0.22422981819709564,0.5515822416201808,1.3141509944775653,,1.3141509944775653,,1.0,1.0,1.0,single realization,a
rolling120,2001-05,2011-04,120,1,0.21947387010369113,0.47394583329686624,1.2166746906968764,,1.2166746906968764,,1.0,1.0,1.0,single realization,a
rolling120,2001-06,2011-05,120,1,0.21558400129953248,0.4408185358554424,1.1462078713901342,,1.1462078713901342,,1.0,1.0,1.0,single realization,a
rolling120,2001-07,2011-06,120,1,0.21218986966447217,0.4396464239694515,1.1491824414424254,,1.1491824414424254,,1.0,1.0,1.0,single realization,a
rolling120,2001-08,2011-07,120,1,0.20856417713307263,0.43202071203643677,1.104800847880167,,1.104800847880167,,1.0,1.0,1.0,single realization,a
rolling120,2001-09,2011-08,120,1,0.20494968951329495,0.43415555283811,1.0332965704252737,,1.0332965704252737,,1.0,1.0,1.0,single realization,a
rolling120,2001-10,2011-09,120,1,0.20158525081102407,0.4558947297154885,1.0201653940361246,,1.0201653940361246,,1.0,1.0,1.0,single realization,a
rolling120,2001-11,2011-10,120,1,0.19894756616546028,0.578235250820111,1.2149706468691184,,1.2149706468691184,,1.0,1.0,1.0,single realization,a
rolling120,2001-12,2011-11,120,1,0.1969128143810126,0.46144291146044214,1.088065065353157,,1.088065065353157,,1.0,1.0,1.0,single realization,a
rolling120,2002-01,2011-12,120,1,0.19512013417974283,0.44693763099095496,1.0058922219912119,,1.0058922219912119,,1.0,1.0,1.0,single realization,a
rolling120,2002-02,2012-01,120,1,0.19344930515252945,0.5400283499047611,1.1180830247271274,,1.1180830247271274,,1.0,1.0,1.0,single realization,a
rolling120,2002-03,2012-02,120,1,0.19189983536655286,0.6437673545646039,1.168587965832255,,1.168587965832255,,1.0,1.0,1.0,single realization,a
rolling120,2002-04,2012-03,120,1,0.190352377276094,0.624080574903727,1.0919942547622208,,1.0919942547622208,,1.0,1.0,1.0,single realization,a
rolling120,2002-05,2012-04,120,1,0.18856952299160645,0.6960984727375659,1.0980324044007252,,1.0980324044007252,,1.0,1.0,1.0,single realization,a
rolling120,2002-06,2012-05,120,1,0.1870265427840081,0.6112763786362949,0.9616979513681916,,0.9616979513681916,,1.0,1.0,1.0,single realization,a
rolling120,2002-07,2012-06,120,1,0.18548541174873479,0.8018891601348197,1.139786901900755,,1.139786901900755,,1.0,1.0,1.0,single realization,a
rolling120,2002-08,2012-07,120,1,0.1837098469782672,0.9749065729663806,1.3766263171913433,,1.3766263171913433,,1.0,1.0,1.0,single realization,a
rolling120,2002-09,2012-08,120,1,0.18217317551724088,1.0123874111456908,1.4347705507028254,,1.4347705507028254,,1.0,1.0,1.0,single realization,a
rolling120,2002-10,2012-09,120,1,0.18063849893628192,1.3023684033531002,1.7497594139053856,,1.7497594139053856,,1.0,1.0,1.0,single realization,a
rolling120,2002-11,2012-10,120,1,0.17910581464567144,1.0949036453921295,1.6417500378132175,,1.6417500378132175,,1.0,1.0,1.0,single realization,a
rolling120,2002-12,2012-11,120,1,0.17781035280377155,0.9904349398479693,1.5214136691525404,,1.5214136691525404,,1.0,1.0,1.0,single realization,a
rolling120,2003-01,2012-12,120,1,0.17663383661877097,1.1347335618782832,1.658294645657194,,1.658294645657194,,1.0,1.0,1.0,single realization,a
rolling120,2003-02,2013-01,120,1,0.17545837824053034,1.3107128281297071,1.9197605155618218,,1.9197605155618218,,1.0,1.0,1.0,single realization,a
rolling120,2003-03,2013-02,120,1,0.1744014169652619,1.3829446617755492,2.020701627700803,,2.020701627700803,,1.0,1.0,1.0,single realization,a
rolling120,2003-04,2013-03,120,1,0.17322818877648527,1.4500599131448575,2.1603710362104347,,2.1603710362104347,,1.0,1.0,1.0,single realization,a
rolling120,2003-05,2013-04,120,1,0.17205613264384145,1.2980059547376412,1.9457042564780775,,1.9457042564780775,,1.0,1.0,1.0,single realization,a
rolling120,2003-06,2013-05,120,1,0.17100223063626907,1.2256925960715037,1.8185440301644196,,1.8185440301644196,,1.0,1.0,1.0,single realization,a
rolling120,2003-07,2013-06,120,1,0.16983239823803076,1.1660601703296343,1.7151777091216092,,1.7151777091216092,,1.0,1.0,1.0,single realization,a
rolling120,2003-08,2013-07,120,1,0.1690140883761675,1.2348071972199803,1.77318440016003,,1.77318440016003,,1.0,1.0,1.0,single realization,a
rolling120,2003-09,2013-08,120,1,0.16819635093051621,1.1232850802493353,1.6106319940440685,,1.6106319940440685,,1.0,1.0,1.0,single realization,a
rolling120,2003-10,2013-09,120,1,0.16726254089779768,1.229191549751858,1.771437695143185,,1.771437695143185,,1.0,1.0,1.0,single realization,a
rolling120,2003-11,2013-10,120,1,0.1664460286777234,1.187610774730579,1.6965885286465472,,1.6965885286465472,,1.0,1.0,1.0,single realization,a
rolling120,2003-12,2013-11,120,1,0.16563008761639186,1.2240637643706354,1.690535003013418,,1.690535003013418,,1.0,1.0,1.0,single realization,a
rolling120,2004-01,2013-12,120,1,0.1646983289532291,1.1908210751647497,1.6357584859039713,,1.6357584859039713,,1.0,1.0,1.0,single realization,a
rolling120,2004-02,2014-01,120,1,0.16388361042593091,1.0720855169920576,1.515550253701658,,1.515550253701658,,1.0,1.0,1.0,single realization,a
rolling120,2004-03,2014-02,120,1,0.16318569900652724,1.1374381057400837,1.5806952653804869,,1.5806952653804869,,1.0,1.0,1.0,single realization,a
rolling120,2004-04,2014-03,120,1,0.16213977321063777,1.1733614352483204,1.5962350039509348,,1.5962350039509348,,1.0,1.0,1.0,single realization,a
rolling120,2004-05,2014-04,120,1,0.161210804566984,1.2076415840692731,1.640252423790217,,1.640252423790217,,1.0,1.0,1.0,single realization,a
rolling120,2004-06,2014-05,120,1,0.16051449586946243,1.2253044612235193,1.6527185821238377,,1.6527185821238377,,1.0,1.0,1.0,single realization,a
rolling120,2004-07,2014-06,120,1,0.15958682640833555,1.2399316954923303,1.641805553982627,,1.641805553982627,,1.0,1.0,1.0,single realization,a
rolling120,2004-08,2014-07,120,1,0.15842839801032516,1.2844691672640391,1.66783369424087,,1.66783369424087,,1.0,1.0,1.0,single realization,a
rolling120,2004-09,2014-08,120,1,0.15715552693070123,1.3770519664164844,1.778892524872575,,1.778892524872575,,1.0,1.0,1.0,single realization,a
rolling120,2004-10,2014-09,120,1,0.15588405447078313,1.2912808454180724,1.6216686978342514,,1.6216686978342514,,1.0,1.0,1.0,single realization,a
rolling120,2004-11,2014-10,120,1,0.15461397909377972,1.3133970202285687,1.6361090823481361,,1.6361090823481361,,1.0,1.0,1.0,single realization,a
rolling120,2004-12,2014-11,120,1,0.1528846521156062,1.2665456476370083,1.5385455715194705,,1.5385455715194705,,1.0,1.0,1.0,single realization,a
rolling120,2005-01,2014-12,120,1,0.15104298334225819,1.1871137042027318,1.4377608863413358,,1.4377608863413358,,1.0,1.0,1.0,single realization,a
rolling120,2005-02,2015-01,120,1,0.14920425653180724,1.1756628471126653,1.4152551561080675,,1.4152551561080675,,1.0,1.0,1.0,single realization,a
rolling120,2005-03,2015-02,120,1,0.14736846698463157,1.2628684629955633,1.5082620279037866,,1.5082620279037866,,1.0,1.0,1.0,single realization,a
rolling120,2005-04,2015-03,120,1,0.1449640424953913,1.2771452356327617,1.5123930866421413,,1.5123930866421413,,1.0,1.0,1.0,single realization,a
rolling120,2005-05,2015-04,120,1,0.14256465671628704,1.3469061398801188,1.6214042227011856,,1.6214042227011856,,1.0,1.0,1.0,single realization,a
rolling120,2005-06,2015-05,120,1,0.13982906695559372,1.2899785869635902,1.531829328485426,,1.531829328485426,,1.0,1.0,1.0,single realization,a
rolling120,2005-07,2015-06,120,1,0.1372134759608834,1.2370508009540164,1.4529469896246385,,1.4529469896246385,,1.0,1.0,1.0,single realization,a
rolling120,2005-08,2015-07,120,1,0.1344906982849996,1.1814252098012625,1.3267808572556228,,1.3267808572556228,,1.0,1.0,1.0,single realization,a
rolling120,2005-09,2015-08,120,1,0.13109740606679887,1.0687219093554265,1.2310864437364968,,1.2310864437364968,,1.0,1.0,1.0,single realization,a
rolling120,2005-10,2015-09,120,1,0.12782670861182477,0.9900952852328573,1.1033669205125198,,1.1033669205125198,,1.0,1.0,1.0,single realization,a
rolling120,2005-11,2015-10,120,1,0.12478977621604148,1.182966171066277,1.3063421571951426,,1.3063421571951426,,1.0,1.0,1.0,single realization,a
rolling120,2005-12,2015-11,120,1,0.1213137037344647,1.1125953408788996,1.2287621146307095,,1.2287621146307095,,1.0,1.0,1.0,single realization,a
rolling120,2006-01,2015-12,120,1,0.11784871920338724,1.0657332140128797,1.1556045609503727,,1.1556045609503727,,1.0,1.0,1.0,single realization,a
rolling120,2006-02,2016-01,120,1,0.11406128956184114,0.883697717982145,0.9471704148027,,0.9471704148027,,1.0,1.0,1.0,single realization,a
rolling120,2006-03,2016-02,120,1,0.11050837335036223,0.8821913623500128,0.9911702576056018,,0.9911702576056018,,1.0,1.0,1.0,single realization,a
rolling120,2006-04,2016-03,120,1,0.1066359221132136,0.9770032406773443,1.089521656935624,,1.089521656935624,,1.0,1.0,1.0,single realization,a
rolling120,2006-05,2016-04,120,1,0.10277658998149164,0.9738741426606428,1.112552914696753,,1.112552914696753,,1.0,1.0,1.0,single realization,a
rolling120,2006-06,2016-05,120,1,0.09816475917603262,1.0741266540871965,1.198297400516453,,1.198297400516453,,1.0,1.0,1.0,single realization,a
rolling120,2006-07,2016-06,120,1,0.09400835869309576,1.0728828000217754,1.2155440754814242,,1.2155440754814242,,1.0,1.0,1.0,single realization,a
rolling120,2006-08,2016-07,120,1,0.08986768960640878,1.1629719551366424,1.3615990119214376,,1.3615990119214376,,1.0,1.0,1.0,single realization,a
rolling120,2006-09,2016-08,120,1,0.08552645204573817,1.1220137746294205,1.3117665382684258,,1.3117665382684258,,1.0,1.0,1.0,single realization,a
rolling120,2006-10,2016-09,120,1,0.08131018557528868,1.0813375203675757,1.2801992906812312,,1.2801992906812312,,1.0,1.0,1.0,single realization,a
rolling120,2006-11,2016-10,120,1,0.07711029540125858,0.9684636724039966,1.1263904691990354,,1.1263904691990354,,1.0,1.0,1.0,single realization,a
rolling120,2006-12,2016-11,120,1,0.07271261345429059,1.0214726334215345,1.1868417179426052,,1.1868417179426052,,1.0,1.0,1.0,single realization,a
rolling120,2007-01,2016-12,120,1,0.06875938967960882,1.033252078890361,1.193504744725876,,1.193504744725876,,1.0,1.0,1.0,single realization,a
rolling120,2007-02,2017-01,120,1,0.06450307988399095,1.0364471322455233,1.1894242912655804,,1.1894242912655804,,1.0,1.0,1.0,single realization,a
rolling120,2007-03,2017-02,120,1,0.06089747072718121,1.1434216463047537,1.2603307349893624,,1.2603307349893624,,1.0,1.0,1.0,single realization,a
rolling120,2007-04,2017-03,120,1,0.05667205015274246,1.1235005829517117,1.2457353458828901,,1.2457353458828901,,1.0,1.0,1.0,single realization,a
rolling120,2007-05,2017-04,120,1,0.052569082216068264,1.0662909068979753,1.1758291360079438,,1.1758291360079438,,1.0,1.0,1.0,single realization,a
rolling120,2007-06,2017-05,120,1,0.04890013311960706,1.016248547033888,1.1053202548354526,,1.1053202548354526,,1.0,1.0,1.0,single realization,a
rolling120,2007-07,2017-06,120,1,0.04534808087597475,1.0656101784677752,1.1602244652312552,,1.1602244652312552,,1.0,1.0,1.0,single realization,a
rolling120,2007-08,2017-07,120,1,0.04191217582927087,1.1782060167024175,1.2631860096743526,,1.2631860096743526,,1.0,1.0,1.0,single realization,a
rolling120,2007-09,2017-08,120,1,0.038488246153671746,1.1547821358992851,1.251650720404041,,1.251650720404041,,1.0,1.0,1.0,single realization,a
rolling120,2007-10,2017-09,120,1,0.036107342080551774,1.1348034720933802,1.2228340139247056,,1.2228340139247056,,1.0,1.0,1.0,single realization,a
rolling120,2007-11,2017-10,120,1,0.03373189661924236,1.1398211278891135,1.1925677403545238,,1.1925677403545238,,1.0,1.0,1.0,single realization,a
rolling120,2007-12,2017-11,120,1,0.03105330091343217,1.3113830897860206,1.379615896571826,,1.379615896571826,,1.0,1.0,1.0,single realization,a
rolling120,2008-01,2017-12,120,1,0.029202402397779936,1.3520764540428187,1.4333787492807675,,1.4333787492807675,,1.0,1.0,1.0,single realization,a
rolling120,2008-02,2018-01,120,1,0.028175356791156236,1.647965066337723,1.6828688439791732,,1.6828688439791732,,1.0,1.0,1.0,single realization,a
rolling120,2008-03,2018-02,120,1,0.027969988698318904,1.6324112731821936,1.6305070724247206,,1.6305070724247206,,1.0,1.0,0.0,single realization,a
rolling120,2008-04,2018-03,120,1,0.027456875995564678,1.593679836531524,1.6168702033679918,,1.6168702033679918,,1.0,1.0,1.0,single realization,a
rolling120,2008-05,2018-04,120,1,0.027046631684925604,1.4852695141342704,1.4871174513564278,,1.4871174513564278,,1.0,1.0,1.0,single realization,a
rolling120,2008-06,2018-05,120,1,0.02663655117716557,1.50353460120532,1.46575249530515,,1.46575249530515,,1.0,1.0,0.0,single realization,a
rolling120,2008-07,2018-06,120,1,0.026329082907870394,1.7461378561073841,1.7059822199099357,,1.7059822199099357,,1.0,1.0,0.0,single realization,a
rolling120,2008-08,2018-07,120,1,0.02643156209737696,1.855541336089129,1.7988550285361207,,1.7988550285361207,,1.0,1.0,0.0,single realization,a
rolling120,2008-09,2018-08,120,1,0.026739091777422397,1.91031514688368,1.7692705158468844,,1.7692705158468844,,1.0,1.0,0.0,single realization,a
rolling120,2008-10,2018-09,120,1,0.026739091777422397,2.2119237981190905,2.1170149192969294,,2.1170149192969294,,1.0,1.0,0.0,single realization,a
rolling120,2008-11,2018-10,120,1,0.027867601970223088,2.5862865381025646,2.637755058020527,,2.637755058020527,,1.0,1.0,1.0,single realization,a
rolling120,2008-12,2018-11,120,1,0.029408940971477948,2.959331838414455,3.0882820747001105,,3.0882820747001105,,1.0,1.0,1.0,single realization,a
rolling120,2009-01,2018-12,120,1,0.031364817959323776,2.526322470609079,2.545442870594001,,2.545442870594001,,1.0,1.0,1.0,single realization,a
rolling120,2009-02,2019-01,120,1,0.03353068407703841,3.165902446509997,3.2255609182270213,,3.2255609182270213,,1.0,1.0,1.0,single realization,a
rolling120,2009-03,2019-02,120,1,0.03528751055732138,3.8023533265654343,3.9580191158493987,,3.9580191158493987,,1.0,1.0,1.0,single realization,a
rolling120,2009-04,2019-03,120,1,0.037047147397900604,3.461436012545289,3.5603292200859906,,3.5603292200859906,,1.0,1.0,1.0,single realization,a
rolling120,2009-05,2019-04,120,1,0.03912103430400582,3.218482517580034,3.0156689826999843,,3.0156689826999843,,1.0,1.0,0.0,single realization,a
rolling120,2009-06,2019-05,120,1,0.041303188476044195,2.7405401964170806,2.5482921335757514,,2.5482921335757514,,1.0,1.0,0.0,single realization,a
rolling120,2009-07,2019-06,120,1,0.04307322689261173,2.991573163895438,2.8624338096314434,,2.8624338096314434,,1.0,1.0,0.0,single realization,a
rolling120,2009-08,2019-07,120,1,0.04495057096661115,2.7570798170048767,2.5361574826208586,,2.5361574826208586,,1.0,1.0,0.0,single realization,a
rolling120,2009-09,2019-08,120,1,0.046517840096148344,2.5487571215197002,2.299606925496775,,2.299606925496775,,1.0,1.0,0.0,single realization,a
rolling120,2009-10,2019-09,120,1,0.048296742534067905,2.46352421918711,2.197700269003238,,2.197700269003238,,1.0,1.0,0.0,single realization,a
rolling120,2009-11,2019-10,120,1,0.049869187647869184,2.632311949166989,2.375043281811292,,2.375043281811292,,1.0,1.0,0.0,single realization,a
rolling120,2009-12,2019-11,120,1,0.05112903067304653,2.575917065169702,2.270363758108931,,2.270363758108931,,1.0,1.0,0.0,single realization,a
rolling120,2010-01,2019-12,120,1,0.052495361779810956,2.5793952453712072,2.241697297663739,,2.241697297663739,,1.0,1.0,0.0,single realization,a
rolling120,2010-02,2020-01,120,1,0.05386360575012472,2.704201887656782,2.313031079199726,,2.313031079199726,,1.0,1.0,0.0,single realization,a
rolling120,2010-03,2020-02,120,1,0.055128242077024714,2.2950522062848884,1.881684729865809,,1.881684729865809,,1.0,1.0,0.0,single realization,a
rolling120,2010-04,2020-03,120,1,0.0562887670908081,1.6887948348717354,1.2225097919823047,,1.2225097919823047,,1.0,1.0,0.0,single realization,a
rolling120,2010-05,2020-04,120,1,0.05618314877593056,1.994579345504206,1.4420986093092107,,1.4420986093092107,,1.0,1.0,0.0,single realization,a
rolling120,2010-06,2020-05,120,1,0.05618314877593056,2.4325012191763533,1.8017476114487474,,1.8017476114487474,,1.0,1.0,0.0,single realization,a
rolling120,2010-07,2020-06,120,1,0.05618314877593056,2.7236005814378945,2.0532486845463676,,2.0532486845463676,,1.0,1.0,0.0,single realization,a
rolling120,2010-08,2020-07,120,1,0.05618314877593056,2.685643743938902,2.0092256188408903,,2.0092256188408903,,1.0,1.0,0.0,single realization,a
rolling120,2010-09,2020-08,120,1,0.05618314877593056,3.165555351886418,2.379000545207237,,2.379000545207237,,1.0,1.0,0.0,single realization,a
rolling120,2010-10,2020-09,120,1,0.05618314877593056,2.6640614207858158,2.0104415269795965,,2.0104415269795965,,1.0,1.0,0.0,single realization,a
rolling120,2010-11,2020-10,120,1,0.05618314877593056,2.454192673638379,1.8573937535275058,,1.8573937535275058,,1.0,1.0,0.0,single realization,a
rolling120,2010-12,2020-11,120,1,0.05618314877593056,2.8614165812860026,2.213052755049203,,2.213052755049203,,1.0,1.0,0.0,single realization,a
rolling120,2011-01,2020-12,120,1,0.05618314877593056,2.7822580835511332,2.174433773713976,,2.174433773713976,,1.0,1.0,0.0,single realization,a
rolling120,2011-02,2021-01,120,1,0.05607754102182838,2.7058638130136767,2.115700166960623,,2.115700166960623,,1.0,1.0,0.0,single realization,a
rolling120,2011-03,2021-02,120,1,0.05597194382744575,2.6815137560724325,2.1609367708177416,,2.1609367708177416,,1.0,1.0,0.0,single realization,a
rolling120,2011-04,2021-03,120,1,0.05586635719172639,2.780825942803034,2.2533899666434705,,2.2533899666434705,,1.0,1.0,0.0,single realization,a
rolling120,2011-05,2021-04,120,1,0.05586635719172639,2.856148519894835,2.3028506699809594,,2.3028506699809594,,1.0,1.0,0.0,single realization,a
rolling120,2011-06,2021-05,120,1,0.05586635719172639,2.9174688194616833,2.4143707237251975,,2.4143707237251975,,1.0,1.0,0.0,single realization,a
rolling120,2011-07,2021-06,120,1,0.05586635719172639,3.0960792439598315,2.4676738000365375,,2.4676738000365375,,1.0,1.0,0.0,single realization,a
rolling120,2011-08,2021-07,120,1,0.05586635719172639,3.2508619619343504,2.626176263926464,,2.626176263926464,,1.0,1.0,0.0,single realization,a
rolling120,2011-09,2021-08,120,1,0.055760781113615154,3.6526712425467505,2.945903548703765,,2.945903548703765,,1.0,1.0,0.0,single realization,a
rolling120,2011-10,2021-09,120,1,0.055760781113615154,3.812760990991883,3.2263914989684332,,3.2263914989684332,,1.0,1.0,0.0,single realization,a
rolling120,2011-11,2021-10,120,1,0.055760781113615154,3.6095814647396454,2.9168606328477975,,2.9168606328477975,,1.0,1.0,0.0,single realization,a
rolling120,2011-12,2021-11,120,1,0.055760781113615154,3.5490324652529432,2.788994421167411,,2.788994421167411,,1.0,1.0,0.0,single realization,a
rolling120,2012-01,2021-12,120,1,0.05586635719172639,3.6614601658830157,3.0161539243810296,,3.0161539243810296,,1.0,1.0,0.0,single realization,a
rolling120,2012-02,2022-01,120,1,0.05586635719172639,3.164030670789738,2.5414572179108736,,2.5414572179108736,,1.0,1.0,0.0,single realization,a
rolling120,2012-03,2022-02,120,1,0.05586635719172639,2.896850001432415,2.454197641949366,,2.454197641949366,,1.0,1.0,0.0,single realization,a
rolling120,2012-04,2022-03,120,1,0.05586635719172639,2.8953384226886443,2.499475794069516,,2.499475794069516,,1.0,1.0,0.0,single realization,a
rolling120,2012-05,2022-04,120,1,0.05586635719172639,2.559038907830197,2.2964606240615497,,2.2964606240615497,,1.0,1.0,0.0,single realization,a
rolling120,2012-06,2022-05,120,1,0.056077509347949306,2.780909939488408,2.5296419574080637,,2.5296419574080637,,1.0,1.0,0.0,single realization,a
rolling120,2012-07,2022-06,120,1,0.056711155853558015,2.335818702988809,2.105119481298509,,2.105119481298509,,1.0,1.0,0.0,single realization,a
rolling120,2012-08,2022-07,120,1,0.057556524778241025,2.6290556680496384,2.406420699823359,,2.406420699823359,,1.0,1.0,0.0,single realization,a
rolling120,2012-09,2022-08,120,1,0.059459936181701645,2.4121262556152736,2.1891833342797367,,2.1891833342797367,,1.0,1.0,0.0,single realization,a
rolling120,2012-10,2022-09,120,1,0.061366773383108475,2.0172442118225353,1.799571751212599,,1.799571751212599,,1.0,1.0,0.0,single realization,a
rolling120,2012-11,2022-10,120,1,0.06370154680720908,2.3191221823285435,2.081214245885369,,2.081214245885369,,1.0,1.0,0.0,single realization,a
rolling120,2012-12,2022-11,120,1,0.06667961333161676,2.4557861078832985,2.2337475722289133,,2.2337475722289133,,1.0,1.0,0.0,single realization,a
rolling120,2013-01,2022-12,120,1,0.07009264679093197,2.2085295467500354,1.999656007322213,,1.999656007322213,,1.0,1.0,0.0,single realization,a
rolling120,2013-02,2023-01,120,1,0.07383797105470014,2.2507750338200587,2.0692891399763056,,2.0692891399763056,,1.0,1.0,0.0,single realization,a
rolling120,2013-03,2023-02,120,1,0.07748902015628634,2.1381148801005843,1.9608609103534471,,1.9608609103534471,,1.0,1.0,0.0,single realization,a
rolling120,2013-04,2023-03,120,1,0.08136798062884876,2.1019197834442904,1.84038879931864,,1.84038879931864,,1.0,1.0,0.0,single realization,a
rolling120,2013-05,2023-04,120,1,0.08515276856104959,2.083899572020183,1.8375632662362018,,1.8375632662362018,,1.0,1.0,0.0,single realization,a
rolling120,2013-06,2023-05,120,1,0.08905931852786919,2.02090162356452,1.6519916468737526,,1.6519916468737526,,1.0,1.0,0.0,single realization,a
rolling120,2013-07,2023-06,120,1,0.09341555580198069,2.267343598118466,1.965373074880835,,1.965373074880835,,1.0,1.0,0.0,single realization,a
rolling120,2013-08,2023-07,120,1,0.09833592580308981,2.2058006377752952,1.907941156727162,,1.907941156727162,,1.0,1.0,0.0,single realization,a
rolling120,2013-09,2023-08,120,1,0.10327843746920373,2.2321614200778948,1.9051653604789185,,1.9051653604789185,,1.0,1.0,0.0,single realization,a
rolling120,2013-10,2023-09,120,1,0.10802253475032164,1.965228555376461,1.6456496268877614,,1.6456496268877614,,1.0,1.0,0.0,single realization,a
rolling120,2013-11,2023-10,120,1,0.11323024066364806,1.7702413651649933,1.4272053350553753,,1.4272053350553753,,1.0,1.0,0.0,single realization,a
rolling120,2013-12,2023-11,120,1,0.1181284537225682,1.9370845314696674,1.5728897526216707,,1.5728897526216707,,1.0,1.0,0.0,single realization,a
rolling120,2014-01,2023-12,120,1,0.12293640607357559,2.0076476945153865,1.6556194738185965,,1.6556194738185965,,1.0,1.0,0.0,single realization,a
rolling120,2014-02,2024-01,120,1,0.1282142071821213,2.14826175718822,1.7204960336597064,,1.7204960336597064,,1.0,1.0,0.0,single realization,a
rolling120,2014-03,2024-02,120,1,0.132952706852286,2.1732288626579903,1.7170879982299856,,1.7170879982299856,,1.0,1.0,0.0,single realization,a
rolling120,2014-04,2024-03,120,1,0.13782440349175107,2.2629627068275497,1.8323669747866536,,1.8323669747866536,,1.0,1.0,0.0,single realization,a
rolling120,2014-05,2024-04,120,1,0.1431721781881623,2.1322088415970337,1.7241051155763145,,1.7241051155763145,,1.0,1.0,0.0,single realization,a
rolling120,2014-06,2024-05,120,1,0.14820213577219032,2.2156934868605718,1.7789825366443344,,1.7789825366443344,,1.0,1.0,0.0,single realization,a
rolling120,2014-07,2024-06,120,1,0.15290976452885663,2.2348121323477526,1.6604434330464977,,1.6604434330464977,,1.0,1.0,0.0,single realization,a
rolling120,2014-08,2024-07,120,1,0.15809785846923652,2.356980192873284,1.9106648133774233,,1.9106648133774233,,1.0,1.0,0.0,single realization,a
rolling120,2014-09,2024-08,120,1,0.16365672818988908,2.287418822798399,1.8280263681775701,,1.8280263681775701,,1.0,1.0,0.0,single realization,a
rolling120,2014-10,2024-09,120,1,0.16831135510264872,2.4242269500629594,1.9990291726911935,,1.9990291726911935,,1.0,1.0,0.0,single realization,a
rolling120,2014-11,2024-10,120,1,0.1728677693875491,2.3200069902132263,1.8836398650156903,,1.8836398650156903,,1.0,1.0,0.0,single realization,a
rolling120,2014-12,2024-11,120,1,0.1775592404650992,2.4601749920426266,2.0216651194001,,2.0216651194001,,1.0,1.0,0.0,single realization,a
rolling120,2015-01,2024-12,120,1,0.18191620965482014,2.364972578554709,1.8404193654988679,,1.8404193654988679,,1.0,1.0,0.0,single realization,a
rolling120,2015-02,2025-01,120,1,0.1862892996305432,2.58270609834354,2.0385379739291882,,2.0385379739291882,,1.0,1.0,0.0,single realization,a
rolling120,2015-03,2025-02,120,1,0.19020405431932375,2.304542541852905,1.7823273437037712,,1.7823273437037712,,1.0,1.0,0.0,single realization,a
rolling120,2015-04,2025-03,120,1,0.19425074810400966,2.1394657883211687,1.721571229582386,,1.721571229582386,,1.0,1.0,0.0,single realization,a
rolling120,2015-05,2025-04,120,1,0.19843062572237358,2.1057584312142303,1.683834637213967,,1.683834637213967,,1.0,1.0,0.0,single realization,a
rolling120,2015-06,2025-05,120,1,0.20298466210011878,2.261092309543682,1.7988075347799541,,1.7988075347799541,,1.0,1.0,0.0,single realization,a
rolling120,2015-07,2025-06,120,1,0.20707480995125938,2.48362013570263,1.9698477842777322,,1.9698477842777322,,1.0,1.0,0.0,single realization,a
rolling120,2015-08,2025-07,120,1,0.2111788643050938,2.5093434309844733,2.023715234328968,,2.023715234328968,,1.0,1.0,0.0,single realization,a
rolling120,2015-09,2025-08,120,1,0.21578134398945314,2.8170364494066042,2.319368198310337,,2.319368198310337,,1.0,1.0,0.0,single realization,a
rolling120,2015-10,2025-09,120,1,0.2197934224246183,3.084000624432151,2.5479476589712955,,2.5479476589712955,,1.0,1.0,0.0,single realization,a
rolling120,2015-11,2025-10,120,1,0.22430665808758943,2.878568760075564,2.314573115643146,,2.314573115643146,,1.0,1.0,0.0,single realization,a
rolling120,2015-12,2025-11,120,1,0.22797957806185232,2.8631424152010494,2.358938510047514,,2.358938510047514,,1.0,1.0,0.0,single realization,a
rolling120,2016-01,2025-12,120,1,0.23203150547671503,2.9468319913325263,2.4772930797361514,,2.4772930797361514,,1.0,1.0,0.0,single realization,a
rolling120,2016-02,2026-01,120,1,0.23560403958918652,3.242415250681283,2.8713970216067586,,2.8713970216067586,,1.0,1.0,0.0,single realization,a
rolling120,2016-03,2026-02,120,1,0.23881596770649471,3.20634029106665,2.9220122826976267,,2.9220122826976267,,1.0,1.0,0.0,single realization,a
rolling120,2016-04,2026-03,120,1,0.24216010199244464,2.739974058926328,2.3973351379750185,,2.3973351379750185,,1.0,1.0,0.0,single realization,a
rolling120,2016-05,2026-04,120,1,0.24563780250797174,3.0849572996734196,2.4787339522714618,,2.4787339522714618,,1.0,1.0,0.0,single realization,a
rolling120,2016-06,2026-05,120,1,0.24937434226152022,3.222607398287038,2.5049361331440716,,2.5049361331440716,,1.0,1.0,0.0,single realization,a
rolling120,2016-07,2026-06,120,1,0.2527469784583867,3.190090069587363,2.5697876075257957,,2.5697876075257957,,1.0,1.0,0.0,single realization,a
rolling120,2016-08,2026-07,120,1,0.25662971754379016,3.019197592720781,2.376084824910622,,2.376084824910622,,1.0,1.0,0.0,single realization,a
rolling120,2016-09,2026-08,120,1,0.2600219393367995,3.112769599157615,2.4546701608236474,,2.4546701608236474,,1.0,1.0,0.0,single realization,a
offset 0,1927-01,1936-12,120,1,0.17829792952375323,0.7835422753128123,1.0537636387849063,,1.0537636387849063,,1.0,1.0,1.0,single realization,a
offset 0,1937-01,1946-12,120,1,0.019382264221265322,0.6766558202743986,1.1981629221093657,,1.1981629221093657,,1.0,1.0,1.0,single realization,a
offset 0,1947-01,1956-12,120,1,0.1435189441161644,3.637739702560718,2.953277145287803,,2.953277145287803,,1.0,1.0,0.0,single realization,a
offset 0,1957-01,1966-12,120,1,0.34984022669139314,1.4871673872372133,2.040423446664028,,2.040423446664028,,1.0,1.0,1.0,single realization,a
offset 0,1967-01,1976-12,120,1,0.7324866552416902,0.8192557564736382,0.8458462149047963,,0.8458462149047963,,1.0,1.0,1.0,single realization,a
offset 0,1977-01,1986-12,120,1,1.3980872024646285,2.9835549677876756,3.682792171234709,,3.682792171234709,,1.0,1.0,1.0,single realization,a
offset 0,1987-01,1996-12,120,1,0.7019911521313602,2.9574182864500242,2.778725359007227,,2.778725359007227,,1.0,1.0,0.0,single realization,a
offset 0,1997-01,2006-12,120,1,0.42425967867422365,1.2822776380352723,1.7755116965520337,,1.7755116965520337,,1.0,1.0,1.0,single realization,a
offset 0,2007-01,2016-12,120,1,0.06875938967960882,1.033252078890361,1.193504744725876,,1.193504744725876,,1.0,1.0,1.0,single realization,a
offset 1,1928-01,1937-12,120,1,0.14580883468258543,-0.12196056219136808,-0.06761439129771551,,-0.06761439129771551,,0.0,0.0,1.0,single realization,a
offset 1,1938-01,1947-12,120,1,0.021524465801373127,1.6569625766842884,2.5668569739277842,,2.5668569739277842,,1.0,1.0,1.0,single realization,a
offset 1,1948-01,1957-12,120,1,0.17371158966987776,3.035216778731294,2.704934067409094,,2.704934067409094,,1.0,1.0,0.0,single realization,a
offset 1,1958-01,1967-12,120,1,0.3636361666918193,2.556692010811823,3.8059279178751204,,3.8059279178751204,,1.0,1.0,1.0,single realization,a
offset 1,1968-01,1977-12,120,1,0.7477405734850664,0.3695408781813079,0.2613632737306768,,0.2613632737306768,,1.0,0.0,0.0,single realization,a
offset 1,1978-01,1987-12,120,1,1.4059783611272167,3.1793669571523164,3.8359422635200273,,3.8359422635200273,,1.0,1.0,1.0,single realization,a
offset 1,1988-01,1997-12,120,1,0.6984387428222412,4.109948382243405,3.5126126707586813,,3.5126126707586813,,1.0,1.0,0.0,single realization,a
offset 1,1998-01,2007-12,120,1,0.416336630316519,0.8386943455485742,1.4647677468018285,,1.4647677468018285,,1.0,1.0,1.0,single realization,a
offset 1,2008-01,2017-12,120,1,0.029202402397779936,1.3520764540428187,1.4333787492807675,,1.4333787492807675,,1.0,1.0,1.0,single realization,a
offset 2,1929-01,1938-12,120,1,0.10623821505313136,-0.19084296632562991,-0.07530946456353305,,-0.07530946456353305,,0.0,0.0,1.0,single realization,a
offset 2,1939-01,1948-12,120,1,0.03024158416246281,1.1114923032992308,1.6478227172482969,,1.6478227172482969,,1.0,1.0,1.0,single realization,a
offset 2,1949-01,1958-12,120,1,0.18206302367556493,4.743740434147721,4.678575053251855,,4.678575053251855,,1.0,1.0,0.0,single realization,a
offset 2,1959-01,1968-12,120,1,0.41320347608061736,1.799976179323092,2.8285034562350386,,2.8285034562350386,,1.0,1.0,1.0,single realization,a
offset 2,1969-01,1978-12,120,1,0.7805561135017745,0.2988752707441884,0.1723834415998926,,0.1723834415998926,,1.0,0.0,0.0,single realization,a
offset 2,1979-01,1988-12,120,1,1.3871481568278243,3.5556897406038512,4.0278860169478214,,4.0278860169478214,,1.0,1.0,1.0,single realization,a
offset 2,1989-01,1998-12,120,1,0.6744393750463467,4.381396576040966,3.2040097793799873,,3.2040097793799873,,1.0,1.0,0.0,single realization,a
offset 2,1999-01,2008-12,120,1,0.37225571607742447,-0.0626953944276647,0.3759818215680397,,0.3759818215680397,,1.0,1.0,1.0,single realization,a
offset 2,2009-01,2018-12,120,1,0.031364817959323776,2.526322470609079,2.545442870594001,,2.545442870594001,,1.0,1.0,1.0,single realization,a
offset 3,1930-01,1939-12,120,1,0.05628342440653311,-0.025892404835905714,0.14424339316451062,,0.14424339316451062,,1.0,1.0,1.0,single realization,a
offset 3,1940-01,1949-12,120,1,0.041631470544866156,1.4759513527106844,2.384314258717218,,2.384314258717218,,1.0,1.0,1.0,single realization,a
offset 3,1950-01,1959-12,120,1,0.20373512746046218,4.3883122662544025,4.362330487306137,,4.362330487306137,,1.0,1.0,0.0,single realization,a
offset 3,1960-01,1969-12,120,1,0.46261398547762167,1.2111095006091732,1.7589862977275166,,1.7589862977275166,,1.0,1.0,1.0,single realization,a
offset 3,1970-01,1979-12,120,1,0.8442740455983437,0.8009566858604371,0.8045475155534054,,0.8045475155534054,,1.0,0.0,1.0,single realization,a
offset 3,1980-01,1989-12,120,1,1.3437167378362616,3.754602853189076,3.8297067103761275,,3.8297067103761275,,1.0,1.0,1.0,single realization,a
offset 3,1990-01,1999-12,120,1,0.6174691026317722,4.23042482608486,2.6002105598666714,,2.6002105598666714,,1.0,1.0,0.0,single realization,a
offset 3,2000-01,2009-12,120,1,0.31198850181814075,-0.037358739043847344,0.7777629567345494,,0.7777629567345494,,1.0,1.0,1.0,single realization,a
offset 3,2010-01,2019-12,120,1,0.052495361779810956,2.5793952453712072,2.241697297663739,,2.241697297663739,,1.0,1.0,0.0,single realization,a
offset 4,1931-01,1940-12,120,1,0.031056861834050764,0.268215806380808,0.5885659890427282,,0.5885659890427282,,1.0,1.0,1.0,single realization,a
offset 4,1941-01,1950-12,120,1,0.05451621193123035,2.470493462135218,3.564836296980065,,3.564836296980065,,1.0,1.0,1.0,single realization,a
offset 4,1951-01,1960-12,120,1,0.22104043002957652,3.1924802094082567,3.519967102511452,,3.519967102511452,,1.0,1.0,1.0,single realization,a
offset 4,1961-01,1970-12,120,1,0.5173858964895988,1.1868349288523854,1.359218469720581,,1.359218469720581,,1.0,1.0,1.0,single realization,a
offset 4,1971-01,1980-12,120,1,0.9263794593689254,1.3976586751552218,1.6879994444360937,,1.6879994444360937,,1.0,1.0,1.0,single realization,a
offset 4,1981-01,1990-12,120,1,1.2716598902731588,2.3531788941984093,2.2831701088923873,,2.2831701088923873,,1.0,1.0,0.0,single realization,a
offset 4,1991-01,2000-12,120,1,0.5881409137884455,3.9205198927678016,3.2401842422549176,,3.2401842422549176,,1.0,1.0,0.0,single realization,a
offset 4,2001-01,2010-12,120,1,0.2403348910274088,0.2784549001451455,1.031646300747592,,1.031646300747592,,1.0,1.0,1.0,single realization,a
offset 4,2011-01,2020-12,120,1,0.05618314877593056,2.7822580835511332,2.174433773713976,,2.174433773713976,,1.0,1.0,0.0,single realization,a
offset 5,1932-01,1941-12,120,1,0.020395503373876078,1.017220950670656,1.5719725478493523,,1.5719725478493523,,1.0,1.0,1.0,single realization,a
offset 5,1942-01,1951-12,120,1,0.0698013025375992,3.682730091622904,4.870261145854076,,4.870261145854076,,1.0,1.0,1.0,single realization,a
offset 5,1952-01,1961-12,120,1,0.22862289090840338,3.409383825816615,3.9146420054542688,,3.9146420054542688,,1.0,1.0,1.0,single realization,a
offset 5,1962-01,1971-12,120,1,0.551045611558135,1.0011919907816873,1.22889744195871,,1.22889744195871,,1.0,1.0,1.0,single realization,a
offset 5,1972-01,1981-12,120,1,1.117048406398144,0.9967731865829965,1.2641342159293205,,1.2641342159293205,,1.0,1.0,1.0,single realization,a
offset 5,1982-01,1991-12,120,1,1.0910860275655714,3.6729505695105376,3.4434449755536374,,3.4434449755536374,,1.0,1.0,0.0,single realization,a
offset 5,1992-01,2001-12,120,1,0.5614639871688849,2.2409645810688814,2.140566883058018,,2.140566883058018,,1.0,1.0,0.0,single realization,a
offset 5,2002-01,2011-12,120,1,0.19512013417974283,0.44693763099095496,1.0058922219912119,,1.0058922219912119,,1.0,1.0,1.0,single realization,a
offset 5,2012-01,2021-12,120,1,0.05586635719172639,3.6614601658830157,3.0161539243810296,,3.0161539243810296,,1.0,1.0,0.0,single realization,a
offset 6,1933-01,1942-12,120,1,0.013690316377686695,1.5726957095949374,2.5762789019649284,,2.5762789019649284,,1.0,1.0,1.0,single realization,a
offset 6,1943-01,1952-12,120,1,0.08443800319283712,3.561379629056465,4.164528829574854,,4.164528829574854,,1.0,1.0,1.0,single realization,a
offset 6,1953-01,1962-12,120,1,0.24169167940616743,2.489932835114752,2.736427641039068,,2.736427641039068,,1.0,1.0,1.0,single realization,a
offset 6,1963-01,1972-12,120,1,0.567684532575468,1.6050972330701394,1.902994244277704,,1.902994244277704,,1.0,1.0,1.0,single realization,a
offset 6,1973-01,1982-12,120,1,1.253626433843265,1.0742997571096038,1.6160334217124483,,1.6160334217124483,,1.0,1.0,1.0,single realization,a
offset 6,1983-01,1992-12,120,1,0.9581020655592984,3.2237109662740906,2.894923044267433,,2.894923044267433,,1.0,1.0,0.0,single realization,a
offset 6,1993-01,2002-12,120,1,0.5332093456091269,1.328186908779935,1.517962726373519,,1.517962726373519,,1.0,1.0,1.0,single realization,a
offset 6,2003-01,2012-12,120,1,0.17663383661877097,1.1347335618782832,1.658294645657194,,1.658294645657194,,1.0,1.0,1.0,single realization,a
offset 6,2013-01,2022-12,120,1,0.07009264679093197,2.2085295467500354,1.999656007322213,,1.999656007322213,,1.0,1.0,0.0,single realization,a
offset 7,1934-01,1943-12,120,1,0.01419763787423367,1.105467973414747,1.8573093427803062,,1.8573093427803062,,1.0,1.0,1.0,single realization,a
offset 7,1944-01,1953-12,120,1,0.10037202613944429,2.580236633261773,2.691464727326978,,2.691464727326978,,1.0,1.0,1.0,single realization,a
offset 7,1954-01,1963-12,120,1,0.25740404100646486,3.191258870141323,3.299881649079132,,3.299881649079132,,1.0,1.0,1.0,single realization,a
offset 7,1964-01,1973-12,120,1,0.6258746935057085,0.7377832646903233,0.8743553536350455,,0.8743553536350455,,1.0,1.0,1.0,single realization,a
offset 7,1974-01,1983-12,120,1,1.2927129773071204,2.150494549792229,3.28635918875123,,3.28635918875123,,1.0,1.0,1.0,single realization,a
offset 7,1984-01,1993-12,120,1,0.8519508794873571,2.8311343944891174,2.575667701253854,,2.575667701253854,,1.0,1.0,0.0,single realization,a
offset 7,1994-01,2003-12,120,1,0.5053009696562023,1.7582333470429803,1.9995655749300392,,1.9995655749300392,,1.0,1.0,1.0,single realization,a
offset 7,2004-01,2013-12,120,1,0.1646983289532291,1.1908210751647497,1.6357584859039713,,1.6357584859039713,,1.0,1.0,1.0,single realization,a
offset 7,2014-01,2023-12,120,1,0.12293640607357559,2.0076476945153865,1.6556194738185965,,1.6556194738185965,,1.0,1.0,0.0,single realization,a
offset 8,1935-01,1944-12,120,1,0.015719816905111816,1.4741253531978904,2.1528949573595284,,2.1528949573595284,,1.0,1.0,1.0,single realization,a
offset 8,1945-01,1954-12,120,1,0.10621636779604682,3.4347170871171953,3.3484729525795487,,3.3484729525795487,,1.0,1.0,0.0,single realization,a
offset 8,1955-01,1964-12,120,1,0.29059372104329917,2.2366950783270982,2.260607008549394,,2.260607008549394,,1.0,1.0,1.0,single realization,a
offset 8,1965-01,1974-12,120,1,0.6962896643025855,0.0808625792323383,0.16773423749009364,,0.16773423749009364,,1.0,0.0,1.0,single realization,a
offset 8,1975-01,1984-12,120,1,1.3315106952336175,3.5318967876515996,4.886612817224114,,4.886612817224114,,1.0,1.0,1.0,single realization,a
offset 8,1985-01,1994-12,120,1,0.751982692243446,2.683617707472135,2.575175201502204,,2.575175201502204,,1.0,1.0,0.0,single realization,a
offset 8,1995-01,2004-12,120,1,0.4658719402884084,2.0919133287285447,2.5348674499036012,,2.5348674499036012,,1.0,1.0,1.0,single realization,a
offset 8,2005-01,2014-12,120,1,0.15104298334225819,1.1871137042027318,1.4377608863413358,,1.4377608863413358,,1.0,1.0,1.0,single realization,a
offset 8,2015-01,2024-12,120,1,0.18191620965482014,2.364972578554709,1.8404193654988679,,1.8404193654988679,,1.0,1.0,0.0,single realization,a
offset 9,1936-01,1945-12,120,1,0.0175494029622969,1.3671619927629148,2.185806103747934,,2.185806103747934,,1.0,1.0,1.0,single realization,a
offset 9,1946-01,1955-12,120,1,0.12000709007167609,3.007019314725678,2.4334670869835477,,2.4334670869835477,,1.0,1.0,0.0,single realization,a
offset 9,1956-01,1965-12,120,1,0.32042198246107056,1.9547313933791552,2.5672766763924852,,2.5672766763924852,,1.0,1.0,1.0,single realization,a
offset 9,1966-01,1975-12,120,1,0.726974020797895,0.3065416097384257,0.3315201495135127,,0.3315201495135127,,1.0,0.0,1.0,single realization,a
offset 9,1976-01,1985-12,120,1,1.3738632655784562,3.344991693122453,4.221214375492141,,4.221214375492141,,1.0,1.0,1.0,single realization,a
offset 9,1986-01,1995-12,120,1,0.717475918022662,2.80104765287972,2.5814324287734265,,2.5814324287734265,,1.0,1.0,0.0,single realization,a
offset 9,1996-01,2005-12,120,1,0.42951792270752476,1.3971514431085166,1.8879522950148475,,1.8879522950148475,,1.0,1.0,1.0,single realization,a
offset 9,2006-01,2015-12,120,1,0.11784871920338724,1.0657332140128797,1.1556045609503727,,1.1556045609503727,,1.0,1.0,1.0,single realization,a
offset 9,2016-01,2025-12,120,1,0.23203150547671503,2.9468319913325263,2.4772930797361514,,2.4772930797361514,,1.0,1.0,0.0,single realization,a
decade,1927-01,1936-12,120,1,0.17829792952375323,0.7835422753128123,0.9999979170272455,,0.9999979170272455,,1.0,1.0,1.0,single realization,b
decade,1937-01,1946-12,120,1,0.019382264221265322,0.6766558202743986,1.1130893340828019,,1.1130893340828019,,1.0,1.0,1.0,single realization,b
decade,1947-01,1956-12,120,1,0.1435189441161644,3.637739702560718,5.587207647214068,,5.587207647214068,,1.0,1.0,1.0,single realization,b
decade,1957-01,1966-12,120,1,0.34984022669139314,1.4871673872372133,3.5112744018532336,,3.5112744018532336,,1.0,1.0,1.0,single realization,b
decade,1967-01,1976-12,120,1,0.7324866552416902,0.8192557564736382,2.51561523578901,,2.51561523578901,,1.0,1.0,1.0,single realization,b
decade,1977-01,1986-12,120,1,1.3980872024646285,2.9835549677876756,5.589530526733082,,5.589530526733082,,1.0,1.0,1.0,single realization,b
decade,1987-01,1996-12,120,1,0.7019911521313602,2.9574182864500242,2.7366873478926483,,2.7366873478926483,,1.0,1.0,0.0,single realization,b
decade,1997-01,2006-12,120,1,0.42425967867422365,1.2822776380352723,4.948752815490364,,4.948752815490364,,1.0,1.0,1.0,single realization,b
decade,2007-01,2016-12,120,1,0.06875938967960882,1.033252078890361,1.2219131629039923,,1.2219131629039923,,1.0,1.0,1.0,single realization,b
holdout decade,1996-01,2005-12,120,1,0.42951792270752476,1.3971514431085166,5.017593607052669,,5.017593607052669,,1.0,1.0,1.0,single realization,b
holdout decade,2006-01,2015-12,120,1,0.11784871920338724,1.0657332140128797,1.0863709381549023,,1.0863709381549023,,1.0,1.0,1.0,single realization,b
holdout decade,2016-01,2025-12,120,1,0.23203150547671503,2.9468319913325263,4.466446941623682,,4.466446941623682,,1.0,1.0,1.0,single realization,b
rolling120,1927-01,1936-12,120,1,0.17829792952375323,0.7835422753128123,0.9999979170272455,,0.9999979170272455,,1.0,1.0,1.0,single realization,b
rolling120,1927-02,1937-01,120,1,0.17547706665008045,0.8397897163306616,1.0971465811083996,,1.0971465811083996,,1.0,1.0,1.0,single realization,b
rolling120,1927-03,1937-02,120,1,0.17266323764553215,0.7811236265539583,0.9815511489831228,,0.9815511489831228,,1.0,1.0,1.0,single realization,b
rolling120,1927-04,1937-03,120,1,0.16927268591156208,0.7688877115567239,0.875315258991652,,0.875315258991652,,1.0,1.0,1.0,single realization,b
rolling120,1927-05,1937-04,120,1,0.16670670096492324,0.627510169082224,0.6177595016392756,,0.6177595016392756,,1.0,1.0,0.0,single realization,b
rolling120,1927-06,1937-05,120,1,0.1639149800453661,0.5271662796976748,0.517470649703222,,0.517470649703222,,1.0,1.0,0.0,single realization,b
rolling120,1927-07,1937-06,120,1,0.16124491775322136,0.49471321613237884,0.5066560825679309,,0.5066560825679309,,1.0,1.0,1.0,single realization,b
rolling120,1927-08,1937-07,120,1,0.15811893442527158,0.5138904589574316,0.5455715887214143,,0.5455715887214143,,1.0,1.0,1.0,single realization,b
rolling120,1927-09,1937-08,120,1,0.1551162327604274,0.40834593004018815,0.4518317861468035,,0.4518317861468035,,1.0,1.0,1.0,single realization,b
rolling120,1927-10,1937-09,120,1,0.1531566502879269,0.1593565943424755,0.1672289210514335,,0.1672289210514335,,1.0,1.0,1.0,single realization,b
rolling120,1927-11,1937-10,120,1,0.15051100410771512,0.09254498568559888,0.14041720311200412,,0.14041720311200412,,1.0,0.0,1.0,single realization,b
rolling120,1927-12,1937-11,120,1,0.148329614118887,-0.06141244507155863,-0.05544671547572577,,-0.05544671547572577,,0.0,0.0,1.0,single realization,b
rolling120,1928-01,1937-12,120,1,0.14580883468258543,-0.12196056219136808,-0.1610222585959522,,-0.1610222585959522,,0.0,0.0,0.0,single realization,b
rolling120,1928-02,1938-01,120,1,0.14295145604247916,-0.11491369671938878,-0.17182991035108675,,-0.17182991035108675,,0.0,0.0,0.0,single realization,b
rolling120,1928-03,1938-02,120,1,0.13919212203974807,-0.0502191281199037,-0.14039228255783898,,-0.14039228255783898,,0.0,0.0,0.0,single realization,b
rolling120,1928-04,1938-03,120,1,0.13578442798638357,-0.3375565756083816,-0.3758857066389175,,-0.3758857066389175,,0.0,0.0,0.0,single realization,b
rolling120,1928-05,1938-04,120,1,0.13340451649289786,-0.2740198367129665,-0.3815861130814677,,-0.3815861130814677,,0.0,0.0,0.0,single realization,b
rolling120,1928-06,1938-05,120,1,0.12978919108143727,-0.31465305480739003,-0.43224897210916446,,-0.43224897210916446,,0.0,0.0,0.0,single realization,b
rolling120,1928-07,1938-06,120,1,0.12629766830967726,-0.11007616560200761,-0.33285425319252915,,-0.33285425319252915,,0.0,0.0,0.0,single realization,b
rolling120,1928-08,1938-07,120,1,0.12259274176918478,-0.0539214867994795,-0.2867277517606882,,-0.2867277517606882,,0.0,0.0,0.0,single realization,b
rolling120,1928-09,1938-08,120,1,0.1190119036774171,-0.13959105780137693,-0.34269315366541564,,-0.34269315366541564,,0.0,0.0,0.0,single realization,b
rolling120,1928-10,1938-09,120,1,0.11622190690949696,-0.15869457222482897,-0.39817320372071496,,-0.39817320372071496,,0.0,0.0,0.0,single realization,b
rolling120,1928-11,1938-10,120,1,0.11177525057283932,-0.10832542107313037,-0.28904925614934573,,-0.28904925614934573,,0.0,0.0,0.0,single realization,b
rolling120,1928-12,1938-11,120,1,0.10690195798216329,-0.2195860637199768,-0.43162389746304963,,-0.43162389746304963,,0.0,0.0,0.0,single realization,b
rolling120,1929-01,1938-12,120,1,0.10623821505313136,-0.19084296632562991,-0.4039217589953463,,-0.4039217589953463,,0.0,0.0,0.0,single realization,b
rolling120,1929-02,1939-01,120,1,0.10237950092846937,-0.27545767327557835,-0.512240546169622,,-0.512240546169622,,0.0,0.0,0.0,single realization,b
rolling120,1929-03,1939-02,120,1,0.09853501283236565,-0.25010376262235423,-0.4842416821459252,,-0.4842416821459252,,0.0,0.0,0.0,single realization,b
rolling120,1929-04,1939-03,120,1,0.09470316855798533,-0.3370100207082348,-0.6030802409995748,,-0.6030802409995748,,0.0,0.0,0.0,single realization,b
rolling120,1929-05,1939-04,120,1,0.09077637361297852,-0.3500966342639301,-0.5909190953866674,,-0.5909190953866674,,0.0,0.0,0.0,single realization,b
rolling120,1929-06,1939-05,120,1,0.0861065822882714,-0.26193198460634715,-0.5322729699133636,,-0.5322729699133636,,0.0,0.0,0.0,single realization,b
rolling120,1929-07,1939-06,120,1,0.08059609326154038,-0.3659927445339226,-0.5980062842434322,,-0.5980062842434322,,0.0,0.0,0.0,single realization,b
rolling120,1929-08,1939-07,120,1,0.07704185513957973,-0.33326705755680697,-0.5897907362449855,,-0.5897907362449855,,0.0,0.0,0.0,single realization,b
rolling120,1929-09,1939-08,120,1,0.07264357664747578,-0.42682097973673905,-0.638662452664029,,-0.638662452664029,,0.0,0.0,0.0,single realization,b
rolling120,1929-10,1939-09,120,1,0.06900930842565067,-0.293944916029766,-0.6047827693766064,,-0.6047827693766064,,0.0,0.0,0.0,single realization,b
rolling120,1929-11,1939-10,120,1,0.06411438226722144,-0.12636771734644647,-0.4822830761442438,,-0.4822830761442438,,0.0,0.0,0.0,single realization,b
rolling120,1929-12,1939-11,120,1,0.06019167307683726,-0.03800605218662989,-0.4583277932687366,,-0.4583277932687366,,0.0,0.0,0.0,single realization,b
rolling120,1930-01,1939-12,120,1,0.05628342440653311,-0.025892404835905714,-0.43138914175626697,,-0.43138914175626697,,0.0,0.0,0.0,single realization,b
rolling120,1930-02,1940-01,120,1,0.05480669503348623,-0.10105758664714926,-0.47708460292218624,,-0.47708460292218624,,0.0,0.0,0.0,single realization,b
rolling120,1930-03,1940-02,120,1,0.05165173981404414,-0.11295021001446326,-0.47674513823549736,,-0.47674513823549736,,0.0,0.0,0.0,single realization,b
rolling120,1930-04,1940-03,120,1,0.04798379652620244,-0.15745131172725224,-0.49542860640742015,,-0.49542860640742015,,0.0,0.0,0.0,single realization,b
rolling120,1930-05,1940-04,120,1,0.045787642477000734,-0.13976946272723334,-0.5148988192772666,,-0.5148988192772666,,0.0,0.0,0.0,single realization,b
rolling120,1930-06,1940-05,120,1,0.042867030668766404,-0.3196675730575015,-0.6298670260949388,,-0.6298670260949388,,0.0,0.0,0.0,single realization,b
rolling120,1930-07,1940-06,120,1,0.04005887171513556,-0.13784693395302106,-0.5213786341828381,,-0.5213786341828381,,0.0,0.0,0.0,single realization,b
rolling120,1930-08,1940-07,120,1,0.03808670419391924,-0.1472684686088258,-0.520305222384706,,-0.520305222384706,,0.0,0.0,0.0,single realization,b
rolling120,1930-09,1940-08,120,1,0.03704955092766493,-0.131893988363602,-0.5306596832702166,,-0.5306596832702166,,0.0,0.0,0.0,single realization,b
rolling120,1930-10,1940-09,120,1,0.03477305021718724,0.016878784251810997,-0.45429409595288217,,-0.45429409595288217,,0.0,0.0,0.0,single realization,b
rolling120,1930-11,1940-10,120,1,0.033842591884491124,0.14739920207495438,-0.3813572308922286,,-0.3813572308922286,,0.0,0.0,0.0,single realization,b
rolling120,1930-12,1940-11,120,1,0.03250034144061842,0.1622897468747735,-0.3876159037577416,,-0.3876159037577416,,0.0,0.0,0.0,single realization,b
rolling120,1931-01,1940-12,120,1,0.031056861834050764,0.268215806380808,-0.34972091217155654,,-0.34972091217155654,,0.0,0.0,0.0,single realization,b
rolling120,1931-02,1941-01,120,1,0.029409641685339327,0.14199019181715422,-0.4026888934005418,,-0.4026888934005418,,0.0,0.0,0.0,single realization,b
rolling120,1931-03,1941-02,120,1,0.02889514266410509,0.014736326230605057,-0.49495869303687146,,-0.49495869303687146,,0.0,0.0,0.0,single realization,b
rolling120,1931-04,1941-03,120,1,0.02766207148544053,0.09123649499207209,-0.48808770868916995,,-0.48808770868916995,,0.0,0.0,0.0,single realization,b
rolling120,1931-05,1941-04,120,1,0.026737914946334707,0.14514415932061042,-0.4144646660155471,,-0.4144646660155471,,0.0,0.0,0.0,single realization,b
rolling120,1931-06,1941-05,120,1,0.025814681732775346,0.3373647860637128,-0.3336819352902627,,-0.3336819352902627,,0.0,0.0,0.0,single realization,b
rolling120,1931-07,1941-06,120,1,0.02499468598398802,0.24141141399107724,-0.3733571290114598,,-0.3733571290114598,,0.0,0.0,0.0,single realization,b
rolling120,1931-08,1941-07,120,1,0.024687371966603422,0.4071012388061124,-0.2651889578218485,,-0.2651889578218485,,0.0,0.0,0.0,single realization,b
rolling120,1931-09,1941-08,120,1,0.024482495955013395,0.3988348868107363,-0.25419493688278016,,-0.25419493688278016,,0.0,0.0,0.0,single realization,b
rolling120,1931-10,1941-09,120,1,0.024277660906337095,0.9451045354123762,-0.031938913632507115,,-0.031938913632507115,,0.0,0.0,0.0,single realization,b
rolling120,1931-11,1941-10,120,1,0.023254406499837232,0.7048681995093766,-0.12172960676940303,,-0.12172960676940303,,0.0,0.0,0.0,single realization,b
rolling120,1931-12,1941-11,120,1,0.02151782619530529,0.8363432600449785,-0.05645198924910977,,-0.05645198924910977,,0.0,0.0,0.0,single realization,b
rolling120,1932-01,1941-12,120,1,0.020395503373876078,1.017220950670656,0.06351065203808792,,0.06351065203808792,,1.0,1.0,0.0,single realization,b
rolling120,1932-02,1942-01,120,1,0.018257590017510594,1.0611802557987922,0.03378795444914795,,0.03378795444914795,,1.0,1.0,0.0,single realization,b
rolling120,1932-03,1942-02,120,1,0.016022563879589224,0.9026129253706676,-0.030583964235587957,,-0.030583964235587957,,0.0,0.0,0.0,single realization,b
rolling120,1932-04,1942-03,120,1,0.014500964592629062,1.000034586527955,0.02287852061697282,,0.02287852061697282,,1.0,1.0,0.0,single realization,b
rolling120,1932-05,1942-04,120,1,0.013487578352900265,1.3278971383173128,0.11215471618679485,,0.11215471618679485,,1.0,1.0,0.0,single realization,b
rolling120,1932-06,1942-05,120,1,0.013183714397767332,2.1016193298586043,0.4546740227635786,,0.4546740227635786,,1.0,1.0,0.0,single realization,b
rolling120,1932-07,1942-06,120,1,0.013183714397767332,2.2094338053045712,0.5105000992003073,,0.5105000992003073,,1.0,1.0,0.0,single realization,b
rolling120,1932-08,1942-07,120,1,0.013285012509584693,1.4867527965369698,0.332101415179745,,0.332101415179745,,1.0,1.0,0.0,single realization,b
rolling120,1932-09,1942-08,120,1,0.013285012509584693,0.8463436913697386,0.0023439370861275677,,0.0023439370861275677,,1.0,0.0,0.0,single realization,b
rolling120,1932-10,1942-09,120,1,0.013285012509584693,0.9520772470810968,0.12700664940971995,,0.12700664940971995,,1.0,1.0,0.0,single realization,b
rolling120,1932-11,1942-10,120,1,0.013386320749187774,1.4010527667850257,0.46918964883933034,,0.46918964883933034,,1.0,1.0,0.0,single realization,b
rolling120,1932-12,1942-11,120,1,0.0134876391175891,1.5545936384234986,0.6745703206902443,,0.6745703206902443,,1.0,1.0,0.0,single realization,b
rolling120,1933-01,1942-12,120,1,0.013690316377686695,1.5726957095949374,0.6196406186924754,,0.6196406186924754,,1.0,1.0,0.0,single realization,b
rolling120,1933-02,1943-01,120,1,0.013893034169182972,1.7228649110142573,0.7603940309268455,,0.7603940309268455,,1.0,1.0,0.0,single realization,b
rolling120,1933-03,1943-02,120,1,0.01450155254519725,2.414513756502172,1.5141047280433475,,1.5141047280433475,,1.0,1.0,0.0,single realization,b
rolling120,1933-04,1943-03,120,1,0.014400142953779449,2.512544413332884,1.4383686116930336,,1.4383686116930336,,1.0,1.0,0.0,single realization,b
rolling120,1933-05,1943-04,120,1,0.013690772224441039,1.5498882631955082,0.8785125422839544,,0.8785125422839544,,1.0,1.0,0.0,single realization,b
rolling120,1933-06,1943-05,120,1,0.013488115132832768,1.2203151526976939,0.8180284851751287,,0.8180284851751287,,1.0,1.0,0.0,single realization,b
rolling120,1933-07,1943-06,120,1,0.013589443678637014,0.9991080118658076,0.5448904885230725,,0.5448904885230725,,1.0,1.0,0.0,single realization,b
rolling120,1933-08,1943-07,120,1,0.013690782355269437,1.1068271534655691,0.7056394007842801,,0.7056394007842801,,1.0,1.0,0.0,single realization,b
rolling120,1933-09,1943-08,120,1,0.013690782355269437,0.9049236678920867,0.6268500309952207,,0.6268500309952207,,1.0,1.0,0.0,single realization,b
rolling120,1933-10,1943-09,120,1,0.013792131163743448,1.1832978773882337,0.9048645906288404,,0.9048645906288404,,1.0,1.0,0.0,single realization,b
rolling120,1933-11,1943-10,120,1,0.013994869316160896,1.355531850694474,1.1094850161191077,,1.1094850161191077,,1.0,1.0,0.0,single realization,b
rolling120,1933-12,1943-11,120,1,0.014096248527250221,1.0152336316969723,0.9173144848487156,,0.9173144848487156,,1.0,1.0,0.0,single realization,b
rolling120,1934-01,1943-12,120,1,0.01419763787423367,1.105467973414747,1.046085379016323,,1.046085379016323,,1.0,1.0,0.0,single realization,b
rolling120,1934-02,1944-01,120,1,0.013994899715737974,0.9021169609801938,0.8338264700451778,,0.8338264700451778,,1.0,1.0,0.0,single realization,b
rolling120,1934-03,1944-02,120,1,0.014096278929866868,0.9584918765502151,0.9309697935947623,,0.9309697935947623,,1.0,1.0,0.0,single realization,b
rolling120,1934-04,1944-03,120,1,0.014096278929866868,1.0048571322431927,0.9938540092816373,,0.9938540092816373,,1.0,1.0,0.0,single realization,b
rolling120,1934-05,1944-04,120,1,0.014299077905755242,1.0073065606271183,0.9787593092175413,,0.9787593092175413,,1.0,1.0,0.0,single realization,b
rolling120,1934-06,1944-05,120,1,0.014501917437383272,1.2748031545823872,1.41302052985217,,1.41302052985217,,1.0,1.0,1.0,single realization,b
rolling120,1934-07,1944-06,120,1,0.014704797532861136,1.3372539421205718,1.7061478860633064,,1.7061478860633064,,1.0,1.0,1.0,single realization,b
rolling120,1934-08,1944-07,120,1,0.014907718200301012,1.5857528175206146,2.106961596258715,,2.106961596258715,,1.0,1.0,1.0,single realization,b
rolling120,1934-09,1944-08,120,1,0.015110679447816189,1.4877983590483876,2.0830481981820865,,2.0830481981820865,,1.0,1.0,1.0,single realization,b
rolling120,1934-10,1944-09,120,1,0.015212180365669292,1.494530899460767,1.996176904863908,,1.996176904863908,,1.0,1.0,1.0,single realization,b
rolling120,1934-11,1944-10,120,1,0.015415202499529101,1.5412003133398495,1.935445575414613,,1.935445575414613,,1.0,1.0,1.0,single realization,b
rolling120,1934-12,1944-11,120,1,0.015618265233755535,1.3863920978327147,1.7565432473647271,,1.7565432473647271,,1.0,1.0,1.0,single realization,b
rolling120,1935-01,1944-12,120,1,0.015719816905111816,1.4741253531978904,1.8965847889993466,,1.8965847889993466,,1.0,1.0,1.0,single realization,b
rolling120,1935-02,1945-01,120,1,0.01592294055612764,1.6148084002103862,2.1878989609324426,,2.1878989609324426,,1.0,1.0,1.0,single realization,b
rolling120,1935-03,1945-02,120,1,0.01592294055612764,1.8331979657592647,2.664658484140707,,2.664658484140707,,1.0,1.0,1.0,single realization,b
rolling120,1935-04,1945-03,120,1,0.016024522691969745,1.8276080632307674,2.550390081118246,,2.550390081118246,,1.0,1.0,1.0,single realization,b
rolling120,1935-05,1945-04,120,1,0.016227707278049452,1.7954614234727573,2.5794542486631,,2.5794542486631,,1.0,1.0,1.0,single realization,b
rolling120,1935-06,1945-05,120,1,0.016430932496983353,1.7495323191922543,2.0787696237467572,,2.0787696237467572,,1.0,1.0,1.0,single realization,b
rolling120,1935-07,1945-06,120,1,0.016532565426939927,1.6060084969803117,2.0291083365931284,,2.0291083365931284,,1.0,1.0,1.0,single realization,b
rolling120,1935-08,1945-07,120,1,0.016735851611406893,1.37121331022309,1.7509614393152355,,1.7509614393152355,,1.0,1.0,1.0,single realization,b
rolling120,1935-09,1945-08,120,1,0.016939178449045356,1.4541341731073771,2.0201747940760466,,2.0201747940760466,,1.0,1.0,1.0,single realization,b
rolling120,1935-10,1945-09,120,1,0.017142545947985477,1.5060241775470433,1.839024074215481,,1.839024074215481,,1.0,1.0,1.0,single realization,b
rolling120,1935-11,1945-10,120,1,0.017345954116358087,1.4329786297710085,1.7906024702650196,,1.7906024702650196,,1.0,1.0,1.0,single realization,b
rolling120,1935-12,1945-11,120,1,0.017345954116358087,1.4452722580842758,2.0718645161354567,,2.0718645161354567,,1.0,1.0,1.0,single realization,b
rolling120,1936-01,1945-12,120,1,0.0175494029622969,1.3671619927629148,2.008607887961127,,2.008607887961127,,1.0,1.0,1.0,single realization,b
rolling120,1936-02,1946-01,120,1,0.01775289249393608,1.3532114590356872,1.9883234040145927,,1.9883234040145927,,1.0,1.0,1.0,single realization,b
rolling120,1936-03,1946-02,120,1,0.017956422719412446,1.1624291446494772,1.7056988597093437,,1.7056988597093437,,1.0,1.0,1.0,single realization,b
rolling120,1936-04,1946-03,120,1,0.018058198006627002,1.268002284708122,1.8929358071270275,,1.8929358071270275,,1.0,1.0,1.0,single realization,b
rolling120,1936-05,1946-04,120,1,0.018159983469335117,1.5735951045240402,2.524954535996832,,2.524954535996832,,1.0,1.0,1.0,single realization,b
rolling120,1936-06,1946-05,120,1,0.0182617791085542,1.5432628363973429,2.4527577180690088,,2.4527577180690088,,1.0,1.0,1.0,single realization,b
rolling120,1936-07,1946-06,120,1,0.0182617791085542,1.3870866844795522,2.365098546331145,,2.365098546331145,,1.0,1.0,1.0,single realization,b
rolling120,1936-08,1946-07,120,1,0.01846541110117661,1.1778893792036707,1.9124661417543383,,1.9124661417543383,,1.0,1.0,1.0,single realization,b
rolling120,1936-09,1946-08,120,1,0.018567237277051563,1.0174745986742644,1.7762973846730143,,1.7762973846730143,,1.0,1.0,1.0,single realization,b
rolling120,1936-10,1946-09,120,1,0.018770930355199056,0.795108860080042,1.3086804328172827,,1.3086804328172827,,1.0,1.0,1.0,single realization,b
rolling120,1936-11,1946-10,120,1,0.01887278707689033,0.6521637650792695,1.147822083234674,,1.147822083234674,,1.0,1.0,1.0,single realization,b
rolling120,1936-12,1946-11,120,1,0.01907654125888758,0.6000086970618548,1.034787299402458,,1.034787299402458,,1.0,1.0,1.0,single realization,b
rolling120,1937-01,1946-12,120,1,0.019382264221265322,0.6766558202743986,1.1130893340828019,,1.1130893340828019,,1.0,1.0,1.0,single realization,b
rolling120,1937-02,1947-01,120,1,0.019586120288502817,0.6429150684732108,0.935666280603866,,0.935666280603866,,1.0,1.0,1.0,single realization,b
rolling120,1937-03,1947-02,120,1,0.019688058512886686,0.6078142124108754,0.9218221385909566,,0.9218221385909566,,1.0,1.0,1.0,single realization,b
rolling120,1937-04,1947-03,120,1,0.019891975732867273,0.5852483989033543,0.9892415597358994,,0.9892415597358994,,1.0,1.0,1.0,single realization,b
rolling120,1937-05,1947-04,120,1,0.019891975732867273,0.629040736242219,1.1206167726279683,,1.1206167726279683,,1.0,1.0,1.0,single realization,b
rolling120,1937-06,1947-05,120,1,0.019586191610620807,0.6264140455458695,1.1332472421689799,,1.1332472421689799,,1.0,1.0,1.0,single realization,b
rolling120,1937-07,1947-06,120,1,0.019586191610620807,0.7882065909952654,1.3167327915777682,,1.3167327915777682,,1.0,1.0,1.0,single realization,b
rolling120,1937-08,1947-07,120,1,0.019586191610620807,0.7097448000556896,1.309857443688546,,1.309857443688546,,1.0,1.0,1.0,single realization,b
rolling120,1937-09,1947-08,120,1,0.019688129842135638,0.7663529156766211,1.311425833138181,,1.311425833138181,,1.0,1.0,1.0,single realization,b
rolling120,1937-10,1947-09,120,1,0.01989198592567054,1.034106019071249,1.735966873914169,,1.735966873914169,,1.0,1.0,1.0,single realization,b
rolling120,1937-11,1947-10,120,1,0.020299861144996934,1.306279886490934,1.9276208780199524,,1.9276208780199524,,1.0,1.0,1.0,single realization,b
rolling120,1937-12,1947-11,120,1,0.02070789948178775,1.4667561180953852,2.1749527169797562,,2.1749527169797562,,1.0,1.0,1.0,single realization,b
rolling120,1938-01,1947-12,120,1,0.021524465801373127,1.6569625766842884,2.316001504512125,,2.316001504512125,,1.0,1.0,1.0,single realization,b
rolling120,1938-02,1948-01,120,1,0.02223953292743408,1.542201255199318,2.2587311388190097,,2.2587311388190097,,1.0,1.0,1.0,single realization,b
rolling120,1938-03,1948-02,120,1,0.022955100600483336,1.2981883619274708,2.039052291893208,,2.039052291893208,,1.0,1.0,1.0,single realization,b
rolling120,1938-04,1948-03,120,1,0.023978158006824346,2.2684540057906455,3.0925277173221586,,3.0925277173221586,,1.0,1.0,1.0,single realization,b
rolling120,1938-05,1948-04,120,1,0.024694871046125222,1.9612781380091153,2.7269654728870902,,2.7269654728870902,,1.0,1.0,1.0,single realization,b
rolling120,1938-06,1948-05,120,1,0.025514626942962026,2.308105596236519,3.1234041931500753,,3.1234041931500753,,1.0,1.0,1.0,single realization,b
rolling120,1938-07,1948-06,120,1,0.026437590107210696,1.6696617766706532,2.8327139244765998,,2.8327139244765998,,1.0,1.0,1.0,single realization,b
rolling120,1938-08,1948-07,120,1,0.0273614763269292,1.363192962949236,2.3873109936145522,,2.3873109936145522,,1.0,1.0,1.0,single realization,b
rolling120,1938-09,1948-08,120,1,0.028286101655623508,1.4362839084740737,2.4503099629106595,,2.4503099629106595,,1.0,1.0,1.0,single realization,b
rolling120,1938-10,1948-09,120,1,0.02849171775273529,1.3444854072127796,2.302814194961362,,2.302814194961362,,1.0,1.0,1.0,single realization,b
rolling120,1938-11,1948-10,120,1,0.028800234416394677,1.3051243220902946,2.1461438725625004,,2.1461438725625004,,1.0,1.0,1.0,single realization,b
rolling120,1938-12,1948-11,120,1,0.02982965230154222,1.129071038834926,1.9519374606759259,,1.9519374606759259,,1.0,1.0,1.0,single realization,b
rolling120,1939-01,1948-12,120,1,0.03024158416246281,1.1114923032992308,1.9062820720879148,,1.9062820720879148,,1.0,1.0,1.0,single realization,b
rolling120,1939-02,1949-01,120,1,0.031374963242949416,1.2532016888961048,2.3442771720068034,,2.3442771720068034,,1.0,1.0,1.0,single realization,b
rolling120,1939-03,1949-02,120,1,0.03219998071179697,1.1147708277931372,2.1456496678393755,,2.1456496678393755,,1.0,1.0,1.0,single realization,b
rolling120,1939-04,1949-03,120,1,0.033335514243933106,1.504017527451742,3.255059806472347,,3.255059806472347,,1.0,1.0,1.0,single realization,b
rolling120,1939-05,1949-04,120,1,0.034265516206752666,1.4638810012653787,3.052782888327882,,3.052782888327882,,1.0,1.0,1.0,single realization,b
rolling120,1939-06,1949-05,120,1,0.03519626209674964,1.2401434454492937,2.7360782777034176,,2.7360782777034176,,1.0,1.0,1.0,single realization,b
rolling120,1939-07,1949-06,120,1,0.03612784557428905,1.3707474993031186,2.86025839600074,,2.86025839600074,,1.0,1.0,1.0,single realization,b
rolling120,1939-08,1949-07,120,1,0.03706036063530593,1.2720201265776487,2.6737667058050563,,2.6737667058050563,,1.0,1.0,1.0,single realization,b
rolling120,1939-09,1949-08,120,1,0.03809752471234895,1.5001717564783301,2.916095340722195,,2.916095340722195,,1.0,1.0,1.0,single realization,b
rolling120,1939-10,1949-09,120,1,0.03892791969262066,1.2067384245802746,2.7936502705863133,,2.7936502705863133,,1.0,1.0,1.0,single realization,b
rolling120,1939-11,1949-10,120,1,0.03986295482034419,1.2901538913182038,2.9353701513583665,,2.9353701513583665,,1.0,1.0,1.0,single realization,b
rolling120,1939-12,1949-11,120,1,0.04069484518420041,1.421834768930065,3.4996305427424863,,3.4996305427424863,,1.0,1.0,1.0,single realization,b
rolling120,1940-01,1949-12,120,1,0.041631470544866156,1.4759513527106844,3.8763479495547726,,3.8763479495547726,,1.0,1.0,1.0,single realization,b
rolling120,1940-02,1950-01,120,1,0.042568938868356554,1.5825093574384725,4.261553723170937,,4.261553723170937,,1.0,1.0,1.0,single realization,b
rolling120,1940-03,1950-02,120,1,0.04350725091333807,1.5858189613074298,4.137665055517278,,4.137665055517278,,1.0,1.0,1.0,single realization,b
rolling120,1940-04,1950-03,120,1,0.04455075816425147,1.5683352270271542,3.8746869453243287,,3.8746869453243287,,1.0,1.0,1.0,single realization,b
rolling120,1940-05,1950-04,120,1,0.04549085384659923,1.6659739938897906,4.139467854920924,,4.139467854920924,,1.0,1.0,1.0,single realization,b
rolling120,1940-06,1950-05,120,1,0.046745693839213676,2.5699025960755573,6.001965617529036,,6.001965617529036,,1.0,1.0,1.0,single realization,b
rolling120,1940-07,1950-06,120,1,0.0477924395330529,2.1499731033325795,5.4800232872330685,,5.4800232872330685,,1.0,1.0,1.0,single realization,b
rolling120,1940-08,1950-07,120,1,0.04873535843674226,2.0977686644229196,5.482773350164821,,5.482773350164821,,1.0,1.0,1.0,single realization,b
rolling120,1940-09,1950-08,120,1,0.04988908270344927,2.181426604871131,5.597959944316939,,5.597959944316939,,1.0,1.0,1.0,single realization,b
rolling120,1940-10,1950-09,120,1,0.05093897178615259,2.2600378883004115,5.69279977901925,,5.69279977901925,,1.0,1.0,1.0,single realization,b
rolling120,1940-11,1950-10,120,1,0.052200098552296126,2.161948812752209,5.485286137652962,,5.485286137652962,,1.0,1.0,1.0,single realization,b
rolling120,1940-12,1950-11,120,1,0.053357518660703596,2.3066236440423458,6.099269654817253,,6.099269654817253,,1.0,1.0,1.0,single realization,b
rolling120,1941-01,1950-12,120,1,0.05451621193123035,2.470493462135218,6.762585609588866,,6.762585609588866,,1.0,1.0,1.0,single realization,b
rolling120,1941-02,1951-01,120,1,0.05599268227496834,2.833444557956061,7.487974024111706,,7.487974024111706,,1.0,1.0,1.0,single realization,b
rolling120,1941-03,1951-02,120,1,0.057154390396283006,2.94779446664509,7.872598092517217,,7.872598092517217,,1.0,1.0,1.0,single realization,b
rolling120,1941-04,1951-03,120,1,0.0582114390818107,2.8342733565482066,7.047773177647221,,7.047773177647221,,1.0,1.0,1.0,single realization,b
rolling120,1941-05,1951-04,120,1,0.05969308326094325,3.258546066899357,7.7213767982337504,,7.7213767982337504,,1.0,1.0,1.0,single realization,b
rolling120,1941-06,1951-05,120,1,0.060964714960856314,3.106890238730207,7.5480479964987275,,7.5480479964987275,,1.0,1.0,1.0,single realization,b
rolling120,1941-07,1951-06,120,1,0.06223787261880931,2.783244159253595,6.802261091552744,,6.802261091552744,,1.0,1.0,1.0,single realization,b
rolling120,1941-08,1951-07,120,1,0.06329979191563906,2.825399287751415,6.6565674127495145,,6.6565674127495145,,1.0,1.0,1.0,single realization,b
rolling120,1941-09,1951-08,120,1,0.0645756240827211,3.0008833496294347,6.676281441034239,,6.676281441034239,,1.0,1.0,1.0,single realization,b
rolling120,1941-10,1951-09,120,1,0.06574654017760273,3.0690916908064114,6.676281441034239,,6.676281441034239,,1.0,1.0,1.0,single realization,b
rolling120,1941-11,1951-10,120,1,0.0674517346418868,3.193217455915452,6.711829461872586,,6.711829461872586,,1.0,1.0,1.0,single realization,b
rolling120,1941-12,1951-11,120,1,0.06862593154999286,3.306119996288902,6.796849031733852,,6.796849031733852,,1.0,1.0,1.0,single realization,b
rolling120,1942-01,1951-12,120,1,0.0698013025375992,3.682730091622904,7.374363030402968,,7.374363030402968,,1.0,1.0,1.0,single realization,b
rolling120,1942-02,1952-01,120,1,0.07119176613817779,3.7194264190942077,7.744164990243188,,7.744164990243188,,1.0,1.0,1.0,single realization,b
rolling120,1942-03,1952-02,120,1,0.0723699592616176,3.7160398496494453,7.739573579593168,,7.739573579593168,,1.0,1.0,1.0,single realization,b
rolling120,1942-04,1952-03,120,1,0.07344222199460582,4.278470894774109,8.380683688075507,,8.380683688075507,,1.0,1.0,1.0,single realization,b
rolling120,1942-05,1952-04,120,1,0.07462289037196213,4.2514272860493145,8.669077542151273,,8.669077542151273,,1.0,1.0,1.0,single realization,b
rolling120,1942-06,1952-05,120,1,0.075697190972154,4.119633752877401,8.538243799354133,,8.538243799354133,,1.0,1.0,1.0,single realization,b
rolling120,1942-07,1952-06,120,1,0.07709531769507327,4.183940739646746,8.830030691930776,,8.830030691930776,,1.0,1.0,1.0,single realization,b
rolling120,1942-08,1952-07,120,1,0.07838744443828438,4.059774494385746,8.632834341507705,,8.632834341507705,,1.0,1.0,1.0,single realization,b
rolling120,1942-09,1952-08,120,1,0.0796811212685613,3.9380378007665264,8.650109599975904,,8.650109599975904,,1.0,1.0,1.0,single realization,b
rolling120,1942-10,1952-09,120,1,0.08108428577685789,3.720119522759002,8.468510826278827,,8.468510826278827,,1.0,1.0,1.0,single realization,b
rolling120,1942-11,1952-10,120,1,0.08227312184039337,3.394548339953819,7.8871126210720846,,7.8871126210720846,,1.0,1.0,1.0,single realization,b
rolling120,1942-12,1952-11,120,1,0.08303048581648875,3.6534125093400753,8.476946367716245,,8.476946367716245,,1.0,1.0,1.0,single realization,b
rolling120,1943-01,1952-12,120,1,0.08443800319283712,3.561379629056465,8.419622856694739,,8.419622856694739,,1.0,1.0,1.0,single realization,b
rolling120,1943-02,1953-01,120,1,0.0858473497930079,3.2489447048564424,7.337246923272367,,7.337246923272367,,1.0,1.0,1.0,single realization,b
rolling120,1943-03,1953-02,120,1,0.0870414236556214,2.996064673453365,6.394290407972272,,6.394290407972272,,1.0,1.0,1.0,single realization,b
rolling120,1943-04,1953-03,120,1,0.08867149676917085,2.7202661310275817,5.860745696277447,,5.860745696277447,,1.0,1.0,1.0,single realization,b
rolling120,1943-05,1953-04,120,1,0.09008634526042325,2.5907725360265226,5.379605159086222,,5.379605159086222,,1.0,1.0,1.0,single realization,b
rolling120,1943-06,1953-05,120,1,0.09172114781780238,2.4179727609638864,4.495022042699943,,4.495022042699943,,1.0,1.0,1.0,single realization,b
rolling120,1943-07,1953-06,120,1,0.0933582384123508,2.298503119048997,4.379620540714176,,4.379620540714176,,1.0,1.0,1.0,single realization,b
rolling120,1943-08,1953-07,120,1,0.09466987480752698,2.551301783291073,4.895029840309231,,4.895029840309231,,1.0,1.0,1.0,single realization,b
rolling120,1943-09,1953-08,120,1,0.09620195300879719,2.3508335488054817,4.378437281402492,,4.378437281402492,,1.0,1.0,1.0,single realization,b
rolling120,1943-10,1953-09,120,1,0.09762658815716407,2.2834439450708404,4.171924427430668,,4.171924427430668,,1.0,1.0,1.0,single realization,b
rolling120,1943-11,1953-10,120,1,0.09872388555610168,2.477701095947301,4.380647082606304,,4.380647082606304,,1.0,1.0,1.0,single realization,b
rolling120,1943-12,1953-11,120,1,0.09927308273972457,2.803666278372967,5.012878584939385,,5.012878584939385,,1.0,1.0,1.0,single realization,b
rolling120,1944-01,1953-12,120,1,0.10037202613944429,2.580236633261773,4.636127061512767,,4.636127061512767,,1.0,1.0,1.0,single realization,b
rolling120,1944-02,1954-01,120,1,0.10125205975027263,2.702310143308136,4.778029859599127,,4.778029859599127,,1.0,1.0,1.0,single realization,b
rolling120,1944-03,1954-02,120,1,0.10169242846355875,2.751723446017627,4.966770513318228,,4.966770513318228,,1.0,1.0,1.0,single realization,b
rolling120,1944-04,1954-03,120,1,0.10235331174398077,2.7978511933047296,5.148953166273148,,5.148953166273148,,1.0,1.0,1.0,single realization,b
rolling120,1944-05,1954-04,120,1,0.10301452536694033,3.0303411687337967,5.646059721868291,,5.646059721868291,,1.0,1.0,1.0,single realization,b
rolling120,1944-06,1954-05,120,1,0.10323506211099032,2.95518686666246,5.3906964626344545,,5.3906964626344545,,1.0,1.0,1.0,single realization,b
rolling120,1944-07,1954-06,120,1,0.1035659333682466,2.790293724599594,4.9884816045418034,,4.9884816045418034,,1.0,1.0,1.0,single realization,b
rolling120,1944-08,1954-07,120,1,0.10378658036082244,3.040697744765449,5.506674117086267,,5.506674117086267,,1.0,1.0,1.0,single realization,b
rolling120,1944-09,1954-08,120,1,0.1040072714695619,2.885974698922968,5.056966344226849,,5.056966344226849,,1.0,1.0,1.0,single realization,b
rolling120,1944-10,1954-09,120,1,0.10477992202947872,3.1365198489434913,5.560923862556064,,5.560923862556064,,1.0,1.0,1.0,single realization,b
rolling120,1944-11,1954-10,120,1,0.10522170146445986,3.0626165598965915,5.531752520727756,,5.531752520727756,,1.0,1.0,1.0,single realization,b
rolling120,1944-12,1954-11,120,1,0.10555316853477814,3.3712859722024753,5.786581906550519,,5.786581906550519,,1.0,1.0,1.0,single realization,b
rolling120,1945-01,1954-12,120,1,0.10621636779604682,3.4347170871171953,6.083642036520398,,6.083642036520398,,1.0,1.0,1.0,single realization,b
rolling120,1945-02,1955-01,120,1,0.10676931009725443,3.3756107049290414,6.152902332248413,,6.152902332248413,,1.0,1.0,1.0,single realization,b
rolling120,1945-03,1955-02,120,1,0.10754389369760231,3.246298539155137,6.0525074195771555,,6.0525074195771555,,1.0,1.0,1.0,single realization,b
rolling120,1945-04,1955-03,120,1,0.1084297516409718,3.4159560814541248,6.524166630968565,,6.524166630968565,,1.0,1.0,1.0,single realization,b
rolling120,1945-05,1955-04,120,1,0.10920541976668274,3.226753474607068,5.918156705695391,,5.918156705695391,,1.0,1.0,1.0,single realization,b
rolling120,1945-06,1955-05,120,1,0.1104251798004161,3.198096110968679,5.961934616242675,,5.961934616242675,,1.0,1.0,1.0,single realization,b
rolling120,1945-07,1955-06,120,1,0.11131334231175405,3.458987652970916,6.040495933175902,,6.040495933175902,,1.0,1.0,1.0,single realization,b
rolling120,1945-08,1955-07,120,1,0.11209102834556228,3.647170965936069,6.0545993159799005,,6.0545993159799005,,1.0,1.0,1.0,single realization,b
rolling120,1945-09,1955-08,120,1,0.11353631309698597,3.3904284382180014,5.750130351786023,,5.750130351786023,,1.0,1.0,1.0,single realization,b
rolling120,1945-10,1955-09,120,1,0.11498347615509474,3.18054249856655,5.511522655096029,,5.511522655096029,,1.0,1.0,1.0,single realization,b
rolling120,1945-11,1955-10,120,1,0.11665544977724074,2.922678012271212,4.880145953147179,,4.880145953147179,,1.0,1.0,1.0,single realization,b
rolling120,1945-12,1955-11,120,1,0.11833009802225747,2.9892839090836336,4.676628584986672,,4.676628584986672,,1.0,1.0,1.0,single realization,b
rolling120,1946-01,1955-12,120,1,0.12000709007167609,3.007019314725678,4.54495531511372,,4.54495531511372,,1.0,1.0,1.0,single realization,b
rolling120,1946-02,1956-01,120,1,0.12213446533023475,2.6646486044809317,3.9632944733191335,,3.9632944733191335,,1.0,1.0,1.0,single realization,b
rolling120,1946-03,1956-02,120,1,0.12392934201175865,3.045158885315664,4.5341405910634816,,4.5341405910634816,,1.0,1.0,1.0,single realization,b
rolling120,1946-04,1956-03,120,1,0.12527765272895763,3.0787698740710026,4.5720791241239445,,4.5720791241239445,,1.0,1.0,1.0,single realization,b
rolling120,1946-05,1956-04,120,1,0.12707755700204193,2.9305007600989215,4.112774272226729,,4.112774272226729,,1.0,1.0,1.0,single realization,b
rolling120,1946-06,1956-05,120,1,0.129331036072325,2.5917752930364393,3.822610635050955,,3.822610635050955,,1.0,1.0,1.0,single realization,b
rolling120,1946-07,1956-06,120,1,0.13125032304755524,2.873094909809524,4.561434461578563,,4.561434461578563,,1.0,1.0,1.0,single realization,b
rolling120,1946-08,1956-07,120,1,0.13339905404204733,3.180268658563681,5.008343613491893,,5.008343613491893,,1.0,1.0,1.0,single realization,b
rolling120,1946-09,1956-08,120,1,0.13498533683286884,3.3326114620872698,5.060517926638702,,5.060517926638702,,1.0,1.0,1.0,single realization,b
rolling120,1946-10,1956-09,120,1,0.13668730424789377,3.5828758303480717,5.471649696674394,,5.471649696674394,,1.0,1.0,1.0,single realization,b
rolling120,1946-11,1956-10,120,1,0.1391872663286149,3.684211354337915,5.836310581587226,,5.836310581587226,,1.0,1.0,1.0,single realization,b
rolling120,1946-12,1956-11,120,1,0.14112330387011096,3.7095035664301292,5.951526256814594,,5.951526256814594,,1.0,1.0,1.0,single realization,b
rolling120,1947-01,1956-12,120,1,0.1435189441161644,3.637739702560718,5.587207647214068,,5.587207647214068,,1.0,1.0,1.0,single realization,b
rolling120,1947-02,1957-01,120,1,0.14626256649532943,3.428015691524699,5.718245477617776,,5.718245477617776,,1.0,1.0,1.0,single realization,b
rolling120,1947-03,1957-02,120,1,0.14866899595613137,3.3935546840204136,5.630510980264335,,5.630510980264335,,1.0,1.0,1.0,single realization,b
rolling120,1947-04,1957-03,120,1,0.15096564495334452,3.5726919924385303,5.945612478070416,,5.945612478070416,,1.0,1.0,1.0,single realization,b
rolling120,1947-05,1957-04,120,1,0.15349700996273907,4.018292976265366,6.762057393723136,,6.762057393723136,,1.0,1.0,1.0,single realization,b
rolling120,1947-06,1957-05,120,1,0.15614925741141872,4.253834132413887,7.194467272744356,,7.194467272744356,,1.0,1.0,1.0,single realization,b
rolling120,1947-07,1957-06,120,1,0.15857644269639715,3.9625363888147493,7.019865543515515,,7.019865543515515,,1.0,1.0,1.0,single realization,b
rolling120,1947-08,1957-07,120,1,0.16170366092620836,3.8100775135823453,6.634471203588818,,6.634471203588818,,1.0,1.0,1.0,single realization,b
rolling120,1947-09,1957-08,120,1,0.16425864248577815,3.6554346715544668,6.321456942373288,,6.321456942373288,,1.0,1.0,1.0,single realization,b
rolling120,1947-10,1957-09,120,1,0.16658576349814247,3.409845523386651,5.8187341057113064,,5.8187341057113064,,1.0,1.0,1.0,single realization,b
rolling120,1947-11,1957-10,120,1,0.16926730183118832,3.127697989655875,5.534042084628431,,5.534042084628431,,1.0,1.0,1.0,single realization,b
rolling120,1947-12,1957-11,120,1,0.17183814738788294,3.3179416412643654,5.882959984436179,,5.882959984436179,,1.0,1.0,1.0,single realization,b
rolling120,1948-01,1957-12,120,1,0.17371158966987776,3.035216778731294,5.768047553189173,,5.768047553189173,,1.0,1.0,1.0,single realization,b
rolling120,1948-02,1958-01,120,1,0.17617465985905212,3.4041532826323566,6.42526225489942,,6.42526225489942,,1.0,1.0,1.0,single realization,b
rolling120,1948-03,1958-02,120,1,0.1767623358158119,3.537626420051457,7.084696034331598,,7.084696034331598,,1.0,1.0,1.0,single realization,b
rolling120,1948-04,1958-03,120,1,0.1767623358158119,3.3346494156794693,6.646884366036803,,6.646884366036803,,1.0,1.0,1.0,single realization,b
rolling120,1948-05,1958-04,120,1,0.1767623358158119,3.3112482427036616,6.515316945405001,,6.515316945405001,,1.0,1.0,1.0,single realization,b
rolling120,1948-06,1958-05,120,1,0.1771150823193537,3.1117426210440975,5.914163733707538,,5.914163733707538,,1.0,1.0,1.0,single realization,b
rolling120,1948-07,1958-06,120,1,0.17640944834054317,3.2342970620394116,5.919945594047661,,5.919945594047661,,1.0,1.0,1.0,single realization,b
rolling120,1948-08,1958-07,120,1,0.17629190143323492,3.655943906322494,6.585190783929216,,6.585190783929216,,1.0,1.0,1.0,single realization,b
rolling120,1948-09,1958-08,120,1,0.1757042843379042,3.7306580465515298,6.962018688152533,,6.962018688152533,,1.0,1.0,1.0,single realization,b
rolling120,1948-10,1958-09,120,1,0.1774671356238966,4.110865493878701,7.75508470918056,,7.75508470918056,,1.0,1.0,1.0,single realization,b
rolling120,1948-11,1958-10,120,1,0.17911493049582128,3.9522358007196345,7.2768901670965,,7.2768901670965,,1.0,1.0,1.0,single realization,b
rolling120,1948-12,1958-11,120,1,0.17993998092699592,4.630369964390393,8.771183626652741,,8.771183626652741,,1.0,1.0,1.0,single realization,b
rolling120,1949-01,1958-12,120,1,0.18206302367556493,4.743740434147721,8.337581050857004,,8.337581050857004,,1.0,1.0,1.0,single realization,b
rolling120,1949-02,1959-01,120,1,0.18336199403125253,4.777517039910176,8.438233673171418,,8.438233673171418,,1.0,1.0,1.0,single realization,b
rolling120,1949-03,1959-02,120,1,0.1845442919571505,5.014183546897028,8.796341261155444,,8.796341261155444,,1.0,1.0,1.0,single realization,b
rolling120,1949-04,1959-03,120,1,0.18596432507438165,4.803412832099388,8.998455249280331,,8.998455249280331,,1.0,1.0,1.0,single realization,b
rolling120,1949-05,1959-04,120,1,0.18726771278302579,5.13665706314236,9.679424173145236,,9.679424173145236,,1.0,1.0,1.0,single realization,b
rolling120,1949-06,1959-05,120,1,0.18869101074040806,5.44184707153381,9.447494754837365,,9.447494754837365,,1.0,1.0,1.0,single realization,b
rolling120,1949-07,1959-06,120,1,0.1903535156505345,5.428989093347115,9.425671117602292,,9.425671117602292,,1.0,1.0,1.0,single realization,b
rolling120,1949-08,1959-07,120,1,0.1922563687078238,5.295089860123943,9.447631246720428,,9.447631246720428,,1.0,1.0,1.0,single realization,b
rolling120,1949-09,1959-08,120,1,0.19344755301065897,5.0578284873280746,8.84195957019564,,8.84195957019564,,1.0,1.0,1.0,single realization,b
rolling120,1949-10,1959-09,120,1,0.19607077672593887,4.6069259598743075,7.845900014743009,,7.845900014743009,,1.0,1.0,1.0,single realization,b
rolling120,1949-11,1959-10,120,1,0.19858026681598218,4.517306393529326,8.06391409702699,,8.06391409702699,,1.0,1.0,1.0,single realization,b
rolling120,1949-12,1959-11,120,1,0.20073598672032755,4.515681904454775,7.794357269366865,,7.794357269366865,,1.0,1.0,1.0,single realization,b
rolling120,1950-01,1959-12,120,1,0.20373512746046218,4.3883122662544025,6.838368372973264,,6.838368372973264,,1.0,1.0,1.0,single realization,b
rolling120,1950-02,1960-01,120,1,0.20662149403644903,3.941536006040362,6.224226289952264,,6.224226289952264,,1.0,1.0,1.0,single realization,b
rolling120,1950-03,1960-02,120,1,0.2090325670588018,3.9356978223175627,6.47324991865973,,6.47324991865973,,1.0,1.0,1.0,single realization,b
rolling120,1950-04,1960-03,120,1,0.2120521289145929,3.8071437353905857,6.790634804932233,,6.790634804932233,,1.0,1.0,1.0,single realization,b
rolling120,1950-05,1960-04,120,1,0.2132630911774711,3.550682640212103,6.814201019455459,,6.814201019455459,,1.0,1.0,1.0,single realization,b
rolling120,1950-06,1960-05,120,1,0.21532357794570456,3.505794657838818,7.58364235416035,,7.58364235416035,,1.0,1.0,1.0,single realization,b
rolling120,1950-07,1960-06,120,1,0.21702333120157258,3.8973115507761626,7.813369971535595,,7.813369971535595,,1.0,1.0,1.0,single realization,b
rolling120,1950-08,1960-07,120,1,0.21738807345867595,3.7182534463770347,7.275842943133387,,7.275842943133387,,1.0,1.0,1.0,single realization,b
rolling120,1950-09,1960-08,120,1,0.21823939378976598,3.6377878054755977,7.378490553804861,,7.378490553804861,,1.0,1.0,1.0,single realization,b
rolling120,1950-10,1960-09,120,1,0.21896960721261705,3.1621625978229337,6.626554193195087,,6.626554193195087,,1.0,1.0,1.0,single realization,b
rolling120,1950-11,1960-10,120,1,0.22018711580951345,3.144669269582309,6.834703170278101,,6.834703170278101,,1.0,1.0,1.0,single realization,b
rolling120,1950-12,1960-11,120,1,0.22043088508647068,3.2240567120818433,7.219703087857038,,7.219703087857038,,1.0,1.0,1.0,single realization,b
rolling120,1951-01,1960-12,120,1,0.22104043002957652,3.1924802094082567,6.851436285869685,,6.851436285869685,,1.0,1.0,1.0,single realization,b
rolling120,1951-02,1961-01,120,1,0.22177210311258633,3.214664740422795,6.781906006072237,,6.781906006072237,,1.0,1.0,1.0,single realization,b
rolling120,1951-03,1961-02,120,1,0.2222603237332108,3.306432317529538,7.335590134814465,,7.335590134814465,,1.0,1.0,1.0,single realization,b
rolling120,1951-04,1961-03,120,1,0.22335914931642908,3.5324155958562544,8.018911374272973,,8.018911374272973,,1.0,1.0,1.0,single realization,b
rolling120,1951-05,1961-04,120,1,0.22384785765531534,3.3368556125318545,7.270392122848557,,7.270392122848557,,1.0,1.0,1.0,single realization,b
rolling120,1951-06,1961-05,120,1,0.22458128625558804,3.5506817587307458,7.565925466212162,,7.565925466212162,,1.0,1.0,1.0,single realization,b
rolling120,1951-07,1961-06,120,1,0.2255597770955846,3.5334107334898963,7.296127062892806,,7.296127062892806,,1.0,1.0,1.0,single realization,b
rolling120,1951-08,1961-07,120,1,0.22617176140453088,3.3611004824130966,6.802396657308608,,6.802396657308608,,1.0,1.0,1.0,single realization,b
rolling120,1951-09,1961-08,120,1,0.22629421938529637,3.2896823458020403,7.023578518675585,,7.023578518675585,,1.0,1.0,1.0,single realization,b
rolling120,1951-10,1961-09,120,1,0.22690663160033098,3.1705481406022216,7.04778066049154,,7.04778066049154,,1.0,1.0,1.0,single realization,b
rolling120,1951-11,1961-10,120,1,0.22727411561538702,3.390118123626859,7.683458646501919,,7.683458646501919,,1.0,1.0,1.0,single realization,b
rolling120,1951-12,1961-11,120,1,0.22776448585437015,3.560595448717545,7.939903881311302,,7.939903881311302,,1.0,1.0,1.0,single realization,b
rolling120,1952-01,1961-12,120,1,0.22862289090840338,3.409383825816615,7.57202605741575,,7.57202605741575,,1.0,1.0,1.0,single realization,b
rolling120,1952-02,1962-01,120,1,0.22972699535355323,3.182404717460111,6.949816878055404,,6.949816878055404,,1.0,1.0,1.0,single realization,b
rolling120,1952-03,1962-02,120,1,0.23070959782686806,3.376765543989598,7.107399629265192,,7.107399629265192,,1.0,1.0,1.0,single realization,b
rolling120,1952-04,1962-03,120,1,0.23181601940118068,3.1661951883103265,6.86276757555152,,6.86276757555152,,1.0,1.0,1.0,single realization,b
rolling120,1952-05,1962-04,120,1,0.2330463590130476,3.0996411506200294,6.472282740850158,,6.472282740850158,,1.0,1.0,1.0,single realization,b
rolling120,1952-06,1962-05,120,1,0.23440094904092557,2.633457239657238,5.695352589924945,,5.695352589924945,,1.0,1.0,1.0,single realization,b
rolling120,1952-07,1962-06,120,1,0.2350172251013556,2.2040391275754283,4.906946142040967,,4.906946142040967,,1.0,1.0,1.0,single realization,b
rolling120,1952-08,1962-07,120,1,0.2364970260700241,2.3777788309112027,5.041510203989763,,5.041510203989763,,1.0,1.0,1.0,single realization,b
rolling120,1952-09,1962-08,120,1,0.23748474211681003,2.4790646119145765,5.029284233776209,,5.029284233776209,,1.0,1.0,1.0,single realization,b
rolling120,1952-10,1962-09,120,1,0.23810249608152478,2.368083443597285,4.847327713861637,,4.847327713861637,,1.0,1.0,1.0,single realization,b
rolling120,1952-11,1962-10,120,1,0.2395861419725751,2.3927989734909927,4.876406496184052,,4.876406496184052,,1.0,1.0,1.0,single realization,b
rolling120,1952-12,1962-11,120,1,0.24082448976675375,2.553705807704265,5.040499632849172,,5.040499632849172,,1.0,1.0,1.0,single realization,b
rolling120,1953-01,1962-12,120,1,0.24169167940616743,2.489932835114752,4.723880582148305,,4.723880582148305,,1.0,1.0,1.0,single realization,b
rolling120,1953-02,1963-01,120,1,0.24280741673790196,2.6776801735696334,4.978373959666837,,4.978373959666837,,1.0,1.0,1.0,single realization,b
rolling120,1953-03,1963-02,120,1,0.24392437966486846,2.6025578389938646,4.940666052056964,,4.940666052056964,,1.0,1.0,1.0,single realization,b
rolling120,1953-04,1963-03,120,1,0.24454522433429582,2.7692956283821766,5.364128414004217,,5.364128414004217,,1.0,1.0,1.0,single realization,b
rolling120,1953-05,1963-04,120,1,0.24566352575392525,3.057036987869278,5.8587006921530485,,5.8587006921530485,,1.0,1.0,1.0,single realization,b
rolling120,1953-06,1963-05,120,1,0.246534010398058,3.110228176029662,5.924623598131928,,5.924623598131928,,1.0,1.0,1.0,single realization,b
rolling120,1953-07,1963-06,120,1,0.24715615753840448,3.107719134514128,5.822013549304649,,5.822013549304649,,1.0,1.0,1.0,single realization,b
rolling120,1953-08,1963-07,120,1,0.24865050340864503,3.0007702306706108,5.63909309851382,,5.63909309851382,,1.0,1.0,1.0,single realization,b
rolling120,1953-09,1963-08,120,1,0.249647728528668,3.407500558482747,6.206039236508546,,6.206039236508546,,1.0,1.0,1.0,single realization,b
rolling120,1953-10,1963-09,120,1,0.25102014516343374,3.334166634674176,6.262081783936418,,6.262081783936418,,1.0,1.0,1.0,single realization,b
rolling120,1953-11,1963-10,120,1,0.25301917865216006,3.255536666127619,6.1458884753934395,,6.1458884753934395,,1.0,1.0,1.0,single realization,b
rolling120,1953-12,1963-11,120,1,0.25539801202490087,3.1104051688665635,5.823856115969527,,5.823856115969527,,1.0,1.0,1.0,single realization,b
rolling120,1954-01,1963-12,120,1,0.25740404100646486,3.191258870141323,5.902599659049339,,5.902599659049339,,1.0,1.0,1.0,single realization,b
rolling120,1954-02,1964-01,120,1,0.2597904835975269,3.0837294236439696,5.680898199467249,,5.680898199467249,,1.0,1.0,1.0,single realization,b
rolling120,1954-03,1964-02,120,1,0.26218241116706364,3.0865391450874045,5.607133318620836,,5.607133318620836,,1.0,1.0,1.0,single realization,b
rolling120,1954-04,1964-03,120,1,0.2650831101535587,3.006967050687205,5.257052015106979,,5.257052015106979,,1.0,1.0,1.0,single realization,b
rolling120,1954-05,1964-04,120,1,0.2676110012718591,2.854536433676586,5.018726986779898,,5.018726986779898,,1.0,1.0,1.0,single realization,b
rolling120,1954-06,1964-05,120,1,0.270271654048142,2.7992314029267913,5.031304448795511,,5.031304448795511,,1.0,1.0,1.0,single realization,b
rolling120,1954-07,1964-06,120,1,0.27331847792353225,2.8153839588221694,4.79864148843182,,4.79864148843182,,1.0,1.0,1.0,single realization,b
rolling120,1954-08,1964-07,120,1,0.27650018326566994,2.7060616768987544,4.609856171791401,,4.609856171791401,,1.0,1.0,1.0,single realization,b
rolling120,1954-09,1964-08,120,1,0.2794346664455911,2.749305385308833,4.7698030696307985,,4.7698030696307985,,1.0,1.0,1.0,single realization,b
rolling120,1954-10,1964-09,120,1,0.2818634064458376,2.625373044654433,4.6615759712358615,,4.6615759712358615,,1.0,1.0,1.0,single realization,b
rolling120,1954-11,1964-10,120,1,0.28468153325125467,2.7171126674307486,4.684355306438389,,4.684355306438389,,1.0,1.0,1.0,single realization,b
rolling120,1954-12,1964-11,120,1,0.28763452898029507,2.40506127971093,4.311861741126008,,4.311861741126008,,1.0,1.0,1.0,single realization,b
rolling120,1955-01,1964-12,120,1,0.29059372104329917,2.2366950783270982,3.799206445416237,,3.799206445416237,,1.0,1.0,1.0,single realization,b
rolling120,1955-02,1965-01,120,1,0.2931728451860718,2.337640872386962,3.9152408749432297,,3.9152408749432297,,1.0,1.0,1.0,single realization,b
rolling120,1955-03,1965-02,120,1,0.2958860662619942,2.260924657979464,3.776611880280706,,3.776611880280706,,1.0,1.0,1.0,single realization,b
rolling120,1955-04,1965-03,120,1,0.2992520040964408,2.230582887775153,3.79466001585215,,3.79466001585215,,1.0,1.0,1.0,single realization,b
rolling120,1955-05,1965-04,120,1,0.3019777076015384,2.237156111362333,4.000102045677591,,4.000102045677591,,1.0,1.0,1.0,single realization,b
rolling120,1955-06,1965-05,120,1,0.3041879753296415,2.1875163015818457,3.9677650077923863,,3.9677650077923863,,1.0,1.0,1.0,single realization,b
rolling120,1955-07,1965-06,120,1,0.30744518805524,1.8345433290391209,3.2835343043352507,,3.2835343043352507,,1.0,1.0,1.0,single realization,b
rolling120,1955-08,1965-07,120,1,0.3101880800581531,1.8278731613857286,3.646204521198592,,3.646204521198592,,1.0,1.0,1.0,single realization,b
rolling120,1955-09,1965-08,120,1,0.3124118417755042,1.90337326172956,3.8916220663358896,,3.8916220663358896,,1.0,1.0,1.0,single realization,b
rolling120,1955-10,1965-09,120,1,0.314377314781358,2.0017137930918802,4.295440005745932,,4.295440005745932,,1.0,1.0,1.0,single realization,b
rolling120,1955-11,1965-10,120,1,0.3160829351738672,2.1679455076103515,4.8587542614464905,,4.8587542614464905,,1.0,1.0,1.0,single realization,b
rolling120,1955-12,1965-11,120,1,0.31844786407804304,1.9643530764244987,4.932151945592912,,4.932151945592912,,1.0,1.0,1.0,single realization,b
rolling120,1956-01,1965-12,120,1,0.32042198246107056,1.9547313933791552,4.833120368334825,,4.833120368334825,,1.0,1.0,1.0,single realization,b
rolling120,1956-02,1966-01,120,1,0.32253001995053143,2.073601644928826,5.5079434101019205,,5.5079434101019205,,1.0,1.0,1.0,single realization,b
rolling120,1956-03,1966-02,120,1,0.3246420551156386,1.930815303243664,5.474789974880324,,5.474789974880324,,1.0,1.0,1.0,single realization,b
rolling120,1956-04,1966-03,120,1,0.32768416867206995,1.6860089308779602,4.9926350431588995,,4.9926350431588995,,1.0,1.0,1.0,single realization,b
rolling120,1956-05,1966-04,120,1,0.3296719182009731,1.7394778057834643,5.4441357946535085,,5.4441357946535085,,1.0,1.0,1.0,single realization,b
rolling120,1956-06,1966-05,120,1,0.3320598354440758,1.7316927409738483,4.707666908105971,,4.707666908105971,,1.0,1.0,1.0,single realization,b
rolling120,1956-07,1966-06,120,1,0.3344527573041549,1.6070577774857968,4.190687494616765,,4.190687494616765,,1.0,1.0,1.0,single realization,b
rolling120,1956-08,1966-07,120,1,0.3361837377317096,1.4497310469579086,3.945972364731616,,3.945972364731616,,1.0,1.0,1.0,single realization,b
rolling120,1956-09,1966-08,120,1,0.3393851363246576,1.3358076914023282,3.613956296767639,,3.613956296767639,,1.0,1.0,1.0,single realization,b
rolling120,1956-10,1966-09,120,1,0.34232648918941533,1.4414892262616505,3.8785371555540546,,3.8785371555540546,,1.0,1.0,1.0,single realization,b
rolling120,1956-11,1966-10,120,1,0.3450044472725864,1.5272575289406856,3.6601049627460087,,3.6601049627460087,,1.0,1.0,1.0,single realization,b
rolling120,1956-12,1966-11,120,1,0.3476890868879008,1.558172762760647,3.5515552395900203,,3.5515552395900203,,1.0,1.0,1.0,single realization,b
rolling120,1957-01,1966-12,120,1,0.34984022669139314,1.4871673872372133,3.5112744018532336,,3.5112744018532336,,1.0,1.0,1.0,single realization,b
rolling120,1957-02,1967-01,120,1,0.35199415544646073,1.7927263175410193,3.961669343657901,,3.961669343657901,,1.0,1.0,1.0,single realization,b
rolling120,1957-03,1967-02,120,1,0.3536126640124382,1.876931980166276,4.18472595968232,,4.18472595968232,,1.0,1.0,1.0,single realization,b
rolling120,1957-04,1967-03,120,1,0.35577347441094154,1.933706136085931,4.431763262160403,,4.431763262160403,,1.0,1.0,1.0,single realization,b
rolling120,1957-05,1967-04,120,1,0.35672014915616623,1.9252848190748715,4.44994351345624,,4.44994351345624,,1.0,1.0,1.0,single realization,b
rolling120,1957-06,1967-05,120,1,0.357667390433255,1.7078345109851365,4.0518614135853825,,4.0518614135853825,,1.0,1.0,1.0,single realization,b
rolling120,1957-07,1967-06,120,1,0.358073715470296,1.794929399266898,4.271541178523488,,4.271541178523488,,1.0,1.0,1.0,single realization,b
rolling120,1957-08,1967-07,120,1,0.35834451780638177,1.9040025156804443,4.283773816211355,,4.283773816211355,,1.0,1.0,1.0,single realization,b
rolling120,1957-09,1967-08,120,1,0.35915749208137804,2.034656681213004,4.640405891113442,,4.640405891113442,,1.0,1.0,1.0,single realization,b
rolling120,1957-10,1967-09,120,1,0.3599708717893859,2.329205409685466,5.292289450384156,,5.292289450384156,,1.0,1.0,1.0,single realization,b
rolling120,1957-11,1967-10,120,1,0.3613269101499297,2.375690094993151,5.898804589737815,,5.898804589737815,,1.0,1.0,1.0,single realization,b
rolling120,1957-12,1967-11,120,1,0.3624129308201731,2.3144874087987146,5.872368356871487,,5.872368356871487,,1.0,1.0,1.0,single realization,b
rolling120,1958-01,1967-12,120,1,0.3636361666918193,2.556692010811823,6.3903730877719385,,6.3903730877719385,,1.0,1.0,1.0,single realization,b
rolling120,1958-02,1968-01,120,1,0.3652679610675973,2.2665434964446334,5.487734233855508,,5.487734233855508,,1.0,1.0,1.0,single realization,b
rolling120,1958-03,1968-02,120,1,0.3689497663960857,2.2022662433449023,4.688774033369962,,4.688774033369962,,1.0,1.0,1.0,single realization,b
rolling120,1958-04,1968-03,120,1,0.3729161509725154,2.1164469951438063,4.38413385961004,,4.38413385961004,,1.0,1.0,1.0,single realization,b
rolling120,1958-05,1968-04,120,1,0.37771751640857043,2.306146395449158,4.9323059361729795,,4.9323059361729795,,1.0,1.0,1.0,single realization,b
rolling120,1958-06,1968-05,120,1,0.38239660896255034,2.315829534359972,5.558676307714481,,5.558676307714481,,1.0,1.0,1.0,single realization,b
rolling120,1958-07,1968-06,120,1,0.3879245370199833,2.256894335759751,5.6171721965929375,,5.6171721965929375,,1.0,1.0,1.0,single realization,b
rolling120,1958-08,1968-07,120,1,0.3936110470647338,2.0489344925708037,5.170624678496422,,5.170624678496422,,1.0,1.0,1.0,single realization,b
rolling120,1958-09,1968-08,120,1,0.39890465160176514,2.0438499441723628,5.185373217098591,,5.185373217098591,,1.0,1.0,1.0,single realization,b
rolling120,1958-10,1968-09,120,1,0.40225565585752343,2.0331086520470047,5.801885671781864,,5.801885671781864,,1.0,1.0,1.0,single realization,b
rolling120,1958-11,1968-10,120,1,0.4058949697976608,1.9787719767498917,5.617181348178816,,5.617181348178816,,1.0,1.0,1.0,single realization,b
rolling120,1958-12,1968-11,120,1,0.4102484553699042,2.0576320184152066,5.546838198553159,,5.546838198553159,,1.0,1.0,1.0,single realization,b
rolling120,1959-01,1968-12,120,1,0.41320347608061736,1.799976179323092,5.332773714619186,,5.332773714619186,,1.0,1.0,1.0,single realization,b
rolling120,1959-02,1969-01,120,1,0.4177162503780507,1.754475179183479,5.366291041333736,,5.366291041333736,,1.0,1.0,1.0,single realization,b
rolling120,1959-03,1969-02,120,1,0.42153682516198177,1.5763629815182623,4.432088331782661,,4.432088331782661,,1.0,1.0,1.0,single realization,b
rolling120,1959-04,1969-03,120,1,0.4249410243042575,1.6435278672056044,4.355386364451569,,4.355386364451569,,1.0,1.0,1.0,single realization,b
rolling120,1959-05,1969-04,120,1,0.42963394384537934,1.5959311301396069,4.260423420832204,,4.260423420832204,,1.0,1.0,1.0,single realization,b
rolling120,1959-06,1969-05,120,1,0.43334283254423966,1.5562091824886228,4.551986890127921,,4.551986890127921,,1.0,1.0,1.0,single realization,b
rolling120,1959-07,1969-06,120,1,0.4372035923685309,1.3854544090983825,3.8655288312261176,,3.8655288312261176,,1.0,1.0,1.0,single realization,b
rolling120,1959-08,1969-07,120,1,0.44121772709035834,1.1571260841435924,3.452916961985264,,3.452916961985264,,1.0,1.0,1.0,single realization,b
rolling120,1959-09,1969-08,120,1,0.44567702937000697,1.2964081853159048,3.9558647845380825,,3.9558647845380825,,1.0,1.0,1.0,single realization,b
rolling120,1959-10,1969-09,120,1,0.45014477813986753,1.3481074271842735,4.196657862156467,,4.196657862156467,,1.0,1.0,1.0,single realization,b
rolling120,1959-11,1969-10,120,1,0.4544822002080826,1.4424200704497965,4.243910901123406,,4.243910901123406,,1.0,1.0,1.0,single realization,b
rolling120,1959-12,1969-11,120,1,0.4582540471266352,1.3191720912419442,4.238577578639464,,4.238577578639464,,1.0,1.0,1.0,single realization,b
rolling120,1960-01,1969-12,120,1,0.46261398547762167,1.2111095006091732,4.536513810390292,,4.536513810390292,,1.0,1.0,1.0,single realization,b
rolling120,1960-02,1970-01,120,1,0.46655005421158924,1.1909762057455655,4.487583065269741,,4.487583065269741,,1.0,1.0,1.0,single realization,b
rolling120,1960-03,1970-02,120,1,0.47137567508994027,1.2840575999965593,4.340488721516333,,4.340488721516333,,1.0,1.0,1.0,single realization,b
rolling120,1960-04,1970-03,120,1,0.47460141149771107,1.302335613610794,3.9513449700035626,,3.9513449700035626,,1.0,1.0,1.0,single realization,b
rolling120,1960-05,1970-04,120,1,0.4791640069420098,1.0926285618836529,3.000463595600354,,3.000463595600354,,1.0,1.0,1.0,single realization,b
rolling120,1960-06,1970-05,120,1,0.48299947758931117,0.895084749484151,2.5330323066189933,,2.5330323066189933,,1.0,1.0,1.0,single realization,b
rolling120,1960-07,1970-06,120,1,0.4880296035109031,0.7554352282653223,2.5984656306373157,,2.5984656306373157,,1.0,1.0,1.0,single realization,b
rolling120,1960-08,1970-07,120,1,0.4938253844493754,0.9292549194438029,2.9437699530318326,,2.9437699530318326,,1.0,1.0,1.0,single realization,b
rolling120,1960-09,1970-08,120,1,0.4991940291374235,0.9640364853075762,2.912190106837532,,2.912190106837532,,1.0,1.0,1.0,single realization,b
rolling120,1960-10,1970-09,120,1,0.5048818659093106,1.1843022593607628,3.185556024090869,,3.185556024090869,,1.0,1.0,1.0,single realization,b
rolling120,1960-11,1970-10,120,1,0.5084856540535756,1.1553274931829294,3.2053754591639,,3.2053754591639,,1.0,1.0,1.0,single realization,b
rolling120,1960-12,1970-11,120,1,0.5134571937103984,1.1606736594510805,3.0617645014919024,,3.0617645014919024,,1.0,1.0,1.0,single realization,b
rolling120,1961-01,1970-12,120,1,0.5173858964895988,1.1868349288523854,2.9514990809361934,,2.9514990809361934,,1.0,1.0,1.0,single realization,b
rolling120,1961-02,1971-01,120,1,0.5202634623178555,1.1625801566365204,3.166949165134236,,3.166949165134236,,1.0,1.0,1.0,single realization,b
rolling120,1961-03,1971-02,120,1,0.5231479246489956,1.1215013512313146,3.0372640973584355,,3.0372640973584355,,1.0,1.0,1.0,single realization,b
rolling120,1961-04,1971-03,120,1,0.5246680323582262,1.1488715791597035,3.169875805048491,,3.169875805048491,,1.0,1.0,1.0,single realization,b
rolling120,1961-05,1971-04,120,1,0.5263423209032936,1.2124008305045595,3.489026731413621,,3.489026731413621,,1.0,1.0,1.0,single realization,b
rolling120,1961-06,1971-05,120,1,0.5280182807286016,1.0769565215206574,3.2256404086420725,,3.2256404086420725,,1.0,1.0,1.0,single realization,b
rolling120,1961-07,1971-06,120,1,0.5306107269134703,1.1445345961500362,3.4100799654847167,,3.4100799654847167,,1.0,1.0,1.0,single realization,b
rolling120,1961-08,1971-07,120,1,0.5339720201847917,0.9967218048417625,2.9042219724618166,,2.9042219724618166,,1.0,1.0,1.0,single realization,b
rolling120,1961-09,1971-08,120,1,0.5390270508085282,1.0268543995015302,2.908911058044984,,2.908911058044984,,1.0,1.0,1.0,single realization,b
rolling120,1961-10,1971-09,120,1,0.5420998810986519,1.0576645714588584,2.9352618490954634,,2.9352618490954634,,1.0,1.0,1.0,single realization,b
rolling120,1961-11,1971-10,120,1,0.544870396904598,0.9211142904687897,2.5949934171880176,,2.5949934171880176,,1.0,1.0,1.0,single realization,b
rolling120,1961-12,1971-11,120,1,0.5482640213411334,0.8349763743856287,2.471451517036748,,2.471451517036748,,1.0,1.0,1.0,single realization,b
rolling120,1962-01,1971-12,120,1,0.551045611558135,1.0011919907816873,2.860532619945088,,2.860532619945088,,1.0,1.0,1.0,single realization,b
rolling120,1962-02,1972-01,120,1,0.5518192775654964,1.133884912034099,3.1868803731262068,,3.1868803731262068,,1.0,1.0,1.0,single realization,b
rolling120,1962-03,1972-02,120,1,0.552593638482445,1.157104324369731,3.325500117206845,,3.325500117206845,,1.0,1.0,1.0,single realization,b
rolling120,1962-04,1972-03,120,1,0.553678284736874,1.1867991889636471,3.2647621163233147,,3.2647621163233147,,1.0,1.0,1.0,single realization,b
rolling120,1962-05,1972-04,120,1,0.5547634721239381,1.3491216749542194,3.577572473761765,,3.577572473761765,,1.0,1.0,1.0,single realization,b
rolling120,1962-06,1972-05,120,1,0.5556940967082102,1.6058885232430562,4.098715775608178,,4.098715775608178,,1.0,1.0,1.0,single realization,b
rolling120,1962-07,1972-06,120,1,0.5570914267351936,1.780940576712819,4.455337566264025,,4.455337566264025,,1.0,1.0,1.0,single realization,b
rolling120,1962-08,1972-07,120,1,0.5577125861753991,1.597441306445397,4.007198182950372,,4.007198182950372,,1.0,1.0,1.0,single realization,b
rolling120,1962-09,1972-08,120,1,0.5586450690165696,1.6278919665444067,3.875887124689803,,3.875887124689803,,1.0,1.0,1.0,single realization,b
rolling120,1962-10,1972-09,120,1,0.5606670614222393,1.7443613336267512,4.018162922875854,,4.018162922875854,,1.0,1.0,1.0,single realization,b
rolling120,1962-11,1972-10,120,1,0.5628463292119772,1.7638054664166418,4.097928918721289,,4.097928918721289,,1.0,1.0,1.0,single realization,b
rolling120,1962-12,1972-11,120,1,0.5654978649002609,1.6115461320528839,3.8242065050832244,,3.8242065050832244,,1.0,1.0,1.0,single realization,b
rolling120,1963-01,1972-12,120,1,0.567684532575468,1.6050972330701394,3.88919046458905,,3.88919046458905,,1.0,1.0,1.0,single realization,b
rolling120,1963-02,1973-01,120,1,0.5706557052556611,1.4064768337049651,3.540820628045849,,3.540820628045849,,1.0,1.0,1.0,single realization,b
rolling120,1963-03,1973-02,120,1,0.5736331030806494,1.3508840948296381,3.477794212852621,,3.477794212852621,,1.0,1.0,1.0,single realization,b
rolling120,1963-04,1973-03,120,1,0.5772441538010777,1.2564482319553476,3.3129063792075835,,3.3129063792075835,,1.0,1.0,1.0,single realization,b
rolling120,1963-05,1973-04,120,1,0.5814920931679235,1.0427792126636621,2.9291915486141296,,2.9291915486141296,,1.0,1.0,1.0,single realization,b
rolling120,1963-06,1973-05,120,1,0.5857518982871908,0.9534576902275842,2.774245119697341,,2.774245119697341,,1.0,1.0,1.0,single realization,b
rolling120,1963-07,1973-06,120,1,0.5901818147944282,0.9675771543430443,2.8854363138675923,,2.8854363138675923,,1.0,1.0,1.0,single realization,b
rolling120,1963-08,1973-07,120,1,0.5960496443693155,1.0818337371943616,3.121215002951846,,3.121215002951846,,1.0,1.0,1.0,single realization,b
rolling120,1963-09,1973-08,120,1,0.6032139569874322,0.9148205872912725,2.8739483865515187,,2.8739483865515187,,1.0,1.0,1.0,single realization,b
rolling120,1963-10,1973-09,120,1,0.6097694344220073,1.0451913506813169,3.3004359518628616,,3.3004359518628616,,1.0,1.0,1.0,single realization,b
rolling120,1963-11,1973-10,120,1,0.6155478469894808,0.985325300252933,3.277127355917804,,3.277127355917804,,1.0,1.0,1.0,single realization,b
rolling120,1963-12,1973-11,120,1,0.6202203200684371,0.7530616120732567,2.83174337613591,,2.83174337613591,,1.0,1.0,1.0,single realization,b
rolling120,1964-01,1973-12,120,1,0.6258746935057085,0.7377832646903233,3.0881759510317286,,3.0881759510317286,,1.0,1.0,1.0,single realization,b
rolling120,1964-02,1974-01,120,1,0.6312240319788578,0.7027022099028353,3.026936711508794,,3.026936711508794,,1.0,1.0,1.0,single realization,b
rolling120,1964-03,1974-02,120,1,0.6364304122923752,0.6744381225368026,3.0166041542821223,,3.0166041542821223,,1.0,1.0,1.0,single realization,b
rolling120,1964-04,1974-03,120,1,0.6405088451811507,0.608922356436759,2.895161564661591,,2.895161564661591,,1.0,1.0,1.0,single realization,b
rolling120,1964-05,1974-04,120,1,0.6480333647621992,0.5300708971911283,2.7316043868093858,,2.7316043868093858,,1.0,1.0,1.0,single realization,b
rolling120,1964-06,1974-05,120,1,0.6560877867523598,0.445493357678842,2.3596803011702674,,2.3596803011702674,,1.0,1.0,1.0,single realization,b
rolling120,1964-07,1974-06,120,1,0.6610411899031643,0.3912713463294635,2.2805569129022802,,2.2805569129022802,,1.0,1.0,1.0,single realization,b
rolling120,1964-08,1974-07,120,1,0.6676654817871248,0.2631064045860594,1.9553334402424412,,1.9553334402424412,,1.0,1.0,1.0,single realization,b
rolling120,1964-09,1974-08,120,1,0.6729871107676979,0.16560031528019503,1.7730051996533573,,1.7730051996533573,,1.0,1.0,1.0,single realization,b
rolling120,1964-10,1974-09,120,1,0.6818291846479021,0.007689036284771911,1.2997411221471422,,1.2997411221471422,,1.0,1.0,1.0,single realization,b
rolling120,1964-11,1974-10,120,1,0.685518509811154,0.16480023205005612,1.6100412086370595,,1.6100412086370595,,1.0,1.0,1.0,single realization,b
rolling120,1964-12,1974-11,120,1,0.6897201214120394,0.11520213680819591,1.5455374464624159,,1.5455374464624159,,1.0,1.0,1.0,single realization,b
rolling120,1965-01,1974-12,120,1,0.6962896643025855,0.0808625792323383,1.4641786403560588,,1.4641786403560588,,1.0,1.0,1.0,single realization,b
rolling120,1965-02,1975-01,120,1,0.701364324247647,0.18944856171541713,1.6592729259837475,,1.6592729259837475,,1.0,1.0,1.0,single realization,b
rolling120,1965-03,1975-02,120,1,0.7035694823947276,0.2514359048661614,1.7982987446066052,,1.7982987446066052,,1.0,1.0,1.0,single realization,b
rolling120,1965-04,1975-03,120,1,0.7044182117103885,0.30262066970869794,2.051492562219877,,2.051492562219877,,1.0,1.0,1.0,single realization,b
rolling120,1965-05,1975-04,120,1,0.7066271078077102,0.31823901848493863,2.238633159470015,,2.238633159470015,,1.0,1.0,1.0,single realization,b
rolling120,1965-06,1975-05,120,1,0.7088388665956176,0.3991637688410423,2.6217321708429906,,2.6217321708429906,,1.0,1.0,1.0,single realization,b
rolling120,1965-07,1975-06,120,1,0.7098605938701141,0.5531839053520131,3.0780289213274,,3.0780289213274,,1.0,1.0,1.0,single realization,b
rolling120,1965-08,1975-07,120,1,0.7127583737620284,0.43305066372920886,2.5981468602614144,,2.5981468602614144,,1.0,1.0,1.0,single realization,b
rolling120,1965-09,1975-08,120,1,0.7153190610546059,0.35768549200970234,2.176251328523448,,2.176251328523448,,1.0,1.0,1.0,single realization,b
rolling120,1965-10,1975-09,120,1,0.7190811006661302,0.2668836126371432,1.8940472335783056,,1.8940472335783056,,1.0,1.0,1.0,single realization,b
rolling120,1965-11,1975-10,120,1,0.7233655217125519,0.3034460879022516,1.709681520138242,,1.709681520138242,,1.0,1.0,1.0,single realization,b
rolling120,1965-12,1975-11,120,1,0.7243959345805413,0.3390465891069181,1.5449085868552128,,1.5449085868552128,,1.0,1.0,1.0,single realization,b
rolling120,1966-01,1975-12,120,1,0.726974020797895,0.3065416097384257,1.4951015688656315,,1.4951015688656315,,1.0,1.0,1.0,single realization,b
rolling120,1966-02,1976-01,120,1,0.7285224135242527,0.45541756764333874,1.6329886395522806,,1.6329886395522806,,1.0,1.0,1.0,single realization,b
rolling120,1966-03,1976-02,120,1,0.7283501641556902,0.47758501294434175,1.6677740585707563,,1.6677740585707563,,1.0,1.0,1.0,single realization,b
rolling120,1966-04,1976-03,120,1,0.7286945256149759,0.5508075255915277,1.7163807126530672,,1.7163807126530672,,1.0,1.0,1.0,single realization,b
rolling120,1966-05,1976-04,120,1,0.7300727951191537,0.4972322485290308,1.5935682737001406,,1.5935682737001406,,1.0,1.0,1.0,single realization,b
rolling120,1966-06,1976-05,120,1,0.7293835917349814,0.5650296556030179,1.8696126661476322,,1.8696126661476322,,1.0,1.0,1.0,single realization,b
rolling120,1966-07,1976-06,120,1,0.7302450101409061,0.6528193724879661,2.089597536486827,,2.089597536486827,,1.0,1.0,1.0,single realization,b
rolling120,1966-08,1976-07,120,1,0.7323140624699236,0.6643716958977777,2.0115290850625045,,2.0115290850625045,,1.0,1.0,1.0,single realization,b
rolling120,1966-09,1976-08,120,1,0.7324865865275343,0.7972046483766964,2.268416467101634,,2.268416467101634,,1.0,1.0,1.0,single realization,b
rolling120,1966-10,1976-09,120,1,0.7331768202273459,0.8543736305477281,2.337407989296343,,2.337407989296343,,1.0,1.0,1.0,single realization,b
rolling120,1966-11,1976-10,120,1,0.7324866552416902,0.7420196726811599,2.2506864100251436,,2.2506864100251436,,1.0,1.0,1.0,single realization,b
rolling120,1966-12,1976-11,120,1,0.7324866552416902,0.7245618217660996,2.3396850429184135,,2.3396850429184135,,1.0,1.0,1.0,single realization,b
rolling120,1967-01,1976-12,120,1,0.7324866552416902,0.8192557564736382,2.51561523578901,,2.51561523578901,,1.0,1.0,1.0,single realization,b
rolling120,1967-02,1977-01,120,1,0.7312791070402871,0.6140072483063694,2.1584678096874295,,2.1584678096874295,,1.0,1.0,1.0,single realization,b
rolling120,1967-03,1977-02,120,1,0.7311066001543722,0.5705967893387702,1.9816655903833253,,1.9816655903833253,,1.0,1.0,1.0,single realization,b
rolling120,1967-04,1977-03,120,1,0.7309341620031466,0.4900958042557808,1.7703677755520388,,1.7703677755520388,,1.0,1.0,1.0,single realization,b
rolling120,1967-05,1977-04,120,1,0.7319694097076941,0.43747558969229106,1.676061852032487,,1.676061852032487,,1.0,1.0,1.0,single realization,b
rolling120,1967-06,1977-05,120,1,0.7326599187916005,0.4807450871843302,1.7755441189396555,,1.7755441189396555,,1.0,1.0,1.0,single realization,b
rolling120,1967-07,1977-06,120,1,0.7349063114259171,0.5157846291247132,1.6089931527235826,,1.6089931527235826,,1.0,1.0,1.0,single realization,b
rolling120,1967-08,1977-07,120,1,0.7366356837459189,0.42662932729726366,1.561644398259706,,1.561644398259706,,1.0,1.0,1.0,single realization,b
rolling120,1967-09,1977-08,120,1,0.7388863331217235,0.4161531236062166,1.5463634392679166,,1.5463634392679166,,1.0,1.0,1.0,single realization,b
rolling120,1967-10,1977-09,120,1,0.7407930067326025,0.37151321659639036,1.4777244247881214,,1.4777244247881214,,1.0,1.0,1.0,single realization,b
rolling120,1967-11,1977-10,120,1,0.7425270370212096,0.3544591523472729,1.2210421592879017,,1.2210421592879017,,1.0,1.0,1.0,single realization,b
rolling120,1967-12,1977-11,120,1,0.7449578240397723,0.40515220312012357,1.2919002561939146,,1.2919002561939146,,1.0,1.0,1.0,single realization,b
rolling120,1968-01,1977-12,120,1,0.7477405734850664,0.3695408781813079,1.200718533545344,,1.200718533545344,,1.0,1.0,1.0,single realization,b
rolling120,1968-02,1978-01,120,1,0.7493072732023338,0.34282367520340085,1.2212478897084993,,1.2212478897084993,,1.0,1.0,1.0,single realization,b
rolling120,1968-03,1978-02,120,1,0.7505270312372392,0.3764463683642101,1.4759643073286024,,1.4759643073286024,,1.0,1.0,1.0,single realization,b
rolling120,1968-04,1978-03,120,1,0.7531428815528955,0.41462397416733343,1.7472206251873197,,1.7472206251873197,,1.0,1.0,1.0,single realization,b
rolling120,1968-05,1978-04,120,1,0.7550630818612778,0.4011821383232579,1.670374956097445,,1.670374956097445,,1.0,1.0,1.0,single realization,b
rolling120,1968-06,1978-05,120,1,0.7561114022685618,0.3949079848760797,1.6166262569375474,,1.6166262569375474,,1.0,1.0,1.0,single realization,b
rolling120,1968-07,1978-06,120,1,0.7580348539687463,0.3634594512508702,1.5798887698642363,,1.5798887698642363,,1.0,1.0,1.0,single realization,b
rolling120,1968-08,1978-07,120,1,0.7594345632473838,0.47346758163607694,1.9876442860548864,,1.9876442860548864,,1.0,1.0,1.0,single realization,b
rolling120,1968-09,1978-08,120,1,0.7618874694299633,0.5106770901828463,2.1467991157436717,,2.1467991157436717,,1.0,1.0,1.0,single realization,b
rolling120,1968-10,1978-09,120,1,0.7652207226331067,0.4340443511134642,1.611072904780551,,1.611072904780551,,1.0,1.0,1.0,single realization,b
rolling120,1968-11,1978-10,120,1,0.7694386932965072,0.26216375029100214,1.0055476638415888,,1.0055476638415888,,1.0,1.0,1.0,single realization,b
rolling120,1968-12,1978-11,120,1,0.7743724000692915,0.23306899780436918,1.0076754632534568,,1.0076754632534568,,1.0,1.0,1.0,single realization,b
rolling120,1969-01,1978-12,120,1,0.7805561135017745,0.2988752707441884,1.197281647299886,,1.197281647299886,,1.0,1.0,1.0,single realization,b
rolling120,1969-02,1979-01,120,1,0.7848069189055387,0.37357891494190465,1.240705844557147,,1.240705844557147,,1.0,1.0,1.0,single realization,b
rolling120,1969-03,1979-02,120,1,0.7896038317873273,0.41089495945988186,1.4923538012679116,,1.4923538012679116,,1.0,1.0,1.0,single realization,b
rolling120,1969-04,1979-03,120,1,0.7958387645080678,0.4568667114360765,1.508471733601362,,1.508471733601362,,1.0,1.0,1.0,single realization,b
rolling120,1969-05,1979-04,120,1,0.800661966203255,0.43886835810330416,1.363880574272272,,1.363880574272272,,1.0,1.0,1.0,single realization,b
rolling120,1969-06,1979-05,120,1,0.806754970467876,0.413499327384679,1.2596294865952635,,1.2596294865952635,,1.0,1.0,1.0,single realization,b
rolling120,1969-07,1979-06,120,1,0.8121477322939665,0.5851125654822831,1.7769504254950275,,1.7769504254950275,,1.0,1.0,1.0,single realization,b
rolling120,1969-08,1979-07,120,1,0.8164739578559934,0.7218800027050143,1.9699657291065313,,1.9699657291065313,,1.0,1.0,1.0,single realization,b
rolling120,1969-09,1979-08,120,1,0.8213540371457557,0.7402135477475997,1.9882126573689716,,1.9882126573689716,,1.0,1.0,1.0,single realization,b
rolling120,1969-10,1979-09,120,1,0.8251553127152311,0.7820927268280591,1.9938348825004297,,1.9938348825004297,,1.0,1.0,1.0,single realization,b
rolling120,1969-11,1979-10,120,1,0.8300538408905103,0.5646861846284212,1.5993583775114022,,1.5993583775114022,,1.0,1.0,1.0,single realization,b
rolling120,1969-12,1979-11,120,1,0.8386105988015584,0.7182105011309405,1.8773829350773004,,1.8773829350773004,,1.0,1.0,1.0,single realization,b
rolling120,1970-01,1979-12,120,1,0.8442740455983437,0.8009566858604371,2.0876953810277383,,2.0876953810277383,,1.0,1.0,1.0,single realization,b
rolling120,1970-02,1980-01,120,1,0.84794059439675,1.0696399535888053,2.80378531887346,,2.80378531887346,,1.0,1.0,1.0,single realization,b
rolling120,1970-03,1980-02,120,1,0.8528992900883334,0.9502677550554111,2.6396552937593154,,2.6396552937593154,,1.0,1.0,1.0,single realization,b
rolling120,1970-04,1980-03,120,1,0.8646906348795886,0.7307621892165943,2.161870455392048,,2.161870455392048,,1.0,1.0,1.0,single realization,b
rolling120,1970-05,1980-04,120,1,0.8787917779891261,1.0343368330630982,2.8938282120561554,,2.8938282120561554,,1.0,1.0,1.0,single realization,b
rolling120,1970-06,1980-05,120,1,0.8840246606891853,1.3046257383638022,3.2502170939492876,,3.2502170939492876,,1.0,1.0,1.0,single realization,b
rolling120,1970-07,1980-06,120,1,0.8845866087884167,1.5188455395347784,3.752436624030235,,3.752436624030235,,1.0,1.0,1.0,single realization,b
rolling120,1970-08,1980-07,120,1,0.8847740925338194,1.5094678569601885,3.9627616189892843,,3.9627616189892843,,1.0,1.0,1.0,single realization,b
rolling120,1970-09,1980-08,120,1,0.8868364137332496,1.4463906871765548,4.1418318227833195,,4.1418318227833195,,1.0,1.0,1.0,single realization,b
rolling120,1970-10,1980-09,120,1,0.890777488398895,1.404807652195898,4.468869491393926,,4.468869491393926,,1.0,1.0,1.0,single realization,b
rolling120,1970-11,1980-10,120,1,0.8999998751131644,1.4978748594302846,4.5473538371360265,,4.5473538371360265,,1.0,1.0,1.0,single realization,b
rolling120,1970-12,1980-11,120,1,0.9094563745911315,1.6281408875010674,4.787976146595482,,4.787976146595482,,1.0,1.0,1.0,single realization,b
rolling120,1971-01,1980-12,120,1,0.9263794593689254,1.3976586751552218,4.311691602917425,,4.311691602917425,,1.0,1.0,1.0,single realization,b
rolling120,1971-02,1981-01,120,1,0.9390454331005802,1.187313750037053,3.4156141330776144,,3.4156141330776144,,1.0,1.0,1.0,single realization,b
rolling120,1971-03,1981-02,120,1,0.9533471735620018,1.1860238067993647,3.1367842614816928,,3.1367842614816928,,1.0,1.0,1.0,single realization,b
rolling120,1971-04,1981-03,120,1,0.9710694659642094,1.1956538676222705,3.21448218738575,,3.21448218738575,,1.0,1.0,1.0,single realization,b
rolling120,1971-05,1981-04,120,1,0.9867939930161773,1.0999137637551484,3.0331452150923734,,3.0331452150923734,,1.0,1.0,1.0,single realization,b
rolling120,1971-06,1981-05,120,1,1.0038310139952773,1.2085074350272214,3.469035852152609,,3.469035852152609,,1.0,1.0,1.0,single realization,b
rolling120,1971-07,1981-06,120,1,1.0233961668668061,1.1805377058440891,3.328520449500898,,3.328520449500898,,1.0,1.0,1.0,single realization,b
rolling120,1971-08,1981-07,120,1,1.0403249794182816,1.266476946049393,3.6981052466671107,,3.6981052466671107,,1.0,1.0,1.0,single realization,b
rolling120,1971-09,1981-08,120,1,1.0567742999450935,1.049089937987874,3.221746466087077,,3.221746466087077,,1.0,1.0,1.0,single realization,b
rolling120,1971-10,1981-09,120,1,1.0746022728548499,0.9366587143780476,2.947095959221548,,2.947095959221548,,1.0,1.0,1.0,single realization,b
rolling120,1971-11,1981-10,120,1,1.0919646909996947,1.142132249681524,3.4431347865484936,,3.4431347865484936,,1.0,1.0,1.0,single realization,b
rolling120,1971-12,1981-11,120,1,1.1065544616851564,1.2399014725675985,3.5747707990816533,,3.5747707990816533,,1.0,1.0,1.0,single realization,b
rolling120,1972-01,1981-12,120,1,1.117048406398144,0.9967731865829965,3.0279964921987794,,3.0279964921987794,,1.0,1.0,1.0,single realization,b
rolling120,1972-02,1982-01,120,1,1.1278141326646023,0.8959240931773353,2.7884876434749843,,2.7884876434749843,,1.0,1.0,1.0,single realization,b
rolling120,1972-03,1982-02,120,1,1.1420349353467496,0.7477360773607213,2.5368760307759346,,2.5368760307759346,,1.0,1.0,1.0,single realization,b
rolling120,1972-04,1982-03,120,1,1.1572024311490456,0.7177669682930836,2.6270411477941495,,2.6270411477941495,,1.0,1.0,1.0,single realization,b
rolling120,1972-05,1982-04,120,1,1.1752705340722205,0.7824949143045254,2.903080278411613,,2.903080278411613,,1.0,1.0,1.0,single realization,b
rolling120,1972-06,1982-05,120,1,1.1917531423064665,0.7042398959188756,2.7288356231253803,,2.7288356231253803,,1.0,1.0,1.0,single realization,b
rolling120,1972-07,1982-06,120,1,1.2063954257379685,0.7045881975530299,2.851624339880058,,2.851624339880058,,1.0,1.0,1.0,single realization,b
rolling120,1972-08,1982-07,120,1,1.222672293598063,0.6761526995333533,3.0234607292173807,,3.0234607292173807,,1.0,1.0,1.0,single realization,b
rolling120,1972-09,1982-08,120,1,1.2330886459561352,0.8125950253064913,3.371645605409788,,3.371645605409788,,1.0,1.0,1.0,single realization,b
rolling120,1972-10,1982-09,120,1,1.236872033137843,0.8604679987571267,3.5342202275874035,,3.5342202275874035,,1.0,1.0,1.0,single realization,b
rolling120,1972-11,1982-10,120,1,1.241105157503343,1.0627007964817174,3.9955030798790387,,3.9955030798790387,,1.0,1.0,1.0,single realization,b
rolling120,1972-12,1982-11,120,1,1.2469105509570726,1.0693819270028553,4.312919255076347,,4.312919255076347,,1.0,1.0,1.0,single realization,b
rolling120,1973-01,1982-12,120,1,1.253626433843265,1.0742997571096038,4.542764973801229,,4.542764973801229,,1.0,1.0,1.0,single realization,b
rolling120,1973-02,1983-01,120,1,1.2592358186347905,1.2260777881176241,5.070647352258491,,5.070647352258491,,1.0,1.0,1.0,single realization,b
rolling120,1973-03,1983-02,120,1,1.263735392063659,1.4040335723722936,5.0443086097487395,,5.0443086097487395,,1.0,1.0,1.0,single realization,b
rolling120,1973-04,1983-03,120,1,1.267566120877623,1.5077978290257166,5.239441441957322,,5.239441441957322,,1.0,1.0,1.0,single realization,b
rolling120,1973-05,1983-04,120,1,1.2718522088498352,1.8391211820169895,5.856825560207278,,5.856825560207278,,1.0,1.0,1.0,single realization,b
rolling120,1973-06,1983-05,120,1,1.2759207930463625,1.9456537176555178,6.361251177682061,,6.361251177682061,,1.0,1.0,1.0,single realization,b
rolling120,1973-07,1983-06,120,1,1.2795437890356909,2.0885599016533596,6.32762260015471,,6.32762260015471,,1.0,1.0,1.0,single realization,b
rolling120,1973-08,1983-07,120,1,1.2818088365208218,1.8255296299379897,5.652627908058047,,5.652627908058047,,1.0,1.0,1.0,single realization,b
rolling120,1973-09,1983-08,120,1,1.283168404844469,1.9241081822624166,5.489684385897989,,5.489684385897989,,1.0,1.0,1.0,single realization,b
rolling120,1973-10,1983-09,120,1,1.2849826030207456,1.8203691896456302,4.796574411054906,,4.796574411054906,,1.0,1.0,1.0,single realization,b
rolling120,1973-11,1983-10,120,1,1.2874798517672161,1.7500153599299662,4.549203299909386,,4.549203299909386,,1.0,1.0,1.0,single realization,b
rolling120,1973-12,1983-11,120,1,1.2906644895878947,2.2227623613123226,5.324660607109939,,5.324660607109939,,1.0,1.0,1.0,single realization,b
rolling120,1974-01,1983-12,120,1,1.2927129773071204,2.150494549792229,4.815505685023076,,4.815505685023076,,1.0,1.0,1.0,single realization,b
rolling120,1974-02,1984-01,120,1,1.2956748444148407,2.0993817189356423,4.640234127660696,,4.640234127660696,,1.0,1.0,1.0,single realization,b
rolling120,1974-03,1984-02,120,1,1.2986420121397755,1.9699828417367722,4.362010340670599,,4.362010340670599,,1.0,1.0,1.0,single realization,b
rolling120,1974-04,1984-03,120,1,1.302527942351229,2.0805899375411694,4.50386304610326,,4.50386304610326,,1.0,1.0,1.0,single realization,b
rolling120,1974-05,1984-04,120,1,1.3038991748727282,2.2364425550998135,4.5935532532896515,,4.5935532532896515,,1.0,1.0,1.0,single realization,b
rolling120,1974-06,1984-05,120,1,1.304585199440928,2.194323313102158,4.755441310689602,,4.755441310689602,,1.0,1.0,1.0,single realization,b
rolling120,1974-07,1984-06,120,1,1.3080214596786637,2.3511640649729677,4.913302306522431,,4.913302306522431,,1.0,1.0,1.0,single realization,b
rolling120,1974-08,1984-07,120,1,1.3107718328183005,2.548674382273835,5.385549214762212,,5.385549214762212,,1.0,1.0,1.0,single realization,b
rolling120,1974-09,1984-08,120,1,1.316054909573253,3.3225273968931353,6.487657031930011,,6.487657031930011,,1.0,1.0,1.0,single realization,b
rolling120,1974-10,1984-09,120,1,1.3172036323733591,3.8585946004619993,7.258445255805162,,7.258445255805162,,1.0,1.0,1.0,single realization,b
rolling120,1974-11,1984-10,120,1,1.3285003170799845,3.172842009794836,6.540959836790702,,6.540959836790702,,1.0,1.0,1.0,single realization,b
rolling120,1974-12,1984-11,120,1,1.3329007055845121,3.3010566116997913,6.503910699721278,,6.503910699721278,,1.0,1.0,1.0,single realization,b
rolling120,1975-01,1984-12,120,1,1.3315106952336175,3.5318967876515996,7.204233909850849,,7.204233909850849,,1.0,1.0,1.0,single realization,b
rolling120,1975-02,1985-01,120,1,1.3331333413726747,3.3085744339143712,6.754621471753051,,6.754621471753051,,1.0,1.0,1.0,single realization,b
rolling120,1975-03,1985-02,120,1,1.3366180571070756,3.1382477344323334,6.337995361485562,,6.337995361485562,,1.0,1.0,1.0,single realization,b
rolling120,1975-04,1985-03,120,1,1.3415049188936758,3.0065561406714147,5.748131716578306,,5.748131716578306,,1.0,1.0,1.0,single realization,b
rolling120,1975-05,1985-04,120,1,1.348032411698238,2.8189761187978255,5.072690789277585,,5.072690789277585,,1.0,1.0,1.0,single realization,b
rolling120,1975-06,1985-05,120,1,1.3531754536195209,2.8222296955745354,4.748467354760327,,4.748467354760327,,1.0,1.0,1.0,single realization,b
rolling120,1975-07,1985-06,120,1,1.3564564471809866,2.69661310413563,4.738234807034959,,4.738234807034959,,1.0,1.0,1.0,single realization,b
rolling120,1975-08,1985-07,120,1,1.3597397264664695,2.933656253761711,5.007135397970849,,5.007135397970849,,1.0,1.0,1.0,single realization,b
rolling120,1975-09,1985-08,120,1,1.3613836534255928,3.010202207081531,5.561201507200862,,5.561201507200862,,1.0,1.0,1.0,single realization,b
rolling120,1975-10,1985-09,120,1,1.3630279074367313,3.0027041661832774,5.517915023817678,,5.517915023817678,,1.0,1.0,1.0,single realization,b
rolling120,1975-11,1985-10,120,1,1.3651427892154633,2.956205052805817,5.930545522939207,,5.930545522939207,,1.0,1.0,1.0,single realization,b
rolling120,1975-12,1985-11,120,1,1.369853759814439,3.1101385115846965,6.0856258274705635,,6.0856258274705635,,1.0,1.0,1.0,single realization,b
rolling120,1976-01,1985-12,120,1,1.3738632655784562,3.344991693122453,6.367091112369783,,6.367091112369783,,1.0,1.0,1.0,single realization,b
rolling120,1976-02,1986-01,120,1,1.3759897480498613,2.904782536502607,5.474782455418479,,5.474782455418479,,1.0,1.0,1.0,single realization,b
rolling120,1976-03,1986-02,120,1,1.3804888316867907,3.1771280248905684,5.7861325183256245,,5.7861325183256245,,1.0,1.0,1.0,single realization,b
rolling120,1976-04,1986-03,120,1,1.3852308413116647,3.2905838970619508,6.215034361774027,,6.215034361774027,,1.0,1.0,1.0,single realization,b
rolling120,1976-05,1986-04,120,1,1.3876060960829375,3.3040285650907535,6.451057859736015,,6.451057859736015,,1.0,1.0,1.0,single realization,b
rolling120,1976-06,1986-05,120,1,1.3904606615061708,3.5682767088426672,7.229873336621029,,7.229873336621029,,1.0,1.0,1.0,single realization,b
rolling120,1976-07,1986-06,120,1,1.3926028646281021,3.441052235469786,7.037380667134606,,7.037380667134606,,1.0,1.0,1.0,single realization,b
rolling120,1976-08,1986-07,120,1,1.3937935697463608,3.2033860259063704,6.532553179434959,,6.532553179434959,,1.0,1.0,1.0,single realization,b
rolling120,1976-09,1986-08,120,1,1.3947470824210262,3.4845940244347062,6.8842863412579405,,6.8842863412579405,,1.0,1.0,1.0,single realization,b
rolling120,1976-10,1986-09,120,1,1.394985508056473,3.0190712886299718,5.746767776094471,,5.746767776094471,,1.0,1.0,1.0,single realization,b
rolling120,1976-11,1986-10,120,1,1.3961781111378682,3.310688768598939,6.258244547056269,,6.258244547056269,,1.0,1.0,1.0,single realization,b
rolling120,1976-12,1986-11,120,1,1.395939447979388,3.3449141657295396,6.1563907601784,,6.1563907601784,,1.0,1.0,1.0,single realization,b
rolling120,1977-01,1986-12,120,1,1.3980872024646285,2.9835549677876756,5.589530526733082,,5.589530526733082,,1.0,1.0,1.0,single realization,b
rolling120,1977-02,1987-01,120,1,1.3995208934983858,3.6675371038533653,6.663015996446344,,6.663015996446344,,1.0,1.0,1.0,single realization,b
rolling120,1977-03,1987-02,120,1,1.4014338149879713,3.9710859044291347,7.578922525618157,,7.578922525618157,,1.0,1.0,1.0,single realization,b
rolling120,1977-04,1987-03,120,1,1.4035869236087013,4.125193081310862,8.373045844158456,,8.373045844158456,,1.0,1.0,1.0,single realization,b
rolling120,1977-05,1987-04,120,1,1.4050236163305239,4.014052915019629,8.305365111275433,,8.305365111275433,,1.0,1.0,1.0,single realization,b
rolling120,1977-06,1987-05,120,1,1.405263232113759,4.094663068051797,8.21825264245784,,8.21825264245784,,1.0,1.0,1.0,single realization,b
rolling120,1977-07,1987-06,120,1,1.4071797765218181,4.059283463412551,7.79267865317154,,7.79267865317154,,1.0,1.0,1.0,single realization,b
rolling120,1977-08,1987-07,120,1,1.4081386212844245,4.344710475376573,8.835100570869308,,8.835100570869308,,1.0,1.0,1.0,single realization,b
rolling120,1977-09,1987-08,120,1,1.4088578980530282,4.632310927588262,8.726000528166457,,8.726000528166457,,1.0,1.0,1.0,single realization,b
rolling120,1977-10,1987-09,120,1,1.4093376068846633,4.503537045557736,8.410027980980573,,8.410027980980573,,1.0,1.0,1.0,single realization,b
rolling120,1977-11,1987-10,120,1,1.4119749552452694,3.4331821300377117,6.2893701876932795,,6.2893701876932795,,1.0,1.0,1.0,single realization,b
rolling120,1977-12,1987-11,120,1,1.4083749926255003,2.9279266355999187,5.2663789562113354,,5.2663789562113354,,1.0,1.0,1.0,single realization,b
rolling120,1978-01,1987-12,120,1,1.4059783611272167,3.1793669571523164,5.252328509920991,,5.252328509920991,,1.0,1.0,1.0,single realization,b
rolling120,1978-02,1988-01,120,1,1.4011898680211816,3.6221171237423784,5.574353455373271,,5.574353455373271,,1.0,1.0,1.0,single realization,b
rolling120,1978-03,1988-02,120,1,1.401189868021182,3.9095123138327503,5.727673142877938,,5.727673142877938,,1.0,1.0,1.0,single realization,b
rolling120,1978-04,1988-03,120,1,1.3990401904311902,3.662564509306433,5.26081164101526,,5.26081164101526,,1.0,1.0,1.0,single realization,b
rolling120,1978-05,1988-04,120,1,1.3971312664682456,3.345160892678063,4.697715873136271,,4.697715873136271,,1.0,1.0,1.0,single realization,b
rolling120,1978-06,1988-05,120,1,1.3971312664682451,3.258911976943865,4.270616720742583,,4.270616720742583,,1.0,1.0,1.0,single realization,b
rolling120,1978-07,1988-06,120,1,1.3959391383269741,3.5355150613341486,4.320343405043846,,4.320343405043846,,1.0,1.0,1.0,single realization,b
rolling120,1978-08,1988-07,120,1,1.3947478400282827,3.2599850964045,3.6837340300007053,,3.6837340300007053,,1.0,1.0,1.0,single realization,b
rolling120,1978-09,1988-08,120,1,1.3954622636082434,2.97173998637368,2.9922567486662044,,2.9922567486662044,,1.0,1.0,1.0,single realization,b
rolling120,1978-10,1988-09,120,1,1.395462263608243,3.1619574186712684,3.3339879949221114,,3.3339879949221114,,1.0,1.0,1.0,single realization,b
rolling120,1978-11,1988-10,120,1,1.3937967654114556,3.7709214518830256,4.6547213568571095,,4.6547213568571095,,1.0,1.0,1.0,single realization,b
rolling120,1978-12,1988-11,120,1,1.3907064617421065,3.535166605938512,4.39909024975264,,4.39909024975264,,1.0,1.0,1.0,single realization,b
rolling120,1979-01,1988-12,120,1,1.3871481568278243,3.5556897406038512,4.264054348763302,,4.264054348763302,,1.0,1.0,1.0,single realization,b
rolling120,1979-02,1989-01,120,1,1.3819365601770137,3.626418136424257,4.301169430474869,,4.301169430474869,,1.0,1.0,1.0,single realization,b
rolling120,1979-03,1989-02,120,1,1.379098950852868,3.6840281595288538,4.339871179885951,,4.339871179885951,,1.0,1.0,1.0,single realization,b
rolling120,1979-04,1989-03,120,1,1.3757949745298905,3.4975116362718834,4.3148444756884325,,4.3148444756884325,,1.0,1.0,1.0,single realization,b
rolling120,1979-05,1989-04,120,1,1.3727309532333742,3.6890566071803166,4.628168301886945,,4.628168301886945,,1.0,1.0,1.0,single realization,b
rolling120,1979-06,1989-05,120,1,1.372024923392103,3.948186180381822,5.108655727990183,,5.108655727990183,,1.0,1.0,1.0,single realization,b
rolling120,1979-07,1989-06,120,1,1.369671957492498,3.699003751613432,4.7834517616480765,,4.7834517616480765,,1.0,1.0,1.0,single realization,b
rolling120,1979-08,1989-07,120,1,1.368025862057106,3.9894539835044975,5.157167702048183,,5.157167702048183,,1.0,1.0,1.0,single realization,b
rolling120,1979-09,1989-08,120,1,1.36732088264,3.7951511005046994,4.756776995853373,,4.756776995853373,,1.0,1.0,1.0,single realization,b
rolling120,1979-10,1989-09,120,1,1.3630947816891394,3.789876434294146,4.859135032539203,,4.859135032539203,,1.0,1.0,1.0,single realization,b
rolling120,1979-11,1989-10,120,1,1.3586436266527473,4.009827642767715,5.198758466232746,,5.198758466232746,,1.0,1.0,1.0,single realization,b
rolling120,1979-12,1989-11,120,1,1.3516370607749786,3.798510178879198,4.639940144572614,,4.639940144572614,,1.0,1.0,1.0,single realization,b
rolling120,1980-01,1989-12,120,1,1.3437167378362616,3.754602853189076,4.006357213287248,,4.006357213287248,,1.0,1.0,1.0,single realization,b
rolling120,1980-02,1990-01,120,1,1.338368971470167,3.149430919006119,3.0335914735486122,,3.0335914735486122,,1.0,1.0,0.0,single realization,b
rolling120,1980-03,1990-02,120,1,1.330952200027304,3.2339517374446354,3.2240775363208707,,3.2240775363208707,,1.0,1.0,0.0,single realization,b
rolling120,1980-04,1990-03,120,1,1.3178246162508436,3.912841518921436,4.239056424857297,,4.239056424857297,,1.0,1.0,1.0,single realization,b
rolling120,1980-05,1990-04,120,1,1.3047774107278034,3.544880382441055,3.7562778447025043,,3.7562778447025043,,1.0,1.0,1.0,single realization,b
rolling120,1980-06,1990-05,120,1,1.301805274398128,3.675138102461995,3.9409347051306103,,3.9409347051306103,,1.0,1.0,1.0,single realization,b
rolling120,1980-07,1990-06,120,1,1.3022628442767474,3.4923568560581817,3.5666897876950916,,3.5666897876950916,,1.0,1.0,1.0,single realization,b
rolling120,1980-08,1990-07,120,1,1.3056980320479754,3.1456932944826894,2.8738161070256525,,2.8738161070256525,,1.0,1.0,0.0,single realization,b
rolling120,1980-09,1990-08,120,1,1.3061562391290664,2.6658957992231933,2.379628255470787,,2.379628255470787,,1.0,1.0,0.0,single realization,b
rolling120,1980-10,1990-09,120,1,1.302722755894631,2.3649746849485096,2.003628701016411,,2.003628701016411,,1.0,1.0,0.0,single realization,b
rolling120,1980-11,1990-10,120,1,1.2965639134568745,2.2584067054173413,1.9322499094315893,,1.9322499094315893,,1.0,1.0,0.0,single realization,b
rolling120,1980-12,1990-11,120,1,1.287692479956001,2.151129205347524,1.8637334223407929,,1.8637334223407929,,1.0,1.0,0.0,single realization,b
rolling120,1981-01,1990-12,120,1,1.2716598902731588,2.3531788941984093,2.1534826014886033,,2.1534826014886033,,1.0,1.0,0.0,single realization,b
rolling120,1981-02,1991-01,120,1,1.259968845707224,2.6756402527465575,2.546031734191565,,2.546031734191565,,1.0,1.0,0.0,single realization,b
rolling120,1981-03,1991-02,120,1,1.2467761909237352,2.892173347887706,2.845980767783864,,2.845980767783864,,1.0,1.0,0.0,single realization,b
rolling120,1981-04,1991-03,120,1,1.229682843754372,2.826116248734002,2.655020334839187,,2.655020334839187,,1.0,1.0,0.0,single realization,b
rolling120,1981-05,1991-04,120,1,1.217550616171617,2.877559178483461,2.6727406651756698,,2.6727406651756698,,1.0,1.0,0.0,single realization,b
rolling120,1981-06,1991-05,120,1,1.2026427128696229,2.9866729586836773,2.62503285706612,,2.62503285706612,,1.0,1.0,0.0,single realization,b
rolling120,1981-07,1991-06,120,1,1.182430993846744,2.844536249824434,2.622102171298593,,2.622102171298593,,1.0,1.0,0.0,single realization,b
rolling120,1981-08,1991-07,120,1,1.1662632415217238,3.0389034150277148,2.940347789192584,,2.940347789192584,,1.0,1.0,0.0,single realization,b
rolling120,1981-09,1991-08,120,1,1.1487243803640639,3.4039729789576567,3.3725979217260127,,3.3725979217260127,,1.0,1.0,0.0,single realization,b
rolling120,1981-10,1991-09,120,1,1.1321696093577036,3.6296736675124253,3.699171494394002,,3.699171494394002,,1.0,1.0,1.0,single realization,b
rolling120,1981-11,1991-10,120,1,1.1155268468698805,3.436861478589358,3.4669380628327877,,3.4669380628327877,,1.0,1.0,1.0,single realization,b
rolling120,1981-12,1991-11,120,1,1.1012935604755842,3.085208247587924,3.2062510160719517,,3.2062510160719517,,1.0,1.0,1.0,single realization,b
rolling120,1982-01,1991-12,120,1,1.0910860275655714,3.6729505695105376,3.868303834752332,,3.868303834752332,,1.0,1.0,1.0,single realization,b
rolling120,1982-02,1992-01,120,1,1.0815433730746968,3.777357992299641,3.977273915829766,,3.977273915829766,,1.0,1.0,1.0,single realization,b
rolling120,1982-03,1992-02,120,1,1.0683429394761252,4.093972292231132,4.136574492276752,,4.136574492276752,,1.0,1.0,1.0,single realization,b
rolling120,1982-04,1992-03,120,1,1.0552340121512622,4.018456567447149,4.01346954055327,,4.01346954055327,,1.0,1.0,0.0,single realization,b
rolling120,1982-05,1992-04,120,1,1.0387726302681166,3.8761299272282805,3.7727845382585192,,3.7727845382585192,,1.0,1.0,0.0,single realization,b
rolling120,1982-06,1992-05,120,1,1.0230370014178383,4.049327170602495,3.7990803352084814,,3.7990803352084814,,1.0,1.0,0.0,single realization,b
rolling120,1982-07,1992-06,120,1,1.010212678112496,4.055001731174277,3.5840396802323022,,3.5840396802323022,,1.0,1.0,0.0,single realization,b
rolling120,1982-08,1992-07,120,1,0.9954916748289406,4.377364641777523,3.613955280356757,,3.613955280356757,,1.0,1.0,0.0,single realization,b
rolling120,1982-09,1992-08,120,1,0.9855894731872727,3.6998522291024525,2.9873960532131316,,2.9873960532131316,,1.0,1.0,0.0,single realization,b
rolling120,1982-10,1992-09,120,1,0.9806506873122671,3.6827736067810255,2.904280367767318,,2.904280367767318,,1.0,1.0,0.0,single realization,b
rolling120,1982-11,1992-10,120,1,0.9735621671071537,3.2374727650958866,2.5198762590144796,,2.5198762590144796,,1.0,1.0,0.0,single realization,b
rolling120,1982-12,1992-11,120,1,0.9657173408441821,3.199648964894668,2.33923408224936,,2.33923408224936,,1.0,1.0,0.0,single realization,b
rolling120,1983-01,1992-12,120,1,0.9581020655592984,3.2237109662740906,2.278386213615331,,2.278386213615331,,1.0,1.0,0.0,single realization,b
rolling120,1983-02,1993-01,120,1,0.949156520319878,3.097339867168076,2.204784276190234,,2.204784276190234,,1.0,1.0,0.0,single realization,b
rolling120,1983-03,1993-02,120,1,0.9414079354647003,2.9834035681779345,2.2553343718723693,,2.2553343718723693,,1.0,1.0,0.0,single realization,b
rolling120,1983-04,1993-03,120,1,0.9340767716420173,2.949900463921217,2.299745824301953,,2.299745824301953,,1.0,1.0,0.0,single realization,b
rolling120,1983-05,1993-04,120,1,0.9250506959526938,2.575401192963613,2.030269556335703,,2.030269556335703,,1.0,1.0,0.0,single realization,b
rolling120,1983-06,1993-05,120,1,0.916064959264862,2.642881590973106,1.9516518959640425,,1.9516518959640425,,1.0,1.0,0.0,single realization,b
rolling120,1983-07,1993-06,120,1,0.9080710456571213,2.530863157628166,2.0529185653421838,,2.0529185653421838,,1.0,1.0,0.0,single realization,b
rolling120,1983-08,1993-07,120,1,0.8986007704652554,2.6484612065272426,2.27564649518429,,2.27564649518429,,1.0,1.0,0.0,single realization,b
rolling120,1983-09,1993-08,120,1,0.8889909412380097,2.783468099368017,2.450145205841869,,2.450145205841869,,1.0,1.0,0.0,single realization,b
rolling120,1983-10,1993-09,120,1,0.8796172267618387,2.726165376383885,2.4459053092264624,,2.4459053092264624,,1.0,1.0,0.0,single realization,b
rolling120,1983-11,1993-10,120,1,0.8695438513901494,2.8911686926503433,2.5174539205696433,,2.5174539205696433,,1.0,1.0,0.0,single realization,b
rolling120,1983-12,1993-11,120,1,0.8611893853213752,2.7213296003007756,2.3549504512869928,,2.3549504512869928,,1.0,1.0,0.0,single realization,b
rolling120,1984-01,1993-12,120,1,0.8519508794873571,2.8311343944891174,2.468046925223296,,2.468046925223296,,1.0,1.0,0.0,single realization,b
rolling120,1984-02,1994-01,120,1,0.8425771701926119,2.9970313512719318,2.699174821218023,,2.699174821218023,,1.0,1.0,0.0,single realization,b
rolling120,1984-03,1994-02,120,1,0.8334292346837617,3.0686896160643817,2.8021758882882124,,2.8021758882882124,,1.0,1.0,0.0,single realization,b
rolling120,1984-04,1994-03,120,1,0.8250565805791801,2.8319045624563732,2.569760531840772,,2.569760531840772,,1.0,1.0,0.0,single realization,b
rolling120,1984-05,1994-04,120,1,0.8152804616077214,2.8567374434693003,2.5022865604513314,,2.5022865604513314,,1.0,1.0,0.0,single realization,b
rolling120,1984-06,1994-05,120,1,0.8069947996476152,3.104903038460469,2.7853695757302757,,2.7853695757302757,,1.0,1.0,0.0,single realization,b
rolling120,1984-07,1994-06,120,1,0.7991032094556054,2.8931739328300483,2.597398865278947,,2.597398865278947,,1.0,1.0,0.0,single realization,b
rolling120,1984-08,1994-07,120,1,0.7894670684805405,3.091602777520672,2.712070840699575,,2.712070840699575,,1.0,1.0,0.0,single realization,b
rolling120,1984-09,1994-08,120,1,0.7813032794147761,2.844486174125862,2.609726418814466,,2.609726418814466,,1.0,1.0,0.0,single realization,b
rolling120,1984-10,1994-09,120,1,0.7726493174188089,2.768795211073414,2.7090033251291934,,2.7090033251291934,,1.0,1.0,0.0,single realization,b
rolling120,1984-11,1994-10,120,1,0.7617677077475251,2.8278707749850067,2.5125131352478296,,2.5125131352478296,,1.0,1.0,0.0,single realization,b
rolling120,1984-12,1994-11,120,1,0.7554713077198365,2.7265265810636166,2.5762697245666373,,2.5762697245666373,,1.0,1.0,0.0,single realization,b
rolling120,1985-01,1994-12,120,1,0.751982692243446,2.683617707472135,2.473805641844207,,2.473805641844207,,1.0,1.0,0.0,single realization,b
rolling120,1985-02,1995-01,120,1,0.7479791550430883,2.4665752352955397,2.2663697822122426,,2.2663697822122426,,1.0,1.0,0.0,single realization,b
rolling120,1985-03,1995-02,120,1,0.7448509362331086,2.5425129835736255,2.3580993365356644,,2.3580993365356644,,1.0,1.0,0.0,single realization,b
rolling120,1985-04,1995-03,120,1,0.7420763770023666,2.644042065976878,2.4872337944006455,,2.4872337944006455,,1.0,1.0,0.0,single realization,b
rolling120,1985-05,1995-04,120,1,0.7372334323482699,2.7459554316953554,2.6983271070052637,,2.6983271070052637,,1.0,1.0,0.0,single realization,b
rolling120,1985-06,1995-05,120,1,0.7351624209049779,2.6648219980570103,2.6275135858751617,,2.6275135858751617,,1.0,1.0,0.0,single realization,b
rolling120,1985-07,1995-06,120,1,0.7337818839216619,2.7141326063592914,2.655708518189012,,2.655708518189012,,1.0,1.0,0.0,single realization,b
rolling120,1985-08,1995-07,120,1,0.7308526161789999,2.8725130358196584,3.022099086180143,,3.022099086180143,,1.0,1.0,1.0,single realization,b
rolling120,1985-09,1995-08,120,1,0.7294755081800508,2.930091087788848,2.8990319940302576,,2.8990319940302576,,1.0,1.0,0.0,single realization,b
rolling120,1985-10,1995-09,120,1,0.7265529352537032,3.245021896155735,3.0829746643837854,,3.0829746643837854,,1.0,1.0,0.0,single realization,b
rolling120,1985-11,1995-10,120,1,0.7234652101832046,3.014212774424955,2.810468349678382,,2.810468349678382,,1.0,1.0,0.0,single realization,b
rolling120,1985-12,1995-11,120,1,0.7202104801371374,2.9133606929529905,2.722954371814926,,2.722954371814926,,1.0,1.0,0.0,single realization,b
rolling120,1986-01,1995-12,120,1,0.717475918022662,2.80104765287972,2.667695300043281,,2.667695300043281,,1.0,1.0,0.0,single realization,b
rolling120,1986-02,1996-01,120,1,0.7152556329257751,2.856630604428597,2.7652804059094493,,2.7652804059094493,,1.0,1.0,0.0,single realization,b
rolling120,1986-03,1996-02,120,1,0.7128669351379546,2.6435076166293014,2.458165129781014,,2.458165129781014,,1.0,1.0,0.0,single realization,b
rolling120,1986-04,1996-03,120,1,0.70929136797713,2.4922559498599304,2.242355744436206,,2.242355744436206,,1.0,1.0,0.0,single realization,b
rolling120,1986-05,1996-04,120,1,0.7082710985573268,2.6076791614232153,2.1736945409004766,,2.1736945409004766,,1.0,1.0,0.0,single realization,b
rolling120,1986-06,1996-05,120,1,0.7070811395872898,2.5277068234333364,2.11104198777507,,2.11104198777507,,1.0,1.0,0.0,single realization,b
rolling120,1986-07,1996-06,120,1,0.7050432393012722,2.4474843115005656,1.9449689361423386,,1.9449689361423386,,1.0,1.0,0.0,single realization,b
rolling120,1986-08,1996-07,120,1,0.7038558832850459,2.4621404250577994,2.016254017206548,,2.016254017206548,,1.0,1.0,0.0,single realization,b
rolling120,1986-09,1996-08,120,1,0.7030078562676834,2.353268084647178,2.102812270886198,,2.102812270886198,,1.0,1.0,0.0,single realization,b
rolling120,1986-10,1996-09,120,1,0.70283831840245,2.849359019443119,2.7637847573709706,,2.7637847573709706,,1.0,1.0,0.0,single realization,b
rolling120,1986-11,1996-10,120,1,0.7021603019507663,2.7098151767782466,2.5569358765610652,,2.5569358765610652,,1.0,1.0,0.0,single realization,b
rolling120,1986-12,1996-11,120,1,0.7024994114839773,2.896109558440015,2.7159508448807186,,2.7159508448807186,,1.0,1.0,0.0,single realization,b
rolling120,1987-01,1996-12,120,1,0.7019911521313602,2.9574182864500242,2.7366873478926483,,2.7366873478926483,,1.0,1.0,0.0,single realization,b
rolling120,1987-02,1997-01,120,1,0.7024996139374147,2.695857726363935,2.603561879718146,,2.603561879718146,,1.0,1.0,0.0,single realization,b
rolling120,1987-03,1997-02,120,1,0.7018215298534007,2.5230717053813647,2.266802778510158,,2.266802778510158,,1.0,1.0,0.0,single realization,b
rolling120,1987-04,1997-03,120,1,0.7011439856989854,2.2922259687603908,1.7946394344948229,,1.7946394344948229,,1.0,1.0,0.0,single realization,b
rolling120,1987-05,1997-04,120,1,0.7009746165247821,2.497090462190117,1.8841191539169446,,1.8841191539169446,,1.0,1.0,0.0,single realization,b
rolling120,1987-06,1997-05,120,1,0.7028386054450622,2.7312970380736825,2.068775615185981,,2.068775615185981,,1.0,1.0,0.0,single realization,b
rolling120,1987-07,1997-06,120,1,0.7009744310163302,2.7341565434194597,2.241717411265084,,2.241717411265084,,1.0,1.0,0.0,single realization,b
rolling120,1987-08,1997-07,120,1,0.7004664752833969,2.8573156854075985,2.1838637268258725,,2.1838637268258725,,1.0,1.0,0.0,single realization,b
rolling120,1987-09,1997-08,120,1,0.6994509682811378,2.5724403660121733,2.1002045230193627,,2.1002045230193627,,1.0,1.0,0.0,single realization,b
rolling120,1987-10,1997-09,120,1,0.699281784511274,2.8611703475709396,2.205297253881986,,2.205297253881986,,1.0,1.0,0.0,single realization,b
rolling120,1987-11,1997-10,120,1,0.6962413200857072,3.819355108930428,3.072467354106225,,3.072467354106225,,1.0,1.0,0.0,single realization,b
rolling120,1987-12,1997-11,120,1,0.6969174501584867,4.380979923979133,3.5186183125147377,,3.5186183125147377,,1.0,1.0,0.0,single realization,b
rolling120,1988-01,1997-12,120,1,0.6984387428222412,4.109948382243405,3.5571529339567425,,3.5571529339567425,,1.0,1.0,0.0,single realization,b
rolling120,1988-02,1998-01,120,1,0.7008096813404898,3.9182641941247978,3.4756546140246254,,3.4756546140246254,,1.0,1.0,0.0,single realization,b
rolling120,1988-03,1998-02,120,1,0.6996245660936864,4.020620923053174,3.6265969573776218,,3.6265969573776218,,1.0,1.0,0.0,single realization,b
rolling120,1988-04,1998-03,120,1,0.6987784766043923,4.377045121807305,3.800694601280682,,3.800694601280682,,1.0,1.0,0.0,single realization,b
rolling120,1988-05,1998-04,120,1,0.6982711766412415,4.384496238476148,3.866555322996863,,3.866555322996863,,1.0,1.0,0.0,single realization,b
rolling120,1988-06,1998-05,120,1,0.6964125573055484,4.228182550786945,3.714152685433948,,3.714152685433948,,1.0,1.0,0.0,single realization,b
rolling120,1988-07,1998-06,120,1,0.6950620447711231,4.14524282570084,3.809025042437085,,3.809025042437085,,1.0,1.0,0.0,single realization,b
rolling120,1988-08,1998-07,120,1,0.6932069375686081,4.078892726800004,3.6402345943012318,,3.6402345943012318,,1.0,1.0,0.0,single realization,b
rolling120,1988-09,1998-08,120,1,0.6905136965902705,3.4053964667699868,3.028233416911572,,3.028233416911572,,1.0,1.0,0.0,single realization,b
rolling120,1988-10,1998-09,120,1,0.6878255412389052,3.520692131059553,3.216489115477974,,3.216489115477974,,1.0,1.0,0.0,single realization,b
rolling120,1988-11,1998-10,120,1,0.6829605237758372,3.7663384657825496,3.3740865523188406,,3.3740865523188406,,1.0,1.0,0.0,single realization,b
rolling120,1988-12,1998-11,120,1,0.6786096265283306,4.15811888087434,3.758272402198582,,3.758272402198582,,1.0,1.0,0.0,single realization,b
rolling120,1989-01,1998-12,120,1,0.6744393750463467,4.381396576040966,4.059461558767333,,4.059461558767333,,1.0,1.0,0.0,single realization,b
rolling120,1989-02,1999-01,120,1,0.6711088143799195,4.240577813640344,4.260577962453889,,4.260577962453889,,1.0,1.0,1.0,single realization,b
rolling120,1989-03,1999-02,120,1,0.6667902745554608,4.128180789989385,3.963632976625835,,3.963632976625835,,1.0,1.0,0.0,single realization,b
rolling120,1989-04,1999-03,120,1,0.6628166015059591,4.211945088886903,4.227049426578734,,4.227049426578734,,1.0,1.0,1.0,single realization,b
rolling120,1989-05,1999-04,120,1,0.6578613518739753,4.196560371903898,4.360312714790889,,4.360312714790889,,1.0,1.0,1.0,single realization,b
rolling120,1989-06,1999-05,120,1,0.6504594508089561,3.8874731354084124,3.9128717025629536,,3.9128717025629536,,1.0,1.0,1.0,single realization,b
rolling120,1989-07,1999-06,120,1,0.6453790970233264,4.1722232808502975,3.6596734737722887,,3.6596734737722887,,1.0,1.0,0.0,single realization,b
rolling120,1989-08,1999-07,120,1,0.6401504842025967,3.645316218776281,3.010887382776713,,3.010887382776713,,1.0,1.0,0.0,single realization,b
rolling120,1989-09,1999-08,120,1,0.6344521253632986,3.502096623110771,2.9029123968837967,,2.9029123968837967,,1.0,1.0,0.0,single realization,b
rolling120,1989-10,1999-09,120,1,0.6302299936932101,3.3997864886182114,2.7117696658949884,,2.7117696658949884,,1.0,1.0,0.0,single realization,b
rolling120,1989-11,1999-10,120,1,0.6255342577161436,3.828292953808793,2.723478956777343,,2.723478956777343,,1.0,1.0,0.0,single realization,b
rolling120,1989-12,1999-11,120,1,0.6202067544382974,3.9251151068194083,3.019863542241395,,3.019863542241395,,1.0,1.0,0.0,single realization,b
rolling120,1990-01,1999-12,120,1,0.6174691026317722,4.23042482608486,3.7278135584944634,,3.7278135584944634,,1.0,1.0,0.0,single realization,b
rolling120,1990-02,2000-01,120,1,0.6148958197798176,4.393928458677789,4.204215202789204,,4.204215202789204,,1.0,1.0,0.0,single realization,b
rolling120,1990-03,2000-02,120,1,0.612647779461938,4.457579890976083,4.811797045095307,,4.811797045095307,,1.0,1.0,1.0,single realization,b
rolling120,1990-04,2000-03,120,1,0.609923712266901,4.628545358430297,4.810424368799894,,4.810424368799894,,1.0,1.0,1.0,single realization,b
rolling120,1990-05,2000-04,120,1,0.6062462621346005,4.440021184296086,4.58837304276227,,4.58837304276227,,1.0,1.0,1.0,single realization,b
rolling120,1990-06,2000-05,120,1,0.6033745465288767,3.791865420426146,3.5823364362476964,,3.5823364362476964,,1.0,1.0,0.0,single realization,b
rolling120,1990-07,2000-06,120,1,0.5997098725181285,4.058561566991956,3.7031385520137077,,3.7031385520137077,,1.0,1.0,0.0,single realization,b
rolling120,1990-08,2000-07,120,1,0.5965320618853946,4.018617468771126,3.7115943926322146,,3.7115943926322146,,1.0,1.0,0.0,single realization,b
rolling120,1990-09,2000-08,120,1,0.593994359422632,4.9603704044285335,4.641905995589043,,4.641905995589043,,1.0,1.0,0.0,single realization,b
rolling120,1990-10,2000-09,120,1,0.5925683207312995,4.996956443528637,5.170607602346737,,5.170607602346737,,1.0,1.0,1.0,single realization,b
rolling120,1990-11,2000-10,120,1,0.5906701463323343,4.937448370273695,5.383885215504228,,5.383885215504228,,1.0,1.0,1.0,single realization,b
rolling120,1990-12,2000-11,120,1,0.589721153503658,3.9873011422959275,4.974247632094475,,4.974247632094475,,1.0,1.0,1.0,single realization,b
rolling120,1991-01,2000-12,120,1,0.5881409137884455,3.9205198927678016,5.568543912553252,,5.568543912553252,,1.0,1.0,1.0,single realization,b
rolling120,1991-02,2001-01,120,1,0.588456898848889,3.854108541682063,4.9868793742133946,,4.9868793742133946,,1.0,1.0,1.0,single realization,b
rolling120,1991-03,2001-02,120,1,0.5868760301199389,3.0732674537101756,4.9841561570919115,,4.9841561570919115,,1.0,1.0,1.0,single realization,b
rolling120,1991-04,2001-03,120,1,0.5865600452473538,2.6809537212626293,4.652901580689801,,4.652901580689801,,1.0,1.0,1.0,single realization,b
rolling120,1991-05,2001-04,120,1,0.5843505713954229,2.977265906106414,4.923607097827142,,4.923607097827142,,1.0,1.0,1.0,single realization,b
rolling120,1991-06,2001-05,120,1,0.581985162957986,2.8577149382190314,4.591661845134617,,4.591661845134617,,1.0,1.0,1.0,single realization,b
rolling120,1991-07,2001-06,120,1,0.5797796468972998,2.973268611483657,4.7256501323305375,,4.7256501323305375,,1.0,1.0,1.0,single realization,b
rolling120,1991-08,2001-07,120,1,0.5767927016001513,2.7243939615138975,4.388501718201738,,4.388501718201738,,1.0,1.0,1.0,single realization,b
rolling120,1991-09,2001-08,120,1,0.574438342599155,2.4029756462908147,4.1593592067173875,,4.1593592067173875,,1.0,1.0,1.0,single realization,b
rolling120,1991-10,2001-09,120,1,0.5716173302393313,2.13347732212315,4.199301570183731,,4.199301570183731,,1.0,1.0,1.0,single realization,b
rolling120,1991-11,2001-10,120,1,0.5684872419496692,2.1639771997055113,4.039316733069233,,4.039316733069233,,1.0,1.0,1.0,single realization,b
rolling120,1991-12,2001-11,120,1,0.5650499753570908,2.5425755734305393,4.13960112935169,,4.13960112935169,,1.0,1.0,1.0,single realization,b
rolling120,1992-01,2001-12,120,1,0.5614639871688849,2.2409645810688814,3.7339430960532436,,3.7339430960532436,,1.0,1.0,1.0,single realization,b
rolling120,1992-02,2002-01,120,1,0.5583516411709399,2.206849164426051,3.9700607329236215,,3.9700607329236215,,1.0,1.0,1.0,single realization,b
rolling120,1992-03,2002-02,120,1,0.5560206405110313,2.0951662762016636,4.31662049460189,,4.31662049460189,,1.0,1.0,1.0,single realization,b
rolling120,1992-04,2002-03,120,1,0.5527640695073701,2.306812409122402,4.741336295556958,,4.741336295556958,,1.0,1.0,1.0,single realization,b
rolling120,1992-05,2002-04,120,1,0.5501327906814506,2.0958364078698435,4.746666418535093,,4.746666418535093,,1.0,1.0,1.0,single realization,b
rolling120,1992-06,2002-05,120,1,0.5479686643282855,2.040432694068236,4.808476086564635,,4.808476086564635,,1.0,1.0,1.0,single realization,b
rolling120,1992-07,2002-06,120,1,0.54503690549433,1.8825002273593139,4.771977905588464,,4.771977905588464,,1.0,1.0,1.0,single realization,b
rolling120,1992-08,2002-07,120,1,0.5425724861455208,1.5465916121429775,3.924389604664719,,3.924389604664719,,1.0,1.0,1.0,single realization,b
rolling120,1992-09,2002-08,120,1,0.5407261995074051,1.6183998758282518,4.650615263694508,,4.650615263694508,,1.0,1.0,1.0,single realization,b
rolling120,1992-10,2002-09,120,1,0.5388821226677791,1.3177162035424042,4.310251676833319,,4.310251676833319,,1.0,1.0,1.0,single realization,b
rolling120,1992-11,2002-10,120,1,0.5375003069335667,1.4717727966272478,4.252322431574724,,4.252322431574724,,1.0,1.0,1.0,single realization,b
rolling120,1992-12,2002-11,120,1,0.535812937545532,1.512270367598147,3.933085052596658,,3.933085052596658,,1.0,1.0,1.0,single realization,b
rolling120,1993-01,2002-12,120,1,0.5332093456091269,1.328186908779935,3.341594718371888,,3.341594718371888,,1.0,1.0,1.0,single realization,b
rolling120,1993-02,2003-01,120,1,0.5312207472360928,1.244642835244239,3.116726939750677,,3.116726939750677,,1.0,1.0,1.0,single realization,b
rolling120,1993-03,2003-02,120,1,0.5292345299427312,1.1969939490665409,3.06076048017621,,3.06076048017621,,1.0,1.0,1.0,single realization,b
rolling120,1993-04,2003-03,120,1,0.5269463984764828,1.1674350951159527,2.8004592799033396,,2.8004592799033396,,1.0,1.0,1.0,single realization,b
rolling120,1993-05,2003-04,120,1,0.5248137917747004,1.414753288395465,3.13618889826936,,3.13618889826936,,1.0,1.0,1.0,single realization,b
rolling120,1993-06,2003-05,120,1,0.5228358852397701,1.4857134519473827,3.5055708626859667,,3.5055708626859667,,1.0,1.0,1.0,single realization,b
rolling120,1993-07,2003-06,120,1,0.5205573278054962,1.5096929849994853,3.534897584681164,,3.534897584681164,,1.0,1.0,1.0,single realization,b
rolling120,1993-08,2003-07,120,1,0.5179785693684757,1.5724981147542287,3.4893627704241306,,3.4893627704241306,,1.0,1.0,1.0,single realization,b
rolling120,1993-09,2003-08,120,1,0.5152530218125024,1.5336520818585462,3.733608910691702,,3.733608910691702,,1.0,1.0,1.0,single realization,b
rolling120,1993-10,2003-09,120,1,0.5125326393675969,1.500760652795074,3.6991484241997137,,3.6991484241997137,,1.0,1.0,1.0,single realization,b
rolling120,1993-11,2003-10,120,1,0.5102688208093737,1.6117251406355493,4.33685632971047,,4.33685632971047,,1.0,1.0,1.0,single realization,b
rolling120,1993-12,2003-11,120,1,0.5075571161934567,1.6924289872256293,4.939915159998403,,4.939915159998403,,1.0,1.0,1.0,single realization,b
rolling120,1994-01,2003-12,120,1,0.5053009696562023,1.7582333470429803,4.90604797542054,,4.90604797542054,,1.0,1.0,1.0,single realization,b
rolling120,1994-02,2004-01,120,1,0.5025981848727796,1.7341603252010613,4.4368117430841805,,4.4368117430841805,,1.0,1.0,1.0,single realization,b
rolling120,1994-03,2004-02,120,1,0.5003490108608952,1.840547886492931,4.716737621013873,,4.716737621013873,,1.0,1.0,1.0,single realization,b
rolling120,1994-04,2004-03,120,1,0.4976556547029716,1.9384260028163678,5.073290902989796,,5.073290902989796,,1.0,1.0,1.0,single realization,b
rolling120,1994-05,2004-04,120,1,0.4948177712443744,1.8604172689129719,5.019668367517037,,5.019668367517037,,1.0,1.0,1.0,single realization,b
rolling120,1994-06,2004-05,120,1,0.49094364225191445,1.8700559395911736,4.8168450887983605,,4.8168450887983605,,1.0,1.0,1.0,single realization,b
rolling120,1994-07,2004-06,120,1,0.48752506945042007,2.007554250257306,5.4744361967909825,,5.4744361967909825,,1.0,1.0,1.0,single realization,b
rolling120,1994-08,2004-07,120,1,0.4848550005184191,1.8021887611999703,4.977325359230207,,4.977325359230207,,1.0,1.0,1.0,single realization,b
rolling120,1994-09,2004-08,120,1,0.4810086091650789,1.6891777957372622,4.528208922509962,,4.528208922509962,,1.0,1.0,1.0,single realization,b
rolling120,1994-10,2004-09,120,1,0.47717218156337604,1.788421588382473,4.894424934807388,,4.894424934807388,,1.0,1.0,1.0,single realization,b
rolling120,1994-11,2004-10,120,1,0.4731989150857703,1.7829395838835396,4.981190831338616,,4.981190831338616,,1.0,1.0,1.0,single realization,b
rolling120,1994-12,2004-11,120,1,0.46996982510550844,2.0238542208940107,5.624946913209716,,5.624946913209716,,1.0,1.0,1.0,single realization,b
rolling120,1995-01,2004-12,120,1,0.4658719402884084,2.0919133287285447,5.690735212874863,,5.690735212874863,,1.0,1.0,1.0,single realization,b
rolling120,1995-02,2005-01,120,1,0.4620766136156844,1.9464222006598288,5.8290086379406265,,5.8290086379406265,,1.0,1.0,1.0,single realization,b
rolling120,1995-03,2005-02,120,1,0.45858160975843587,1.8900598034733131,5.985069616123577,,5.985069616123577,,1.0,1.0,1.0,single realization,b
rolling120,1995-04,2005-03,120,1,0.45495185261689075,1.7667430773241333,5.471372681212264,,5.471372681212264,,1.0,1.0,1.0,single realization,b
rolling120,1995-05,2005-04,120,1,0.45162012296633414,1.6331947766634367,4.929867701664166,,4.929867701664166,,1.0,1.0,1.0,single realization,b
rolling120,1995-06,2005-05,120,1,0.4472886525377491,1.6446500903670191,5.1180321346272155,,5.1180321346272155,,1.0,1.0,1.0,single realization,b
rolling120,1995-07,2005-06,120,1,0.4438314088171458,1.5836532184310421,5.1659239485020265,,5.1659239485020265,,1.0,1.0,1.0,single realization,b
rolling120,1995-08,2005-07,120,1,0.4408129459415695,1.5836532184310421,5.133758722511866,,5.133758722511866,,1.0,1.0,1.0,single realization,b
rolling120,1995-09,2005-08,120,1,0.4383750221751712,1.5345479503713735,5.313797075879652,,5.313797075879652,,1.0,1.0,1.0,single realization,b
rolling120,1995-10,2005-09,120,1,0.43636991908740286,1.460799662384849,5.356402601498512,,5.356402601498512,,1.0,1.0,1.0,single realization,b
rolling120,1995-11,2005-10,120,1,0.43351061796450585,1.4426470375511689,4.8993828291157815,,4.8993828291157815,,1.0,1.0,1.0,single realization,b
rolling120,1995-12,2005-11,120,1,0.43194035140429765,1.431882354304633,4.876956936282064,,4.876956936282064,,1.0,1.0,1.0,single realization,b
rolling120,1996-01,2005-12,120,1,0.42951792270752476,1.3971514431085166,5.017593607052669,,5.017593607052669,,1.0,1.0,1.0,single realization,b
rolling120,1996-02,2006-01,120,1,0.42837920485611947,1.4132585080198519,5.643061929359366,,5.643061929359366,,1.0,1.0,1.0,single realization,b
rolling120,1996-03,2006-02,120,1,0.4276677897725176,1.3734013089098105,5.283653709556343,,5.283653709556343,,1.0,1.0,1.0,single realization,b
rolling120,1996-04,2006-03,120,1,0.4273833654693455,1.3900641678965204,5.63413887208575,,5.63413887208575,,1.0,1.0,1.0,single realization,b
rolling120,1996-05,2006-04,120,1,0.4259625180022244,1.3567263629795092,5.8320007817528285,,5.8320007817528285,,1.0,1.0,1.0,single realization,b
rolling120,1996-06,2006-05,120,1,0.426104517854645,1.2212111576359694,5.164130814915974,,5.164130814915974,,1.0,1.0,1.0,single realization,b
rolling120,1996-07,2006-06,120,1,0.426104517854645,1.2386640104913744,5.124296768315894,,5.124296768315894,,1.0,1.0,1.0,single realization,b
rolling120,1996-08,2006-07,120,1,0.42539465995626013,1.3604412674913293,5.318197966168422,,5.318197966168422,,1.0,1.0,1.0,single realization,b
rolling120,1996-09,2006-08,120,1,0.4255366173967494,1.3437411112084376,5.112725181175139,,5.112725181175139,,1.0,1.0,1.0,single realization,b
rolling120,1996-10,2006-09,120,1,0.42511082987661886,1.2726176256146302,4.74705855544488,,4.74705855544488,,1.0,1.0,1.0,single realization,b
rolling120,1996-11,2006-10,120,1,0.424968914836799,1.3251196025515264,5.023162377680253,,5.023162377680253,,1.0,1.0,1.0,single realization,b
rolling120,1996-12,2006-11,120,1,0.42511082987661886,1.2261505138998854,4.813537713810352,,4.813537713810352,,1.0,1.0,1.0,single realization,b
rolling120,1997-01,2006-12,120,1,0.42425967867422365,1.2822776380352723,4.948752815490364,,4.948752815490364,,1.0,1.0,1.0,single realization,b
rolling120,1997-02,2007-01,120,1,0.42411789075200623,1.2045489906531763,4.6624177409618275,,4.6624177409618275,,1.0,1.0,1.0,single realization,b
rolling120,1997-03,2007-02,120,1,0.42397603221124003,1.1716716210598106,4.822240793379568,,4.822240793379568,,1.0,1.0,1.0,single realization,b
rolling120,1997-04,2007-03,120,1,0.42397603221124003,1.30209483024829,5.489939921201949,,5.489939921201949,,1.0,1.0,1.0,single realization,b
rolling120,1997-05,2007-04,120,1,0.42411782012642596,1.2901954217258997,5.50597336401325,,5.50597336401325,,1.0,1.0,1.0,single realization,b
rolling120,1997-06,2007-05,120,1,0.4229840811911081,1.213727415665662,5.606565892729213,,5.606565892729213,,1.0,1.0,1.0,single realization,b
rolling120,1997-07,2007-06,120,1,0.4234094027257871,1.085951247230092,5.292223287922238,,5.292223287922238,,1.0,1.0,1.0,single realization,b
rolling120,1997-08,2007-07,120,1,0.4229842082412525,0.8718188841860515,4.600602906516691,,4.600602906516691,,1.0,1.0,1.0,single realization,b
rolling120,1997-09,2007-08,120,1,0.4231259256208202,0.9699674187633487,4.82154325955202,,4.82154325955202,,1.0,1.0,1.0,single realization,b
rolling120,1997-10,2007-09,120,1,0.4214256556977367,0.9282513380483743,5.223919274218934,,5.223919274218934,,1.0,1.0,1.0,single realization,b
rolling120,1997-11,2007-10,120,1,0.4200101750607148,1.0378156088606865,6.103723128057256,,6.103723128057256,,1.0,1.0,1.0,single realization,b
rolling120,1997-12,2007-11,120,1,0.41930292823580184,0.8832743593591592,5.457992900103386,,5.457992900103386,,1.0,1.0,1.0,single realization,b
rolling120,1998-01,2007-12,120,1,0.416336630316519,0.8386943455485742,5.229968240303132,,5.229968240303132,,1.0,1.0,1.0,single realization,b
rolling120,1998-02,2008-01,120,1,0.41323403090728217,0.7162122207208221,5.289200710861177,,5.289200710861177,,1.0,1.0,1.0,single realization,b
rolling120,1998-03,2008-02,120,1,0.409573896949359,0.5503745475586359,4.956651871913406,,4.956651871913406,,1.0,1.0,1.0,single realization,b
rolling120,1998-04,2008-03,120,1,0.4064848815361817,0.4630876495886209,4.31131488010413,,4.31131488010413,,1.0,1.0,1.0,single realization,b
rolling120,1998-05,2008-04,120,1,0.40298372430842044,0.5154389127250332,4.348397378924797,,4.348397378924797,,1.0,1.0,1.0,single realization,b
rolling120,1998-06,2008-05,120,1,0.39990945718344184,0.5889298370860949,5.071312143090111,,5.071312143090111,,1.0,1.0,1.0,single realization,b
rolling120,1998-07,2008-06,120,1,0.3965633933479267,0.4070311124930346,5.027663466150397,,5.027663466150397,,1.0,1.0,1.0,single realization,b
rolling120,1998-08,2008-07,120,1,0.39308589485851475,0.4274228677465557,4.622519649122152,,4.622519649122152,,1.0,1.0,1.0,single realization,b
rolling120,1998-09,2008-08,120,1,0.38892453103836555,0.7197417484607116,5.6860255753716995,,5.6860255753716995,,1.0,1.0,1.0,single realization,b
rolling120,1998-10,2008-09,120,1,0.3846385803652428,0.46415893821127563,3.9456026041138124,,3.9456026041138124,,1.0,1.0,1.0,single realization,b
rolling120,1998-11,2008-10,120,1,0.38132604787633073,0.13093655917008862,3.092827160376573,,3.092827160376573,,1.0,1.0,1.0,single realization,b
rolling120,1998-12,2008-11,120,1,0.37747028779851877,-0.018855658527848762,2.6073919358670565,,2.6073919358670565,,1.0,1.0,1.0,single realization,b
rolling120,1999-01,2008-12,120,1,0.37225571607742447,-0.0626953944276647,2.3369690053977235,,2.3369690053977235,,1.0,1.0,1.0,single realization,b
rolling120,1999-02,2009-01,120,1,0.3674695725734174,-0.17030081577431055,1.891622330541133,,1.891622330541133,,1.0,1.0,1.0,single realization,b
rolling120,1999-03,2009-02,120,1,0.36283639215812147,-0.2254589624352058,1.816388302812824,,1.816388302812824,,1.0,1.0,1.0,single realization,b
rolling120,1999-04,2009-03,120,1,0.3572726868829563,-0.18729468457617637,1.68644099353984,,1.68644099353984,,1.0,1.0,1.0,single realization,b
rolling120,1999-05,2009-04,120,1,0.3524045174371271,-0.1448393500773857,1.4922586039736845,,1.4922586039736845,,1.0,1.0,1.0,single realization,b
rolling120,1999-06,2009-05,120,1,0.3478219228992694,-0.08079840643279246,1.8056867686996414,,1.8056867686996414,,1.0,1.0,1.0,single realization,b
rolling120,1999-07,2009-06,120,1,0.3425863596529477,-0.12222671824707976,1.6957981896035763,,1.6957981896035763,,1.0,1.0,1.0,single realization,b
rolling120,1999-08,2009-07,120,1,0.3376375954262929,-0.023840735794435353,2.2068058863099194,,2.2068058863099194,,1.0,1.0,1.0,single realization,b
rolling120,1999-09,2009-08,120,1,0.33257431934040804,0.018746701302797986,2.4259080932751065,,2.4259080932751065,,1.0,1.0,1.0,single realization,b
rolling120,1999-10,2009-09,120,1,0.32753020895740814,0.0862665861361227,2.748629342763397,,2.748629342763397,,1.0,1.0,1.0,single realization,b
rolling120,1999-11,2009-10,120,1,0.32237295443511105,-0.005649848321864548,2.452018447091396,,2.452018447091396,,1.0,1.0,1.0,single realization,b
rolling120,1999-12,2009-11,120,1,0.31762948827731297,0.01217313791810204,2.4317381793598587,,2.4317381793598587,,1.0,1.0,1.0,single realization,b
rolling120,2000-01,2009-12,120,1,0.31198850181814075,-0.037358739043847344,2.069907269077284,,2.069907269077284,,1.0,1.0,1.0,single realization,b
rolling120,2000-02,2010-01,120,1,0.30663131343306493,-0.027497879466789943,1.791985306373376,,1.791985306373376,,1.0,1.0,1.0,single realization,b
rolling120,2000-03,2010-02,120,1,0.3010368549567508,-0.02277194827555129,1.524898890445654,,1.524898890445654,,1.0,1.0,1.0,single realization,b
rolling120,2000-04,2010-03,120,1,0.29508008225564497,-0.016946307921781645,1.6580159143380344,,1.6580159143380344,,1.0,1.0,1.0,single realization,b
rolling120,2000-05,2010-04,120,1,0.2892789072903348,0.06592406284658492,1.9801416313166897,,1.9801416313166897,,1.0,1.0,1.0,single realization,b
rolling120,2000-06,2010-05,120,1,0.28299287082692914,0.021561392454467976,1.9533047675742834,,1.9533047675742834,,1.0,1.0,1.0,single realization,b
rolling120,2000-07,2010-06,120,1,0.27800913357969326,-0.08178080017772626,1.5218580508798798,,1.5218580508798798,,1.0,1.0,1.0,single realization,b
rolling120,2000-08,2010-07,120,1,0.2720311848059822,0.0018895820101600957,1.7500190607194228,,1.7500190607194228,,1.0,1.0,1.0,single realization,b
rolling120,2000-09,2010-08,120,1,0.2658292417158834,-0.1127132437940338,1.4218758581240527,,1.4218758581240527,,1.0,1.0,1.0,single realization,b
rolling120,2000-10,2010-09,120,1,0.25953221036718266,0.022521689385985644,1.490738479628957,,1.490738479628957,,1.0,1.0,1.0,single realization,b
rolling120,2000-11,2010-10,120,1,0.25264336076791927,0.08631164955426729,1.4852911631953827,,1.4852911631953827,,1.0,1.0,1.0,single realization,b
rolling120,2000-12,2010-11,120,1,0.24641192429011682,0.2168238720093454,1.5142444766808532,,1.5142444766808532,,1.0,1.0,1.0,single realization,b
rolling120,2001-01,2010-12,120,1,0.2403348910274088,0.2784549001451455,1.4351482251956122,,1.4351482251956122,,1.0,1.0,1.0,single realization,b
rolling120,2001-02,2011-01,120,1,0.23379642382784094,0.25628302597363395,1.6178837390517096,,1.6178837390517096,,1.0,1.0,1.0,single realization,b
rolling120,2001-03,2011-02,120,1,0.22924865856766652,0.43898982133936104,1.551765285148206,,1.551765285148206,,1.0,1.0,1.0,single realization,b
rolling120,2001-04,2011-03,120,1,0.22422981819709564,0.5515822416201808,1.7949721212829206,,1.7949721212829206,,1.0,1.0,1.0,single realization,b
rolling120,2001-05,2011-04,120,1,0.21947387010369113,0.47394583329686624,1.6231898945019965,,1.6231898945019965,,1.0,1.0,1.0,single realization,b
rolling120,2001-06,2011-05,120,1,0.21558400129953248,0.4408185358554424,1.5144269747081331,,1.5144269747081331,,1.0,1.0,1.0,single realization,b
rolling120,2001-07,2011-06,120,1,0.21218986966447217,0.4396464239694515,1.5562016347142218,,1.5562016347142218,,1.0,1.0,1.0,single realization,b
rolling120,2001-08,2011-07,120,1,0.20856417713307263,0.43202071203643677,1.4839721451772254,,1.4839721451772254,,1.0,1.0,1.0,single realization,b
rolling120,2001-09,2011-08,120,1,0.20494968951329495,0.43415555283811,1.3825188026703361,,1.3825188026703361,,1.0,1.0,1.0,single realization,b
rolling120,2001-10,2011-09,120,1,0.20158525081102407,0.4558947297154885,1.2553404339220857,,1.2553404339220857,,1.0,1.0,1.0,single realization,b
rolling120,2001-11,2011-10,120,1,0.19894756616546028,0.578235250820111,1.4911728774838835,,1.4911728774838835,,1.0,1.0,1.0,single realization,b
rolling120,2001-12,2011-11,120,1,0.1969128143810126,0.46144291146044214,1.549842892201573,,1.549842892201573,,1.0,1.0,1.0,single realization,b
rolling120,2002-01,2011-12,120,1,0.19512013417974283,0.44693763099095496,1.4168171564063137,,1.4168171564063137,,1.0,1.0,1.0,single realization,b
rolling120,2002-02,2012-01,120,1,0.19344930515252945,0.5400283499047611,1.3532828966572854,,1.3532828966572854,,1.0,1.0,1.0,single realization,b
rolling120,2002-03,2012-02,120,1,0.19189983536655286,0.6437673545646039,1.2614549429116537,,1.2614549429116537,,1.0,1.0,1.0,single realization,b
rolling120,2002-04,2012-03,120,1,0.190352377276094,0.624080574903727,1.1822363371676015,,1.1822363371676015,,1.0,1.0,1.0,single realization,b
rolling120,2002-05,2012-04,120,1,0.18856952299160645,0.6960984727375659,1.1467507187549146,,1.1467507187549146,,1.0,1.0,1.0,single realization,b
rolling120,2002-06,2012-05,120,1,0.1870265427840081,0.6112763786362949,1.0070994251604488,,1.0070994251604488,,1.0,1.0,1.0,single realization,b
rolling120,2002-07,2012-06,120,1,0.18548541174873479,0.8018891601348197,1.1439603533304674,,1.1439603533304674,,1.0,1.0,1.0,single realization,b
rolling120,2002-08,2012-07,120,1,0.1837098469782672,0.9749065729663806,1.4716731739090303,,1.4716731739090303,,1.0,1.0,1.0,single realization,b
rolling120,2002-09,2012-08,120,1,0.18217317551724088,1.0123874111456908,1.272651396934605,,1.272651396934605,,1.0,1.0,1.0,single realization,b
rolling120,2002-10,2012-09,120,1,0.18063849893628192,1.3023684033531002,1.4547230657854295,,1.4547230657854295,,1.0,1.0,1.0,single realization,b
rolling120,2002-11,2012-10,120,1,0.17910581464567144,1.0949036453921295,1.4302821432054635,,1.4302821432054635,,1.0,1.0,1.0,single realization,b
rolling120,2002-12,2012-11,120,1,0.17781035280377155,0.9904349398479693,1.4449075145385426,,1.4449075145385426,,1.0,1.0,1.0,single realization,b
rolling120,2003-01,2012-12,120,1,0.17663383661877097,1.1347335618782832,1.7930218744904134,,1.7930218744904134,,1.0,1.0,1.0,single realization,b
rolling120,2003-02,2013-01,120,1,0.17545837824053034,1.3107128281297071,2.028580655291525,,2.028580655291525,,1.0,1.0,1.0,single realization,b
rolling120,2003-03,2013-02,120,1,0.1744014169652619,1.3829446617755492,2.119482598350956,,2.119482598350956,,1.0,1.0,1.0,single realization,b
rolling120,2003-04,2013-03,120,1,0.17322818877648527,1.4500599131448575,2.3513274721599826,,2.3513274721599826,,1.0,1.0,1.0,single realization,b
rolling120,2003-05,2013-04,120,1,0.17205613264384145,1.2980059547376412,2.143088920094512,,2.143088920094512,,1.0,1.0,1.0,single realization,b
rolling120,2003-06,2013-05,120,1,0.17100223063626907,1.2256925960715037,1.979402230554403,,1.979402230554403,,1.0,1.0,1.0,single realization,b
rolling120,2003-07,2013-06,120,1,0.16983239823803076,1.1660601703296343,1.825898761778828,,1.825898761778828,,1.0,1.0,1.0,single realization,b
rolling120,2003-08,2013-07,120,1,0.1690140883761675,1.2348071972199803,2.0253726640169263,,2.0253726640169263,,1.0,1.0,1.0,single realization,b
rolling120,2003-09,2013-08,120,1,0.16819635093051621,1.1232850802493353,1.781959033933668,,1.781959033933668,,1.0,1.0,1.0,single realization,b
rolling120,2003-10,2013-09,120,1,0.16726254089779768,1.229191549751858,2.1022271183004637,,2.1022271183004637,,1.0,1.0,1.0,single realization,b
rolling120,2003-11,2013-10,120,1,0.1664460286777234,1.187610774730579,1.7876481924652072,,1.7876481924652072,,1.0,1.0,1.0,single realization,b
rolling120,2003-12,2013-11,120,1,0.16563008761639186,1.2240637643706354,1.674017163359815,,1.674017163359815,,1.0,1.0,1.0,single realization,b
rolling120,2004-01,2013-12,120,1,0.1646983289532291,1.1908210751647497,1.7243178407387343,,1.7243178407387343,,1.0,1.0,1.0,single realization,b
rolling120,2004-02,2014-01,120,1,0.16388361042593091,1.0720855169920576,1.7968820532279128,,1.7968820532279128,,1.0,1.0,1.0,single realization,b
rolling120,2004-03,2014-02,120,1,0.16318569900652724,1.1374381057400837,1.8857780215494255,,1.8857780215494255,,1.0,1.0,1.0,single realization,b
rolling120,2004-04,2014-03,120,1,0.16213977321063777,1.1733614352483204,1.8257897049147158,,1.8257897049147158,,1.0,1.0,1.0,single realization,b
rolling120,2004-05,2014-04,120,1,0.161210804566984,1.2076415840692731,1.9915785714836503,,1.9915785714836503,,1.0,1.0,1.0,single realization,b
rolling120,2004-06,2014-05,120,1,0.16051449586946243,1.2253044612235193,2.093358770646407,,2.093358770646407,,1.0,1.0,1.0,single realization,b
rolling120,2004-07,2014-06,120,1,0.15958682640833555,1.2399316954923303,1.9579076683244736,,1.9579076683244736,,1.0,1.0,1.0,single realization,b
rolling120,2004-08,2014-07,120,1,0.15842839801032516,1.2844691672640391,2.0968710316053576,,2.0968710316053576,,1.0,1.0,1.0,single realization,b
rolling120,2004-09,2014-08,120,1,0.15715552693070123,1.3770519664164844,2.288443685010984,,2.288443685010984,,1.0,1.0,1.0,single realization,b
rolling120,2004-10,2014-09,120,1,0.15588405447078313,1.2912808454180724,2.0672611423608354,,2.0672611423608354,,1.0,1.0,1.0,single realization,b
rolling120,2004-11,2014-10,120,1,0.15461397909377972,1.3133970202285687,2.1070043353043872,,2.1070043353043872,,1.0,1.0,1.0,single realization,b
rolling120,2004-12,2014-11,120,1,0.1528846521156062,1.2665456476370083,1.9298305273126668,,1.9298305273126668,,1.0,1.0,1.0,single realization,b
rolling120,2005-01,2014-12,120,1,0.15104298334225819,1.1871137042027318,1.8312548706371778,,1.8312548706371778,,1.0,1.0,1.0,single realization,b
rolling120,2005-02,2015-01,120,1,0.14920425653180724,1.1756628471126653,1.6840309377580587,,1.6840309377580587,,1.0,1.0,1.0,single realization,b
rolling120,2005-03,2015-02,120,1,0.14736846698463157,1.2628684629955633,1.6687502027902084,,1.6687502027902084,,1.0,1.0,1.0,single realization,b
rolling120,2005-04,2015-03,120,1,0.1449640424953913,1.2771452356327617,1.820780238623418,,1.820780238623418,,1.0,1.0,1.0,single realization,b
rolling120,2005-05,2015-04,120,1,0.14256465671628704,1.3469061398801188,1.7862735169415451,,1.7862735169415451,,1.0,1.0,1.0,single realization,b
rolling120,2005-06,2015-05,120,1,0.13982906695559372,1.2899785869635902,1.6594779117320377,,1.6594779117320377,,1.0,1.0,1.0,single realization,b
rolling120,2005-07,2015-06,120,1,0.1372134759608834,1.2370508009540164,1.527722097631723,,1.527722097631723,,1.0,1.0,1.0,single realization,b
rolling120,2005-08,2015-07,120,1,0.1344906982849996,1.1814252098012625,1.2795298519729705,,1.2795298519729705,,1.0,1.0,1.0,single realization,b
rolling120,2005-09,2015-08,120,1,0.13109740606679887,1.0687219093554265,1.0963696439493633,,1.0963696439493633,,1.0,1.0,1.0,single realization,b
rolling120,2005-10,2015-09,120,1,0.12782670861182477,0.9900952852328573,0.9295232929367245,,0.9295232929367245,,1.0,1.0,0.0,single realization,b
rolling120,2005-11,2015-10,120,1,0.12478977621604148,1.182966171066277,1.2337735909564014,,1.2337735909564014,,1.0,1.0,1.0,single realization,b
rolling120,2005-12,2015-11,120,1,0.1213137037344647,1.1125953408788996,1.1775856873757649,,1.1775856873757649,,1.0,1.0,1.0,single realization,b
rolling120,2006-01,2015-12,120,1,0.11784871920338724,1.0657332140128797,1.0863709381549023,,1.0863709381549023,,1.0,1.0,1.0,single realization,b
rolling120,2006-02,2016-01,120,1,0.11406128956184114,0.883697717982145,0.8193189777015275,,0.8193189777015275,,1.0,1.0,0.0,single realization,b
rolling120,2006-03,2016-02,120,1,0.11050837335036223,0.8821913623500128,1.0539939751641811,,1.0539939751641811,,1.0,1.0,1.0,single realization,b
rolling120,2006-04,2016-03,120,1,0.1066359221132136,0.9770032406773443,1.0296180075446864,,1.0296180075446864,,1.0,1.0,1.0,single realization,b
rolling120,2006-05,2016-04,120,1,0.10277658998149164,0.9738741426606428,1.0871773947077514,,1.0871773947077514,,1.0,1.0,1.0,single realization,b
rolling120,2006-06,2016-05,120,1,0.09816475917603262,1.0741266540871965,1.1296962067456922,,1.1296962067456922,,1.0,1.0,1.0,single realization,b
rolling120,2006-07,2016-06,120,1,0.09400835869309576,1.0728828000217754,1.272703971912005,,1.272703971912005,,1.0,1.0,1.0,single realization,b
rolling120,2006-08,2016-07,120,1,0.08986768960640878,1.1629719551366424,1.5747874024024728,,1.5747874024024728,,1.0,1.0,1.0,single realization,b
rolling120,2006-09,2016-08,120,1,0.08552645204573817,1.1220137746294205,1.3798627984953278,,1.3798627984953278,,1.0,1.0,1.0,single realization,b
rolling120,2006-10,2016-09,120,1,0.08131018557528868,1.0813375203675757,1.4498964938172962,,1.4498964938172962,,1.0,1.0,1.0,single realization,b
rolling120,2006-11,2016-10,120,1,0.07711029540125858,0.9684636724039966,1.2264724511025213,,1.2264724511025213,,1.0,1.0,1.0,single realization,b
rolling120,2006-12,2016-11,120,1,0.07271261345429059,1.0214726334215345,1.2898027980415239,,1.2898027980415239,,1.0,1.0,1.0,single realization,b
rolling120,2007-01,2016-12,120,1,0.06875938967960882,1.033252078890361,1.2219131629039923,,1.2219131629039923,,1.0,1.0,1.0,single realization,b
rolling120,2007-02,2017-01,120,1,0.06450307988399095,1.0364471322455233,1.1448708785177497,,1.1448708785177497,,1.0,1.0,1.0,single realization,b
rolling120,2007-03,2017-02,120,1,0.06089747072718121,1.1434216463047537,1.134505694735326,,1.134505694735326,,1.0,1.0,0.0,single realization,b
rolling120,2007-04,2017-03,120,1,0.05667205015274246,1.1235005829517117,1.0027772406419948,,1.0027772406419948,,1.0,1.0,0.0,single realization,b
rolling120,2007-05,2017-04,120,1,0.052569082216068264,1.0662909068979753,0.912557568592443,,0.912557568592443,,1.0,1.0,0.0,single realization,b
rolling120,2007-06,2017-05,120,1,0.04890013311960706,1.016248547033888,0.7942114649005363,,0.7942114649005363,,1.0,1.0,0.0,single realization,b
rolling120,2007-07,2017-06,120,1,0.04534808087597475,1.0656101784677752,0.8245513685385435,,0.8245513685385435,,1.0,1.0,0.0,single realization,b
rolling120,2007-08,2017-07,120,1,0.04191217582927087,1.1782060167024175,0.8801063197824883,,0.8801063197824883,,1.0,1.0,0.0,single realization,b
rolling120,2007-09,2017-08,120,1,0.038488246153671746,1.1547821358992851,0.9050423229336706,,0.9050423229336706,,1.0,1.0,0.0,single realization,b
rolling120,2007-10,2017-09,120,1,0.036107342080551774,1.1348034720933802,0.7714253702228813,,0.7714253702228813,,1.0,1.0,0.0,single realization,b
rolling120,2007-11,2017-10,120,1,0.03373189661924236,1.1398211278891135,0.6858237854690785,,0.6858237854690785,,1.0,1.0,0.0,single realization,b
rolling120,2007-12,2017-11,120,1,0.03105330091343217,1.3113830897860206,0.879519547965921,,0.879519547965921,,1.0,1.0,0.0,single realization,b
rolling120,2008-01,2017-12,120,1,0.029202402397779936,1.3520764540428187,0.9148806671117224,,0.9148806671117224,,1.0,1.0,0.0,single realization,b
rolling120,2008-02,2018-01,120,1,0.028175356791156236,1.647965066337723,1.0379078882205341,,1.0379078882205341,,1.0,1.0,0.0,single realization,b
rolling120,2008-03,2018-02,120,1,0.027969988698318904,1.6324112731821936,0.9996585000999112,,0.9996585000999112,,1.0,1.0,0.0,single realization,b
rolling120,2008-04,2018-03,120,1,0.027456875995564678,1.593679836531524,1.0530958849451868,,1.0530958849451868,,1.0,1.0,0.0,single realization,b
rolling120,2008-05,2018-04,120,1,0.027046631684925604,1.4852695141342704,1.0327603071374196,,1.0327603071374196,,1.0,1.0,0.0,single realization,b
rolling120,2008-06,2018-05,120,1,0.02663655117716557,1.50353460120532,0.9434427803037846,,0.9434427803037846,,1.0,1.0,0.0,single realization,b
rolling120,2008-07,2018-06,120,1,0.026329082907870394,1.7461378561073841,0.9019286026817954,,0.9019286026817954,,1.0,1.0,0.0,single realization,b
rolling120,2008-08,2018-07,120,1,0.02643156209737696,1.855541336089129,1.1316340349958338,,1.1316340349958338,,1.0,1.0,0.0,single realization,b
rolling120,2008-09,2018-08,120,1,0.026739091777422397,1.91031514688368,1.2514606470418914,,1.2514606470418914,,1.0,1.0,0.0,single realization,b
rolling120,2008-10,2018-09,120,1,0.026739091777422397,2.2119237981190905,1.8690464552404586,,1.8690464552404586,,1.0,1.0,0.0,single realization,b
rolling120,2008-11,2018-10,120,1,0.027867601970223088,2.5862865381025646,1.9795432441580396,,1.9795432441580396,,1.0,1.0,0.0,single realization,b
rolling120,2008-12,2018-11,120,1,0.029408940971477948,2.959331838414455,2.1103074873185528,,2.1103074873185528,,1.0,1.0,0.0,single realization,b
rolling120,2009-01,2018-12,120,1,0.031364817959323776,2.526322470609079,1.7879790058391594,,1.7879790058391594,,1.0,1.0,0.0,single realization,b
rolling120,2009-02,2019-01,120,1,0.03353068407703841,3.165902446509997,2.1035356105128056,,2.1035356105128056,,1.0,1.0,0.0,single realization,b
rolling120,2009-03,2019-02,120,1,0.03528751055732138,3.8023533265654343,2.527876148722237,,2.527876148722237,,1.0,1.0,0.0,single realization,b
rolling120,2009-04,2019-03,120,1,0.037047147397900604,3.461436012545289,2.352559316123129,,2.352559316123129,,1.0,1.0,0.0,single realization,b
rolling120,2009-05,2019-04,120,1,0.03912103430400582,3.218482517580034,2.3736509723373165,,2.3736509723373165,,1.0,1.0,0.0,single realization,b
rolling120,2009-06,2019-05,120,1,0.041303188476044195,2.7405401964170806,1.875526756780408,,1.875526756780408,,1.0,1.0,0.0,single realization,b
rolling120,2009-07,2019-06,120,1,0.04307322689261173,2.991573163895438,2.280719945910305,,2.280719945910305,,1.0,1.0,0.0,single realization,b
rolling120,2009-08,2019-07,120,1,0.04495057096661115,2.7570798170048767,1.9987045849552483,,1.9987045849552483,,1.0,1.0,0.0,single realization,b
rolling120,2009-09,2019-08,120,1,0.046517840096148344,2.5487571215197002,1.9040491585727035,,1.9040491585727035,,1.0,1.0,0.0,single realization,b
rolling120,2009-10,2019-09,120,1,0.048296742534067905,2.46352421918711,1.7039417987004795,,1.7039417987004795,,1.0,1.0,0.0,single realization,b
rolling120,2009-11,2019-10,120,1,0.049869187647869184,2.632311949166989,1.9932264574171206,,1.9932264574171206,,1.0,1.0,0.0,single realization,b
rolling120,2009-12,2019-11,120,1,0.05112903067304653,2.575917065169702,1.8455800028609692,,1.8455800028609692,,1.0,1.0,0.0,single realization,b
rolling120,2010-01,2019-12,120,1,0.052495361779810956,2.5793952453712072,1.8799026595817945,,1.8799026595817945,,1.0,1.0,0.0,single realization,b
rolling120,2010-02,2020-01,120,1,0.05386360575012472,2.704201887656782,2.1263348053732902,,2.1263348053732902,,1.0,1.0,0.0,single realization,b
rolling120,2010-03,2020-02,120,1,0.055128242077024714,2.2950522062848884,1.7660051704667357,,1.7660051704667357,,1.0,1.0,0.0,single realization,b
rolling120,2010-04,2020-03,120,1,0.0562887670908081,1.6887948348717354,1.233939844350361,,1.233939844350361,,1.0,1.0,0.0,single realization,b
rolling120,2010-05,2020-04,120,1,0.05618314877593056,1.994579345504206,1.5096860165504755,,1.5096860165504755,,1.0,1.0,0.0,single realization,b
rolling120,2010-06,2020-05,120,1,0.05618314877593056,2.4325012191763533,1.9313673749071607,,1.9313673749071607,,1.0,1.0,0.0,single realization,b
rolling120,2010-07,2020-06,120,1,0.05618314877593056,2.7236005814378945,2.574284098519126,,2.574284098519126,,1.0,1.0,0.0,single realization,b
rolling120,2010-08,2020-07,120,1,0.05618314877593056,2.685643743938902,2.882735397279939,,2.882735397279939,,1.0,1.0,1.0,single realization,b
rolling120,2010-09,2020-08,120,1,0.05618314877593056,3.165555351886418,3.5420663355260817,,3.5420663355260817,,1.0,1.0,1.0,single realization,b
rolling120,2010-10,2020-09,120,1,0.05618314877593056,2.6640614207858158,2.9467306729983105,,2.9467306729983105,,1.0,1.0,1.0,single realization,b
rolling120,2010-11,2020-10,120,1,0.05618314877593056,2.454192673638379,2.8076509982733824,,2.8076509982733824,,1.0,1.0,1.0,single realization,b
rolling120,2010-12,2020-11,120,1,0.05618314877593056,2.8614165812860026,3.5593491123035754,,3.5593491123035754,,1.0,1.0,1.0,single realization,b
rolling120,2011-01,2020-12,120,1,0.05618314877593056,2.7822580835511332,3.6423306064268655,,3.6423306064268655,,1.0,1.0,1.0,single realization,b
rolling120,2011-02,2021-01,120,1,0.05607754102182838,2.7058638130136767,3.8133734776853494,,3.8133734776853494,,1.0,1.0,1.0,single realization,b
rolling120,2011-03,2021-02,120,1,0.05597194382744575,2.6815137560724325,4.0310693816598695,,4.0310693816598695,,1.0,1.0,1.0,single realization,b
rolling120,2011-04,2021-03,120,1,0.05586635719172639,2.780825942803034,3.59829520370465,,3.59829520370465,,1.0,1.0,1.0,single realization,b
rolling120,2011-05,2021-04,120,1,0.05586635719172639,2.856148519894835,3.9077499404669442,,3.9077499404669442,,1.0,1.0,1.0,single realization,b
rolling120,2011-06,2021-05,120,1,0.05586635719172639,2.9174688194616833,4.391190052438153,,4.391190052438153,,1.0,1.0,1.0,single realization,b
rolling120,2011-07,2021-06,120,1,0.05586635719172639,3.0960792439598315,4.274933921285058,,4.274933921285058,,1.0,1.0,1.0,single realization,b
rolling120,2011-08,2021-07,120,1,0.05586635719172639,3.2508619619343504,4.668916025321554,,4.668916025321554,,1.0,1.0,1.0,single realization,b
rolling120,2011-09,2021-08,120,1,0.055760781113615154,3.6526712425467505,5.254136278273453,,5.254136278273453,,1.0,1.0,1.0,single realization,b
rolling120,2011-10,2021-09,120,1,0.055760781113615154,3.812760990991883,5.291286972752209,,5.291286972752209,,1.0,1.0,1.0,single realization,b
rolling120,2011-11,2021-10,120,1,0.055760781113615154,3.6095814647396454,5.0210975974331316,,5.0210975974331316,,1.0,1.0,1.0,single realization,b
rolling120,2011-12,2021-11,120,1,0.055760781113615154,3.5490324652529432,4.567056528803079,,4.567056528803079,,1.0,1.0,1.0,single realization,b
rolling120,2012-01,2021-12,120,1,0.05586635719172639,3.6614601658830157,4.905773920626988,,4.905773920626988,,1.0,1.0,1.0,single realization,b
rolling120,2012-02,2022-01,120,1,0.05586635719172639,3.164030670789738,4.468235585151214,,4.468235585151214,,1.0,1.0,1.0,single realization,b
rolling120,2012-03,2022-02,120,1,0.05586635719172639,2.896850001432415,4.741419710970594,,4.741419710970594,,1.0,1.0,1.0,single realization,b
rolling120,2012-04,2022-03,120,1,0.05586635719172639,2.8953384226886443,5.209782477600432,,5.209782477600432,,1.0,1.0,1.0,single realization,b
rolling120,2012-05,2022-04,120,1,0.05586635719172639,2.559038907830197,4.919031764392153,,4.919031764392153,,1.0,1.0,1.0,single realization,b
rolling120,2012-06,2022-05,120,1,0.056077509347949306,2.780909939488408,5.486707662252718,,5.486707662252718,,1.0,1.0,1.0,single realization,b
rolling120,2012-07,2022-06,120,1,0.056711155853558015,2.335818702988809,4.606797722003036,,4.606797722003036,,1.0,1.0,1.0,single realization,b
rolling120,2012-08,2022-07,120,1,0.057556524778241025,2.6290556680496384,4.902029163387416,,4.902029163387416,,1.0,1.0,1.0,single realization,b
rolling120,2012-09,2022-08,120,1,0.059459936181701645,2.4121262556152736,5.205963566029162,,5.205963566029162,,1.0,1.0,1.0,single realization,b
rolling120,2012-10,2022-09,120,1,0.061366773383108475,2.0172442118225353,4.510434373024106,,4.510434373024106,,1.0,1.0,1.0,single realization,b
rolling120,2012-11,2022-10,120,1,0.06370154680720908,2.3191221823285435,5.485534131154796,,5.485534131154796,,1.0,1.0,1.0,single realization,b
rolling120,2012-12,2022-11,120,1,0.06667961333161676,2.4557861078832985,5.432844572916972,,5.432844572916972,,1.0,1.0,1.0,single realization,b
rolling120,2013-01,2022-12,120,1,0.07009264679093197,2.2085295467500354,4.926338040791134,,4.926338040791134,,1.0,1.0,1.0,single realization,b
rolling120,2013-02,2023-01,120,1,0.07383797105470014,2.2507750338200587,5.346319968343746,,5.346319968343746,,1.0,1.0,1.0,single realization,b
rolling120,2013-03,2023-02,120,1,0.07748902015628634,2.1381148801005843,5.014322616790414,,5.014322616790414,,1.0,1.0,1.0,single realization,b
rolling120,2013-04,2023-03,120,1,0.08136798062884876,2.1019197834442904,4.665569001511899,,4.665569001511899,,1.0,1.0,1.0,single realization,b
rolling120,2013-05,2023-04,120,1,0.08515276856104959,2.083899572020183,4.638065144992674,,4.638065144992674,,1.0,1.0,1.0,single realization,b
rolling120,2013-06,2023-05,120,1,0.08905931852786919,2.02090162356452,4.274002346455295,,4.274002346455295,,1.0,1.0,1.0,single realization,b
rolling120,2013-07,2023-06,120,1,0.09341555580198069,2.267343598118466,4.94577893526157,,4.94577893526157,,1.0,1.0,1.0,single realization,b
rolling120,2013-08,2023-07,120,1,0.09833592580308981,2.2058006377752952,4.625227686818473,,4.625227686818473,,1.0,1.0,1.0,single realization,b
rolling120,2013-09,2023-08,120,1,0.10327843746920373,2.2321614200778948,4.59706319429903,,4.59706319429903,,1.0,1.0,1.0,single realization,b
rolling120,2013-10,2023-09,120,1,0.10802253475032164,1.965228555376461,3.842762969436567,,3.842762969436567,,1.0,1.0,1.0,single realization,b
rolling120,2013-11,2023-10,120,1,0.11323024066364806,1.7702413651649933,3.2140243325468276,,3.2140243325468276,,1.0,1.0,1.0,single realization,b
rolling120,2013-12,2023-11,120,1,0.1181284537225682,1.9370845314696674,3.462677942231263,,3.462677942231263,,1.0,1.0,1.0,single realization,b
rolling120,2014-01,2023-12,120,1,0.12293640607357559,2.0076476945153865,3.5981960383282994,,3.5981960383282994,,1.0,1.0,1.0,single realization,b
rolling120,2014-02,2024-01,120,1,0.1282142071821213,2.14826175718822,3.6723170994097485,,3.6723170994097485,,1.0,1.0,1.0,single realization,b
rolling120,2014-03,2024-02,120,1,0.132952706852286,2.1732288626579903,3.395189020270907,,3.395189020270907,,1.0,1.0,1.0,single realization,b
rolling120,2014-04,2024-03,120,1,0.13782440349175107,2.2629627068275497,3.6510828280665226,,3.6510828280665226,,1.0,1.0,1.0,single realization,b
rolling120,2014-05,2024-04,120,1,0.1431721781881623,2.1322088415970337,3.3262508776897413,,3.3262508776897413,,1.0,1.0,1.0,single realization,b
rolling120,2014-06,2024-05,120,1,0.14820213577219032,2.2156934868605718,3.3392297146009744,,3.3392297146009744,,1.0,1.0,1.0,single realization,b
rolling120,2014-07,2024-06,120,1,0.15290976452885663,2.2348121323477526,3.1081409576509254,,3.1081409576509254,,1.0,1.0,1.0,single realization,b
rolling120,2014-08,2024-07,120,1,0.15809785846923652,2.356980192873284,3.05666797307168,,3.05666797307168,,1.0,1.0,1.0,single realization,b
rolling120,2014-09,2024-08,120,1,0.16365672818988908,2.287418822798399,2.843469577808175,,2.843469577808175,,1.0,1.0,1.0,single realization,b
rolling120,2014-10,2024-09,120,1,0.16831135510264872,2.4242269500629594,3.0358120539702433,,3.0358120539702433,,1.0,1.0,1.0,single realization,b
rolling120,2014-11,2024-10,120,1,0.1728677693875491,2.3200069902132263,2.92206285235375,,2.92206285235375,,1.0,1.0,1.0,single realization,b
rolling120,2014-12,2024-11,120,1,0.1775592404650992,2.4601749920426266,3.219307887052822,,3.219307887052822,,1.0,1.0,1.0,single realization,b
rolling120,2015-01,2024-12,120,1,0.18191620965482014,2.364972578554709,3.0885570351601084,,3.0885570351601084,,1.0,1.0,1.0,single realization,b
rolling120,2015-02,2025-01,120,1,0.1862892996305432,2.58270609834354,3.4045054634500618,,3.4045054634500618,,1.0,1.0,1.0,single realization,b
rolling120,2015-03,2025-02,120,1,0.19020405431932375,2.304542541852905,2.860547835818509,,2.860547835818509,,1.0,1.0,1.0,single realization,b
rolling120,2015-04,2025-03,120,1,0.19425074810400966,2.1394657883211687,2.5477230156024713,,2.5477230156024713,,1.0,1.0,1.0,single realization,b
rolling120,2015-05,2025-04,120,1,0.19843062572237358,2.1057584312142303,2.7643952430185226,,2.7643952430185226,,1.0,1.0,1.0,single realization,b
rolling120,2015-06,2025-05,120,1,0.20298466210011878,2.261092309543682,2.785926297844222,,2.785926297844222,,1.0,1.0,1.0,single realization,b
rolling120,2015-07,2025-06,120,1,0.20707480995125938,2.48362013570263,3.0065262118339415,,3.0065262118339415,,1.0,1.0,1.0,single realization,b
rolling120,2015-08,2025-07,120,1,0.2111788643050938,2.5093434309844733,3.122680400259558,,3.122680400259558,,1.0,1.0,1.0,single realization,b
rolling120,2015-09,2025-08,120,1,0.21578134398945314,2.8170364494066042,3.665956291346496,,3.665956291346496,,1.0,1.0,1.0,single realization,b
rolling120,2015-10,2025-09,120,1,0.2197934224246183,3.084000624432151,4.384679464343733,,4.384679464343733,,1.0,1.0,1.0,single realization,b
rolling120,2015-11,2025-10,120,1,0.22430665808758943,2.878568760075564,4.329181921623018,,4.329181921623018,,1.0,1.0,1.0,single realization,b
rolling120,2015-12,2025-11,120,1,0.22797957806185232,2.8631424152010494,4.246591947761794,,4.246591947761794,,1.0,1.0,1.0,single realization,b
rolling120,2016-01,2025-12,120,1,0.23203150547671503,2.9468319913325263,4.466446941623682,,4.466446941623682,,1.0,1.0,1.0,single realization,b
rolling120,2016-02,2026-01,120,1,0.23560403958918652,3.242415250681283,4.824795931025815,,4.824795931025815,,1.0,1.0,1.0,single realization,b
rolling120,2016-03,2026-02,120,1,0.23881596770649471,3.20634029106665,4.811789763055836,,4.811789763055836,,1.0,1.0,1.0,single realization,b
rolling120,2016-04,2026-03,120,1,0.24216010199244464,2.739974058926328,3.894319230788656,,3.894319230788656,,1.0,1.0,1.0,single realization,b
rolling120,2016-05,2026-04,120,1,0.24563780250797174,3.0849572996734196,3.941218430419709,,3.941218430419709,,1.0,1.0,1.0,single realization,b
rolling120,2016-06,2026-05,120,1,0.24937434226152022,3.222607398287038,4.53789073196428,,4.53789073196428,,1.0,1.0,1.0,single realization,b
rolling120,2016-07,2026-06,120,1,0.2527469784583867,3.190090069587363,4.513584047071035,,4.513584047071035,,1.0,1.0,1.0,single realization,b
rolling120,2016-08,2026-07,120,1,0.25662971754379016,3.019197592720781,3.2423960544847112,,3.2423960544847112,,1.0,1.0,1.0,single realization,b
rolling120,2016-09,2026-08,120,1,0.2600219393367995,3.112769599157615,3.587254925553414,,3.587254925553414,,1.0,1.0,1.0,single realization,b
offset 0,1927-01,1936-12,120,1,0.17829792952375323,0.7835422753128123,0.9999979170272455,,0.9999979170272455,,1.0,1.0,1.0,single realization,b
offset 0,1937-01,1946-12,120,1,0.019382264221265322,0.6766558202743986,1.1130893340828019,,1.1130893340828019,,1.0,1.0,1.0,single realization,b
offset 0,1947-01,1956-12,120,1,0.1435189441161644,3.637739702560718,5.587207647214068,,5.587207647214068,,1.0,1.0,1.0,single realization,b
offset 0,1957-01,1966-12,120,1,0.34984022669139314,1.4871673872372133,3.5112744018532336,,3.5112744018532336,,1.0,1.0,1.0,single realization,b
offset 0,1967-01,1976-12,120,1,0.7324866552416902,0.8192557564736382,2.51561523578901,,2.51561523578901,,1.0,1.0,1.0,single realization,b
offset 0,1977-01,1986-12,120,1,1.3980872024646285,2.9835549677876756,5.589530526733082,,5.589530526733082,,1.0,1.0,1.0,single realization,b
offset 0,1987-01,1996-12,120,1,0.7019911521313602,2.9574182864500242,2.7366873478926483,,2.7366873478926483,,1.0,1.0,0.0,single realization,b
offset 0,1997-01,2006-12,120,1,0.42425967867422365,1.2822776380352723,4.948752815490364,,4.948752815490364,,1.0,1.0,1.0,single realization,b
offset 0,2007-01,2016-12,120,1,0.06875938967960882,1.033252078890361,1.2219131629039923,,1.2219131629039923,,1.0,1.0,1.0,single realization,b
offset 1,1928-01,1937-12,120,1,0.14580883468258543,-0.12196056219136808,-0.1610222585959522,,-0.1610222585959522,,0.0,0.0,0.0,single realization,b
offset 1,1938-01,1947-12,120,1,0.021524465801373127,1.6569625766842884,2.316001504512125,,2.316001504512125,,1.0,1.0,1.0,single realization,b
offset 1,1948-01,1957-12,120,1,0.17371158966987776,3.035216778731294,5.768047553189173,,5.768047553189173,,1.0,1.0,1.0,single realization,b
offset 1,1958-01,1967-12,120,1,0.3636361666918193,2.556692010811823,6.3903730877719385,,6.3903730877719385,,1.0,1.0,1.0,single realization,b
offset 1,1968-01,1977-12,120,1,0.7477405734850664,0.3695408781813079,1.200718533545344,,1.200718533545344,,1.0,1.0,1.0,single realization,b
offset 1,1978-01,1987-12,120,1,1.4059783611272167,3.1793669571523164,5.252328509920991,,5.252328509920991,,1.0,1.0,1.0,single realization,b
offset 1,1988-01,1997-12,120,1,0.6984387428222412,4.109948382243405,3.5571529339567425,,3.5571529339567425,,1.0,1.0,0.0,single realization,b
offset 1,1998-01,2007-12,120,1,0.416336630316519,0.8386943455485742,5.229968240303132,,5.229968240303132,,1.0,1.0,1.0,single realization,b
offset 1,2008-01,2017-12,120,1,0.029202402397779936,1.3520764540428187,0.9148806671117224,,0.9148806671117224,,1.0,1.0,0.0,single realization,b
offset 2,1929-01,1938-12,120,1,0.10623821505313136,-0.19084296632562991,-0.4039217589953463,,-0.4039217589953463,,0.0,0.0,0.0,single realization,b
offset 2,1939-01,1948-12,120,1,0.03024158416246281,1.1114923032992308,1.9062820720879148,,1.9062820720879148,,1.0,1.0,1.0,single realization,b
offset 2,1949-01,1958-12,120,1,0.18206302367556493,4.743740434147721,8.337581050857004,,8.337581050857004,,1.0,1.0,1.0,single realization,b
offset 2,1959-01,1968-12,120,1,0.41320347608061736,1.799976179323092,5.332773714619186,,5.332773714619186,,1.0,1.0,1.0,single realization,b
offset 2,1969-01,1978-12,120,1,0.7805561135017745,0.2988752707441884,1.197281647299886,,1.197281647299886,,1.0,1.0,1.0,single realization,b
offset 2,1979-01,1988-12,120,1,1.3871481568278243,3.5556897406038512,4.264054348763302,,4.264054348763302,,1.0,1.0,1.0,single realization,b
offset 2,1989-01,1998-12,120,1,0.6744393750463467,4.381396576040966,4.059461558767333,,4.059461558767333,,1.0,1.0,0.0,single realization,b
offset 2,1999-01,2008-12,120,1,0.37225571607742447,-0.0626953944276647,2.3369690053977235,,2.3369690053977235,,1.0,1.0,1.0,single realization,b
offset 2,2009-01,2018-12,120,1,0.031364817959323776,2.526322470609079,1.7879790058391594,,1.7879790058391594,,1.0,1.0,0.0,single realization,b
offset 3,1930-01,1939-12,120,1,0.05628342440653311,-0.025892404835905714,-0.43138914175626697,,-0.43138914175626697,,0.0,0.0,0.0,single realization,b
offset 3,1940-01,1949-12,120,1,0.041631470544866156,1.4759513527106844,3.8763479495547726,,3.8763479495547726,,1.0,1.0,1.0,single realization,b
offset 3,1950-01,1959-12,120,1,0.20373512746046218,4.3883122662544025,6.838368372973264,,6.838368372973264,,1.0,1.0,1.0,single realization,b
offset 3,1960-01,1969-12,120,1,0.46261398547762167,1.2111095006091732,4.536513810390292,,4.536513810390292,,1.0,1.0,1.0,single realization,b
offset 3,1970-01,1979-12,120,1,0.8442740455983437,0.8009566858604371,2.0876953810277383,,2.0876953810277383,,1.0,1.0,1.0,single realization,b
offset 3,1980-01,1989-12,120,1,1.3437167378362616,3.754602853189076,4.006357213287248,,4.006357213287248,,1.0,1.0,1.0,single realization,b
offset 3,1990-01,1999-12,120,1,0.6174691026317722,4.23042482608486,3.7278135584944634,,3.7278135584944634,,1.0,1.0,0.0,single realization,b
offset 3,2000-01,2009-12,120,1,0.31198850181814075,-0.037358739043847344,2.069907269077284,,2.069907269077284,,1.0,1.0,1.0,single realization,b
offset 3,2010-01,2019-12,120,1,0.052495361779810956,2.5793952453712072,1.8799026595817945,,1.8799026595817945,,1.0,1.0,0.0,single realization,b
offset 4,1931-01,1940-12,120,1,0.031056861834050764,0.268215806380808,-0.34972091217155654,,-0.34972091217155654,,0.0,0.0,0.0,single realization,b
offset 4,1941-01,1950-12,120,1,0.05451621193123035,2.470493462135218,6.762585609588866,,6.762585609588866,,1.0,1.0,1.0,single realization,b
offset 4,1951-01,1960-12,120,1,0.22104043002957652,3.1924802094082567,6.851436285869685,,6.851436285869685,,1.0,1.0,1.0,single realization,b
offset 4,1961-01,1970-12,120,1,0.5173858964895988,1.1868349288523854,2.9514990809361934,,2.9514990809361934,,1.0,1.0,1.0,single realization,b
offset 4,1971-01,1980-12,120,1,0.9263794593689254,1.3976586751552218,4.311691602917425,,4.311691602917425,,1.0,1.0,1.0,single realization,b
offset 4,1981-01,1990-12,120,1,1.2716598902731588,2.3531788941984093,2.1534826014886033,,2.1534826014886033,,1.0,1.0,0.0,single realization,b
offset 4,1991-01,2000-12,120,1,0.5881409137884455,3.9205198927678016,5.568543912553252,,5.568543912553252,,1.0,1.0,1.0,single realization,b
offset 4,2001-01,2010-12,120,1,0.2403348910274088,0.2784549001451455,1.4351482251956122,,1.4351482251956122,,1.0,1.0,1.0,single realization,b
offset 4,2011-01,2020-12,120,1,0.05618314877593056,2.7822580835511332,3.6423306064268655,,3.6423306064268655,,1.0,1.0,1.0,single realization,b
offset 5,1932-01,1941-12,120,1,0.020395503373876078,1.017220950670656,0.06351065203808792,,0.06351065203808792,,1.0,1.0,0.0,single realization,b
offset 5,1942-01,1951-12,120,1,0.0698013025375992,3.682730091622904,7.374363030402968,,7.374363030402968,,1.0,1.0,1.0,single realization,b
offset 5,1952-01,1961-12,120,1,0.22862289090840338,3.409383825816615,7.57202605741575,,7.57202605741575,,1.0,1.0,1.0,single realization,b
offset 5,1962-01,1971-12,120,1,0.551045611558135,1.0011919907816873,2.860532619945088,,2.860532619945088,,1.0,1.0,1.0,single realization,b
offset 5,1972-01,1981-12,120,1,1.117048406398144,0.9967731865829965,3.0279964921987794,,3.0279964921987794,,1.0,1.0,1.0,single realization,b
offset 5,1982-01,1991-12,120,1,1.0910860275655714,3.6729505695105376,3.868303834752332,,3.868303834752332,,1.0,1.0,1.0,single realization,b
offset 5,1992-01,2001-12,120,1,0.5614639871688849,2.2409645810688814,3.7339430960532436,,3.7339430960532436,,1.0,1.0,1.0,single realization,b
offset 5,2002-01,2011-12,120,1,0.19512013417974283,0.44693763099095496,1.4168171564063137,,1.4168171564063137,,1.0,1.0,1.0,single realization,b
offset 5,2012-01,2021-12,120,1,0.05586635719172639,3.6614601658830157,4.905773920626988,,4.905773920626988,,1.0,1.0,1.0,single realization,b
offset 6,1933-01,1942-12,120,1,0.013690316377686695,1.5726957095949374,0.6196406186924754,,0.6196406186924754,,1.0,1.0,0.0,single realization,b
offset 6,1943-01,1952-12,120,1,0.08443800319283712,3.561379629056465,8.419622856694739,,8.419622856694739,,1.0,1.0,1.0,single realization,b
offset 6,1953-01,1962-12,120,1,0.24169167940616743,2.489932835114752,4.723880582148305,,4.723880582148305,,1.0,1.0,1.0,single realization,b
offset 6,1963-01,1972-12,120,1,0.567684532575468,1.6050972330701394,3.88919046458905,,3.88919046458905,,1.0,1.0,1.0,single realization,b
offset 6,1973-01,1982-12,120,1,1.253626433843265,1.0742997571096038,4.542764973801229,,4.542764973801229,,1.0,1.0,1.0,single realization,b
offset 6,1983-01,1992-12,120,1,0.9581020655592984,3.2237109662740906,2.278386213615331,,2.278386213615331,,1.0,1.0,0.0,single realization,b
offset 6,1993-01,2002-12,120,1,0.5332093456091269,1.328186908779935,3.341594718371888,,3.341594718371888,,1.0,1.0,1.0,single realization,b
offset 6,2003-01,2012-12,120,1,0.17663383661877097,1.1347335618782832,1.7930218744904134,,1.7930218744904134,,1.0,1.0,1.0,single realization,b
offset 6,2013-01,2022-12,120,1,0.07009264679093197,2.2085295467500354,4.926338040791134,,4.926338040791134,,1.0,1.0,1.0,single realization,b
offset 7,1934-01,1943-12,120,1,0.01419763787423367,1.105467973414747,1.046085379016323,,1.046085379016323,,1.0,1.0,0.0,single realization,b
offset 7,1944-01,1953-12,120,1,0.10037202613944429,2.580236633261773,4.636127061512767,,4.636127061512767,,1.0,1.0,1.0,single realization,b
offset 7,1954-01,1963-12,120,1,0.25740404100646486,3.191258870141323,5.902599659049339,,5.902599659049339,,1.0,1.0,1.0,single realization,b
offset 7,1964-01,1973-12,120,1,0.6258746935057085,0.7377832646903233,3.0881759510317286,,3.0881759510317286,,1.0,1.0,1.0,single realization,b
offset 7,1974-01,1983-12,120,1,1.2927129773071204,2.150494549792229,4.815505685023076,,4.815505685023076,,1.0,1.0,1.0,single realization,b
offset 7,1984-01,1993-12,120,1,0.8519508794873571,2.8311343944891174,2.468046925223296,,2.468046925223296,,1.0,1.0,0.0,single realization,b
offset 7,1994-01,2003-12,120,1,0.5053009696562023,1.7582333470429803,4.90604797542054,,4.90604797542054,,1.0,1.0,1.0,single realization,b
offset 7,2004-01,2013-12,120,1,0.1646983289532291,1.1908210751647497,1.7243178407387343,,1.7243178407387343,,1.0,1.0,1.0,single realization,b
offset 7,2014-01,2023-12,120,1,0.12293640607357559,2.0076476945153865,3.5981960383282994,,3.5981960383282994,,1.0,1.0,1.0,single realization,b
offset 8,1935-01,1944-12,120,1,0.015719816905111816,1.4741253531978904,1.8965847889993466,,1.8965847889993466,,1.0,1.0,1.0,single realization,b
offset 8,1945-01,1954-12,120,1,0.10621636779604682,3.4347170871171953,6.083642036520398,,6.083642036520398,,1.0,1.0,1.0,single realization,b
offset 8,1955-01,1964-12,120,1,0.29059372104329917,2.2366950783270982,3.799206445416237,,3.799206445416237,,1.0,1.0,1.0,single realization,b
offset 8,1965-01,1974-12,120,1,0.6962896643025855,0.0808625792323383,1.4641786403560588,,1.4641786403560588,,1.0,1.0,1.0,single realization,b
offset 8,1975-01,1984-12,120,1,1.3315106952336175,3.5318967876515996,7.204233909850849,,7.204233909850849,,1.0,1.0,1.0,single realization,b
offset 8,1985-01,1994-12,120,1,0.751982692243446,2.683617707472135,2.473805641844207,,2.473805641844207,,1.0,1.0,0.0,single realization,b
offset 8,1995-01,2004-12,120,1,0.4658719402884084,2.0919133287285447,5.690735212874863,,5.690735212874863,,1.0,1.0,1.0,single realization,b
offset 8,2005-01,2014-12,120,1,0.15104298334225819,1.1871137042027318,1.8312548706371778,,1.8312548706371778,,1.0,1.0,1.0,single realization,b
offset 8,2015-01,2024-12,120,1,0.18191620965482014,2.364972578554709,3.0885570351601084,,3.0885570351601084,,1.0,1.0,1.0,single realization,b
offset 9,1936-01,1945-12,120,1,0.0175494029622969,1.3671619927629148,2.008607887961127,,2.008607887961127,,1.0,1.0,1.0,single realization,b
offset 9,1946-01,1955-12,120,1,0.12000709007167609,3.007019314725678,4.54495531511372,,4.54495531511372,,1.0,1.0,1.0,single realization,b
offset 9,1956-01,1965-12,120,1,0.32042198246107056,1.9547313933791552,4.833120368334825,,4.833120368334825,,1.0,1.0,1.0,single realization,b
offset 9,1966-01,1975-12,120,1,0.726974020797895,0.3065416097384257,1.4951015688656315,,1.4951015688656315,,1.0,1.0,1.0,single realization,b
offset 9,1976-01,1985-12,120,1,1.3738632655784562,3.344991693122453,6.367091112369783,,6.367091112369783,,1.0,1.0,1.0,single realization,b
offset 9,1986-01,1995-12,120,1,0.717475918022662,2.80104765287972,2.667695300043281,,2.667695300043281,,1.0,1.0,0.0,single realization,b
offset 9,1996-01,2005-12,120,1,0.42951792270752476,1.3971514431085166,5.017593607052669,,5.017593607052669,,1.0,1.0,1.0,single realization,b
offset 9,2006-01,2015-12,120,1,0.11784871920338724,1.0657332140128797,1.0863709381549023,,1.0863709381549023,,1.0,1.0,1.0,single realization,b
offset 9,2016-01,2025-12,120,1,0.23203150547671503,2.9468319913325263,4.466446941623682,,4.466446941623682,,1.0,1.0,1.0,single realization,b
